   3464.9000000000001       1.99941528532645413E-004
   3465.8000000000002       2.51538718008020975E-004
   3466.6999999999998       2.67420633956196225E-004
   3467.5999999999999       2.92304932618618521E-004
   3468.5000000000000       3.16007448179029030E-004
   3469.4000000000001       3.31389361320944811E-004
   3470.3000000000002       3.39033927087613470E-004
   3471.1999999999998       3.24360073248918586E-004
   3472.0999999999999       2.92365810722520472E-004
   3473.0000000000000       2.64137150484564326E-004
   3473.9000000000001       2.40537680974685689E-004
   3474.8000000000002       2.15349302224633843E-004
   3475.6999999999998       1.97532631168241091E-004
   3476.5999999999999       2.02439671944451094E-004
   3477.5000000000000       2.32121006452276006E-004
   3478.4000000000001       2.64743795778505926E-004
   3479.3000000000002       2.78674193671315552E-004
   3480.1999999999998       2.78520824774237225E-004
   3481.0999999999999       2.80053624649535056E-004
   3482.0000000000000       2.78514787021971299E-004
   3482.9000000000001       2.64130048671356774E-004
   3483.8000000000002       2.52367625598874169E-004
   3484.6999999999998       2.57101659250647918E-004
   3485.5999999999999       2.80444564940102701E-004
   3486.5000000000000       3.17935326130259989E-004
   3487.4000000000001       3.35474272457693553E-004
   3488.3000000000002       3.09657310141620197E-004
   3489.1999999999998       2.61738023792139503E-004
   3490.0999999999999       2.26220168957057965E-004
   3491.0000000000000       2.21171551493410198E-004
   3491.9000000000001       2.32862472879686791E-004
   3492.8000000000002       2.41539154910217418E-004
   3493.6999999999998       2.58379784260329517E-004
   3494.5999999999999       2.72150866045561086E-004
   3495.5000000000000       2.55524817451722010E-004
   3496.4000000000001       2.28173956367140753E-004
   3497.3000000000002       2.28530783417649447E-004
   3498.1999999999998       2.68962140559363713E-004
   3499.0999999999999       3.24604333359899619E-004
   3500.0000000000000       3.55555150737881344E-004
   3500.9000000000001       3.60560482848201963E-004
   3501.8000000000002       3.64491855381083880E-004
   3502.6999999999998       3.80249577817604999E-004
   3503.5999999999999       3.91090557449552581E-004
   3504.5000000000000       3.67998153129563198E-004
   3505.4000000000001       3.29133615228746482E-004
   3506.3000000000002       3.13221693489951745E-004
   3507.1999999999998       3.28027195938609517E-004
   3508.0999999999999       3.46838583491790179E-004
   3509.0000000000000       3.39923128807862710E-004
   3509.9000000000001       3.12851091212409916E-004
   3510.8000000000002       2.98018488612653422E-004
   3511.6999999999998       2.93377884744628031E-004
   3512.5999999999999       2.73728899578919919E-004
   3513.5000000000000       2.46769461165474279E-004
   3514.4000000000001       2.39525479874343802E-004
   3515.3000000000002       2.66468529126497782E-004
   3516.1999999999998       3.18741317692047572E-004
   3517.0999999999999       3.68199923349334644E-004
   3518.0000000000000       3.92260201558983874E-004
   3518.9000000000001       3.82007754407635229E-004
   3519.8000000000002       3.45280222029227307E-004
   3520.6999999999998       3.02290012701444803E-004
   3521.5999999999999       2.73185955274052631E-004
   3522.5000000000000       2.55811021371827533E-004
   3523.4000000000001       2.28765571982928275E-004
   3524.3000000000002       2.02302952780659831E-004
   3525.1999999999998       1.95216854255913060E-004
   3526.0999999999999       2.06009490596936203E-004
   3527.0000000000000       2.41289194957397231E-004
   3527.9000000000001       2.91952798144451192E-004
   3528.8000000000002       3.27677934999577179E-004
   3529.6999999999998       3.34886134364622027E-004
   3530.5999999999999       3.24153824954741493E-004
   3531.5000000000000       3.04899734244790859E-004
   3532.4000000000001       2.90808107319541639E-004
   3533.3000000000002       3.04740230594685395E-004
   3534.1999999999998       3.37156864117680753E-004
   3535.0999999999999       3.53817144442823402E-004
   3536.0000000000000       3.51135244698550409E-004
   3536.9000000000001       3.41651872065492897E-004
   3537.8000000000002       3.40570948316305908E-004
   3538.6999999999998       3.58582476776962884E-004
   3539.5999999999999       3.73457874461909350E-004
   3540.5000000000000       3.59651093820710372E-004
   3541.4000000000001       3.33452995058982780E-004
   3542.3000000000002       3.21623057968643659E-004
   3543.1999999999998       3.29863636503222697E-004
   3544.0999999999999       3.43702356605367126E-004
   3545.0000000000000       3.45850585163022669E-004
   3545.9000000000001       3.37845793999037825E-004
   3546.8000000000002       3.26140070909185361E-004
   3547.6999999999998       3.15796024990089665E-004
   3548.5999999999999       3.22987564878292419E-004
   3549.5000000000000       3.36106467091900880E-004
   3550.4000000000001       3.29542213643707594E-004
   3551.3000000000002       3.10616998233002113E-004
   3552.1999999999998       2.97214592732757588E-004
   3553.0999999999999       2.85444297582837427E-004
   3554.0000000000000       2.84471607255049096E-004
   3554.9000000000001       2.98917289297649365E-004
   3555.8000000000002       3.15405944529729434E-004
   3556.6999999999998       3.16174849279479383E-004
   3557.5999999999999       3.01070909064394632E-004
   3558.5000000000000       2.82743983885465897E-004
   3559.4000000000001       2.75944152918495818E-004
   3560.3000000000002       2.75814265474203749E-004
   3561.1999999999998       2.83292845838633547E-004
   3562.0999999999999       3.06422578640252400E-004
   3563.0000000000000       3.22756682530947177E-004
   3563.9000000000001       2.94605906831340734E-004
   3564.8000000000002       2.36130138357322456E-004
   3565.6999999999998       2.04450291954171243E-004
   3566.5999999999999       2.19120760302510406E-004
   3567.5000000000000       2.42392647277831343E-004
   3568.4000000000001       2.35246725430911675E-004
   3569.3000000000002       2.07987355793512625E-004
   3570.1999999999998       2.01371282130260635E-004
   3571.0999999999999       2.10960802248073365E-004
   3572.0000000000000       2.46180200051517321E-004
   3572.9000000000001       2.70734078397687227E-004
   3573.8000000000002       2.77682353012941052E-004
   3574.6999999999998       2.73280859325317107E-004
   3575.5999999999999       2.76457625195250468E-004
   3576.5000000000000       2.82744035419624999E-004
   3577.4000000000001       2.72939810493840374E-004
   3578.3000000000002       2.42127377584140842E-004
   3579.1999999999998       2.15646925330163731E-004
   3580.0999999999999       1.88960958816842525E-004
   3581.0000000000000       1.50987504784140807E-004
   3581.9000000000001       1.40915535888562233E-004
   3582.8000000000002       1.66693057245662134E-004
   3583.6999999999998       1.78511689501745208E-004
   3584.5999999999999       1.58797813242273508E-004
   3585.5000000000000       1.40468547187819806E-004
   3586.4000000000001       1.44981944934111101E-004
   3587.3000000000002       1.60751569073460656E-004
   3588.1999999999998       1.75406736576004746E-004
   3589.0999999999999       1.87469501615478433E-004
   3590.0000000000000       2.21676665888625052E-004
   3590.9000000000001       2.87309366700595856E-004
   3591.8000000000002       3.31927961321740184E-004
   3592.6999999999998       3.24449909985141151E-004
   3593.5999999999999       3.12587481426392154E-004
   3594.5000000000000       3.30193193477159479E-004
   3595.4000000000001       3.59890111316045328E-004
   3596.3000000000002       3.89535102378545193E-004
   3597.1999999999998       4.07986292406974061E-004
   3598.0999999999999       4.12868077213097995E-004
   3599.0000000000000       4.18585446014211205E-004
   3599.9000000000001       4.32588179487133678E-004
   3600.8000000000002       4.25261037054958894E-004
   3601.6999999999998       3.74284693177244292E-004
   3602.5999999999999       3.23136312513511615E-004
   3603.5000000000000       3.03353471074344538E-004
   3604.4000000000001       2.93336049527943865E-004
   3605.3000000000002       2.93086005359154546E-004
   3606.1999999999998       3.13730022130063861E-004
   3607.0999999999999       3.23536259071123631E-004
   3608.0000000000000       2.81095696087950442E-004
   3608.9000000000001       2.24010178484463176E-004
   3609.8000000000002       2.17134154275807581E-004
   3610.6999999999998       2.59404664191518163E-004
   3611.5999999999999       3.05044345621404518E-004
   3612.5000000000000       3.10421173328325123E-004
   3613.4000000000001       2.93517251165459174E-004
   3614.3000000000002       3.18135561225911490E-004
   3615.1999999999998       3.65723511140721039E-004
   3616.0999999999999       3.78333508094478937E-004
   3617.0000000000000       3.34331398858101435E-004
   3617.9000000000001       2.50405594857769690E-004
   3618.8000000000002       1.89820869987509735E-004
   3619.6999999999998       2.05596461721513238E-004
   3620.5999999999999       2.69871182404877584E-004
   3621.5000000000000       3.30676264206016186E-004
   3622.4000000000001       3.69565207510618148E-004
   3623.3000000000002       3.69652217186857790E-004
   3624.1999999999998       3.53298090926298654E-004
   3625.0999999999999       3.86667678375339778E-004
   3626.0000000000000       4.50198140397115444E-004
   3626.9000000000001       4.73699475580207437E-004
   3627.8000000000002       4.53983153391231662E-004
   3628.6999999999998       4.33580709408240463E-004
   3629.5999999999999       3.88614894060085206E-004
   3630.5000000000000       2.92818348582202085E-004
   3631.4000000000001       2.21271357914692909E-004
   3632.3000000000002       2.36312954232233212E-004
   3633.1999999999998       2.82035746574194589E-004
   3634.0999999999999       3.00017982841025658E-004
   3635.0000000000000       3.07749402690639308E-004
   3635.9000000000001       3.30665396455934223E-004
   3636.8000000000002       3.46887964216832992E-004
   3637.6999999999998       3.61758128824906527E-004
   3638.5999999999999       3.99111115240585691E-004
   3639.5000000000000       4.32129925769709491E-004
   3640.4000000000001       4.34554176094361342E-004
   3641.3000000000002       4.13048042664897609E-004
   3642.1999999999998       3.88953924964753649E-004
   3643.0999999999999       3.70011915839892590E-004
   3644.0000000000000       3.46285116781168986E-004
   3644.9000000000001       3.17311586734499173E-004
   3645.8000000000002       3.07290588629645996E-004
   3646.6999999999998       3.02794491670279090E-004
   3647.5999999999999       2.78987510825505936E-004
   3648.5000000000000       2.72676725476511293E-004
   3649.4000000000001       2.95182785640741598E-004
   3650.3000000000002       3.21354137957726501E-004
   3651.1999999999998       3.47089463399147854E-004
   3652.0999999999999       3.86654799514844576E-004
   3653.0000000000000       4.21192062007186307E-004
   3653.9000000000001       4.22595546132460600E-004
   3654.8000000000002       4.16109248483471873E-004
   3655.6999999999998       4.25439980819073099E-004
   3656.5999999999999       4.42518427585850821E-004
   3657.5000000000000       4.60872983616992789E-004
   3658.4000000000001       4.78647861086755190E-004
   3659.3000000000002       4.77962406471383477E-004
   3660.1999999999998       4.62666598853904703E-004
   3661.0999999999999       4.56159802088714817E-004
   3662.0000000000000       4.42776999333239401E-004
   3662.9000000000001       4.17711248654664702E-004
   3663.8000000000002       4.00625906088001335E-004
   3664.6999999999998       4.14304933026025035E-004
   3665.5999999999999       4.33538720259940308E-004
   3666.5000000000000       4.34753728342225144E-004
   3667.4000000000001       4.26075514045492576E-004
   3668.3000000000002       3.96224070849678859E-004
   3669.1999999999998       3.54202861117067810E-004
   3670.0999999999999       3.53564584925743263E-004
   3671.0000000000000       3.99591274389084347E-004
   3671.9000000000001       4.46929924888754060E-004
   3672.8000000000002       4.55990403669466699E-004
   3673.6999999999998       4.46748912257443210E-004
   3674.5999999999999       4.55590548701317909E-004
   3675.5000000000000       4.62839087903545653E-004
   3676.4000000000001       4.30369438459586942E-004
   3677.3000000000002       3.83811821231736709E-004
   3678.1999999999998       3.67283143077108578E-004
   3679.0999999999999       3.53968186100369784E-004
   3680.0000000000000       3.40710230379703523E-004
   3680.9000000000001       3.68096973345639650E-004
   3681.8000000000002       4.03028775706393641E-004
   3682.6999999999998       4.19774824825950850E-004
   3683.5999999999999       4.29400150738950864E-004
   3684.5000000000000       4.14620762965453658E-004
   3685.4000000000001       3.71143895723904601E-004
   3686.3000000000002       3.26614555803239127E-004
   3687.1999999999998       2.98192613397760828E-004
   3688.0999999999999       3.10899953024125931E-004
   3689.0000000000000       3.64487081990948192E-004
   3689.9000000000001       4.26827481970598100E-004
   3690.8000000000002       4.77989150554948452E-004
   3691.6999999999998       4.93591086220039718E-004
   3692.5999999999999       4.67428448188401578E-004
   3693.5000000000000       4.21493094582777155E-004
   3694.4000000000001       4.06819779806059944E-004
   3695.3000000000002       4.17873437467541713E-004
   3696.1999999999998       4.17440002926377119E-004
   3697.0999999999999       4.17533322169705778E-004
   3698.0000000000000       4.52308082406136500E-004
   3698.9000000000001       5.07832090935135235E-004
   3699.8000000000002       5.39186365342970053E-004
   3700.6999999999998       5.32244530959449986E-004
   3701.5999999999999       5.12979212001657219E-004
   3702.5000000000000       4.80131312682810594E-004
   3703.4000000000001       4.18908860495619212E-004
   3704.3000000000002       3.47655213485414559E-004
   3705.1999999999998       3.10825915539931607E-004
   3706.0999999999999       3.17398548520724758E-004
   3707.0000000000000       3.35935916885190156E-004
   3707.9000000000001       3.32155688436018364E-004
   3708.8000000000002       3.22689341368787269E-004
   3709.6999999999998       3.43837229032326898E-004
   3710.5999999999999       3.96122366346796160E-004
   3711.5000000000000       4.44622526506569936E-004
   3712.4000000000001       4.85461045018573904E-004
   3713.3000000000002       5.41136452450097899E-004
   3714.1999999999998       5.73886814198410421E-004
   3715.0999999999999       5.50811114124105466E-004
   3716.0000000000000       5.17204756272383751E-004
   3716.9000000000001       5.05978766758401264E-004
   3717.8000000000002       4.73239034825599409E-004
   3718.6999999999998       3.84766212313093737E-004
   3719.5999999999999       2.84560043514341273E-004
   3720.5000000000000       2.32768678557846283E-004
   3721.4000000000001       2.31834984412244391E-004
   3722.3000000000002       2.67975805507409792E-004
   3723.1999999999998       3.32547773689805405E-004
   3724.0999999999999       3.95717968571282280E-004
   3725.0000000000000       4.49765781678056729E-004
   3725.9000000000001       4.73421639441719592E-004
   3726.8000000000002       4.20740627727754556E-004
   3727.6999999999998       3.61218873461655661E-004
   3728.5999999999999       3.85828890353348238E-004
   3729.5000000000000       4.31302712768019247E-004
   3730.4000000000001       4.19149922187846873E-004
   3731.3000000000002       3.83591295088986470E-004
   3732.1999999999998       3.43222478974633245E-004
   3733.0999999999999       2.81547431869727093E-004
   3734.0000000000000       2.14216874900418426E-004
   3734.9000000000001       1.78597011158575377E-004
   3735.8000000000002       1.86117917785917625E-004
   3736.6999999999998       2.12440521797801845E-004
   3737.5999999999999       2.61248651139683896E-004
   3738.5000000000000       3.34732924618183633E-004
   3739.4000000000001       3.99350335327040091E-004
   3740.3000000000002       4.46611106496542078E-004
   3741.1999999999998       4.58347733228231123E-004
   3742.0999999999999       4.19764875337748779E-004
   3743.0000000000000       3.59066567161934721E-004
   3743.9000000000001       3.23000172013989957E-004
   3744.8000000000002       3.05329048473349538E-004
   3745.6999999999998       2.78666518616015318E-004
   3746.5999999999999       2.72888885329573860E-004
   3747.5000000000000       2.66422669943783491E-004
   3748.4000000000001       2.16477776802651521E-004
   3749.3000000000002       1.85140045326755430E-004
   3750.1999999999998       2.31743569763905429E-004
   3751.0999999999999       3.26302478261482820E-004
   3752.0000000000000       3.99211238115030579E-004
   3752.9000000000001       4.32156124876457862E-004
   3753.8000000000002       4.70866738079996495E-004
   3754.6999999999998       5.22469516864322516E-004
   3755.5999999999999       5.35336475882801886E-004
   3756.5000000000000       4.75939725125539730E-004
   3757.4000000000001       3.56631569113139910E-004
   3758.3000000000002       2.61009363928643658E-004
   3759.1999999999998       2.57132998926655346E-004
   3760.0999999999999       3.08667671783843713E-004
   3761.0000000000000       3.48197508936469696E-004
   3761.9000000000001       3.63066980935076815E-004
   3762.8000000000002       3.58139346424306661E-004
   3763.6999999999998       3.47906137523883434E-004
   3764.5999999999999       3.69433943952351084E-004
   3765.5000000000000       3.92052542337251978E-004
   3766.4000000000001       3.60302742737829418E-004
   3767.3000000000002       3.31669693029223837E-004
   3768.1999999999998       3.69433134754911289E-004
   3769.0999999999999       4.24943762097583445E-004
   3770.0000000000000       4.29366643587811444E-004
   3770.9000000000001       4.19766145165099633E-004
   3771.8000000000002       4.49355206088644763E-004
   3772.6999999999998       4.86486086157039135E-004
   3773.5999999999999       4.89703885913787287E-004
   3774.5000000000000       4.68097729692082474E-004
   3775.4000000000001       4.55451192453106132E-004
   3776.3000000000002       4.54929313202582489E-004
   3777.1999999999998       4.50919337472642425E-004
   3778.0999999999999       4.44434903098271683E-004
   3779.0000000000000       4.60804546307040284E-004
   3779.9000000000001       4.98904622702443204E-004
   3780.8000000000002       5.15151106525740744E-004
   3781.6999999999998       5.02490567051524953E-004
   3782.5999999999999       4.95437857501859280E-004
   3783.5000000000000       5.12405955752220704E-004
   3784.4000000000001       5.21699170511854778E-004
   3785.3000000000002       4.71970843737582889E-004
   3786.1999999999998       3.94266307002198941E-004
   3787.0999999999999       3.55993601659533913E-004
   3788.0000000000000       3.40790229179618474E-004
   3788.9000000000001       3.16977074622003371E-004
   3789.8000000000002       3.10953405426727932E-004
   3790.6999999999998       3.45746869101557885E-004
   3791.5999999999999       3.83785650706465313E-004
   3792.5000000000000       3.80043299326428816E-004
   3793.4000000000001       3.47165387263488503E-004
   3794.3000000000002       3.20048684935825094E-004
   3795.1999999999998       3.14091806150110003E-004
   3796.0999999999999       3.23617624387446696E-004
   3797.0000000000000       3.15778975302751603E-004
   3797.9000000000001       2.87338865732720910E-004
   3798.8000000000002       2.80712067847395798E-004
   3799.6999999999998       3.19485976723340710E-004
   3800.5999999999999       3.73446192371397392E-004
   3801.5000000000000       4.03984769517772501E-004
   3802.4000000000001       4.30332941420402367E-004
   3803.3000000000002       4.64957293050253552E-004
   3804.1999999999998       4.85097359322125040E-004
   3805.0999999999999       4.72429984603915990E-004
   3806.0000000000000       4.23399393660982314E-004
   3806.9000000000001       3.70096410686503456E-004
   3807.8000000000002       3.59019640949919630E-004
   3808.6999999999998       3.89586333170486893E-004
   3809.5999999999999       4.24816829023382555E-004
   3810.5000000000000       4.42885954504582699E-004
   3811.4000000000001       4.45874749727913073E-004
   3812.3000000000002       4.26128383474243038E-004
   3813.1999999999998       3.80607962148063299E-004
   3814.0999999999999       3.31808914261097715E-004
   3815.0000000000000       2.91936139608104609E-004
   3815.9000000000001       2.69829871720123787E-004
   3816.8000000000002       2.88401244862413473E-004
   3817.6999999999998       3.22554689238498376E-004
   3818.5999999999999       3.11529880016538866E-004
   3819.5000000000000       2.51291032053933675E-004
   3820.4000000000001       2.06523844406493988E-004
   3821.3000000000002       2.28577350719982885E-004
   3822.1999999999998       2.84920571897790331E-004
   3823.0999999999999       3.03898152353912184E-004
   3824.0000000000000       2.63806196510176730E-004
   3824.9000000000001       2.12340467271364874E-004
   3825.8000000000002       1.89646985503108773E-004
   3826.6999999999998       1.98939962039269754E-004
   3827.5999999999999       2.20061388024125085E-004
   3828.5000000000000       2.41548948122922687E-004
   3829.4000000000001       2.59037516548789846E-004
   3830.3000000000002       2.68782465198760985E-004
   3831.1999999999998       2.60422831333849479E-004
   3832.0999999999999       2.31466768193309822E-004
   3833.0000000000000       2.02362760652674702E-004
   3833.9000000000001       1.99830327464528654E-004
   3834.8000000000002       2.26193646835815102E-004
   3835.6999999999998       2.61058812590407824E-004
   3836.5999999999999       2.73924417429392256E-004
   3837.5000000000000       2.54118957148858390E-004
   3838.4000000000001       2.23096463989583429E-004
   3839.3000000000002       2.07074106888925245E-004
   3840.1999999999998       2.06378360851662497E-004
   3841.0999999999999       2.29428584137980743E-004
   3842.0000000000000       2.85845707618792349E-004
   3842.9000000000001       3.37115691278441201E-004
   3843.8000000000002       3.52679336356024687E-004
   3844.6999999999998       3.44427869345737773E-004
   3845.5999999999999       3.28783935964285649E-004
   3846.5000000000000       3.22170176539806090E-004
   3847.4000000000001       3.25201144306336255E-004
   3848.3000000000002       3.14027377790867363E-004
   3849.1999999999998       2.78738134316000162E-004
   3850.0999999999999       2.52526030456247863E-004
   3851.0000000000000       2.70417051575494482E-004
   3851.9000000000001       3.05488471284753817E-004
   3852.8000000000002       3.09204601811629654E-004
   3853.6999999999998       2.88941817717355820E-004
   3854.5999999999999       2.78548972597512446E-004
   3855.5000000000000       2.76996174942733208E-004
   3856.4000000000001       2.74076454495708968E-004
   3857.3000000000002       2.67403101002598037E-004
   3858.1999999999998       2.42901959522013829E-004
   3859.0999999999999       2.06941356931462125E-004
   3860.0000000000000       1.89451360140032907E-004
   3860.9000000000001       2.12197739852117601E-004
   3861.8000000000002       2.69504919202346075E-004
   3862.6999999999998       3.22076425283144879E-004
   3863.5999999999999       3.38391322745041257E-004
   3864.5000000000000       3.25076027940142756E-004
   3865.4000000000001       3.03876331467040680E-004
   3866.3000000000002       2.91953004570479318E-004
   3867.1999999999998       2.82496477152186442E-004
   3868.0999999999999       2.67202888602077575E-004
   3869.0000000000000       2.49331146098387066E-004
   3869.9000000000001       2.25518193497467552E-004
   3870.8000000000002       2.02695328611020661E-004
   3871.6999999999998       1.97756546849607367E-004
   3872.5999999999999       2.20658001964289693E-004
   3873.5000000000000       2.74269267652787736E-004
   3874.4000000000001       3.37701546575435341E-004
   3875.3000000000002       3.74552882974546562E-004
   3876.1999999999998       3.65022480939125279E-004
   3877.0999999999999       3.20735203304524635E-004
   3878.0000000000000       2.74321859181992430E-004
   3878.9000000000001       2.66472126708966472E-004
   3879.8000000000002       2.84164211540012827E-004
   3880.6999999999998       2.70110833954981136E-004
   3881.5999999999999       2.35020375554946011E-004
   3882.5000000000000       2.45896640221875194E-004
   3883.4000000000001       3.34596795522885731E-004
   3884.3000000000002       4.14557060703615334E-004
   3885.1999999999998       3.94737230341352747E-004
   3886.0999999999999       3.34631267824910743E-004
   3887.0000000000000       3.29771014975048732E-004
   3887.9000000000001       3.64022958483761142E-004
   3888.8000000000002       3.71016460981539941E-004
   3889.6999999999998       3.81232771852313250E-004
   3890.5999999999999       4.26706201800857495E-004
   3891.5000000000000       4.81294864701767170E-004
   3892.4000000000001       5.20861012628341582E-004
   3893.3000000000002       5.28621223434162508E-004
   3894.1999999999998       5.01541478823321367E-004
   3895.0999999999999       4.60910068339237945E-004
   3896.0000000000000       4.56901611704097594E-004
   3896.9000000000001       4.93471261949754414E-004
   3897.8000000000002       5.03331765791036252E-004
   3898.6999999999998       4.78014014042794076E-004
   3899.5999999999999       4.63143292949358735E-004
   3900.5000000000000       4.79925541008179414E-004
   3901.4000000000001       5.09025668253842859E-004
   3902.3000000000002       5.00821232672264628E-004
   3903.1999999999998       4.72320028045118342E-004
   3904.0999999999999       4.63842249439680887E-004
   3905.0000000000000       4.35848032547590076E-004
   3905.9000000000001       3.90627999134210641E-004
   3906.8000000000002       3.94163390284327643E-004
   3907.6999999999998       4.43615641639579644E-004
   3908.5999999999999       4.90346111814074287E-004
   3909.5000000000000       5.10780296028313257E-004
   3910.4000000000001       5.18789656365629135E-004
   3911.3000000000002       5.35134705727533856E-004
   3912.1999999999998       5.48835841981949236E-004
   3913.0999999999999       5.39091420383974599E-004
   3914.0000000000000       5.19941638836571535E-004
   3914.9000000000001       5.10056473680200149E-004
   3915.8000000000002       4.94399084831167882E-004
   3916.6999999999998       4.79880160302662982E-004
   3917.5999999999999       4.79985260354007714E-004
   3918.5000000000000       4.68590805376686360E-004
   3919.4000000000001       4.30753232319537984E-004
   3920.3000000000002       3.82231120185149180E-004
   3921.1999999999998       3.53214393593329285E-004
   3922.0999999999999       3.61842837324508201E-004
   3923.0000000000000       3.88339475990365473E-004
   3923.9000000000001       4.08908671342267187E-004
   3924.8000000000002       4.03063323528543690E-004
   3925.6999999999998       3.69990483922146441E-004
   3926.5999999999999       3.27645358262811342E-004
   3927.5000000000000       2.78274078575685359E-004
   3928.4000000000001       2.26847796472905117E-004
   3929.3000000000002       1.87335765840390082E-004
   3930.1999999999998       1.58201278919767503E-004
   3931.0999999999999       1.30239376912176015E-004
   3932.0000000000000       1.04770387717388808E-004
   3932.9000000000001       8.46118333973438862E-005
   3933.8000000000002       7.46562100193763726E-005
   3934.6999999999998       8.11565670748779205E-005
   3935.5999999999999       1.02171368633749416E-004
   3936.5000000000000       1.33382774089970026E-004
   3937.4000000000001       1.72791683424848336E-004
   3938.3000000000002       2.19310236892997934E-004
   3939.1999999999998       2.64791631562168671E-004
   3940.0999999999999       2.95779342886848013E-004
   3941.0000000000000       3.09624150928714936E-004
   3941.9000000000001       3.19160724366043846E-004
   3942.8000000000002       3.22029052457007098E-004
   3943.6999999999998       3.18350411623138420E-004
   3944.5999999999999       3.40422564318928447E-004
   3945.5000000000000       4.07897255549645519E-004
   3946.4000000000001       4.67691791519009520E-004
   3947.3000000000002       4.70035155510832884E-004
   3948.1999999999998       4.46466525329995505E-004
   3949.0999999999999       4.58604935235219064E-004
   3950.0000000000000       5.08958908848277671E-004
   3950.9000000000001       5.39481606779150112E-004
   3951.8000000000002       5.08246783849180617E-004
   3952.6999999999998       4.67875589126367673E-004
   3953.5999999999999       5.01515522115815546E-004
   3954.5000000000000       5.62112447473612446E-004
   3955.4000000000001       5.55323574310761419E-004
   3956.3000000000002       5.02343112638581877E-004
   3957.1999999999998       4.80383417077980088E-004
   3958.0999999999999       5.03092599694669913E-004
   3959.0000000000000       5.30631914180141467E-004
   3959.9000000000001       5.17183620592699678E-004
   3960.8000000000002       4.34997243586567864E-004
   3961.6999999999998       3.38605305891460343E-004
   3962.5999999999999       2.91909890206549236E-004
   3963.5000000000000       2.81436496044953249E-004
   3964.4000000000001       2.63910783752485613E-004
   3965.3000000000002       2.22390464181805749E-004
   3966.1999999999998       1.69133400517678886E-004
   3967.0999999999999       1.23694734836922904E-004
   3968.0000000000000       9.40738254481277432E-005
   3968.9000000000001       8.71220881485793074E-005
   3969.8000000000002       1.07844360583990041E-004
   3970.6999999999998       1.47289385354284227E-004
   3971.5999999999999       1.92070432001446628E-004
   3972.5000000000000       2.34774929232480878E-004
   3973.4000000000001       2.76807311638579533E-004
   3974.3000000000002       3.27457053574957857E-004
   3975.1999999999998       3.85327986519644382E-004
   3976.0999999999999       4.29958763652898003E-004
   3977.0000000000000       4.64287217080143922E-004
   3977.9000000000001       5.06889737628918942E-004
   3978.8000000000002       5.56019482625805576E-004
   3979.6999999999998       6.00078202118960223E-004
   3980.5999999999999       6.14959076106941596E-004
   3981.5000000000000       5.87963616940320602E-004
   3982.4000000000001       5.53768819861984456E-004
   3983.3000000000002       5.49359903430231798E-004
   3984.1999999999998       5.72731141458223867E-004
   3985.0999999999999       6.08126565653466190E-004
   3986.0000000000000       6.32165150457044247E-004
   3986.9000000000001       6.41949055402562477E-004
   3987.8000000000002       6.64552854013375645E-004
   3988.6999999999998       6.79362432680820729E-004
   3989.5999999999999       6.58002580345692705E-004
   3990.5000000000000       6.41155418963899838E-004
   3991.4000000000001       6.57284599188615883E-004
   3992.3000000000002       6.80489865989059809E-004
   3993.1999999999998       6.83226708628155823E-004
   3994.0999999999999       6.67491511907161174E-004
   3995.0000000000000       6.48233406222023805E-004
   3995.9000000000001       6.25723755401949772E-004
   3996.8000000000002       5.96918521287807509E-004
   3997.6999999999998       5.87787683659316321E-004
   3998.5999999999999       6.31648795973846250E-004
   3999.5000000000000       7.00904426347140341E-004
   4000.4000000000001       7.35152648780975542E-004
   4001.3000000000002       7.33920028787547751E-004
   4002.1999999999998       7.45753445547589749E-004
   4003.0999999999999       7.66483109727555045E-004
   4004.0000000000000       7.28567890794733827E-004
   4004.9000000000001       6.23658293606214453E-004
   4005.8000000000002       5.56668877467483511E-004
   4006.6999999999998       5.90456738282709760E-004
   4007.5999999999999       6.64270430110615318E-004
   4008.5000000000000       7.13168133644769974E-004
   4009.4000000000001       7.30090906044270397E-004
   4010.3000000000002       7.33761877734571424E-004
   4011.1999999999998       7.32701977798041527E-004
   4012.0999999999999       7.28720639161992080E-004
   4013.0000000000000       7.29130856370707996E-004
   4013.9000000000001       7.37311309457538088E-004
   4014.8000000000002       7.58377348007669414E-004
   4015.6999999999998       7.78781056092892033E-004
   4016.5999999999999       7.57454471605433378E-004
   4017.5000000000000       7.17490315419889958E-004
   4018.4000000000001       7.21368704232005077E-004
   4019.3000000000002       7.55191465173440674E-004
   4020.1999999999998       7.58306872405757810E-004
   4021.0999999999999       7.35366182972343107E-004
   4022.0000000000000       7.25617921618290488E-004
   4022.9000000000001       7.27680998796917866E-004
   4023.8000000000002       7.13852428522523952E-004
   4024.6999999999998       6.97049293478216813E-004
   4025.5999999999999       7.21536561114895052E-004
   4026.5000000000000       7.75133924129691614E-004
   4027.4000000000001       8.16972295905938868E-004
   4028.3000000000002       8.41871684263290022E-004
   4029.1999999999998       8.17495562076236905E-004
   4030.0999999999999       7.25406500366759257E-004
   4031.0000000000000       6.34967473071826783E-004
   4031.9000000000001       6.07268640155795344E-004
   4032.8000000000002       6.10471912724700632E-004
   4033.6999999999998       6.20948885580743359E-004
   4034.5999999999999       6.49599282743438524E-004
   4035.5000000000000       6.96520031584519782E-004
   4036.4000000000001       7.60513387590565208E-004
   4037.3000000000002       8.21651683622516408E-004
   4038.1999999999998       8.46046906780292384E-004
   4039.0999999999999       8.21947705234575554E-004
   4040.0000000000000       7.74970399163768271E-004
   4040.9000000000001       7.49048701812054423E-004
   4041.8000000000002       7.74111417774089915E-004
   4042.6999999999998       7.94547984233860151E-004
   4043.5999999999999       7.38149527225048351E-004
   4044.5000000000000       6.10601319126324003E-004
   4045.4000000000001       5.01745984511970593E-004
   4046.3000000000002       5.14775580258102394E-004
   4047.1999999999998       6.47042603901451106E-004
   4048.0999999999999       7.61572486553339684E-004
   4049.0000000000000       7.88739371434498500E-004
   4049.9000000000001       7.84622271461092981E-004
   4050.8000000000002       7.90939402993678302E-004
   4051.6999999999998       7.81590372815463481E-004
   4052.5999999999999       7.47358078445505892E-004
   4053.5000000000000       7.14052504938621040E-004
   4054.4000000000001       6.84603649638820919E-004
   4055.3000000000002       6.72389007464507652E-004
   4056.1999999999998       6.78476976154732689E-004
   4057.0999999999999       6.65907724109075739E-004
   4058.0000000000000       6.43224988936471091E-004
   4058.9000000000001       6.65071957136786646E-004
   4059.8000000000002       7.31788267975397983E-004
   4060.6999999999998       7.85402111503538647E-004
   4061.5999999999999       7.65018292320467433E-004
   4062.5000000000000       6.60399391060075914E-004
   4063.4000000000001       5.57420254707224915E-004
   4064.3000000000002       5.62988877785335789E-004
   4065.1999999999998       6.50711959238927436E-004
   4066.0999999999999       6.93773324478972079E-004
   4067.0000000000000       6.79525398042493982E-004
   4067.9000000000001       7.02216295806595229E-004
   4068.8000000000002       7.76868378448741315E-004
   4069.6999999999998       8.16499447425299003E-004
   4070.5999999999999       7.60667547126899911E-004
   4071.5000000000000       6.75959329220060892E-004
   4072.4000000000001       6.80959352430021551E-004
   4073.3000000000002       7.54981115429162811E-004
   4074.1999999999998       7.85217037960389661E-004
   4075.0999999999999       7.34389553764581613E-004
   4076.0000000000000       6.37151211441289796E-004
   4076.9000000000001       5.50648609093054900E-004
   4077.8000000000002       5.34315127947518407E-004
   4078.6999999999998       5.99604319567404115E-004
   4079.5999999999999       6.96708271983693039E-004
   4080.5000000000000       7.80060763127940135E-004
   4081.4000000000001       8.22027615182612556E-004
   4082.3000000000002       8.01292980759581077E-004
   4083.1999999999998       7.49280646892297605E-004
   4084.0999999999999       7.21763099855653200E-004
   4085.0000000000000       7.22823108455967881E-004
   4085.9000000000001       7.43536926432276533E-004
   4086.8000000000002       7.95522837727086706E-004
   4087.6999999999998       8.62625706070895004E-004
   4088.5999999999999       9.00926950153366603E-004
   4089.5000000000000       8.90146386723736772E-004
   4090.4000000000001       8.63051514652214821E-004
   4091.3000000000002       8.39409831349416879E-004
   4092.1999999999998       8.22211368558578072E-004
   4093.0999999999999       8.37478431631511681E-004
   4094.0000000000000       8.55312957703572262E-004
   4094.9000000000001       8.14157762009099298E-004
   4095.8000000000002       7.45226802739671701E-004
   4096.6999999999998       7.18734209894625288E-004
   4097.6000000000004       7.37553624463488139E-004
   4098.5000000000000       7.59226914403917492E-004
   4099.3999999999996       7.46265773648011402E-004
   4100.3000000000002       6.75694366770782052E-004
   4101.1999999999998       5.92271194608154578E-004
   4102.1000000000004       5.86585254479436908E-004
   4103.0000000000000       6.53684584820754728E-004
   4103.8999999999996       7.13802613410497453E-004
   4104.8000000000002       7.55325673869061296E-004
   4105.6999999999998       7.99035655075539409E-004
   4106.6000000000004       8.25917895730617188E-004
   4107.5000000000000       8.23923009908058591E-004
   4108.3999999999996       7.99118200008161104E-004
   4109.3000000000002       7.59801252085055790E-004
   4110.1999999999998       7.26098146582926244E-004
   4111.1000000000004       7.21145579255318700E-004
   4112.0000000000000       7.40956814321282577E-004
   4112.8999999999996       7.78882497293134027E-004
   4113.8000000000002       8.16321000156650469E-004
   4114.6999999999998       8.33551450129420366E-004
   4115.6000000000004       8.42299269355907391E-004
   4116.5000000000000       8.40715602026969201E-004
   4117.3999999999996       8.08005416100204300E-004
   4118.3000000000002       7.42333881023830898E-004
   4119.1999999999998       7.02771642085930686E-004
   4120.1000000000004       7.29919768002522569E-004
   4121.0000000000000       7.66840377715938032E-004
   4121.8999999999996       7.57387919268911092E-004
   4122.8000000000002       7.30713881821616726E-004
   4123.6999999999998       7.36193525074503954E-004
   4124.6000000000004       7.72065189306057323E-004
   4125.5000000000000       7.92455595746536156E-004
   4126.3999999999996       7.72173526964884619E-004
   4127.3000000000002       7.36262438962477159E-004
   4128.1999999999998       7.11009411412950876E-004
   4129.1000000000004       7.04885892778540153E-004
   4130.0000000000000       7.06470516667631046E-004
   4130.8999999999996       7.01828931885242627E-004
   4131.8000000000002       6.68103506946332647E-004
   4132.6999999999998       6.32235398663943092E-004
   4133.6000000000004       6.30239685477252971E-004
   4134.5000000000000       6.58392575701189893E-004
   4135.3999999999996       7.25251981752594583E-004
   4136.3000000000002       7.82537543406934609E-004
   4137.1999999999998       7.87541190993670424E-004
   4138.1000000000004       7.88214546993100743E-004
   4139.0000000000000       8.14310215249987161E-004
   4139.8999999999996       8.29692823733227283E-004
   4140.8000000000002       8.08150529433955761E-004
   4141.6999999999998       7.31905766077544642E-004
   4142.6000000000004       6.19046029869952264E-004
   4143.5000000000000       5.51472917123966189E-004
   4144.3999999999996       5.89239379690909763E-004
   4145.3000000000002       6.83347163101682498E-004
   4146.1999999999998       7.45864454036882364E-004
   4147.1000000000004       7.64858868992089429E-004
   4148.0000000000000       7.59652168331395464E-004
   4148.8999999999996       7.24581760439899384E-004
   4149.8000000000002       6.81136580619334559E-004
   4150.6999999999998       6.73015020081360734E-004
   4151.6000000000004       6.90235676960251725E-004
   4152.5000000000000       7.02387542338240678E-004
   4153.3999999999996       7.01110935405354534E-004
   4154.3000000000002       6.88650659121537150E-004
   4155.1999999999998       6.77695796936408218E-004
   4156.1000000000004       6.65173206795299115E-004
   4157.0000000000000       6.69175539695100068E-004
   4157.8999999999996       7.12333581901946657E-004
   4158.8000000000002       7.61453431634643218E-004
   4159.6999999999998       7.77772252131687849E-004
   4160.6000000000004       7.62223436175479114E-004
   4161.5000000000000       7.64590880085026119E-004
   4162.3999999999996       8.01265960221758883E-004
   4163.3000000000002       8.10900277920899434E-004
   4164.1999999999998       7.81308110084805076E-004
   4165.1000000000004       7.63748380236915379E-004
   4166.0000000000000       7.52902667928423679E-004
   4166.8999999999996       7.18829559836916014E-004
   4167.8000000000002       7.03711904024761719E-004
   4168.6999999999998       7.39449627593474572E-004
   4169.6000000000004       7.77514898026860865E-004
   4170.5000000000000       7.71083704836855754E-004
   4171.3999999999996       7.06283286926958471E-004
   4172.3000000000002       6.16390486330466105E-004
   4173.1999999999998       5.77664129772939767E-004
   4174.1000000000004       6.11681848588023405E-004
   4175.0000000000000       6.66800062907583709E-004
   4175.8999999999996       6.92932016511229828E-004
   4176.8000000000002       6.73154035328361248E-004
   4177.6999999999998       6.38855018848445504E-004
   4178.6000000000004       6.41100011488500497E-004
   4179.5000000000000       6.77008950415075518E-004
   4180.3999999999996       6.99368678158243662E-004
   4181.3000000000002       6.89983537626856036E-004
   4182.1999999999998       6.82343250368244660E-004
   4183.1000000000004       7.02585829871356024E-004
   4184.0000000000000       7.48105752574700143E-004
   4184.8999999999996       7.97919225311745405E-004
   4185.8000000000002       7.96195109265051626E-004
   4186.6999999999998       7.29030564091843851E-004
   4187.6000000000004       6.84900673364414471E-004
   4188.5000000000000       7.15488977447621341E-004
   4189.3999999999996       7.55923595890025616E-004
   4190.3000000000002       7.51965066017737664E-004
   4191.1999999999998       7.31073790473646661E-004
   4192.1000000000004       7.47580300381540789E-004
   4193.0000000000000       7.96215576565493122E-004
   4193.8999999999996       8.04654858069800676E-004
   4194.8000000000002       7.44095639618762316E-004
   4195.6999999999998       6.66175737597494012E-004
   4196.6000000000004       6.28292055217121912E-004
   4197.5000000000000       6.28417222025376312E-004
   4198.3999999999996       6.37834064947298291E-004
   4199.3000000000002       6.68586294776638847E-004
   4200.1999999999998       7.00370486467856088E-004
   4201.1000000000004       6.85117929048504313E-004
   4202.0000000000000       6.52617423945197933E-004
   4202.8999999999996       6.62500052608581665E-004
   4203.8000000000002       6.95504981750943020E-004
   4204.6999999999998       7.04354197440213402E-004
   4205.6000000000004       7.22947489171784068E-004
   4206.5000000000000       7.67140716457959939E-004
   4207.3999999999996       8.08981136377579326E-004
   4208.3000000000002       8.25792516542414308E-004
   4209.1999999999998       8.05300408865329293E-004
   4210.1000000000004       7.79700646931317468E-004
   4211.0000000000000       7.82096251076647348E-004
   4211.8999999999996       8.03206703348042779E-004
   4212.8000000000002       8.06922379724921059E-004
   4213.6999999999998       7.67518217248227565E-004
   4214.6000000000004       6.86394725919017823E-004
   4215.5000000000000       6.16503869978302088E-004
   4216.3999999999996       6.57299068219995702E-004
   4217.3000000000002       7.82942343801118880E-004
   4218.1999999999998       8.72656431573080090E-004
   4219.1000000000004       9.00083556128358732E-004
   4220.0000000000000       9.12051145149676769E-004
   4220.8999999999996       9.28570257618923246E-004
   4221.8000000000002       9.08565986399841215E-004
   4222.6999999999998       8.36316713301349119E-004
   4223.6000000000004       7.59951223647439031E-004
   4224.5000000000000       6.88196214600275778E-004
   4225.3999999999996       5.84098747751495939E-004
   4226.3000000000002       4.73348530773951763E-004
   4227.1999999999998       4.79101716809750451E-004
   4228.1000000000004       6.44306424544533298E-004
   4229.0000000000000       8.15689702473444190E-004
   4229.8999999999996       8.83017123277443639E-004
   4230.8000000000002       8.99373804389352080E-004
   4231.6999999999998       8.81196068579484645E-004
   4232.6000000000004       8.19303720232025887E-004
   4233.5000000000000       7.83257879709070440E-004
   4234.3999999999996       7.94542886369238935E-004
   4235.3000000000002       7.74370653499926185E-004
   4236.1999999999998       7.18094757307636048E-004
   4237.1000000000004       7.10397425889227403E-004
   4238.0000000000000       7.41164621835833904E-004
   4238.8999999999996       7.55039179076902388E-004
   4239.8000000000002       7.71935007351098423E-004
   4240.6999999999998       8.20301358762102442E-004
   4241.6000000000004       8.53778360489752114E-004
   4242.5000000000000       8.35184425752067490E-004
   4243.3999999999996       8.33914123687428299E-004
   4244.3000000000002       8.87597617400028298E-004
   4245.1999999999998       9.15725395096420036E-004
   4246.1000000000004       8.72297890263772492E-004
   4247.0000000000000       8.00632928007767434E-004
   4247.8999999999996       7.49873810392229093E-004
   4248.8000000000002       7.25546408457958410E-004
   4249.6999999999998       7.11667122590207328E-004
   4250.6000000000004       7.19949737452700252E-004
   4251.5000000000000       7.74533423024175143E-004
   4252.3999999999996       8.27095232360198379E-004
   4253.3000000000002       8.18166555898223991E-004
   4254.1999999999998       7.65513893156833216E-004
   4255.1000000000004       7.39753252404845617E-004
   4256.0000000000000       7.84353039701017108E-004
   4256.8999999999996       8.51819979686412911E-004
   4257.8000000000002       8.46676086257365816E-004
   4258.6999999999998       7.67875783359367068E-004
   4259.6000000000004       6.91551130799221165E-004
   4260.5000000000000       6.55951288733392117E-004
   4261.3999999999996       6.92231522552446375E-004
   4262.3000000000002       7.92069774548594487E-004
   4263.1999999999998       8.76317659004279253E-004
   4264.1000000000004       9.02703400634298665E-004
   4265.0000000000000       9.17607983345737708E-004
   4265.8999999999996       9.38611070128092789E-004
   4266.8000000000002       9.12090029111401932E-004
   4267.6999999999998       8.46866267209089862E-004
   4268.6000000000004       8.04836455444749369E-004
   4269.5000000000000       7.75777138482269769E-004
   4270.3999999999996       7.05734972452126707E-004
   4271.3000000000002       6.16175565100470380E-004
   4272.1999999999998       6.02216152643358059E-004
   4273.1000000000004       6.52310611522870665E-004
   4274.0000000000000       6.69537348829554431E-004
   4274.8999999999996       6.76085328410226628E-004
   4275.8000000000002       7.38112432259023358E-004
   4276.6999999999998       8.25309456628477199E-004
   4277.6000000000004       8.86499116066906314E-004
   4278.5000000000000       8.89856223750642322E-004
   4279.3999999999996       8.14458068292805547E-004
   4280.3000000000002       7.31284525177574511E-004
   4281.1999999999998       7.36271846901499273E-004
   4282.1000000000004       7.88295573833348189E-004
   4283.0000000000000       8.26178694339925186E-004
   4283.8999999999996       8.30477971293077689E-004
   4284.8000000000002       7.73939516876652879E-004
   4285.6999999999998       7.09706687198701424E-004
   4286.6000000000004       7.12080652577924125E-004
   4287.5000000000000       7.48116072138280217E-004
   4288.3999999999996       7.28050261403112098E-004
   4289.3000000000002       6.48500448470927917E-004
   4290.1999999999998       6.04708433858792993E-004
   4291.1000000000004       6.45519315704839764E-004
   4292.0000000000000       7.33600919501296227E-004
   4292.8999999999996       8.04631618080839752E-004
   4293.8000000000002       8.01226495472198577E-004
   4294.6999999999998       7.59560709149597821E-004
   4295.6000000000004       7.35709951416093667E-004
   4296.5000000000000       7.05488172644317237E-004
   4297.3999999999996       6.58525010410137678E-004
   4298.3000000000002       5.94838085226678131E-004
   4299.1999999999998       5.08825990927179797E-004
   4300.1000000000004       4.64321915181762149E-004
   4301.0000000000000       4.97739001317819307E-004
   4301.8999999999996       5.32687721409295912E-004
   4302.8000000000002       5.28127949808226841E-004
   4303.6999999999998       5.31505240415650320E-004
   4304.6000000000004       5.45608108131522126E-004
   4305.5000000000000       5.47870610812551252E-004
   4306.3999999999996       5.43715336662371112E-004
   4307.3000000000002       5.07630687392055511E-004
   4308.1999999999998       4.54638121616312662E-004
   4309.1000000000004       4.46300501404716147E-004
   4310.0000000000000       4.78769486652842302E-004
   4310.8999999999996       5.21731286254997458E-004
   4311.8000000000002       5.68087159338761475E-004
   4312.6999999999998       6.23216135633603095E-004
   4313.6000000000004       6.78146031276621506E-004
   4314.5000000000000       7.38720149421492433E-004
   4315.3999999999996       8.56799075374125338E-004
   4316.3000000000002       9.99142517604225712E-004
   4317.1999999999998       1.06231447641291993E-003
   4318.1000000000004       1.05218455718029502E-003
   4319.0000000000000       1.02648741868375582E-003
   4319.8999999999996       9.99152496436273496E-004
   4320.8000000000002       9.54886714927282582E-004
   4321.6999999999998       9.18295577699483915E-004
   4322.6000000000004       8.56566513443931480E-004
   4323.5000000000000       7.38026182451732133E-004
   4324.3999999999996       6.25648654323741156E-004
   4325.3000000000002       5.70616842450170523E-004
   4326.1999999999998       6.18814324706046747E-004
   4327.1000000000004       7.74326724371104426E-004
   4328.0000000000000       9.33330153875950837E-004
   4328.8999999999996       1.00097515560468807E-003
   4329.8000000000002       9.73156738231936930E-004
   4330.6999999999998       9.26001460979272088E-004
   4331.6000000000004       9.32674273928356759E-004
   4332.5000000000000       9.60678290064182383E-004
   4333.3999999999996       9.68870791068687700E-004
   4334.3000000000002       9.93676540165645264E-004
   4335.1999999999998       1.03560420023289870E-003
   4336.1000000000004       1.01009399796150303E-003
   4337.0000000000000       8.79190751325364299E-004
   4337.8999999999996       7.46537873627673159E-004
   4338.8000000000002       6.85822956145842834E-004
   4339.6999999999998       6.40368016087524100E-004
   4340.6000000000004       6.24556928941214060E-004
   4341.5000000000000       7.14601537037675327E-004
   4342.3999999999996       8.39072108703784749E-004
   4343.3000000000002       8.79437234498523846E-004
   4344.1999999999998       8.85073472130005882E-004
   4345.1000000000004       9.30390318942559661E-004
   4346.0000000000000       9.58562697801043661E-004
   4346.8999999999996       9.35118669831147770E-004
   4347.8000000000002       9.40484453872752753E-004
   4348.6999999999998       1.00304000208094389E-003
   4349.6000000000004       1.02550455496567649E-003
   4350.5000000000000       9.17755367834011539E-004
   4351.3999999999996       7.58913076537573428E-004
   4352.3000000000002       7.12687828495190464E-004
   4353.1999999999998       7.93452068605730843E-004
   4354.1000000000004       8.71304131489656665E-004
   4355.0000000000000       8.91655632033204297E-004
   4355.8999999999996       9.18204851952167064E-004
   4356.8000000000002       9.63957902961987178E-004
   4357.6999999999998       9.55018845954409140E-004
   4358.6000000000004       8.79615228284133066E-004
   4359.5000000000000       8.39740320982030079E-004
   4360.3999999999996       8.93677508020660968E-004
   4361.3000000000002       9.74071985641094965E-004
   4362.1999999999998       9.95267259766814813E-004
   4363.1000000000004       9.76779278221604928E-004
   4364.0000000000000       1.00140292991905450E-003
   4364.8999999999996       1.05195569040606655E-003
   4365.8000000000002       1.03899781287262799E-003
   4366.6999999999998       9.53349252564693588E-004
   4367.6000000000004       8.80762505661717679E-004
   4368.5000000000000       8.76582438863562560E-004
   4369.3999999999996       8.99790115690820777E-004
   4370.3000000000002       9.06036969548113056E-004
   4371.1999999999998       9.10731255322983478E-004
   4372.1000000000004       9.14425380450878552E-004
   4373.0000000000000       8.77247475615723833E-004
   4373.8999999999996       7.95150841481603475E-004
   4374.8000000000002       7.36867126877980552E-004
   4375.6999999999998       7.66022636966297191E-004
   4376.6000000000004       8.62302700677529789E-004
   4377.5000000000000       9.51545833649726763E-004
   4378.3999999999996       9.83395936045998063E-004
   4379.3000000000002       9.63583150340413140E-004
   4380.1999999999998       9.39715099400729764E-004
   4381.1000000000004       9.26447941982047759E-004
   4382.0000000000000       8.46770845834626351E-004
   4382.8999999999996       6.72144170645222732E-004
   4383.8000000000002       5.35818998601119843E-004
   4384.6999999999998       5.59624020174724623E-004
   4385.6000000000004       7.02985543542355485E-004
   4386.5000000000000       8.32602585723708896E-004
   4387.3999999999996       8.70099638259204866E-004
   4388.3000000000002       8.53100295053109197E-004
   4389.1999999999998       8.26385122246010633E-004
   4390.1000000000004       8.00102338453266624E-004
   4391.0000000000000       8.01611518954740976E-004
   4391.8999999999996       8.46991730886782041E-004
   4392.8000000000002       8.91058512757247380E-004
   4393.6999999999998       8.81196204748582669E-004
   4394.6000000000004       8.35874998032272399E-004
   4395.5000000000000       8.37615967060268340E-004
   4396.3999999999996       9.19716295275234820E-004
   4397.3000000000002       9.92020747449928048E-004
   4398.1999999999998       9.82396081515228125E-004
   4399.1000000000004       9.12186860954104935E-004
   4400.0000000000000       8.31110333786062839E-004
   4400.8999999999996       8.17781561591321687E-004
   4401.8000000000002       9.05049721843808903E-004
   4402.6999999999998       9.65225438289594615E-004
   4403.6000000000004       8.78660466648530005E-004
   4404.5000000000000       7.52403899315063078E-004
   4405.3999999999996       7.55819669515579067E-004
   4406.3000000000002       8.43836785805784201E-004
   4407.1999999999998       8.62024285704968553E-004
   4408.1000000000004       8.13740658681721876E-004
   4409.0000000000000       8.21396910618912694E-004
   4409.8999999999996       9.06224385374668228E-004
   4410.8000000000002       9.85516907884503336E-004
   4411.6999999999998       1.03005430724062777E-003
   4412.6000000000004       1.05451573336241009E-003
   4413.5000000000000       1.02124248863055692E-003
   4414.3999999999996       9.09293028827512029E-004
   4415.3000000000002       8.24475260391440367E-004
   4416.1999999999998       8.42940036448305559E-004
   4417.1000000000004       8.94094795782921230E-004
   4418.0000000000000       9.38187834488209702E-004
   4418.8999999999996       9.96552600641590226E-004
   4419.8000000000002       1.03598621162391330E-003
   4420.6999999999998       1.01114727506649107E-003
   4421.6000000000004       9.40204237054880322E-004
   4422.5000000000000       8.89434065587815272E-004
   4423.3999999999996       9.00046774620076248E-004
   4424.3000000000002       9.43517331033147779E-004
   4425.1999999999998       9.68001002330526740E-004
   4426.1000000000004       9.65331004540572607E-004
   4427.0000000000000       9.63168624794793408E-004
   4427.8999999999996       9.75277551597426569E-004
   4428.8000000000002       9.74109533198416213E-004
   4429.6999999999998       9.21925543131780090E-004
   4430.6000000000004       8.86716045766599344E-004
   4431.5000000000000       9.24974732338022321E-004
   4432.3999999999996       9.62093855158527344E-004
   4433.3000000000002       9.33739185182692151E-004
   4434.1999999999998       8.61917584039982305E-004
   4435.1000000000004       8.12921529925357588E-004
   4436.0000000000000       8.45694469072125676E-004
   4436.8999999999996       9.40877713293936731E-004
   4437.8000000000002       1.02823506341960091E-003
   4438.6999999999998       1.07052377579309674E-003
   4439.6000000000004       1.05813416010157248E-003
   4440.5000000000000       9.96374055795581004E-004
   4441.3999999999996       9.20586315970017442E-004
   4442.3000000000002       8.63363735741957614E-004
   4443.1999999999998       8.47388782883178450E-004
   4444.1000000000004       8.91688277830342681E-004
   4445.0000000000000       9.84115991357740940E-004
   4445.8999999999996       1.04614515928187204E-003
   4446.8000000000002       1.03878138265624687E-003
   4447.6999999999998       1.02910850451868783E-003
   4448.6000000000004       1.04550550813239333E-003
   4449.5000000000000       1.02532000376060395E-003
   4450.3999999999996       9.83929721095935057E-004
   4451.3000000000002       9.88407301573636897E-004
   4452.1999999999998       1.01182002202957833E-003
   4453.1000000000004       9.92169174687667103E-004
   4454.0000000000000       9.26236968261663434E-004
   4454.8999999999996       8.59291688170351091E-004
   4455.8000000000002       8.47340111472928031E-004
   4456.6999999999998       8.80839453463325172E-004
   4457.6000000000004       8.98601752337172444E-004
   4458.5000000000000       8.85978080273407760E-004
   4459.3999999999996       8.73759713580194927E-004
   4460.3000000000002       8.63316562727579960E-004
   4461.1999999999998       8.30214009446333815E-004
   4462.1000000000004       8.24017200885035083E-004
   4463.0000000000000       8.94598481523048786E-004
   4463.8999999999996       9.63679201443430676E-004
   4464.8000000000002       9.75678164935188451E-004
   4465.6999999999998       9.71482757045413845E-004
   4466.6000000000004       9.76167705012604401E-004
   4467.5000000000000       9.74290805826863188E-004
   4468.3999999999996       9.45326609277885111E-004
   4469.3000000000002       9.10595904060230153E-004
   4470.1999999999998       9.17213562551804891E-004
   4471.1000000000004       9.58204253488117476E-004
   4472.0000000000000       1.00563138792019173E-003
   4472.8999999999996       1.05673993125496020E-003
   4473.8000000000002       1.09995985666364580E-003
   4474.6999999999998       1.10976734618453655E-003
   4475.6000000000004       1.10299958280901276E-003
   4476.5000000000000       1.12645123790803756E-003
   4477.3999999999996       1.16033592593387880E-003
   4478.3000000000002       1.13960693220165965E-003
   4479.1999999999998       1.05331360061262447E-003
   4480.1000000000004       9.57066615864808385E-004
   4481.0000000000000       9.08030362774674875E-004
   4481.8999999999996       9.13301784482504716E-004
   4482.8000000000002       9.70078310128897258E-004
   4483.6999999999998       1.04870383786962503E-003
   4484.6000000000004       1.10546483261643523E-003
   4485.5000000000000       1.13384028706884732E-003
   4486.3999999999996       1.13563000261644189E-003
   4487.3000000000002       1.09654031620882780E-003
   4488.1999999999998       1.02195232865380970E-003
   4489.1000000000004       9.52382464401547806E-004
   4490.0000000000000       9.39188820243884621E-004
   4490.8999999999996       9.88774949744985121E-004
   4491.8000000000002       1.05210246947799388E-003
   4492.6999999999998       1.07126556846740104E-003
   4493.6000000000004       1.02072389582225261E-003
   4494.5000000000000       9.52520045900770917E-004
   4495.3999999999996       9.31763115133171500E-004
   4496.3000000000002       9.57299245254992310E-004
   4497.1999999999998       1.01139103855586178E-003
   4498.1000000000004       1.07132080752356208E-003
   4499.0000000000000       1.10490601925974517E-003
   4499.8999999999996       1.09430790670536214E-003
   4500.8000000000002       1.04322222124718974E-003
   4501.6999999999998       1.02334967606139849E-003
   4502.6000000000004       1.09449680262300531E-003
   4503.5000000000000       1.18677953258776556E-003
   4504.3999999999996       1.21997667863119313E-003
   4505.3000000000002       1.20643911883294556E-003
   4506.1999999999998       1.17819581498013345E-003
   4507.1000000000004       1.14757027059355764E-003
   4508.0000000000000       1.12740763693448213E-003
   4508.8999999999996       1.13072168768113437E-003
   4509.8000000000002       1.15621657710158489E-003
   4510.6999999999998       1.17175757375451530E-003
   4511.6000000000004       1.14909061436859719E-003
   4512.5000000000000       1.10687712765362815E-003
   4513.3999999999996       1.07179521835306757E-003
   4514.3000000000002       1.04812461992922221E-003
   4515.1999999999998       1.05003649996488857E-003
   4516.1000000000004       1.07036467605233485E-003
   4517.0000000000000       1.06020743866097091E-003
   4517.8999999999996       1.03094006907109730E-003
   4518.8000000000002       1.04488313127765143E-003
   4519.6999999999998       1.09279334551424731E-003
   4520.6000000000004       1.13232284381557238E-003
   4521.5000000000000       1.12272513452007041E-003
   4522.3999999999996       1.05907655283872873E-003
   4523.3000000000002       1.02135361806179274E-003
   4524.1999999999998       1.02936543652805174E-003
   4525.1000000000004       1.01645119717036492E-003
   4526.0000000000000       9.71499933696978691E-004
   4526.8999999999996       9.28739552850909732E-004
   4527.8000000000002       9.00201117186386459E-004
   4528.6999999999998       8.87915752163104884E-004
   4529.6000000000004       9.03311236636754203E-004
   4530.5000000000000       9.31541869709450105E-004
   4531.3999999999996       9.72206725194901182E-004
   4532.3000000000002       1.00878211238259450E-003
   4533.1999999999998       9.85433086998028542E-004
   4534.1000000000004       9.23249344603591440E-004
   4535.0000000000000       8.88808383750853189E-004
   4535.8999999999996       9.31308622822664910E-004
   4536.8000000000002       1.04930719362464168E-003
   4537.6999999999998       1.13801269384162032E-003
   4538.6000000000004       1.12890461813144427E-003
   4539.5000000000000       1.07442172049222284E-003
   4540.3999999999996       1.02868716841313470E-003
   4541.3000000000002       1.01972293909720129E-003
   4542.1999999999998       1.05583454833902291E-003
   4543.1000000000004       1.08336913312633942E-003
   4544.0000000000000       1.05167775817554382E-003
   4544.8999999999996       1.00642284757269463E-003
   4545.8000000000002       1.01162021012736209E-003
   4546.6999999999998       1.04078111096262142E-003
   4547.6000000000004       1.04608328195341022E-003
   4548.5000000000000       1.00634093256285581E-003
   4549.3999999999996       9.59027289382902073E-004
   4550.3000000000002       9.78748613529780787E-004
   4551.1999999999998       1.02693178887725001E-003
   4552.1000000000004       1.02840516739216418E-003
   4553.0000000000000       1.00067777209609274E-003
   4553.8999999999996       9.68183749901108505E-004
   4554.8000000000002       9.48988234964495778E-004
   4555.6999999999998       9.77205372536120312E-004
   4556.6000000000004       1.04925797211358955E-003
   4557.5000000000000       1.10987862346882400E-003
   4558.3999999999996       1.12503108549034839E-003
   4559.3000000000002       1.11668438179032348E-003
   4560.1999999999998       1.11006950521287911E-003
   4561.1000000000004       1.11882845525562800E-003
   4562.0000000000000       1.12216019316520375E-003
   4562.8999999999996       1.08085696303975238E-003
   4563.8000000000002       1.01031545007340402E-003
   4564.6999999999998       9.59482646949987939E-004
   4565.6000000000004       9.63369791790582913E-004
   4566.5000000000000       1.03194424695856202E-003
   4567.3999999999996       1.10947621710420861E-003
   4568.3000000000002       1.13784076471672570E-003
   4569.1999999999998       1.13422424055954719E-003
   4570.1000000000004       1.10779538710339292E-003
   4571.0000000000000       1.04040665505684884E-003
   4571.8999999999996       1.00883037367616168E-003
   4572.8000000000002       1.07500424965444583E-003
   4573.6999999999998       1.14001285612753685E-003
   4574.6000000000004       1.13714391394610995E-003
   4575.5000000000000       1.12087646878272361E-003
   4576.3999999999996       1.12271856723611331E-003
   4577.3000000000002       1.12344008440077442E-003
   4578.1999999999998       1.10005053994211292E-003
   4579.1000000000004       1.04295961181628707E-003
   4580.0000000000000       9.80424606640202621E-004
   4580.8999999999996       9.61126349193986741E-004
   4581.8000000000002       9.91246951519565928E-004
   4582.6999999999998       1.01504974862316093E-003
   4583.6000000000004       1.01293117154401761E-003
   4584.5000000000000       1.01593204448731638E-003
   4585.3999999999996       1.01770447763227696E-003
   4586.3000000000002       1.02750442830140676E-003
   4587.1999999999998       1.07174582066438067E-003
   4588.1000000000004       1.12295615633505865E-003
   4589.0000000000000       1.14944448588981635E-003
   4589.8999999999996       1.13954740029589005E-003
   4590.8000000000002       1.09566739633751146E-003
   4591.6999999999998       1.04590817116952226E-003
   4592.6000000000004       1.02643800042968554E-003
   4593.5000000000000       1.03216191708049312E-003
   4594.3999999999996       1.02732376541601477E-003
   4595.3000000000002       1.01581692283997859E-003
   4596.1999999999998       1.01909678385928666E-003
   4597.1000000000004       1.03063513174552228E-003
   4598.0000000000000       1.04955795489474987E-003
   4598.8999999999996       1.07049956567950534E-003
   4599.8000000000002       1.04745243767005334E-003
   4600.6999999999998       1.01037866827536271E-003
   4601.6000000000004       1.02665028836173341E-003
   4602.5000000000000       1.06557802140237095E-003
   4603.3999999999996       1.08049620121622729E-003
   4604.3000000000002       1.07099302234432898E-003
   4605.1999999999998       1.05372598654984023E-003
   4606.1000000000004       1.06073666331715517E-003
   4607.0000000000000       1.09977330029002989E-003
   4607.8999999999996       1.15400712629201642E-003
   4608.8000000000002       1.19996008086980838E-003
   4609.6999999999998       1.20014062632922669E-003
   4610.6000000000004       1.16195086549330802E-003
   4611.5000000000000       1.12739249153241921E-003
   4612.3999999999996       1.10793146590373415E-003
   4613.3000000000002       1.09635236714422852E-003
   4614.1999999999998       1.11548786521604363E-003
   4615.1000000000004       1.14177223636330771E-003
   4616.0000000000000       1.13510445876241419E-003
   4616.8999999999996       1.13453411756641838E-003
   4617.8000000000002       1.14264825311814733E-003
   4618.6999999999998       1.11962664946091135E-003
   4619.6000000000004       1.10409704360728863E-003
   4620.5000000000000       1.13997579850477976E-003
   4621.3999999999996       1.17072659435530865E-003
   4622.3000000000002       1.15957789704952447E-003
   4623.1999999999998       1.15482141573092440E-003
   4624.1000000000004       1.16487951029430135E-003
   4625.0000000000000       1.15450371925347457E-003
   4625.8999999999996       1.14048140536426520E-003
   4626.8000000000002       1.15124419752464535E-003
   4627.6999999999998       1.15973372281910798E-003
   4628.6000000000004       1.13476865724565653E-003
   4629.5000000000000       1.11041743500319692E-003
   4630.3999999999996       1.13750230971692667E-003
   4631.3000000000002       1.18029723008770851E-003
   4632.1999999999998       1.16663203545503552E-003
   4633.1000000000004       1.11940786262379639E-003
   4634.0000000000000       1.10159161011643986E-003
   4634.8999999999996       1.10715577376984450E-003
   4635.8000000000002       1.10548551927958723E-003
   4636.6999999999998       1.08407390063375905E-003
   4637.6000000000004       1.05615719214269656E-003
   4638.5000000000000       1.04792568976156222E-003
   4639.3999999999996       1.05083952983279312E-003
   4640.3000000000002       1.07308038883312707E-003
   4641.1999999999998       1.12394198632106371E-003
   4642.1000000000004       1.15019382555239650E-003
   4643.0000000000000       1.13284137668331680E-003
   4643.8999999999996       1.10709850365476301E-003
   4644.8000000000002       1.08006801192958796E-003
   4645.6999999999998       1.02760314223375275E-003
   4646.6000000000004       9.73858027391942961E-004
   4647.5000000000000       9.62044890333654140E-004
   4648.3999999999996       9.91771645597233024E-004
   4649.3000000000002       1.04044415557863891E-003
   4650.1999999999998       1.08556622954535499E-003
   4651.1000000000004       1.11093929245312446E-003
   4652.0000000000000       1.12890999229999628E-003
   4652.8999999999996       1.13884414274160388E-003
   4653.8000000000002       1.10330885903835944E-003
   4654.6999999999998       1.04333194549633269E-003
   4655.6000000000004       1.01124400742923313E-003
   4656.5000000000000       1.01619826155429803E-003
   4657.3999999999996       1.06743418807002627E-003
   4658.3000000000002       1.15221065231572192E-003
   4659.1999999999998       1.21735103943920991E-003
   4660.1000000000004       1.22559880431892640E-003
   4661.0000000000000       1.18063737152473915E-003
   4661.8999999999996       1.11247130578222080E-003
   4662.8000000000002       1.06120597451977170E-003
   4663.6999999999998       1.05393798601174644E-003
   4664.6000000000004       1.07345146237505492E-003
   4665.5000000000000       1.04879638881568197E-003
   4666.3999999999996       9.55379433742417649E-004
   4667.3000000000002       8.71894973319926837E-004
   4668.1999999999998       8.79751537894327726E-004
   4669.1000000000004       9.51982358177927293E-004
   4670.0000000000000       1.02751067702050490E-003
   4670.8999999999996       1.09107348397674488E-003
   4671.8000000000002       1.12094325948128510E-003
   4672.6999999999998       1.10444689992267699E-003
   4673.6000000000004       1.07644809085950116E-003
   4674.5000000000000       1.07729012759579489E-003
   4675.3999999999996       1.11686283539329267E-003
   4676.3000000000002       1.16117413418233913E-003
   4677.1999999999998       1.15814834167071788E-003
   4678.1000000000004       1.10903796732508548E-003
   4679.0000000000000       1.05853987754226785E-003
   4679.8999999999996       1.02812403239087888E-003
   4680.8000000000002       1.01186945026245545E-003
   4681.6999999999998       1.01620993066387768E-003
   4682.6000000000004       1.05467012119625915E-003
   4683.5000000000000       1.10539368745050481E-003
   4684.3999999999996       1.12415657242474656E-003
   4685.3000000000002       1.11764839291560929E-003
   4686.1999999999998       1.11058561591040870E-003
   4687.1000000000004       1.09510134946811223E-003
   4688.0000000000000       1.08370465780124837E-003
   4688.8999999999996       1.09070390427701606E-003
   4689.8000000000002       1.09274484032957837E-003
   4690.6999999999998       1.07593246127127349E-003
   4691.6000000000004       1.06879880322991285E-003
   4692.5000000000000       1.08659961422348191E-003
   4693.3999999999996       1.10756671400009487E-003
   4694.3000000000002       1.12695378886938234E-003
   4695.1999999999998       1.15402310163663520E-003
   4696.1000000000004       1.17237040571767305E-003
   4697.0000000000000       1.14627405642542192E-003
   4697.8999999999996       1.07635148431506323E-003
   4698.8000000000002       1.02525275396347232E-003
   4699.6999999999998       1.03265299576098843E-003
   4700.6000000000004       1.05446041537543230E-003
   4701.5000000000000       1.05049129103558752E-003
   4702.3999999999996       1.02831455447378699E-003
   4703.3000000000002       1.02033339423335907E-003
   4704.1999999999998       1.05034598993348116E-003
   4705.1000000000004       1.08889580222814837E-003
   4706.0000000000000       1.09129742687447519E-003
   4706.8999999999996       1.05579023460151229E-003
   4707.8000000000002       1.01873862929737456E-003
   4708.6999999999998       1.00212628416308141E-003
   4709.6000000000004       1.01737881795936928E-003
   4710.5000000000000       1.07120945273864090E-003
   4711.3999999999996       1.12475377379656939E-003
   4712.3000000000002       1.13413898878577182E-003
   4713.1999999999998       1.09958615704541449E-003
   4714.1000000000004       1.05187638896916198E-003
   4715.0000000000000       1.04685633212534619E-003
   4715.8999999999996       1.10136636446023445E-003
   4716.8000000000002       1.15643856394948724E-003
   4717.6999999999998       1.17444139074758124E-003
   4718.6000000000004       1.17972535872822547E-003
   4719.5000000000000       1.19287575566024936E-003
   4720.3999999999996       1.19936341787721954E-003
   4721.3000000000002       1.18295348837283982E-003
   4722.1999999999998       1.15711768730030525E-003
   4723.1000000000004       1.15698947530328521E-003
   4724.0000000000000       1.18877313051004045E-003
   4724.8999999999996       1.21685894160881969E-003
   4725.8000000000002       1.20042011075776386E-003
   4726.6999999999998       1.12412829225372497E-003
   4727.6000000000004       1.03677767388989290E-003
   4728.5000000000000       1.00507943881670333E-003
   4729.3999999999996       1.02061203313283757E-003
   4730.3000000000002       1.03936202138029624E-003
   4731.1999999999998       1.05755709262205693E-003
   4732.1000000000004       1.08728060569762003E-003
   4733.0000000000000       1.11123650828085343E-003
   4733.8999999999996       1.12533216676771438E-003
   4734.8000000000002       1.13932457166492172E-003
   4735.6999999999998       1.12370217565191497E-003
   4736.6000000000004       1.08702647152416894E-003
   4737.5000000000000       1.09837664077235518E-003
   4738.3999999999996       1.14856104544592934E-003
   4739.3000000000002       1.15815751100162919E-003
   4740.1999999999998       1.12283666380079178E-003
   4741.1000000000004       1.10615385674610604E-003
   4742.0000000000000       1.13221339388906803E-003
   4742.8999999999996       1.16819265056493263E-003
   4743.8000000000002       1.17557725654810581E-003
   4744.6999999999998       1.15530880543931688E-003
   4745.6000000000004       1.15406072616072437E-003
   4746.5000000000000       1.18665590076444893E-003
   4747.3999999999996       1.20490402201978999E-003
   4748.3000000000002       1.19090749079359885E-003
   4749.1999999999998       1.17950432196683302E-003
   4750.1000000000004       1.18411466197810167E-003
   4751.0000000000000       1.18376628245589607E-003
   4751.8999999999996       1.16906466333978353E-003
   4752.8000000000002       1.15303916762151196E-003
   4753.6999999999998       1.13553428024285160E-003
   4754.6000000000004       1.11691151936327174E-003
   4755.5000000000000       1.10753766793366651E-003
   4756.3999999999996       1.10826353716195810E-003
   4757.3000000000002       1.12218749784819927E-003
   4758.1999999999998       1.14442519964266299E-003
   4759.1000000000004       1.17256890674980190E-003
   4760.0000000000000       1.19261957062370043E-003
   4760.8999999999996       1.16927501252246614E-003
   4761.8000000000002       1.10721388528651436E-003
   4762.6999999999998       1.06446124701523037E-003
   4763.6000000000004       1.05752838637975508E-003
   4764.5000000000000       1.04945035460691605E-003
   4765.3999999999996       1.03206396423429891E-003
   4766.3000000000002       1.03775114114367743E-003
   4767.1999999999998       1.07635133941767227E-003
   4768.1000000000004       1.11994759262811199E-003
   4769.0000000000000       1.16626218402603979E-003
   4769.8999999999996       1.19894877459908824E-003
   4770.8000000000002       1.17886058357434130E-003
   4771.6999999999998       1.13617548297809167E-003
   4772.6000000000004       1.13297637420349388E-003
   4773.5000000000000       1.17792385708053197E-003
   4774.3999999999996       1.22600410463126561E-003
   4775.3000000000002       1.22821718235232723E-003
   4776.1999999999998       1.21198134587409130E-003
   4777.1000000000004       1.22406171759404194E-003
   4778.0000000000000       1.23865123304588479E-003
   4778.8999999999996       1.22493192440946506E-003
   4779.8000000000002       1.20259030140256948E-003
   4780.6999999999998       1.20119333270722302E-003
   4781.6000000000004       1.20060766786415094E-003
   4782.5000000000000       1.17055767180858318E-003
   4783.3999999999996       1.14734006715615775E-003
   4784.3000000000002       1.16636532679688073E-003
   4785.1999999999998       1.16714736552963510E-003
   4786.1000000000004       1.11697746823470308E-003
   4787.0000000000000       1.09803172307965081E-003
   4787.8999999999996       1.12115990809139011E-003
   4788.8000000000002       1.12059081068692414E-003
   4789.6999999999998       1.11234067175961307E-003
   4790.6000000000004       1.12587573658963123E-003
   4791.5000000000000       1.14010040933570271E-003
   4792.3999999999996       1.15756782616054099E-003
   4793.3000000000002       1.20262427294117857E-003
   4794.1999999999998       1.25136270905507312E-003
   4795.1000000000004       1.26753893166329829E-003
   4796.0000000000000       1.25391195237592825E-003
   4796.8999999999996       1.22196036593843669E-003
   4797.8000000000002       1.16945403494245572E-003
   4798.6999999999998       1.11839903420951777E-003
   4799.6000000000004       1.10173361524180859E-003
   4800.5000000000000       1.12771154486672226E-003
   4801.3999999999996       1.18395972873339898E-003
   4802.3000000000002       1.22846610135919545E-003
   4803.1999999999998       1.23083796462106622E-003
   4804.1000000000004       1.19406646641634839E-003
   4805.0000000000000       1.15809898391541419E-003
   4805.8999999999996       1.15542224729677260E-003
   4806.8000000000002       1.15191814093720184E-003
   4807.6999999999998       1.12873775367510940E-003
   4808.6000000000004       1.12621359899389532E-003
   4809.5000000000000       1.15371889340643453E-003
   4810.3999999999996       1.17534480422170013E-003
   4811.3000000000002       1.17963936399488058E-003
   4812.1999999999998       1.17928218085660403E-003
   4813.1000000000004       1.18239459812554131E-003
   4814.0000000000000       1.19214138917620024E-003
   4814.8999999999996       1.20780035074040111E-003
   4815.8000000000002       1.22475146870001808E-003
   4816.6999999999998       1.23425387537092987E-003
   4817.6000000000004       1.23391270098097941E-003
   4818.5000000000000       1.24163130033340570E-003
   4819.3999999999996       1.25081397547190175E-003
   4820.3000000000002       1.24409358279504523E-003
   4821.1999999999998       1.23325466214000367E-003
   4822.1000000000004       1.20404131594228263E-003
   4823.0000000000000       1.13968046460547487E-003
   4823.8999999999996       1.10376278023557504E-003
   4824.8000000000002       1.14067976009833054E-003
   4825.6999999999998       1.19715038369182084E-003
   4826.6000000000004       1.22047602609014465E-003
   4827.5000000000000       1.20507035521791924E-003
   4828.3999999999996       1.17925065270658123E-003
   4829.3000000000002       1.17687945528801002E-003
   4830.1999999999998       1.18677045810835677E-003
   4831.1000000000004       1.16156714606132955E-003
   4832.0000000000000       1.12770563580015699E-003
   4832.8999999999996       1.14333973883174226E-003
   4833.8000000000002       1.18601565204765904E-003
   4834.6999999999998       1.20319658335383173E-003
   4835.6000000000004       1.19165830926267944E-003
   4836.5000000000000       1.19389490308954350E-003
   4837.3999999999996       1.20318323211860453E-003
   4838.3000000000002       1.17442771741875594E-003
   4839.1999999999998       1.12377202998991256E-003
   4840.1000000000004       1.09968637751321589E-003
   4841.0000000000000       1.12245509804205653E-003
   4841.8999999999996       1.15059607901260444E-003
   4842.8000000000002       1.14030625619830259E-003
   4843.6999999999998       1.13904851724398889E-003
   4844.6000000000004       1.18214120198313708E-003
   4845.5000000000000       1.22242930193357745E-003
   4846.3999999999996       1.22280131628044728E-003
   4847.3000000000002       1.18434220226506441E-003
   4848.1999999999998       1.13053600959721941E-003
   4849.1000000000004       1.11928253105706083E-003
   4850.0000000000000       1.16392019911958360E-003
   4850.8999999999996       1.19551476403414341E-003
   4851.8000000000002       1.19183353663632804E-003
   4852.6999999999998       1.19017373554385878E-003
   4853.6000000000004       1.16878351425929537E-003
   4854.5000000000000       1.09424283318605557E-003
   4855.3999999999996       1.02641655737353149E-003
   4856.3000000000002       1.04795273380509958E-003
   4857.1999999999998       1.11536415697436795E-003
   4858.1000000000004       1.12556077932367054E-003
   4859.0000000000000       1.05284106434013576E-003
   4859.8999999999996       9.21177615542848700E-004
   4860.8000000000002       7.86849647479205506E-004
   4861.6999999999998       7.75509507435843742E-004
   4862.6000000000004       9.04905775483323400E-004
   4863.5000000000000       1.01280289900248046E-003
   4864.3999999999996       1.04814386182376651E-003
   4865.3000000000002       1.08016704584152929E-003
   4866.1999999999998       1.11430329391027792E-003
   4867.1000000000004       1.12255639456306541E-003
   4868.0000000000000       1.11713575473453399E-003
   4868.8999999999996       1.12308198084453683E-003
   4869.8000000000002       1.10496462042917369E-003
   4870.6999999999998       1.03002639608235536E-003
   4871.6000000000004       9.74419531995883133E-004
   4872.5000000000000       1.00882721104373035E-003
   4873.3999999999996       1.07285976041086709E-003
   4874.3000000000002       1.09659101218356520E-003
   4875.1999999999998       1.09488127660553733E-003
   4876.1000000000004       1.10600291198722079E-003
   4877.0000000000000       1.12702718094876276E-003
   4877.8999999999996       1.14379612288718706E-003
   4878.8000000000002       1.18595881459844770E-003
   4879.6999999999998       1.22634032463245571E-003
   4880.6000000000004       1.19204629247435397E-003
   4881.5000000000000       1.12562065432016806E-003
   4882.3999999999996       1.12049012752908693E-003
   4883.3000000000002       1.14557834950733666E-003
   4884.1999999999998       1.12509486908364997E-003
   4885.1000000000004       1.07210876736921982E-003
   4886.0000000000000       1.04528529218036862E-003
   4886.8999999999996       1.06096858271558219E-003
   4887.8000000000002       1.08762301839555398E-003
   4888.6999999999998       1.09490768548326021E-003
   4889.6000000000004       1.07602484417884605E-003
   4890.5000000000000       1.02650682607959985E-003
   4891.3999999999996       1.01254067346595502E-003
   4892.3000000000002       1.09529137167711072E-003
   4893.1999999999998       1.19575985319135721E-003
   4894.1000000000004       1.25141953538046905E-003
   4895.0000000000000       1.27809723976141662E-003
   4895.8999999999996       1.28051455017018064E-003
   4896.8000000000002       1.27205721947375432E-003
   4897.6999999999998       1.26768317907923964E-003
   4898.6000000000004       1.24174175082677530E-003
   4899.5000000000000       1.18689347069611084E-003
   4900.3999999999996       1.16525393032303778E-003
   4901.3000000000002       1.19250838172645177E-003
   4902.1999999999998       1.19869593888600134E-003
   4903.1000000000004       1.16865981231471946E-003
   4904.0000000000000       1.16062618876581060E-003
   4904.8999999999996       1.20079011342134130E-003
   4905.8000000000002       1.24914926969951485E-003
   4906.6999999999998       1.25425950482253249E-003
   4907.6000000000004       1.21539137737071228E-003
   4908.5000000000000       1.16254684821660089E-003
   4909.3999999999996       1.10131618098579490E-003
   4910.3000000000002       1.05205849477715894E-003
   4911.1999999999998       1.06115683530039434E-003
   4912.1000000000004       1.11375381447830759E-003
   4913.0000000000000       1.15455187485331476E-003
   4913.8999999999996       1.17751381798037445E-003
   4914.8000000000002       1.21287511008677951E-003
   4915.6999999999998       1.24141197284522321E-003
   4916.6000000000004       1.21648899727247288E-003
   4917.5000000000000       1.13621326907612993E-003
   4918.3999999999996       1.03620350781793991E-003
   4919.3000000000002       9.62716047520462354E-004
   4920.1999999999998       9.39635369177951310E-004
   4921.1000000000004       9.77022040040470205E-004
   4922.0000000000000       1.05249450646499186E-003
   4922.8999999999996       1.09360033315212342E-003
   4923.8000000000002       1.07487788926230779E-003
   4924.6999999999998       1.06515100707097713E-003
   4925.6000000000004       1.11569452451758342E-003
   4926.5000000000000       1.17305168804058722E-003
   4927.3999999999996       1.18710985197642777E-003
   4928.3000000000002       1.20047521347792338E-003
   4929.1999999999998       1.22849436236910944E-003
   4930.1000000000004       1.23759881950583029E-003
   4931.0000000000000       1.23751301749459668E-003
   4931.8999999999996       1.21750523930275406E-003
   4932.8000000000002       1.14374970732041546E-003
   4933.6999999999998       1.07373645132327589E-003
   4934.6000000000004       1.09271793733554121E-003
   4935.5000000000000       1.14936776506305250E-003
   4936.3999999999996       1.14562800316249814E-003
   4937.3000000000002       1.08285727086047967E-003
   4938.1999999999998       1.01771145587403918E-003
   4939.1000000000004       1.01250801040110865E-003
   4940.0000000000000       1.08867776304378866E-003
   4940.8999999999996       1.18231538918689731E-003
   4941.8000000000002       1.21955796297009865E-003
   4942.6999999999998       1.22412845213375394E-003
   4943.6000000000004       1.23673656527695892E-003
   4944.5000000000000       1.22877458712865209E-003
   4945.3999999999996       1.18776782043346308E-003
   4946.3000000000002       1.16794998488337575E-003
   4947.1999999999998       1.19803868775377408E-003
   4948.1000000000004       1.23347152363471511E-003
   4949.0000000000000       1.23937048610514621E-003
   4949.8999999999996       1.23497020847247729E-003
   4950.8000000000002       1.24025149766593640E-003
   4951.6999999999998       1.23491681934563774E-003
   4952.6000000000004       1.21152854580152216E-003
   4953.5000000000000       1.20364497514106991E-003
   4954.3999999999996       1.22083018124760439E-003
   4955.3000000000002       1.22320338315906000E-003
   4956.1999999999998       1.15105718298228366E-003
   4957.1000000000004       1.03200245092444033E-003
   4958.0000000000000       1.01383954268917538E-003
   4958.8999999999996       1.12932050971145908E-003
   4959.8000000000002       1.23577317725724785E-003
   4960.6999999999998       1.25506672809854564E-003
   4961.6000000000004       1.23322886024805037E-003
   4962.5000000000000       1.23082041448407237E-003
   4963.3999999999996       1.24412105364775957E-003
   4964.3000000000002       1.21964795554412747E-003
   4965.1999999999998       1.16318800369008936E-003
   4966.1000000000004       1.13633603937724208E-003
   4967.0000000000000       1.14456205682579993E-003
   4967.8999999999996       1.14608717224613734E-003
   4968.8000000000002       1.14091325427133588E-003
   4969.6999999999998       1.13861447478476492E-003
   4970.6000000000004       1.14631514647390393E-003
   4971.5000000000000       1.17970017094672888E-003
   4972.3999999999996       1.21757569563229182E-003
   4973.3000000000002       1.23873087061551345E-003
   4974.1999999999998       1.24603160159094425E-003
   4975.1000000000004       1.23183643513402499E-003
   4976.0000000000000       1.20734996801882344E-003
   4976.8999999999996       1.18438584560195460E-003
   4977.8000000000002       1.15196293905434305E-003
   4978.6999999999998       1.12794510252659072E-003
   4979.6000000000004       1.12899524104217303E-003
   4980.5000000000000       1.12220213967372212E-003
   4981.3999999999996       1.07461114677258156E-003
   4982.3000000000002       1.00660908425066970E-003
   4983.1999999999998       9.76869533624928317E-004
   4984.1000000000004       9.99401830075914927E-004
   4985.0000000000000       1.03781590043566536E-003
   4985.8999999999996       1.08551581673455217E-003
   4986.8000000000002       1.14942903243107583E-003
   4987.6999999999998       1.18909549110195537E-003
   4988.6000000000004       1.18337868567183584E-003
   4989.5000000000000       1.15638100824243793E-003
   4990.3999999999996       1.12790906845648491E-003
   4991.3000000000002       1.12618453326052874E-003
   4992.1999999999998       1.15157014998172472E-003
   4993.1000000000004       1.15067395287850836E-003
   4994.0000000000000       1.13694267661524099E-003
   4994.8999999999996       1.15747433882812389E-003
   4995.8000000000002       1.17916675670500589E-003
   4996.6999999999998       1.17644070752938204E-003
   4997.6000000000004       1.16743905972815096E-003
   4998.5000000000000       1.14213704825104042E-003
   4999.3999999999996       1.09906756693992059E-003
   5000.3000000000002       1.07571383404325119E-003
   5001.1999999999998       1.08102712494937683E-003
   5002.1000000000004       1.09203606470231968E-003
   5003.0000000000000       1.10208335637430161E-003
   5003.8999999999996       1.09827389539615813E-003
   5004.8000000000002       1.05952802530345368E-003
   5005.6999999999998       1.01056569082443124E-003
   5006.6000000000004       1.01461878686715792E-003
   5007.5000000000000       1.08766769662973725E-003
   5008.3999999999996       1.16202553414355503E-003
   5009.3000000000002       1.17588681350021414E-003
   5010.1999999999998       1.14685006366120655E-003
   5011.1000000000004       1.10069691984638024E-003
   5012.0000000000000       1.04161412715211258E-003
   5012.8999999999996       9.90548764507618619E-004
   5013.8000000000002       9.73133966759611867E-004
   5014.6999999999998       1.00478465535467233E-003
   5015.6000000000004       1.05914161531560423E-003
   5016.5000000000000       1.07265740894524537E-003
   5017.3999999999996       1.03774739498683870E-003
   5018.3000000000002       1.01909338461747588E-003
   5019.1999999999998       1.05176943812425316E-003
   5020.1000000000004       1.09143021263876988E-003
   5021.0000000000000       1.09023733345961558E-003
   5021.8999999999996       1.06461368913659681E-003
   5022.8000000000002       1.06910238511000394E-003
   5023.6999999999998       1.10393433436533489E-003
   5024.6000000000004       1.12624903482391888E-003
   5025.5000000000000       1.12896510302958704E-003
   5026.3999999999996       1.10721971461361459E-003
   5027.3000000000002       1.07240906082895935E-003
   5028.1999999999998       1.08748045798138073E-003
   5029.1000000000004       1.14078949646088208E-003
   5030.0000000000000       1.16534933893325710E-003
   5030.8999999999996       1.16894109274831050E-003
   5031.8000000000002       1.19359360576451663E-003
   5032.6999999999998       1.23407389602190037E-003
   5033.6000000000004       1.24774661417547555E-003
   5034.5000000000000       1.19526545034027575E-003
   5035.3999999999996       1.10362882785933333E-003
   5036.3000000000002       1.06617537984624164E-003
   5037.1999999999998       1.09326275126062555E-003
   5038.1000000000004       1.09904449604949377E-003
   5039.0000000000000       1.04973084420968395E-003
   5039.8999999999996       9.64652542793408398E-004
   5040.8000000000002       8.90471958433865468E-004
   5041.6999999999998       9.19514319820495789E-004
   5042.6000000000004       1.04320330739345111E-003
   5043.5000000000000       1.14429431933903906E-003
   5044.3999999999996       1.19182680547572670E-003
   5045.3000000000002       1.23006052553190689E-003
   5046.1999999999998       1.25026502449949789E-003
   5047.1000000000004       1.21010681528343892E-003
   5048.0000000000000       1.12750341872854465E-003
   5048.8999999999996       1.07651750919705619E-003
   5049.8000000000002       1.08071993481177677E-003
   5050.6999999999998       1.09140263632050865E-003
   5051.6000000000004       1.08804041486633527E-003
   5052.5000000000000       1.10736926416303560E-003
   5053.3999999999996       1.15671507075200256E-003
   5054.3000000000002       1.20242404468376418E-003
   5055.1999999999998       1.22093286491932050E-003
   5056.1000000000004       1.21489340872089511E-003
   5057.0000000000000       1.20588489249097452E-003
   5057.8999999999996       1.20899688740914264E-003
   5058.8000000000002       1.21193330644455192E-003
   5059.6999999999998       1.21407056924909278E-003
   5060.6000000000004       1.23227093922748240E-003
   5061.5000000000000       1.25496807192161555E-003
   5062.3999999999996       1.25505612744294731E-003
   5063.3000000000002       1.20687456830170640E-003
   5064.1999999999998       1.11871134838280079E-003
   5065.1000000000004       1.07146296787941878E-003
   5066.0000000000000       1.10112082957965381E-003
   5066.8999999999996       1.13207873798814901E-003
   5067.8000000000002       1.12376711092289383E-003
   5068.6999999999998       1.12327697840367002E-003
   5069.6000000000004       1.16160458592989000E-003
   5070.5000000000000       1.18531085378155844E-003
   5071.3999999999996       1.14545702745387327E-003
   5072.3000000000002       1.10290145294292740E-003
   5073.1999999999998       1.12043282690984266E-003
   5074.1000000000004       1.15095127842467231E-003
   5075.0000000000000       1.14498548118299520E-003
   5075.8999999999996       1.13821978292526801E-003
   5076.8000000000002       1.16167060709230878E-003
   5077.6999999999998       1.15988428132343191E-003
   5078.6000000000004       1.07167547745413180E-003
   5079.5000000000000       9.66917133027433658E-004
   5080.3999999999996       9.60271611027980446E-004
   5081.3000000000002       1.03617704086510524E-003
   5082.1999999999998       1.09200940027769653E-003
   5083.1000000000004       1.09573837646903191E-003
   5084.0000000000000       1.10479259120355253E-003
   5084.8999999999996       1.14060437833425708E-003
   5085.8000000000002       1.16245869487707353E-003
   5086.6999999999998       1.15130623782104709E-003
   5087.6000000000004       1.13937627678112980E-003
   5088.5000000000000       1.15291815896299962E-003
   5089.3999999999996       1.17386524487787499E-003
   5090.3000000000002       1.17754295773443533E-003
   5091.1999999999998       1.17648355940429944E-003
   5092.1000000000004       1.19110665292442518E-003
   5093.0000000000000       1.21236560824414708E-003
   5093.8999999999996       1.21839039026843993E-003
   5094.8000000000002       1.20850086158366655E-003
   5095.6999999999998       1.18016250666075524E-003
   5096.6000000000004       1.12624060915326053E-003
   5097.5000000000000       1.05921048535443708E-003
   5098.3999999999996       1.00059763029966163E-003
   5099.3000000000002       1.00020824885393056E-003
   5100.1999999999998       1.07634305251223415E-003
   5101.1000000000004       1.16248747046090333E-003
   5102.0000000000000       1.19172077815990094E-003
   5102.8999999999996       1.16882349778222152E-003
   5103.8000000000002       1.13852206561913609E-003
   5104.6999999999998       1.12515989927839365E-003
   5105.6000000000004       1.12079569933526478E-003
   5106.5000000000000       1.09851512276765324E-003
   5107.3999999999996       1.07098604341266312E-003
   5108.3000000000002       1.07577381798217410E-003
   5109.1999999999998       1.08311328918447533E-003
   5110.1000000000004       1.07727634649683541E-003
   5111.0000000000000       1.10626102893363921E-003
   5111.8999999999996       1.15470290384047888E-003
   5112.8000000000002       1.17458499188590219E-003
   5113.6999999999998       1.17300705728669644E-003
   5114.6000000000004       1.16594200986372865E-003
   5115.5000000000000       1.16863906681400156E-003
   5116.3999999999996       1.19379316633680941E-003
   5117.3000000000002       1.22152858035122838E-003
   5118.1999999999998       1.22782500513645711E-003
   5119.1000000000004       1.21461545386173731E-003
   5120.0000000000000       1.18630168496070389E-003
   5120.8999999999996       1.15238391074907955E-003
   5121.8000000000002       1.11748363890704582E-003
   5122.6999999999998       1.06984904918554723E-003
   5123.6000000000004       1.03099489893154479E-003
   5124.5000000000000       1.03366627020929605E-003
   5125.3999999999996       1.05905341493522107E-003
   5126.3000000000002       1.07385457863175878E-003
   5127.1999999999998       1.07130722203749502E-003
   5128.1000000000004       1.06266533233513919E-003
   5129.0000000000000       1.05849407517859587E-003
   5129.8999999999996       1.06906053362737703E-003
   5130.8000000000002       1.09002447808162505E-003
   5131.6999999999998       1.10849984479251262E-003
   5132.6000000000004       1.12333257320645246E-003
   5133.5000000000000       1.13770367903343658E-003
   5134.3999999999996       1.16784571084375326E-003
   5135.3000000000002       1.18527594690600127E-003
   5136.1999999999998       1.14632460557980939E-003
   5137.1000000000004       1.09525478704787364E-003
   5138.0000000000000       1.07124857239197639E-003
   5138.8999999999996       1.05313120422924713E-003
   5139.8000000000002       1.07188345366510183E-003
   5140.6999999999998       1.11081687314281948E-003
   5141.6000000000004       1.07834371986185421E-003
   5142.5000000000000       1.02198607080132261E-003
   5143.3999999999996       1.04465563913809685E-003
   5144.3000000000002       1.09328548588525590E-003
   5145.1999999999998       1.09045474436980693E-003
   5146.1000000000004       1.06208627778725659E-003
   5147.0000000000000       1.04453557759368715E-003
   5147.8999999999996       1.05388565953529016E-003
   5148.8000000000002       1.09444036977861888E-003
   5149.6999999999998       1.11737890308825113E-003
   5150.6000000000004       1.09040019005802861E-003
   5151.5000000000000       1.05922991018238093E-003
   5152.3999999999996       1.05601119586196958E-003
   5153.3000000000002       1.06085813391374709E-003
   5154.1999999999998       1.06982765845180239E-003
   5155.1000000000004       1.09548478040165202E-003
   5156.0000000000000       1.13142791964617362E-003
   5156.8999999999996       1.16324143974086262E-003
   5157.8000000000002       1.17751404347214489E-003
   5158.6999999999998       1.17572668106803550E-003
   5159.6000000000004       1.17979718307829580E-003
   5160.5000000000000       1.18318774557687025E-003
   5161.3999999999996       1.15606254870443976E-003
   5162.3000000000002       1.12009322165396684E-003
   5163.1999999999998       1.10804194466953936E-003
   5164.1000000000004       1.08380690633423432E-003
   5165.0000000000000       1.01781173365361505E-003
   5165.8999999999996       9.20986796928376637E-004
   5166.8000000000002       8.16706224797326421E-004
   5167.6999999999998       7.73206188329808477E-004
   5168.6000000000004       8.39130350002331260E-004
   5169.5000000000000       9.67411870348152975E-004
   5170.3999999999996       1.02660619794209826E-003
   5171.3000000000002       9.25926649283396346E-004
   5172.1999999999998       7.76821955923598763E-004
   5173.1000000000004       7.83151653514848299E-004
   5174.0000000000000       9.54013294817740508E-004
   5174.8999999999996       1.11198726456972273E-003
   5175.8000000000002       1.15779875900843122E-003
   5176.6999999999998       1.15643870069167881E-003
   5177.6000000000004       1.17173487779329531E-003
   5178.5000000000000       1.18563516380453264E-003
   5179.3999999999996       1.17608264624904446E-003
   5180.3000000000002       1.15767280249844118E-003
   5181.1999999999998       1.11229228427333965E-003
   5182.1000000000004       9.81033871867349446E-004
   5183.0000000000000       7.96587004701261375E-004
   5183.8999999999996       7.41937130736677148E-004
   5184.8000000000002       8.85146413623197608E-004
   5185.6999999999998       1.06021142192226983E-003
   5186.6000000000004       1.14052869337495384E-003
   5187.5000000000000       1.13317495492301222E-003
   5188.3999999999996       1.11188901074495681E-003
   5189.3000000000002       1.14459280575715202E-003
   5190.1999999999998       1.16731129329226339E-003
   5191.1000000000004       1.08921470332741695E-003
   5192.0000000000000       9.92197789223594464E-004
   5192.8999999999996       1.00175578990533321E-003
   5193.8000000000002       1.06756779908797651E-003
   5194.6999999999998       1.07817716551062868E-003
   5195.6000000000004       1.06127230784804094E-003
   5196.5000000000000       1.07383201642815922E-003
   5197.3999999999996       1.09922292062980109E-003
   5198.3000000000002       1.12601295294886892E-003
   5199.1999999999998       1.15613452926908089E-003
   5200.1000000000004       1.17476451176957574E-003
   5201.0000000000000       1.17251526636392403E-003
   5201.8999999999996       1.15978518217017411E-003
   5202.8000000000002       1.15521496874871005E-003
   5203.6999999999998       1.13055144447400452E-003
   5204.6000000000004       1.06480328344172280E-003
   5205.5000000000000       1.01981604474923469E-003
   5206.3999999999996       1.03660564590475016E-003
   5207.3000000000002       1.05068438970952059E-003
   5208.1999999999998       1.02851373953504691E-003
   5209.1000000000004       1.03983774752362465E-003
   5210.0000000000000       1.08629926790124870E-003
   5210.8999999999996       1.12383348017851725E-003
   5211.8000000000002       1.15809238865412483E-003
   5212.6999999999998       1.19067045103177227E-003
   5213.6000000000004       1.19390144605580235E-003
   5214.5000000000000       1.14857997523319763E-003
   5215.3999999999996       1.08713985187582291E-003
   5216.3000000000002       1.06272068271596543E-003
   5217.1999999999998       1.08281692293378247E-003
   5218.1000000000004       1.12605606513557820E-003
   5219.0000000000000       1.16289012644404358E-003
   5219.8999999999996       1.17808021640483499E-003
   5220.8000000000002       1.18747742564709064E-003
   5221.6999999999998       1.18956199896126007E-003
   5222.6000000000004       1.16825444745020501E-003
   5223.5000000000000       1.12453256263448970E-003
   5224.3999999999996       1.06602362407058767E-003
   5225.3000000000002       9.94938397249131275E-004
   5226.1999999999998       9.25309972048506710E-004
   5227.1000000000004       9.22804357395396531E-004
   5228.0000000000000       1.02050719325937587E-003
   5228.8999999999996       1.11951589531902158E-003
   5229.8000000000002       1.15599318261863453E-003
   5230.6999999999998       1.17412494477246070E-003
   5231.6000000000004       1.16919108729204792E-003
   5232.5000000000000       1.12014289857836425E-003
   5233.3999999999996       1.08001185408712836E-003
   5234.3000000000002       1.07193917055434891E-003
   5235.1999999999998       1.08878669305807708E-003
   5236.1000000000004       1.13631853007811388E-003
   5237.0000000000000       1.18584405719472045E-003
   5237.8999999999996       1.20457638194636620E-003
   5238.8000000000002       1.19825312006523492E-003
   5239.6999999999998       1.19608656997200196E-003
   5240.6000000000004       1.20864144979571249E-003
   5241.5000000000000       1.20860892036032323E-003
   5242.3999999999996       1.18736726886739400E-003
   5243.3000000000002       1.18450720666814051E-003
   5244.1999999999998       1.21600519977941744E-003
   5245.1000000000004       1.23096288301657950E-003
   5246.0000000000000       1.17866218470551783E-003
   5246.8999999999996       1.10332853507642760E-003
   5247.8000000000002       1.08999825084434314E-003
   5248.6999999999998       1.10895238511718995E-003
   5249.6000000000004       1.08650938334139469E-003
   5250.5000000000000       1.06219437307976416E-003
   5251.3999999999996       1.08898634187112138E-003
   5252.3000000000002       1.12899192775502621E-003
   5253.1999999999998       1.13739912086740363E-003
   5254.1000000000004       1.10770197064920923E-003
   5255.0000000000000       1.07839686417280701E-003
   5255.8999999999996       1.11641561390078236E-003
   5256.8000000000002       1.19324418138911531E-003
   5257.6999999999998       1.23732356294274995E-003
   5258.6000000000004       1.24246850870422701E-003
   5259.5000000000000       1.22376200336888892E-003
   5260.3999999999996       1.18279984282479195E-003
   5261.3000000000002       1.11566971947067348E-003
   5262.1999999999998       1.04109609017749333E-003
   5263.1000000000004       9.86064754836194456E-004
   5264.0000000000000       9.49209530182573420E-004
   5264.8999999999996       9.18027779413754428E-004
   5265.8000000000002       9.15644208270314261E-004
   5266.6999999999998       9.83155442757841121E-004
   5267.6000000000004       1.05024889957795373E-003
   5268.5000000000000       9.99517194595702296E-004
   5269.3999999999996       8.94504093831513590E-004
   5270.3000000000002       9.05236347594164949E-004
   5271.1999999999998       1.02824128343352388E-003
   5272.1000000000004       1.10837606459837515E-003
   5273.0000000000000       1.10389116805071122E-003
   5273.8999999999996       1.07952706994456906E-003
   5274.8000000000002       1.05153178653032554E-003
   5275.6999999999998       1.05204756159871888E-003
   5276.6000000000004       1.12628110624071872E-003
   5277.5000000000000       1.21163391080465039E-003
   5278.3999999999996       1.23467422552612756E-003
   5279.3000000000002       1.20283117704530563E-003
   5280.1999999999998       1.15420034547032463E-003
   5281.1000000000004       1.12144537825206031E-003
   5282.0000000000000       1.10457638377498306E-003
   5282.8999999999996       1.08101072543887833E-003
   5283.8000000000002       1.06850683861132913E-003
   5284.6999999999998       1.12253279976432256E-003
   5285.6000000000004       1.21326735587186938E-003
   5286.5000000000000       1.25956771151657641E-003
   5287.3999999999996       1.25058535685163550E-003
   5288.3000000000002       1.23072017574669089E-003
   5289.1999999999998       1.23694925641709436E-003
   5290.1000000000004       1.26053626783009234E-003
   5291.0000000000000       1.26760825490847859E-003
   5291.8999999999996       1.24487283134320907E-003
   5292.8000000000002       1.21314451306896967E-003
   5293.6999999999998       1.20321804780848204E-003
   5294.6000000000004       1.20472978589231203E-003
   5295.5000000000000       1.17835644882430452E-003
   5296.3999999999996       1.10726707650934020E-003
   5297.3000000000002       1.03025201715645351E-003
   5298.1999999999998       1.02177674552742762E-003
   5299.1000000000004       1.09251413136949162E-003
   5300.0000000000000       1.14732858166306773E-003
   5300.8999999999996       1.14247536634848584E-003
   5301.8000000000002       1.13280369449907168E-003
   5302.6999999999998       1.16010968393758396E-003
   5303.6000000000004       1.21204995799662103E-003
   5304.5000000000000       1.25265264942667665E-003
   5305.3999999999996       1.25554474584271998E-003
   5306.3000000000002       1.22976680068388874E-003
   5307.1999999999998       1.20734421320985098E-003
   5308.1000000000004       1.21760711492310087E-003
   5309.0000000000000       1.24905422909554168E-003
   5309.8999999999996       1.26633703633287137E-003
   5310.8000000000002       1.26233985703838592E-003
   5311.6999999999998       1.24986574192753109E-003
   5312.6000000000004       1.23590348620430251E-003
   5313.5000000000000       1.22694731901233276E-003
   5314.3999999999996       1.22141193215650947E-003
   5315.3000000000002       1.19708412543646542E-003
   5316.1999999999998       1.15862431242594430E-003
   5317.1000000000004       1.15489956492278133E-003
   5318.0000000000000       1.18449158946834564E-003
   5318.8999999999996       1.19815708221543654E-003
   5319.8000000000002       1.19266802038708441E-003
   5320.6999999999998       1.18877130194927020E-003
   5321.6000000000004       1.18809403472884805E-003
   5322.5000000000000       1.17808349478915639E-003
   5323.3999999999996       1.14449149116217417E-003
   5324.3000000000002       1.11646941813934144E-003
   5325.1999999999998       1.12958915115237541E-003
   5326.1000000000004       1.13348910941899741E-003
   5327.0000000000000       1.05111006951628234E-003
   5327.8999999999996       9.29548455200566461E-004
   5328.8000000000002       9.23439447756767718E-004
   5329.6999999999998       1.04044260433759552E-003
   5330.6000000000004       1.14715161160894329E-003
   5331.5000000000000       1.17314214741161336E-003
   5332.3999999999996       1.15185245796291464E-003
   5333.3000000000002       1.15322895920438591E-003
   5334.1999999999998       1.19319690274796914E-003
   5335.1000000000004       1.22217391403797509E-003
   5336.0000000000000       1.21203357441351149E-003
   5336.8999999999996       1.19133586158363014E-003
   5337.8000000000002       1.18962145373367875E-003
   5338.6999999999998       1.17464590615573377E-003
   5339.6000000000004       1.11622483490495753E-003
   5340.5000000000000       1.07139938147917248E-003
   5341.3999999999996       1.10272929319048599E-003
   5342.3000000000002       1.16818696881853049E-003
   5343.1999999999998       1.20334325423063476E-003
   5344.1000000000004       1.20895062122149707E-003
   5345.0000000000000       1.18565604223256705E-003
   5345.8999999999996       1.16059345569302402E-003
   5346.8000000000002       1.16604117904203319E-003
   5347.6999999999998       1.16243709830350975E-003
   5348.6000000000004       1.13115292186108558E-003
   5349.5000000000000       1.12108977660977912E-003
   5350.3999999999996       1.16197858711217738E-003
   5351.3000000000002       1.20647126432785689E-003
   5352.1999999999998       1.21362489477643671E-003
   5353.1000000000004       1.20614853489086531E-003
   5354.0000000000000       1.22756775020565383E-003
   5354.8999999999996       1.26527081544192317E-003
   5355.8000000000002       1.28098128669385187E-003
   5356.6999999999998       1.27549929736245045E-003
   5357.6000000000004       1.26848392315470800E-003
   5358.5000000000000       1.26995783558462162E-003
   5359.3999999999996       1.27196654536777527E-003
   5360.3000000000002       1.25717821829918045E-003
   5361.1999999999998       1.22157811888336330E-003
   5362.1000000000004       1.19152662518309609E-003
   5363.0000000000000       1.18778850354602319E-003
   5363.8999999999996       1.18578046116403057E-003
   5364.8000000000002       1.16641844098067321E-003
   5365.6999999999998       1.16289249111884308E-003
   5366.6000000000004       1.17513191792569427E-003
   5367.5000000000000       1.17794191875425676E-003
   5368.3999999999996       1.16486264201565376E-003
   5369.3000000000002       1.12075534688705312E-003
   5370.1999999999998       1.06196630424445029E-003
   5371.1000000000004       1.04239510490343403E-003
   5372.0000000000000       1.09557201218663902E-003
   5372.8999999999996       1.17851540605336150E-003
   5373.8000000000002       1.22924570096327387E-003
   5374.6999999999998       1.25284701795492343E-003
   5375.6000000000004       1.25543031942258764E-003
   5376.5000000000000       1.23634526309539944E-003
   5377.3999999999996       1.22044558272847584E-003
   5378.3000000000002       1.21925399502291346E-003
   5379.1999999999998       1.21034162507217325E-003
   5380.1000000000004       1.19010439918955835E-003
   5381.0000000000000       1.17907815668156428E-003
   5381.8999999999996       1.18039148994399665E-003
   5382.8000000000002       1.17721648772487397E-003
   5383.6999999999998       1.18839785405863664E-003
   5384.6000000000004       1.21883858926268474E-003
   5385.5000000000000       1.22876022946130192E-003
   5386.3999999999996       1.21503604183746975E-003
   5387.3000000000002       1.20441108589238073E-003
   5388.1999999999998       1.19278336751540612E-003
   5389.1000000000004       1.17046595488308914E-003
   5390.0000000000000       1.15146564352723709E-003
   5390.8999999999996       1.14233054884535154E-003
   5391.8000000000002       1.13637498061488693E-003
   5392.6999999999998       1.13162629116558876E-003
   5393.6000000000004       1.13074228538608164E-003
   5394.5000000000000       1.13618103131237543E-003
   5395.3999999999996       1.12650104260111970E-003
   5396.3000000000002       1.07847509061653572E-003
   5397.1999999999998       1.04901734497183882E-003
   5398.1000000000004       1.09361468297531099E-003
   5399.0000000000000       1.14866798923746551E-003
   5399.8999999999996       1.15685796942085572E-003
   5400.8000000000002       1.15817816491100038E-003
   5401.6999999999998       1.17905253851733672E-003
   5402.6000000000004       1.16897937691138373E-003
   5403.5000000000000       1.10348463829559353E-003
   5404.3999999999996       1.03419667107778213E-003
   5405.3000000000002       1.00541184259517451E-003
   5406.1999999999998       1.03143996837022894E-003
   5407.1000000000004       1.08960591234253204E-003
   5408.0000000000000       1.12526623431568880E-003
   5408.8999999999996       1.10494111169346667E-003
   5409.8000000000002       1.07467597289378656E-003
   5410.6999999999998       1.09703379301882105E-003
   5411.6000000000004       1.15728850005621629E-003
   5412.5000000000000       1.19571840522290050E-003
   5413.3999999999996       1.19190045123331837E-003
   5414.3000000000002       1.17128784060998659E-003
   5415.1999999999998       1.17131461167569091E-003
   5416.1000000000004       1.19985534876573038E-003
   5417.0000000000000       1.22076771687072466E-003
   5417.8999999999996       1.21310375076732644E-003
   5418.8000000000002       1.18753931385674662E-003
   5419.6999999999998       1.15842019276537599E-003
   5420.6000000000004       1.14716750319089991E-003
   5421.5000000000000       1.17085554735316989E-003
   5422.3999999999996       1.18919495273571039E-003
   5423.3000000000002       1.15635975992122819E-003
   5424.1999999999998       1.11914462454856768E-003
   5425.1000000000004       1.14347688419642640E-003
   5426.0000000000000       1.20543044341257181E-003
   5426.8999999999996       1.24456307801774717E-003
   5427.8000000000002       1.21720703103249958E-003
   5428.6999999999998       1.12573956076868491E-003
   5429.6000000000004       1.06775891557244580E-003
   5430.5000000000000       1.11068498015206673E-003
   5431.3999999999996       1.16247720030376801E-003
   5432.3000000000002       1.14955665050513558E-003
   5433.1999999999998       1.11480083436294548E-003
   5434.1000000000004       1.09068692672538306E-003
   5435.0000000000000       1.08382461619508145E-003
   5435.8999999999996       1.09769673936003262E-003
   5436.8000000000002       1.13920012415703355E-003
   5437.6999999999998       1.20150655895242967E-003
   5438.6000000000004       1.24642639572048949E-003
   5439.5000000000000       1.25855142804755411E-003
   5440.3999999999996       1.25323521004965964E-003
   5441.3000000000002       1.24549729986011561E-003
   5442.1999999999998       1.24595290574891927E-003
   5443.1000000000004       1.24167179651274440E-003
   5444.0000000000000       1.21194462903631561E-003
   5444.8999999999996       1.15481063312297553E-003
   5445.8000000000002       1.08677406598208372E-003
   5446.6999999999998       1.05634298004871324E-003
   5447.6000000000004       1.11350166387018585E-003
   5448.5000000000000       1.20179078204602765E-003
   5449.3999999999996       1.24708134162031725E-003
   5450.3000000000002       1.24749223362451665E-003
   5451.1999999999998       1.23446446316481900E-003
   5452.1000000000004       1.22284712417719261E-003
   5453.0000000000000       1.20513295080954073E-003
   5453.8999999999996       1.16143740235924680E-003
   5454.8000000000002       1.09658010666346126E-003
   5455.6999999999998       1.08029694426664958E-003
   5456.6000000000004       1.14652162397809094E-003
   5457.5000000000000       1.22209607387566621E-003
   5458.3999999999996       1.25264157622824641E-003
   5459.3000000000002       1.24439664133821435E-003
   5460.1999999999998       1.21930974258302460E-003
   5461.1000000000004       1.18862463870631299E-003
   5462.0000000000000       1.14151451627664768E-003
   5462.8999999999996       1.10670695544790531E-003
   5463.8000000000002       1.13083017126207742E-003
   5464.6999999999998       1.18253275669761323E-003
   5465.6000000000004       1.19713843284225134E-003
   5466.5000000000000       1.18458611401375466E-003
   5467.3999999999996       1.19146608318412730E-003
   5468.3000000000002       1.20565230377071972E-003
   5469.1999999999998       1.19630855177183491E-003
   5470.1000000000004       1.17445077901010713E-003
   5471.0000000000000       1.17179689330574439E-003
   5471.8999999999996       1.17096472584488705E-003
   5472.8000000000002       1.14724653028282480E-003
   5473.6999999999998       1.13520109534051908E-003
   5474.6000000000004       1.13926036409786277E-003
   5475.5000000000000       1.09550362643215881E-003
   5476.3999999999996       1.02566123062402051E-003
   5477.3000000000002       1.03819800093481250E-003
   5478.1999999999998       1.12186738989175443E-003
   5479.1000000000004       1.17616894960062860E-003
   5480.0000000000000       1.15076215812999461E-003
   5480.8999999999996       1.09648240877986973E-003
   5481.8000000000002       1.08776871296672930E-003
   5482.6999999999998       1.11737240381090501E-003
   5483.6000000000004       1.16024556441978984E-003
   5484.5000000000000       1.20573665257432011E-003
   5485.3999999999996       1.22156325376702730E-003
   5486.3000000000002       1.18917203571536345E-003
   5487.1999999999998       1.14164542838762761E-003
   5488.1000000000004       1.13437123683295723E-003
   5489.0000000000000       1.15706065421159843E-003
   5489.8999999999996       1.16925608638126675E-003
   5490.8000000000002       1.18037654328851413E-003
   5491.6999999999998       1.18896209955705510E-003
   5492.6000000000004       1.17068480209993678E-003
   5493.5000000000000       1.14908659399250114E-003
   5494.3999999999996       1.16342223862983280E-003
   5495.3000000000002       1.19096914259900081E-003
   5496.1999999999998       1.18116146855987928E-003
   5497.1000000000004       1.15187816864078738E-003
   5498.0000000000000       1.16768111090350714E-003
   5498.8999999999996       1.21557129310417107E-003
   5499.8000000000002       1.22284318262004445E-003
   5500.6999999999998       1.17841538806650594E-003
   5501.6000000000004       1.13701282494914151E-003
   5502.5000000000000       1.13576282676680651E-003
   5503.3999999999996       1.15928701438277877E-003
   5504.3000000000002       1.17762240794312841E-003
   5505.1999999999998       1.16134559328484274E-003
   5506.1000000000004       1.12589667189020703E-003
   5507.0000000000000       1.12965764211642324E-003
   5507.8999999999996       1.16697455052687743E-003
   5508.8000000000002       1.18024904336046948E-003
   5509.6999999999998       1.16801886071707514E-003
   5510.6000000000004       1.15247326497095012E-003
   5511.5000000000000       1.12179550568011657E-003
   5512.3999999999996       1.09251683196360302E-003
   5513.3000000000002       1.09856983180236806E-003
   5514.1999999999998       1.12612108098167200E-003
   5515.1000000000004       1.15380845644433684E-003
   5516.0000000000000       1.16922947822962445E-003
   5516.8999999999996       1.18075750643164678E-003
   5517.8000000000002       1.20465815329023505E-003
   5518.6999999999998       1.22525385128011014E-003
   5519.6000000000004       1.22553576816530419E-003
   5520.5000000000000       1.21397661801028148E-003
   5521.3999999999996       1.20398291790063390E-003
   5522.3000000000002       1.20140355281005726E-003
   5523.1999999999998       1.20453650236801435E-003
   5524.1000000000004       1.20166008368276472E-003
   5525.0000000000000       1.18202075755293639E-003
   5525.8999999999996       1.15588785526177804E-003
   5526.8000000000002       1.12423298149017816E-003
   5527.6999999999998       1.09170557124683228E-003
   5528.6000000000004       1.09450066950399065E-003
   5529.5000000000000       1.14367110103554947E-003
   5530.3999999999996       1.18848408960566627E-003
   5531.3000000000002       1.19698517474584455E-003
   5532.1999999999998       1.18667631445316859E-003
   5533.1000000000004       1.17657985585651486E-003
   5534.0000000000000       1.15821669807918853E-003
   5534.8999999999996       1.13779372505251521E-003
   5535.8000000000002       1.14844238728574661E-003
   5536.6999999999998       1.17366316338932066E-003
   5537.6000000000004       1.17961550017044495E-003
   5538.5000000000000       1.18243766427034202E-003
   5539.3999999999996       1.20196034255765018E-003
   5540.3000000000002       1.22540111842050093E-003
   5541.1999999999998       1.23053852292003387E-003
   5542.1000000000004       1.20713101920730498E-003
   5543.0000000000000       1.17453931548651717E-003
   5543.8999999999996       1.16751972086864982E-003
   5544.8000000000002       1.17786661051149126E-003
   5545.6999999999998       1.17648490989846191E-003
   5546.6000000000004       1.17932500224926019E-003
   5547.5000000000000       1.20623357378945206E-003
   5548.3999999999996       1.23172085844820548E-003
   5549.3000000000002       1.23670229882013737E-003
   5550.1999999999998       1.23703305017747981E-003
   5551.1000000000004       1.23554989685930715E-003
   5552.0000000000000       1.21956782670584870E-003
   5552.8999999999996       1.19033208255294159E-003
   5553.8000000000002       1.16762389159628293E-003
   5554.6999999999998       1.16987619894723502E-003
   5555.6000000000004       1.19005822274266516E-003
   5556.5000000000000       1.20186511988903586E-003
   5557.3999999999996       1.19632499034755865E-003
   5558.3000000000002       1.19135983839920826E-003
   5559.1999999999998       1.19619061251420339E-003
   5560.1000000000004       1.19933298742049563E-003
   5561.0000000000000       1.19473442790958995E-003
   5561.8999999999996       1.17446279871637822E-003
   5562.8000000000002       1.15174175026508830E-003
   5563.6999999999998       1.15000732974013557E-003
   5564.6000000000004       1.15490581268500449E-003
   5565.5000000000000       1.14735728251376227E-003
   5566.3999999999996       1.14333932664851200E-003
   5567.3000000000002       1.15336634099862481E-003
   5568.1999999999998       1.15886679647958274E-003
   5569.1000000000004       1.15189834593698863E-003
   5570.0000000000000       1.16078713524204124E-003
   5570.8999999999996       1.18139304438893045E-003
   5571.8000000000002       1.16443958619282927E-003
   5572.6999999999998       1.13409084508692766E-003
   5573.6000000000004       1.15305817007700260E-003
   5574.5000000000000       1.19099704584008461E-003
   5575.3999999999996       1.19040237917479651E-003
   5576.3000000000002       1.17631601619829613E-003
   5577.1999999999998       1.18152181967264166E-003
   5578.1000000000004       1.18433567624337131E-003
   5579.0000000000000       1.18490669686285703E-003
   5579.8999999999996       1.19632843134300534E-003
   5580.8000000000002       1.19503462670243602E-003
   5581.6999999999998       1.17965618661877627E-003
   5582.6000000000004       1.17755403914654314E-003
   5583.5000000000000       1.18509883498184223E-003
   5584.3999999999996       1.17760615172724957E-003
   5585.3000000000002       1.14756663497016546E-003
   5586.1999999999998       1.09998021758725330E-003
   5587.1000000000004       1.05866293181793459E-003
   5588.0000000000000       1.04461778192046768E-003
   5588.8999999999996       1.05571980697340769E-003
   5589.8000000000002       1.08632008726599542E-003
   5590.6999999999998       1.12033681252522071E-003
   5591.6000000000004       1.13628488314348845E-003
   5592.5000000000000       1.13188864324485512E-003
   5593.3999999999996       1.11747691218812869E-003
   5594.3000000000002       1.11525348901303023E-003
   5595.1999999999998       1.15213724887115255E-003
   5596.1000000000004       1.19883561741938481E-003
   5597.0000000000000       1.19521337246453196E-003
   5597.8999999999996       1.15304984038135843E-003
   5598.8000000000002       1.12857844719257581E-003
   5599.6999999999998       1.12791200717626242E-003
   5600.6000000000004       1.11608917629662250E-003
   5601.5000000000000       1.09111995056936128E-003
   5602.3999999999996       1.08178892377461125E-003
   5603.3000000000002       1.11433855267129163E-003
   5604.1999999999998       1.17818303880257592E-003
   5605.1000000000004       1.22805648877072631E-003
   5606.0000000000000       1.24246402791921011E-003
   5606.8999999999996       1.23923034627546058E-003
   5607.8000000000002       1.23485227597732242E-003
   5608.6999999999998       1.23225267458417745E-003
   5609.6000000000004       1.22822603020125579E-003
   5610.5000000000000       1.22692816883796744E-003
   5611.3999999999996       1.23548995860928114E-003
   5612.3000000000002       1.24398533383019826E-003
   5613.1999999999998       1.22301292120934545E-003
   5614.1000000000004       1.15105661408290510E-003
   5615.0000000000000       1.07118670733888214E-003
   5615.8999999999996       1.06319827143448948E-003
   5616.8000000000002       1.12359875653491085E-003
   5617.6999999999998       1.17289272431618324E-003
   5618.6000000000004       1.17554067668778424E-003
   5619.5000000000000       1.16463385672302693E-003
   5620.3999999999996       1.17236065424382980E-003
   5621.3000000000002       1.19500466218540389E-003
   5622.1999999999998       1.20251134621312682E-003
   5623.1000000000004       1.17000322413912216E-003
   5624.0000000000000       1.11621991147443402E-003
   5624.8999999999996       1.09756706190231577E-003
   5625.8000000000002       1.12969499825546537E-003
   5626.6999999999998       1.16548230869338489E-003
   5627.6000000000004       1.18280772984915758E-003
   5628.5000000000000       1.20261672508735202E-003
   5629.3999999999996       1.22820878997306391E-003
   5630.3000000000002       1.24144294290134591E-003
   5631.1999999999998       1.23930416800941160E-003
   5632.1000000000004       1.22995287491906892E-003
   5633.0000000000000       1.21514950638827507E-003
   5633.8999999999996       1.19461743857795393E-003
   5634.8000000000002       1.17841773358583505E-003
   5635.6999999999998       1.16622324490635071E-003
   5636.6000000000004       1.14830307761189980E-003
   5637.5000000000000       1.13785794052545064E-003
   5638.3999999999996       1.15564266418634277E-003
   5639.3000000000002       1.17746640020280368E-003
   5640.1999999999998       1.16445501585021849E-003
   5641.1000000000004       1.13563474130865460E-003
   5642.0000000000000       1.13723907760602139E-003
   5642.8999999999996       1.15916335504679551E-003
   5643.8000000000002       1.16814945477795059E-003
   5644.6999999999998       1.17334041558459488E-003
   5645.6000000000004       1.18455710903112976E-003
   5646.5000000000000       1.19683121658866018E-003
   5647.3999999999996       1.20456598725185611E-003
   5648.3000000000002       1.19757975223848466E-003
   5649.1999999999998       1.17786578375674716E-003
   5650.1000000000004       1.16734118436135053E-003
   5651.0000000000000       1.18187839237422852E-003
   5651.8999999999996       1.20199313315748997E-003
   5652.8000000000002       1.20030802478119617E-003
   5653.6999999999998       1.17147509715512504E-003
   5654.6000000000004       1.13978504557117502E-003
   5655.5000000000000       1.14287181022130167E-003
   5656.3999999999996       1.15316972476959905E-003
   5657.3000000000002       1.10381355449348838E-003
   5658.1999999999998       1.03527281357486704E-003
   5659.1000000000004       1.04749431801498473E-003
   5660.0000000000000       1.11592536821501298E-003
   5660.8999999999996       1.14348817177920719E-003
   5661.8000000000002       1.11805194993472691E-003
   5662.6999999999998       1.10704084826236454E-003
   5663.6000000000004       1.14257709759782227E-003
   5664.5000000000000       1.18200039632332344E-003
   5665.3999999999996       1.18757603272199230E-003
   5666.3000000000002       1.16565812649902889E-003
   5667.1999999999998       1.14601105820818865E-003
   5668.1000000000004       1.14747577505325488E-003
   5669.0000000000000       1.15799777307856950E-003
   5669.8999999999996       1.16648973247490207E-003
   5670.8000000000002       1.17841000271485499E-003
   5671.6999999999998       1.20121156465894589E-003
   5672.6000000000004       1.22818489096586012E-003
   5673.5000000000000       1.23733261103217153E-003
   5674.3999999999996       1.22415414298089479E-003
   5675.3000000000002       1.21052518289540027E-003
   5676.1999999999998       1.21879568454440592E-003
   5677.1000000000004       1.22825011455209541E-003
   5678.0000000000000       1.21717009064092256E-003
   5678.8999999999996       1.20133747153918662E-003
   5679.8000000000002       1.20049792174455072E-003
   5680.6999999999998       1.19883050414518254E-003
   5681.6000000000004       1.16723129006320232E-003
   5682.5000000000000       1.13193427573992375E-003
   5683.3999999999996       1.12849658570373019E-003
   5684.3000000000002       1.14413655442990327E-003
   5685.1999999999998       1.15682246011194361E-003
   5686.1000000000004       1.15248792956385471E-003
   5687.0000000000000       1.13502922730651700E-003
   5687.8999999999996       1.12431017742857606E-003
   5688.8000000000002       1.13914543878315981E-003
   5689.6999999999998       1.16840511593615409E-003
   5690.6000000000004       1.18484112398662962E-003
   5691.5000000000000       1.19618982230209150E-003
   5692.3999999999996       1.20787909817096921E-003
   5693.3000000000002       1.20564679308566235E-003
   5694.1999999999998       1.19385128643241111E-003
   5695.1000000000004       1.19301523797979035E-003
   5696.0000000000000       1.20508553319316849E-003
   5696.8999999999996       1.20296729943880653E-003
   5697.8000000000002       1.17640535807968737E-003
   5698.6999999999998       1.15517638120810539E-003
   5699.6000000000004       1.14903108022100303E-003
   5700.5000000000000       1.13303194596317373E-003
   5701.3999999999996       1.11541614028370733E-003
   5702.3000000000002       1.12431095285625256E-003
   5703.1999999999998       1.15127545870871966E-003
   5704.1000000000004       1.16662429365069448E-003
   5705.0000000000000       1.15136158795579738E-003
   5705.8999999999996       1.11830114015062519E-003
   5706.8000000000002       1.09565226748728874E-003
   5707.6999999999998       1.07910019555300125E-003
   5708.6000000000004       1.05805295013332258E-003
   5709.5000000000000       1.05294401274091324E-003
   5710.3999999999996       1.06419771156251509E-003
   5711.3000000000002       1.06647067610450411E-003
   5712.1999999999998       1.08644565536166913E-003
   5713.1000000000004       1.13817562339402168E-003
   5714.0000000000000       1.17375943643118993E-003
   5714.8999999999996       1.18047721198397582E-003
   5715.8000000000002       1.18723128101269008E-003
   5716.6999999999998       1.19173585709523937E-003
   5717.6000000000004       1.18807928259428682E-003
   5718.5000000000000       1.19441771640836159E-003
   5719.3999999999996       1.20828435900198548E-003
   5720.3000000000002       1.21584599855990958E-003
   5721.1999999999998       1.22321722327883289E-003
   5722.1000000000004       1.23369092889067354E-003
   5723.0000000000000       1.23825094161483600E-003
   5723.8999999999996       1.23859003307270964E-003
   5724.8000000000002       1.23564747269211492E-003
   5725.6999999999998       1.22030402091760008E-003
   5726.6000000000004       1.19392703986655148E-003
   5727.5000000000000       1.18482715771155958E-003
   5728.3999999999996       1.20553307328277108E-003
   5729.3000000000002       1.22231655206284464E-003
   5730.1999999999998       1.20957127134062596E-003
   5731.1000000000004       1.18049610873500782E-003
   5732.0000000000000       1.17211163324267508E-003
   5732.8999999999996       1.19608827960306996E-003
   5733.8000000000002       1.22093067469408322E-003
   5734.6999999999998       1.23207963014893441E-003
   5735.6000000000004       1.23175823916835017E-003
   5736.5000000000000       1.22324394754461151E-003
   5737.3999999999996       1.21441225435537444E-003
   5738.3000000000002       1.21272084758907166E-003
   5739.1999999999998       1.21139829148177083E-003
   5740.1000000000004       1.20898093798806104E-003
   5741.0000000000000       1.20416267705386278E-003
   5741.8999999999996       1.19908101854784973E-003
   5742.8000000000002       1.19899582109936017E-003
   5743.6999999999998       1.20702904538038422E-003
   5744.6000000000004       1.22066266177150583E-003
   5745.5000000000000       1.22770368112766416E-003
   5746.3999999999996       1.21298614368092880E-003
   5747.3000000000002       1.17889020121645402E-003
   5748.1999999999998       1.16086714439202383E-003
   5749.1000000000004       1.18360497208342373E-003
   5750.0000000000000       1.21677473800741657E-003
   5750.8999999999996       1.22140648038951763E-003
   5751.8000000000002       1.18881028255042186E-003
   5752.6999999999998       1.14061428688718054E-003
   5753.6000000000004       1.10771880852203247E-003
   5754.5000000000000       1.11468900366647823E-003
   5755.3999999999996       1.15896774343582387E-003
   5756.3000000000002       1.20289176842326684E-003
   5757.1999999999998       1.22423634244060416E-003
   5758.1000000000004       1.22750325981161733E-003
   5759.0000000000000       1.21486593885479759E-003
   5759.8999999999996       1.19178298722237303E-003
   5760.8000000000002       1.16735164542132561E-003
   5761.6999999999998       1.14244938128753629E-003
   5762.6000000000004       1.13139035501764150E-003
   5763.5000000000000       1.15976797253838481E-003
   5764.3999999999996       1.21001081596976015E-003
   5765.3000000000002       1.23869003998849686E-003
   5766.1999999999998       1.24352849489336699E-003
   5767.1000000000004       1.24341617249112599E-003
   5768.0000000000000       1.23871010635109272E-003
   5768.8999999999996       1.22939357971035487E-003
   5769.8000000000002       1.22453366465511164E-003
   5770.6999999999998       1.21954755965729346E-003
   5771.6000000000004       1.20682473563421175E-003
   5772.5000000000000       1.19653332989563821E-003
   5773.3999999999996       1.19600991239497928E-003
   5774.3000000000002       1.19359303963157705E-003
   5775.1999999999998       1.19663287675936822E-003
   5776.1000000000004       1.21408207784604971E-003
   5777.0000000000000       1.22778203235817925E-003
   5777.8999999999996       1.22480097379970912E-003
   5778.8000000000002       1.20329664801931829E-003
   5779.6999999999998       1.16344727247444510E-003
   5780.6000000000004       1.11453644603813130E-003
   5781.5000000000000       1.08779536136787152E-003
   5782.3999999999996       1.09834449241615973E-003
   5783.3000000000002       1.11560196006005676E-003
   5784.1999999999998       1.10830953995155962E-003
   5785.1000000000004       1.09652293745619422E-003
   5786.0000000000000       1.11867604045985192E-003
   5786.8999999999996       1.16234773474881343E-003
   5787.8000000000002       1.19184176584801360E-003
   5788.6999999999998       1.20445026722715070E-003
   5789.6000000000004       1.19785376109205247E-003
   5790.5000000000000       1.17184265008194355E-003
   5791.3999999999996       1.15862326309589133E-003
   5792.3000000000002       1.16856564786801368E-003
   5793.1999999999998       1.18128596974376924E-003
   5794.1000000000004       1.19540456187810324E-003
   5795.0000000000000       1.21152785048813240E-003
   5795.8999999999996       1.20952226926935419E-003
   5796.8000000000002       1.18194971814446106E-003
   5797.6999999999998       1.15807267681190861E-003
   5798.6000000000004       1.17057345035909231E-003
   5799.5000000000000       1.20569209387232112E-003
   5800.3999999999996       1.22603879646690506E-003
   5801.3000000000002       1.23084385200588286E-003
   5802.1999999999998       1.22748864970466604E-003
   5803.1000000000004       1.20792111140254261E-003
   5804.0000000000000       1.17532756596713047E-003
   5804.8999999999996       1.15264104161430189E-003
   5805.8000000000002       1.15344147043549400E-003
   5806.6999999999998       1.16700297747108638E-003
   5807.6000000000004       1.17876522064744500E-003
   5808.5000000000000       1.18411343884310236E-003
   5809.3999999999996       1.19129795194538842E-003
   5810.3000000000002       1.20356970943121455E-003
   5811.1999999999998       1.21135985022757689E-003
   5812.1000000000004       1.21298023406208092E-003
   5813.0000000000000       1.21453043621169753E-003
   5813.8999999999996       1.20713590204351022E-003
   5814.8000000000002       1.18360224879888120E-003
   5815.6999999999998       1.16177218126033870E-003
   5816.6000000000004       1.16394926793195533E-003
   5817.5000000000000       1.19201404791982450E-003
   5818.3999999999996       1.22132813244411539E-003
   5819.3000000000002       1.23351050348254076E-003
   5820.1999999999998       1.23444637743742869E-003
   5821.1000000000004       1.23466319312918473E-003
   5822.0000000000000       1.23296264296033557E-003
   5822.8999999999996       1.22783626911965663E-003
   5823.8000000000002       1.22502811892003438E-003
   5824.6999999999998       1.23077878403730087E-003
   5825.6000000000004       1.23303183550331290E-003
   5826.5000000000000       1.22747458506033144E-003
   5827.3999999999996       1.22290910709828347E-003
   5828.3000000000002       1.22538742252467224E-003
   5829.1999999999998       1.23332500131204895E-003
   5830.1000000000004       1.23401164272553742E-003
   5831.0000000000000       1.22617890401709802E-003
   5831.8999999999996       1.22199711842730274E-003
   5832.8000000000002       1.22189302619280828E-003
   5833.6999999999998       1.21593264387609965E-003
   5834.6000000000004       1.20833402779803247E-003
   5835.5000000000000       1.21337824137338892E-003
   5836.3999999999996       1.22179544931163534E-003
   5837.3000000000002       1.21403239411949256E-003
   5838.1999999999998       1.20512670121930825E-003
   5839.1000000000004       1.21485361248401609E-003
   5840.0000000000000       1.23289222402687471E-003
   5840.8999999999996       1.24165292401523541E-003
   5841.8000000000002       1.24065541565648776E-003
   5842.6999999999998       1.23885441666855985E-003
   5843.6000000000004       1.23865463189834772E-003
   5844.5000000000000       1.23265437587525705E-003
   5845.3999999999996       1.21795362593209340E-003
   5846.3000000000002       1.20125883975550772E-003
   5847.1999999999998       1.19100067026488244E-003
   5848.1000000000004       1.19464325588615342E-003
   5849.0000000000000       1.20889124783595155E-003
   5849.8999999999996       1.21949856130572874E-003
   5850.8000000000002       1.21596513895269229E-003
   5851.6999999999998       1.19508152211518525E-003
   5852.6000000000004       1.16315237676476910E-003
   5853.5000000000000       1.14379984923638546E-003
   5854.3999999999996       1.15513528041301318E-003
   5855.3000000000002       1.17055122728049687E-003
   5856.1999999999998       1.15473418929423711E-003
   5857.1000000000004       1.11890285855340151E-003
   5858.0000000000000       1.10760620539951502E-003
   5858.8999999999996       1.13154287292156872E-003
   5859.8000000000002       1.16332726705424007E-003
   5860.6999999999998       1.18402898443945720E-003
   5861.6000000000004       1.18262941872434159E-003
   5862.5000000000000       1.17609068521195626E-003
   5863.3999999999996       1.18784325390312862E-003
   5864.3000000000002       1.20578115655081740E-003
   5865.1999999999998       1.20267092207794013E-003
   5866.1000000000004       1.18074696843842070E-003
   5867.0000000000000       1.17235656460107905E-003
   5867.8999999999996       1.18825752568247657E-003
   5868.8000000000002       1.20982583467104179E-003
   5869.6999999999998       1.22449029751979066E-003
   5870.6000000000004       1.22851529004957085E-003
   5871.5000000000000       1.22458711530448608E-003
   5872.3999999999996       1.21631389432530945E-003
   5873.3000000000002       1.20979493221005084E-003
   5874.1999999999998       1.21444638695187624E-003
   5875.1000000000004       1.22339822847662857E-003
   5876.0000000000000       1.22442677794434873E-003
   5876.8999999999996       1.21560548370901536E-003
   5877.8000000000002       1.20585724286253766E-003
   5878.6999999999998       1.19819917874738999E-003
   5879.6000000000004       1.18623954714829559E-003
   5880.5000000000000       1.18000057950827129E-003
   5881.3999999999996       1.18944224225178414E-003
   5882.3000000000002       1.19545181869420395E-003
   5883.1999999999998       1.18371803255975573E-003
   5884.1000000000004       1.17859186049753487E-003
   5885.0000000000000       1.19480518972041598E-003
   5885.8999999999996       1.21087910568544910E-003
   5886.8000000000002       1.20684345526553098E-003
   5887.6999999999998       1.16645442409495526E-003
   5888.6000000000004       1.06250869454815162E-003
   5889.5000000000000       9.35388423697943805E-004
   5890.3999999999996       9.13870973820910633E-004
   5891.3000000000002       1.00652547287242121E-003
   5892.1999999999998       1.08875875678798167E-003
   5893.1000000000004       1.12026292707498049E-003
   5894.0000000000000       1.11586384037638342E-003
   5894.8999999999996       1.04928484998825918E-003
   5895.8000000000002       9.74600255410044622E-004
   5896.6999999999998       1.00288960138914625E-003
   5897.6000000000004       1.09641085222264112E-003
   5898.5000000000000       1.14566812421241495E-003
   5899.3999999999996       1.15480717823439240E-003
   5900.3000000000002       1.17171623753864148E-003
   5901.1999999999998       1.19198411459471858E-003
   5902.1000000000004       1.19837724131267040E-003
   5903.0000000000000       1.19856377843415517E-003
   5903.8999999999996       1.19699516110000482E-003
   5904.8000000000002       1.18586069274137138E-003
   5905.6999999999998       1.17381763153547231E-003
   5906.6000000000004       1.17754077297757662E-003
   5907.5000000000000       1.19254728220137053E-003
   5908.3999999999996       1.20091159412271677E-003
   5909.3000000000002       1.19639997162234390E-003
   5910.1999999999998       1.19593471714529633E-003
   5911.1000000000004       1.20868137830228259E-003
   5912.0000000000000       1.21219122362996789E-003
   5912.8999999999996       1.18836781603826069E-003
   5913.8000000000002       1.15327697598250982E-003
   5914.6999999999998       1.13613406795266998E-003
   5915.6000000000004       1.14165538245112404E-003
   5916.5000000000000       1.15897609624717379E-003
   5917.3999999999996       1.18123834992181205E-003
   5918.3000000000002       1.19496286381454327E-003
   5919.1999999999998       1.20080441453790897E-003
   5920.1000000000004       1.20541757861095025E-003
   5921.0000000000000       1.20261419079097163E-003
   5921.8999999999996       1.19208682742147224E-003
   5922.8000000000002       1.18945233822642530E-003
   5923.6999999999998       1.19918318026487848E-003
   5924.6000000000004       1.21157232177654590E-003
   5925.5000000000000       1.21838392960922745E-003
   5926.3999999999996       1.21344497818754024E-003
   5927.3000000000002       1.19881602973393917E-003
   5928.1999999999998       1.18074852963256601E-003
   5929.1000000000004       1.15769523518367335E-003
   5930.0000000000000       1.14686741812474618E-003
   5930.8999999999996       1.16902790861628247E-003
   5931.8000000000002       1.20091155560024423E-003
   5932.6999999999998       1.21030644016163671E-003
   5933.6000000000004       1.18982561578158549E-003
   5934.5000000000000       1.16553275914947564E-003
   5935.3999999999996       1.17129911381655643E-003
   5936.3000000000002       1.19370771026533571E-003
   5937.1999999999998       1.20360301946983560E-003
   5938.1000000000004       1.20695516398895654E-003
   5939.0000000000000       1.21261976604751000E-003
   5939.8999999999996       1.20472354372569532E-003
   5940.8000000000002       1.18275490924063444E-003
   5941.6999999999998       1.16947555117597108E-003
   5942.6000000000004       1.17138597548047140E-003
   5943.5000000000000       1.18352283430376909E-003
   5944.3999999999996       1.20013286927149617E-003
   5945.3000000000002       1.21306395875171941E-003
   5946.1999999999998       1.21217693595995573E-003
   5947.1000000000004       1.19351233546352966E-003
   5948.0000000000000       1.16191238203557133E-003
   5948.8999999999996       1.14309868766025204E-003
   5949.8000000000002       1.15991670060546425E-003
   5950.6999999999998       1.18565155190560934E-003
   5951.6000000000004       1.17908969725204682E-003
   5952.5000000000000       1.15078766224895632E-003
   5953.3999999999996       1.15026928149477019E-003
   5954.3000000000002       1.18018101232837116E-003
   5955.1999999999998       1.19482205978477469E-003
   5956.1000000000004       1.17605540210209344E-003
   5957.0000000000000       1.15503917409435640E-003
   5957.8999999999996       1.15907480468833393E-003
   5958.8000000000002       1.17952444986463225E-003
   5959.6999999999998       1.20021372363490688E-003
   5960.6000000000004       1.21217204117756252E-003
   5961.5000000000000       1.21601933351241477E-003
   5962.3999999999996       1.21591101344146460E-003
   5963.3000000000002       1.21643802931565453E-003
   5964.1999999999998       1.21029057881298727E-003
   5965.1000000000004       1.19261737989900113E-003
   5966.0000000000000       1.18314492511360195E-003
   5966.8999999999996       1.19515260923237321E-003
   5967.8000000000002       1.20968668387393683E-003
   5968.6999999999998       1.21497991967544836E-003
   5969.6000000000004       1.21745202086858632E-003
   5970.5000000000000       1.22143739628669044E-003
   5971.3999999999996       1.22486184529976014E-003
   5972.3000000000002       1.22516312260748540E-003
   5973.1999999999998       1.22208683848615534E-003
   5974.1000000000004       1.21047014440102776E-003
   5975.0000000000000       1.18645765601144973E-003
   5975.8999999999996       1.16267772960692672E-003
   5976.8000000000002       1.15492403471419971E-003
   5977.6999999999998       1.16207887096629256E-003
   5978.6000000000004       1.17639976253463272E-003
   5979.5000000000000       1.19682787958898186E-003
   5980.3999999999996       1.21439988714211965E-003
   5981.3000000000002       1.21768915986925443E-003
   5982.1999999999998       1.20104392996307004E-003
   5983.1000000000004       1.16395217227097895E-003
   5984.0000000000000       1.12835823059509281E-003
   5984.8999999999996       1.12846712456725448E-003
   5985.8000000000002       1.15390933247231818E-003
   5986.6999999999998       1.16902038483053983E-003
   5987.6000000000004       1.17371511389562609E-003
   5988.5000000000000       1.18434615253618395E-003
   5989.3999999999996       1.19521934541054822E-003
   5990.3000000000002       1.18933278734157950E-003
   5991.1999999999998       1.17216519697985818E-003
   5992.1000000000004       1.17160348080489612E-003
   5993.0000000000000       1.19094675419374654E-003
   5993.8999999999996       1.20567618710510846E-003
   5994.8000000000002       1.20399860933139129E-003
   5995.6999999999998       1.18831405549148228E-003
   5996.6000000000004       1.16357102808473654E-003
   5997.5000000000000       1.14379415581686099E-003
   5998.3999999999996       1.14857818827372184E-003
   5999.3000000000002       1.16961304980361838E-003
   6000.1999999999998       1.18593578780936044E-003
   6001.1000000000004       1.18864235816127403E-003
   6002.0000000000000       1.17294165161533574E-003
   6002.8999999999996       1.15588794916181856E-003
   6003.8000000000002       1.16137048952354854E-003
   6004.6999999999998       1.17295797895405353E-003
   6005.6000000000004       1.16516224766715108E-003
   6006.5000000000000       1.14268837149512610E-003
   6007.3999999999996       1.11095823583632811E-003
   6008.3000000000002       1.09866689617621146E-003
   6009.1999999999998       1.13272416617124917E-003
   6010.1000000000004       1.17589770158153762E-003
   6011.0000000000000       1.18503375289679791E-003
   6011.8999999999996       1.16334794421182170E-003
   6012.8000000000002       1.13850607058086804E-003
   6013.6999999999998       1.13555639462071200E-003
   6014.6000000000004       1.15177948643151781E-003
   6015.5000000000000       1.15655914467287539E-003
   6016.3999999999996       1.14672263993284953E-003
   6017.3000000000002       1.14994634882097666E-003
   6018.1999999999998       1.15997364383706408E-003
   6019.1000000000004       1.14579723241606908E-003
   6020.0000000000000       1.11798547003599509E-003
   6020.8999999999996       1.11236262615145337E-003
   6021.8000000000002       1.12791476683431224E-003
   6022.6999999999998       1.14202969942611568E-003
   6023.6000000000004       1.14528144481475767E-003
   6024.5000000000000       1.15198713786678324E-003
   6025.3999999999996       1.16714229453564384E-003
   6026.3000000000002       1.16860852332066958E-003
   6027.1999999999998       1.16241495202278077E-003
   6028.1000000000004       1.17150208542295587E-003
   6029.0000000000000       1.18611776258528115E-003
   6029.8999999999996       1.19041598265375915E-003
   6030.8000000000002       1.18944701371087114E-003
   6031.6999999999998       1.19342383631098671E-003
   6032.6000000000004       1.20078900467716302E-003
   6033.5000000000000       1.20059006573213422E-003
   6034.3999999999996       1.19845045453043824E-003
   6035.3000000000002       1.20021969873275935E-003
   6036.1999999999998       1.20379953798014543E-003
   6037.1000000000004       1.20677933482545908E-003
   6038.0000000000000       1.20551768491290821E-003
   6038.8999999999996       1.19856721029578468E-003
   6039.8000000000002       1.18878672698648604E-003
   6040.6999999999998       1.18219710823459908E-003
   6041.6000000000004       1.17483680107952201E-003
   6042.5000000000000       1.17599950742890017E-003
   6043.3999999999996       1.19002193052443321E-003
   6044.3000000000002       1.19982446484663964E-003
   6045.1999999999998       1.20053901016778310E-003
   6046.1000000000004       1.19921744800097641E-003
   6047.0000000000000       1.20069078594351700E-003
   6047.8999999999996       1.20399442821954089E-003
   6048.8000000000002       1.20504178280075739E-003
   6049.6999999999998       1.20827500374461830E-003
   6050.6000000000004       1.21025926202604191E-003
   6051.5000000000000       1.20666042802743015E-003
   6052.3999999999996       1.19512005405960167E-003
   6053.3000000000002       1.18277873353008758E-003
   6054.1999999999998       1.17596009956491684E-003
   6055.1000000000004       1.16885992627978655E-003
   6056.0000000000000       1.16198745519333090E-003
   6056.8999999999996       1.16888421482790159E-003
   6057.8000000000002       1.18775841306415961E-003
   6058.6999999999998       1.20078609578365132E-003
   6059.6000000000004       1.20410367996447209E-003
   6060.5000000000000       1.20345085236850760E-003
   6061.3999999999996       1.19613105855096141E-003
   6062.3000000000002       1.18276876170130777E-003
   6063.1999999999998       1.16926614833311312E-003
   6064.1000000000004       1.14947675414453672E-003
   6065.0000000000000       1.12455207016006961E-003
   6065.8999999999996       1.12829943151490837E-003
   6066.8000000000002       1.16644796500378384E-003
   6067.6999999999998       1.19776205701093135E-003
   6068.6000000000004       1.20691835163456388E-003
   6069.5000000000000       1.20754407261218673E-003
   6070.3999999999996       1.20801528435593897E-003
   6071.3000000000002       1.20820782869905186E-003
   6072.1999999999998       1.21127297125731416E-003
   6073.1000000000004       1.21390713252604349E-003
   6074.0000000000000       1.21243447382489824E-003
   6074.8999999999996       1.20915447688015217E-003
   6075.8000000000002       1.20075000682688020E-003
   6076.6999999999998       1.18489731869277559E-003
   6077.6000000000004       1.15944469065159031E-003
   6078.5000000000000       1.14052351121061773E-003
   6079.3999999999996       1.14875989636741482E-003
   6080.3000000000002       1.16573985556389539E-003
   6081.1999999999998       1.16109633254869596E-003
   6082.1000000000004       1.14403301270914084E-003
   6083.0000000000000       1.14132933697803853E-003
   6083.8999999999996       1.14774881943110422E-003
   6084.8000000000002       1.14252137725899300E-003
   6085.6999999999998       1.13673231174585580E-003
   6086.6000000000004       1.14428933731508271E-003
   6087.5000000000000       1.15959784131346080E-003
   6088.3999999999996       1.16336512004299787E-003
   6089.3000000000002       1.14712515815880130E-003
   6090.1999999999998       1.13168292312968701E-003
   6091.1000000000004       1.13427783648129780E-003
   6092.0000000000000       1.14143276829881775E-003
   6092.8999999999996       1.14427205788151165E-003
   6093.8000000000002       1.15458763720691516E-003
   6094.6999999999998       1.17272767283261854E-003
   6095.6000000000004       1.17891122706461357E-003
   6096.5000000000000       1.16716923723094563E-003
   6097.3999999999996       1.15951287476039749E-003
   6098.3000000000002       1.16718772508160357E-003
   6099.1999999999998       1.18040209292277309E-003
   6100.1000000000004       1.18249456939628129E-003
   6101.0000000000000       1.15346407194335393E-003
   6101.8999999999996       1.09024358496933736E-003
   6102.8000000000002       1.04946344313282020E-003
   6103.6999999999998       1.08451247558032766E-003
   6104.6000000000004       1.14862351858049678E-003
   6105.5000000000000       1.17726866140411245E-003
   6106.3999999999996       1.17116442512813271E-003
   6107.3000000000002       1.15244627773534352E-003
   6108.1999999999998       1.14772098864720194E-003
   6109.1000000000004       1.16546578672030205E-003
   6110.0000000000000       1.17757854445415394E-003
   6110.8999999999996       1.16637532288428559E-003
   6111.8000000000002       1.15591623399487111E-003
   6112.6999999999998       1.16306736339535271E-003
   6113.6000000000004       1.17478299017633511E-003
   6114.5000000000000       1.17704193109425810E-003
   6115.3999999999996       1.16307588174548822E-003
   6116.3000000000002       1.14803144977010082E-003
   6117.1999999999998       1.15526175609189123E-003
   6118.1000000000004       1.16696511029525411E-003
   6119.0000000000000       1.16009971406902000E-003
   6119.8999999999996       1.14109243279233216E-003
   6120.8000000000002       1.11930705410188871E-003
   6121.6999999999998       1.09654180457424656E-003
   6122.6000000000004       1.10134008375971978E-003
   6123.5000000000000       1.14146955639342590E-003
   6124.3999999999996       1.16586574219571621E-003
   6125.3000000000002       1.15964469276341308E-003
   6126.1999999999998       1.15004464963142810E-003
   6127.1000000000004       1.14377065677112545E-003
   6128.0000000000000       1.13352682487506619E-003
   6128.8999999999996       1.12991144763698557E-003
   6129.8000000000002       1.14252179457907167E-003
   6130.6999999999998       1.15679854689850967E-003
   6131.6000000000004       1.16142518618198368E-003
   6132.5000000000000       1.16771380429246435E-003
   6133.3999999999996       1.17721231507339551E-003
   6134.3000000000002       1.16683455382447722E-003
   6135.1999999999998       1.11914174966605204E-003
   6136.1000000000004       1.03955120945986817E-003
   6137.0000000000000       9.82825681965895752E-004
   6137.8999999999996       1.01368834794698503E-003
   6138.8000000000002       1.10268724129973950E-003
   6139.6999999999998       1.15891049014361382E-003
   6140.6000000000004       1.14400937102754991E-003
   6141.5000000000000       1.10102412062029688E-003
   6142.3999999999996       1.10077201014048467E-003
   6143.3000000000002       1.14400633383981076E-003
   6144.1999999999998       1.17490762264140132E-003
   6145.1000000000004       1.17714841573773508E-003
   6146.0000000000000       1.17083419049227879E-003
   6146.8999999999996       1.15823901793963343E-003
   6147.8000000000002       1.14171841083021176E-003
   6148.6999999999998       1.13665405367143163E-003
   6149.6000000000004       1.14075987180993531E-003
   6150.5000000000000       1.14444936345674242E-003
   6151.3999999999996       1.14755607893322399E-003
   6152.3000000000002       1.15539737145994403E-003
   6153.1999999999998       1.15868890725589384E-003
   6154.1000000000004       1.14266780863348373E-003
   6155.0000000000000       1.12820354547330795E-003
   6155.8999999999996       1.13659152617818951E-003
   6156.8000000000002       1.15108113481023500E-003
   6157.6999999999998       1.15663406881261806E-003
   6158.6000000000004       1.16251181943544417E-003
   6159.5000000000000       1.15454761841713121E-003
   6160.3999999999996       1.10522142789850307E-003
   6161.3000000000002       1.03722276815231039E-003
   6162.1999999999998       1.00397557516729860E-003
   6163.1000000000004       1.02322177154575041E-003
   6164.0000000000000       1.06969730228485761E-003
   6164.8999999999996       1.10798186399492862E-003
   6165.8000000000002       1.12335704414619274E-003
   6166.6999999999998       1.13500371143657706E-003
   6167.6000000000004       1.13670824959834714E-003
   6168.5000000000000       1.09941299728488003E-003
   6169.3999999999996       1.05282401412913639E-003
   6170.3000000000002       1.05997828114062472E-003
   6171.1999999999998       1.11382538300756092E-003
   6172.1000000000004       1.14773405733647831E-003
   6173.0000000000000       1.14121988359075044E-003
   6173.8999999999996       1.13684155929585679E-003
   6174.8000000000002       1.14607101634971913E-003
   6175.6999999999998       1.14401609149435775E-003
   6176.6000000000004       1.13572656402914272E-003
   6177.5000000000000       1.14617471310684877E-003
   6178.3999999999996       1.16718075897541342E-003
   6179.3000000000002       1.16679466480184820E-003
   6180.1999999999998       1.15599085042344236E-003
   6181.1000000000004       1.16751522845841868E-003
   6182.0000000000000       1.18615011631262204E-003
   6182.8999999999996       1.18715752379141616E-003
   6183.8000000000002       1.18068994841249802E-003
   6184.6999999999998       1.17583804735072839E-003
   6185.6000000000004       1.16432175125394041E-003
   6186.5000000000000       1.14794523718492799E-003
   6187.3999999999996       1.13577951074549056E-003
   6188.3000000000002       1.13736130092337447E-003
   6189.1999999999998       1.14240851828529026E-003
   6190.1000000000004       1.11605252821505175E-003
   6191.0000000000000       1.06769042626125507E-003
   6191.8999999999996       1.06853906718510023E-003
   6192.8000000000002       1.12405873858312027E-003
   6193.6999999999998       1.16599386214010707E-003
   6194.6000000000004       1.17327884248138135E-003
   6195.5000000000000       1.17603839654259489E-003
   6196.3999999999996       1.18444304666155882E-003
   6197.3000000000002       1.18509128506878291E-003
   6198.1999999999998       1.16681323539319349E-003
   6199.1000000000004       1.13408644901230398E-003
   6200.0000000000000       1.11447504712421834E-003
   6200.8999999999996       1.12923862437947289E-003
   6201.8000000000002       1.16221938123842248E-003
   6202.6999999999998       1.18258200973659277E-003
   6203.6000000000004       1.18199735666773046E-003
   6204.5000000000000       1.17598088287691619E-003
   6205.3999999999996       1.17701173460324905E-003
   6206.3000000000002       1.18171054219978885E-003
   6207.1999999999998       1.18281524177374212E-003
   6208.1000000000004       1.18220268484514873E-003
   6209.0000000000000       1.18181100287903518E-003
   6209.8999999999996       1.17816642078703501E-003
   6210.8000000000002       1.17309836691586338E-003
   6211.6999999999998       1.16064167430184766E-003
   6212.6000000000004       1.13173548705502677E-003
   6213.5000000000000       1.09612640399826778E-003
   6214.3999999999996       1.07790148784883905E-003
   6215.3000000000002       1.08062135618066800E-003
   6216.1999999999998       1.10301312900773583E-003
   6217.1000000000004       1.13199305118302372E-003
   6218.0000000000000       1.13542009093018119E-003
   6218.8999999999996       1.10536714746005426E-003
   6219.8000000000002       1.08113113091145305E-003
   6220.6999999999998       1.09174681823744762E-003
   6221.6000000000004       1.12044161741315122E-003
   6222.5000000000000       1.14288158442197923E-003
   6223.3999999999996       1.14780512627495903E-003
   6224.3000000000002       1.14424918453952989E-003
   6225.1999999999998       1.14575619873548266E-003
   6226.1000000000004       1.14632729021783299E-003
   6227.0000000000000       1.14456835905957775E-003
   6227.8999999999996       1.14344707904102754E-003
   6228.8000000000002       1.12258326027174721E-003
   6229.6999999999998       1.07440965910778063E-003
   6230.6000000000004       1.03808819568157180E-003
   6231.5000000000000       1.04771969997416144E-003
   6232.3999999999996       1.08233358175668492E-003
   6233.3000000000002       1.11865164599417397E-003
   6234.1999999999998       1.15339245638946381E-003
   6235.1000000000004       1.17198985617704486E-003
   6236.0000000000000       1.16586293323103904E-003
   6236.8999999999996       1.14404452151206561E-003
   6237.8000000000002       1.12399741840660500E-003
   6238.6999999999998       1.11391598787049877E-003
   6239.6000000000004       1.10528660650510355E-003
   6240.5000000000000       1.10207500959800695E-003
   6241.3999999999996       1.11073391812261486E-003
   6242.3000000000002       1.10573383065335320E-003
   6243.1999999999998       1.08371869398979684E-003
   6244.1000000000004       1.07452868921970642E-003
   6245.0000000000000       1.07452500475577672E-003
   6245.8999999999996       1.07075516982152582E-003
   6246.8000000000002       1.08498349959678677E-003
   6247.6999999999998       1.12182038722976295E-003
   6248.6000000000004       1.15007444911851956E-003
   6249.5000000000000       1.15552410442154845E-003
   6250.3999999999996       1.14487689089611271E-003
   6251.3000000000002       1.11413529429430533E-003
   6252.1999999999998       1.07501706576865175E-003
   6253.1000000000004       1.05515339410511754E-003
   6254.0000000000000       1.05836216787888633E-003
   6254.8999999999996       1.06869536906311008E-003
   6255.8000000000002       1.07047257571200242E-003
   6256.6999999999998       1.06295404093925119E-003
   6257.6000000000004       1.05343071948723710E-003
   6258.5000000000000       1.05299019405568446E-003
   6259.3999999999996       1.07523592098285629E-003
   6260.3000000000002       1.10235598103817622E-003
   6261.1999999999998       1.11752770726304164E-003
   6262.1000000000004       1.13794982015964449E-003
   6263.0000000000000       1.15950421965464669E-003
   6263.8999999999996       1.15154299810827135E-003
   6264.8000000000002       1.12072682250717007E-003
   6265.6999999999998       1.11513058193580920E-003
   6266.6000000000004       1.14140353335294279E-003
   6267.5000000000000       1.16071811340942750E-003
   6268.3999999999996       1.15614945764665471E-003
   6269.3000000000002       1.13881927743775735E-003
   6270.1999999999998       1.12218053297202932E-003
   6271.1000000000004       1.12223209800038247E-003
   6272.0000000000000       1.13771892930246985E-003
   6272.8999999999996       1.15319898818748000E-003
   6273.8000000000002       1.15657631442705176E-003
   6274.6999999999998       1.15579618556996516E-003
   6275.6000000000004       1.16262717468311027E-003
   6276.5000000000000       1.16624211974774715E-003
   6277.3999999999996       1.15815268072407820E-003
   6278.3000000000002       1.14372631932104819E-003
   6279.1999999999998       1.12064734850143258E-003
   6280.1000000000004       1.09754300256274719E-003
   6281.0000000000000       1.09813122715886270E-003
   6281.8999999999996       1.11908609925947351E-003
   6282.8000000000002       1.14023601780275209E-003
   6283.6999999999998       1.15742820822445857E-003
   6284.6000000000004       1.16228464178117202E-003
   6285.5000000000000       1.15907413555940198E-003
   6286.3999999999996       1.16396451415025164E-003
   6287.3000000000002       1.17281248476578033E-003
   6288.1999999999998       1.17688711401167483E-003
   6289.1000000000004       1.17254855626866528E-003
   6290.0000000000000       1.15446108442697438E-003
   6290.8999999999996       1.13387902998582694E-003
   6291.8000000000002       1.12927606256450416E-003
   6292.6999999999998       1.13710253401423178E-003
   6293.6000000000004       1.14890731913540344E-003
   6294.5000000000000       1.15745468261927624E-003
   6295.3999999999996       1.14971678469319243E-003
   6296.3000000000002       1.12469395641416029E-003
   6297.1999999999998       1.10271042188526112E-003
   6298.1000000000004       1.10173990376803851E-003
   6299.0000000000000       1.11236463247398726E-003
   6299.8999999999996       1.10798968515680844E-003
   6300.8000000000002       1.08349124701717973E-003
   6301.6999999999998       1.06421302700355613E-003
   6302.6000000000004       1.07538963851173692E-003
   6303.5000000000000       1.11052522087635910E-003
   6304.3999999999996       1.13690212681600319E-003
   6305.3000000000002       1.14559928936081891E-003
   6306.1999999999998       1.15100222256131566E-003
   6307.1000000000004       1.15894364029313249E-003
   6308.0000000000000       1.16036546935549979E-003
   6308.8999999999996       1.15122263746007467E-003
   6309.8000000000002       1.13210826514347591E-003
   6310.6999999999998       1.11370971227843073E-003
   6311.6000000000004       1.11338125172082874E-003
   6312.5000000000000       1.12671808998803316E-003
   6313.3999999999996       1.12213550291091540E-003
   6314.3000000000002       1.08601551806608316E-003
   6315.1999999999998       1.05886486054456385E-003
   6316.1000000000004       1.06749879018992744E-003
   6317.0000000000000       1.07324497902342472E-003
   6317.8999999999996       1.05341783834892681E-003
   6318.8000000000002       1.04772837552361215E-003
   6319.6999999999998       1.07602207474442814E-003
   6320.6000000000004       1.10262367000451113E-003
   6321.5000000000000       1.10531476094066381E-003
   6322.3999999999996       1.09996743883837935E-003
   6323.3000000000002       1.11514594058012909E-003
   6324.1999999999998       1.14251107965705713E-003
   6325.1000000000004       1.15238973243867934E-003
   6326.0000000000000       1.14578902132329440E-003
   6326.8999999999996       1.13303360910754118E-003
   6327.8000000000002       1.12820800891989294E-003
   6328.6999999999998       1.13347306576234053E-003
   6329.6000000000004       1.12840292933129912E-003
   6330.5000000000000       1.11667438442859444E-003
   6331.3999999999996       1.12208719715715943E-003
   6332.3000000000002       1.14024123600972821E-003
   6333.1999999999998       1.14740924492063201E-003
   6334.1000000000004       1.12287352681859605E-003
   6335.0000000000000       1.07690027163158896E-003
   6335.8999999999996       1.04710570553088111E-003
   6336.8000000000002       1.05575792056224259E-003
   6337.6999999999998       1.07966023253510367E-003
   6338.6000000000004       1.08905743983499963E-003
   6339.5000000000000       1.09787923603861764E-003
   6340.3999999999996       1.11964581492408335E-003
   6341.3000000000002       1.13047871766058382E-003
   6342.1999999999998       1.11849923170252870E-003
   6343.1000000000004       1.09382666183328696E-003
   6344.0000000000000       1.07966834676679040E-003
   6344.8999999999996       1.09305795960726771E-003
   6345.8000000000002       1.11432828351027769E-003
   6346.6999999999998       1.12135889995788407E-003
   6347.6000000000004       1.12187824520779220E-003
   6348.5000000000000       1.12897691562358050E-003
   6349.3999999999996       1.13714770964217990E-003
   6350.3000000000002       1.13947180174006168E-003
   6351.1999999999998       1.13922069871111547E-003
   6352.1000000000004       1.13847142250934376E-003
   6353.0000000000000       1.12946832615861336E-003
   6353.8999999999996       1.10753264375599669E-003
   6354.8000000000002       1.08905315381015123E-003
   6355.6999999999998       1.09712042346149811E-003
   6356.6000000000004       1.11426164854364009E-003
   6357.5000000000000       1.10224518208554929E-003
   6358.3999999999996       1.07293274370612378E-003
   6359.3000000000002       1.06569571460810269E-003
   6360.1999999999998       1.07733848287359935E-003
   6361.1000000000004       1.07668533459896981E-003
   6362.0000000000000       1.06343688649884467E-003
   6362.8999999999996       1.05955626698299161E-003
   6363.8000000000002       1.07160151861877872E-003
   6364.6999999999998       1.08877515572154129E-003
   6365.6000000000004       1.10016125973877812E-003
   6366.5000000000000       1.10658758554504325E-003
   6367.3999999999996       1.11671107421538801E-003
   6368.3000000000002       1.12597071653574871E-003
   6369.1999999999998       1.12236573750990162E-003
   6370.1000000000004       1.11250012952488452E-003
   6371.0000000000000       1.11296320175801092E-003
   6371.8999999999996       1.12560169836016521E-003
   6372.8000000000002       1.13976214974213091E-003
   6373.6999999999998       1.14469988087885889E-003
   6374.6000000000004       1.14074802833382034E-003
   6375.5000000000000       1.13830836899109634E-003
   6376.3999999999996       1.13890594871271858E-003
   6377.3000000000002       1.13568208638609104E-003
   6378.1999999999998       1.12907297867276919E-003
   6379.1000000000004       1.12453675794201404E-003
   6380.0000000000000       1.11930982593902114E-003
   6380.8999999999996       1.11916071007035572E-003
   6381.8000000000002       1.12955673123405452E-003
   6382.6999999999998       1.13638654704407743E-003
   6383.6000000000004       1.13059236005977489E-003
   6384.5000000000000       1.12391979020421600E-003
   6385.3999999999996       1.12894684175217450E-003
   6386.3000000000002       1.14215463675559144E-003
   6387.1999999999998       1.14888523649116074E-003
   6388.1000000000004       1.14693505900816638E-003
   6389.0000000000000       1.14259015902954059E-003
   6389.8999999999996       1.13857649643851798E-003
   6390.8000000000002       1.13191014958285963E-003
   6391.6999999999998       1.11218881270833906E-003
   6392.6000000000004       1.07463373652583248E-003
   6393.5000000000000       1.04935083648972894E-003
   6394.3999999999996       1.06987516412510334E-003
   6395.3000000000002       1.11390966128238340E-003
   6396.1999999999998       1.14407596233336386E-003
   6397.1000000000004       1.15254249417480296E-003
   6398.0000000000000       1.13826609554754554E-003
   6398.8999999999996       1.08987006664013801E-003
   6399.8000000000002       1.03551870857258193E-003
   6400.6999999999998       1.04219155275337718E-003
   6401.6000000000004       1.10186204548257008E-003
   6402.5000000000000       1.14286217090003037E-003
   6403.3999999999996       1.14848379256275615E-003
   6404.3000000000002       1.14447673747949301E-003
   6405.1999999999998       1.13618474936933779E-003
   6406.1000000000004       1.11549280449608113E-003
   6407.0000000000000       1.08221146855930878E-003
   6407.8999999999996       1.06190933206295243E-003
   6408.8000000000002       1.07933977026655747E-003
   6409.6999999999998       1.10585432980712050E-003
   6410.6000000000004       1.10061041699899558E-003
   6411.5000000000000       1.08308517553996181E-003
   6412.3999999999996       1.09378146397962105E-003
   6413.3000000000002       1.11402699216679160E-003
   6414.1999999999998       1.11341202991960698E-003
   6415.1000000000004       1.10778768195857126E-003
   6416.0000000000000       1.11104245157584228E-003
   6416.8999999999996       1.11499661844928055E-003
   6417.8000000000002       1.11570562260602667E-003
   6418.6999999999998       1.10605058790574657E-003
   6419.6000000000004       1.07884544142093836E-003
   6420.5000000000000       1.05162541860958215E-003
   6421.3999999999996       1.05552675092729343E-003
   6422.3000000000002       1.09277643118662281E-003
   6423.1999999999998       1.12956510421554127E-003
   6424.1000000000004       1.13927742328161436E-003
   6425.0000000000000       1.13345605123371012E-003
   6425.8999999999996       1.13455078867187348E-003
   6426.8000000000002       1.14080400242647637E-003
   6427.6999999999998       1.14368840649091159E-003
   6428.6000000000004       1.13653007258015127E-003
   6429.5000000000000       1.11033893021466722E-003
   6430.3999999999996       1.07144010993425604E-003
   6431.3000000000002       1.05436185633682325E-003
   6432.1999999999998       1.07279236321755492E-003
   6433.1000000000004       1.10052573987458715E-003
   6434.0000000000000       1.12342631485755221E-003
   6434.8999999999996       1.13801630527291648E-003
   6435.8000000000002       1.14177213043255049E-003
   6436.6999999999998       1.13207942839823965E-003
   6437.6000000000004       1.10335911249786187E-003
   6438.5000000000000       1.06678338569941617E-003
   6439.3999999999996       1.06240542464554420E-003
   6440.3000000000002       1.10078629734851980E-003
   6441.1999999999998       1.13819153404705461E-003
   6442.1000000000004       1.14818933753301085E-003
   6443.0000000000000       1.14413590902221721E-003
   6443.8999999999996       1.13973764668774485E-003
   6444.8000000000002       1.13802814535782400E-003
   6445.6999999999998       1.14096700289962488E-003
   6446.6000000000004       1.14725724591130699E-003
   6447.5000000000000       1.13967058095301027E-003
   6448.3999999999996       1.09474824237972717E-003
   6449.3000000000002       1.02703577628849760E-003
   6450.1999999999998       1.00122803815830361E-003
   6451.1000000000004       1.04709895985880897E-003
   6452.0000000000000       1.10566942868086629E-003
   6452.8999999999996       1.13009778740021647E-003
   6453.8000000000002       1.12418054301867605E-003
   6454.6999999999998       1.09591506086191169E-003
   6455.6000000000004       1.06419499334608212E-003
   6456.5000000000000       1.06158352513943915E-003
   6457.3999999999996       1.09259154997425837E-003
   6458.3000000000002       1.12397677929027863E-003
   6459.1999999999998       1.14073542881659067E-003
   6460.1000000000004       1.13904588016510637E-003
   6461.0000000000000       1.10677003653267508E-003
   6461.8999999999996       1.04878626729168326E-003
   6462.8000000000002       1.01644299383339665E-003
   6463.6999999999998       1.04678403161015355E-003
   6464.6000000000004       1.09505012516894268E-003
   6465.5000000000000       1.12018970098899163E-003
   6466.3999999999996       1.12796410618601719E-003
   6467.3000000000002       1.12840820072552563E-003
   6468.1999999999998       1.12023565050098665E-003
   6469.1000000000004       1.10619247001858567E-003
   6470.0000000000000       1.09539571289142199E-003
   6470.8999999999996       1.08029900376003141E-003
   6471.8000000000002       1.07248258665476083E-003
   6472.6999999999998       1.09371741904329954E-003
   6473.6000000000004       1.11839509301808488E-003
   6474.5000000000000       1.11440024197623504E-003
   6475.3999999999996       1.09853078576173380E-003
   6476.3000000000002       1.10204055396184502E-003
   6477.1999999999998       1.12027379109435493E-003
   6478.1000000000004       1.12795885008039679E-003
   6479.0000000000000       1.12623131568460161E-003
   6479.8999999999996       1.12014445759000820E-003
   6480.8000000000002       1.09657044238608051E-003
   6481.6999999999998       1.06277627449531155E-003
   6482.6000000000004       1.05160438814069692E-003
   6483.5000000000000       1.07369515703629927E-003
   6484.3999999999996       1.10124451436633243E-003
   6485.3000000000002       1.11591796060480915E-003
   6486.1999999999998       1.11976624685831906E-003
   6487.1000000000004       1.12022558768791513E-003
   6488.0000000000000       1.11898946953221511E-003
   6488.8999999999996       1.11513959675596888E-003
   6489.8000000000002       1.10584738351448110E-003
   6490.6999999999998       1.09222874827114144E-003
   6491.6000000000004       1.07762157091113192E-003
   6492.5000000000000       1.05493140300602422E-003
   6493.3999999999996       1.00887977257324134E-003
   6494.3000000000002       9.54609138641439184E-004
   6495.1999999999998       9.30915647544598170E-004
   6496.1000000000004       9.41887007724194199E-004
   6497.0000000000000       9.71559019111193300E-004
   6497.8999999999996       1.00609751070111038E-003
   6498.8000000000002       1.02113400616886179E-003
   6499.6999999999998       1.03224969124235183E-003
   6500.6000000000004       1.06111863747145171E-003
   6501.5000000000000       1.08763308924312457E-003
   6502.3999999999996       1.10010031071201028E-003
   6503.3000000000002       1.10638341947686390E-003
   6504.1999999999998       1.11066938816234092E-003
   6505.1000000000004       1.11563761916149296E-003
   6506.0000000000000       1.12039607089189832E-003
   6506.8999999999996       1.12046072542641554E-003
   6507.8000000000002       1.11565520074237987E-003
   6508.6999999999998       1.11132375913068518E-003
   6509.6000000000004       1.11083383332358948E-003
   6510.5000000000000       1.11385543406798877E-003
   6511.3999999999996       1.11656793593160929E-003
   6512.3000000000002       1.11751747863658973E-003
   6513.1999999999998       1.11768971290147098E-003
   6514.1000000000004       1.11153484933788557E-003
   6515.0000000000000       1.09465109044435609E-003
   6515.8999999999996       1.07614245257102404E-003
   6516.8000000000002       1.06832565833440735E-003
   6517.6999999999998       1.06268947316996254E-003
   6518.6000000000004       1.05733178239027855E-003
   6519.5000000000000       1.07291311495210056E-003
   6520.3999999999996       1.09808877876003269E-003
   6521.3000000000002       1.10944021866894011E-003
   6522.1999999999998       1.10943251534879731E-003
   6523.1000000000004       1.10988986507614741E-003
   6524.0000000000000       1.11343247959957677E-003
   6524.8999999999996       1.11139071280097305E-003
   6525.8000000000002       1.09353865887419719E-003
   6526.6999999999998       1.07091833487903501E-003
   6527.6000000000004       1.06837222973076192E-003
   6528.5000000000000       1.08822586179317714E-003
   6529.3999999999996       1.10581332014193508E-003
   6530.3000000000002       1.10801731141407355E-003
   6531.1999999999998       1.09820751139221148E-003
   6532.1000000000004       1.08296430051038053E-003
   6533.0000000000000       1.07135098916589675E-003
   6533.8999999999996       1.07411021579001029E-003
   6534.8000000000002       1.08927670960272285E-003
   6535.6999999999998       1.10141082466814837E-003
   6536.6000000000004       1.10112413124163126E-003
   6537.5000000000000       1.09760696695890649E-003
   6538.3999999999996       1.09872352079310527E-003
   6539.3000000000002       1.10248850506052248E-003
   6540.1999999999998       1.10506874835318179E-003
   6541.1000000000004       1.10095338794749813E-003
   6542.0000000000000       1.09617453119789611E-003
   6542.8999999999996       1.09529454509781532E-003
   6543.8000000000002       1.09183774262257521E-003
   6544.6999999999998       1.07523472413274942E-003
   6545.6000000000004       1.04367431865146640E-003
   6546.5000000000000       1.02814864337928214E-003
   6547.3999999999996       1.04845118119211399E-003
   6548.3000000000002       1.07475126610680617E-003
   6549.1999999999998       1.08543270909268550E-003
   6550.1000000000004       1.08479348272772663E-003
   6551.0000000000000       1.07899077920423406E-003
   6551.8999999999996       1.07421821436632097E-003
   6552.8000000000002       1.06908872814443748E-003
   6553.6999999999998       1.05472087497815079E-003
   6554.6000000000004       1.03325103281313416E-003
   6555.5000000000000       1.01921454354285857E-003
   6556.3999999999996       1.02761171239107874E-003
   6557.3000000000002       1.04598920897706893E-003
   6558.1999999999998       1.04912043856232552E-003
   6559.1000000000004       1.03238493395636137E-003
   6560.0000000000000       9.99138025266365715E-004
   6560.8999999999996       9.16313698593413891E-004
   6561.8000000000002       7.54599414852005291E-004
   6562.6999999999998       6.21933191133031897E-004
   6563.6000000000004       6.78158144589446747E-004
   6564.5000000000000       8.64752385055713108E-004
   6565.3999999999996       1.00032612855597094E-003
   6566.3000000000002       1.04855453794582714E-003
   6567.1999999999998       1.05973010745446638E-003
   6568.1000000000004       1.05045517606447121E-003
   6569.0000000000000       1.03261132142972497E-003
   6569.8999999999996       1.03117342641989270E-003
   6570.8000000000002       1.04559434516110841E-003
   6571.6999999999998       1.05223616710927153E-003
   6572.6000000000004       1.03938108090956141E-003
   6573.5000000000000       1.01817586081236417E-003
   6574.3999999999996       1.00713021352828985E-003
   6575.3000000000002       1.02146987877644083E-003
   6576.1999999999998       1.05844876454260850E-003
   6577.1000000000004       1.08722633284993484E-003
   6578.0000000000000       1.09724279226953341E-003
   6578.8999999999996       1.09471912185919468E-003
   6579.8000000000002       1.08208189837905510E-003
   6580.6999999999998       1.06512085249689178E-003
   6581.6000000000004       1.06090696499124113E-003
   6582.5000000000000       1.07309630399249453E-003
   6583.3999999999996       1.08473887814244745E-003
   6584.3000000000002       1.08688000878526606E-003
   6585.1999999999998       1.07527778941281780E-003
   6586.1000000000004       1.06013290941788744E-003
   6587.0000000000000       1.06462764793862730E-003
   6587.8999999999996       1.08416694318674844E-003
   6588.8000000000002       1.09448252384168176E-003
   6589.6999999999998       1.09534981800007091E-003
   6590.6000000000004       1.08694902807368512E-003
   6591.5000000000000       1.05507179580322029E-003
   6592.3999999999996       1.00293103356223793E-003
   6593.3000000000002       9.72688900073020763E-004
   6594.1999999999998       9.98672159801573161E-004
   6595.1000000000004       1.04822486073891845E-003
   6596.0000000000000       1.07376490032136851E-003
   6596.8999999999996       1.07052251380023800E-003
   6597.8000000000002       1.05697501863842732E-003
   6598.6999999999998       1.05234884314662136E-003
   6599.6000000000004       1.06499806065247300E-003
   6600.5000000000000       1.08332626446234841E-003
   6601.3999999999996       1.09100746175628724E-003
   6602.3000000000002       1.08712436350589018E-003
   6603.1999999999998       1.07756556461993907E-003
   6604.1000000000004       1.06247685710815498E-003
   6605.0000000000000       1.05302301601958794E-003
   6605.8999999999996       1.05517073595241860E-003
   6606.8000000000002       1.05276902979029442E-003
   6607.6999999999998       1.03806158951720508E-003
   6608.6000000000004       1.01833757584096759E-003
   6609.5000000000000       1.02019657987400376E-003
   6610.3999999999996       1.05197621250122477E-003
   6611.3000000000002       1.08072975136230256E-003
   6612.1999999999998       1.08514013348496295E-003
   6613.1000000000004       1.07626927924346226E-003
   6614.0000000000000       1.07357319574426626E-003
   6614.8999999999996       1.08252883180150021E-003
   6615.8000000000002       1.09146320294213096E-003
   6616.6999999999998       1.08967453674469546E-003
   6617.6000000000004       1.08468117092665206E-003
   6618.5000000000000       1.08439859575287486E-003
   6619.3999999999996       1.08847563685802572E-003
   6620.3000000000002       1.09374845854090215E-003
   6621.1999999999998       1.09659296673060916E-003
   6622.1000000000004       1.09362475479545256E-003
   6623.0000000000000       1.08440282311005726E-003
   6623.8999999999996       1.06868605085066255E-003
   6624.8000000000002       1.05656550096322596E-003
   6625.6999999999998       1.06071411966543201E-003
   6626.6000000000004       1.07335603608754216E-003
   6627.5000000000000       1.07948011463133834E-003
   6628.3999999999996       1.07957439930913700E-003
   6629.3000000000002       1.07592825853664140E-003
   6630.1999999999998       1.06967635482738306E-003
   6631.1000000000004       1.06028751422067324E-003
   6632.0000000000000       1.04249191137718552E-003
   6632.8999999999996       1.01674715470697740E-003
   6633.8000000000002       1.00114181288384605E-003
   6634.6999999999998       1.01550459663485044E-003
   6635.6000000000004       1.04893859838913373E-003
   6636.5000000000000       1.07434864493401844E-003
   6637.3999999999996       1.08140838636190976E-003
   6638.3000000000002       1.07664206640644355E-003
   6639.1999999999998       1.06770797230230658E-003
   6640.1000000000004       1.06314954582335331E-003
   6641.0000000000000       1.07109546031994036E-003
   6641.8999999999996       1.07198546069079640E-003
   6642.8000000000002       1.04729976154930692E-003
   6643.6999999999998       1.02529906462826923E-003
   6644.6000000000004       1.03607585177962016E-003
   6645.5000000000000       1.06085333465212746E-003
   6646.3999999999996       1.06926381019570456E-003
   6647.3000000000002       1.06476435298882952E-003
   6648.1999999999998       1.06674601109593269E-003
   6649.1000000000004       1.07565204062721000E-003
   6650.0000000000000       1.08240263417955359E-003
   6650.8999999999996       1.08761171388727074E-003
   6651.8000000000002       1.08770643036135628E-003
   6652.6999999999998       1.08281550123796606E-003
   6653.6000000000004       1.07892239333385741E-003
   6654.5000000000000       1.08027931362993709E-003
   6655.3999999999996       1.08628069216249552E-003
   6656.3000000000002       1.08627070396518331E-003
   6657.1999999999998       1.08359773230946020E-003
   6658.1000000000004       1.08362295488548688E-003
   6659.0000000000000       1.08160153173894949E-003
   6659.8999999999996       1.07699241725556618E-003
   6660.8000000000002       1.07412123654645336E-003
   6661.6999999999998       1.06453614417254395E-003
   6662.6000000000004       1.03422220839528671E-003
   6663.5000000000000       1.01119989577809965E-003
   6664.3999999999996       1.02649254888598478E-003
   6665.3000000000002       1.05201196065592573E-003
   6666.1999999999998       1.05788740588716587E-003
   6667.1000000000004       1.05321147790800144E-003
   6668.0000000000000       1.05329471837930502E-003
   6668.8999999999996       1.06395406081025569E-003
   6669.8000000000002       1.07699120511687099E-003
   6670.6999999999998       1.08031005146763757E-003
   6671.6000000000004       1.07728343795441953E-003
   6672.5000000000000       1.07511615718622702E-003
   6673.3999999999996       1.07462793563247545E-003
   6674.3000000000002       1.07494959705556315E-003
   6675.1999999999998       1.07850093106503955E-003
   6676.1000000000004       1.07009434660806902E-003
   6677.0000000000000       1.03382305113159691E-003
   6677.8999999999996       9.99137712953670045E-004
   6678.8000000000002       1.00859478833765625E-003
   6679.6999999999998       1.04592876793377083E-003
   6680.6000000000004       1.06798766641369555E-003
   6681.5000000000000       1.07469432406176414E-003
   6682.3999999999996       1.08005607847793512E-003
   6683.3000000000002       1.08302858083860116E-003
   6684.1999999999998       1.08383642997347948E-003
   6685.1000000000004       1.08339340055742446E-003
   6686.0000000000000       1.08335344947907896E-003
   6686.8999999999996       1.08099933524696953E-003
   6687.8000000000002       1.07674524488058894E-003
   6688.6999999999998       1.07779168904768960E-003
   6689.6000000000004       1.08184001774142523E-003
   6690.5000000000000       1.08375402350547960E-003
   6691.3999999999996       1.08429520656030151E-003
   6692.3000000000002       1.08411681074682708E-003
   6693.1999999999998       1.08518440846928086E-003
   6694.1000000000004       1.08101502713976597E-003
   6695.0000000000000       1.06208222080942630E-003
   6695.8999999999996       1.04049696281384636E-003
   6696.8000000000002       1.03626015915724316E-003
   6697.6999999999998       1.04353844284770479E-003
   6698.6000000000004       1.05224352347745584E-003
   6699.5000000000000       1.06365455052685981E-003
   6700.3999999999996       1.07455392098942991E-003
   6701.3000000000002       1.07569831928259639E-003
   6702.1999999999998       1.06385484892284319E-003
   6703.1000000000004       1.04566866025532982E-003
   6704.0000000000000       1.03442926218762937E-003
   6704.8999999999996       1.03959796106580849E-003
   6705.8000000000002       1.05492206914566664E-003
   6706.6999999999998       1.06867472739951468E-003
   6707.6000000000004       1.07181470540969781E-003
   6708.5000000000000       1.06493068348090811E-003
   6709.3999999999996       1.05510457995209054E-003
   6710.3000000000002       1.05169560079522136E-003
   6711.1999999999998       1.05568000349542837E-003
   6712.1000000000004       1.05513000169768847E-003
   6713.0000000000000       1.04693811158833175E-003
   6713.8999999999996       1.04350008779376417E-003
   6714.8000000000002       1.04215914889149285E-003
   6715.6999999999998       1.03298901813416626E-003
   6716.6000000000004       1.01382186365756022E-003
   6717.5000000000000       1.00272061854772034E-003
   6718.3999999999996       1.02240619876436479E-003
   6719.3000000000002       1.05337115000019065E-003
   6720.1999999999998       1.06678743022645974E-003
   6721.1000000000004       1.06268471262427572E-003
   6722.0000000000000       1.05837263458551643E-003
   6722.8999999999996       1.06584223365337291E-003
   6723.8000000000002       1.07507284953719021E-003
   6724.6999999999998       1.07225803194371241E-003
   6725.6000000000004       1.05884492660792079E-003
   6726.5000000000000       1.05207442343497595E-003
   6727.3999999999996       1.05801854078980658E-003
   6728.3000000000002       1.06651689851412811E-003
   6729.1999999999998       1.07133881163721406E-003
   6730.1000000000004       1.07542672107184241E-003
   6731.0000000000000       1.07659599331468318E-003
   6731.8999999999996       1.06925298085789374E-003
   6732.8000000000002       1.05921427744464620E-003
   6733.6999999999998       1.05833357687784633E-003
   6734.6000000000004       1.06623234888215371E-003
   6735.5000000000000       1.07165312403809652E-003
   6736.3999999999996       1.06784691321917488E-003
   6737.3000000000002       1.05456701037807510E-003
   6738.1999999999998       1.04034564992114167E-003
   6739.1000000000004       1.03685807117693423E-003
   6740.0000000000000       1.04503322643011371E-003
   6740.8999999999996       1.05451970273024343E-003
   6741.8000000000002       1.05286165330764452E-003
   6742.6999999999998       1.04472245947761859E-003
   6743.6000000000004       1.04342595203758674E-003
   6744.5000000000000       1.05028698407075619E-003
   6745.3999999999996       1.05665402497981094E-003
   6746.3000000000002       1.05890847868782560E-003
   6747.1999999999998       1.05642645198512973E-003
   6748.1000000000004       1.04744290786677871E-003
   6749.0000000000000       1.03191300825230094E-003
   6749.8999999999996       1.02104995736079372E-003
   6750.8000000000002       1.02972993775551284E-003
   6751.6999999999998       1.04572337886303570E-003
   6752.6000000000004       1.04776759742400308E-003
   6753.5000000000000       1.04776833743124454E-003
   6754.3999999999996       1.05343567754323476E-003
   6755.3000000000002       1.05619290316443025E-003
   6756.1999999999998       1.05817219095478759E-003
   6757.1000000000004       1.06187151802779691E-003
   6758.0000000000000       1.06873379121090787E-003
   6758.8999999999996       1.07483243299106484E-003
   6759.8000000000002       1.07644271708637177E-003
   6760.6999999999998       1.07396890659814141E-003
   6761.6000000000004       1.07012006848782753E-003
   6762.5000000000000       1.06963418524502144E-003
   6763.3999999999996       1.06971563088025900E-003
   6764.3000000000002       1.06559035188957102E-003
   6765.1999999999998       1.06034372815414835E-003
   6766.1000000000004       1.05129795033567655E-003
   6767.0000000000000       1.03437049903449835E-003
   6767.8999999999996       1.02481877308447907E-003
   6768.8000000000002       1.03507976910150725E-003
   6769.6999999999998       1.04355702614551096E-003
   6770.6000000000004       1.03232846956204647E-003
   6771.5000000000000       1.02157519248625636E-003
   6772.3999999999996       1.02938876815923241E-003
   6773.3000000000002       1.04740041971987819E-003
   6774.1999999999998       1.06084054643333973E-003
   6775.1000000000004       1.06658082148196136E-003
   6776.0000000000000       1.06924865463182126E-003
   6776.8999999999996       1.06929000927390248E-003
   6777.8000000000002       1.06705437570086821E-003
   6778.6999999999998       1.06993992062464575E-003
   6779.6000000000004       1.07556386877022251E-003
   6780.5000000000000       1.07450443656745059E-003
   6781.3999999999996       1.06407983091546176E-003
   6782.3000000000002       1.04830665447171092E-003
   6783.1999999999998       1.03689112112225856E-003
   6784.1000000000004       1.03432849883487808E-003
   6785.0000000000000       1.03795425256544599E-003
   6785.8999999999996       1.04191386472845897E-003
   6786.8000000000002       1.04561164455803921E-003
   6787.6999999999998       1.05305727875838512E-003
   6788.6000000000004       1.05817192537350450E-003
   6789.5000000000000       1.05830086687851870E-003
   6790.3999999999996       1.05933836897933705E-003
   6791.3000000000002       1.06232147276955091E-003
   6792.1999999999998       1.05840180875011575E-003
   6793.1000000000004       1.04610663719122404E-003
   6794.0000000000000       1.03751940917693602E-003
   6794.8999999999996       1.03580913667597127E-003
   6795.8000000000002       1.03738497516302187E-003
   6796.6999999999998       1.04228446237657592E-003
   6797.6000000000004       1.04716916297443985E-003
   6798.5000000000000       1.04661667494159133E-003
   6799.3999999999996       1.04784513439976643E-003
   6800.3000000000002       1.05598430627528231E-003
   6801.1999999999998       1.06289501880617180E-003
   6802.1000000000004       1.06201819117254900E-003
   6803.0000000000000       1.05282107438780018E-003
   6803.8999999999996       1.04268938268151242E-003
   6804.8000000000002       1.04229857471683780E-003
   6805.6999999999998       1.04461229323798174E-003
   6806.6000000000004       1.04073920731513657E-003
   6807.5000000000000       1.04116091315495851E-003
   6808.3999999999996       1.04700699272754325E-003
   6809.3000000000002       1.04609682797111836E-003
   6810.1999999999998       1.04448663071116197E-003
   6811.1000000000004       1.05205395742398412E-003
   6812.0000000000000       1.05736423983041278E-003
   6812.8999999999996       1.05216824414261782E-003
   6813.8000000000002       1.04073152516524379E-003
   6814.6999999999998       1.03256906448629228E-003
   6815.6000000000004       1.03842448832466546E-003
   6816.5000000000000       1.05315689899413063E-003
   6817.3999999999996       1.06035325874701035E-003
   6818.3000000000002       1.05634475242767124E-003
   6819.1999999999998       1.04537946407627950E-003
   6820.1000000000004       1.03639786335575331E-003
   6821.0000000000000       1.04152084536906554E-003
   6821.8999999999996       1.05560013812975293E-003
   6822.8000000000002       1.06560854111977335E-003
   6823.6999999999998       1.06972712082626991E-003
   6824.6000000000004       1.06834105074245884E-003
   6825.5000000000000       1.06410114416818696E-003
   6826.3999999999996       1.05856804096865400E-003
   6827.3000000000002       1.04623502100018354E-003
   6828.1999999999998       1.02971196874097957E-003
   6829.1000000000004       1.02731821898633031E-003
   6830.0000000000000       1.04377494021415471E-003
   6830.8999999999996       1.05977452190958703E-003
   6831.8000000000002       1.06189763755496457E-003
   6832.6999999999998       1.05636743114711118E-003
   6833.6000000000004       1.05269367999339791E-003
   6834.5000000000000       1.05425122285544154E-003
   6835.3999999999996       1.05464003525146638E-003
   6836.3000000000002       1.05040891971793296E-003
   6837.1999999999998       1.04104284234879168E-003
   6838.1000000000004       1.02582115211108729E-003
   6839.0000000000000       1.00911472438665935E-003
   6839.8999999999996       9.96278315141333566E-004
   6840.8000000000002       9.83759324768958754E-004
   6841.6999999999998       9.74131872317236824E-004
   6842.6000000000004       9.78859968917190296E-004
   6843.5000000000000       9.97512516771199712E-004
   6844.3999999999996       1.02131527358575655E-003
   6845.3000000000002       1.03911671143948944E-003
   6846.1999999999998       1.04540657925572783E-003
   6847.1000000000004       1.04455691057207529E-003
   6848.0000000000000       1.04172627963680805E-003
   6848.8999999999996       1.04266313695601824E-003
   6849.8000000000002       1.04693412440061851E-003
   6850.6999999999998       1.04910757383732517E-003
   6851.6000000000004       1.05161665618890812E-003
   6852.5000000000000       1.05489370232865324E-003
   6853.3999999999996       1.04613289414537121E-003
   6854.3000000000002       1.01979094183333964E-003
   6855.1999999999998       9.99157065725325656E-004
   6856.1000000000004       1.00304024559259375E-003
   6857.0000000000000       1.01375535800800960E-003
   6857.8999999999996       1.01923243199606166E-003
   6858.8000000000002       1.02741595530714334E-003
   6859.6999999999998       1.02923687749077470E-003
   6860.6000000000004       1.01538325075657774E-003
   6861.5000000000000       1.00154956967507774E-003
   6862.3999999999996       1.01017610300490604E-003
   6863.3000000000002       1.03581281512255831E-003
   6864.1999999999998       1.05496192591566671E-003
   6865.1000000000004       1.05723025884889754E-003
   6866.0000000000000       1.04853325471313116E-003
   6866.8999999999996       1.03290766995867817E-003
   6867.8000000000002       1.01568158289118264E-003
   6868.6999999999998       1.01143996116870066E-003
   6869.6000000000004       1.01956739123869019E-003
   6870.5000000000000       1.02877637794172752E-003
   6871.3999999999996       1.02719559709240661E-003
   6872.3000000000002       1.01638401371655172E-003
   6873.1999999999998       1.01831522200288970E-003
   6874.1000000000004       1.02608100343386959E-003
   6875.0000000000000       1.02484047900877812E-003
   6875.8999999999996       1.02241250170973679E-003
   6876.8000000000002       1.03048082594540502E-003
   6877.6999999999998       1.04109316699075574E-003
   6878.6000000000004       1.04331119294675959E-003
   6879.5000000000000       1.04101267282325958E-003
   6880.3999999999996       1.03693146596956268E-003
   6881.3000000000002       1.02214154789573861E-003
   6882.1999999999998       1.00639230409896980E-003
   6883.1000000000004       1.00827317221636385E-003
   6884.0000000000000       1.02251428207885374E-003
   6884.8999999999996       1.02641216295032423E-003
   6885.8000000000002       1.01975974822033255E-003
   6886.6999999999998       1.02581998948362120E-003
   6887.6000000000004       1.04141446997855027E-003
   6888.5000000000000       1.04788533194741067E-003
   6889.3999999999996       1.04868504443147580E-003
   6890.3000000000002       1.05154999219546678E-003
   6891.1999999999998       1.05223713862971483E-003
   6892.1000000000004       1.04971888009999727E-003
   6893.0000000000000       1.04916127461835177E-003
   6893.8999999999996       1.04610047673975911E-003
   6894.8000000000002       1.03574700580703200E-003
   6895.6999999999998       1.02914507586459626E-003
   6896.6000000000004       1.03084963206256583E-003
   6897.5000000000000       1.03511179925920636E-003
   6898.3999999999996       1.03645029212004751E-003
   6899.3000000000002       1.03756297527585369E-003
   6900.1999999999998       1.03850123700169805E-003
   6901.1000000000004       1.03849604606489590E-003
   6902.0000000000000       1.03774186169868768E-003
   6902.8999999999996       1.03796886100614920E-003
   6903.8000000000002       1.03711900857288825E-003
   6904.6999999999998       1.03529906459876898E-003
   6905.6000000000004       1.03772695931891412E-003
   6906.5000000000000       1.04345817752927333E-003
   6907.3999999999996       1.04527708008762018E-003
   6908.3000000000002       1.04290462628337682E-003
   6909.1999999999998       1.04370452216676741E-003
   6910.1000000000004       1.04405280018692384E-003
   6911.0000000000000       1.03802635958824487E-003
   6911.8999999999996       1.03349931671490843E-003
   6912.8000000000002       1.02913000811552633E-003
   6913.6999999999998       1.01483237429959828E-003
   6914.6000000000004       1.00364388812712807E-003
   6915.5000000000000       1.00811928414685126E-003
   6916.3999999999996       1.01288596527071345E-003
   6917.3000000000002       1.01354702863587129E-003
   6918.1999999999998       1.02413974952671855E-003
   6919.1000000000004       1.03988419152602359E-003
   6920.0000000000000       1.04621263284827848E-003
   6920.8999999999996       1.04752056035832346E-003
   6921.8000000000002       1.05176664218528649E-003
   6922.6999999999998       1.04720239901761008E-003
   6923.6000000000004       1.02802133322016051E-003
   6924.5000000000000       1.00785593485806985E-003
   6925.3999999999996       1.00090730852737822E-003
   6926.3000000000002       1.00990865908668704E-003
   6927.1999999999998       1.02591231997266113E-003
   6928.1000000000004       1.03395805421924538E-003
   6929.0000000000000       1.03378531569651034E-003
   6929.8999999999996       1.03599745472529939E-003
   6930.8000000000002       1.03876427907708259E-003
   6931.6999999999998       1.03288832392547480E-003
   6932.6000000000004       1.01711429314906053E-003
   6933.5000000000000       1.00744563727937384E-003
   6934.3999999999996       1.01748880820322894E-003
   6935.3000000000002       1.03448355023466739E-003
   6936.1999999999998       1.04032859227232003E-003
   6937.1000000000004       1.03848758539137713E-003
   6938.0000000000000       1.03740309707396768E-003
   6938.8999999999996       1.03983720953734868E-003
   6939.8000000000002       1.04440265300777117E-003
   6940.6999999999998       1.04874006349581651E-003
   6941.6000000000004       1.04885648406131417E-003
   6942.5000000000000       1.04209432634221034E-003
   6943.3999999999996       1.02644600598716398E-003
   6944.3000000000002       1.00566834009983407E-003
   6945.1999999999998       9.93759801925620401E-004
   6946.1000000000004       1.00275243718602868E-003
   6947.0000000000000       1.02191888380277155E-003
   6947.8999999999996       1.03369366706150870E-003
   6948.8000000000002       1.03869521442719439E-003
   6949.6999999999998       1.03349316822332082E-003
   6950.6000000000004       1.01495957268945267E-003
   6951.5000000000000       1.00242681351936152E-003
   6952.3999999999996       1.00529215760038833E-003
   6953.3000000000002       1.01045698605210289E-003
   6954.1999999999998       1.01327561246097766E-003
   6955.1000000000004       1.01901803196833944E-003
   6956.0000000000000       1.02715327851038212E-003
   6956.8999999999996       1.03266627577565774E-003
   6957.8000000000002       1.03226884674754082E-003
   6958.6999999999998       1.02892029356060162E-003
   6959.6000000000004       1.02588152869672092E-003
   6960.5000000000000       1.02656188333194692E-003
   6961.3999999999996       1.03262723702576484E-003
   6962.3000000000002       1.03667259586607153E-003
   6963.1999999999998       1.03614689151809822E-003
   6964.1000000000004       1.03210462833664297E-003
   6965.0000000000000       1.02285618258364779E-003
   6965.8999999999996       1.01639166070251479E-003
   6966.8000000000002       1.02020364931108918E-003
   6967.6999999999998       1.02957911246371616E-003
   6968.6000000000004       1.03586832922052227E-003
   6969.5000000000000       1.03583506259275816E-003
   6970.3999999999996       1.02675204018633790E-003
   6971.3000000000002       1.01872161960652190E-003
   6972.1999999999998       1.02331905960255072E-003
   6973.1000000000004       1.02897487591137099E-003
   6974.0000000000000       1.02490043541082049E-003
   6974.8999999999996       1.01193386593343760E-003
   6975.8000000000002       9.92418960718304075E-004
   6976.6999999999998       9.72518585573075829E-004
   6977.6000000000004       9.48866502673377890E-004
   6978.5000000000000       9.24727135514413030E-004
   6979.3999999999996       9.32632851652803806E-004
   6980.3000000000002       9.73772679702837336E-004
   6981.1999999999998       1.00640286257560620E-003
   6982.1000000000004       1.01951463954159634E-003
   6983.0000000000000       1.02740312197096835E-003
   6983.8999999999996       1.03087455294328598E-003
   6984.8000000000002       1.02863723337367325E-003
   6985.6999999999998       1.02409356714063633E-003
   6986.6000000000004       1.01968153195267628E-003
   6987.5000000000000       1.01566323967531213E-003
   6988.3999999999996       1.00786548022303163E-003
   6989.3000000000002       1.00588073795176915E-003
   6990.1999999999998       1.01653257394241150E-003
   6991.1000000000004       1.02643883932143003E-003
   6992.0000000000000       1.02796420618923422E-003
   6992.8999999999996       1.02414922672891323E-003
   6993.8000000000002       1.01939722282256813E-003
   6994.6999999999998       1.01972583232962750E-003
   6995.6000000000004       1.02540529313733132E-003
   6996.5000000000000       1.02555538299440295E-003
   6997.3999999999996       1.01717695575596857E-003
   6998.3000000000002       9.99871358693245945E-004
   6999.1999999999998       9.77448956960864620E-004
   7000.1000000000004       9.70530503136064759E-004
   7001.0000000000000       9.88097851264112866E-004
   7001.8999999999996       1.00807889262423725E-003
   7002.8000000000002       1.00789999007477437E-003
   7003.6999999999998       9.91636293931092306E-004
   7004.6000000000004       9.77889542964132438E-004
   7005.5000000000000       9.77166630404679428E-004
   7006.3999999999996       9.84000185816204286E-004
   7007.3000000000002       9.94626844932414590E-004
   7008.1999999999998       1.00625237377621984E-003
   7009.1000000000004       1.01222135451883291E-003
   7010.0000000000000       1.00977684333925064E-003
   7010.8999999999996       1.00181513481145961E-003
   7011.8000000000002       9.98259596810516193E-004
   7012.6999999999998       1.00319179137392479E-003
   7013.6000000000004       1.00770551858922626E-003
   7014.5000000000000       9.94234105683024921E-004
   7015.3999999999996       9.53215061738605426E-004
   7016.3000000000002       9.15142428864526005E-004
   7017.1999999999998       9.28459448790956189E-004
   7018.1000000000004       9.77847200516755331E-004
   7019.0000000000000       1.01090763834174829E-003
   7019.8999999999996       1.01858734722657632E-003
   7020.8000000000002       1.01735521837756295E-003
   7021.6999999999998       1.00449555702944882E-003
   7022.6000000000004       9.78019557742765494E-004
   7023.5000000000000       9.54418755916422077E-004
   7024.3999999999996       9.52965770360178922E-004
   7025.3000000000002       9.72159517266226163E-004
   7026.1999999999998       9.94000316284746098E-004
   7027.1000000000004       1.00468249272078931E-003
   7028.0000000000000       1.00592763376909406E-003
   7028.8999999999996       1.00449970689825527E-003
   7029.8000000000002       1.00359400471520654E-003
   7030.6999999999998       1.00683082005741543E-003
   7031.6000000000004       1.00804458931664674E-003
   7032.5000000000000       1.00613274482574695E-003
   7033.3999999999996       1.00258728622768531E-003
   7034.3000000000002       9.93073266805761645E-004
   7035.1999999999998       9.92578213373441782E-004
   7036.1000000000004       1.00232481648828602E-003
   7037.0000000000000       9.96163510864037918E-004
   7037.8999999999996       9.71787941281270808E-004
   7038.8000000000002       9.65694076231785330E-004
   7039.6999999999998       9.91419461090567531E-004
   7040.6000000000004       1.02301510714185653E-003
   7041.5000000000000       1.04078097691002449E-003
   7042.3999999999996       1.04264804690313954E-003
   7043.3000000000002       1.03185590269982020E-003
   7044.1999999999998       1.01570342972965048E-003
   7045.1000000000004       1.00432124920034511E-003
   7046.0000000000000       1.00662544311242493E-003
   7046.8999999999996       1.01884140464218623E-003
   7047.8000000000002       1.03128878640326997E-003
   7048.6999999999998       1.03686375695974820E-003
   7049.6000000000004       1.03335828098062598E-003
   7050.5000000000000       1.02420876055964237E-003
   7051.3999999999996       1.00622886823370874E-003
   7052.3000000000002       9.82531474979987662E-004
   7053.1999999999998       9.72661300963950474E-004
   7054.1000000000004       9.85898606551074584E-004
   7055.0000000000000       1.00224162513238083E-003
   7055.8999999999996       1.01038064088894235E-003
   7056.8000000000002       1.01689355104445252E-003
   7057.6999999999998       1.02312795405333197E-003
   7058.6000000000004       1.01936992986126546E-003
   7059.5000000000000       1.00131209193451520E-003
   7060.3999999999996       9.90243430908543899E-004
   7061.3000000000002       9.98808885398030834E-004
   7062.1999999999998       1.00947151921657562E-003
   7063.1000000000004       1.01193536544662223E-003
   7064.0000000000000       1.01770582316866739E-003
   7064.8999999999996       1.02654653583603758E-003
   7065.8000000000002       1.02143320271435179E-003
   7066.6999999999998       1.00286946972846444E-003
   7067.6000000000004       9.81791028940323966E-004
   7068.5000000000000       9.71262689502847150E-004
   7069.3999999999996       9.83085978295420012E-004
   7070.3000000000002       1.00455142003633472E-003
   7071.1999999999998       1.01297330181188811E-003
   7072.1000000000004       1.01051278586165383E-003
   7073.0000000000000       1.01302605671393930E-003
   7073.8999999999996       1.01807256405858268E-003
   7074.8000000000002       1.01736673226985566E-003
   7075.6999999999998       1.01627652301481482E-003
   7076.6000000000004       1.01822195846449650E-003
   7077.5000000000000       1.02070488932498463E-003
   7078.3999999999996       1.02117140594670526E-003
   7079.3000000000002       1.02118605584703825E-003
   7080.1999999999998       1.02395892729875097E-003
   7081.1000000000004       1.02379468111331241E-003
   7082.0000000000000       1.01365186232238512E-003
   7082.8999999999996       9.90542674746921819E-004
   7083.8000000000002       9.59765912572466389E-004
   7084.6999999999998       9.42046706170119870E-004
   7085.6000000000004       9.54830991034122975E-004
   7086.5000000000000       9.80749472148180522E-004
   7087.3999999999996       9.96024712998362909E-004
   7088.3000000000002       1.00022690439861340E-003
   7089.1999999999998       9.94644185625620167E-004
   7090.1000000000004       9.80564928556144910E-004
   7091.0000000000000       9.75583007937031593E-004
   7091.8999999999996       9.84601981658856946E-004
   7092.8000000000002       9.91286590294594532E-004
   7093.6999999999998       9.93642712749753625E-004
   7094.6000000000004       9.93784264369898963E-004
   7095.5000000000000       9.91102488027786801E-004
   7096.3999999999996       9.92758207876631108E-004
   7097.3000000000002       9.99593566005624323E-004
   7098.1999999999998       1.00634125580357733E-003
   7099.1000000000004       1.00979549930777846E-003
   7100.0000000000000       1.01228041742981397E-003
   7100.8999999999996       1.01132033935073850E-003
   7101.8000000000002       1.00347627294595566E-003
   7102.6999999999998       9.98232537005146886E-004
   7103.6000000000004       1.00181576815169468E-003
   7104.5000000000000       1.00856773553840203E-003
   7105.3999999999996       1.01041406202248768E-003
   7106.3000000000002       1.00290845765234077E-003
   7107.1999999999998       9.90938260127435236E-004
   7108.1000000000004       9.87927143767168732E-004
   7109.0000000000000       9.90070378752074855E-004
   7109.8999999999996       9.82031987680350880E-004
   7110.8000000000002       9.67098514747691848E-004
   7111.6999999999998       9.62854079603359353E-004
   7112.6000000000004       9.72927049450356628E-004
   7113.5000000000000       9.84708697462882091E-004
   7114.3999999999996       9.89786120386969585E-004
   7115.3000000000002       9.90665674458424605E-004
   7116.1999999999998       9.93564801492126306E-004
   7117.1000000000004       9.94163698148441350E-004
   7118.0000000000000       9.91045333611478580E-004
   7118.8999999999996       9.86789143759217707E-004
   7119.8000000000002       9.81476180212596805E-004
   7120.6999999999998       9.71213991883056117E-004
   7121.6000000000004       9.54199744650986682E-004
   7122.5000000000000       9.49104695754462275E-004
   7123.3999999999996       9.68492826452905294E-004
   7124.3000000000002       9.87961544705239555E-004
   7125.1999999999998       9.92097380667632776E-004
   7126.1000000000004       9.88107557427843038E-004
   7127.0000000000000       9.85184776188633175E-004
   7127.8999999999996       9.85923756546908765E-004
   7128.8000000000002       9.83323246482772050E-004
   7129.6999999999998       9.67409924576863658E-004
   7130.6000000000004       9.50263987662789029E-004
   7131.5000000000000       9.50799966955740523E-004
   7132.3999999999996       9.65967006609962987E-004
   7133.3000000000002       9.81263184012940749E-004
   7134.1999999999998       9.92666104117722378E-004
   7135.1000000000004       9.97493112224265809E-004
   7136.0000000000000       1.00062234127406592E-003
   7136.8999999999996       1.00799829919361711E-003
   7137.8000000000002       1.00963844301345858E-003
   7138.6999999999998       9.98320629298070274E-004
   7139.6000000000004       9.88905686202800954E-004
   7140.5000000000000       9.93470698018144791E-004
   7141.3999999999996       9.99764738675041047E-004
   7142.3000000000002       9.96205084562575482E-004
   7143.1999999999998       9.93448447375158911E-004
   7144.1000000000004       9.94583249202660516E-004
   7145.0000000000000       9.92763129139702643E-004
   7145.8999999999996       9.89311305392484401E-004
   7146.8000000000002       9.74428248537000823E-004
   7147.6999999999998       9.45754544954512870E-004
   7148.6000000000004       9.34872786714709982E-004
   7149.5000000000000       9.56838723266787827E-004
   7150.3999999999996       9.79524991766055628E-004
   7151.3000000000002       9.87044857662178546E-004
   7152.1999999999998       9.95870254796586869E-004
   7153.1000000000004       1.00467031953813146E-003
   7154.0000000000000       9.98476582581789328E-004
   7154.8999999999996       9.81463633975928956E-004
   7155.8000000000002       9.79074483233014718E-004
   7156.6999999999998       9.98216704468771416E-004
   7157.6000000000004       1.01030197940723057E-003
   7158.5000000000000       1.00582920546063458E-003
   7159.3999999999996       9.98972144363734172E-004
   7160.3000000000002       9.94179743738856075E-004
   7161.1999999999998       9.94172297941808359E-004
   7162.1000000000004       9.96335730244529228E-004
   7163.0000000000000       9.83784453871243024E-004
   7163.8999999999996       9.48777880490343437E-004
   7164.8000000000002       9.18949269064973061E-004
   7165.6999999999998       9.30911125289913838E-004
   7166.6000000000004       9.71245968974305553E-004
   7167.5000000000000       1.00196014305938496E-003
   7168.3999999999996       1.01374550511616518E-003
   7169.3000000000002       1.01284872648831179E-003
   7170.1999999999998       1.00629259086968282E-003
   7171.1000000000004       1.00706736491779775E-003
   7172.0000000000000       1.01436716245624655E-003
   7172.8999999999996       1.01917904913498346E-003
   7173.8000000000002       1.01718805333969879E-003
   7174.6999999999998       1.00546862500553564E-003
   7175.6000000000004       9.87795990195002027E-004
   7176.5000000000000       9.81748301529163352E-004
   7177.3999999999996       9.96186107301451828E-004
   7178.3000000000002       1.01033368854550358E-003
   7179.1999999999998       1.00025492185421569E-003
   7180.1000000000004       9.66897430488732859E-004
   7181.0000000000000       9.37251279113346315E-004
   7181.8999999999996       9.42669000345838413E-004
   7182.8000000000002       9.77114172943103912E-004
   7183.6999999999998       1.00159205841877691E-003
   7184.6000000000004       1.00097575852810218E-003
   7185.5000000000000       9.87873608036059442E-004
   7186.3999999999996       9.63110265754010797E-004
   7187.3000000000002       9.38693348075434137E-004
   7188.1999999999998       9.36625023735973648E-004
   7189.1000000000004       9.46389798833494099E-004
   7190.0000000000000       9.59248106546556735E-004
   7190.8999999999996       9.74870992069823937E-004
   7191.8000000000002       9.77030214317505842E-004
   7192.6999999999998       9.63996860620997919E-004
   7193.6000000000004       9.56270816880700402E-004
   7194.5000000000000       9.69116071601018310E-004
   7195.3999999999996       9.82858220149612381E-004
   7196.3000000000002       9.73127714723249397E-004
   7197.1999999999998       9.61640729325595944E-004
   7198.1000000000004       9.73317557375395857E-004
   7199.0000000000000       9.91237584027278209E-004
   7199.8999999999996       9.94472127548210209E-004
   7200.8000000000002       9.84703170819755010E-004
   7201.6999999999998       9.70223217207727699E-004
   7202.6000000000004       9.69381594878404628E-004
   7203.5000000000000       9.90956565953713450E-004
   7204.3999999999996       1.01025106683222095E-003
   7205.3000000000002       1.00179753474427709E-003
   7206.1999999999998       9.61771724096521070E-004
   7207.1000000000004       9.17768322685384610E-004
   7208.0000000000000       9.09699373567353625E-004
   7208.8999999999996       9.34816113436803234E-004
   7209.8000000000002       9.64964517943384483E-004
   7210.6999999999998       9.88379418764877326E-004
   7211.6000000000004       9.93978700650979471E-004
   7212.5000000000000       9.82184220178591383E-004
   7213.3999999999996       9.66473601112439800E-004
   7214.3000000000002       9.55356284647321643E-004
   7215.1999999999998       9.51901038986175296E-004
   7216.1000000000004       9.56158441229488306E-004
   7217.0000000000000       9.69481074608004030E-004
   7217.8999999999996       9.82299979581126130E-004
   7218.8000000000002       9.81561933097517157E-004
   7219.6999999999998       9.72269112250480610E-004
   7220.6000000000004       9.63422578876688899E-004
   7221.5000000000000       9.56393157848331346E-004
   7222.3999999999996       9.51916374185311559E-004
   7223.3000000000002       9.48289408247414986E-004
   7224.1999999999998       9.55002725021791995E-004
   7225.1000000000004       9.71245956603093100E-004
   7226.0000000000000       9.80890389556049848E-004
   7226.8999999999996       9.83283644694548991E-004
   7227.8000000000002       9.78653811048997395E-004
   7228.6999999999998       9.68973903838982317E-004
   7229.6000000000004       9.71887941805446402E-004
   7230.5000000000000       9.91159315251789437E-004
   7231.3999999999996       1.00732663551054849E-003
   7232.3000000000002       1.01239692673461682E-003
   7233.1999999999998       1.01000684219731051E-003
   7234.1000000000004       1.00017795944756707E-003
   7235.0000000000000       9.86201200230909679E-004
   7235.8999999999996       9.76933694758704918E-004
   7236.8000000000002       9.81401590554936351E-004
   7237.6999999999998       9.92039966169321096E-004
   7238.6000000000004       9.90977827257624472E-004
   7239.5000000000000       9.81621325311387433E-004
   7240.3999999999996       9.82664371424416894E-004
   7241.3000000000002       9.97226056520962752E-004
   7242.1999999999998       1.00600628159886124E-003
   7243.1000000000004       9.98197252368684907E-004
   7244.0000000000000       9.81513092174778924E-004
   7244.8999999999996       9.66081246605679489E-004
   7245.8000000000002       9.69484913758637715E-004
   7246.6999999999998       9.90016232981530365E-004
   7247.6000000000004       1.00353365706564259E-003
   7248.5000000000000       1.00352256431990956E-003
   7249.3999999999996       9.90119567778498287E-004
   7250.3000000000002       9.68028211622425864E-004
   7251.1999999999998       9.53621536514898355E-004
   7252.1000000000004       9.57161684572448200E-004
   7253.0000000000000       9.70566217684214801E-004
   7253.8999999999996       9.76295662914726764E-004
   7254.8000000000002       9.73137819429663992E-004
   7255.6999999999998       9.76253389224702116E-004
   7256.6000000000004       9.85971165991318763E-004
   7257.5000000000000       9.91719465189728816E-004
   7258.3999999999996       9.91231237058047641E-004
   7259.3000000000002       9.83058451196289077E-004
   7260.1999999999998       9.60468913774095365E-004
   7261.1000000000004       9.27844017537445497E-004
   7262.0000000000000       9.19293293030207692E-004
   7262.8999999999996       9.48570313698442473E-004
   7263.8000000000002       9.80128265224299369E-004
   7264.6999999999998       9.91871092497796820E-004
   7265.6000000000004       9.93892298688877143E-004
   7266.5000000000000       9.93333017011034181E-004
   7267.3999999999996       9.93364554411862175E-004
   7268.3000000000002       9.92017670001886205E-004
   7269.1999999999998       9.91783269112019548E-004
   7270.1000000000004       9.93109377422691890E-004
   7271.0000000000000       9.91417505615067472E-004
   7271.8999999999996       9.89751843222930368E-004
   7272.8000000000002       9.88392428360313413E-004
   7273.6999999999998       9.85437706427076156E-004
   7274.6000000000004       9.79556484397393857E-004
   7275.5000000000000       9.79102184575280114E-004
   7276.3999999999996       9.87506385283053699E-004
   7277.3000000000002       9.90971536235083460E-004
   7278.1999999999998       9.83870231485052017E-004
   7279.1000000000004       9.77707887794222004E-004
   7280.0000000000000       9.77804625821238234E-004
   7280.8999999999996       9.69972595988259222E-004
   7281.8000000000002       9.47790379665915247E-004
   7282.6999999999998       9.28384816915971264E-004
   7283.6000000000004       9.25257629854769328E-004
   7284.5000000000000       9.32620811700337476E-004
   7285.3999999999996       9.48087227380248003E-004
   7286.3000000000002       9.67457216656327445E-004
   7287.1999999999998       9.66853255546156008E-004
   7288.1000000000004       9.37513012837609618E-004
   7289.0000000000000       9.09121105354594445E-004
   7289.8999999999996       9.11639993032948843E-004
   7290.8000000000002       9.21465662288548874E-004
   7291.6999999999998       9.13954724463234437E-004
   7292.6000000000004       9.12047061726890449E-004
   7293.5000000000000       9.31643320651888624E-004
   7294.3999999999996       9.59390122950185692E-004
   7295.3000000000002       9.77887929248270112E-004
   7296.1999999999998       9.87390470545909411E-004
   7297.1000000000004       9.88648697472584636E-004
   7298.0000000000000       9.83355107027805665E-004
   7298.8999999999996       9.78618624240032821E-004
   7299.8000000000002       9.75769906728865847E-004
   7300.6999999999998       9.75246745957946272E-004
   7301.6000000000004       9.79457606877008917E-004
   7302.5000000000000       9.86733067296369920E-004
   7303.3999999999996       9.92574222202309911E-004
   7304.3000000000002       9.94574792439119988E-004
   7305.1999999999998       9.89869819195989898E-004
   7306.1000000000004       9.73862461639427132E-004
   7307.0000000000000       9.54671763019708866E-004
   7307.8999999999996       9.45779734768769807E-004
   7308.8000000000002       9.53702855568066220E-004
   7309.6999999999998       9.62603739536834141E-004
   7310.6000000000004       9.52740074939140060E-004
   7311.5000000000000       9.45605887907775377E-004
   7312.3999999999996       9.61761664171893477E-004
   7313.3000000000002       9.83064050916919625E-004
   7314.1999999999998       9.90568375955543654E-004
   7315.1000000000004       9.86432974975290366E-004
   7316.0000000000000       9.78667626613673831E-004
   7316.8999999999996       9.72769808206213824E-004
   7317.8000000000002       9.70706542274333401E-004
   7318.6999999999998       9.70560712982567928E-004
   7319.6000000000004       9.67234147417080688E-004
   7320.5000000000000       9.62337354001983176E-004
   7321.3999999999996       9.65805914277688524E-004
   7322.3000000000002       9.72866421239448670E-004
   7323.1999999999998       9.65389117008377253E-004
   7324.1000000000004       9.49376863969519013E-004
   7325.0000000000000       9.36493023746836251E-004
   7325.8999999999996       9.27751909192521388E-004
   7326.8000000000002       9.35490025898362207E-004
   7327.6999999999998       9.57639512348573436E-004
   7328.6000000000004       9.67555591848463618E-004
   7329.5000000000000       9.61394873065576612E-004
   7330.3999999999996       9.56598716314736820E-004
   7331.3000000000002       9.60694503983636509E-004
   7332.1999999999998       9.66472986923773512E-004
   7333.1000000000004       9.66191930630045824E-004
   7334.0000000000000       9.64884931263791830E-004
   7334.8999999999996       9.68572204408376302E-004
   7335.8000000000002       9.75473241909720584E-004
   7336.6999999999998       9.82373942226420728E-004
   7337.6000000000004       9.86096124830569817E-004
   7338.5000000000000       9.82535764569691288E-004
   7339.3999999999996       9.79621527038848508E-004
   7340.3000000000002       9.82727286724756430E-004
   7341.1999999999998       9.88087018492443377E-004
   7342.1000000000004       9.83945675231500880E-004
   7343.0000000000000       9.67496609242595048E-004
   7343.8999999999996       9.47733877513166271E-004
   7344.8000000000002       9.45720630016092293E-004
   7345.6999999999998       9.64038259347186482E-004
   7346.6000000000004       9.76849544062794936E-004
   7347.5000000000000       9.77265714958518552E-004
   7348.3999999999996       9.76827360778185745E-004
   7349.3000000000002       9.70799537092538467E-004
   7350.1999999999998       9.54632114181333731E-004
   7351.1000000000004       9.41484656126207863E-004
   7352.0000000000000       9.44551749401348339E-004
   7352.8999999999996       9.51876964544656973E-004
   7353.8000000000002       9.47463042295972882E-004
   7354.6999999999998       9.28659905063145929E-004
   7355.6000000000004       9.10516772765116106E-004
   7356.5000000000000       9.16029283555476687E-004
   7357.3999999999996       9.37859147490233006E-004
   7358.3000000000002       9.60166931187470701E-004
   7359.1999999999998       9.77833215028638342E-004
   7360.1000000000004       9.81017323467284251E-004
   7361.0000000000000       9.68578736042680901E-004
   7361.8999999999996       9.52722849939725510E-004
   7362.8000000000002       9.43362941559490421E-004
   7363.6999999999998       9.42702649329046276E-004
   7364.6000000000004       9.51166641786311520E-004
   7365.5000000000000       9.61594038647921963E-004
   7366.3999999999996       9.65263506423663263E-004
   7367.3000000000002       9.67277665269637883E-004
   7368.1999999999998       9.69117691002455476E-004
   7369.1000000000004       9.68579392165957488E-004
   7370.0000000000000       9.72238048265049127E-004
   7370.8999999999996       9.79307851926461241E-004
   7371.8000000000002       9.80294891847160619E-004
   7372.6999999999998       9.76046700056613968E-004
   7373.6000000000004       9.70230125929527208E-004
   7374.5000000000000       9.64826337711796036E-004
   7375.3999999999996       9.57952821361649789E-004
   7376.2999999999993       9.57132313633804119E-004
   7377.1999999999989       9.67475662084445838E-004
   7378.0999999999985       9.80869642866066468E-004
   7378.9999999999982       9.85760794087153043E-004
   7379.8999999999978       9.82878401140332286E-004
   7380.7999999999975       9.72873842611393820E-004
   7381.6999999999971       9.58180742259131645E-004
   7382.5999999999967       9.51570494293584252E-004
   7383.4999999999964       9.53702472337924372E-004
   7384.3999999999960       9.44238123523593285E-004
   7385.2999999999956       9.20877275483586422E-004
   7386.1999999999953       9.09184811804760948E-004
   7387.0999999999949       9.15329287625218013E-004
   7387.9999999999945       9.15673809523769836E-004
   7388.8999999999942       9.08111638250278441E-004
   7389.7999999999938       9.17727285475217485E-004
   7390.6999999999935       9.47629488208691535E-004
   7391.5999999999931       9.65226886142679760E-004
   7392.4999999999927       9.49292478513145683E-004
   7393.3999999999924       9.28687011872022443E-004
   7394.2999999999920       9.38422799509963071E-004
   7395.1999999999916       9.58240119167205469E-004
   7396.0999999999913       9.65479851943613844E-004
   7396.9999999999909       9.65758842813437034E-004
   7397.8999999999905       9.64792875871315053E-004
   7398.7999999999902       9.57937260483843330E-004
   7399.6999999999898       9.42137661649174694E-004
   7400.5999999999894       9.30994256728071620E-004
   7401.4999999999891       9.37009032550044081E-004
   7402.3999999999887       9.57687949072153042E-004
   7403.2999999999884       9.77556143746117958E-004
   7404.1999999999880       9.80008625933860393E-004
   7405.0999999999876       9.61594318309517927E-004
   7405.9999999999873       9.46438935975049385E-004
   7406.8999999999869       9.52262066111538063E-004
   7407.7999999999865       9.48540315590141146E-004
   7408.6999999999862       9.21475486908630219E-004
   7409.5999999999858       9.03576529893322699E-004
   7410.4999999999854       9.07823601036421898E-004
   7411.3999999999851       9.25237318859115088E-004
   7412.2999999999847       9.50220777439072638E-004
   7413.1999999999844       9.49649599951865749E-004
   7414.0999999999840       9.15609033760790667E-004
   7414.9999999999836       8.87465683650499968E-004
   7415.8999999999833       8.94202004860994719E-004
   7416.7999999999829       9.22867515993672336E-004
   7417.6999999999825       9.38742272198973111E-004
   7418.5999999999822       9.42568554084074702E-004
   7419.4999999999818       9.51981905610942863E-004
   7420.3999999999814       9.53824937027291839E-004
   7421.2999999999811       9.32193639213261312E-004
   7422.1999999999807       9.02774453207674148E-004
   7423.0999999999804       8.95337244346507501E-004
   7423.9999999999800       9.13955498255079489E-004
   7424.8999999999796       9.44823738966375738E-004
   7425.7999999999793       9.70199541544354538E-004
   7426.6999999999789       9.82161014486152137E-004
   7427.5999999999785       9.84184209947151604E-004
   7428.4999999999782       9.81204885176955666E-004
   7429.3999999999778       9.71365195928767969E-004
   7430.2999999999774       9.55116276828830578E-004
   7431.1999999999771       9.45885846309717660E-004
   7432.0999999999767       9.50624887260359216E-004
   7432.9999999999764       9.62494640421210357E-004
   7433.8999999999760       9.74773467532562537E-004
   7434.7999999999756       9.78058104082719839E-004
   7435.6999999999753       9.73992601815696908E-004
   7436.5999999999749       9.71958267699658319E-004
   7437.4999999999745       9.71151040618578772E-004
   7438.3999999999742       9.69102940943335190E-004
   7439.2999999999738       9.59468772441057836E-004
   7440.1999999999734       9.43079292701682215E-004
   7441.0999999999731       9.35507397740100539E-004
   7441.9999999999727       9.38654107863187920E-004
   7442.8999999999724       9.44939563967187729E-004
   7443.7999999999720       9.52298155355178018E-004
   7444.6999999999716       9.40467896481410326E-004
   7445.5999999999713       9.21176050615263721E-004
   7446.4999999999709       9.26159830151883400E-004
   7447.3999999999705       9.40642675197905721E-004
   7448.2999999999702       9.50489695594567731E-004
   7449.1999999999698       9.56509392862670807E-004
   7450.0999999999694       9.62857380981476415E-004
   7450.9999999999691       9.68188453035336060E-004
   7451.8999999999687       9.68755097153242662E-004
   7452.7999999999683       9.69655772820797414E-004
   7453.6999999999680       9.72387862713864335E-004
   7454.5999999999676       9.74488438453277074E-004
   7455.4999999999673       9.72990982671334895E-004
   7456.3999999999669       9.68494551224678289E-004
   7457.2999999999665       9.66374219406178326E-004
   7458.1999999999662       9.66964122291204026E-004
   7459.0999999999658       9.66310924381197194E-004
   7459.9999999999654       9.57863881258507236E-004
   7460.8999999999651       9.33639648553860678E-004
   7461.7999999999647       9.08026604568484721E-004
   7462.6999999999643       9.10546141984739862E-004
   7463.5999999999640       9.36831742813893677E-004
   7464.4999999999636       9.60931773067258800E-004
   7465.3999999999633       9.74902303324279144E-004
   7466.2999999999629       9.79572772818856604E-004
   7467.1999999999625       9.77700418712265998E-004
   7468.0999999999622       9.73830867666247843E-004
   7468.9999999999618       9.69908740110096918E-004
   7469.8999999999614       9.67228766671971016E-004
   7470.7999999999611       9.64359609143974981E-004
   7471.6999999999607       9.60661885468952416E-004
   7472.5999999999603       9.56440186958642711E-004
   7473.4999999999600       9.53781731138509010E-004
   7474.3999999999596       9.52950112443312516E-004
   7475.2999999999593       9.50983861266024725E-004
   7476.1999999999589       9.52253318666429743E-004
   7477.0999999999585       9.57925336188024997E-004
   7477.9999999999582       9.58999263074120632E-004
   7478.8999999999578       9.57007410669722248E-004
   7479.7999999999574       9.58217568340714908E-004
   7480.6999999999571       9.56554914167614739E-004
   7481.5999999999567       9.48903270418269122E-004
   7482.4999999999563       9.45626507656841669E-004
   7483.3999999999560       9.48361526781961038E-004
   7484.2999999999556       9.54084626397012502E-004
   7485.1999999999553       9.61410353793707329E-004
   7486.0999999999549       9.68351169702905373E-004
   7486.9999999999545       9.72792515166015634E-004
   7487.8999999999542       9.71132369707536380E-004
   7488.7999999999538       9.63083358382006791E-004
   7489.6999999999534       9.54748601213836908E-004
   7490.5999999999531       9.47034072330676414E-004
   7491.4999999999527       9.38870095600670895E-004
   7492.3999999999523       9.38364768659312107E-004
   7493.2999999999520       9.31945818692157249E-004
   7494.1999999999516       9.07592379220019244E-004
   7495.0999999999513       8.95211563619468511E-004
   7495.9999999999509       9.22093654929435360E-004
   7496.8999999999505       9.53720616135565660E-004
   7497.7999999999502       9.59951069584487381E-004
   7498.6999999999498       9.53530629801596793E-004
   7499.5999999999494       9.53433319781417767E-004
   7500.4999999999491       9.58137227990198625E-004
   7501.3999999999487       9.63460836141181217E-004
   7502.2999999999483       9.68438034353832780E-004
   7503.1999999999480       9.68616379048631076E-004
   7504.0999999999476       9.60113384286085661E-004
   7504.9999999999472       9.47234985674377979E-004
   7505.8999999999469       9.37791701345636400E-004
   7506.7999999999465       9.34621805403780623E-004
   7507.6999999999462       9.44145766115420310E-004
   7508.5999999999458       9.58715572965143713E-004
   7509.4999999999454       9.49888333903527084E-004
   7510.3999999999451       9.18430088984020809E-004
   7511.2999999999447       9.07635168212010571E-004
   7512.1999999999443       9.33081671650986232E-004
   7513.0999999999440       9.56229711875325244E-004
   7513.9999999999436       9.59884260751823278E-004
   7514.8999999999432       9.59053694707295780E-004
   7515.7999999999429       9.60894751191517958E-004
   7516.6999999999425       9.65168739067942018E-004
   7517.5999999999422       9.68973207149803964E-004
   7518.4999999999418       9.69576003295983917E-004
   7519.3999999999414       9.70443934049640671E-004
   7520.2999999999411       9.67971858250544397E-004
   7521.1999999999407       9.55373932003843488E-004
   7522.0999999999403       9.33108021146136042E-004
   7522.9999999999400       9.19400815157255620E-004
   7523.8999999999396       9.24134294631699747E-004
   7524.7999999999392       9.27793051146776158E-004
   7525.6999999999389       9.33344607836659925E-004
   7526.5999999999385       9.45808807538860781E-004
   7527.4999999999382       9.56552424648122058E-004
   7528.3999999999378       9.59933786483085851E-004
   7529.2999999999374       9.54745540834564424E-004
   7530.1999999999371       9.36796772274130110E-004
   7531.0999999999367       9.19587200931830883E-004
   7531.9999999999363       9.27228959905483869E-004
   7532.8999999999360       9.46042710182609030E-004
   7533.7999999999356       9.59185849702611643E-004
   7534.6999999999352       9.65729700372524647E-004
   7535.5999999999349       9.68339057524177614E-004
   7536.4999999999345       9.67699455464521817E-004
   7537.3999999999342       9.64925803753893352E-004
   7538.2999999999338       9.62708762674996019E-004
   7539.1999999999334       9.59188014559110352E-004
   7540.0999999999331       9.55348630711736705E-004
   7540.9999999999327       9.55071712940871423E-004
   7541.8999999999323       9.56441931880798154E-004
   7542.7999999999320       9.58905423581421479E-004
   7543.6999999999316       9.61811249988957077E-004
   7544.5999999999312       9.58040007915556186E-004
   7545.4999999999309       9.42158960501993494E-004
   7546.3999999999305       9.30035257432997942E-004
   7547.2999999999302       9.36190550821739613E-004
   7548.1999999999298       9.48661163549935371E-004
   7549.0999999999294       9.56108951768489652E-004
   7549.9999999999291       9.60733692660241953E-004
   7550.8999999999287       9.65924490049676569E-004
   7551.7999999999283       9.65912110818895704E-004
   7552.6999999999280       9.58947923349803334E-004
   7553.5999999999276       9.48286962516131258E-004
   7554.4999999999272       9.30196415884698095E-004
   7555.3999999999269       9.19344516499514489E-004
   7556.2999999999265       9.34711637145270642E-004
   7557.1999999999261       9.52393176480045909E-004
   7558.0999999999258       9.53026627150464203E-004
   7558.9999999999254       9.43993166704020664E-004
   7559.8999999999251       9.37152055627958743E-004
   7560.7999999999247       9.42362676255285793E-004
   7561.6999999999243       9.50743414616242693E-004
   7562.5999999999240       9.52244181809277905E-004
   7563.4999999999236       9.53018717975747569E-004
   7564.3999999999232       9.53502133004680463E-004
   7565.2999999999229       9.50893013197877434E-004
   7566.1999999999225       9.47144812819153263E-004
   7567.0999999999221       9.41228659726782327E-004
   7567.9999999999218       9.29469305730037465E-004
   7568.8999999999214       9.19479821976610105E-004
   7569.7999999999211       9.28773878511515629E-004
   7570.6999999999207       9.46058166443229805E-004
   7571.5999999999203       9.55589297185404718E-004
   7572.4999999999200       9.51085665889373757E-004
   7573.3999999999196       9.33106236692317933E-004
   7574.2999999999192       9.23675790596882877E-004
   7575.1999999999189       9.37325429090656265E-004
   7576.0999999999185       9.55798784801962023E-004
   7576.9999999999181       9.63751806267949753E-004
   7577.8999999999178       9.61955736693637857E-004
   7578.7999999999174       9.57732836206072794E-004
   7579.6999999999171       9.57269024012618783E-004
   7580.5999999999167       9.57189414636692277E-004
   7581.4999999999163       9.50366488604594299E-004
   7582.3999999999160       9.34516841341003954E-004
   7583.2999999999156       9.16602099944337939E-004
   7584.1999999999152       9.09456057563408577E-004
   7585.0999999999149       9.07317144131187928E-004
   7585.9999999999145       9.05482394152043999E-004
   7586.8999999999141       9.19923690309724538E-004
   7587.7999999999138       9.34073402804890354E-004
   7588.6999999999134       9.40137315313619684E-004
   7589.5999999999131       9.47830669692313632E-004
   7590.4999999999127       9.52695723161612121E-004
   7591.3999999999123       9.53623288151387422E-004
   7592.2999999999120       9.54342301906824578E-004
   7593.1999999999116       9.56745044393766605E-004
   7594.0999999999112       9.58140223192824043E-004
   7594.9999999999109       9.60370714389244587E-004
   7595.8999999999105       9.62638973674181139E-004
   7596.7999999999101       9.60514625109344156E-004
   7597.6999999999098       9.56054435490113607E-004
   7598.5999999999094       9.55012224822816488E-004
   7599.4999999999091       9.56636781221863858E-004
   7600.3999999999087       9.51334096053011867E-004
   7601.2999999999083       9.47642139634014154E-004
   7602.1999999999080       9.54078794060595837E-004
   7603.0999999999076       9.67064845633382013E-004
   7603.9999999999072       9.72648663910977737E-004
   7604.8999999999069       9.62991296129650054E-004
   7605.7999999999065       9.55458727538430501E-004
   7606.6999999999061       9.64406058345647767E-004
   7607.5999999999058       9.74936447930828962E-004
   7608.4999999999054       9.66725544758156646E-004
   7609.3999999999050       9.47303503243045360E-004
   7610.2999999999047       9.42855119193469478E-004
   7611.1999999999043       9.59525067671323541E-004
   7612.0999999999040       9.75354933115904965E-004
   7612.9999999999036       9.78706138208446617E-004
   7613.8999999999032       9.68328163264215586E-004
   7614.7999999999029       9.46639089388860992E-004
   7615.6999999999025       9.18651457900940727E-004
   7616.5999999999021       8.94888799606736551E-004
   7617.4999999999018       8.92994571150283788E-004
   7618.3999999999014       8.97432473492427323E-004
   7619.2999999999010       8.93489657678560398E-004
   7620.1999999999007       9.01107248290107933E-004
   7621.0999999999003       9.25814358227131833E-004
   7621.9999999999000       9.52861894276839589E-004
   7622.8999999998996       9.67776785965587588E-004
   7623.7999999998992       9.69909900324589539E-004
   7624.6999999998989       9.68752974421722914E-004
   7625.5999999998985       9.68285677490564886E-004
   7626.4999999998981       9.61527835904320478E-004
   7627.3999999998978       9.49041456546574928E-004
   7628.2999999998974       9.44874646676002305E-004
   7629.1999999998970       9.52752820078864044E-004
   7630.0999999998967       9.62527696715710212E-004
   7630.9999999998963       9.68525661328275916E-004
   7631.8999999998960       9.68040866225423945E-004
   7632.7999999998956       9.63551419942431948E-004
   7633.6999999998952       9.62617697865935967E-004
   7634.5999999998949       9.67434154118079390E-004
   7635.4999999998945       9.70734488978246138E-004
   7636.3999999998941       9.68478802228679150E-004
   7637.2999999998938       9.65423126570737590E-004
   7638.1999999998934       9.60715047103533645E-004
   7639.0999999998930       9.47600178717608144E-004
   7639.9999999998927       9.36857266305403434E-004
   7640.8999999998923       9.43649669727287805E-004
   7641.7999999998920       9.56531020891382530E-004
   7642.6999999998916       9.65320671074799443E-004
   7643.5999999998912       9.70697838149426890E-004
   7644.4999999998909       9.70659435180899147E-004
   7645.3999999998905       9.67148057819783823E-004
   7646.2999999998901       9.62388635876878389E-004
   7647.1999999998898       9.56074733543625156E-004
   7648.0999999998894       9.51978423114494638E-004
   7648.9999999998890       9.50895124732180851E-004
   7649.8999999998887       9.43776404138820511E-004
   7650.7999999998883       9.36662330518507526E-004
   7651.6999999998880       9.40058949628333452E-004
   7652.5999999998876       9.38683087046776089E-004
   7653.4999999998872       9.26311219599868321E-004
   7654.3999999998869       9.19122063177817876E-004
   7655.2999999998865       9.23412949223262032E-004
   7656.1999999998861       9.25148208120445668E-004
   7657.0999999998858       9.09348234258761838E-004
   7657.9999999998854       8.86263876203736826E-004
   7658.8999999998850       8.70972624735351039E-004
   7659.7999999998847       8.70725903137190612E-004
   7660.6999999998843       8.85129494067883951E-004
   7661.5999999998839       9.06370013798995242E-004
   7662.4999999998836       9.15056302664962132E-004
   7663.3999999998832       8.83614840180711909E-004
   7664.2999999998829       8.41057489090776974E-004
   7665.1999999998825       8.55433336653980796E-004
   7666.0999999998821       9.11619949821009619E-004
   7666.9999999998818       9.45443923754441884E-004
   7667.8999999998814       9.43409508297471150E-004
   7668.7999999998810       9.29940470522596773E-004
   7669.6999999998807       9.30061062646143737E-004
   7670.5999999998803       9.44607997414255007E-004
   7671.4999999998799       9.54204694348306445E-004
   7672.3999999998796       9.52923359890255127E-004
   7673.2999999998792       9.50567250163518299E-004
   7674.1999999998789       9.52134652844063194E-004
   7675.0999999998785       9.54134136279003527E-004
   7675.9999999998781       9.54505850065847056E-004
   7676.8999999998778       9.53749884672209667E-004
   7677.7999999998774       9.49941809208782926E-004
   7678.6999999998770       9.40869808995039246E-004
   7679.5999999998767       9.28166104818034586E-004
   7680.4999999998763       9.24708913502166269E-004
   7681.3999999998759       9.36656888778418062E-004
   7682.2999999998756       9.47880389126425213E-004
   7683.1999999998752       9.49393722676598667E-004
   7684.0999999998749       9.48230398679124212E-004
   7684.9999999998745       9.51266500281715125E-004
   7685.8999999998741       9.54532666120081852E-004
   7686.7999999998738       9.50843241601916794E-004
   7687.6999999998734       9.40227815141736630E-004
   7688.5999999998730       9.32784674080063664E-004
   7689.4999999998727       9.31614273890215509E-004
   7690.3999999998723       9.21292127544193944E-004
   7691.2999999998719       9.07833120644260892E-004
   7692.1999999998716       9.17239233946686491E-004
   7693.0999999998712       9.36860506763082532E-004
   7693.9999999998709       9.43791788493205655E-004
   7694.8999999998705       9.38116221370578784E-004
   7695.7999999998701       9.30894586545111778E-004
   7696.6999999998698       9.28287401008297719E-004
   7697.5999999998694       9.15589489944529139E-004
   7698.4999999998690       8.90694704503588747E-004
   7699.3999999998687       8.90741151733749387E-004
   7700.2999999998683       9.21301836131638557E-004
   7701.1999999998679       9.44406652070406308E-004
   7702.0999999998676       9.48378219249993533E-004
   7702.9999999998672       9.45620285314409024E-004
   7703.8999999998668       9.44148112183393340E-004
   7704.7999999998665       9.45055432966133524E-004
   7705.6999999998661       9.46904615866999365E-004
   7706.5999999998658       9.47245205911677345E-004
   7707.4999999998654       9.46001235907401169E-004
   7708.3999999998650       9.39904158852333392E-004
   7709.2999999998647       9.22088353374966819E-004
   7710.1999999998643       9.04501695093916282E-004
   7711.0999999998639       9.03376732970488996E-004
   7711.9999999998636       9.06206822467247523E-004
   7712.8999999998632       8.96801213487201355E-004
   7713.7999999998628       8.73785450119222138E-004
   7714.6999999998625       8.63143047112586970E-004
   7715.5999999998621       8.86562069362626455E-004
   7716.4999999998618       9.22161889945040413E-004
   7717.3999999998614       9.39342910798421729E-004
   7718.2999999998610       9.38241978121521852E-004
   7719.1999999998607       9.34714659067684877E-004
   7720.0999999998603       9.35849793033219053E-004
   7720.9999999998599       9.33867407185296340E-004
   7721.8999999998596       9.20594264629335103E-004
   7722.7999999998592       9.08258619258009241E-004
   7723.6999999998588       9.16072303122376030E-004
   7724.5999999998585       9.30778553314362913E-004
   7725.4999999998581       9.34017326055462996E-004
   7726.3999999998578       9.21451068246541445E-004
   7727.2999999998574       9.08636479706206499E-004
   7728.1999999998570       9.19079676166399836E-004
   7729.0999999998567       9.36855172532015368E-004
   7729.9999999998563       9.41974532170909164E-004
   7730.8999999998559       9.39487874502435119E-004
   7731.7999999998556       9.36709632329622453E-004
   7732.6999999998552       9.36172761889043697E-004
   7733.5999999998548       9.37189011781669446E-004
   7734.4999999998545       9.39462511632652110E-004
   7735.3999999998541       9.42368946088938055E-004
   7736.2999999998538       9.44799315437008184E-004
   7737.1999999998534       9.47173586779561944E-004
   7738.0999999998530       9.48453657193291575E-004
   7738.9999999998527       9.49085686607355401E-004
   7739.8999999998523       9.49919808260468127E-004
   7740.7999999998519       9.44776630185542674E-004
   7741.6999999998516       9.28065984898218915E-004
   7742.5999999998512       9.15792282926191281E-004
   7743.4999999998508       9.25425890927735026E-004
   7744.3999999998505       9.33918523955117518E-004
   7745.2999999998501       9.27578038836409323E-004
   7746.1999999998498       9.18103543447592999E-004
   7747.0999999998494       8.97227318955676114E-004
   7747.9999999998490       8.65175427164701001E-004
   7748.8999999998487       8.61584165442794538E-004
   7749.7999999998483       8.91323187719793124E-004
   7750.6999999998479       9.16139856758953880E-004
   7751.5999999998476       9.29698468515142875E-004
   7752.4999999998472       9.39136380106789497E-004
   7753.3999999998468       9.42816191403312112E-004
   7754.2999999998465       9.42121778296458939E-004
   7755.1999999998461       9.40838110721150611E-004
   7756.0999999998457       9.44262813271618635E-004
   7756.9999999998454       9.48098065618116601E-004
   7757.8999999998450       9.45273478457843604E-004
   7758.7999999998447       9.36980489090898333E-004
   7759.6999999998443       9.31642373853234823E-004
   7760.5999999998439       9.34340691038971030E-004
   7761.4999999998436       9.42852122431958768E-004
   7762.3999999998432       9.49489798557188558E-004
   7763.2999999998428       9.49979101207985453E-004
   7764.1999999998425       9.46031496839687186E-004
   7765.0999999998421       9.42976812796662649E-004
   7765.9999999998417       9.45154771485221977E-004
   7766.8999999998414       9.49311134241022478E-004
   7767.7999999998410       9.50709547226810951E-004
   7768.6999999998407       9.50328691544250642E-004
   7769.5999999998403       9.49434951112963104E-004
   7770.4999999998399       9.44132940832552144E-004
   7771.3999999998396       9.34026614066018213E-004
   7772.2999999998392       9.27354290798707188E-004
   7773.1999999998388       9.25997583072954303E-004
   7774.0999999998385       9.25623639986666836E-004
   7774.9999999998381       9.29340168938521229E-004
   7775.8999999998377       9.34480817590605905E-004
   7776.7999999998374       9.38219688735402054E-004
   7777.6999999998370       9.41704442676108465E-004
   7778.5999999998367       9.38359514141599892E-004
   7779.4999999998363       9.18229198293319272E-004
   7780.3999999998359       8.99723428228062770E-004
   7781.2999999998356       9.10973440915347887E-004
   7782.1999999998352       9.33722459582999264E-004
   7783.0999999998348       9.45140524754340587E-004
   7783.9999999998345       9.46362039982461857E-004
   7784.8999999998341       9.44830836431349223E-004
   7785.7999999998337       9.43173236201896533E-004
   7786.6999999998334       9.39040865165289488E-004
   7787.5999999998330       9.22973609419762159E-004
   7788.4999999998327       9.01413702082608953E-004
   7789.3999999998323       9.03370158426344762E-004
   7790.2999999998319       9.25079429188198419E-004
   7791.1999999998316       9.39785947334286159E-004
   7792.0999999998312       9.43633128888092835E-004
   7792.9999999998308       9.43280699110446625E-004
   7793.8999999998305       9.41679507400565853E-004
   7794.7999999998301       9.39741956895670679E-004
   7795.6999999998297       9.33632918963640855E-004
   7796.5999999998294       9.17541249932762436E-004
   7797.4999999998290       9.03125096961313067E-004
   7798.3999999998287       9.05229856962862234E-004
   7799.2999999998283       9.08242959376766908E-004
   7800.1999999998279       9.10769148038399648E-004
   7801.0999999998276       9.23178972348852995E-004
   7801.9999999998272       9.34561240220811652E-004
   7802.8999999998268       9.39305199986385938E-004
   7803.7999999998265       9.41165178646055298E-004
   7804.6999999998261       9.40805019038106448E-004
   7805.5999999998257       9.37601905642410170E-004
   7806.4999999998254       9.28372811244841385E-004
   7807.3999999998250       9.15962860338209077E-004
   7808.2999999998246       9.12664680554064697E-004
   7809.1999999998243       9.14906759833412496E-004
   7810.0999999998239       9.07357051863925393E-004
   7810.9999999998236       9.01451925609892931E-004
   7811.8999999998232       9.15055277081253571E-004
   7812.7999999998228       9.32906497095620907E-004
   7813.6999999998225       9.41118817912430287E-004
   7814.5999999998221       9.41837860738036240E-004
   7815.4999999998217       9.40282589058997836E-004
   7816.3999999998214       9.41190826709307625E-004
   7817.2999999998210       9.43158866837665705E-004
   7818.1999999998206       9.43054396077100399E-004
   7819.0999999998203       9.40602312790652447E-004
   7819.9999999998199       9.38549176478340190E-004
   7820.8999999998196       9.38252660190391492E-004
   7821.7999999998192       9.38827328082323721E-004
   7822.6999999998188       9.40555717940695971E-004
   7823.5999999998185       9.42187788774821429E-004
   7824.4999999998181       9.42928467945277683E-004
   7825.3999999998177       9.40367146768701038E-004
   7826.2999999998174       9.34331601955103110E-004
   7827.1999999998170       9.32448417008349185E-004
   7828.0999999998166       9.36262009245383202E-004
   7828.9999999998163       9.38405118829238778E-004
   7829.8999999998159       9.32507341794735914E-004
   7830.7999999998156       9.13848080590744997E-004
   7831.6999999998152       8.91364612985010799E-004
   7832.5999999998148       8.90894934130080510E-004
   7833.4999999998145       9.08181186619314929E-004
   7834.3999999998141       9.07692884700822891E-004
   7835.2999999998137       8.91348974243990093E-004
   7836.1999999998134       8.91617627158913925E-004
   7837.0999999998130       9.10998330243748791E-004
   7837.9999999998126       9.28559279648386287E-004
   7838.8999999998123       9.35730793463727408E-004
   7839.7999999998119       9.34699984871549972E-004
   7840.6999999998116       9.31833850412532570E-004
   7841.5999999998112       9.29710161191586813E-004
   7842.4999999998108       9.26503973398181031E-004
   7843.3999999998105       9.24187208433885745E-004
   7844.2999999998101       9.23633187270571322E-004
   7845.1999999998097       9.24299514596390627E-004
   7846.0999999998094       9.28395998229613380E-004
   7846.9999999998090       9.33253996994360974E-004
   7847.8999999998086       9.31215951484087368E-004
   7848.7999999998083       9.19836743270052866E-004
   7849.6999999998079       9.07333653309574917E-004
   7850.5999999998076       9.07759112140128842E-004
   7851.4999999998072       9.16922883057851371E-004
   7852.3999999998068       9.22817723450705305E-004
   7853.2999999998065       9.23814890393655848E-004
   7854.1999999998061       9.17540464711818506E-004
   7855.0999999998057       9.09520897233072052E-004
   7855.9999999998054       9.12280432521019448E-004
   7856.8999999998050       9.21557641156369898E-004
   7857.7999999998046       9.28354973501769373E-004
   7858.6999999998043       9.31906916636299340E-004
   7859.5999999998039       9.31128915703287644E-004
   7860.4999999998035       9.26695365582654485E-004
   7861.3999999998032       9.24022271673921461E-004
   7862.2999999998028       9.23194422799866309E-004
   7863.1999999998025       9.21575129740481920E-004
   7864.0999999998021       9.20155889257033219E-004
   7864.9999999998017       9.19012701431841405E-004
   7865.8999999998014       9.18186361390819160E-004
   7866.7999999998010       9.20985969020054985E-004
   7867.6999999998006       9.22439626563003354E-004
   7868.5999999998003       9.14883752165492016E-004
   7869.4999999997999       9.04876590814917051E-004
   7870.3999999997995       9.05388349555256294E-004
   7871.2999999997992       9.09085636771584911E-004
   7872.1999999997988       9.02327868734722691E-004
   7873.0999999997985       8.92436263707446537E-004
   7873.9999999997981       8.93011843697728630E-004
   7874.8999999997977       8.95842225088522791E-004
   7875.7999999997974       8.92090032982543243E-004
   7876.6999999997970       8.89003145509151575E-004
   7877.5999999997966       8.95342987230490317E-004
   7878.4999999997963       9.04117051779477912E-004
   7879.3999999997959       9.02946864083462508E-004
   7880.2999999997955       8.91615717698517702E-004
   7881.1999999997952       8.81959730492198500E-004
   7882.0999999997948       8.84914991353719701E-004
   7882.9999999997945       8.98353993789916634E-004
   7883.8999999997941       9.07001475281457581E-004
   7884.7999999997937       9.04191647443667082E-004
   7885.6999999997934       8.97784733103969669E-004
   7886.5999999997930       8.92114863540342915E-004
   7887.4999999997926       8.93224065225816798E-004
   7888.3999999997923       8.99348891596289863E-004
   7889.2999999997919       8.99405452805386542E-004
   7890.1999999997915       8.95072380303600364E-004
   7891.0999999997912       8.89897653664927261E-004
   7891.9999999997908       8.83045014507665847E-004
   7892.8999999997905       8.70384271940884179E-004
   7893.7999999997901       8.50760427799617121E-004
   7894.6999999997897       8.36999027545810631E-004
   7895.5999999997894       8.34571388619683298E-004
   7896.4999999997890       8.47042408765264583E-004
   7897.3999999997886       8.68735844524882355E-004
   7898.2999999997883       8.85022566715591946E-004
   7899.1999999997879       8.91967471513713077E-004
   7900.0999999997875       8.86099699635656594E-004
   7900.9999999997872       8.71112852905729716E-004
   7901.8999999997868       8.65581689411478567E-004
   7902.7999999997865       8.76427355141532545E-004
   7903.6999999997861       8.86449123604904398E-004
   7904.5999999997857       8.94547395867990392E-004
   7905.4999999997854       9.03661446790758301E-004
   7906.3999999997850       9.06394271608346094E-004
   7907.2999999997846       8.94729115426036925E-004
   7908.1999999997843       8.67064691310569734E-004
   7909.0999999997839       8.50867300340690412E-004
   7909.9999999997835       8.64663936317187410E-004
   7910.8999999997832       8.76816047245000218E-004
   7911.7999999997828       8.61207372715534878E-004
   7912.6999999997824       8.37731797994658613E-004
   7913.5999999997821       8.44611721046304906E-004
   7914.4999999997817       8.67042113811086258E-004
   7915.3999999997814       8.70075510666191293E-004
   7916.2999999997810       8.54783129386591954E-004
   7917.1999999997806       8.30892103106527832E-004
   7918.0999999997803       8.24352914781635842E-004
   7918.9999999997799       8.45259308733325044E-004
   7919.8999999997795       8.59432904797922384E-004
   7920.7999999997792       8.63710021086949091E-004
   7921.6999999997788       8.68411838490036115E-004
   7922.5999999997784       8.63182063873662426E-004
   7923.4999999997781       8.56456300868712770E-004
   7924.3999999997777       8.60975322269821332E-004
   7925.2999999997774       8.71022170066457603E-004
   7926.1999999997770       8.72974659171104413E-004
   7927.0999999997766       8.66755736178549739E-004
   7927.9999999997763       8.54614469561713690E-004
   7928.8999999997759       8.47076344418336400E-004
   7929.7999999997755       8.47049296270361218E-004
   7930.6999999997752       8.50153323085075922E-004
   7931.5999999997748       8.47510363362251307E-004
   7932.4999999997744       8.36858612000512011E-004
   7933.3999999997741       8.45150051806783605E-004
   7934.2999999997737       8.74143914615645775E-004
   7935.1999999997734       8.86223663164947763E-004
   7936.0999999997730       8.65369831526776635E-004
   7936.9999999997726       8.36855691949939685E-004
   7937.8999999997723       8.36526164910651737E-004
   7938.7999999997719       8.57437184901115859E-004
   7939.6999999997715       8.74759193895567155E-004
   7940.5999999997712       8.75343199528368435E-004
   7941.4999999997708       8.66800479227946316E-004
   7942.3999999997704       8.58029727739800883E-004
   7943.2999999997701       8.43279932361228426E-004
   7944.1999999997697       8.28159891107360397E-004
   7945.0999999997694       8.23871374800805301E-004
   7945.9999999997690       8.33200949409796526E-004
   7946.8999999997686       8.57490919884649713E-004
   7947.7999999997683       8.73590027445347362E-004
   7948.6999999997679       8.74917479232988808E-004
   7949.5999999997675       8.75597894822976986E-004
   7950.4999999997672       8.75537305002601859E-004
   7951.3999999997668       8.79370443704670314E-004
   7952.2999999997664       8.90921028067063461E-004
   7953.1999999997661       8.94958908705342153E-004
   7954.0999999997657       8.88698503482849862E-004
   7954.9999999997654       8.81502788040358816E-004
   7955.8999999997650       8.72379218521518972E-004
   7956.7999999997646       8.65297932879546187E-004
   7957.6999999997643       8.63990802071276068E-004
   7958.5999999997639       8.62897298536902503E-004
   7959.4999999997635       8.63624815973795270E-004
   7960.3999999997632       8.63222761164075098E-004
   7961.2999999997628       8.58281243123350680E-004
   7962.1999999997624       8.46165538492657651E-004
   7963.0999999997621       8.37865394481497410E-004
   7963.9999999997617       8.46737006515094421E-004
   7964.8999999997613       8.61525892920911936E-004
   7965.7999999997610       8.76189399371314756E-004
   7966.6999999997606       8.84521867291207368E-004
   7967.5999999997603       8.79797805986770034E-004
   7968.4999999997599       8.70433954121631521E-004
   7969.3999999997595       8.66819118868520722E-004
   7970.2999999997592       8.64398692243946247E-004
   7971.1999999997588       8.66277326143466983E-004
   7972.0999999997584       8.75150913105056513E-004
   7972.9999999997581       8.85385563582432927E-004
   7973.8999999997577       8.86300844986136422E-004
   7974.7999999997573       8.86293202038125074E-004
   7975.6999999997570       8.91744505940871750E-004
   7976.5999999997566       8.90920671195458602E-004
   7977.4999999997563       8.80851973591573775E-004
   7978.3999999997559       8.72368391141389887E-004
   7979.2999999997555       8.72502178854577350E-004
   7980.1999999997552       8.76048333473778036E-004
   7981.0999999997548       8.84553260412503897E-004
   7981.9999999997544       8.99245943594260575E-004
   7982.8999999997541       9.04041095136935290E-004
   7983.7999999997537       8.92982008892366725E-004
   7984.6999999997533       8.80581676042603047E-004
   7985.5999999997530       8.75152225882294774E-004
   7986.4999999997526       8.62248795586648023E-004
   7987.3999999997523       8.51868362244873945E-004
   7988.2999999997519       8.68162343982024085E-004
   7989.1999999997515       8.95976956952934146E-004
   7990.0999999997512       9.05707366298393805E-004
   7990.9999999997508       8.95845724309264082E-004
   7991.8999999997504       8.84104305996763441E-004
   7992.7999999997501       8.77512525199032590E-004
   7993.6999999997497       8.64348127012787033E-004
   7994.5999999997493       8.47612241153624605E-004
   7995.4999999997490       8.52073043650346642E-004
   7996.3999999997486       8.72144982287931378E-004
   7997.2999999997483       8.74294041278639647E-004
   7998.1999999997479       8.46074304649512368E-004
   7999.0999999997475       8.20731768891075591E-004
   7999.9999999997472       8.30237004101697985E-004
   8000.8999999997468       8.58427004594654233E-004
   8001.7999999997464       8.73997691981084684E-004
   8002.6999999997461       8.72726363996868446E-004
   8003.5999999997457       8.74767270031196441E-004
   8004.4999999997453       8.88695682772777554E-004
   8005.3999999997450       8.97599010721213749E-004
   8006.2999999997446       8.84748127775661559E-004
   8007.1999999997443       8.60852173979376753E-004
   8008.0999999997439       8.56952516335327051E-004
   8008.9999999997435       8.73753528848688374E-004
   8009.8999999997432       8.85219317563161229E-004
   8010.7999999997428       8.82617729909219257E-004
   8011.6999999997424       8.69475704558957921E-004
   8012.5999999997421       8.60829255950965955E-004
   8013.4999999997417       8.68786402742559218E-004
   8014.3999999997413       8.82401308991879823E-004
   8015.2999999997410       8.88116376180554039E-004
   8016.1999999997406       8.84785740734002585E-004
   8017.0999999997402       8.77491940617650709E-004
   8017.9999999997399       8.78513587061209794E-004
   8018.8999999997395       8.86413970341588613E-004
   8019.7999999997392       8.83839913140832024E-004
   8020.6999999997388       8.72810895106963390E-004
   8021.5999999997384       8.71009377914687562E-004
   8022.4999999997381       8.73546789323655592E-004
   8023.3999999997377       8.66257871136963940E-004
   8024.2999999997373       8.54256030264119188E-004
   8025.1999999997370       8.46062020107091954E-004
   8026.0999999997366       8.40900821065287268E-004
   8026.9999999997362       8.35917889410545036E-004
   8027.8999999997359       8.30577177460775553E-004
   8028.7999999997355       8.42284092922940719E-004
   8029.6999999997352       8.68990519011218917E-004
   8030.5999999997348       8.87380081453973779E-004
   8031.4999999997344       8.95681242751676459E-004
   8032.3999999997341       8.96159689205866636E-004
   8033.2999999997337       8.87073408291445841E-004
   8034.1999999997333       8.70209781160302936E-004
   8035.0999999997330       8.60659722267761713E-004
   8035.9999999997326       8.70896349951078442E-004
   8036.8999999997322       8.86920911891649240E-004
   8037.7999999997319       8.94410089324340781E-004
   8038.6999999997315       8.92647548513673061E-004
   8039.5999999997312       8.85597990567311565E-004
   8040.4999999997308       8.82639353018477247E-004
   8041.3999999997304       8.83913100428231329E-004
   8042.2999999997301       8.76966245474077662E-004
   8043.1999999997297       8.59263151086158425E-004
   8044.0999999997293       8.44273886730437435E-004
   8044.9999999997290       8.35102574294869582E-004
   8045.8999999997286       8.27637522666808153E-004
   8046.7999999997282       8.32826877256057671E-004
   8047.6999999997279       8.47196989430591533E-004
   8048.5999999997275       8.61399892832238586E-004
   8049.4999999997272       8.65512848784523274E-004
   8050.3999999997268       8.70901043630772594E-004
   8051.2999999997264       8.77925236600004557E-004
   8052.1999999997261       8.72583931763812716E-004
   8053.0999999997257       8.59855977787440831E-004
   8053.9999999997253       8.57509829866496707E-004
   8054.8999999997250       8.71730400538425700E-004
   8055.7999999997246       8.84879646731783669E-004
   8056.6999999997242       8.88551715394471863E-004
   8057.5999999997239       8.90689799513220233E-004
   8058.4999999997235       8.89883161866749338E-004
   8059.3999999997231       8.80154223910203926E-004
   8060.2999999997228       8.71220384143038366E-004
   8061.1999999997224       8.74833313999924794E-004
   8062.0999999997221       8.79505907050370621E-004
   8062.9999999997217       8.79650792949593406E-004
   8063.8999999997213       8.83059363394913394E-004
   8064.7999999997210       8.90995626847132147E-004
   8065.6999999997206       8.94406588955601778E-004
   8066.5999999997202       8.87329202930361278E-004
   8067.4999999997199       8.76740754432299820E-004
   8068.3999999997195       8.71193755115210735E-004
   8069.2999999997191       8.63752977629230249E-004
   8070.1999999997188       8.50716902242910434E-004
   8071.0999999997184       8.43908466426585057E-004
   8071.9999999997181       8.49248504572225728E-004
   8072.8999999997177       8.58317879604565659E-004
   8073.7999999997173       8.54768828076106382E-004
   8074.6999999997170       8.44511239511986354E-004
   8075.5999999997166       8.51043577287813042E-004
   8076.4999999997162       8.66976184148308135E-004
   8077.3999999997159       8.73523396664206762E-004
   8078.2999999997155       8.74095741419812560E-004
   8079.1999999997151       8.68684946841282238E-004
   8080.0999999997148       8.53145848322223914E-004
   8080.9999999997144       8.42087655697957779E-004
   8081.8999999997141       8.47237993862428153E-004
   8082.7999999997137       8.58044023077356079E-004
   8083.6999999997133       8.54607863551412627E-004
   8084.5999999997130       8.35319712274061729E-004
   8085.4999999997126       8.32953293191284611E-004
   8086.3999999997122       8.59206215575050703E-004
   8087.2999999997119       8.79695209362798907E-004
   8088.1999999997115       8.75464682290245087E-004
   8089.0999999997111       8.57055501939273144E-004
   8089.9999999997108       8.39815846137821533E-004
   8090.8999999997104       8.30633973895935360E-004
   8091.7999999997101       8.17174932745980435E-004
   8092.6999999997097       7.99583654585233109E-004
   8093.5999999997093       8.04595252302893601E-004
   8094.4999999997090       8.25984098355785632E-004
   8095.3999999997086       8.36699630954572762E-004
   8096.2999999997082       8.33220679538979199E-004
   8097.1999999997079       8.27861397939676702E-004
   8098.0999999997075       8.24795413374037494E-004
   8098.9999999997071       8.30570440403193499E-004
   8099.8999999997068       8.46269261395749635E-004
   8100.7999999997064       8.56083305993137291E-004
   8101.6999999997061       8.57385662253351772E-004
   8102.5999999997057       8.53264362331972756E-004
   8103.4999999997053       8.44923079562539094E-004
   8104.3999999997050       8.38952131008027574E-004
   8105.2999999997046       8.37876814052862539E-004
   8106.1999999997042       8.38904008319129040E-004
   8107.0999999997039       8.36869484672861049E-004
   8107.9999999997035       8.35631761986564215E-004
   8108.8999999997031       8.35944459831923872E-004
   8109.7999999997028       8.35144201310350997E-004
   8110.6999999997024       8.40921199942654238E-004
   8111.5999999997020       8.43110259594648291E-004
   8112.4999999997017       8.27725922661609083E-004
   8113.3999999997013       8.05113526683573911E-004
   8114.2999999997010       7.98351307803962969E-004
   8115.1999999997006       8.14933924032135637E-004
   8116.0999999997002       8.33968274811240856E-004
   8116.9999999996999       8.42079455213170461E-004
   8117.8999999996995       8.39276868948235543E-004
   8118.7999999996991       8.25495244843102048E-004
   8119.6999999996988       8.18066407237671208E-004
   8120.5999999996984       8.23592858698329075E-004
   8121.4999999996980       8.28883127639376592E-004
   8122.3999999996977       8.29131398099662489E-004
   8123.2999999996973       8.29722688987107569E-004
   8124.1999999996970       8.25795770114292802E-004
   8125.0999999996966       8.09849162998736325E-004
   8125.9999999996962       7.98061337941634069E-004
   8126.8999999996959       8.03527368899266989E-004
   8127.7999999996955       8.24273830868165976E-004
   8128.6999999996951       8.44965047239783847E-004
   8129.5999999996948       8.45100270790052704E-004
   8130.4999999996944       8.34522770949055115E-004
   8131.3999999996940       8.39838266191037615E-004
   8132.2999999996937       8.52893690129500497E-004
   8133.1999999996933       8.58314412810812113E-004
   8134.0999999996930       8.59760516368333178E-004
   8134.9999999996926       8.57132425663026886E-004
   8135.8999999996922       8.49028361703322719E-004
   8136.7999999996919       8.39583361415346952E-004
   8137.6999999996915       8.33474393160293773E-004
   8138.5999999996911       8.31173533189194448E-004
   8139.4999999996908       8.25425665526758560E-004
   8140.3999999996904       8.19991113451226444E-004
   8141.2999999996900       8.18131700433751409E-004
   8142.1999999996897       8.19868351061341636E-004
   8143.0999999996893       8.27421637763745303E-004
   8143.9999999996890       8.32918661973682558E-004
   8144.8999999996886       8.32666684783098742E-004
   8145.7999999996882       8.32718600841678364E-004
   8146.6999999996879       8.35164074505307416E-004
   8147.5999999996875       8.36244139537482573E-004
   8148.4999999996871       8.30298408671013410E-004
   8149.3999999996868       8.23283951965771469E-004
   8150.2999999996864       8.27729010502366693E-004
   8151.1999999996860       8.36915154022843341E-004
   8152.0999999996857       8.37420204523158787E-004
   8152.9999999996853       8.32274067377938658E-004
   8153.8999999996850       8.25624388963996057E-004
   8154.7999999996846       8.20265233595303400E-004
   8155.6999999996842       8.26949726754973042E-004
   8156.5999999996839       8.39262804911511807E-004
   8157.4999999996835       8.42984574997873823E-004
   8158.3999999996831       8.41380504237304659E-004
   8159.2999999996828       8.37933690602077168E-004
   8160.1999999996824       8.28758083802377007E-004
   8161.0999999996820       8.13976210736044826E-004
   8161.9999999996817       8.11028897975114935E-004
   8162.8999999996813       8.28125214747971010E-004
   8163.7999999996809       8.42378021014003543E-004
   8164.6999999996806       8.44471936049445270E-004
   8165.5999999996802       8.42057969788939805E-004
   8166.4999999996799       8.37604406642335404E-004
   8167.3999999996795       8.34896220805334205E-004
   8168.2999999996791       8.37404285239466521E-004
   8169.1999999996788       8.40113411790719441E-004
   8170.0999999996784       8.38715959636831881E-004
   8170.9999999996780       8.35648339235493137E-004
   8171.8999999996777       8.35279504757921519E-004
   8172.7999999996773       8.33646528459277593E-004
   8173.6999999996769       8.27537295053262681E-004
   8174.5999999996766       8.27769413660797574E-004
   8175.4999999996762       8.35260928607050191E-004
   8176.3999999996759       8.38743126948655123E-004
   8177.2999999996755       8.41744621309988223E-004
   8178.1999999996751       8.46303396680580058E-004
   8179.0999999996748       8.42990164683111174E-004
   8179.9999999996744       8.32740487270110003E-004
   8180.8999999996740       8.22644803734959968E-004
   8181.7999999996737       8.09236690988618607E-004
   8182.6999999996733       7.90072887365534846E-004
   8183.5999999996729       7.91095463945919565E-004
   8184.4999999996726       8.14589779258094253E-004
   8185.3999999996722       8.34197465642992218E-004
   8186.2999999996719       8.35533982561831117E-004
   8187.1999999996715       8.25820227346915278E-004
   8188.0999999996711       8.24615454797671533E-004
   8188.9999999996708       8.40224489443656486E-004
   8189.8999999996704       8.55278974910431036E-004
   8190.7999999996700       8.54844394849593129E-004
   8191.6999999996697       8.40040206855536403E-004
   8192.5999999996693       8.18681751813669293E-004
   8193.4999999996689       7.89598345565754043E-004
   8194.3999999996686       7.61247936652635062E-004
   8195.2999999996682       7.72818346100029481E-004
   8196.1999999996679       8.09838660898143077E-004
   8197.0999999996675       8.28572362216164365E-004
   8197.9999999996671       8.26209979472072734E-004
   8198.8999999996668       8.23008552335800433E-004
   8199.7999999996664       8.26944343541913479E-004
   8200.6999999996660       8.29750145762790051E-004
   8201.5999999996657       8.33634708409977687E-004
   8202.4999999996653       8.36388881460494306E-004
   8203.3999999996649       8.30058012485379755E-004
   8204.2999999996646       8.22962443012371795E-004
   8205.1999999996642       8.23902866933083535E-004
   8206.0999999996639       8.25753517443739799E-004
   8206.9999999996635       8.17249590202221332E-004
   8207.8999999996631       8.10610321165380009E-004
   8208.7999999996628       8.20445057854274373E-004
   8209.6999999996624       8.35252688734302315E-004
   8210.5999999996620       8.40153927622249146E-004
   8211.4999999996617       8.29210783162666375E-004
   8212.3999999996613       8.10902156394733165E-004
   8213.2999999996609       8.05828499826372426E-004
   8214.1999999996606       8.14594627144131305E-004
   8215.0999999996602       8.26723344427072711E-004
   8215.9999999996598       8.45711464410353782E-004
   8216.8999999996595       8.61055968536563994E-004
   8217.7999999996591       8.57820756160404822E-004
   8218.6999999996588       8.33104892136001559E-004
   8219.5999999996584       7.99381962152809515E-004
   8220.4999999996580       7.89388376537461501E-004
   8221.3999999996577       8.10622159465492018E-004
   8222.2999999996573       8.33842497336789593E-004
   8223.1999999996569       8.50119938030347391E-004
   8224.0999999996566       8.60127334838284513E-004
   8224.9999999996562       8.62343476564966641E-004
   8225.8999999996558       8.60081676821676674E-004
   8226.7999999996555       8.52585249858445887E-004
   8227.6999999996551       8.46750898873868739E-004
   8228.5999999996548       8.51322093196355966E-004
   8229.4999999996544       8.59260301774794968E-004
   8230.3999999996540       8.56656494675415449E-004
   8231.2999999996537       8.41003985460264821E-004
   8232.1999999996533       8.31093047977953837E-004
   8233.0999999996529       8.39367745679540510E-004
   8233.9999999996526       8.50591871229697477E-004
   8234.8999999996522       8.53980180432043390E-004
   8235.7999999996518       8.46746196401868077E-004
   8236.6999999996515       8.34773051417803200E-004
   8237.5999999996511       8.28239764510924114E-004
   8238.4999999996508       8.29745398532051115E-004
   8239.3999999996504       8.37229649168759753E-004
   8240.2999999996500       8.43560013164854116E-004
   8241.1999999996497       8.40532919900701682E-004
   8242.0999999996493       8.37148974655788167E-004
   8242.9999999996489       8.38490612508135144E-004
   8243.8999999996486       8.42090554264802765E-004
   8244.7999999996482       8.49258326388203878E-004
   8245.6999999996478       8.46385722055862971E-004
   8246.5999999996475       8.29052544253940028E-004
   8247.4999999996471       8.15318727565027528E-004
   8248.3999999996468       8.22847456414761811E-004
   8249.2999999996464       8.44933219505189168E-004
   8250.1999999996460       8.52244379482133482E-004
   8251.0999999996457       8.43674001526171862E-004
   8251.9999999996453       8.39066673359190854E-004
   8252.8999999996449       8.39234544605676970E-004
   8253.7999999996446       8.37825766692370339E-004
   8254.6999999996442       8.38300665904013077E-004
   8255.5999999996438       8.37042187753158696E-004
   8256.4999999996435       8.30724962641364215E-004
   8257.3999999996431       8.29052909970640225E-004
   8258.2999999996428       8.36634250533039247E-004
   8259.1999999996424       8.49003351773895253E-004
   8260.0999999996420       8.57149701393433651E-004
   8260.9999999996417       8.55902966259160214E-004
   8261.8999999996413       8.49150462865259155E-004
   8262.7999999996409       8.41300749612774752E-004
   8263.6999999996406       8.36105092542550302E-004
   8264.5999999996402       8.35926338958143745E-004
   8265.4999999996398       8.33011353320396090E-004
   8266.3999999996395       8.25483871702565285E-004
   8267.2999999996391       8.24872784661349174E-004
   8268.1999999996387       8.31838274194908640E-004
   8269.0999999996384       8.41652027681023731E-004
   8269.9999999996380       8.48975505951588645E-004
   8270.8999999996377       8.49222843852115959E-004
   8271.7999999996373       8.43736789740847683E-004
   8272.6999999996369       8.32144801466766699E-004
   8273.5999999996366       8.18232258732040142E-004
   8274.4999999996362       8.13516544660413256E-004
   8275.3999999996358       8.15594877358718118E-004
   8276.2999999996355       8.21017029469909318E-004
   8277.1999999996351       8.31454604893202610E-004
   8278.0999999996347       8.38453410135283554E-004
   8278.9999999996344       8.42688783154205080E-004
   8279.8999999996340       8.46543432128964938E-004
   8280.7999999996337       8.43260982321969834E-004
   8281.6999999996333       8.33233076471269160E-004
   8282.5999999996329       8.28149861202209727E-004
   8283.4999999996326       8.32582259254034803E-004
   8284.3999999996322       8.36218098366886694E-004
   8285.2999999996318       8.35184250764683315E-004
   8286.1999999996315       8.30759111800816034E-004
   8287.0999999996311       8.23378066350675757E-004
   8287.9999999996307       8.19273438649096024E-004
   8288.8999999996304       8.17976062826818065E-004
   8289.7999999996300       8.20526869909632634E-004
   8290.6999999996297       8.28899506621333122E-004
   8291.5999999996293       8.31135974875163441E-004
   8292.4999999996289       8.20466549885807083E-004
   8293.3999999996286       8.11123072146446009E-004
   8294.2999999996282       8.16881134678734732E-004
   8295.1999999996278       8.24688424277602921E-004
   8296.0999999996275       8.23504684541842232E-004
   8296.9999999996271       8.13299365277296224E-004
   8297.8999999996267       8.01387746570228357E-004
   8298.7999999996264       8.04421863272234447E-004
   8299.6999999996260       8.22299865441300298E-004
   8300.5999999996257       8.33710060251376573E-004
   8301.4999999996253       8.30225391469100382E-004
   8302.3999999996249       8.24323862939857445E-004
   8303.2999999996246       8.22881156399903686E-004
   8304.1999999996242       8.22249012220863367E-004
   8305.0999999996238       8.16453172929776914E-004
   8305.9999999996235       8.09426050805581881E-004
   8306.8999999996231       8.10264567858372405E-004
   8307.7999999996227       8.15239195488917635E-004
   8308.6999999996224       8.08518977882478375E-004
   8309.5999999996220       7.92004929969753022E-004
   8310.4999999996217       7.91109119747159472E-004
   8311.3999999996213       8.07561570979154300E-004
   8312.2999999996209       8.21293582417127396E-004
   8313.1999999996206       8.24627164715379768E-004
   8314.0999999996202       8.23074335025490559E-004
   8314.9999999996198       8.22069519003526170E-004
   8315.8999999996195       8.27515951505711700E-004
   8316.7999999996191       8.36386952626687330E-004
   8317.6999999996187       8.38588615410730651E-004
   8318.5999999996184       8.32987178344080917E-004
   8319.4999999996180       8.20588713558620961E-004
   8320.3999999996176       8.07934416253133368E-004
   8321.2999999996173       8.08687658280341252E-004
   8322.1999999996169       8.20313110779700007E-004
   8323.0999999996166       8.25230965143159551E-004
   8323.9999999996162       8.23685435575869642E-004
   8324.8999999996158       8.13944320308168049E-004
   8325.7999999996155       7.86115977486869758E-004
   8326.6999999996151       7.62985010488909533E-004
   8327.5999999996147       7.78851327666440314E-004
   8328.4999999996144       8.11257158742665296E-004
   8329.3999999996140       8.22264768903224795E-004
   8330.2999999996136       8.05693449111925613E-004
   8331.1999999996133       7.79122426150231353E-004
   8332.0999999996129       7.71903314297177909E-004
   8332.9999999996126       7.86073631616894400E-004
   8333.8999999996122       7.99302847585577677E-004
   8334.7999999996118       8.09687067890525899E-004
   8335.6999999996115       8.20752218932040037E-004
   8336.5999999996111       8.16694553282423102E-004
   8337.4999999996107       7.98029807097386116E-004
   8338.3999999996104       7.85543566575955840E-004
   8339.2999999996100       7.91316041474109328E-004
   8340.1999999996096       8.11375572086495936E-004
   8341.0999999996093       8.22181379294196048E-004
   8341.9999999996089       8.13217979925614154E-004
   8342.8999999996086       8.02192437136375457E-004
   8343.7999999996082       8.01553810784775569E-004
   8344.6999999996078       7.98284081225421587E-004
   8345.5999999996075       7.87083102748241717E-004
   8346.4999999996071       7.86869896984240726E-004
   8347.3999999996067       7.93297781454647077E-004
   8348.2999999996064       7.92954098885662690E-004
   8349.1999999996060       7.96775148058859444E-004
   8350.0999999996056       8.11167952314887871E-004
   8350.9999999996053       8.22832024682897231E-004
   8351.8999999996049       8.25834435161443238E-004
   8352.7999999996046       8.22676677696811262E-004
   8353.6999999996042       8.18071904145633330E-004
   8354.5999999996038       8.15329096405515135E-004
   8355.4999999996035       8.13660653798427410E-004
   8356.3999999996031       8.11296336862228954E-004
   8357.2999999996027       8.09071563651518329E-004
   8358.1999999996024       8.08010566952960122E-004
   8359.0999999996020       8.11987201644481186E-004
   8359.9999999996016       8.13945706927826987E-004
   8360.8999999996013       8.14250027874594321E-004
   8361.7999999996009       8.17608781054632696E-004
   8362.6999999996005       8.09756271555159778E-004
   8363.5999999996002       7.91739348341919833E-004
   8364.4999999995998       7.80963933698287493E-004
   8365.3999999995995       7.84074092503382939E-004
   8366.2999999995991       8.03154476434941238E-004
   8367.1999999995987       8.24338292621638923E-004
   8368.0999999995984       8.30299531105039993E-004
   8368.9999999995980       8.20920207040724565E-004
   8369.8999999995976       8.08684862846971659E-004
   8370.7999999995973       8.04001635983980691E-004
   8371.6999999995969       8.05047826570484942E-004
   8372.5999999995965       8.11706055749850846E-004
   8373.4999999995962       8.21356716590245124E-004
   8374.3999999995958       8.28544421474428018E-004
   8375.2999999995955       8.30322351196431077E-004
   8376.1999999995951       8.21026214382116100E-004
   8377.0999999995947       8.04303566459292152E-004
   8377.9999999995944       8.00033337873904652E-004
   8378.8999999995940       8.17735181789670004E-004
   8379.7999999995936       8.34130035758094170E-004
   8380.6999999995933       8.28877112147323979E-004
   8381.5999999995929       7.96419892449733179E-004
   8382.4999999995925       7.63431995321133309E-004
   8383.3999999995922       7.70068975395152506E-004
   8384.2999999995918       8.00384811694663102E-004
   8385.1999999995915       8.17558821383383531E-004
   8386.0999999995911       8.07365290605475006E-004
   8386.9999999995907       7.76731884495515039E-004
   8387.8999999995904       7.61853279243638248E-004
   8388.7999999995900       7.83189890231369089E-004
   8389.6999999995896       8.04937563626976832E-004
   8390.5999999995893       8.13466397486214943E-004
   8391.4999999995889       8.25097464345293666E-004
   8392.3999999995885       8.37290701575046513E-004
   8393.2999999995882       8.38240480155630178E-004
   8394.1999999995878       8.29409238817128860E-004
   8395.0999999995875       8.20997863998006996E-004
   8395.9999999995871       8.11824201780097674E-004
   8396.8999999995867       8.03776052454152103E-004
   8397.7999999995864       8.08809193359856082E-004
   8398.6999999995860       8.18833537906244109E-004
   8399.5999999995856       8.23552219367799715E-004
   8400.4999999995853       8.17512708916666637E-004
   8401.3999999995849       8.06820960543508858E-004
   8402.2999999999993       8.07130051368715141E-004
   8403.2000000000007       8.27127435746566092E-004
   8404.1000000000004       8.17884753251721364E-004
   8405.0000000000000       8.03202904192525037E-004
   8405.8999999999996       8.16302718018203140E-004
   8406.7999999999993       8.31298060941994678E-004
   8407.7000000000007       8.18278207906372973E-004
   8408.6000000000004       8.12789937980652527E-004
   8409.5000000000000       8.21975261887283740E-004
   8410.3999999999996       8.18869009700240783E-004
   8411.2999999999993       7.97080087543020608E-004
   8412.2000000000007       7.80384839240861011E-004
   8413.1000000000004       7.98239942355380102E-004
   8414.0000000000000       8.16133884334422233E-004
   8414.8999999999996       8.19355728851231448E-004
   8415.7999999999993       8.18217020383044200E-004
   8416.7000000000007       8.07602398955668669E-004
   8417.6000000000004       8.07900411286801017E-004
   8418.5000000000000       8.06296784516898025E-004
   8419.3999999999996       7.88569421203815565E-004
   8420.2999999999993       7.90154778707904092E-004
   8421.2000000000007       8.07645419539232412E-004
   8422.1000000000004       8.04791106974869080E-004
   8423.0000000000000       7.91830343820073309E-004
   8423.8999999999996       7.97588641440593249E-004
   8424.7999999999993       7.94514035650216465E-004
   8425.7000000000007       7.61815664226879658E-004
   8426.6000000000004       7.48785319374716744E-004
   8427.5000000000000       7.88407426179198352E-004
   8428.3999999999996       8.28568572755580932E-004
   8429.2999999999993       8.36245594933261293E-004
   8430.2000000000007       8.25600072283508291E-004
   8431.1000000000004       8.19252144245372397E-004
   8432.0000000000000       8.21261703068171495E-004
   8432.8999999999996       8.20888862686488413E-004
   8433.7999999999993       7.87499923387193846E-004
   8434.7000000000007       7.21762770949336847E-004
   8435.6000000000004       7.25130926358923860E-004
   8436.5000000000000       7.81657415867831329E-004
   8437.3999999999996       8.07653067493629040E-004
   8438.2999999999993       7.88672848696868778E-004
   8439.2000000000007       7.59670850292079309E-004
   8440.1000000000004       7.68316540588496284E-004
   8441.0000000000000       7.93963498585577732E-004
   8441.8999999999996       8.12726071872893431E-004
   8442.7999999999993       8.17008114027310849E-004
   8443.7000000000007       8.08415898486223401E-004
   8444.6000000000004       8.04234298686495050E-004
   8445.5000000000000       7.83757506646412159E-004
   8446.3999999999996       7.66286649498907377E-004
   8447.2999999999993       7.91513514634597723E-004
   8448.2000000000007       8.22173612032002488E-004
   8449.1000000000004       8.13361910292015019E-004
   8450.0000000000000       7.94097034681229253E-004
   8450.8999999999996       8.13027259902033509E-004
   8451.7999999999993       8.34935194800685647E-004
   8452.7000000000007       8.35325546566253671E-004
   8453.6000000000004       8.29752018763275012E-004
   8454.5000000000000       8.22902327480994717E-004
   8455.3999999999996       8.12010018581048212E-004
   8456.2999999999993       8.01160186899052638E-004
   8457.2000000000007       8.03276371189743450E-004
   8458.1000000000004       8.13736406792403815E-004
   8459.0000000000000       8.16667337754778443E-004
   8459.8999999999996       8.11810596892300934E-004
   8460.7999999999993       8.20480742100749400E-004
   8461.7000000000007       8.31019439777525818E-004
   8462.6000000000004       8.27412761585686793E-004
   8463.5000000000000       8.17612404658282039E-004
   8464.3999999999996       8.13677887800088608E-004
   8465.2999999999993       7.89287220018536546E-004
   8466.2000000000007       7.88284455948473628E-004
   8467.1000000000004       7.82440820051643910E-004
   8468.0000000000000       7.42129731903326908E-004
   8468.8999999999996       7.46238070926686270E-004
   8469.7999999999993       7.92324385883115567E-004
   8470.7000000000007       7.98955935900148568E-004
   8471.6000000000004       7.89053848588367824E-004
   8472.5000000000000       8.02851406046082433E-004
   8473.3999999999996       8.22006048844671055E-004
   8474.2999999999993       8.28684785938000766E-004
   8475.2000000000007       8.28223824509961501E-004
   8476.1000000000004       8.18649363367842070E-004
   8477.0000000000000       8.11009336587269138E-004
   8477.8999999999996       8.18120949789350989E-004
   8478.7999999999993       8.21176031513889439E-004
   8479.7000000000007       8.05413542723168539E-004
   8480.6000000000004       7.98416718130007101E-004
   8481.5000000000000       7.90925153041635728E-004
   8482.3999999999996       7.95130226101342413E-004
   8483.2999999999993       8.14536537887666735E-004
   8484.2000000000007       8.28113657748371724E-004
   8485.1000000000004       8.28944342685762332E-004
   8486.0000000000000       8.26534094243293912E-004
   8486.8999999999996       8.08935464477010448E-004
   8487.7999999999993       7.92529049732574762E-004
   8488.7000000000007       8.05268218963226391E-004
   8489.6000000000004       8.23355088056579071E-004
   8490.5000000000000       8.18396030429708655E-004
   8491.3999999999996       8.06531839912562332E-004
   8492.2999999999993       8.04728508612758569E-004
   8493.2000000000007       8.00945201981848737E-004
   8494.1000000000004       7.95114615146127806E-004
   8495.0000000000000       7.82919660928311513E-004
   8495.8999999999996       7.32574906646561263E-004
   8496.7999999999993       5.98734942315178541E-004
   8497.7000000000007       4.62197310401482478E-004
   8498.6000000000004       5.09390389224171855E-004
   8499.5000000000000       6.63598197195369244E-004
   8500.3999999999996       7.49238817797187010E-004
   8501.2999999999993       7.55896893859005843E-004
   8502.2000000000007       7.46562617279615212E-004
   8503.1000000000004       7.63742694687838050E-004
   8504.0000000000000       7.84185699873434449E-004
   8504.8999999999996       7.95026012600502023E-004
   8505.7999999999993       8.08865870402176524E-004
   8506.7000000000007       8.23610655233929408E-004
   8507.6000000000004       8.34136602915776411E-004
   8508.5000000000000       8.31839310384790802E-004
   8509.3999999999996       8.22067220425258668E-004
   8510.2999999999993       8.04943570671970746E-004
   8511.2000000000007       7.96056526553405542E-004
   8512.1000000000004       7.96699454077826009E-004
   8513.0000000000000       7.74396066270260659E-004
   8513.8999999999996       7.25743263371729638E-004
   8514.7999999999993       7.15377767109566412E-004
   8515.7000000000007       7.61336999845803851E-004
   8516.6000000000004       7.91048291480255872E-004
   8517.5000000000000       7.84180703749535525E-004
   8518.3999999999996       7.86374341441616249E-004
   8519.2999999999993       8.01387407538638880E-004
   8520.2000000000007       8.05431224795256201E-004
   8521.1000000000004       7.97586686646600232E-004
   8522.0000000000000       8.00509619669764641E-004
   8522.8999999999996       8.02298705460503824E-004
   8523.7999999999993       8.03128504757096972E-004
   8524.7000000000007       7.93965571496641886E-004
   8525.6000000000004       7.75077267988614690E-004
   8526.5000000000000       7.63229678690377370E-004
   8527.3999999999996       7.78050525749655474E-004
   8528.2999999999993       7.96406459428765151E-004
   8529.2000000000007       7.98346668917127326E-004
   8530.1000000000004       7.92177471615493106E-004
   8531.0000000000000       7.93296709306244357E-004
   8531.8999999999996       7.94198548921259766E-004
   8532.7999999999993       7.97312823279828749E-004
   8533.7000000000007       7.90343189719131456E-004
   8534.6000000000004       7.73465460626810005E-004
   8535.5000000000000       7.47424661352275900E-004
   8536.3999999999996       7.28269401982830950E-004
   8537.2999999999993       6.99064388521343570E-004
   8538.2000000000007       6.60198443940456089E-004
   8539.1000000000004       6.22716428914405775E-004
   8540.0000000000000       5.52323491042890991E-004
   8540.8999999999996       4.29937816922676668E-004
   8541.7999999999993       3.20609696253622430E-004
   8542.7000000000007       3.60602305896562327E-004
   8543.6000000000004       4.89872402686455390E-004
   8544.5000000000000       5.98027026767512359E-004
   8545.3999999999996       6.62705584908281943E-004
   8546.2999999999993       7.00505779786376017E-004
   8547.2000000000007       7.20848779602492216E-004
   8548.1000000000004       7.33755893799706120E-004
   8549.0000000000000       7.52135034260383289E-004
   8549.8999999999996       7.64247741676008061E-004
   8550.7999999999993       7.71975845798717462E-004
   8551.7000000000007       7.86380487085445480E-004
   8552.6000000000004       8.00116704057397257E-004
   8553.5000000000000       8.01193438848653446E-004
   8554.3999999999996       7.86425159685774362E-004
   8555.2999999999993       7.65899630145626007E-004
   8556.2000000000007       7.50833897694865070E-004
   8557.1000000000004       7.66998220879350039E-004
   8558.0000000000000       7.99334331776707522E-004
   8558.8999999999996       8.05253147992816484E-004
   8559.7999999999993       8.01106024090524060E-004
   8560.7000000000007       7.99881629871031642E-004
   8561.6000000000004       7.96610764748102306E-004
   8562.5000000000000       8.00321366559293658E-004
   8563.3999999999996       8.01520147573157697E-004
   8564.2999999999993       7.98086142555310264E-004
   8565.2000000000007       7.99809819021513437E-004
   8566.1000000000004       8.02693647597261997E-004
   8567.0000000000000       8.05784958831950939E-004
   8567.8999999999996       8.05133503692718696E-004
   8568.7999999999993       8.02438413572107811E-004
   8569.7000000000007       8.07417501016942612E-004
   8570.6000000000004       8.07077620564433185E-004
   8571.5000000000000       7.96814016189613199E-004
   8572.3999999999996       7.97170783231267751E-004
   8573.2999999999993       8.00935126661474943E-004
   8574.2000000000007       7.97608473042665800E-004
   8575.1000000000004       7.94945133788638831E-004
   8576.0000000000000       8.02030740667488838E-004
   8576.8999999999996       8.11705219547593669E-004
   8577.7999999999993       8.16025655371630182E-004
   8578.7000000000007       8.17091935636437617E-004
   8579.6000000000004       8.17846866887282230E-004
   8580.5000000000000       8.12044686641837619E-004
   8581.3999999999996       7.79782981493601802E-004
   8582.2999999999993       7.51551865959412184E-004
   8583.2000000000007       7.74633076529164023E-004
   8584.1000000000004       8.04147000485049565E-004
   8585.0000000000000       8.01370995982946107E-004
   8585.8999999999996       7.93292305880183616E-004
   8586.7999999999993       7.93773468853997514E-004
   8587.7000000000007       7.95667642563872672E-004
   8588.6000000000004       7.91009210581341063E-004
   8589.5000000000000       7.98394532313074384E-004
   8590.3999999999996       7.98789394429056309E-004
   8591.2999999999993       7.88961530676742483E-004
   8592.2000000000007       7.79129706246306812E-004
   8593.1000000000004       7.83664282889059288E-004
   8594.0000000000000       7.98972609422649613E-004
   8594.8999999999996       8.01636751193752052E-004
   8595.7999999999993       7.81749418696636917E-004
   8596.7000000000007       7.67660836160551151E-004
   8597.6000000000004       7.69672344497815365E-004
   8598.5000000000000       7.66553981366597799E-004
   8599.3999999999996       7.82693516831552811E-004
   8600.2999999999993       8.09446368089856137E-004
   8601.2000000000007       8.12549298904667377E-004
   8602.1000000000004       7.94809601091671174E-004
   8603.0000000000000       7.86609655909618357E-004
   8603.8999999999996       7.85956947761441791E-004
   8604.7999999999993       7.93335609945155411E-004
   8605.7000000000007       7.95356984402796250E-004
   8606.6000000000004       7.97915756951134321E-004
   8607.5000000000000       8.00378877913186185E-004
   8608.3999999999996       8.03423352692442358E-004
   8609.2999999999993       7.94394614448128361E-004
   8610.2000000000007       7.70809197788893349E-004
   8611.1000000000004       7.45363929349871336E-004
   8612.0000000000000       7.53820905404480545E-004
   8612.8999999999996       7.86740524647523416E-004
   8613.7999999999993       7.93438781266187312E-004
   8614.7000000000007       7.96415862206648062E-004
   8615.6000000000004       7.95069130051898857E-004
   8616.5000000000000       7.96881949397367732E-004
   8617.3999999999996       8.08923876835224132E-004
   8618.2999999999993       8.14093106350358966E-004
   8619.2000000000007       8.11753243836193768E-004
   8620.1000000000004       8.05527071726380695E-004
   8621.0000000000000       7.80033504745469017E-004
   8621.8999999999996       7.63550657031523798E-004
   8622.7999999999993       7.85116792946902457E-004
   8623.7000000000007       8.07897216439276136E-004
   8624.6000000000004       8.15124517910334706E-004
   8625.5000000000000       8.09950470430686412E-004
   8626.3999999999996       8.03908080975774359E-004
   8627.2999999999993       8.07295159801854558E-004
   8628.2000000000007       8.05915465301026480E-004
   8629.1000000000004       8.01524989814439144E-004
   8630.0000000000000       8.05689129105888039E-004
   8630.8999999999996       8.00412474776298266E-004
   8631.7999999999993       7.87190763911197649E-004
   8632.7000000000007       7.88268249505332365E-004
   8633.6000000000004       7.85652772623508431E-004
   8634.5000000000000       7.94497809417980035E-004
   8635.3999999999996       8.05950756384198486E-004
   8636.2999999999993       8.04325586180502949E-004
   8637.2000000000007       8.00092846790664901E-004
   8638.1000000000004       8.01303939544434070E-004
   8639.0000000000000       8.03717591791755482E-004
   8639.8999999999996       8.06440957151491919E-004
   8640.7999999999993       8.01955919885772510E-004
   8641.7000000000007       7.88370904747234097E-004
   8642.6000000000004       7.83367538518149435E-004
   8643.5000000000000       7.88512256714346614E-004
   8644.3999999999996       7.99229745172615278E-004
   8645.2999999999993       8.03445459366466702E-004
   8646.2000000000007       7.97987171256051443E-004
   8647.1000000000004       7.83423092113566663E-004
   8648.0000000000000       7.45854472456383808E-004
   8648.8999999999996       7.43024346686925376E-004
   8649.7999999999993       7.76106992652684157E-004
   8650.7000000000007       7.88656015339502230E-004
   8651.6000000000004       7.86472867616812136E-004
   8652.5000000000000       7.79551912820412971E-004
   8653.3999999999996       7.71470035629700374E-004
   8654.2999999999993       7.65785907156594690E-004
   8655.2000000000007       7.64409643947402419E-004
   8656.1000000000004       7.58301601281429882E-004
   8657.0000000000000       7.42477859373160483E-004
   8657.8999999999996       7.20241167235363623E-004
   8658.7999999999993       6.89136654152960339E-004
   8659.7000000000007       6.36610180907309442E-004
   8660.6000000000004       5.30938345097654884E-004
   8661.5000000000000       3.81624461212616442E-004
   8662.3999999999996       3.47060962133227094E-004
   8663.2999999999993       4.70395770848845176E-004
   8664.2000000000007       5.93021875242277850E-004
   8665.1000000000004       6.61713405622936577E-004
   8666.0000000000000       7.07530647885441419E-004
   8666.8999999999996       7.31329481206051206E-004
   8667.7999999999993       7.41089162131842679E-004
   8668.7000000000007       7.51348121585335214E-004
   8669.6000000000004       7.60808734818647090E-004
   8670.5000000000000       7.60899851561603669E-004
   8671.3999999999996       7.56229699955437333E-004
   8672.2999999999993       7.58837485049506690E-004
   8673.2000000000007       7.55730460303424964E-004
   8674.1000000000004       7.21450028646358613E-004
   8675.0000000000000       7.04062067822203348E-004
   8675.8999999999996       7.46352101467085208E-004
   8676.7999999999993       7.81581231195376479E-004
   8677.7000000000007       7.81146283386048817E-004
   8678.6000000000004       7.62927348746001094E-004
   8679.5000000000000       7.46461231852834262E-004
   8680.3999999999996       7.52452906705393192E-004
   8681.2999999999993       7.70508556707274724E-004
   8682.2000000000007       7.65992248545959808E-004
   8683.1000000000004       7.61239085147420074E-004
   8684.0000000000000       7.79750255131958698E-004
   8684.8999999999996       7.92672846177176738E-004
   8685.7999999999993       7.82470883808324873E-004
   8686.7000000000007       7.64903903068393548E-004
   8687.6000000000004       7.16922295123124335E-004
   8688.5000000000000       6.66996424173572238E-004
   8689.3999999999996       7.03997735129659554E-004
   8690.2999999999993       7.64154005969099417E-004
   8691.2000000000007       7.87408938975866428E-004
   8692.1000000000004       7.89624788992724833E-004
   8693.0000000000000       7.87392915056964269E-004
   8693.8999999999996       7.85529091754664502E-004
   8694.7999999999993       7.83996461786643341E-004
   8695.7000000000007       7.86516090443721430E-004
   8696.6000000000004       7.88784656805108404E-004
   8697.5000000000000       7.79678083637646191E-004
   8698.3999999999996       7.60643688065463304E-004
   8699.2999999999993       7.47451891776414212E-004
   8700.2000000000007       7.65071026505159267E-004
   8701.1000000000004       7.84660447950264622E-004
   8702.0000000000000       7.78464008968923781E-004
   8702.8999999999996       7.70552476923252821E-004
   8703.7999999999993       7.76513659496295950E-004
   8704.7000000000007       7.83440330515139285E-004
   8705.6000000000004       7.87258539065006165E-004
   8706.5000000000000       7.82798970996093448E-004
   8707.3999999999996       7.76359050316911023E-004
   8708.2999999999993       7.79403776189488678E-004
   8709.2000000000007       7.64921252971623037E-004
   8710.1000000000004       7.42782536829501958E-004
   8711.0000000000000       7.53490042870176915E-004
   8711.8999999999996       7.53201631703928533E-004
   8712.7999999999993       7.30381373152514638E-004
   8713.7000000000007       7.46890660295054147E-004
   8714.6000000000004       7.85173647026396774E-004
   8715.5000000000000       7.95939502255983721E-004
   8716.3999999999996       7.83362073269692517E-004
   8717.2999999999993       7.64397540865671579E-004
   8718.2000000000007       7.60491974598679395E-004
   8719.1000000000004       7.75307144104619983E-004
   8720.0000000000000       7.85347723238120367E-004
   8720.8999999999996       7.90810248780690899E-004
   8721.7999999999993       7.95716656899734935E-004
   8722.7000000000007       7.89110315519594378E-004
   8723.6000000000004       7.76198827647651989E-004
   8724.5000000000000       7.70969330140408105E-004
   8725.3999999999996       7.79126859839555778E-004
   8726.2999999999993       7.82896747147200818E-004
   8727.2000000000007       7.65135819186231881E-004
   8728.1000000000004       7.40217369606767980E-004
   8729.0000000000000       7.37495322685534447E-004
   8729.8999999999996       7.54540795784757368E-004
   8730.7999999999993       7.74627021980217405E-004
   8731.7000000000007       7.85787098325547713E-004
   8732.6000000000004       7.90617157696269857E-004
   8733.5000000000000       7.91121917591446609E-004
   8734.3999999999996       7.78535935325166831E-004
   8735.2999999999993       7.50829302724004993E-004
   8736.2000000000007       7.40766166640611482E-004
   8737.1000000000004       7.64165453839681140E-004
   8738.0000000000000       7.83245227081229051E-004
   8738.8999999999996       7.88422523275043299E-004
   8739.7999999999993       7.86354972854766323E-004
   8740.7000000000007       7.73497325970305813E-004
   8741.6000000000004       7.58720113787029874E-004
   8742.5000000000000       7.52739810366182460E-004
   8743.3999999999996       7.71689214024552520E-004
   8744.2999999999993       7.83626388147097520E-004
   8745.2000000000007       7.84456183179245317E-004
   8746.1000000000004       7.79286054217472003E-004
   8747.0000000000000       7.74339462868458704E-004
   8747.8999999999996       7.68928246906722492E-004
   8748.7999999999993       7.69659417220009421E-004
   8749.7000000000007       7.60981900828758468E-004
   8750.6000000000004       7.38946156688638717E-004
   8751.5000000000000       7.16783535412839415E-004
   8752.3999999999996       7.28807750365997897E-004
   8753.2999999999993       7.60503205199678043E-004
   8754.2000000000007       7.83394685408350818E-004
   8755.1000000000004       7.92351300669616541E-004
   8756.0000000000000       7.74424447181185104E-004
   8756.8999999999996       7.41319729044507972E-004
   8757.7999999999993       7.54381958092252168E-004
   8758.7000000000007       7.83952598466621615E-004
   8759.6000000000004       7.93985161048476403E-004
   8760.5000000000000       7.93268418058033363E-004
   8761.3999999999996       7.87823399209467345E-004
   8762.2999999999993       7.82203794112848482E-004
   8763.2000000000007       7.63726432800272454E-004
   8764.1000000000004       7.53084608998873034E-004
   8765.0000000000000       7.67029059859680707E-004
   8765.8999999999996       7.76267967090984090E-004
   8766.7999999999993       7.74301730115918596E-004
   8767.7000000000007       7.83102343586262670E-004
   8768.6000000000004       7.95437278718960422E-004
   8769.5000000000000       7.85950287345523781E-004
   8770.3999999999996       7.74835381103082662E-004
   8771.2999999999993       7.76628141063882491E-004
   8772.2000000000007       7.62914717825265978E-004
   8773.1000000000004       7.32064256256812255E-004
   8774.0000000000000       7.36216820380329573E-004
   8774.8999999999996       7.75506613056250213E-004
   8775.7999999999993       7.90257307134280729E-004
   8776.7000000000007       7.96652194772067522E-004
   8777.6000000000004       7.93208810550918701E-004
   8778.5000000000000       7.80070001635326427E-004
   8779.3999999999996       7.75216396954568079E-004
   8780.2999999999993       7.76224647301810623E-004
   8781.2000000000007       7.81238773497060419E-004
   8782.1000000000004       7.87343646475694185E-004
   8783.0000000000000       7.87457877296141094E-004
   8783.8999999999996       7.81256051866281807E-004
   8784.7999999999993       7.77051086425379939E-004
   8785.7000000000007       7.82768918467279320E-004
   8786.6000000000004       7.91317930800317397E-004
   8787.5000000000000       7.92313338176027764E-004
   8788.3999999999996       7.89400383935519767E-004
   8789.2999999999993       7.69833033493077710E-004
   8790.2000000000007       7.46292042661281913E-004
   8791.1000000000004       7.57379660170605330E-004
   8792.0000000000000       7.60837556901045888E-004
   8792.8999999999996       7.35333031125392535E-004
   8793.7999999999993       7.42912938633423893E-004
   8794.7000000000007       7.76900291440181631E-004
   8795.6000000000004       7.79616739241775444E-004
   8796.5000000000000       7.67024662097363311E-004
   8797.3999999999996       7.75263772351704179E-004
   8798.2999999999993       7.85514367780532660E-004
   8799.2000000000007       7.86446333286959444E-004
   8800.1000000000004       7.87768964929840671E-004
   8801.0000000000000       7.84853737603256538E-004
   8801.8999999999996       7.85937597606086911E-004
   8802.7999999999993       7.82711380929404944E-004
   8803.7000000000007       7.55660461884180546E-004
   8804.6000000000004       7.31884889481762579E-004
   8805.5000000000000       7.01508322028424861E-004
   8806.3999999999996       6.39058938778486662E-004
   8807.2999999999993       6.45119566620071922E-004
   8808.2000000000007       7.19653393976939942E-004
   8809.1000000000004       7.61477665979780425E-004
   8810.0000000000000       7.81675485011964631E-004
   8810.8999999999996       7.89794658849287973E-004
   8811.7999999999993       7.81699066482068289E-004
   8812.7000000000007       7.73011328012216010E-004
   8813.6000000000004       7.69605358338954350E-004
   8814.5000000000000       7.78689582351916199E-004
   8815.3999999999996       7.83334607584444675E-004
   8816.2999999999993       7.74702105503953390E-004
   8817.2000000000007       7.78134062632561776E-004
   8818.1000000000004       7.77794394118828882E-004
   8819.0000000000000       7.69299718923344665E-004
   8819.8999999999996       7.68729102668943231E-004
   8820.7999999999993       7.71148483159040266E-004
   8821.7000000000007       7.67642985593204618E-004
   8822.6000000000004       7.52949764619597608E-004
   8823.5000000000000       7.11946531959073989E-004
   8824.3999999999996       6.95015031906719778E-004
   8825.2999999999993       7.38990006438468598E-004
   8826.2000000000007       7.73452897242448410E-004
   8827.1000000000004       7.72090714536531630E-004
   8828.0000000000000       7.64557033350053640E-004
   8828.8999999999996       7.73140449857471546E-004
   8829.7999999999993       7.79413812437019962E-004
   8830.7000000000007       7.76769752706510472E-004
   8831.6000000000004       7.78088425335215638E-004
   8832.5000000000000       7.74601723831989768E-004
   8833.3999999999996       7.71060804094315282E-004
   8834.2999999999993       7.76525016672678452E-004
   8835.2000000000007       7.74157878008904766E-004
   8836.1000000000004       7.62645971050896539E-004
   8837.0000000000000       7.54543183818941069E-004
   8837.8999999999996       7.30298043956434948E-004
   8838.7999999999993       7.31766139021370059E-004
   8839.7000000000007       7.64961286073643706E-004
   8840.6000000000004       7.78268460526382257E-004
   8841.5000000000000       7.77082686015708010E-004
   8842.3999999999996       7.70463998244821967E-004
   8843.2999999999993       7.73860045656883785E-004
   8844.2000000000007       7.82710001103543301E-004
   8845.1000000000004       7.78001308076402883E-004
   8846.0000000000000       7.62960528560408034E-004
   8846.8999999999996       7.63111780914468526E-004
   8847.7999999999993       7.79166652970000417E-004
   8848.7000000000007       7.90239530008259375E-004
   8849.6000000000004       7.93080284440897203E-004
   8850.5000000000000       7.88901185003521997E-004
   8851.3999999999996       7.83602567000667226E-004
   8852.2999999999993       7.80733705876913054E-004
   8853.2000000000007       7.77256232291684192E-004
   8854.1000000000004       7.76900728672550974E-004
   8855.0000000000000       7.84267015250217055E-004
   8855.8999999999996       7.87183848766001711E-004
   8856.7999999999993       7.83676966150398586E-004
   8857.7000000000007       7.80668803469321444E-004
   8858.6000000000004       7.78187567131819000E-004
   8859.5000000000000       7.77909862761738593E-004
   8860.3999999999996       7.73042400222110162E-004
   8861.2999999999993       7.55563511727895087E-004
   8862.2000000000007       7.27742020196409946E-004
   8863.1000000000004       7.32265127465021566E-004
   8864.0000000000000       7.62679763094126239E-004
   8864.8999999999996       7.77640492547403486E-004
   8865.7999999999993       7.59557130266776104E-004
   8866.7000000000007       7.26633868944617941E-004
   8867.6000000000004       7.26523344999105967E-004
   8868.5000000000000       7.50018624016482558E-004
   8869.3999999999996       7.73987254892659023E-004
   8870.2999999999993       7.88495586198100103E-004
   8871.2000000000007       7.91972257148469455E-004
   8872.1000000000004       7.93761344176403989E-004
   8873.0000000000000       7.89203249986373872E-004
   8873.8999999999996       7.84923832329027511E-004
   8874.7999999999993       7.80609980863528671E-004
   8875.7000000000007       7.66436231945728905E-004
   8876.6000000000004       7.60573859233597857E-004
   8877.5000000000000       7.62684648976314546E-004
   8878.3999999999996       7.54213659888130681E-004
   8879.2999999999993       7.55093011283548832E-004
   8880.2000000000007       7.71746594887212319E-004
   8881.1000000000004       7.80052531377027061E-004
   8882.0000000000000       7.78533705346355631E-004
   8882.8999999999996       7.71569734607240325E-004
   8883.7999999999993       7.65552939635082271E-004
   8884.7000000000007       7.73994504551153532E-004
   8885.6000000000004       7.86408579513456479E-004
   8886.5000000000000       7.90012072204121247E-004
   8887.3999999999996       7.90328590937434050E-004
   8888.2999999999993       7.91413358724662530E-004
   8889.2000000000007       7.84763145844170353E-004
   8890.1000000000004       7.73540857537567618E-004
   8891.0000000000000       7.64976937670586903E-004
   8891.8999999999996       7.53807487650956943E-004
   8892.7999999999993       7.49263312943675543E-004
   8893.7000000000007       7.61475773952726624E-004
   8894.6000000000004       7.72531903677485835E-004
   8895.5000000000000       7.75072564162560115E-004
   8896.3999999999996       7.76355872173193425E-004
   8897.2999999999993       7.75070596770296798E-004
   8898.2000000000007       7.67984468262958558E-004
   8899.1000000000004       7.63926753460876864E-004
   8900.0000000000000       7.72596424578276468E-004
   8900.8999999999996       7.81518180353324866E-004
   8901.7999999999993       7.82228095502482705E-004
   8902.7000000000007       7.76377476105965169E-004
   8903.6000000000004       7.73563070630967119E-004
   8904.5000000000000       7.76818248132353723E-004
   8905.3999999999996       7.77479193851371778E-004
   8906.2999999999993       7.77439624522457506E-004
   8907.2000000000007       7.80382762920956048E-004
   8908.1000000000004       7.78932890204364734E-004
   8909.0000000000000       7.76717631784227267E-004
   8909.8999999999996       7.81480039475441557E-004
   8910.7999999999993       7.73061586174397125E-004
   8911.7000000000007       7.48622612928784986E-004
   8912.6000000000004       7.51008624730324171E-004
   8913.5000000000000       7.69477119081172080E-004
   8914.3999999999996       7.78584748675887803E-004
   8915.2999999999993       7.80811352783930611E-004
   8916.2000000000007       7.78779313018241486E-004
   8917.1000000000004       7.79167214878298520E-004
   8918.0000000000000       7.83407712508487177E-004
   8918.8999999999996       7.72386204096871254E-004
   8919.7999999999993       7.56752233874326014E-004
   8920.7000000000007       7.69042367499023780E-004
   8921.6000000000004       7.88362077185672484E-004
   8922.5000000000000       7.81322163549178416E-004
   8923.3999999999996       7.64020280634160245E-004
   8924.2999999999993       7.63304736790509811E-004
   8925.2000000000007       7.62451024133561938E-004
   8926.1000000000004       7.55579411903583653E-004
   8927.0000000000000       7.40204013827204955E-004
   8927.8999999999996       7.36138545140806958E-004
   8928.7999999999993       7.30421724574360667E-004
   8929.7000000000007       7.29769904098955761E-004
   8930.6000000000004       7.43456573429619088E-004
   8931.5000000000000       7.54416589237497277E-004
   8932.3999999999996       7.64048553128461789E-004
   8933.2999999999993       7.62668320001490350E-004
   8934.2000000000007       7.56020954524698799E-004
   8935.1000000000004       7.67156440619457328E-004
   8936.0000000000000       7.75774793119366314E-004
   8936.8999999999996       7.77820078192317669E-004
   8937.7999999999993       7.80354623290758446E-004
   8938.7000000000007       7.57699209674509008E-004
   8939.6000000000004       7.52699702855454838E-004
   8940.5000000000000       7.50369950963237055E-004
   8941.3999999999996       7.49643302756824309E-004
   8942.2999999999993       7.40416208832393469E-004
   8943.1999999999989       7.29524858205645821E-004
   8944.0999999999985       7.25496841893245393E-004
   8944.9999999999982       7.19473506159824545E-004
   8945.8999999999978       7.15359876567772624E-004
   8946.7999999999975       7.20651232217071739E-004
   8947.6999999999971       7.32527847714028817E-004
   8948.5999999999967       7.40885589724855475E-004
   8949.4999999999964       7.44421766863161724E-004
   8950.3999999999960       7.50743394291416254E-004
   8951.2999999999956       7.59058932110409320E-004
   8952.1999999999953       7.62729288648494939E-004
   8953.0999999999949       7.60747220243782290E-004
   8953.9999999999945       7.58033221584594394E-004
   8954.8999999999942       7.57886775527205430E-004
   8955.7999999999938       7.58949800386053957E-004
   8956.6999999999935       7.60528685237856481E-004
   8957.5999999999931       7.61894864266279576E-004
   8958.4999999999927       7.61699224953753229E-004
   8959.3999999999924       7.57974903119914699E-004
   8960.2999999999920       7.52939069793180128E-004
   8961.1999999999916       7.52981911742684829E-004
   8962.0999999999913       7.59906779304585895E-004
   8962.9999999999909       7.65401572491063208E-004
   8963.8999999999905       7.62388510409806887E-004
   8964.7999999999902       7.52477378250612566E-004
   8965.6999999999898       7.41292282006357451E-004
   8966.5999999999894       7.34717470931412538E-004
   8967.4999999999891       7.30938454252391982E-004
   8968.3999999999887       7.31687255709732973E-004
   8969.2999999999884       7.39054873534098194E-004
   8970.1999999999880       7.49816393523508964E-004
   8971.0999999999876       7.60343603122316217E-004
   8971.9999999999873       7.65548811192214539E-004
   8972.8999999999869       7.64614600673761105E-004
   8973.7999999999865       7.57429898651154686E-004
   8974.6999999999862       7.41310181381693209E-004
   8975.5999999999858       7.29797166377492098E-004
   8976.4999999999854       7.35384943230596444E-004
   8977.3999999999851       7.42497309710012034E-004
   8978.2999999999847       7.42215793583237489E-004
   8979.1999999999844       7.45094472515520708E-004
   8980.0999999999840       7.56381634557917043E-004
   8980.9999999999836       7.65746315532067580E-004
   8981.8999999999833       7.66934245814845407E-004
   8982.7999999999829       7.64384887444405185E-004
   8983.6999999999825       7.59505915296247486E-004
   8984.5999999999822       7.54572512803677463E-004
   8985.4999999999818       7.59247180779936922E-004
   8986.3999999999814       7.73157887741241423E-004
   8987.2999999999811       7.86314534112194882E-004
   8988.1999999999807       7.90783852783670375E-004
   8989.0999999999804       7.86713341151690422E-004
   8989.9999999999800       7.84448622872359791E-004
   8990.8999999999796       7.85745459602666492E-004
   8991.7999999999793       7.86135612134852228E-004
   8992.6999999999789       7.88419144279886271E-004
   8993.5999999999785       7.89117151049958119E-004
   8994.4999999999782       7.80499990268201786E-004
   8995.3999999999778       7.65968238233883693E-004
   8996.2999999999774       7.52146668693650018E-004
   8997.1999999999771       7.39661759914122261E-004
   8998.0999999999767       7.24713131241205605E-004
   8998.9999999999764       7.03333727252488045E-004
   8999.8999999999760       6.96060891060240432E-004
   9000.7999999999756       7.16250234426625554E-004
   9001.6999999999753       7.34812833329251142E-004
   9002.5999999999749       7.38895307093467022E-004
   9003.4999999999745       7.38436007592087741E-004
   9004.3999999999742       7.35365383109161342E-004
   9005.2999999999738       7.27580882895645722E-004
   9006.1999999999734       7.19071004369587971E-004
   9007.0999999999731       7.10922194714746288E-004
   9007.9999999999727       6.98682167679629137E-004
   9008.8999999999724       6.80871315398958897E-004
   9009.7999999999720       6.69180093524149376E-004
   9010.6999999999716       6.74081071157089755E-004
   9011.5999999999713       6.91179689234838355E-004
   9012.4999999999709       7.09637523390555230E-004
   9013.3999999999705       7.24155939746149043E-004
   9014.2999999999702       7.39696676284026149E-004
   9015.1999999999698       7.60072952631448101E-004
   9016.0999999999694       7.64494612142802270E-004
   9016.9999999999691       7.49252857868482470E-004
   9017.8999999999687       7.37962121023018206E-004
   9018.7999999999683       7.30598348204509226E-004
   9019.6999999999680       7.19168910876656826E-004
   9020.5999999999676       7.04589717510543641E-004
   9021.4999999999673       6.90841532195850629E-004
   9022.3999999999669       6.89569758085646352E-004
   9023.2999999999665       6.90247337590895620E-004
   9024.1999999999662       6.84330727058623839E-004
   9025.0999999999658       6.88232525670163641E-004
   9025.9999999999654       7.00553120245614815E-004
   9026.8999999999651       7.05165202214828543E-004
   9027.7999999999647       7.07523529554091707E-004
   9028.6999999999643       7.13676564767620368E-004
   9029.5999999999640       7.15120441252377489E-004
   9030.4999999999636       7.13730692056636809E-004
   9031.3999999999633       7.20202599218805408E-004
   9032.2999999999629       7.28609805797734381E-004
   9033.1999999999625       7.32385713581955463E-004
   9034.0999999999622       7.32128009315220112E-004
   9034.9999999999618       7.28216768866317464E-004
   9035.8999999999614       7.21933664739924253E-004
   9036.7999999999611       7.20651424715032019E-004
   9037.6999999999607       7.31813123574767276E-004
   9038.5999999999603       7.49347541798214833E-004
   9039.4999999999600       7.59996225123768781E-004
   9040.3999999999596       7.63313722553769585E-004
   9041.2999999999593       7.64843498408427237E-004
   9042.1999999999589       7.66607891320614850E-004
   9043.0999999999585       7.65480881832014551E-004
   9043.9999999999582       7.61050579524664246E-004
   9044.8999999999578       7.57811132606180647E-004
   9045.7999999999574       7.57272203727381559E-004
   9046.6999999999571       7.56829810610304995E-004
   9047.5999999999567       7.54486953073747486E-004
   9048.4999999999563       7.52189007447602869E-004
   9049.3999999999560       7.51087111333506542E-004
   9050.2999999999556       7.49323493902316054E-004
   9051.1999999999553       7.45736616720494758E-004
   9052.0999999999549       7.44408996159409090E-004
   9052.9999999999545       7.45400815081923734E-004
   9053.8999999999542       7.44364952407023978E-004
   9054.7999999999538       7.42565229108129430E-004
   9055.6999999999534       7.42320835795463744E-004
   9056.5999999999531       7.41786766634147253E-004
   9057.4999999999527       7.39364586010738583E-004
   9058.3999999999523       7.38310465489762347E-004
   9059.2999999999520       7.39306699618257220E-004
   9060.1999999999516       7.36406207425464605E-004
   9061.0999999999513       7.32486235877126933E-004
   9061.9999999999509       7.37053513513857297E-004
   9062.8999999999505       7.48342537170483481E-004
   9063.7999999999502       7.52894402588823110E-004
   9064.6999999999498       7.47792169632838320E-004
   9065.5999999999494       7.40259355893427523E-004
   9066.4999999999491       7.33453185876226641E-004
   9067.3999999999487       7.30180743813533205E-004
   9068.2999999999483       7.28922475823221222E-004
   9069.1999999999480       7.25150886767421247E-004
   9070.0999999999476       7.21154080863530933E-004
   9070.9999999999472       7.22258053977649968E-004
   9071.8999999999469       7.26025589559562779E-004
   9072.7999999999465       7.27634730797290419E-004
   9073.6999999999462       7.29191963627565890E-004
   9074.5999999999458       7.29198411275452083E-004
   9075.4999999999454       7.27042127118726579E-004
   9076.3999999999451       7.24419730152066539E-004
   9077.2999999999447       7.17977591079528923E-004
   9078.1999999999443       7.14548088031336523E-004
   9079.0999999999440       7.18197433771211612E-004
   9079.9999999999436       7.16648963873989372E-004
   9080.8999999999432       7.15367636893130313E-004
   9081.7999999999429       7.19391445659167228E-004
   9082.6999999999425       7.19711537451879274E-004
   9083.5999999999422       7.14276214285321383E-004
   9084.4999999999418       7.10460566161806345E-004
   9085.3999999999414       7.10838823421791892E-004
   9086.2999999999411       7.05798598029160366E-004
   9087.1999999999407       6.83662453418601847E-004
   9088.0999999999403       6.57511769830163538E-004
   9088.9999999999400       6.59752241449798192E-004
   9089.8999999999396       6.81669821861872701E-004
   9090.7999999999392       6.99811405848639254E-004
   9091.6999999999389       7.12396520671997719E-004
   9092.5999999999385       7.19275081373979292E-004
   9093.4999999999382       7.15395786199947664E-004
   9094.3999999999378       7.12776146136869784E-004
   9095.2999999999374       7.27019460449501742E-004
   9096.1999999999371       7.37942024894679095E-004
   9097.0999999999367       7.28595102613569293E-004
   9097.9999999999363       7.16833316355180170E-004
   9098.8999999999360       7.12022987429577971E-004
   9099.7999999999356       7.05825405217394130E-004
   9100.6999999999352       7.00310464707098752E-004
   9101.5999999999349       7.04234227767686202E-004
   9102.4999999999345       7.07818246214613400E-004
   9103.3999999999342       7.06211895457562258E-004
   9104.2999999999338       7.08419143883903010E-004
   9105.1999999999334       7.12237941958421424E-004
   9106.0999999999331       7.12302710253697596E-004
   9106.9999999999327       7.11877351806037076E-004
   9107.8999999999323       7.13955121289305914E-004
   9108.7999999999320       7.14301969178112849E-004
   9109.6999999999316       7.08941361368070058E-004
   9110.5999999999312       6.98879304943130224E-004
   9111.4999999999309       6.96803722041573845E-004
   9112.3999999999305       7.09878030821601397E-004
   9113.2999999999302       7.19045523114030362E-004
   9114.1999999999298       7.13670732855755806E-004
   9115.0999999999294       7.02898663222129537E-004
   9115.9999999999291       6.89522982477824820E-004
   9116.8999999999287       6.79392786865172646E-004
   9117.7999999999283       6.74702549816229985E-004
   9118.6999999999280       6.69528898017742813E-004
   9119.5999999999276       6.75942193122697427E-004
   9120.4999999999272       6.93495405652108828E-004
   9121.3999999999269       7.05225582142648836E-004
   9122.2999999999265       7.07985589814631765E-004
   9123.1999999999261       7.07566977835257503E-004
   9124.0999999999258       7.07111498641960689E-004
   9124.9999999999254       7.06342143919225381E-004
   9125.8999999999251       7.04300527656694640E-004
   9126.7999999999247       7.03764839335617454E-004
   9127.6999999999243       7.06340233171348620E-004
   9128.5999999999240       7.07846095097905501E-004
   9129.4999999999236       7.08615286333812676E-004
   9130.3999999999232       7.10892251248647507E-004
   9131.2999999999229       7.09262618845078047E-004
   9132.1999999999225       7.07226206864497030E-004
   9133.0999999999221       7.11027209454042687E-004
   9133.9999999999218       7.16186886605154694E-004
   9134.8999999999214       7.17323784952209097E-004
   9135.7999999999211       7.14364588738867980E-004
   9136.6999999999207       7.11183150734206039E-004
   9137.5999999999203       7.09451037369220614E-004
   9138.4999999999200       7.04202365844197728E-004
   9139.3999999999196       6.87732878875649918E-004
   9140.2999999999192       6.63878598409953875E-004
   9141.1999999999189       6.52254686505996805E-004
   9142.0999999999185       6.58006225666421464E-004
   9142.9999999999181       6.68272830336086700E-004
   9143.8999999999178       6.74337168566124172E-004
   9144.7999999999174       6.73204351616861225E-004
   9145.6999999999171       6.64700858610998545E-004
   9146.5999999999167       6.57075697336868174E-004
   9147.4999999999163       6.57744396919553360E-004
   9148.3999999999160       6.65684052334455717E-004
   9149.2999999999156       6.77953016572977927E-004
   9150.1999999999152       6.92631915881030823E-004
   9151.0999999999149       7.01892623149545604E-004
   9151.9999999999145       7.07198352089347506E-004
   9152.8999999999141       7.05582351021923505E-004
   9153.7999999999138       6.96003538099975111E-004
   9154.6999999999134       6.91833035135669969E-004
   9155.5999999999131       6.89385918526390189E-004
   9156.4999999999127       6.81110648463211909E-004
   9157.3999999999123       6.77886607381389806E-004
   9158.2999999999120       6.81419794118018471E-004
   9159.1999999999116       6.81956109761436432E-004
   9160.0999999999112       6.82857292078044406E-004
   9160.9999999999109       6.88739469108220646E-004
   9161.8999999999105       6.88652720281235906E-004
   9162.7999999999101       6.77202546818578385E-004
   9163.6999999999098       6.65542567908780527E-004
   9164.5999999999094       6.65693429849922012E-004
   9165.4999999999091       6.73049662613641906E-004
   9166.3999999999087       6.70915277006641376E-004
   9167.2999999999083       6.56219597636207436E-004
   9168.1999999999080       6.38688572131907600E-004
   9169.0999999999076       6.30433108127041947E-004
   9169.9999999999072       6.30755627482152271E-004
   9170.8999999999069       6.34348067809065077E-004
   9171.7999999999065       6.36581450618466365E-004
   9172.6999999999061       6.35021375873965352E-004
   9173.5999999999058       6.37186555471341105E-004
   9174.4999999999054       6.53347314384668991E-004
   9175.3999999999050       6.70881457922472202E-004
   9176.2999999999047       6.75701367593966240E-004
   9177.1999999999043       6.75489469064174367E-004
   9178.0999999999040       6.75444241059396490E-004
   9178.9999999999036       6.77782029816372065E-004
   9179.8999999999032       6.82065258024920369E-004
   9180.7999999999029       6.78458488474725243E-004
   9181.6999999999025       6.71143181417810592E-004
   9182.5999999999021       6.73553675678983813E-004
   9183.4999999999018       6.81429548208649480E-004
   9184.3999999999014       6.90905786217763541E-004
   9185.2999999999010       6.96122667420891639E-004
   9186.1999999999007       6.89775121540615356E-004
   9187.0999999999003       6.76473620232864552E-004
   9187.9999999999000       6.65781217013668158E-004
   9188.8999999998996       6.58564147904794252E-004
   9189.7999999998992       6.57322607507557178E-004
   9190.6999999998989       6.63302826906501334E-004
   9191.5999999998985       6.64181387123993468E-004
   9192.4999999998981       6.57140015080467325E-004
   9193.3999999998978       6.58283816916750133E-004
   9194.2999999998974       6.72095697345327149E-004
   9195.1999999998970       6.83240523731090069E-004
   9196.0999999998967       6.84822166121294750E-004
   9196.9999999998963       6.75851988748474145E-004
   9197.8999999998960       6.64340069280837495E-004
   9198.7999999998956       6.57221103426749303E-004
   9199.6999999998952       6.58942446860322434E-004
   9200.5999999998949       6.63092369466019194E-004
   9201.4999999998945       6.60258258269050724E-004
   9202.3999999998941       6.53275810113691877E-004
   9203.2999999998938       6.49545080171050099E-004
   9204.1999999998934       6.48438318391294003E-004
   9205.0999999998930       6.48046612102956532E-004
   9205.9999999998927       6.52567354346839036E-004
   9206.8999999998923       6.58020235417515497E-004
   9207.7999999998920       6.60871173349959653E-004
   9208.6999999998916       6.50779514139669625E-004
   9209.5999999998912       6.27224263251319083E-004
   9210.4999999998909       6.10765212172566609E-004
   9211.3999999998905       6.10660304709166710E-004
   9212.2999999998901       6.20901792657287122E-004
   9213.1999999998898       6.35255370224089276E-004
   9214.0999999998894       6.45137909451526620E-004
   9214.9999999998890       6.50157268729766253E-004
   9215.8999999998887       6.53825055332396456E-004
   9216.7999999998883       6.45009072201797699E-004
   9217.6999999998880       6.33753269820885173E-004
   9218.5999999998876       6.44279072099322595E-004
   9219.4999999998872       6.63869034263709148E-004
   9220.3999999998869       6.76126446384381808E-004
   9221.2999999998865       6.86348374519927477E-004
   9222.1999999998861       6.91898405684520843E-004
   9223.0999999998858       6.80235580386596918E-004
   9223.9999999998854       6.54266513562960631E-004
   9224.8999999998850       6.48113451051529534E-004
   9225.7999999998847       6.77328894404769150E-004
   9226.6999999998843       7.07158482905524428E-004
   9227.5999999998839       7.18669639056961659E-004
   9228.4999999998836       7.27759766232535994E-004
   9229.3999999998832       7.39342907407054264E-004
   9230.2999999998829       7.37816288368748989E-004
   9231.1999999998825       7.22315795268595835E-004
   9232.0999999998821       7.05092091503655609E-004
   9232.9999999998818       6.97105472825778369E-004
   9233.8999999998814       6.94625152693630781E-004
   9234.7999999998810       6.82229917576606185E-004
   9235.6999999998807       6.62476163905192754E-004
   9236.5999999998803       6.46685367223171609E-004
   9237.4999999998799       6.39220547615438912E-004
   9238.3999999998796       6.40626385106418152E-004
   9239.2999999998792       6.41134268123826545E-004
   9240.1999999998789       6.37472446712242539E-004
   9241.0999999998785       6.27409205150603099E-004
   9241.9999999998781       6.23967792231787020E-004
   9242.8999999998778       6.40816978977703914E-004
   9243.7999999998774       6.60824828271610871E-004
   9244.6999999998770       6.68969629035427206E-004
   9245.5999999998767       6.63536632262003980E-004
   9246.4999999998763       6.52533395288365471E-004
   9247.3999999998759       6.51694745731084711E-004
   9248.2999999998756       6.60574319787443956E-004
   9249.1999999998752       6.74474936924598987E-004
   9250.0999999998749       6.92466688344394593E-004
   9250.9999999998745       7.02138035658650449E-004
   9251.8999999998741       6.95649551449746225E-004
   9252.7999999998738       6.82642649771382764E-004
   9253.6999999998734       6.75068277640970458E-004
   9254.5999999998730       6.58314394876988217E-004
   9255.4999999998727       6.37865359207818918E-004
   9256.3999999998723       6.44209786104020174E-004
   9257.2999999998719       6.51896801769588120E-004
   9258.1999999998716       6.45181742051027275E-004
   9259.0999999998712       6.55500871393189643E-004
   9259.9999999998709       6.86188243147105976E-004
   9260.8999999998705       7.18006199161486331E-004
   9261.7999999998701       7.30914907749919437E-004
   9262.6999999998698       7.14839042800747854E-004
   9263.5999999998694       6.96459456618279938E-004
   9264.4999999998690       6.94351079289464812E-004
   9265.3999999998687       7.07448231548551010E-004
   9266.2999999998683       7.21577367257485430E-004
   9267.1999999998679       7.20013837542173127E-004
   9268.0999999998676       7.02895426095993597E-004
   9268.9999999998672       6.82840729038653653E-004
   9269.8999999998668       6.71463824568626884E-004
   9270.7999999998665       6.65321949009506255E-004
   9271.6999999998661       6.63688792033875936E-004
   9272.5999999998658       6.69715255380330470E-004
   9273.4999999998654       6.81742637833850345E-004
   9274.3999999998650       6.89863113273630471E-004
   9275.2999999998647       6.88923273195782434E-004
   9276.1999999998643       6.83931284755891970E-004
   9277.0999999998639       6.76398754921064718E-004
   9277.9999999998636       6.61690121888831645E-004
   9278.8999999998632       6.51393747385818384E-004
   9279.7999999998628       6.57575803629973092E-004
   9280.6999999998625       6.64325891475586934E-004
   9281.5999999998621       6.64081056665380681E-004
   9282.4999999998618       6.69822757137290294E-004
   9283.3999999998614       6.80986278920857075E-004
   9284.2999999998610       6.85783772192083635E-004
   9285.1999999998607       6.76884726830565995E-004
   9286.0999999998603       6.57975338298892685E-004
   9286.9999999998599       6.46440080022809204E-004
   9287.8999999998596       6.47846301611696438E-004
   9288.7999999998592       6.51044583903100712E-004
   9289.6999999998588       6.51316642871521950E-004
   9290.5999999998585       6.51590578835088436E-004
   9291.4999999998581       6.59533833640335923E-004
   9292.3999999998578       6.73839521000797271E-004
   9293.2999999998574       6.79989901322654842E-004
   9294.1999999998570       6.75189452006830595E-004
   9295.0999999998567       6.62485698000158524E-004
   9295.9999999998563       6.43781742256083157E-004
   9296.8999999998559       6.42285476963637457E-004
   9297.7999999998556       6.65179346464335420E-004
   9298.6999999998552       6.85358685343203798E-004
   9299.5999999998548       6.87373501988214905E-004
   9300.4999999998545       6.83162207679407054E-004
   9301.3999999998541       6.84971980563613202E-004
   9302.2999999998538       6.92465933629610002E-004
   9303.1999999998534       6.93548280378758182E-004
   9304.0999999998530       6.84858211969952761E-004
   9304.9999999998527       6.74155410910814989E-004
   9305.8999999998523       6.63951845699290734E-004
   9306.7999999998519       6.51880143115849331E-004
   9307.6999999998516       6.50693357274850152E-004
   9308.5999999998512       6.60057702586650452E-004
   9309.4999999998508       6.61778256238224885E-004
   9310.3999999998505       6.53216619915210177E-004
   9311.2999999998501       6.52646907821335682E-004
   9312.1999999998498       6.64051127884568958E-004
   9313.0999999998494       6.74473106268109850E-004
   9313.9999999998490       6.74579190608863349E-004
   9314.8999999998487       6.71404055205681183E-004
   9315.7999999998483       6.67631687954649755E-004
   9316.6999999998479       6.53684111059172680E-004
   9317.5999999998476       6.44384942567587798E-004
   9318.4999999998472       6.60963910473526522E-004
   9319.3999999998468       6.82318422080498057E-004
   9320.2999999998465       6.88467334114492482E-004
   9321.1999999998461       6.77092657193847968E-004
   9322.0999999998457       6.61849394843552980E-004
   9322.9999999998454       6.61217578004807938E-004
   9323.8999999998450       6.64220978856443797E-004
   9324.7999999998447       6.61061516557637165E-004
   9325.6999999998443       6.56503519139245277E-004
   9326.5999999998439       6.51530878805033943E-004
   9327.4999999998436       6.45421009911195751E-004
   9328.3999999998432       6.50941117269768482E-004
   9329.2999999998428       6.68956236674697158E-004
   9330.1999999998425       6.85703168069663510E-004
   9331.0999999998421       6.93515671800752848E-004
   9331.9999999998417       6.85609889123794339E-004
   9332.8999999998414       6.63584840176633501E-004
   9333.7999999998410       6.50028242894154203E-004
   9334.6999999998407       6.63514554482478951E-004
   9335.5999999998403       6.87806253058434566E-004
   9336.4999999998399       7.00878628873411835E-004
   9337.3999999998396       6.95370285177387081E-004
   9338.2999999998392       6.81428425974562246E-004
   9339.1999999998388       6.73314434486499782E-004
   9340.0999999998385       6.74152889513988962E-004
   9340.9999999998381       6.85682140646642403E-004
   9341.8999999998377       6.94356754935756084E-004
   9342.7999999998374       6.91969566058273024E-004
   9343.6999999998370       6.86114897487092928E-004
   9344.5999999998367       6.69396512713071705E-004
   9345.4999999998363       6.57329819326240975E-004
   9346.3999999998359       6.73936030852060252E-004
   9347.2999999998356       6.94019736550214846E-004
   9348.1999999998352       6.90231778539196787E-004
   9349.0999999998348       6.73401040388595042E-004
   9349.9999999998345       6.64143783012547230E-004
   9350.8999999998341       6.69084006370842025E-004
   9351.7999999998337       6.75224385847772121E-004
   9352.6999999998334       6.75894275912454793E-004
   9353.5999999998330       6.71272957782106114E-004
   9354.4999999998327       6.61920555876774493E-004
   9355.3999999998323       6.52961564392588950E-004
   9356.2999999998319       6.38047780794879691E-004
   9357.1999999998316       6.22050386254418175E-004
   9358.0999999998312       6.15452783657022902E-004
   9358.9999999998308       6.29910080039764982E-004
   9359.8999999998305       6.53041976394748837E-004
   9360.7999999998301       6.62833366859937869E-004
   9361.6999999998297       6.61653818248542709E-004
   9362.5999999998294       6.66366411827420632E-004
   9363.4999999998290       6.78703107100324062E-004
   9364.3999999998287       6.81547972487880709E-004
   9365.2999999998283       6.79474752771230014E-004
   9366.1999999998279       6.82392728547326290E-004
   9367.0999999998276       6.76852054690993085E-004
   9367.9999999998272       6.68478787460070260E-004
   9368.8999999998268       6.72409157094963996E-004
   9369.7999999998265       6.81821542800041232E-004
   9370.6999999998261       6.80457746814672366E-004
   9371.5999999998257       6.58544967744768709E-004
   9372.4999999998254       6.44404519494647717E-004
   9373.3999999998250       6.57354703813642534E-004
   9374.2999999998246       6.72700135961577317E-004
   9375.1999999998243       6.84890989139895056E-004
   9376.0999999998239       6.96406022064275754E-004
   9376.9999999998236       6.91749244278559369E-004
   9377.8999999998232       6.78709236314267630E-004
   9378.7999999998228       6.76443598804355372E-004
   9379.6999999998225       6.73310544439442195E-004
   9380.5999999998221       6.57262925413461068E-004
   9381.4999999998217       6.44055132242855920E-004
   9382.3999999998214       6.52406124269272404E-004
   9383.2999999998210       6.63736496963964720E-004
   9384.1999999998206       6.67464222968914048E-004
   9385.0999999998203       6.64352242252311850E-004
   9385.9999999998199       6.54603305019977396E-004
   9386.8999999998196       6.45754747176668421E-004
   9387.7999999998192       6.53391369210862532E-004
   9388.6999999998188       6.66746158546689953E-004
   9389.5999999998185       6.69307347027709798E-004
   9390.4999999998181       6.67334427859865272E-004
   9391.3999999998177       6.68790353138688592E-004
   9392.2999999998174       6.71921795740151959E-004
   9393.1999999998170       6.76811177228480517E-004
   9394.0999999998166       6.80625976641113274E-004
   9394.9999999998163       6.81415473932469435E-004
   9395.8999999998159       6.77481366787589193E-004
   9396.7999999998156       6.70482590434985540E-004
   9397.6999999998152       6.67739234512323716E-004
   9398.5999999998148       6.67795582349068272E-004
   9399.4999999998145       6.66413635064709076E-004
   9400.3999999998141       6.65514105034788021E-004
   9401.2999999998137       6.66915302983379183E-004
   9402.1999999998134       6.74769017397298639E-004
   9403.0999999998130       6.80328336474543115E-004
   9403.9999999998126       6.71339682059551813E-004
   9404.8999999998123       6.57395281549881787E-004
   9405.7999999998119       6.58996887176705056E-004
   9406.6999999998116       6.72462846046002652E-004
   9407.5999999998112       6.79536288804986552E-004
   9408.4999999998108       6.78890573535259568E-004
   9409.3999999998105       6.63952233944296540E-004
   9410.2999999998101       6.40489421042282799E-004
   9411.1999999998097       6.31583995723923684E-004
   9412.0999999998094       6.24061462070412722E-004
   9412.9999999998090       6.02526452235105196E-004
   9413.8999999998086       5.87440008226409733E-004
   9414.7999999998083       5.96772724698162453E-004
   9415.6999999998079       6.19731811080545493E-004
   9416.5999999998076       6.29916434415491323E-004
   9417.4999999998072       6.29271900106673590E-004
   9418.3999999998068       6.36073125906879127E-004
   9419.2999999998065       6.45940706973133260E-004
   9420.1999999998061       6.45102780939245716E-004
   9421.0999999998057       6.42339585399780101E-004
   9421.9999999998054       6.50878932426409221E-004
   9422.8999999998050       6.62570353358932955E-004
   9423.7999999998046       6.60342839324170022E-004
   9424.6999999998043       6.54856260061229055E-004
   9425.5999999998039       6.58539149355870965E-004
   9426.4999999998035       6.55659461036007065E-004
   9427.3999999998032       6.46910020801328973E-004
   9428.2999999998028       6.46531300407619781E-004
   9429.1999999998025       6.41295926257340419E-004
   9430.0999999998021       6.27671444923548418E-004
   9430.9999999998017       6.16399622056100537E-004
   9431.8999999998014       6.09860669711514373E-004
   9432.7999999998010       6.11415885016516588E-004
   9433.6999999998006       6.22309302536029792E-004
   9434.5999999998003       6.30540114520043585E-004
   9435.4999999997999       6.32366819330938798E-004
   9436.3999999997995       6.24459565958995657E-004
   9437.2999999997992       6.06924258449493799E-004
   9438.1999999997988       5.95440790221128365E-004
   9439.0999999997985       6.12638273393604615E-004
   9439.9999999997981       6.33795705631521569E-004
   9440.8999999997977       6.32763724185707657E-004
   9441.7999999997974       6.32074304181600853E-004
   9442.6999999997970       6.43291475735315878E-004
   9443.5999999997966       6.51570979588141910E-004
   9444.4999999997963       6.49029690411262634E-004
   9445.3999999997959       6.34292778070252384E-004
   9446.2999999997955       6.17301841737927194E-004
   9447.1999999997952       6.12489580778064120E-004
   9448.0999999997948       6.17095369290648638E-004
   9448.9999999997945       6.21330406822854608E-004
   9449.8999999997941       6.30350689800647924E-004
   9450.7999999997937       6.34430760556132676E-004
   9451.6999999997934       6.28674059406545945E-004
   9452.5999999997930       6.22812936778252232E-004
   9453.4999999997926       6.14592484173168423E-004
   9454.3999999997923       6.04081427781269953E-004
   9455.2999999997919       6.05372482015154750E-004
   9456.1999999997915       6.18467289555504397E-004
   9457.0999999997912       6.33539504289354111E-004
   9457.9999999997908       6.40389353628158654E-004
   9458.8999999997905       6.35026958965223000E-004
   9459.7999999997901       6.25803850086963142E-004
   9460.6999999997897       6.19202492505024622E-004
   9461.5999999997894       6.13577317131899758E-004
   9462.4999999997890       6.06474377256806707E-004
   9463.3999999997886       6.05783022575673573E-004
   9464.2999999997883       6.18190278725231713E-004
   9465.1999999997879       6.34549262870682889E-004
   9466.0999999997875       6.40933283770291334E-004
   9466.9999999997872       6.38291496157689076E-004
   9467.8999999997868       6.04072543531280841E-004
   9468.7999999997865       4.49532939370889551E-004
