 1160.0 0.812189290530E-07
 1160.9 0.641411664691E-07
 1161.8 0.194739052201E-07
 1162.7 0.333937410233E-08
 1163.6 0.182337959696E-13
 1164.5 0.182337959696E-13
 1165.4 0.182337959696E-13
 1166.3 0.182337959696E-13
 1167.2 0.182337959696E-13
 1168.1 0.182337959696E-13
 1169.0 0.961929419202E-07
 1169.9 0.153274421116E-06
 1170.8 0.880618821086E-07
 1171.7 0.785668600748E-07
 1172.6 0.186100515693E-06
 1173.5 0.698032029030E-06
 1174.4 0.170748879094E-05
 1175.3 0.191444218379E-05
 1176.2 0.958667759867E-06
 1177.1 0.253017801481E-06
 1178.0 0.978651071244E-07
 1178.9 0.102879763096E-06
 1179.8 0.101916798222E-06
 1180.7 0.104183330489E-06
 1181.6 0.541728111512E-07
 1182.5 0.104509782298E-08
 1183.4 0.182337959696E-13
 1184.3 0.182337959696E-13
 1185.2 0.347273771203E-08
 1186.1 0.736747054837E-07
 1187.0 0.214334664536E-06
 1187.9 0.263005461124E-06
 1188.8 0.222867684768E-06
 1189.7 0.157457438697E-06
 1190.6 0.727090967736E-07
 1191.5 0.676645271399E-07
 1192.4 0.148276578956E-06
 1193.3 0.222831782686E-06
 1194.2 0.191681586151E-06
 1195.1 0.903595427428E-07
 1196.0 0.135086022973E-06
 1196.9 0.216354292784E-06
 1197.8 0.238873286354E-06
 1198.7 0.266999890958E-06
 1199.6 0.197456981111E-06
 1200.5 0.100803851880E-06
 1201.4 0.930102753694E-07
 1202.3 0.128411732787E-06
 1203.2 0.171012117234E-06
 1204.1 0.540314587314E-06
 1205.0 0.196501124342E-05
 1205.9 0.308888464397E-05
 1206.8 0.182134147084E-05
 1207.7 0.579918625643E-06
 1208.6 0.351809845042E-06
 1209.5 0.392023674919E-06
 1210.4 0.523382810708E-06
 1211.3 0.890941865332E-06
 1212.2 0.193855374814E-05
 1213.1 0.453247734932E-05
 1214.0 0.955740126670E-05
 1214.9 0.156394500772E-04
 1215.8 0.150621430035E-04
 1216.7 0.774696558065E-05
 1217.6 0.307040876061E-05
 1218.5 0.137098097994E-05
 1219.4 0.700511287877E-06
 1220.3 0.479639769056E-06
 1221.2 0.360965184536E-06
 1222.1 0.273062130381E-06
 1223.0 0.214491497442E-06
 1223.9 0.183837203772E-06
 1224.8 0.187971197508E-06
 1225.7 0.172416491303E-06
 1226.6 0.124540571246E-06
 1227.5 0.950822050381E-07
 1228.4 0.727010481792E-07
 1229.3 0.738612772910E-07
 1230.2 0.824334274296E-07
 1231.1 0.105623350890E-06
 1232.0 0.120959498048E-06
 1232.9 0.104624513779E-06
 1233.8 0.933374837857E-07
 1234.7 0.767749072773E-07
 1235.6 0.507925781074E-07
 1236.5 0.107904944826E-06
 1237.4 0.379598406828E-06
 1238.3 0.580630313321E-06
 1239.2 0.349698812306E-06
 1240.1 0.139184294428E-06
 1241.0 0.216000882249E-06
 1241.9 0.377428427213E-06
 1242.8 0.294511218221E-06
 1243.7 0.114999962064E-06
 1244.6 0.592201641637E-07
 1245.5 0.544347726081E-07
 1246.4 0.661157132840E-07
 1247.3 0.626357750959E-07
 1248.2 0.242069234168E-07
 1249.1 0.828511505783E-08
 1250.0 0.175126942197E-07
 1250.9 0.295664171789E-07
 1251.8 0.459132391721E-07
 1252.7 0.654815075106E-07
 1253.6 0.553675353309E-07
 1254.5 0.386869018515E-07
 1255.4 0.689933602072E-07
 1256.3 0.918570584025E-07
 1257.2 0.969587330928E-07
 1258.1 0.121154037609E-06
 1259.0 0.178485617954E-06
 1259.9 0.221802844465E-06
 1260.8 0.161441948595E-06
 1261.7 0.606513950226E-07
 1262.6 0.867164670056E-07
 1263.5 0.316312277910E-06
 1264.4 0.402344743303E-06
 1265.3 0.199587866045E-06
 1266.2 0.671490549727E-07
 1267.1 0.220553794989E-07
 1268.0 0.182337959696E-13
 1268.9 0.182337959696E-13
 1269.8 0.182337959696E-13
 1270.7 0.550757317259E-08
 1271.6 0.408192750870E-07
 1272.5 0.404344168279E-07
 1273.4 0.244181155126E-07
 1274.3 0.499311306893E-07
 1275.2 0.791136607210E-07
 1276.1 0.990295742387E-07
 1277.0 0.990522554075E-07
 1277.9 0.814799850750E-07
 1278.8 0.676098592920E-07
 1279.7 0.714756563292E-07
 1280.6 0.466978483651E-07
 1281.5 0.796204265047E-08
 1282.4 0.103222051407E-07
 1283.3 0.462226285681E-07
 1284.2 0.801348370447E-07
 1285.1 0.730041138341E-07
 1286.0 0.431856122125E-07
 1286.9 0.494072089966E-07
 1287.8 0.860890298036E-07
 1288.7 0.971232813130E-07
 1289.6 0.730914349638E-07
 1290.5 0.509888475625E-07
 1291.4 0.370769557439E-07
 1292.3 0.294823247166E-07
 1293.2 0.506288532840E-07
 1294.1 0.945031597558E-07
 1295.0 0.126982596953E-06
 1295.9 0.152777446046E-06
 1296.8 0.160388447157E-06
 1297.7 0.196962882816E-06
 1298.6 0.204865325315E-06
 1299.5 0.193564504666E-06
 1300.4 0.463602578485E-06
 1301.3 0.881889079068E-06
 1302.2 0.754518806033E-06
 1303.1 0.695672143542E-06
 1304.0 0.116646324728E-05
 1304.9 0.135475222785E-05
 1305.8 0.927898957427E-06
 1306.7 0.334472125400E-06
 1307.6 0.153051159599E-06
 1308.5 0.197669478498E-06
 1309.4 0.181647556657E-06
 1310.3 0.129793821610E-06
 1311.2 0.101372309617E-06
 1312.1 0.751401768782E-07
 1313.0 0.457685181166E-07
 1313.9 0.248921135123E-07
 1314.8 0.113810223215E-07
 1315.7 0.267442853613E-09
 1316.6 0.188989157189E-07
 1317.5 0.564453580641E-07
 1318.4 0.685844752562E-07
 1319.3 0.554012060519E-07
 1320.2 0.328765780499E-07
 1321.1 0.282855722546E-07
 1322.0 0.516022247738E-07
 1322.9 0.797396776141E-07
 1323.8 0.724145200426E-07
 1324.7 0.408762433064E-07
 1325.6 0.285392729872E-07
 1326.5 0.134161536169E-07
 1327.4 0.235915007148E-07
 1328.3 0.992452564129E-07
 1329.2 0.130019880551E-06
 1330.1 0.849948743526E-07
 1331.0 0.429325990761E-07
 1331.9 0.146884552034E-06
 1332.8 0.911116577806E-06
 1333.7 0.260778732650E-05
 1334.6 0.383633755480E-05
 1335.5 0.288049881469E-05
 1336.4 0.930051765814E-06
 1337.3 0.156851459333E-06
 1338.2 0.552638168908E-07
 1339.1 0.292999977091E-07
 1340.0 0.298111533877E-07
 1340.9 0.699034971553E-07
 1341.8 0.867618752514E-07
 1342.7 0.709868878281E-07
 1343.6 0.498678945972E-07
 1344.5 0.482301818991E-07
 1345.4 0.447995088720E-07
 1346.3 0.408690212365E-07
 1347.2 0.450071330848E-07
 1348.1 0.675110027046E-07
 1349.0 0.985196678340E-07
 1349.9 0.144538794415E-06
 1350.8 0.176167290179E-06
 1351.7 0.940307474250E-07
 1352.6 0.774156342693E-07
 1353.5 0.164092355667E-06
 1354.4 0.183803194259E-06
 1355.3 0.156386837008E-06
 1356.2 0.130441914827E-06
 1357.1 0.115142445852E-06
 1358.0 0.108929348501E-06
 1358.9 0.112747150906E-06
 1359.8 0.927342536663E-07
 1360.7 0.693007215324E-07
 1361.6 0.546183410842E-07
 1362.5 0.688958590539E-07
 1363.4 0.923584579404E-07
 1364.3 0.675991059750E-07
 1365.2 0.477369063062E-07
 1366.1 0.564930764538E-07
 1367.0 0.598282386206E-07
 1367.9 0.548855102400E-07
 1368.8 0.837954216781E-07
 1369.7 0.129528611252E-06
 1370.6 0.137945538519E-06
 1371.5 0.107928869005E-06
 1372.4 0.991758394692E-07
 1373.3 0.104345451688E-06
 1374.2 0.853362353763E-07
 1375.1 0.479127862480E-07
 1376.0 0.197497535123E-07
 1376.9 0.183304032663E-07
 1377.8 0.177087632633E-07
 1378.7 0.145152318977E-07
 1379.6 0.203915374915E-07
 1380.5 0.324053479686E-07
 1381.4 0.279127729278E-07
 1382.3 0.234203399862E-07
 1383.2 0.328918169917E-07
 1384.1 0.491985170947E-07
 1385.0 0.568738660845E-07
 1385.9 0.669429522436E-07
 1386.8 0.783790986280E-07
 1387.7 0.707267016445E-07
 1388.6 0.504830533035E-07
 1389.5 0.501375396094E-07
 1390.4 0.680621782886E-07
 1391.3 0.248044797905E-06
 1392.2 0.112023469258E-05
 1393.1 0.197791878882E-05
 1394.0 0.120999244537E-05
 1394.9 0.286631236968E-06
 1395.8 0.852277433128E-07
 1396.7 0.802260263263E-07
 1397.6 0.750569955212E-07
 1398.5 0.731831748810E-07
 1399.4 0.929433289723E-07
 1400.3 0.197199345141E-06
 1401.2 0.591445856344E-06
 1402.1 0.982587470568E-06
 1403.0 0.596363394872E-06
 1403.9 0.162229510793E-06
 1404.8 0.906711372397E-07
 1405.7 0.882386718257E-07
 1406.6 0.927448472597E-07
 1407.5 0.887452527696E-07
 1408.4 0.640276558503E-07
 1409.3 0.550349711940E-07
 1410.2 0.910315017457E-07
 1411.1 0.117455955150E-06
 1412.0 0.110769482152E-06
 1412.9 0.878119344283E-07
 1413.8 0.556552712841E-07
 1414.7 0.437662905182E-07
 1415.6 0.634245452575E-07
 1416.5 0.698688211848E-07
 1417.4 0.668908311882E-07
 1418.3 0.783905157172E-07
 1419.2 0.661135983572E-07
 1420.1 0.331579505141E-07
 1421.0 0.409597461683E-07
 1421.9 0.556161066030E-07
 1422.8 0.661623243575E-07
 1423.7 0.955037303254E-07
 1424.6 0.116023141473E-06
 1425.5 0.107262854726E-06
 1426.4 0.100513770714E-06
 1427.3 0.115294379267E-06
 1428.2 0.114085770580E-06
 1429.1 0.100204805628E-06
 1430.0 0.116860951174E-06
 1430.9 0.150250116496E-06
 1431.8 0.155426974098E-06
 1432.7 0.157980899035E-06
 1433.6 0.139726892815E-06
 1434.5 0.103220413283E-06
 1435.4 0.818010342478E-07
 1436.3 0.744106714201E-07
 1437.2 0.723418009096E-07
 1438.1 0.639513761476E-07
 1439.0 0.657020652206E-07
 1439.9 0.755084118767E-07
 1440.8 0.870139336070E-07
 1441.7 0.918908608315E-07
 1442.6 0.805367415631E-07
 1443.5 0.897319063737E-07
 1444.4 0.121969059192E-06
 1445.3 0.135794291083E-06
 1446.2 0.103107349369E-06
 1447.1 0.750652972638E-07
 1448.0 0.689699613833E-07
 1448.9 0.624878654976E-07
 1449.8 0.802193099219E-07
 1450.7 0.955342020055E-07
 1451.6 0.102641024515E-06
 1452.5 0.101825789990E-06
 1453.4 0.938138270237E-07
 1454.3 0.853484466123E-07
 1455.2 0.851786165871E-07
 1456.1 0.105336157823E-06
 1457.0 0.134207237574E-06
 1457.9 0.157166718115E-06
 1458.8 0.128435436079E-06
 1459.7 0.717947496490E-07
 1460.6 0.671967289677E-07
 1461.5 0.765453554835E-07
 1462.4 0.998419627660E-07
 1463.3 0.105007161471E-06
 1464.2 0.994420233768E-07
 1465.1 0.106179529758E-06
 1466.0 0.115486492695E-06
 1466.9 0.130622974513E-06
 1467.8 0.143060399876E-06
 1468.7 0.136078784115E-06
 1469.6 0.112913476555E-06
 1470.5 0.106284057984E-06
 1471.4 0.152859342232E-06
 1472.3 0.204666789543E-06
 1473.2 0.208586530686E-06
 1474.1 0.161872729722E-06
 1475.0 0.108688123261E-06
 1475.9 0.552904650979E-07
 1476.8 0.313952185565E-07
 1477.7 0.654962564903E-07
 1478.6 0.119907429043E-06
 1479.5 0.179274584273E-06
 1480.4 0.237288797575E-06
 1481.3 0.217344081899E-06
 1482.2 0.134078359026E-06
 1483.1 0.933922608749E-07
 1484.0 0.771008761431E-07
 1484.9 0.840467781484E-07
 1485.8 0.100024235641E-06
 1486.7 0.102146241164E-06
 1487.6 0.875969294776E-07
 1488.5 0.811374100440E-07
 1489.4 0.922165969477E-07
 1490.3 0.813939127672E-07
 1491.2 0.548751506498E-07
 1492.1 0.665503749751E-07
 1493.0 0.101356136600E-06
 1493.9 0.131416130639E-06
 1494.8 0.115512624659E-06
 1495.7 0.109762174172E-06
 1496.6 0.131461705982E-06
 1497.5 0.134883676451E-06
 1498.4 0.125128904545E-06
 1499.3 0.132238331263E-06
 1500.2 0.124145844248E-06
 1501.1 0.992615739743E-07
 1502.0 0.118216702476E-06
 1502.9 0.159787211409E-06
 1503.8 0.156841040872E-06
 1504.7 0.133889069431E-06
 1505.6 0.113462065926E-06
 1506.5 0.875374355955E-07
 1507.4 0.119272561027E-06
 1508.3 0.205389628511E-06
 1509.2 0.227834451987E-06
 1510.1 0.185508818284E-06
 1511.0 0.141221953189E-06
 1511.9 0.152001033604E-06
 1512.8 0.195426896630E-06
 1513.7 0.196950109644E-06
 1514.6 0.185876875989E-06
 1515.5 0.152727085032E-06
 1516.4 0.930945674701E-07
 1517.3 0.805800849567E-07
 1518.2 0.118685580964E-06
 1519.1 0.135805476775E-06
 1520.0 0.151988255966E-06
 1520.9 0.146858418427E-06
 1521.8 0.134205739133E-06
 1522.7 0.127762844123E-06
 1523.6 0.119434362087E-06
 1524.5 0.178434369272E-06
 1525.4 0.400920733233E-06
 1526.3 0.514067423837E-06
 1527.2 0.312592230364E-06
 1528.1 0.170062089741E-06
 1529.0 0.180789046464E-06
 1529.9 0.191982696378E-06
 1530.8 0.195791739905E-06
 1531.7 0.322025427188E-06
 1532.6 0.497032613317E-06
 1533.5 0.431497802277E-06
 1534.4 0.255549393212E-06
 1535.3 0.166601955776E-06
 1536.2 0.177237119171E-06
 1537.1 0.150424086792E-06
 1538.0 0.103602902429E-06
 1538.9 0.137784365279E-06
 1539.8 0.223742855490E-06
 1540.7 0.292983323097E-06
 1541.6 0.296272627412E-06
 1542.5 0.239471891643E-06
 1543.4 0.240348860156E-06
 1544.3 0.246510347668E-06
 1545.2 0.278968016042E-06
 1546.1 0.104462560081E-05
 1547.0 0.314413240915E-05
 1547.9 0.361186905306E-05
 1548.8 0.205256403125E-05
 1549.7 0.205553249349E-05
 1550.6 0.182529107302E-05
 1551.5 0.689530339595E-06
 1552.4 0.244328548987E-06
 1553.3 0.173757901302E-06
 1554.2 0.157498979701E-06
 1555.1 0.185743876211E-06
 1556.0 0.208008001267E-06
 1556.9 0.234730908806E-06
 1557.8 0.315799986443E-06
 1558.7 0.470550656004E-06
 1559.6 0.744288100849E-06
 1560.5 0.860847025068E-06
 1561.4 0.547300701133E-06
 1562.3 0.250297315374E-06
 1563.2 0.209854232762E-06
 1564.1 0.218085602838E-06
 1565.0 0.238291707927E-06
 1565.9 0.231602943547E-06
 1566.8 0.216012915820E-06
 1567.7 0.248039587774E-06
 1568.6 0.265551849401E-06
 1569.5 0.243249185031E-06
 1570.4 0.275342073554E-06
 1571.3 0.289839817597E-06
 1572.2 0.291465909938E-06
 1573.1 0.317740779969E-06
 1574.0 0.279684230674E-06
 1574.9 0.180198296113E-06
 1575.8 0.142147090519E-06
 1576.7 0.188376596239E-06
 1577.6 0.202585602248E-06
 1578.5 0.179120904504E-06
 1579.4 0.235258149954E-06
 1580.3 0.288095556348E-06
 1581.2 0.232964619056E-06
 1582.1 0.197855301995E-06
 1583.0 0.230151448578E-06
 1583.9 0.263795531737E-06
 1584.8 0.249561749779E-06
 1585.7 0.247483040139E-06
 1586.6 0.300731335380E-06
 1587.5 0.304196785217E-06
 1588.4 0.200222578231E-06
 1589.3 0.145327251159E-06
 1590.2 0.154593772039E-06
 1591.1 0.211344100892E-06
 1592.0 0.263236274358E-06
 1592.9 0.308140558298E-06
 1593.8 0.384970654339E-06
 1594.7 0.365894067888E-06
 1595.6 0.247400298184E-06
 1596.5 0.185098042835E-06
 1597.4 0.223545631810E-06
 1598.3 0.237556901601E-06
 1599.2 0.259546251677E-06
 1600.1 0.349253869510E-06
 1601.0 0.448760199661E-06
 1601.9 0.461534447338E-06
 1602.8 0.333894945768E-06
 1603.7 0.219003585322E-06
 1604.6 0.154616730439E-06
 1605.5 0.114611970676E-06
 1606.4 0.120620513700E-06
 1607.3 0.230416021933E-06
 1608.2 0.307502521293E-06
 1609.1 0.302264751670E-06
 1610.0 0.327535060063E-06
 1610.9 0.303226659097E-06
 1611.8 0.271638408566E-06
 1612.7 0.253882508131E-06
 1613.6 0.209182990470E-06
 1614.5 0.180300405911E-06
 1615.4 0.210121779697E-06
 1616.3 0.280534210663E-06
 1617.2 0.341097083285E-06
 1618.1 0.303364130202E-06
 1619.0 0.233509688725E-06
 1619.9 0.227978985651E-06
 1620.8 0.256145978391E-06
 1621.7 0.266567422329E-06
 1622.6 0.222934987912E-06
 1623.5 0.213679409184E-06
 1624.4 0.310721430037E-06
 1625.3 0.344318325691E-06
 1626.2 0.282308583171E-06
 1627.1 0.246281952733E-06
 1628.0 0.263867222000E-06
 1628.9 0.276817923033E-06
 1629.8 0.260141248198E-06
 1630.7 0.298758062739E-06
 1631.6 0.349125510232E-06
 1632.5 0.392924627814E-06
 1633.4 0.470534634524E-06
 1634.3 0.535933490194E-06
 1635.2 0.496536567250E-06
 1636.1 0.322513628565E-06
 1637.0 0.250074293702E-06
 1637.9 0.560441453511E-06
 1638.8 0.207752385047E-05
 1639.7 0.352935381503E-05
 1640.6 0.223779642220E-05
 1641.5 0.684014612905E-06
 1642.4 0.329518442675E-06
 1643.3 0.335347118942E-06
 1644.2 0.287957743146E-06
 1645.1 0.219924290715E-06
 1646.0 0.207665997032E-06
 1646.9 0.209285538575E-06
 1647.8 0.198474506097E-06
 1648.7 0.221469129246E-06
 1649.6 0.255419781197E-06
 1650.5 0.267076951669E-06
 1651.4 0.289577877366E-06
 1652.3 0.339797657133E-06
 1653.2 0.404088661490E-06
 1654.1 0.459081979844E-06
 1655.0 0.986143939428E-06
 1655.9 0.199741030347E-05
 1656.8 0.236872148268E-05
 1657.7 0.163396217135E-05
 1658.6 0.760543383838E-06
 1659.5 0.438010833735E-06
 1660.4 0.370721839193E-06
 1661.3 0.353326764961E-06
 1662.2 0.376406279375E-06
 1663.1 0.344052378943E-06
 1664.0 0.244737299744E-06
 1664.9 0.228142121370E-06
 1665.8 0.263612928859E-06
 1666.7 0.289972638877E-06
 1667.6 0.347345613263E-06
 1668.5 0.446574410425E-06
 1669.4 0.625594046769E-06
 1670.3 0.660436989381E-06
 1671.2 0.417976162613E-06
 1672.1 0.319130725851E-06
 1673.0 0.418610254213E-06
 1673.9 0.468417251756E-06
 1674.8 0.399162854456E-06
 1675.7 0.318273673751E-06
 1676.6 0.238207971979E-06
 1677.5 0.182621072609E-06
 1678.4 0.218801657028E-06
 1679.3 0.267172269053E-06
 1680.2 0.255710370057E-06
 1681.1 0.228820589846E-06
 1682.0 0.182194441887E-06
 1682.9 0.151635297847E-06
 1683.8 0.173074189099E-06
 1684.7 0.248450682016E-06
 1685.6 0.332315267567E-06
 1686.5 0.376782319659E-06
 1687.4 0.383091747242E-06
 1688.3 0.385826468846E-06
 1689.2 0.409575848815E-06
 1690.1 0.453017209185E-06
 1691.0 0.498336726026E-06
 1691.9 0.531268891063E-06
 1692.8 0.548333744105E-06
 1693.7 0.548497406918E-06
 1694.6 0.536984074251E-06
 1695.5 0.525550000071E-06
 1696.4 0.513107396919E-06
 1697.3 0.495069217054E-06
 1698.2 0.490248958340E-06
 1699.1 0.523708248050E-06
 1700.0 0.586981903940E-06
 1700.9 0.633153107102E-06
 1701.8 0.622397012230E-06
 1702.7 0.566198678497E-06
 1703.6 0.501793682377E-06
 1704.5 0.448695359979E-06
 1705.4 0.415931636689E-06
 1706.3 0.417547518261E-06
 1707.2 0.462231667431E-06
 1708.1 0.531846596864E-06
 1709.0 0.586168402188E-06
 1709.9 0.607159765930E-06
 1710.8 0.620395113714E-06
 1711.7 0.650348347573E-06
 1712.6 0.683921465246E-06
 1713.5 0.712423236734E-06
 1714.4 0.761162152783E-06
 1715.3 0.838828802202E-06
 1716.2 0.907748631868E-06
 1717.1 0.928611984829E-06
 1718.0 0.902158507601E-06
 1718.9 0.853388836443E-06
 1719.8 0.800236592360E-06
 1720.7 0.752868773214E-06
 1721.6 0.725307562407E-06
 1722.5 0.730270166293E-06
 1723.4 0.765138092747E-06
 1724.3 0.812492052480E-06
 1725.2 0.858992318997E-06
 1726.1 0.905471918008E-06
 1727.0 0.946166692021E-06
 1727.9 0.958810841196E-06
 1728.8 0.938512179072E-06
 1729.7 0.912647123937E-06
 1730.6 0.902831758020E-06
 1731.5 0.903958700252E-06
 1732.4 0.906503489896E-06
 1733.3 0.909635393249E-06
 1734.2 0.913032264869E-06
 1735.1 0.911299803873E-06
 1736.0 0.901774177580E-06
 1736.9 0.894974356160E-06
 1737.8 0.901433811577E-06
 1738.7 0.919492610937E-06
 1739.6 0.953861407226E-06
 1740.5 0.101698532622E-05
 1741.4 0.110320970087E-05
 1742.3 0.118852273552E-05
 1743.2 0.124882309224E-05
 1744.1 0.126733585876E-05
 1745.0 0.124137742824E-05
 1745.9 0.119280132389E-05
 1746.8 0.116673953268E-05
 1747.7 0.120721344629E-05
 1748.6 0.131535744507E-05
 1749.5 0.143013691400E-05
 1750.4 0.147950273939E-05
 1751.3 0.146554104673E-05
 1752.2 0.146490937335E-05
 1753.1 0.152757746860E-05
 1754.0 0.161494004474E-05
 1754.9 0.166017125097E-05
 1755.8 0.165346379677E-05
 1756.7 0.163213089023E-05
 1757.6 0.161536120579E-05
 1758.5 0.159705302355E-05
 1759.4 0.158253459333E-05
 1760.3 0.157930146278E-05
 1761.2 0.156257800511E-05
 1762.1 0.150034960716E-05
 1763.0 0.140496127088E-05
 1763.9 0.133647538451E-05
 1764.8 0.137172200808E-05
 1765.7 0.152957563922E-05
 1766.6 0.170311932698E-05
 1767.5 0.177253465054E-05
 1768.4 0.177708461400E-05
 1769.3 0.184844986766E-05
 1770.2 0.202596667347E-05
 1771.1 0.223184319484E-05
 1772.0 0.235854126855E-05
 1772.9 0.234341564322E-05
 1773.8 0.223126061484E-05
 1774.7 0.214886049286E-05
 1775.6 0.217960697261E-05
 1776.5 0.231718617129E-05
 1777.4 0.251381408766E-05
 1778.3 0.269047072935E-05
 1779.2 0.274558794134E-05
 1780.1 0.263573747597E-05
 1781.0 0.243724090962E-05
 1781.9 0.228676494287E-05
 1782.8 0.225547641696E-05
 1783.7 0.230240794257E-05
 1784.6 0.234661581053E-05
 1785.5 0.234610609324E-05
 1786.4 0.231993719591E-05
 1787.3 0.233294977552E-05
 1788.2 0.243442729728E-05
 1789.1 0.260159432599E-05
 1790.0 0.276047647555E-05
 1790.9 0.283252097719E-05
 1791.8 0.278210187480E-05
 1792.7 0.266469779596E-05
 1793.6 0.257952342916E-05
 1794.5 0.255678547528E-05
 1795.4 0.254820188756E-05
 1796.3 0.252678812884E-05
 1797.2 0.253333485074E-05
 1798.1 0.260642605649E-05
 1799.0 0.271494935947E-05
 1799.9 0.278353956005E-05
 1800.8 0.276330161313E-05
 1801.7 0.267523130235E-05
 1802.6 0.259285495540E-05
 1803.5 0.256930686202E-05
 1804.4 0.259004295755E-05
 1805.3 0.263073585167E-05
 1806.2 0.269664137934E-05
 1807.1 0.274576596445E-05
 1808.0 0.273234457864E-05
 1808.9 0.274150673697E-05
 1809.8 0.285780388384E-05
 1810.7 0.299169498891E-05
 1811.6 0.300191840337E-05
 1812.5 0.289839187155E-05
 1813.4 0.290644842271E-05
 1814.3 0.330303165864E-05
 1815.2 0.403101375256E-05
 1816.1 0.455551737901E-05
 1817.0 0.441547816501E-05
 1817.9 0.378833655559E-05
 1818.8 0.319437654536E-05
 1819.7 0.295303262670E-05
 1820.6 0.308656781578E-05
 1821.5 0.342298728517E-05
 1822.4 0.372205296882E-05
 1823.3 0.379853974119E-05
 1824.2 0.360544208205E-05
 1825.1 0.327197558125E-05
 1826.0 0.300594870464E-05
 1826.9 0.291923477012E-05
 1827.8 0.298006874043E-05
 1828.7 0.308819723054E-05
 1829.6 0.316493317432E-05
 1830.5 0.320214882559E-05
 1831.4 0.323370822603E-05
 1832.3 0.328689629592E-05
 1833.2 0.334934732237E-05
 1834.1 0.336297783360E-05
 1835.0 0.330089271770E-05
 1835.9 0.321720392491E-05
 1836.8 0.315709564212E-05
 1837.7 0.307618712247E-05
 1838.6 0.290329397086E-05
 1839.5 0.267494731742E-05
 1840.4 0.253988863492E-05
 1841.3 0.258022286919E-05
 1842.2 0.270216438802E-05
 1843.1 0.274605282752E-05
 1844.0 0.263778651131E-05
 1844.9 0.241782614438E-05
 1845.8 0.219047376871E-05
 1846.7 0.207134792019E-05
 1847.6 0.210889234511E-05
 1848.5 0.219580353738E-05
 1849.4 0.217163044349E-05
 1850.3 0.205753526387E-05
 1851.2 0.205629161518E-05
 1852.1 0.232434069102E-05
 1853.0 0.280264796509E-05
 1853.9 0.324309100916E-05
 1854.8 0.341493926208E-05
 1855.7 0.328411280735E-05
 1856.6 0.299924737745E-05
 1857.5 0.276520028707E-05
 1858.4 0.271470115662E-05
 1859.3 0.284914061213E-05
 1860.2 0.307085354927E-05
 1861.1 0.325932082939E-05
 1862.0 0.332834159320E-05
 1862.9 0.326263118720E-05
 1863.8 0.315750836922E-05
 1864.7 0.316948365272E-05
 1865.6 0.336521776185E-05
 1866.5 0.365490024472E-05
 1867.4 0.389779370664E-05
 1868.3 0.403385269338E-05
 1869.2 0.409032953354E-05
 1870.1 0.410065725666E-05
 1871.0 0.406740992456E-05
 1871.9 0.400664431519E-05
 1872.8 0.394522606760E-05
 1873.7 0.386007628828E-05
 1874.6 0.372473052486E-05
 1875.5 0.359406375094E-05
 1876.4 0.356018225571E-05
 1877.3 0.363573018189E-05
 1878.2 0.372605073662E-05
 1879.1 0.375811603915E-05
 1880.0 0.380030049222E-05
 1880.9 0.397331301972E-05
 1881.8 0.425341485819E-05
 1882.7 0.446819139032E-05
 1883.6 0.450709853574E-05
 1884.5 0.442658451767E-05
 1885.4 0.433708074535E-05
 1886.3 0.428466048094E-05
 1887.2 0.427839076810E-05
 1888.1 0.434574658823E-05
 1889.0 0.448567105283E-05
 1889.9 0.464245737925E-05
 1890.8 0.474758931234E-05
 1891.7 0.476910602352E-05
 1892.6 0.476496599486E-05
 1893.5 0.478698950392E-05
 1894.4 0.474724570239E-05
 1895.3 0.455060606502E-05
 1896.2 0.424360933235E-05
 1897.1 0.395674188828E-05
 1898.0 0.380544835646E-05
 1898.9 0.380381056252E-05
 1899.8 0.388323156305E-05
 1900.7 0.404535531880E-05
 1901.6 0.434288088840E-05
 1902.5 0.468687589259E-05
 1903.4 0.488241555473E-05
 1904.3 0.487093144403E-05
 1905.2 0.478986009741E-05
 1906.1 0.478145325424E-05
 1907.0 0.483612188313E-05
 1907.9 0.483479743811E-05
 1908.8 0.470974779972E-05
 1909.7 0.456396732454E-05
 1910.6 0.456499345881E-05
 1911.5 0.472731087004E-05
 1912.4 0.493775023054E-05
 1913.3 0.513661177230E-05
 1914.2 0.531303088040E-05
 1915.1 0.540634350642E-05
 1916.0 0.537216813743E-05
 1916.9 0.529593968602E-05
 1917.8 0.533355731793E-05
 1918.7 0.554780539836E-05
 1919.6 0.582704898669E-05
 1920.5 0.597736253457E-05
 1921.4 0.591042202675E-05
 1922.3 0.570643852581E-05
 1923.2 0.547241678020E-05
 1924.1 0.523431398422E-05
 1925.0 0.500258565437E-05
 1925.9 0.480711635127E-05
 1926.8 0.461317933551E-05
 1927.7 0.429740649820E-05
 1928.6 0.379203535988E-05
 1929.5 0.322368847862E-05
 1930.4 0.282458273401E-05
 1931.3 0.271228961713E-05
 1932.2 0.279982333592E-05
 1933.1 0.290154968377E-05
 1934.0 0.290880839862E-05
 1934.9 0.289240185152E-05
 1935.8 0.305173172417E-05
 1936.7 0.353112050092E-05
 1937.6 0.426021781147E-05
 1938.5 0.501541707370E-05
 1939.4 0.565592254833E-05
 1940.3 0.620682248418E-05
 1941.2 0.667148322502E-05
 1942.1 0.692234126471E-05
 1943.0 0.688718867461E-05
 1943.9 0.670301168672E-05
 1944.8 0.658031326993E-05
 1945.7 0.662310188086E-05
 1946.6 0.678870581385E-05
 1947.5 0.692382958095E-05
 1948.4 0.690659549640E-05
 1949.3 0.675542506260E-05
 1950.2 0.654422716958E-05
 1951.1 0.635114865825E-05
 1952.0 0.628839237739E-05
 1952.9 0.637678773192E-05
 1953.8 0.649141128440E-05
 1954.7 0.656654404255E-05
 1955.6 0.663655238521E-05
 1956.5 0.669581803514E-05
 1957.4 0.673306000457E-05
 1958.3 0.673977299786E-05
 1959.2 0.663319545661E-05
 1960.1 0.639026538148E-05
 1961.0 0.615941770515E-05
 1961.9 0.610175088463E-05
 1962.8 0.625600289234E-05
 1963.7 0.657054463169E-05
 1964.6 0.694831386195E-05
 1965.5 0.727765034122E-05
 1966.4 0.748338883432E-05
 1967.3 0.755457829202E-05
 1968.2 0.750951288053E-05
 1969.1 0.736630239300E-05
 1970.0 0.718040324648E-05
 1970.9 0.703402422593E-05
 1971.8 0.694175867412E-05
 1972.7 0.683753727431E-05
 1973.6 0.669473965232E-05
 1974.5 0.658705214679E-05
 1975.4 0.657390288842E-05
 1976.3 0.661703081534E-05
 1977.2 0.665229006342E-05
 1978.1 0.667845361287E-05
 1979.0 0.677127191970E-05
 1979.9 0.697762215480E-05
 1980.8 0.717972903351E-05
 1981.7 0.719373678196E-05
 1982.6 0.700942448273E-05
 1983.5 0.674420263231E-05
 1984.4 0.642816523573E-05
 1985.3 0.606917938034E-05
 1986.2 0.579123352967E-05
 1987.1 0.569873944313E-05
 1988.0 0.575560042007E-05
 1988.9 0.589827363805E-05
 1989.8 0.612830097770E-05
 1990.7 0.645722937660E-05
 1991.6 0.680124137664E-05
 1992.5 0.698398028952E-05
 1993.4 0.692840946264E-05
 1994.3 0.675398228949E-05
 1995.2 0.661606211907E-05
 1996.1 0.659193502052E-05
 1997.0 0.667674161569E-05
 1997.9 0.676819590301E-05
 1998.8 0.678883586723E-05
 1999.7 0.682183739889E-05
 2000.6 0.697178058165E-05
 2001.5 0.716880507713E-05
 2002.4 0.725491656977E-05
 2003.3 0.722487508235E-05
 2004.2 0.723607136071E-05
 2005.1 0.734910895389E-05
 2006.0 0.744468236791E-05
 2006.9 0.747857843477E-05
 2007.8 0.754863310137E-05
 2008.7 0.763126211305E-05
 2009.6 0.756899110727E-05
 2010.5 0.740838613569E-05
 2011.4 0.741650061612E-05
 2012.3 0.764149174935E-05
 2013.2 0.782051571518E-05
 2014.1 0.780485215668E-05
 2015.0 0.776068023286E-05
 2015.9 0.790724549811E-05
 2016.8 0.821164926853E-05
 2017.7 0.842680322705E-05
 2018.6 0.839373203397E-05
 2019.5 0.815159342642E-05
 2020.4 0.782874176348E-05
 2021.3 0.761071910001E-05
 2022.2 0.761457843342E-05
 2023.1 0.765994266925E-05
 2024.0 0.745699247819E-05
 2024.9 0.710491487512E-05
 2025.8 0.707378380458E-05
 2026.7 0.756371692535E-05
 2027.6 0.822622522837E-05
 2028.5 0.869490523601E-05
 2029.4 0.898487956417E-05
 2030.3 0.916519305969E-05
 2031.2 0.906879424206E-05
 2032.1 0.861840150706E-05
 2033.0 0.814761465491E-05
 2033.9 0.809608330995E-05
 2034.8 0.849776794964E-05
 2035.7 0.896346251696E-05
 2036.6 0.911220767140E-05
 2037.5 0.887924037032E-05
 2038.4 0.849441899617E-05
 2039.3 0.832060762101E-05
 2040.2 0.859032238299E-05
 2041.1 0.916271072996E-05
 2042.0 0.962978417841E-05
 2042.9 0.975876892620E-05
 2043.8 0.975034303262E-05
 2044.7 0.989806823186E-05
 2045.6 0.101336499329E-04
 2046.5 0.102144668992E-04
 2047.4 0.101616788102E-04
 2048.3 0.101546606579E-04
 2049.2 0.102295384502E-04
 2050.1 0.103366463895E-04
 2051.0 0.104632965655E-04
 2051.9 0.105513877301E-04
 2052.8 0.104393099406E-04
 2053.7 0.100485771313E-04
 2054.6 0.960910329395E-05
 2055.5 0.948071196749E-05
 2056.4 0.969135048979E-05
 2057.3 0.997442809937E-05
 2058.2 0.102148647292E-04
 2059.1 0.103689483636E-04
 2060.0 0.102192030083E-04
 2060.9 0.977011992006E-05
 2061.8 0.949902447555E-05
 2062.7 0.974069080044E-05
 2063.6 0.102131090018E-04
 2064.5 0.104604334430E-04
 2065.4 0.104324709695E-04
 2066.3 0.104006847674E-04
 2067.2 0.105137105007E-04
 2068.1 0.107174257757E-04
 2069.0 0.109589953635E-04
 2069.9 0.111949524677E-04
 2070.8 0.113495624712E-04
 2071.7 0.114523235737E-04
 2072.6 0.116576918570E-04
 2073.5 0.120246206721E-04
 2074.4 0.124499286468E-04
 2075.3 0.127969737918E-04
 2076.2 0.129319397621E-04
 2077.1 0.127883364251E-04
 2078.0 0.125104676530E-04
 2078.9 0.123190893947E-04
 2079.8 0.122293126548E-04
 2080.7 0.121378422431E-04
 2081.6 0.120426400206E-04
 2082.5 0.119799537053E-04
 2083.4 0.119779005100E-04
 2084.3 0.121611715436E-04
 2085.2 0.126287850041E-04
 2086.1 0.132348364331E-04
 2087.0 0.137014467099E-04
 2087.9 0.138382883677E-04
 2088.8 0.136744216555E-04
 2089.7 0.135270300378E-04
 2090.6 0.137378935768E-04
 2091.5 0.142624555825E-04
 2092.4 0.146743753362E-04
 2093.3 0.147227359972E-04
 2094.2 0.147350774283E-04
 2095.1 0.150785835531E-04
 2096.0 0.155936250345E-04
 2096.9 0.159227662830E-04
 2097.8 0.158881925518E-04
 2098.7 0.156403277151E-04
 2099.6 0.157411541226E-04
 2100.5 0.164540774081E-04
 2101.4 0.170505341998E-04
 2102.3 0.169201235850E-04
 2103.2 0.168747736384E-04
 2104.1 0.178905759902E-04
 2105.0 0.193227626653E-04
 2105.9 0.197363942714E-04
 2106.8 0.186467807363E-04
 2107.7 0.167615184851E-04
 2108.6 0.153087224223E-04
 2109.5 0.152208173602E-04
 2110.4 0.164190177048E-04
 2111.3 0.178074179484E-04
 2112.2 0.182708775703E-04
 2113.1 0.178757649953E-04
 2114.0 0.178235468638E-04
 2114.9 0.190721469960E-04
 2115.8 0.211397439936E-04
 2116.7 0.226531682979E-04
 2117.6 0.231923357621E-04
 2118.5 0.235866901065E-04
 2119.4 0.240568063973E-04
 2120.3 0.235323135363E-04
 2121.2 0.213173311308E-04
 2122.1 0.180865891983E-04
 2123.0 0.152090494333E-04
 2123.9 0.140117371882E-04
 2124.8 0.149692696343E-04
 2125.7 0.170940908601E-04
 2126.6 0.188089695354E-04
 2127.5 0.193197236492E-04
 2128.4 0.187640565719E-04
 2129.3 0.177028421835E-04
 2130.2 0.168293416920E-04
 2131.1 0.164768671027E-04
 2132.0 0.163325597305E-04
 2132.9 0.160067669883E-04
 2133.8 0.156780877361E-04
 2134.7 0.160094963383E-04
 2135.6 0.172359826271E-04
 2136.5 0.184556240030E-04
 2137.4 0.186372291611E-04
 2138.3 0.183195268499E-04
 2139.2 0.191206808031E-04
 2140.1 0.213932416476E-04
 2141.0 0.236887934654E-04
 2141.9 0.247608017932E-04
 2142.8 0.246959360420E-04
 2143.7 0.239344604482E-04
 2144.6 0.226374793979E-04
 2145.5 0.212019013247E-04
 2146.4 0.203836974799E-04
 2147.3 0.206006221658E-04
 2148.2 0.213711185991E-04
 2149.1 0.216963269349E-04
 2150.0 0.212445467488E-04
 2150.9 0.208752659394E-04
 2151.8 0.214084427016E-04
 2152.7 0.223637734695E-04
 2153.6 0.225934977535E-04
 2154.5 0.216318630789E-04
 2155.4 0.198651332403E-04
 2156.3 0.178922921402E-04
 2157.2 0.163542689237E-04
 2158.1 0.160059476184E-04
 2159.0 0.172250842904E-04
 2159.9 0.193420996938E-04
 2160.8 0.210553944730E-04
 2161.7 0.216977350809E-04
 2162.6 0.214275550034E-04
 2163.5 0.204122448232E-04
 2164.4 0.187168810646E-04
 2165.3 0.168690319156E-04
 2166.2 0.158296205582E-04
 2167.1 0.159996877814E-04
 2168.0 0.167691242801E-04
 2168.9 0.175300751407E-04
 2169.8 0.183069976421E-04
 2170.7 0.190900678215E-04
 2171.6 0.194235503738E-04
 2172.5 0.188570465784E-04
 2173.4 0.176060448659E-04
 2174.3 0.165692681050E-04
 2175.2 0.163752284737E-04
 2176.1 0.168511431760E-04
 2177.0 0.178598341512E-04
 2177.9 0.197338222977E-04
 2178.8 0.223363139528E-04
 2179.7 0.247921767831E-04
 2180.6 0.263887750605E-04
 2181.5 0.268267289393E-04
 2182.4 0.260412052788E-04
 2183.3 0.246107092164E-04
 2184.2 0.234459571522E-04
 2185.1 0.225323233892E-04
 2186.0 0.213321258671E-04
 2186.9 0.202907346580E-04
 2187.8 0.202204139641E-04
 2188.7 0.209776339192E-04
 2189.6 0.219714076688E-04
 2190.5 0.230468805177E-04
 2191.4 0.244332027696E-04
 2192.3 0.259739409159E-04
 2193.2 0.266828426530E-04
 2194.1 0.259038382245E-04
 2195.0 0.245511274976E-04
 2195.9 0.242281705809E-04
 2196.8 0.253393503566E-04
 2197.7 0.266111887440E-04
 2198.6 0.265005055026E-04
 2199.5 0.249937487975E-04
 2200.4 0.238762406773E-04
 2201.3 0.247885079951E-04
 2202.2 0.272205217346E-04
 2203.1 0.291977484380E-04
 2204.0 0.294749619138E-04
 2204.9 0.281879616764E-04
 2205.8 0.260622948519E-04
 2206.7 0.238459522896E-04
 2207.6 0.219830744674E-04
 2208.5 0.203558152043E-04
 2209.4 0.187040764201E-04
 2210.3 0.175560003012E-04
 2211.2 0.180154213710E-04
 2212.1 0.200461636161E-04
 2213.0 0.220478662766E-04
 2213.9 0.226264966966E-04
 2214.8 0.216611454688E-04
 2215.7 0.199380654051E-04
 2216.6 0.188473791077E-04
 2217.5 0.195455426283E-04
 2218.4 0.217391034241E-04
 2219.3 0.240233068169E-04
 2220.2 0.253478051853E-04
 2221.1 0.255562856023E-04
 2222.0 0.250250396095E-04
 2222.9 0.243567436255E-04
 2223.8 0.238967255797E-04
 2224.7 0.234845369283E-04
 2225.6 0.229856960475E-04
 2226.5 0.227209245401E-04
 2227.4 0.230788455163E-04
 2228.3 0.238296605568E-04
 2229.2 0.243943379324E-04
 2230.1 0.249846727053E-04
 2231.0 0.266385621627E-04
 2231.9 0.295970238132E-04
 2232.8 0.325277715871E-04
 2233.7 0.341079106311E-04
 2234.6 0.343137874552E-04
 2235.5 0.335742102219E-04
 2236.4 0.321051527871E-04
 2237.3 0.304803961002E-04
 2238.2 0.295109773088E-04
 2239.1 0.291475358687E-04
 2240.0 0.284779411705E-04
 2240.9 0.271039674407E-04
 2241.8 0.255799427719E-04
 2242.7 0.246021858244E-04
 2243.6 0.246501439950E-04
 2244.5 0.259329574390E-04
 2245.4 0.279798252282E-04
 2246.3 0.296948582985E-04
 2247.2 0.301265520288E-04
 2248.1 0.291902107711E-04
 2249.0 0.277556599616E-04
 2249.9 0.268198639039E-04
 2250.8 0.266127711745E-04
 2251.7 0.265706365461E-04
 2252.6 0.260854940917E-04
 2253.5 0.252890359667E-04
 2254.4 0.246788430924E-04
 2255.3 0.244100533264E-04
 2256.2 0.245419286275E-04
 2257.1 0.250306623623E-04
 2258.0 0.253439433963E-04
 2258.9 0.249587447249E-04
 2259.8 0.241905211196E-04
 2260.7 0.238030314199E-04
 2261.6 0.237494926564E-04
 2262.5 0.232199486682E-04
 2263.4 0.219035241763E-04
 2264.3 0.203417361599E-04
 2265.2 0.192054922426E-04
 2266.1 0.187119043199E-04
 2267.0 0.186287929225E-04
 2267.9 0.186192934417E-04
 2268.8 0.185555347789E-04
 2269.7 0.185905613232E-04
 2270.6 0.189136385364E-04
 2271.5 0.194273483761E-04
 2272.4 0.198197669706E-04
 2273.3 0.199826497095E-04
 2274.2 0.201411252080E-04
 2275.1 0.205653263810E-04
 2276.0 0.213643591153E-04
 2276.9 0.224055721592E-04
 2277.8 0.234098375579E-04
 2278.7 0.243846441536E-04
 2279.6 0.256948196618E-04
 2280.5 0.273574253428E-04
 2281.4 0.286185026591E-04
 2282.3 0.288720382065E-04
 2283.2 0.286275050033E-04
 2284.1 0.285356549353E-04
 2285.0 0.280529689566E-04
 2285.9 0.265805021184E-04
 2286.8 0.250649250429E-04
 2287.7 0.247078860635E-04
 2288.6 0.251211257757E-04
 2289.5 0.252737316059E-04
 2290.4 0.250954521208E-04
 2291.3 0.251217815346E-04
 2292.2 0.255415779246E-04
 2293.1 0.261448229418E-04
 2294.0 0.266040066097E-04
 2294.9 0.263666979818E-04
 2295.8 0.248295498312E-04
 2296.7 0.223494237801E-04
 2297.6 0.203325491114E-04
 2298.5 0.196905805640E-04
 2299.4 0.201645235885E-04
 2300.3 0.211794876784E-04
 2301.2 0.222530209293E-04
 2302.1 0.230273617161E-04
 2303.0 0.238989674257E-04
 2303.9 0.257959392160E-04
 2304.8 0.286481367697E-04
 2305.7 0.309500376546E-04
 2306.6 0.312037716482E-04
 2307.5 0.292165975840E-04
 2308.4 0.258631032128E-04
 2309.3 0.222184549304E-04
 2310.2 0.191477243245E-04
 2311.1 0.172485933777E-04
 2312.0 0.169272475377E-04
 2312.9 0.184731143132E-04
 2313.8 0.216047233710E-04
 2314.7 0.248918574906E-04
 2315.6 0.266862639439E-04
 2316.5 0.267062652949E-04
 2317.4 0.256352495414E-04
 2318.3 0.238253012238E-04
 2319.2 0.217385109885E-04
 2320.1 0.207921415173E-04
 2321.0 0.223488230047E-04
 2321.9 0.260185190430E-04
 2322.8 0.293737764324E-04
 2323.7 0.297954130213E-04
 2324.6 0.271255023898E-04
 2325.5 0.239273829761E-04
 2326.4 0.227142799089E-04
 2327.3 0.236743997804E-04
 2328.2 0.251928182970E-04
 2329.1 0.256674320996E-04
 2330.0 0.246743365195E-04
 2330.9 0.229778867922E-04
 2331.8 0.217999518850E-04
 2332.7 0.219883223231E-04
 2333.6 0.233801179421E-04
 2334.5 0.247391643361E-04
 2335.4 0.246272593165E-04
 2336.3 0.226959114617E-04
 2337.2 0.201610980301E-04
 2338.1 0.187262084386E-04
 2339.0 0.190727162315E-04
 2339.9 0.205174585712E-04
 2340.8 0.217093838922E-04
 2341.7 0.215944480471E-04
 2342.6 0.201929945306E-04
 2343.5 0.184166413473E-04
 2344.4 0.170887490446E-04
 2345.3 0.165304027238E-04
 2346.2 0.167781407965E-04
 2347.1 0.177577754260E-04
 2348.0 0.194322324707E-04
 2348.9 0.216537297792E-04
 2349.8 0.239234719894E-04
 2350.7 0.257759584581E-04
 2351.6 0.270205128149E-04
 2352.5 0.273651742385E-04
 2353.4 0.267643456719E-04
 2354.3 0.261416236301E-04
 2355.2 0.265205389346E-04
 2356.1 0.275011804118E-04
 2357.0 0.276441040504E-04
 2357.9 0.262226751073E-04
 2358.8 0.240335364839E-04
 2359.7 0.226048170778E-04
 2360.6 0.227789928076E-04
 2361.5 0.240539249892E-04
 2362.4 0.250893966031E-04
 2363.3 0.248981144588E-04
 2364.2 0.237401575656E-04
 2365.1 0.226160616113E-04
 2366.0 0.221769299369E-04
 2366.9 0.225712051515E-04
 2367.8 0.237382888708E-04
 2368.7 0.253937437205E-04
 2369.6 0.270202338022E-04
 2370.5 0.279408545242E-04
 2371.4 0.274811355571E-04
 2372.3 0.256580101872E-04
 2373.2 0.236647981570E-04
 2374.1 0.229213319200E-04
 2375.0 0.237808897342E-04
 2375.9 0.253291333058E-04
 2376.8 0.260717929125E-04
 2377.7 0.252310322870E-04
 2378.6 0.234921394981E-04
 2379.5 0.220457876980E-04
 2380.4 0.213925217465E-04
 2381.3 0.212795224443E-04
 2382.2 0.212885741191E-04
 2383.1 0.215196899181E-04
 2384.0 0.224100726212E-04
 2384.9 0.236726544609E-04
 2385.8 0.242484603926E-04
 2386.7 0.235627288650E-04
 2387.6 0.223828236022E-04
 2388.5 0.222677349333E-04
 2389.4 0.239901843345E-04
 2390.3 0.265390747497E-04
 2391.2 0.280524132490E-04
 2392.1 0.275477220174E-04
 2393.0 0.253939344788E-04
 2393.9 0.226938115746E-04
 2394.8 0.206342541211E-04
 2395.7 0.198585592059E-04
 2396.6 0.200872313149E-04
 2397.5 0.205459052088E-04
 2398.4 0.209332548009E-04
 2399.3 0.216444789606E-04
 2400.2 0.228183067556E-04
 2401.1 0.238472216085E-04
 2402.0 0.240383117277E-04
 2402.9 0.231751166813E-04
 2403.8 0.216262596142E-04
 2404.7 0.201897633673E-04
 2405.6 0.195513474877E-04
 2406.5 0.199265816535E-04
 2407.4 0.210071141964E-04
 2408.3 0.219171113351E-04
 2409.2 0.218201765267E-04
 2410.1 0.208924664770E-04
 2411.0 0.201306513468E-04
 2411.9 0.202100649902E-04
 2412.8 0.211276205657E-04
 2413.7 0.227031552980E-04
 2414.6 0.247079749426E-04
 2415.5 0.267339936525E-04
 2416.4 0.284498706800E-04
 2417.3 0.298772401214E-04
 2418.2 0.312344092793E-04
 2419.1 0.326669593483E-04
 2420.0 0.340824294656E-04
 2420.9 0.349273615540E-04
 2421.8 0.344573220388E-04
 2422.7 0.327819739674E-04
 2423.6 0.312908203847E-04
 2424.5 0.314153275075E-04
 2425.4 0.331023488212E-04
 2426.3 0.347592511570E-04
 2427.2 0.348971320554E-04
 2428.1 0.338560273539E-04
 2429.0 0.331299380403E-04
 2429.9 0.331156917956E-04
 2430.8 0.329021723312E-04
 2431.7 0.320306336964E-04
 2432.6 0.309193876685E-04
 2433.5 0.297885141404E-04
 2434.4 0.286828655782E-04
 2435.3 0.282117449619E-04
 2436.2 0.287954210150E-04
 2437.1 0.296441910962E-04
 2438.0 0.297317473874E-04
 2438.9 0.294204041060E-04
 2439.8 0.299540855919E-04
 2440.7 0.314675408862E-04
 2441.6 0.326734943167E-04
 2442.5 0.325698525803E-04
 2443.4 0.314893195327E-04
 2444.3 0.302394316578E-04
 2445.2 0.289818795588E-04
 2446.1 0.274966119295E-04
 2447.0 0.260264558201E-04
 2447.9 0.251496219492E-04
 2448.8 0.249048371538E-04
 2449.7 0.246843853075E-04
 2450.6 0.240793442297E-04
 2451.5 0.232971090980E-04
 2452.4 0.227942867184E-04
 2453.3 0.228272198037E-04
 2454.2 0.232464185566E-04
 2455.1 0.236946008412E-04
 2456.0 0.240809408119E-04
 2456.9 0.244837796976E-04
 2457.8 0.246239375896E-04
 2458.7 0.241085816176E-04
 2459.6 0.229699164954E-04
 2460.5 0.215567335363E-04
 2461.4 0.203830172017E-04
 2462.3 0.201078652396E-04
 2463.2 0.210066088887E-04
 2464.1 0.224944360467E-04
 2465.0 0.237584426956E-04
 2465.9 0.246591281732E-04
 2466.8 0.254954785716E-04
 2467.7 0.262781404634E-04
 2468.6 0.267903504181E-04
 2469.5 0.269876268463E-04
 2470.4 0.268021420900E-04
 2471.3 0.260979360638E-04
 2472.2 0.254223032136E-04
 2473.1 0.258127544971E-04
 2474.0 0.272548147615E-04
 2474.9 0.285973616175E-04
 2475.8 0.290073816241E-04
 2476.7 0.283744741483E-04
 2477.6 0.268908198443E-04
 2478.5 0.251647710849E-04
 2479.4 0.241074639044E-04
 2480.3 0.237820170436E-04
 2481.2 0.230153733824E-04
 2482.1 0.212554235596E-04
 2483.0 0.198711540121E-04
 2483.9 0.202815879020E-04
 2484.8 0.217798366098E-04
 2485.7 0.224203416521E-04
 2486.6 0.213217922192E-04
 2487.5 0.192891134445E-04
 2488.4 0.175703632751E-04
 2489.3 0.167302106089E-04
 2490.2 0.169876217982E-04
 2491.1 0.187724300469E-04
 2492.0 0.220783080768E-04
 2492.9 0.259097556760E-04
 2493.8 0.290133023950E-04
 2494.7 0.307845463700E-04
 2495.6 0.314498773362E-04
 2496.5 0.317163227160E-04
 2497.4 0.320529203719E-04
 2498.3 0.321903391080E-04
 2499.2 0.314052674355E-04
 2500.1 0.295862899738E-04
 2501.0 0.280177816941E-04
 2501.9 0.280649230899E-04
 2502.8 0.292640213858E-04
 2503.7 0.298182157121E-04
 2504.6 0.285295097475E-04
 2505.5 0.259920526622E-04
 2506.4 0.242669077289E-04
 2507.3 0.248794538349E-04
 2508.2 0.270533054240E-04
 2509.1 0.286418687840E-04
 2510.0 0.285488686463E-04
 2510.9 0.273371563574E-04
 2511.8 0.257402704264E-04
 2512.7 0.238195868225E-04
 2513.6 0.216758572579E-04
 2514.5 0.198166267037E-04
 2515.4 0.186405627571E-04
 2516.3 0.182097711276E-04
 2517.2 0.184105966643E-04
 2518.1 0.191189411647E-04
 2519.0 0.202192945072E-04
 2519.9 0.212299224560E-04
 2520.8 0.213066624092E-04
 2521.7 0.202286295853E-04
 2522.6 0.189631189602E-04
 2523.5 0.187541108567E-04
 2524.4 0.198496137191E-04
 2525.3 0.212316642636E-04
 2526.2 0.215525290951E-04
 2527.1 0.205464797503E-04
 2528.0 0.195051519530E-04
 2528.9 0.200671168733E-04
 2529.8 0.225214261320E-04
 2530.7 0.254673729588E-04
 2531.6 0.272700573771E-04
 2532.5 0.275899518531E-04
 2533.4 0.270989391117E-04
 2534.3 0.263468322327E-04
 2535.2 0.256966570807E-04
 2536.1 0.256409375081E-04
 2537.0 0.263117346952E-04
 2537.9 0.271922432186E-04
 2538.8 0.276926720668E-04
 2539.7 0.276806669568E-04
 2540.6 0.276351620975E-04
 2541.5 0.282223927756E-04
 2542.4 0.293050082316E-04
 2543.3 0.299031682624E-04
 2544.2 0.294185101701E-04
 2545.1 0.283391033240E-04
 2546.0 0.275926812899E-04
 2546.9 0.274286611049E-04
 2547.8 0.274125017831E-04
 2548.7 0.277637847662E-04
 2549.6 0.296235142756E-04
 2550.5 0.332370473586E-04
 2551.4 0.370510222390E-04
 2552.3 0.395603283496E-04
 2553.2 0.407819284263E-04
 2554.1 0.411612402794E-04
 2555.0 0.408486602313E-04
 2555.9 0.404535227377E-04
 2556.8 0.409439281592E-04
 2557.7 0.425758311850E-04
 2558.6 0.443022971149E-04
 2559.5 0.446138750402E-04
 2560.4 0.429915328319E-04
 2561.3 0.403128107394E-04
 2562.2 0.384022127132E-04
 2563.1 0.390700004875E-04
 2564.0 0.427320559849E-04
 2564.9 0.478904327618E-04
 2565.8 0.522097240892E-04
 2566.7 0.544928337388E-04
 2567.6 0.556303913608E-04
 2568.5 0.571065173463E-04
 2569.4 0.590897879033E-04
 2570.3 0.608824906281E-04
 2571.2 0.623892658323E-04
 2572.1 0.635011319145E-04
 2573.0 0.625559323570E-04
 2573.9 0.577656243556E-04
 2574.8 0.507973663003E-04
 2575.7 0.465451180588E-04
 2576.6 0.482354271840E-04
 2577.5 0.546991867744E-04
 2578.4 0.627633646488E-04
 2579.3 0.700887876396E-04
 2580.2 0.748762353999E-04
 2581.1 0.750732461498E-04
 2582.0 0.703265806219E-04
 2582.9 0.630536095437E-04
 2583.8 0.557760807375E-04
 2584.7 0.501475601053E-04
 2585.6 0.482402063186E-04
 2586.5 0.514750640645E-04
 2587.4 0.590560972960E-04
 2588.3 0.678262671404E-04
 2589.2 0.728982366581E-04
 2590.1 0.711318863662E-04
 2591.0 0.645632054903E-04
 2591.9 0.575768335889E-04
 2592.8 0.527869305082E-04
 2593.7 0.512044132557E-04
 2594.6 0.520454573538E-04
 2595.5 0.522283727865E-04
 2596.4 0.493956823270E-04
 2597.3 0.444890418996E-04
 2598.2 0.404558760318E-04
 2599.1 0.397764049696E-04
 2600.0 0.431740547848E-04
 2600.9 0.491407131989E-04
 2601.8 0.544137527476E-04
 2602.7 0.561415143786E-04
 2603.6 0.537418339773E-04
 2604.5 0.486355714454E-04
 2605.4 0.433130485678E-04
 2606.3 0.403845834079E-04
 2607.2 0.409301336029E-04
 2608.1 0.435816796130E-04
 2609.0 0.456851568720E-04
 2609.9 0.454172244417E-04
 2610.8 0.431062966314E-04
 2611.7 0.406829943181E-04
 2612.6 0.400614700990E-04
 2613.5 0.422548532388E-04
 2614.4 0.467604811946E-04
 2615.3 0.511055952668E-04
 2616.2 0.528448251453E-04
 2617.1 0.526754572121E-04
 2618.0 0.535994016077E-04
 2618.9 0.565635759112E-04
 2619.8 0.593858725430E-04
 2620.7 0.604923907889E-04
 2621.6 0.607702614550E-04
 2622.5 0.612517899847E-04
 2623.4 0.614801470104E-04
 2624.3 0.603612500794E-04
 2625.2 0.575777524891E-04
 2626.1 0.540734809007E-04
 2627.0 0.510533370187E-04
 2627.9 0.489838087682E-04
 2628.8 0.476262177845E-04
 2629.7 0.466012443944E-04
 2630.6 0.463456092875E-04
 2631.5 0.485076128220E-04
 2632.4 0.545874597519E-04
 2633.3 0.638542710083E-04
 2634.2 0.738431521655E-04
 2635.1 0.837795019777E-04
 2636.0 0.953583926321E-04
 2636.9 0.108635341461E-03
 2637.8 0.119330137644E-03
 2638.7 0.122876528972E-03
 2639.6 0.120900055124E-03
 2640.5 0.120786215824E-03
 2641.4 0.127323858919E-03
 2642.3 0.136210674308E-03
 2643.2 0.138671435317E-03
 2644.1 0.132064880939E-03
 2645.0 0.121230168042E-03
 2645.9 0.110821693598E-03
 2646.8 0.101993840321E-03
 2647.7 0.954644388073E-04
 2648.6 0.930383812226E-04
 2649.5 0.950059710477E-04
 2650.4 0.993596624762E-04
 2651.3 0.104836987940E-03
 2652.2 0.112111906123E-03
 2653.1 0.121636943712E-03
 2654.0 0.131330279303E-03
 2654.9 0.137126847830E-03
 2655.8 0.137263799911E-03
 2656.7 0.134088213376E-03
 2657.6 0.130652674105E-03
 2658.5 0.128194617565E-03
 2659.4 0.125672143098E-03
 2660.3 0.121230156220E-03
 2661.2 0.115480787001E-03
 2662.1 0.111094701249E-03
 2663.0 0.109840631225E-03
 2663.9 0.111632136374E-03
 2664.8 0.114084799848E-03
 2665.7 0.115004515431E-03
 2666.6 0.115568719326E-03
 2667.5 0.116707098468E-03
 2668.4 0.117281257267E-03
 2669.3 0.117794461142E-03
 2670.2 0.118241172925E-03
 2671.1 0.116017772053E-03
 2672.0 0.113149819699E-03
 2672.9 0.116846733475E-03
 2673.8 0.127533852355E-03
 2674.7 0.136222397955E-03
 2675.6 0.135655611685E-03
 2676.5 0.126695774161E-03
 2677.4 0.115115238108E-03
 2678.3 0.107036446709E-03
 2679.2 0.105906591550E-03
 2680.1 0.110499642813E-03
 2681.0 0.116065787593E-03
 2681.9 0.118596736980E-03
 2682.8 0.117878237938E-03
 2683.7 0.116889482779E-03
 2684.6 0.118308913544E-03
 2685.5 0.120979607494E-03
 2686.4 0.120853258261E-03
 2687.3 0.115803425065E-03
 2688.2 0.107947417320E-03
 2689.1 0.101890157935E-03
 2690.0 0.101575243139E-03
 2690.9 0.107041144973E-03
 2691.8 0.114008850346E-03
 2692.7 0.117241483762E-03
 2693.6 0.113894746209E-03
 2694.5 0.105958978630E-03
 2695.4 0.999406270113E-04
 2696.3 0.100365618645E-03
 2697.2 0.105923197773E-03
 2698.1 0.114671861539E-03
 2699.0 0.125599737757E-03
 2699.9 0.133925949142E-03
 2700.8 0.135322965271E-03
 2701.7 0.133523715971E-03
 2702.6 0.134547892661E-03
 2703.5 0.137714177916E-03
 2704.4 0.137568644920E-03
 2705.3 0.131410714180E-03
 2706.2 0.122999142877E-03
 2707.1 0.117716696007E-03
 2708.0 0.116470209479E-03
 2708.9 0.117140309403E-03
 2709.8 0.118399299154E-03
 2710.7 0.120639139777E-03
 2711.6 0.123641695214E-03
 2712.5 0.123493368486E-03
 2713.4 0.116887137342E-03
 2714.3 0.108035619434E-03
 2715.2 0.103076212539E-03
 2716.1 0.998911294213E-04
 2717.0 0.914497482144E-04
 2717.9 0.768779859760E-04
 2718.8 0.633715782196E-04
 2719.7 0.579414363745E-04
 2720.6 0.612214890003E-04
 2721.5 0.686655378268E-04
 2722.4 0.751897809177E-04
 2723.3 0.794492476448E-04
 2724.2 0.833518442325E-04
 2725.1 0.877886488794E-04
 2726.0 0.925731101718E-04
 2726.9 0.998346270248E-04
 2727.8 0.111888516794E-03
 2728.7 0.124922081183E-03
 2729.6 0.130902272970E-03
 2730.5 0.127199156546E-03
 2731.4 0.117712896995E-03
 2732.3 0.106120022958E-03
 2733.2 0.951293319443E-04
 2734.1 0.874566569561E-04
 2735.0 0.825681089453E-04
 2735.9 0.778317886039E-04
 2736.8 0.734817872605E-04
 2737.7 0.712853623546E-04
 2738.6 0.704859378549E-04
 2739.5 0.692736501003E-04
 2740.4 0.666911876060E-04
 2741.3 0.622914662639E-04
 2742.2 0.579365386341E-04
 2743.1 0.575306964757E-04
 2744.0 0.617803509598E-04
 2744.9 0.662017637414E-04
 2745.8 0.669557559151E-04
 2746.7 0.652685076381E-04
 2747.6 0.632686445707E-04
 2748.5 0.613506149311E-04
 2749.4 0.623748890711E-04
 2750.3 0.705772607445E-04
 2751.2 0.837733719295E-04
 2752.1 0.930056324541E-04
 2753.0 0.920285663001E-04
 2753.9 0.832729375138E-04
 2754.8 0.743257597171E-04
 2755.7 0.730122598559E-04
 2756.6 0.840098242375E-04
 2757.5 0.104032251724E-03
 2758.4 0.121943543653E-03
 2759.3 0.128438618304E-03
 2760.2 0.123532427239E-03
 2761.1 0.114038326785E-03
 2762.0 0.108582059572E-03
 2762.9 0.112346148750E-03
 2763.8 0.122119121340E-03
 2764.7 0.129078634026E-03
 2765.6 0.127717785792E-03
 2766.5 0.120407635213E-03
 2767.4 0.113407065360E-03
 2768.3 0.111254001162E-03
 2769.2 0.114765910717E-03
 2770.1 0.120657809725E-03
 2771.0 0.124644603213E-03
 2771.9 0.126730762643E-03
 2772.8 0.129123173156E-03
 2773.7 0.130162407924E-03
 2774.6 0.126382592590E-03
 2775.5 0.117988205780E-03
 2776.4 0.107882138922E-03
 2777.3 0.979437900506E-04
 2778.2 0.890853360978E-04
 2779.1 0.827656460323E-04
 2780.0 0.800840506961E-04
 2780.9 0.804555726708E-04
 2781.8 0.821080709318E-04
 2782.7 0.838873489237E-04
 2783.6 0.859831802498E-04
 2784.5 0.880886867459E-04
 2785.4 0.882807890905E-04
 2786.3 0.848983313460E-04
 2787.2 0.785520665394E-04
 2788.1 0.714882880838E-04
 2789.0 0.651750354301E-04
 2789.9 0.594700010549E-04
 2790.8 0.540834290148E-04
 2791.7 0.503069900419E-04
 2792.6 0.525297073441E-04
 2793.5 0.664909417537E-04
 2794.4 0.891020955959E-04
 2795.3 0.102390104714E-03
 2796.2 0.922754859812E-04
 2797.1 0.685186923888E-04
 2798.0 0.502897191686E-04
 2798.9 0.442493301207E-04
 2799.8 0.480748291360E-04
 2800.7 0.609521650655E-04
 2801.6 0.790883754209E-04
 2802.5 0.894369290962E-04
 2803.4 0.828192642072E-04
 2804.3 0.677763463327E-04
 2805.2 0.585162633829E-04
 2806.1 0.588486778721E-04
 2807.0 0.649261365723E-04
 2807.9 0.729061265075E-04
 2808.8 0.801690186197E-04
 2809.7 0.849074218704E-04
 2810.6 0.871545242688E-04
 2811.5 0.891526628968E-04
 2812.4 0.939836237350E-04
 2813.3 0.102952288160E-03
 2814.2 0.113259809141E-03
 2815.1 0.120111965101E-03
 2816.0 0.122371317646E-03
 2816.9 0.123529825699E-03
 2817.8 0.126806042471E-03
 2818.7 0.131767821143E-03
 2819.6 0.135864580056E-03
 2820.5 0.137821602062E-03
 2821.4 0.139181979840E-03
 2822.3 0.142331382888E-03
 2823.2 0.146585456982E-03
 2824.1 0.148050393026E-03
 2825.0 0.145713712029E-03
 2825.9 0.143959368123E-03
 2826.8 0.146212395179E-03
 2827.7 0.151699823363E-03
 2828.6 0.158454614847E-03
 2829.5 0.163960674555E-03
 2830.4 0.165500593110E-03
 2831.3 0.163066949148E-03
 2832.2 0.159087031442E-03
 2833.1 0.154088191201E-03
 2834.0 0.146823129287E-03
 2834.9 0.140363680813E-03
 2835.8 0.141171192404E-03
 2836.7 0.149157707509E-03
 2837.6 0.156114789356E-03
 2838.5 0.155941069045E-03
 2839.4 0.150347626058E-03
 2840.3 0.144347452669E-03
 2841.2 0.139243802337E-03
 2842.1 0.132248676325E-03
 2843.0 0.123538207295E-03
 2843.9 0.116867601813E-03
 2844.8 0.111855519863E-03
 2845.7 0.104304968031E-03
 2846.6 0.930232357104E-04
 2847.5 0.801350823276E-04
 2848.4 0.675334537279E-04
 2849.3 0.558614149744E-04
 2850.2 0.455649280854E-04
 2851.1 0.381160987292E-04
 2852.0 0.357318115887E-04
 2852.9 0.394910652316E-04
 2853.8 0.481417421294E-04
 2854.7 0.591376506957E-04
 2855.6 0.704750015480E-04
 2856.5 0.814486812530E-04
 2857.4 0.926654760227E-04
 2858.3 0.105269568800E-03
 2859.2 0.118715427904E-03
 2860.1 0.130272343036E-03
 2861.0 0.138187550177E-03
 2861.9 0.143781067087E-03
 2862.8 0.149471378646E-03
 2863.7 0.155471980911E-03
 2864.6 0.159270392466E-03
 2865.5 0.158391410312E-03
 2866.4 0.153055557171E-03
 2867.3 0.147116915098E-03
 2868.2 0.146627956687E-03
 2869.1 0.155808910110E-03
 2870.0 0.172242003348E-03
 2870.9 0.186445838901E-03
 2871.8 0.189857471752E-03
 2872.7 0.182922395102E-03
 2873.6 0.172826688922E-03
 2874.5 0.165075066041E-03
 2875.4 0.160369393339E-03
 2876.3 0.157081973870E-03
 2877.2 0.151619761866E-03
 2878.1 0.139630169267E-03
 2879.0 0.120981261433E-03
 2879.9 0.101006306386E-03
 2880.8 0.877764179818E-04
 2881.7 0.889608956831E-04
 2882.6 0.106730274419E-03
 2883.5 0.134936448123E-03
 2884.4 0.162794398980E-03
 2885.3 0.181635075732E-03
 2886.2 0.189884657657E-03
 2887.1 0.191769238264E-03
 2888.0 0.191616345600E-03
 2888.9 0.191362206452E-03
 2889.8 0.191893841027E-03
 2890.7 0.193501662345E-03
 2891.6 0.195712072774E-03
 2892.5 0.199055342260E-03
 2893.4 0.206535278490E-03
 2894.3 0.220667770313E-03
 2895.2 0.238335576094E-03
 2896.1 0.252435561487E-03
 2897.0 0.260835772733E-03
 2897.9 0.269438551092E-03
 2898.8 0.283095299390E-03
 2899.7 0.296593302485E-03
 2900.6 0.301630224827E-03
 2901.5 0.301389600270E-03
 2902.4 0.305823134492E-03
 2903.3 0.314455092814E-03
 2904.2 0.317809812987E-03
 2905.1 0.311708105033E-03
 2906.0 0.300265257985E-03
 2906.9 0.288754205595E-03
 2907.8 0.279865596004E-03
 2908.7 0.275038379910E-03
 2909.6 0.274874380000E-03
 2910.5 0.279760622072E-03
 2911.4 0.290044127550E-03
 2912.3 0.301245559426E-03
 2913.2 0.304042432605E-03
 2914.1 0.295884871285E-03
 2915.0 0.284581262899E-03
 2915.9 0.276113047136E-03
 2916.8 0.269588059476E-03
 2917.7 0.265188371608E-03
 2918.6 0.265717358245E-03
 2919.5 0.270235994083E-03
 2920.4 0.273908143771E-03
 2921.3 0.271813371279E-03
 2922.2 0.261660447351E-03
 2923.1 0.246855682874E-03
 2924.0 0.234123796270E-03
 2924.9 0.227029617347E-03
 2925.8 0.225103625623E-03
 2926.7 0.225328685978E-03
 2927.6 0.226202876951E-03
 2928.5 0.235040401436E-03
 2929.4 0.259042212281E-03
 2930.3 0.289354642555E-03
 2931.2 0.309741462333E-03
 2932.1 0.315016611310E-03
 2933.0 0.311782695817E-03
 2933.9 0.304178484773E-03
 2934.8 0.284379329191E-03
 2935.7 0.247900486141E-03
 2936.6 0.212029429082E-03
 2937.5 0.198959939916E-03
 2938.4 0.208681785114E-03
 2939.3 0.224195236693E-03
 2940.2 0.234279240123E-03
 2941.1 0.242016130222E-03
 2942.0 0.252304388301E-03
 2942.9 0.261004295216E-03
 2943.8 0.265101480857E-03
 2944.7 0.267113202115E-03
 2945.6 0.260597185311E-03
 2946.5 0.235284024146E-03
 2947.4 0.202191367536E-03
 2948.3 0.188897644271E-03
 2949.2 0.207602303898E-03
 2950.1 0.244419310827E-03
 2951.0 0.275319254483E-03
 2951.9 0.283294840506E-03
 2952.8 0.269851757221E-03
 2953.7 0.254534129523E-03
 2954.6 0.251675676331E-03
 2955.5 0.254613063303E-03
 2956.4 0.256172329035E-03
 2957.3 0.262214341407E-03
 2958.2 0.272747414703E-03
 2959.1 0.278330470230E-03
 2960.0 0.280215038993E-03
 2960.9 0.288152130225E-03
 2961.8 0.299004191987E-03
 2962.7 0.295134224980E-03
 2963.6 0.264607954294E-03
 2964.5 0.216173697239E-03
 2965.4 0.172871491981E-03
 2966.3 0.153116513790E-03
 2967.2 0.156854215624E-03
 2968.1 0.168064906303E-03
 2969.0 0.174444170146E-03
 2969.9 0.179186319476E-03
 2970.8 0.185849972922E-03
 2971.7 0.189700994529E-03
 2972.6 0.194604349472E-03
 2973.5 0.214095457664E-03
 2974.4 0.249368785987E-03
 2975.3 0.288520300009E-03
 2976.2 0.321551956761E-03
 2977.1 0.338352525990E-03
 2978.0 0.328533580574E-03
 2978.9 0.294690278339E-03
 2979.8 0.251029886662E-03
 2980.7 0.210071796948E-03
 2981.6 0.178404535388E-03
 2982.5 0.157330243606E-03
 2983.4 0.146028370573E-03
 2984.3 0.145678775919E-03
 2985.2 0.156454595366E-03
 2986.1 0.175153195304E-03
 2987.0 0.200091238174E-03
 2987.9 0.232385021233E-03
 2988.8 0.267950147997E-03
 2989.7 0.293472341339E-03
 2990.6 0.296484774182E-03
 2991.5 0.276840891358E-03
 2992.4 0.244402862846E-03
 2993.3 0.213007083728E-03
 2994.2 0.200064522960E-03
 2995.1 0.215726770650E-03
 2996.0 0.246778151471E-03
 2996.9 0.264176660721E-03
 2997.8 0.248769786772E-03
 2998.7 0.207168148032E-03
 2999.6 0.163989401572E-03
 3000.5 0.138923222834E-03
 3001.4 0.135092473902E-03
 3002.3 0.148527001920E-03
 3003.2 0.176193911068E-03
 3004.1 0.208172158024E-03
 3005.0 0.225279796088E-03
 3005.9 0.216581486469E-03
 3006.8 0.193076090018E-03
 3007.7 0.178021698596E-03
 3008.6 0.186302225413E-03
 3009.5 0.212652598706E-03
 3010.4 0.238176473401E-03
 3011.3 0.251033998203E-03
 3012.2 0.255686492440E-03
 3013.1 0.258507218373E-03
 3014.0 0.258262954617E-03
 3014.9 0.251741697711E-03
 3015.8 0.236416726156E-03
 3016.7 0.211176161647E-03
 3017.6 0.179597489222E-03
 3018.5 0.148482807233E-03
 3019.4 0.125712263513E-03
 3020.3 0.122247738301E-03
 3021.2 0.145542143245E-03
 3022.1 0.184847161707E-03
 3023.0 0.215210705647E-03
 3023.9 0.223732260345E-03
 3024.8 0.224005256995E-03
 3025.7 0.240032514270E-03
 3026.6 0.277002639523E-03
 3027.5 0.312865754670E-03
 3028.4 0.325124221765E-03
 3029.3 0.316533294701E-03
 3030.2 0.308240418337E-03
 3031.1 0.317871097312E-03
 3032.0 0.343651668556E-03
 3032.9 0.367259475668E-03
 3033.8 0.374359832740E-03
 3034.7 0.361109484913E-03
 3035.6 0.326546739115E-03
 3036.5 0.282063464024E-03
 3037.4 0.255206078108E-03
 3038.3 0.258620988071E-03
 3039.2 0.271620485793E-03
 3040.1 0.271405454262E-03
 3041.0 0.264021288446E-03
 3041.9 0.271139137981E-03
 3042.8 0.298790729216E-03
 3043.7 0.329862031414E-03
 3044.6 0.342171374704E-03
 3045.5 0.325080059400E-03
 3046.4 0.288575725948E-03
 3047.3 0.263039633452E-03
 3048.2 0.271734358083E-03
 3049.1 0.305429460061E-03
 3050.0 0.342552813018E-03
 3050.9 0.373403952318E-03
 3051.8 0.387602808711E-03
 3052.7 0.373290935269E-03
 3053.6 0.340839453485E-03
 3054.5 0.312066757519E-03
 3055.4 0.286862452049E-03
 3056.3 0.251358437076E-03
 3057.2 0.211643573797E-03
 3058.1 0.193316331847E-03
 3059.0 0.212332063346E-03
 3059.9 0.259552766323E-03
 3060.8 0.251389343483E-03
 3061.7 0.265638774247E-03
 3062.6 0.276218738458E-03
 3063.5 0.274860013318E-03
 3064.4 0.272253447603E-03
 3065.3 0.268366937185E-03
 3066.2 0.268755218135E-03
 3067.1 0.271845622942E-03
 3068.0 0.278392603271E-03
 3068.9 0.289030812314E-03
 3069.8 0.299599572149E-03
 3070.7 0.309104905076E-03
 3071.6 0.313179583918E-03
 3072.5 0.315227787884E-03
 3073.4 0.315152641504E-03
 3074.3 0.313780896943E-03
 3075.2 0.312016399031E-03
 3076.1 0.310153659593E-03
 3077.0 0.310680944690E-03
 3077.9 0.312036346178E-03
 3078.8 0.313215439561E-03
 3079.7 0.310806237145E-03
 3080.6 0.306758706322E-03
 3081.5 0.302937400654E-03
 3082.4 0.303983952702E-03
 3083.3 0.308105889454E-03
 3084.2 0.314084062556E-03
 3085.1 0.315946728416E-03
 3086.0 0.314379127011E-03
 3086.9 0.305064485346E-03
 3087.8 0.293884446968E-03
 3088.7 0.281039469332E-03
 3089.6 0.270035348888E-03
 3090.5 0.259342187854E-03
 3091.4 0.248990429809E-03
 3092.3 0.240488073322E-03
 3093.2 0.235630879240E-03
 3094.1 0.235565856309E-03
 3095.0 0.238944177428E-03
 3095.9 0.241320317656E-03
 3096.8 0.241383021259E-03
 3097.7 0.239772736782E-03
 3098.6 0.237967045777E-03
 3099.5 0.236375661810E-03
 3100.4 0.239807166511E-03
 3101.3 0.248465895494E-03
 3102.2 0.267695557051E-03
 3103.1 0.292257773383E-03
 3104.0 0.318085150236E-03
 3104.9 0.341995876365E-03
 3105.8 0.362438674088E-03
 3106.7 0.380225099863E-03
 3107.6 0.392453158232E-03
 3108.5 0.400651588061E-03
 3109.4 0.405965435710E-03
 3110.3 0.406377958983E-03
 3111.2 0.405303677017E-03
 3112.1 0.403180314168E-03
 3113.0 0.400643852540E-03
 3113.9 0.396045055893E-03
 3114.8 0.389581109074E-03
 3115.7 0.375801252112E-03
 3116.6 0.361280047708E-03
 3117.5 0.345990659754E-03
 3118.4 0.335946813804E-03
 3119.3 0.328324939234E-03
 3120.2 0.323547414342E-03
 3121.1 0.323435414463E-03
 3122.0 0.324943393429E-03
 3122.9 0.328311113549E-03
 3123.8 0.330959651290E-03
 3124.7 0.333090191175E-03
 3125.6 0.334428383466E-03
 3126.5 0.335822027360E-03
 3127.4 0.337347084079E-03
 3128.3 0.339167244205E-03
 3129.2 0.341220884921E-03
 3130.1 0.343078464113E-03
 3131.0 0.344061946602E-03
 3131.9 0.343326112274E-03
 3132.8 0.342124456599E-03
 3133.7 0.341968241625E-03
 3134.6 0.345816803577E-03
 3135.5 0.351761771904E-03
 3136.4 0.357856935875E-03
 3137.3 0.358600050757E-03
 3138.2 0.355730181271E-03
 3139.1 0.351084382812E-03
 3140.0 0.349758351131E-03
 3140.9 0.350929031078E-03
 3141.8 0.347516276928E-03
 3142.7 0.337699644652E-03
 3143.6 0.321619878822E-03
 3144.5 0.308877607960E-03
 3145.4 0.303948129223E-03
 3146.3 0.308316053598E-03
 3147.2 0.321096141005E-03
 3148.1 0.334881365132E-03
 3149.0 0.349200842683E-03
 3149.9 0.359106898780E-03
 3150.8 0.365089129678E-03
 3151.7 0.364985174998E-03
 3152.6 0.359799342145E-03
 3153.5 0.352304517034E-03
 3154.4 0.341923632988E-03
 3155.3 0.329155023300E-03
 3156.2 0.315019279256E-03
 3157.1 0.298855143236E-03
 3158.0 0.284687893597E-03
 3158.9 0.273247490390E-03
 3159.8 0.269731217770E-03
 3160.7 0.272386741143E-03
 3161.6 0.279145036497E-03
 3162.5 0.292296157612E-03
 3163.4 0.306696777795E-03
 3164.3 0.321557425223E-03
 3165.2 0.333627733393E-03
 3166.1 0.345011890361E-03
 3167.0 0.355909121550E-03
 3167.9 0.367400426354E-03
 3168.8 0.379371141201E-03
 3169.7 0.391784388395E-03
 3170.6 0.405845893845E-03
 3171.5 0.418068175575E-03
 3172.4 0.428196735899E-03
 3173.3 0.428579231141E-03
 3174.2 0.425299695893E-03
 3175.1 0.417732589430E-03
 3176.0 0.406138663988E-03
 3176.9 0.392163742805E-03
 3177.8 0.374916385911E-03
 3178.7 0.353349106054E-03
 3179.6 0.332241561314E-03
 3180.5 0.313901209981E-03
 3181.4 0.305719887520E-03
 3182.3 0.302833211159E-03
 3183.2 0.307162181132E-03
 3184.1 0.315898793292E-03
 3185.0 0.326592373069E-03
 3185.9 0.338758665768E-03
 3186.8 0.350837536966E-03
 3187.7 0.362049167866E-03
 3188.6 0.368986989351E-03
 3189.5 0.367934022300E-03
 3190.4 0.361569604410E-03
 3191.3 0.349195085596E-03
 3192.2 0.337794802309E-03
 3193.1 0.327554544420E-03
 3194.0 0.324685156885E-03
 3194.9 0.328175705091E-03
 3195.8 0.337252627442E-03
 3196.7 0.351483327266E-03
 3197.6 0.364922611787E-03
 3198.5 0.377515900641E-03
 3199.4 0.387432800493E-03
 3200.3 0.396384772356E-03
 3201.2 0.404224178569E-03
 3202.1 0.411523152261E-03
 3203.0 0.418822059984E-03
 3203.9 0.426211202995E-03
 3204.8 0.429692024834E-03
 3205.7 0.429024169863E-03
 3206.6 0.421272932008E-03
 3207.5 0.406770287667E-03
 3208.4 0.389105683154E-03
 3209.3 0.367508980820E-03
 3210.2 0.346910006264E-03
 3211.1 0.328418873103E-03
 3212.0 0.315966278868E-03
 3212.9 0.309745289952E-03
 3213.8 0.308012982263E-03
 3214.7 0.314884500353E-03
 3215.6 0.325786488978E-03
 3216.5 0.339095264393E-03
 3217.4 0.354125096440E-03
 3218.3 0.366930787538E-03
 3219.2 0.377501065371E-03
 3220.1 0.378713736606E-03
 3221.0 0.375921245142E-03
 3221.9 0.369766124129E-03
 3222.8 0.360641777665E-03
 3223.7 0.351241608342E-03
 3224.6 0.341563153459E-03
 3225.5 0.331464014421E-03
 3226.4 0.321776919808E-03
 3227.3 0.312615158173E-03
 3228.2 0.307775114537E-03
 3229.1 0.305502845497E-03
 3230.0 0.306588767185E-03
 3230.9 0.312044314461E-03
 3231.8 0.318170021056E-03
 3232.7 0.324328514070E-03
 3233.6 0.326761001980E-03
 3234.5 0.328370837144E-03
 3235.4 0.329984084121E-03
 3236.3 0.335386730784E-03
 3237.2 0.342587617409E-03
 3238.1 0.351828551754E-03
 3239.0 0.361046351923E-03
 3239.9 0.369944521761E-03
 3240.8 0.377528548910E-03
 3241.7 0.383020820228E-03
 3242.6 0.387116896296E-03
 3243.5 0.389093200044E-03
 3244.4 0.390207463574E-03
 3245.3 0.390626067776E-03
 3246.2 0.389458578975E-03
 3247.1 0.386720949683E-03
 3248.0 0.382850648674E-03
 3248.9 0.381130560290E-03
 3249.8 0.383259196810E-03
 3250.7 0.389052888067E-03
 3251.6 0.399665203810E-03
 3252.5 0.411852727574E-03
 3253.4 0.425805057037E-03
 3254.3 0.442637800369E-03
 3255.2 0.459956551305E-03
 3256.1 0.477689157449E-03
 3257.0 0.492406868394E-03
 3257.9 0.504830861097E-03
 3258.8 0.513861071391E-03
 3259.7 0.518075145519E-03
 3260.6 0.519265174348E-03
 3261.5 0.515820222473E-03
 3262.4 0.509703108649E-03
 3263.3 0.502632490326E-03
 3264.2 0.494954992504E-03
 3265.1 0.490751794698E-03
 3266.0 0.489808715783E-03
 3266.9 0.496527100787E-03
 3267.8 0.502924454959E-03
 3268.7 0.507675141037E-03
 3269.6 0.504237714782E-03
 3270.5 0.498877907856E-03
 3271.4 0.492884230282E-03
 3272.3 0.491233928542E-03
 3273.2 0.491933034897E-03
 3274.1 0.494353445653E-03
 3275.0 0.496854242670E-03
 3275.9 0.497866286132E-03
 3276.8 0.497537716799E-03
 3277.7 0.494854584374E-03
 3278.6 0.492145261504E-03
 3279.5 0.489407055712E-03
 3280.4 0.487026948804E-03
 3281.3 0.484587869459E-03
 3282.2 0.482043264905E-03
 3283.1 0.479116903211E-03
 3284.0 0.475722307053E-03
 3284.9 0.471613826747E-03
 3285.8 0.465745659942E-03
 3286.7 0.461691668571E-03
 3287.6 0.462118305720E-03
 3288.5 0.475413345662E-03
 3289.4 0.493353541981E-03
 3290.3 0.514952154365E-03
 3291.2 0.531207025957E-03
 3292.1 0.544733328157E-03
 3293.0 0.555051530718E-03
 3293.9 0.564766630281E-03
 3294.8 0.573643555536E-03
 3295.7 0.579701657612E-03
 3296.6 0.582874495174E-03
 3297.5 0.584294830413E-03
 3298.4 0.584569860225E-03
 3299.3 0.584909948470E-03
 3300.2 0.584896658374E-03
 3301.1 0.579308922890E-03
 3302.0 0.567455883554E-03
 3302.9 0.550210681331E-03
 3303.8 0.527973726063E-03
 3304.7 0.506974874670E-03
 3305.6 0.487264662004E-03
 3306.5 0.477630946374E-03
 3307.4 0.475495760102E-03
 3308.3 0.482472366303E-03
 3309.2 0.493245557066E-03
 3310.1 0.501641043103E-03
 3311.0 0.505713840085E-03
 3311.9 0.504160503493E-03
 3312.8 0.500343558990E-03
 3313.7 0.493837973624E-03
 3314.6 0.489714439075E-03
 3315.5 0.488369575587E-03
 3316.4 0.492588906087E-03
 3317.3 0.498431515065E-03
 3318.2 0.503738207626E-03
 3319.1 0.505621025142E-03
 3320.0 0.503009157604E-03
 3320.9 0.497656126760E-03
 3321.8 0.488314569193E-03
 3322.7 0.481479421724E-03
 3323.6 0.477365709703E-03
 3324.5 0.482554592300E-03
 3325.4 0.489242150116E-03
 3326.3 0.496308738688E-03
 3327.2 0.496661471720E-03
 3328.1 0.494119683194E-03
 3329.0 0.489280939512E-03
 3329.9 0.485045603495E-03
 3330.8 0.482122560355E-03
 3331.7 0.480488685990E-03
 3332.6 0.478458634410E-03
 3333.5 0.474213866189E-03
 3334.4 0.467308713453E-03
 3335.3 0.456053773665E-03
 3336.2 0.446861445349E-03
 3337.1 0.441237777519E-03
 3338.0 0.447876343756E-03
 3338.9 0.457722167063E-03
 3339.8 0.470307157165E-03
 3340.7 0.479027863720E-03
 3341.6 0.486650235112E-03
 3342.5 0.493615094815E-03
 3343.4 0.503006702716E-03
 3344.3 0.512544525366E-03
 3345.2 0.520390623882E-03
 3346.1 0.521319141315E-03
 3347.0 0.518124819320E-03
 3347.9 0.508939745490E-03
 3348.8 0.499151372299E-03
 3349.7 0.490520239009E-03
 3350.6 0.490333676859E-03
 3351.5 0.498969472944E-03
 3352.4 0.512947707634E-03
 3353.3 0.526553416712E-03
 3354.2 0.535071441054E-03
 3355.1 0.539211163561E-03
 3356.0 0.531736072691E-03
 3356.9 0.513810101049E-03
 3357.8 0.486194126460E-03
 3358.7 0.449481318056E-03
 3359.6 0.415966034051E-03
 3360.5 0.386158252119E-03
 3361.4 0.376791887947E-03
 3362.3 0.381486403359E-03
 3363.2 0.404111273763E-03
 3364.1 0.430047604685E-03
 3365.0 0.448611519774E-03
 3365.9 0.453677865869E-03
 3366.8 0.444933170453E-03
 3367.7 0.431000436369E-03
 3368.6 0.411492106359E-03
 3369.5 0.394760483441E-03
 3370.4 0.381724411356E-03
 3371.3 0.376947832061E-03
 3372.2 0.382234512842E-03
 3373.1 0.394587843271E-03
 3374.0 0.419896009732E-03
 3374.9 0.446455727963E-03
 3375.8 0.471458465667E-03
 3376.7 0.485380526758E-03
 3377.6 0.488961687774E-03
 3378.5 0.484991168531E-03
 3379.4 0.467897733899E-03
 3380.3 0.453393884962E-03
 3381.2 0.441824042040E-03
 3382.1 0.447717447919E-03
 3383.0 0.457864766271E-03
 3383.9 0.471723360526E-03
 3384.8 0.484191743168E-03
 3385.7 0.494634436024E-03
 3386.6 0.502902079478E-03
 3387.5 0.505065848829E-03
 3388.4 0.504316885747E-03
 3389.3 0.500089159345E-03
 3390.2 0.489961774846E-03
 3391.1 0.478630399189E-03
 3392.0 0.466338530313E-03
 3392.9 0.459050774159E-03
 3393.8 0.456875053538E-03
 3394.7 0.463391177370E-03
 3395.6 0.482645083192E-03
 3396.5 0.505975660960E-03
 3397.4 0.531797802567E-03
 3398.3 0.553008263030E-03
 3399.2 0.570596039838E-03
 3400.1 0.581006754132E-03
 3401.0 0.582286145769E-03
 3401.9 0.578054577027E-03
 3402.8 0.566223568662E-03
 3403.7 0.551682585615E-03
 3404.6 0.535933904412E-03
 3405.5 0.521954838889E-03
 3406.4 0.511402303761E-03
 3407.3 0.503403840396E-03
 3408.2 0.498679747402E-03
 3409.1 0.495579308937E-03
 3410.0 0.493758718000E-03
 3410.9 0.489272908587E-03
 3411.8 0.480145428540E-03
 3412.7 0.466313973552E-03
 3413.6 0.452023795671E-03
 3414.5 0.442482564226E-03
 3415.4 0.438867850823E-03
 3416.3 0.448445594753E-03
 3417.2 0.464443495612E-03
 3418.1 0.488536545104E-03
 3419.0 0.511081717483E-03
 3419.9 0.528735841740E-03
 3420.8 0.537481968378E-03
 3421.7 0.536668071239E-03
 3422.6 0.531694052734E-03
 3423.5 0.521803511580E-03
 3424.4 0.516110241760E-03
 3425.3 0.514308185600E-03
 3426.2 0.520732921899E-03
 3427.1 0.529335103481E-03
 3428.0 0.539002182031E-03
 3428.9 0.549519030113E-03
 3429.8 0.557078237240E-03
 3430.7 0.561312992943E-03
 3431.6 0.554196830280E-03
 3432.5 0.543783317032E-03
 3433.4 0.531702162979E-03
 3434.3 0.523893572927E-03
 3435.2 0.515048880715E-03
 3436.1 0.505016573460E-03
 3437.0 0.484978357186E-03
 3437.9 0.460409855520E-03
 3438.8 0.431508037391E-03
 3439.7 0.397010239672E-03
 3440.6 0.365744696725E-03
 3441.5 0.338369818863E-03
 3442.4 0.328903138178E-03
 3443.3 0.327478927570E-03
 3444.2 0.335865097751E-03
 3445.1 0.355559950143E-03
 3446.0 0.378701277566E-03
 3446.9 0.405348077151E-03
 3447.8 0.432278900408E-03
 3448.7 0.457840309199E-03
 3449.6 0.480176193609E-03
 3450.5 0.493785328251E-03
 3451.4 0.503155258109E-03
 3452.3 0.507299978343E-03
 3453.2 0.511202807742E-03
 3454.1 0.514619839370E-03
 3455.0 0.516494625292E-03
 3455.9 0.513622393597E-03
 3456.8 0.507290903076E-03
 3457.7 0.494256337091E-03
 3458.6 0.477603020820E-03
 3459.5 0.459424689645E-03
 3460.4 0.446696984178E-03
 3461.3 0.443195720890E-03
 3462.2 0.446849122201E-03
 3463.1 0.457585080833E-03
 3464.0 0.467015802113E-03
 3464.9 0.475268222444E-03
 3465.8 0.482009769079E-03
 3466.7 0.490230631402E-03
 3467.6 0.500090173632E-03
 3468.5 0.509731627064E-03
 3469.4 0.516527203597E-03
 3470.3 0.519462115225E-03
 3471.2 0.511736248347E-03
 3472.1 0.497570050890E-03
 3473.0 0.474589044624E-03
 3473.9 0.450401135979E-03
 3474.8 0.429102840178E-03
 3475.7 0.414375829752E-03
 3476.6 0.413121890692E-03
 3477.5 0.421054024213E-03
 3478.4 0.444461398115E-03
 3479.3 0.469441499476E-03
 3480.2 0.492087523820E-03
 3481.1 0.504477711215E-03
 3482.0 0.510066816942E-03
 3482.9 0.511737337295E-03
 3483.8 0.508891959886E-03
 3484.7 0.506917772909E-03
 3485.6 0.505833831566E-03
 3486.5 0.507815646239E-03
 3487.4 0.505026995226E-03
 3488.3 0.497962857336E-03
 3489.2 0.476992059225E-03
 3490.1 0.456353438482E-03
 3491.0 0.436193498220E-03
 3491.9 0.429387314084E-03
 3492.8 0.427588375520E-03
 3493.7 0.431024284601E-03
 3494.6 0.439158721933E-03
 3495.5 0.448059697231E-03
 3496.4 0.457715436062E-03
 3497.3 0.470403762194E-03
 3498.2 0.486134156712E-03
 3499.1 0.506227033166E-03
 3500.0 0.530684649878E-03
 3500.9 0.554617922232E-03
 3501.8 0.576118929140E-03
 3502.7 0.590373247955E-03
 3503.6 0.600286410947E-03
 3504.5 0.603555014872E-03
 3505.4 0.600132976168E-03
 3506.3 0.593541542485E-03
 3507.2 0.583520903958E-03
 3508.1 0.571777911540E-03
 3509.0 0.558762712414E-03
 3509.9 0.543229434858E-03
 3510.8 0.526185099551E-03
 3511.7 0.508704146580E-03
 3512.6 0.493565401311E-03
 3513.5 0.483064186160E-03
 3514.4 0.476654200263E-03
 3515.3 0.482554421065E-03
 3516.2 0.497053271197E-03
 3517.1 0.518331232280E-03
 3518.0 0.535211977874E-03
 3518.9 0.541609012281E-03
 3519.8 0.537661192599E-03
 3520.7 0.518659483970E-03
 3521.6 0.495761092639E-03
 3522.5 0.468557068414E-03
 3523.4 0.443881620425E-03
 3524.3 0.423438712014E-03
 3525.2 0.409016532782E-03
 3526.1 0.409782524982E-03
 3527.0 0.420560661519E-03
 3527.9 0.445923719920E-03
 3528.8 0.475428373574E-03
 3529.7 0.502870946524E-03
 3530.6 0.523407743495E-03
 3531.5 0.537558898418E-03
 3532.4 0.548829718019E-03
 3533.3 0.557038306880E-03
 3534.2 0.564633397590E-03
 3535.1 0.571765004424E-03
 3536.0 0.577967237454E-03
 3536.9 0.583583857964E-03
 3537.8 0.588935302842E-03
 3538.7 0.594414796698E-03
 3539.6 0.597954939599E-03
 3540.5 0.599839641139E-03
 3541.4 0.597248488232E-03
 3542.3 0.596586366415E-03
 3543.2 0.597755874131E-03
 3544.1 0.607089111429E-03
 3545.0 0.615418742321E-03
 3545.9 0.622813683987E-03
 3546.8 0.621232571940E-03
 3547.7 0.618340437999E-03
 3548.6 0.614030405899E-03
 3549.5 0.611461028986E-03
 3550.4 0.607411458705E-03
 3551.3 0.601126933042E-03
 3552.2 0.587410968624E-03
 3553.1 0.571983891194E-03
 3554.0 0.555174560801E-03
 3554.9 0.542129448813E-03
 3555.8 0.532119508600E-03
 3556.7 0.527176823035E-03
 3557.6 0.527545225225E-03
 3558.5 0.529976134557E-03
 3559.4 0.534184466552E-03
 3560.3 0.539336643358E-03
 3561.2 0.543729108652E-03
 3562.1 0.544021869518E-03
 3563.0 0.534764158896E-03
 3563.9 0.519097068389E-03
 3564.8 0.492778485539E-03
 3565.7 0.463211232638E-03
 3566.6 0.432580549252E-03
 3567.5 0.408565507941E-03
 3568.4 0.391215158195E-03
 3569.3 0.379162093461E-03
 3570.2 0.375862851761E-03
 3571.1 0.378971126342E-03
 3572.0 0.387766408901E-03
 3572.9 0.404808784588E-03
 3573.8 0.422226860760E-03
 3574.7 0.440050138148E-03
 3575.6 0.448748492670E-03
 3576.5 0.450378969624E-03
 3577.4 0.443202996219E-03
 3578.3 0.425046465458E-03
 3579.2 0.402476967114E-03
 3580.1 0.374575068495E-03
 3581.0 0.350425796320E-03
 3581.9 0.331615035770E-03
 3582.8 0.322429987148E-03
 3583.7 0.320161013245E-03
 3584.6 0.320376414665E-03
 3585.5 0.322629274239E-03
 3586.4 0.329971132255E-03
 3587.3 0.341845991126E-03
 3588.2 0.363495006361E-03
 3589.1 0.392289681509E-03
 3590.0 0.424959297735E-03
 3590.9 0.461474130150E-03
 3591.8 0.492893193302E-03
 3592.7 0.519715393745E-03
 3593.6 0.533461782195E-03
 3594.5 0.546167069758E-03
 3595.4 0.558632451112E-03
 3596.3 0.577014918538E-03
 3597.2 0.594461815462E-03
 3598.1 0.610963605588E-03
 3599.0 0.619616712901E-03
 3599.9 0.622333579459E-03
 3600.8 0.619007725607E-03
 3601.7 0.601095711013E-03
 3602.6 0.578824890591E-03
 3603.5 0.551669460853E-03
 3604.4 0.523645483789E-03
 3605.3 0.497415270451E-03
 3606.2 0.474069959388E-03
 3607.1 0.456175118881E-03
 3608.0 0.441715474135E-03
 3608.9 0.432262293302E-03
 3609.8 0.432077675697E-03
 3610.7 0.436744088216E-03
 3611.6 0.448156576995E-03
 3612.5 0.463152038210E-03
 3613.4 0.478386314423E-03
 3614.3 0.490902204246E-03
 3615.2 0.496900971482E-03
 3616.1 0.497764484702E-03
 3617.0 0.487762024870E-03
 3617.9 0.469004469829E-03
 3618.8 0.447360434826E-03
 3619.7 0.435460586925E-03
 3620.6 0.440783693005E-03
 3621.5 0.458271458824E-03
 3622.4 0.488992865689E-03
 3623.3 0.520470297308E-03
 3624.2 0.552350897943E-03
 3625.1 0.579127195240E-03
 3626.0 0.601373591483E-03
 3626.9 0.619267729850E-03
 3627.8 0.619928109277E-03
 3628.7 0.608660136139E-03
 3629.6 0.583647636481E-03
 3630.5 0.548097256546E-03
 3631.4 0.514152755963E-03
 3632.3 0.483633666419E-03
 3633.2 0.470785473080E-03
 3634.1 0.469000707406E-03
 3635.0 0.482916294701E-03
 3635.9 0.504749194897E-03
 3636.8 0.528336143001E-03
 3637.7 0.552253050616E-03
 3638.6 0.572838039450E-03
 3639.5 0.590091021049E-03
 3640.4 0.600334439900E-03
 3641.3 0.601700224548E-03
 3642.2 0.596994280259E-03
 3643.1 0.581436630822E-03
 3644.0 0.561419054319E-03
 3644.9 0.539406158578E-03
 3645.8 0.518089285683E-03
 3646.7 0.500589670418E-03
 3647.6 0.486425689809E-03
 3648.5 0.481698771809E-03
 3649.4 0.486966070711E-03
 3650.3 0.500577604108E-03
 3651.2 0.532694793158E-03
 3652.1 0.566779537502E-03
 3653.0 0.602648420969E-03
 3653.9 0.630926659639E-03
 3654.8 0.655470917379E-03
 3655.7 0.675869858745E-03
 3656.6 0.690161404554E-03
 3657.5 0.702838737025E-03
 3658.4 0.713767640668E-03
 3659.3 0.721546669792E-03
 3660.2 0.726304155330E-03
 3661.1 0.726556438643E-03
 3662.0 0.720418988958E-03
 3662.9 0.712091666761E-03
 3663.8 0.701590980303E-03
 3664.7 0.691567054004E-03
 3665.6 0.682303320057E-03
 3666.5 0.674771145271E-03
 3667.4 0.668620297185E-03
 3668.3 0.663545563367E-03
 3669.2 0.660622892632E-03
 3670.1 0.662195204578E-03
 3671.0 0.666543783180E-03
 3671.9 0.674780836296E-03
 3672.8 0.681963944619E-03
 3673.7 0.687532857495E-03
 3674.6 0.685262658628E-03
 3675.5 0.676354078998E-03
 3676.4 0.662322889926E-03
 3677.3 0.640895204322E-03
 3678.2 0.617529070239E-03
 3679.1 0.592615773746E-03
 3680.0 0.575954217569E-03
 3680.9 0.566739627928E-03
 3681.8 0.565345201328E-03
 3682.7 0.569653874858E-03
 3683.6 0.572958097287E-03
 3684.5 0.574677641105E-03
 3685.4 0.570815934057E-03
 3686.3 0.565047517704E-03
 3687.2 0.557108222517E-03
 3688.1 0.558986446995E-03
 3689.0 0.568979728447E-03
 3689.9 0.591941770044E-03
 3690.8 0.619986690564E-03
 3691.7 0.647225347638E-03
 3692.6 0.669387061965E-03
 3693.5 0.681540889268E-03
 3694.4 0.687973372416E-03
 3695.3 0.686066437280E-03
 3696.2 0.686421963585E-03
 3697.1 0.689215643489E-03
 3698.0 0.698787094882E-03
 3698.9 0.706499300863E-03
 3699.8 0.711792520009E-03
 3700.7 0.707434794496E-03
 3701.6 0.694839060321E-03
 3702.5 0.675682390707E-03
 3703.4 0.642866070338E-03
 3704.3 0.606157069655E-03
 3705.2 0.566461527642E-03
 3706.1 0.532216982958E-03
 3707.0 0.508223742057E-03
 3707.9 0.494391085441E-03
 3708.8 0.505696508692E-03
 3709.7 0.526424524504E-03
 3710.6 0.557886727276E-03
 3711.5 0.600740960204E-03
 3712.4 0.642075868916E-03
 3713.3 0.679757362695E-03
 3714.2 0.700490621520E-03
 3715.1 0.707970480636E-03
 3716.0 0.695257754981E-03
 3716.9 0.651340730363E-03
 3717.8 0.597525016250E-03
 3718.7 0.536155887630E-03
 3719.6 0.486108050338E-03
 3720.5 0.445951209406E-03
 3721.4 0.425803378215E-03
 3722.3 0.428768233919E-03
 3723.2 0.444467235291E-03
 3724.1 0.475778888261E-03
 3725.0 0.509345220789E-03
 3725.9 0.541808609194E-03
 3726.8 0.561161515983E-03
 3727.7 0.567878456853E-03
 3728.6 0.565989368758E-03
 3729.5 0.556087794386E-03
 3730.4 0.541405517846E-03
 3731.3 0.522449198510E-03
 3732.2 0.489094721335E-03
 3733.1 0.449776243650E-03
 3734.0 0.404878539678E-03
 3734.9 0.371427492308E-03
 3735.8 0.350987162745E-03
 3736.7 0.345364913181E-03
 3737.6 0.363765822629E-03
 3738.5 0.391578564555E-03
 3739.4 0.430522506317E-03
 3740.3 0.465456095629E-03
 3741.2 0.491252515510E-03
 3742.1 0.501916346429E-03
 3743.0 0.490418297306E-03
 3743.9 0.468609047625E-03
 3744.8 0.433538861513E-03
 3745.7 0.401996018073E-03
 3746.6 0.375612278147E-03
 3747.5 0.361120820976E-03
 3748.4 0.359298690333E-03
 3749.3 0.366465280276E-03
 3750.2 0.390311731514E-03
 3751.1 0.426828828501E-03
 3752.0 0.470905174442E-03
 3752.9 0.524073924677E-03
 3753.8 0.568659379407E-03
 3754.7 0.605008934770E-03
 3755.6 0.614316239737E-03
 3756.5 0.607776579551E-03
 3757.4 0.588934476483E-03
 3758.3 0.554588333056E-03
 3759.2 0.527806194038E-03
 3760.1 0.507849426337E-03
 3761.0 0.514299887524E-03
 3761.9 0.522137345301E-03
 3762.8 0.531477382715E-03
 3763.7 0.534422511217E-03
 3764.6 0.537616538298E-03
 3765.5 0.541548444419E-03
 3766.4 0.545939854105E-03
 3767.3 0.552157242994E-03
 3768.2 0.561301137915E-03
 3769.1 0.580699555582E-03
 3770.0 0.604190306035E-03
 3770.9 0.632451078568E-03
 3771.8 0.661422626386E-03
 3772.7 0.688548357478E-03
 3773.6 0.710357453755E-03
 3774.5 0.723590560998E-03
 3775.4 0.733002548936E-03
 3776.3 0.739088821571E-03
 3777.2 0.746241161696E-03
 3778.1 0.754309736985E-03
 3779.0 0.764557506711E-03
 3779.9 0.774941281291E-03
 3780.8 0.784734841103E-03
 3781.7 0.789758481832E-03
 3782.6 0.789406580585E-03
 3783.5 0.784461387250E-03
 3784.4 0.766982126445E-03
 3785.3 0.740975339061E-03
 3786.2 0.707786074169E-03
 3787.1 0.670720910853E-03
 3788.0 0.638173417398E-03
 3788.9 0.610245114477E-03
 3789.8 0.598687063937E-03
 3790.7 0.593961485965E-03
 3791.6 0.597155000609E-03
 3792.5 0.595464760254E-03
 3793.4 0.587921312247E-03
 3794.3 0.571985861575E-03
 3795.2 0.554938064436E-03
 3796.1 0.539671543738E-03
 3797.0 0.528176284128E-03
 3797.9 0.523861561837E-03
 3798.8 0.525697195273E-03
 3799.7 0.538614752301E-03
 3800.6 0.564405366291E-03
 3801.5 0.596379645366E-03
 3802.4 0.635417285377E-03
 3803.3 0.666296126363E-03
 3804.2 0.689767161090E-03
 3805.1 0.695378280290E-03
 3806.0 0.693812394955E-03
 3806.9 0.688577193962E-03
 3807.8 0.683287908293E-03
 3808.7 0.681094192047E-03
 3809.6 0.680842014879E-03
 3810.5 0.680286623828E-03
 3811.4 0.669811867072E-03
 3812.3 0.650810314371E-03
 3813.2 0.611260875245E-03
 3814.1 0.571889889068E-03
 3815.0 0.532691121678E-03
 3815.9 0.509154202896E-03
 3816.8 0.491561311365E-03
 3817.7 0.480694495633E-03
 3818.6 0.472999119512E-03
 3819.5 0.464482330160E-03
 3820.4 0.454430663356E-03
 3821.3 0.444588901801E-03
 3822.2 0.435044211903E-03
 3823.1 0.425986629576E-03
 3824.0 0.412701010555E-03
 3824.9 0.397791392237E-03
 3825.8 0.381149956630E-03
 3826.7 0.368884918701E-03
 3827.6 0.359944125713E-03
 3828.5 0.357139377751E-03
 3829.4 0.357637770685E-03
 3830.3 0.358787911595E-03
 3831.2 0.357635016188E-03
 3832.1 0.352798860603E-03
 3833.0 0.346705989390E-03
 3833.9 0.343440288025E-03
 3834.8 0.345282167101E-03
 3835.7 0.350183085859E-03
 3836.6 0.355099746331E-03
 3837.5 0.358064827901E-03
 3838.4 0.359855341952E-03
 3839.3 0.366921662042E-03
 3840.2 0.381488293942E-03
 3841.1 0.402886420041E-03
 3842.0 0.438653817247E-03
 3842.9 0.477027693706E-03
 3843.8 0.518278926165E-03
 3844.7 0.550087658067E-03
 3845.6 0.574736734481E-03
 3846.5 0.590274931820E-03
 3847.4 0.595271696236E-03
 3848.3 0.595737272548E-03
 3849.2 0.590580881734E-03
 3850.1 0.584537207145E-03
 3851.0 0.579629836579E-03
 3851.9 0.577498589300E-03
 3852.8 0.573405234925E-03
 3853.7 0.566400344324E-03
 3854.6 0.552831706850E-03
 3855.5 0.533885255841E-03
 3856.4 0.512790908120E-03
 3857.3 0.490683699236E-03
 3858.2 0.473523238103E-03
 3859.1 0.460877273624E-03
 3860.0 0.459841924426E-03
 3860.9 0.471472260062E-03
 3861.8 0.491996304094E-03
 3862.7 0.526210646760E-03
 3863.6 0.555626378868E-03
 3864.5 0.580469142406E-03
 3865.4 0.587224451164E-03
 3866.3 0.588077961973E-03
 3867.2 0.583791409576E-03
 3868.1 0.574054197574E-03
 3869.0 0.561811795978E-03
 3869.9 0.546926934123E-03
 3870.8 0.529884222152E-03
 3871.7 0.518305990477E-03
 3872.6 0.513922428222E-03
 3873.5 0.526681663853E-03
 3874.4 0.541377440584E-03
 3875.3 0.556459255322E-03
 3876.2 0.560164263462E-03
 3877.1 0.558400418521E-03
 3878.0 0.549437171271E-03
 3878.9 0.539301683986E-03
 3879.8 0.530564390016E-03
 3880.7 0.526092589589E-03
 3881.6 0.524733941989E-03
 3882.5 0.523964381806E-03
 3883.4 0.521823934191E-03
 3884.3 0.516175184896E-03
 3885.2 0.508322912850E-03
 3886.1 0.497102133883E-03
 3887.0 0.487655835756E-03
 3887.9 0.481601602635E-03
 3888.8 0.492140560721E-03
 3889.7 0.516059776516E-03
 3890.6 0.548875606528E-03
 3891.5 0.582872991306E-03
 3892.4 0.610422880554E-03
 3893.3 0.632395978871E-03
 3894.2 0.641640022155E-03
 3895.1 0.646205129990E-03
 3896.0 0.646112051536E-03
 3896.9 0.644403177859E-03
 3897.8 0.642247900379E-03
 3898.7 0.639596502239E-03
 3899.6 0.635676993741E-03
 3900.5 0.631572422720E-03
 3901.4 0.627345156378E-03
 3902.3 0.621035625508E-03
 3903.2 0.613731514520E-03
 3904.1 0.605128553913E-03
 3905.0 0.603108717863E-03
 3905.9 0.606940315652E-03
 3906.8 0.621269887854E-03
 3907.7 0.644164955337E-03
 3908.6 0.670383135718E-03
 3909.5 0.698999682913E-03
 3910.4 0.722486526558E-03
 3911.3 0.741790106640E-03
 3912.2 0.752027545768E-03
 3913.1 0.755746202405E-03
 3914.0 0.754935054748E-03
 3914.9 0.746336815024E-03
 3915.8 0.733024949903E-03
 3916.7 0.716212105260E-03
 3917.6 0.693644472542E-03
 3918.5 0.667999235132E-03
 3919.4 0.639968901738E-03
 3920.3 0.611200736632E-03
 3921.2 0.587580027095E-03
 3922.1 0.568796150810E-03
 3923.0 0.561663548317E-03
 3923.9 0.553912275311E-03
 3924.8 0.545311898014E-03
 3925.7 0.526108363550E-03
 3926.6 0.500441781192E-03
 3927.5 0.466581403057E-03
 3928.4 0.423485290534E-03
 3929.3 0.379893235694E-03
 3930.2 0.337483565371E-03
 3931.1 0.301970986320E-03
 3932.0 0.271807612445E-03
 3932.9 0.250507495210E-03
 3933.8 0.242977801896E-03
 3934.7 0.244088846809E-03
 3935.6 0.259093752466E-03
 3936.5 0.287776999220E-03
 3937.4 0.323056453408E-03
 3938.3 0.364586674873E-03
 3939.2 0.404676566282E-03
 3940.1 0.442495209049E-03
 3941.0 0.471752836397E-03
 3941.9 0.493182309118E-03
 3942.8 0.510083509146E-03
 3943.7 0.527198603135E-03
 3944.6 0.548340919093E-03
 3945.5 0.572479529421E-03
 3946.4 0.598204349430E-03
 3947.3 0.622245705201E-03
 3948.2 0.644782592122E-03
 3949.1 0.664724333116E-03
 3950.0 0.683409654602E-03
 3950.9 0.700727781777E-03
 3951.8 0.711611043085E-03
 3952.7 0.718972947457E-03
 3953.6 0.722045820131E-03
 3954.5 0.719756235998E-03
 3955.4 0.714577915160E-03
 3956.3 0.705580849536E-03
 3957.2 0.692665641726E-03
 3958.1 0.677382473174E-03
 3959.0 0.658613629678E-03
 3959.9 0.629093218004E-03
 3960.8 0.593284059228E-03
 3961.7 0.547955231012E-03
 3962.6 0.504477864805E-03
 3963.5 0.463327110156E-03
 3964.4 0.428108448286E-03
 3965.3 0.392842859852E-03
 3966.2 0.357684169464E-03
 3967.1 0.323136969913E-03
 3968.0 0.300193041723E-03
 3968.9 0.287013933718E-03
 3969.8 0.298688832437E-03
 3970.7 0.322146805226E-03
 3971.6 0.354380300108E-03
 3972.5 0.396891407414E-03
 3973.4 0.443093590941E-03
 3974.3 0.492468640377E-03
 3975.2 0.546228271851E-03
 3976.1 0.598986638991E-03
 3977.0 0.650716680595E-03
 3977.9 0.695064499920E-03
 3978.8 0.734962205184E-03
 3979.7 0.769556971007E-03
 3980.6 0.792252905575E-03
 3981.5 0.809174539181E-03
 3982.4 0.818790664869E-03
 3983.3 0.823599298454E-03
 3984.2 0.828384970641E-03
 3985.1 0.834575615073E-03
 3986.0 0.844271909534E-03
 3986.9 0.855381087106E-03
 3987.8 0.868002111934E-03
 3988.7 0.880622413632E-03
 3989.6 0.892882015722E-03
 3990.5 0.903986075152E-03
 3991.4 0.913254395178E-03
 3992.3 0.920385019711E-03
 3993.2 0.921433274664E-03
 3994.1 0.916667458731E-03
 3995.0 0.908821218317E-03
 3995.9 0.900336619790E-03
 3996.8 0.895636058409E-03
 3997.7 0.894196814534E-03
 3998.6 0.901886786633E-03
 3999.5 0.913424901078E-03
 4000.4 0.927834353789E-03
 4001.3 0.937433763675E-03
 4002.2 0.941122945532E-03
 4003.1 0.939082956673E-03
 4004.0 0.924761980987E-03
 4004.9 0.908523213446E-03
 4005.8 0.890267158437E-03
 4006.7 0.889087139202E-03
 4007.6 0.897783092020E-03
 4008.5 0.919102978023E-03
 4009.4 0.940882517091E-03
 4010.3 0.959463543308E-03
 4011.2 0.972104904871E-03
 4012.1 0.979722677218E-03
 4013.0 0.985170618703E-03
 4013.9 0.988016878443E-03
 4014.8 0.988172366669E-03
 4015.7 0.987026011749E-03
 4016.6 0.984299288925E-03
 4017.5 0.983582616553E-03
 4018.4 0.984518658820E-03
 4019.3 0.989016494473E-03
 4020.2 0.993718005102E-03
 4021.1 0.998119822953E-03
 4022.0 0.100026908210E-02
 4022.9 0.100109347227E-02
 4023.8 0.100102074954E-02
 4024.7 0.100003400639E-02
 4025.6 0.998592870182E-03
 4026.5 0.996608424645E-03
 4027.4 0.990535165443E-03
 4028.3 0.977308595649E-03
 4029.2 0.957537507651E-03
 4030.1 0.925057141089E-03
 4031.0 0.894569776854E-03
 4031.9 0.866367558701E-03
 4032.8 0.855013214852E-03
 4033.7 0.855019997448E-03
 4034.6 0.869376307783E-03
 4035.5 0.900594229308E-03
 4036.4 0.933673101983E-03
 4037.3 0.966531398296E-03
 4038.2 0.988451705678E-03
 4039.1 0.100264379093E-02
 4040.0 0.100460683451E-02
 4040.9 0.992801651918E-03
 4041.8 0.972444497676E-03
 4042.7 0.938499730381E-03
 4043.6 0.895253624619E-03
 4044.5 0.851911227679E-03
 4045.4 0.820042793775E-03
 4046.3 0.811010826860E-03
 4047.2 0.817362342820E-03
 4048.1 0.849747391962E-03
 4049.0 0.890006362089E-03
 4049.9 0.932803520444E-03
 4050.8 0.960639830699E-03
 4051.7 0.974123876623E-03
 4052.6 0.976708363851E-03
 4053.5 0.966723550804E-03
 4054.4 0.954236659426E-03
 4055.3 0.939604051446E-03
 4056.2 0.926258635153E-03
 4057.1 0.914969534939E-03
 4058.0 0.905859094553E-03
 4058.9 0.902632334855E-03
 4059.8 0.899875270162E-03
 4060.7 0.897410511603E-03
 4061.6 0.881004976369E-03
 4062.5 0.859311273515E-03
 4063.4 0.831358648329E-03
 4064.3 0.819764154797E-03
 4065.2 0.819100464645E-03
 4066.1 0.834956383702E-03
 4067.0 0.856909074816E-03
 4067.9 0.878735252019E-03
 4068.8 0.896501123841E-03
 4069.7 0.899856781426E-03
 4070.6 0.895268500613E-03
 4071.5 0.879693289785E-03
 4072.4 0.872359861112E-03
 4073.3 0.870999349190E-03
 4074.2 0.881182880898E-03
 4075.1 0.886337138877E-03
 4076.0 0.887725267874E-03
 4076.9 0.881621529179E-03
 4077.8 0.883502800813E-03
 4078.7 0.892039989989E-03
 4079.6 0.917217479936E-03
 4080.5 0.942476367336E-03
 4081.4 0.967507312765E-03
 4082.3 0.981318701612E-03
 4083.2 0.990399559791E-03
 4084.1 0.994749887300E-03
 4085.0 0.999409103906E-03
 4085.9 0.100906502203E-02
 4086.8 0.102484555878E-02
 4087.7 0.104579005021E-02
 4088.6 0.106235398230E-02
 4089.5 0.107163674186E-02
 4090.4 0.106771957746E-02
 4091.3 0.105995561522E-02
 4092.2 0.104858628757E-02
 4093.1 0.103511731475E-02
 4094.0 0.101918715048E-02
 4094.9 0.998481110431E-03
 4095.8 0.973389645427E-03
 4096.7 0.947262339325E-03
 4097.6 0.921982223682E-03
 4098.5 0.898127675995E-03
 4099.4 0.875000439882E-03
 4100.3 0.852581945936E-03
 4101.2 0.835739833248E-03
 4102.1 0.824892086379E-03
 4103.0 0.833465525085E-03
 4103.9 0.855330087118E-03
 4104.8 0.885604232398E-03
 4105.7 0.917350115373E-03
 4106.6 0.943677878033E-03
 4107.5 0.965422120773E-03
 4108.4 0.977051160625E-03
 4109.3 0.985293881738E-03
 4110.2 0.990340444556E-03
 4111.1 0.997259760265E-03
 4112.0 0.100608955741E-02
 4112.9 0.101710784177E-02
 4113.8 0.102913728693E-02
 4114.7 0.103975675377E-02
 4115.6 0.104827010257E-02
 4116.5 0.104789688831E-02
 4117.4 0.104344810194E-02
 4118.3 0.103379831562E-02
 4119.2 0.102592841705E-02
 4120.1 0.102025267909E-02
 4121.0 0.101868102448E-02
 4121.9 0.102004466363E-02
 4122.8 0.102239454154E-02
 4123.7 0.102525871543E-02
 4124.6 0.102464126626E-02
 4125.5 0.102144467094E-02
 4126.4 0.101324143760E-02
 4127.3 0.100395760367E-02
 4128.2 0.994143252784E-03
 4129.1 0.984182617822E-03
 4130.0 0.970134291900E-03
 4130.9 0.953387067624E-03
 4131.8 0.934016270402E-03
 4132.7 0.923507902153E-03
 4133.6 0.920517934042E-03
 4134.5 0.936645579452E-03
 4135.4 0.957957288148E-03
 4136.3 0.983879106389E-03
 4137.2 0.100752030178E-02
 4138.1 0.102456626559E-02
 4139.0 0.103440348789E-02
 4139.9 0.102769356830E-02
 4140.8 0.101202740320E-02
 4141.7 0.985441936090E-03
 4142.6 0.952096832434E-03
 4143.5 0.926355238821E-03
 4144.4 0.914489591031E-03
 4145.3 0.925451003306E-03
 4146.2 0.942270856443E-03
 4147.1 0.962901404020E-03
 4148.0 0.977802808674E-03
 4148.9 0.988678831514E-03
 4149.8 0.992687493271E-03
 4150.7 0.991695072715E-03
 4151.6 0.988001446752E-03
 4152.5 0.980757554163E-03
 4153.4 0.971790603177E-03
 4154.3 0.962844434225E-03
 4155.2 0.957633173383E-03
 4156.1 0.958537501258E-03
 4157.0 0.963968030034E-03
 4157.9 0.977966945679E-03
 4158.8 0.995068596397E-03
 4159.7 0.101424377880E-02
 4160.6 0.103283388073E-02
 4161.5 0.104904713896E-02
 4162.4 0.106308469031E-02
 4163.3 0.106728820457E-02
 4164.2 0.106605439781E-02
 4165.1 0.105921143595E-02
 4166.0 0.104674128602E-02
 4166.9 0.103370306064E-02
 4167.8 0.102019093266E-02
 4168.7 0.100849349504E-02
 4169.6 0.996598007198E-03
 4170.5 0.984130957833E-03
 4171.4 0.967379305936E-03
 4172.3 0.950410431562E-03
 4173.2 0.934328509192E-03
 4174.1 0.928768861459E-03
 4175.0 0.929008075886E-03
 4175.9 0.937622150548E-03
 4176.8 0.947792001785E-03
 4177.7 0.957845458320E-03
 4178.6 0.965958141713E-03
 4179.5 0.969968973315E-03
 4180.4 0.971127156503E-03
 4181.3 0.967078532900E-03
 4182.2 0.962812299407E-03
 4183.1 0.958681884497E-03
 4184.0 0.956147586807E-03
 4184.9 0.950202822772E-03
 4185.8 0.941765999418E-03
 4186.7 0.930013833202E-03
 4187.6 0.925166911368E-03
 4188.5 0.926258983163E-03
 4189.4 0.941296599996E-03
 4190.3 0.957809947416E-03
 4191.2 0.975760190411E-03
 4192.1 0.988575095823E-03
 4193.0 0.995578322184E-03
 4193.9 0.995754043050E-03
 4194.8 0.982326832760E-03
 4195.7 0.963676412890E-03
 4196.6 0.938842359744E-03
 4197.5 0.913686564725E-03
 4198.4 0.892701125356E-03
 4199.3 0.879429367134E-03
 4200.2 0.878614891423E-03
 4201.1 0.884796735675E-03
 4202.0 0.901147877096E-03
 4202.9 0.925539365776E-03
 4203.8 0.952568217627E-03
 4204.7 0.980567307344E-03
 4205.6 0.100456303947E-02
 4206.5 0.102492494549E-02
 4207.4 0.103680869463E-02
 4208.3 0.104242894797E-02
 4209.2 0.104458113083E-02
 4210.1 0.104419139577E-02
 4211.0 0.104324217266E-02
 4211.9 0.104144499717E-02
 4212.8 0.103494314899E-02
 4213.7 0.102461192424E-02
 4214.6 0.101144430262E-02
 4215.5 0.998814788832E-03
 4216.4 0.990444444336E-03
 4217.3 0.985988176525E-03
 4218.2 0.992989496315E-03
 4219.1 0.100058423777E-02
 4220.0 0.100879047711E-02
 4220.9 0.100023883505E-02
 4221.8 0.981792354666E-03
 4222.7 0.950986592693E-03
 4223.6 0.903619034838E-03
 4224.5 0.853249026758E-03
 4225.4 0.801117143085E-03
 4226.3 0.775944031129E-03
 4227.2 0.769221830963E-03
 4228.1 0.791416688680E-03
 4229.0 0.834375060416E-03
 4229.9 0.882543105810E-03
 4230.8 0.929956595545E-03
 4231.7 0.956030234322E-03
 4232.6 0.969121489470E-03
 4233.5 0.962121496446E-03
 4234.4 0.950574012785E-03
 4235.3 0.937676109646E-03
 4236.2 0.928380753017E-03
 4237.1 0.926439898735E-03
 4238.0 0.929844216029E-03
 4238.9 0.942490228153E-03
 4239.8 0.958028443906E-03
 4240.7 0.975581222308E-03
 4241.6 0.992778697081E-03
 4242.5 0.100688383720E-02
 4243.4 0.101820734213E-02
 4244.3 0.101964064939E-02
 4245.2 0.101354382495E-02
 4246.1 0.999433282380E-03
 4247.0 0.973875554950E-03
 4247.9 0.947533619106E-03
 4248.8 0.920807973273E-03
 4249.7 0.902419322245E-03
 4250.6 0.891138697778E-03
 4251.5 0.889977695744E-03
 4252.4 0.897637683229E-03
 4253.3 0.906630818850E-03
 4254.2 0.915335606027E-03
 4255.1 0.922725850056E-03
 4256.0 0.929299666455E-03
 4256.9 0.934590020851E-03
 4257.8 0.934709546470E-03
 4258.7 0.931039128583E-03
 4259.6 0.920270542163E-03
 4260.5 0.913233809132E-03
 4261.4 0.912209488352E-03
 4262.3 0.931712364997E-03
 4263.2 0.959527406934E-03
 4264.1 0.989839950675E-03
 4265.0 0.100681318504E-02
 4265.9 0.101039597892E-02
 4266.8 0.100358475821E-02
 4267.7 0.978318964890E-03
 4268.6 0.945653063626E-03
 4269.5 0.906857914172E-03
 4270.4 0.865084971313E-03
 4271.3 0.828959802070E-03
 4272.2 0.798507563564E-03
 4273.1 0.795837378015E-03
 4274.0 0.805836217403E-03
 4274.9 0.830520448310E-03
 4275.8 0.869153960999E-03
 4276.7 0.908312893592E-03
 4277.6 0.946481610856E-03
 4278.5 0.963367293480E-03
 4279.4 0.969792600633E-03
 4280.3 0.962371000653E-03
 4281.2 0.954233608414E-03
 4282.1 0.947437481415E-03
 4283.0 0.944231836996E-03
 4283.9 0.941307931887E-03
 4284.8 0.937090215499E-03
 4285.7 0.928585943288E-03
 4286.6 0.912368911056E-03
 4287.5 0.892394556188E-03
 4288.4 0.869374569896E-03
 4289.3 0.854426216116E-03
 4290.2 0.845572279023E-03
 4291.1 0.849248248509E-03
 4292.0 0.856224223780E-03
 4292.9 0.864783853300E-03
 4293.8 0.868516840869E-03
 4294.7 0.864235463524E-03
 4295.6 0.853217616321E-03
 4296.5 0.828553608861E-03
 4297.4 0.798298493032E-03
 4298.3 0.762742716022E-03
 4299.2 0.727168468958E-03
 4300.1 0.699666455679E-03
 4301.0 0.681556441837E-03
 4301.9 0.679112463574E-03
 4302.8 0.679601905323E-03
 4303.7 0.682775941323E-03
 4304.6 0.683055951699E-03
 4305.5 0.679169684033E-03
 4306.4 0.668541603546E-03
 4307.3 0.655455821555E-03
 4308.2 0.646683097116E-03
 4309.1 0.648651441806E-03
 4310.0 0.667651056475E-03
 4310.9 0.696410219531E-03
 4311.8 0.739706362830E-03
 4312.7 0.792493539463E-03
 4313.6 0.850527909983E-03
 4314.5 0.915380864220E-03
 4315.4 0.978523688393E-03
 4316.3 0.103734677196E-02
 4317.2 0.107706629943E-02
 4318.1 0.109901661650E-02
 4319.0 0.110796743930E-02
 4319.9 0.109493668045E-02
 4320.8 0.107044921102E-02
 4321.7 0.103656204030E-02
 4322.6 0.983761373516E-03
 4323.5 0.930313213971E-03
 4324.4 0.876371125114E-03
 4325.3 0.860776475214E-03
 4326.2 0.865933574216E-03
 4327.1 0.893874061876E-03
 4328.0 0.942938070405E-03
 4328.9 0.991932676540E-03
 4329.8 0.103936792584E-02
 4330.7 0.106679484084E-02
 4331.6 0.108495574002E-02
 4332.5 0.109135066165E-02
 4333.4 0.108845472115E-02
 4334.3 0.107948171574E-02
 4335.2 0.106125192256E-02
 4336.1 0.102654724312E-02
 4337.0 0.984938539359E-03
 4337.9 0.936036774361E-03
 4338.8 0.897785818355E-03
 4339.7 0.869029910482E-03
 4340.6 0.860991831441E-03
 4341.5 0.874430248161E-03
 4342.4 0.900421156881E-03
 4343.3 0.941802397568E-03
 4344.2 0.980822272759E-03
 4345.1 0.101716723823E-02
 4346.0 0.104334336921E-02
 4346.9 0.106268044202E-02
 4347.8 0.107638987301E-02
 4348.7 0.107716773569E-02
 4349.6 0.106673742134E-02
 4350.5 0.104670570564E-02
 4351.4 0.101848714339E-02
 4352.3 0.999942338594E-03
 4353.2 0.991421472509E-03
 4354.1 0.100379307980E-02
 4355.0 0.101935294132E-02
 4355.9 0.103802201587E-02
 4356.8 0.105336943274E-02
 4357.7 0.106663096265E-02
 4358.6 0.107710303057E-02
 4359.5 0.108686514591E-02
 4360.4 0.109691128317E-02
 4361.3 0.110773458924E-02
 4362.2 0.111879965201E-02
 4363.1 0.112962598304E-02
 4364.0 0.113971918111E-02
 4364.9 0.114375175032E-02
 4365.8 0.114233298233E-02
 4366.7 0.112939639330E-02
 4367.6 0.111179669493E-02
 4368.5 0.109330176853E-02
 4369.4 0.107927019124E-02
 4370.3 0.106793638536E-02
 4371.2 0.105761458656E-02
 4372.1 0.104479258275E-02
 4373.0 0.103060368764E-02
 4373.9 0.101601356523E-02
 4374.8 0.100679110216E-02
 4375.7 0.100271635255E-02
 4376.6 0.100293860669E-02
 4377.5 0.100930621127E-02
 4378.4 0.101202765530E-02
 4379.3 0.101118307418E-02
 4380.2 0.983602126296E-03
 4381.1 0.947024865506E-03
 4382.0 0.900302665036E-03
 4382.9 0.862680943733E-03
 4383.8 0.837314111110E-03
 4384.7 0.829045774590E-03
 4385.6 0.852955369302E-03
 4386.5 0.886475446271E-03
 4387.4 0.929430211909E-03
 4388.3 0.959771657871E-03
 4389.2 0.983332504789E-03
 4390.1 0.997293858404E-03
 4391.0 0.100923456036E-02
 4391.9 0.102045565146E-02
 4392.8 0.103127222934E-02
 4393.7 0.104219449003E-02
 4394.6 0.105298988323E-02
 4395.5 0.106311234633E-02
 4396.4 0.106981655563E-02
 4397.3 0.107354863719E-02
 4398.2 0.106970433314E-02
 4399.1 0.105985518542E-02
 4400.0 0.104575897435E-02
 4400.9 0.102604404171E-02
 4401.8 0.100265333044E-02
 4402.7 0.976595570478E-03
 4403.6 0.952493835985E-03
 4404.5 0.939028971210E-03
 4405.4 0.935382755407E-03
 4406.3 0.953467498000E-03
 4407.2 0.978367924964E-03
 4408.1 0.101085097509E-02
 4409.0 0.104652068445E-02
 4409.9 0.107886741831E-02
 4410.8 0.110631642415E-02
 4411.7 0.111933547119E-02
 4412.6 0.112090690569E-02
 4413.5 0.110571599327E-02
 4414.4 0.108274362805E-02
 4415.3 0.106626967397E-02
 4416.2 0.106707919483E-02
 4417.1 0.108568474330E-02
 4418.0 0.110916480350E-02
 4418.9 0.113304518490E-02
 4419.8 0.114832050560E-02
 4420.7 0.115687048137E-02
 4421.6 0.115183401523E-02
 4422.5 0.114152292558E-02
 4423.4 0.112956635873E-02
 4424.3 0.112147781355E-02
 4425.2 0.111721388261E-02
 4426.1 0.111582695912E-02
 4427.0 0.111999502913E-02
 4427.9 0.112499509595E-02
 4428.8 0.113021814906E-02
 4429.7 0.112970901440E-02
 4430.6 0.112608545439E-02
 4431.5 0.111970186132E-02
 4432.4 0.110807204498E-02
 4433.3 0.109657070526E-02
 4434.2 0.108520670262E-02
 4435.1 0.108717449875E-02
 4436.0 0.109584892409E-02
 4436.9 0.111256130917E-02
 4437.8 0.113138334517E-02
 4438.7 0.114676267828E-02
 4439.6 0.115619871936E-02
 4440.5 0.115030647489E-02
 4441.4 0.114026275285E-02
 4442.3 0.112704447901E-02
 4443.2 0.112816482815E-02
 4444.1 0.113642642610E-02
 4445.0 0.115414019628E-02
 4445.9 0.116820827997E-02
 4446.8 0.117892304684E-02
 4447.7 0.118231625503E-02
 4448.6 0.118088210848E-02
 4449.5 0.117628904942E-02
 4450.4 0.116651425814E-02
 4451.3 0.115036083329E-02
 4452.2 0.112986261848E-02
 4453.1 0.110290900250E-02
 4454.0 0.107659129368E-02
 4454.9 0.105136648535E-02
 4455.8 0.103445877639E-02
 4456.7 0.102498937306E-02
 4457.6 0.102182522258E-02
 4458.5 0.102669720484E-02
 4459.4 0.103251320140E-02
 4460.3 0.103928164095E-02
 4461.2 0.104954366790E-02
 4462.1 0.106329269408E-02
 4463.0 0.108123778209E-02
 4463.9 0.110132035408E-02
 4464.8 0.111880190263E-02
 4465.7 0.113202911293E-02
 4466.6 0.113853903321E-02
 4467.5 0.114249016386E-02
 4468.4 0.114348167061E-02
 4469.3 0.114652994499E-02
 4470.2 0.115312234561E-02
 4471.1 0.116715699976E-02
 4472.0 0.118485614869E-02
 4472.9 0.120208747372E-02
 4473.8 0.121438778939E-02
 4474.7 0.122120602622E-02
 4475.6 0.122512897448E-02
 4476.5 0.122597081063E-02
 4477.4 0.122253452271E-02
 4478.3 0.121498346835E-02
 4479.2 0.119536175339E-02
 4480.1 0.117403720350E-02
 4481.0 0.115337642237E-02
 4481.9 0.115047145545E-02
 4482.8 0.115771957174E-02
 4483.7 0.117298373613E-02
 4484.6 0.119196422938E-02
 4485.5 0.120660724703E-02
 4486.4 0.121711978360E-02
 4487.3 0.121052853863E-02
 4488.2 0.120020860210E-02
 4489.1 0.118580115643E-02
 4490.0 0.117935975215E-02
 4490.9 0.117660545536E-02
 4491.8 0.117836736076E-02
 4492.7 0.117781361583E-02
 4493.6 0.117617953390E-02
 4494.5 0.117315602576E-02
 4495.4 0.117610584611E-02
 4496.3 0.118256161601E-02
 4497.2 0.119421568862E-02
 4498.1 0.120637547743E-02
 4499.0 0.121810605936E-02
 4499.9 0.122818585374E-02
 4500.8 0.123854107605E-02
 4501.7 0.124942533996E-02
 4502.6 0.126196277820E-02
 4503.5 0.127387218020E-02
 4504.4 0.128469049271E-02
 4505.3 0.129115335018E-02
 4506.2 0.129368784982E-02
 4507.1 0.129353011678E-02
 4508.0 0.129012629010E-02
 4508.9 0.128538278751E-02
 4509.8 0.127954695880E-02
 4510.7 0.127165427150E-02
 4511.6 0.126274450077E-02
 4512.5 0.125292125542E-02
 4513.4 0.124364911049E-02
 4514.3 0.123675753904E-02
 4515.2 0.123249127293E-02
 4516.1 0.123242646785E-02
 4517.0 0.123353057621E-02
 4517.9 0.123591989939E-02
 4518.8 0.123734444749E-02
 4519.7 0.123611121607E-02
 4520.6 0.123059887427E-02
 4521.5 0.121869294323E-02
 4522.4 0.120441415599E-02
 4523.3 0.118755894084E-02
 4524.2 0.116886327937E-02
 4525.1 0.114836382884E-02
 4526.0 0.112427774747E-02
 4526.9 0.110167109236E-02
 4527.8 0.108278408990E-02
 4528.7 0.107529484305E-02
 4529.6 0.107639427829E-02
 4530.5 0.108182318267E-02
 4531.4 0.108996087575E-02
 4532.3 0.109747692928E-02
 4533.2 0.110472834416E-02
 4534.1 0.111257901103E-02
 4535.0 0.112492146639E-02
 4535.9 0.114107725892E-02
 4536.8 0.116731994225E-02
 4537.7 0.119199880176E-02
 4538.6 0.121508852953E-02
 4539.5 0.122153841313E-02
 4540.4 0.122331564023E-02
 4541.3 0.122022949013E-02
 4542.2 0.121694140459E-02
 4543.1 0.121286352492E-02
 4544.0 0.120778542625E-02
 4544.9 0.119880412350E-02
 4545.8 0.118918469833E-02
 4546.7 0.117914255767E-02
 4547.6 0.117296087413E-02
 4548.5 0.116878458660E-02
 4549.4 0.116734409362E-02
 4550.3 0.116747105099E-02
 4551.2 0.116826131511E-02
 4552.1 0.116979786972E-02
 4553.0 0.117122183525E-02
 4553.9 0.117346274479E-02
 4554.8 0.117848740520E-02
 4555.7 0.119133306694E-02
 4556.6 0.120819164757E-02
 4557.5 0.122861903076E-02
 4558.4 0.124405709506E-02
 4559.3 0.125563940918E-02
 4560.2 0.125895260101E-02
 4561.1 0.125617118585E-02
 4562.0 0.124905692896E-02
 4562.9 0.123762195696E-02
 4563.8 0.122881730753E-02
 4564.7 0.122236253039E-02
 4565.6 0.122384928054E-02
 4566.5 0.122928630173E-02
 4567.4 0.123860398564E-02
 4568.3 0.124697845824E-02
 4569.2 0.125034802099E-02
 4570.1 0.124770678097E-02
 4571.0 0.124204953464E-02
 4571.9 0.124020913566E-02
 4572.8 0.124439021439E-02
 4573.7 0.125245842212E-02
 4574.6 0.125847702836E-02
 4575.5 0.125969711364E-02
 4576.4 0.125406763217E-02
 4577.3 0.124479375754E-02
 4578.2 0.123039345175E-02
 4579.1 0.121432108855E-02
 4580.0 0.119943090114E-02
 4580.9 0.118957799870E-02
 4581.8 0.118499586419E-02
 4582.7 0.118307381257E-02
 4583.6 0.118376424443E-02
 4584.5 0.118686228988E-02
 4585.4 0.119227533413E-02
 4586.3 0.120432714759E-02
 4587.2 0.121717925276E-02
 4588.1 0.122946429263E-02
 4589.0 0.123176119710E-02
 4589.9 0.122882008523E-02
 4590.8 0.122186789420E-02
 4591.7 0.121363445110E-02
 4592.6 0.120676338803E-02
 4593.5 0.120115551671E-02
 4594.4 0.120000162423E-02
 4595.3 0.120001029572E-02
 4596.2 0.120130768373E-02
 4597.1 0.120185748724E-02
 4598.0 0.120204135499E-02
 4598.9 0.120177709209E-02
 4599.8 0.120212617186E-02
 4600.7 0.120312167403E-02
 4601.6 0.120510900715E-02
 4602.5 0.120841104121E-02
 4603.4 0.121262128676E-02
 4604.3 0.121826565886E-02
 4605.2 0.122731623352E-02
 4606.1 0.123769079044E-02
 4607.0 0.124921920032E-02
 4607.9 0.125750518555E-02
 4608.8 0.126324486699E-02
 4609.7 0.126381042319E-02
 4610.6 0.126012881852E-02
 4611.5 0.125454892595E-02
 4612.4 0.124917593981E-02
 4613.3 0.124823898201E-02
 4614.2 0.125015130551E-02
 4615.1 0.125453576384E-02
 4616.0 0.125657217826E-02
 4616.9 0.125680246439E-02
 4617.8 0.125484962263E-02
 4618.7 0.125446697784E-02
 4619.6 0.125547924609E-02
 4620.5 0.125916932644E-02
 4621.4 0.126226727301E-02
 4622.3 0.126472942615E-02
 4623.2 0.126515399989E-02
 4624.1 0.126544260659E-02
 4625.0 0.126567358359E-02
 4625.9 0.126666027747E-02
 4626.8 0.126769623365E-02
 4627.7 0.126868396884E-02
 4628.6 0.126890880102E-02
 4629.5 0.126875387923E-02
 4630.4 0.126808924555E-02
 4631.3 0.126581648074E-02
 4632.2 0.126227027377E-02
 4633.1 0.125643671604E-02
 4634.0 0.124970788733E-02
 4634.9 0.124238745219E-02
 4635.8 0.123405471510E-02
 4636.7 0.122621422602E-02
 4637.6 0.121983299076E-02
 4638.5 0.121931921359E-02
 4639.4 0.122214410121E-02
 4640.3 0.122666643065E-02
 4641.2 0.123048307266E-02
 4642.1 0.123098787537E-02
 4643.0 0.122849664055E-02
 4643.9 0.121617552816E-02
 4644.8 0.120221856631E-02
 4645.7 0.118712161769E-02
 4646.6 0.118128673595E-02
 4647.5 0.118059311674E-02
 4648.4 0.118510977031E-02
 4649.3 0.119622666030E-02
 4650.2 0.120714517859E-02
 4651.1 0.121757251488E-02
 4652.0 0.121923759483E-02
 4652.9 0.121844331410E-02
 4653.8 0.121504312685E-02
 4654.7 0.121720866302E-02
 4655.6 0.122262963886E-02
 4656.5 0.123267074108E-02
 4657.4 0.124570722380E-02
 4658.3 0.125807105187E-02
 4659.2 0.126718907772E-02
 4660.1 0.126606818753E-02
 4661.0 0.125956687658E-02
 4661.9 0.124593898341E-02
 4662.8 0.122912054444E-02
 4663.7 0.121045201498E-02
 4664.6 0.118930318458E-02
 4665.5 0.116733534308E-02
 4666.4 0.114645942257E-02
 4667.3 0.113491782083E-02
 4668.2 0.113920397903E-02
 4669.1 0.115442352913E-02
 4670.0 0.117956804954E-02
 4670.9 0.119855584618E-02
 4671.8 0.121244195368E-02
 4672.7 0.121824345847E-02
 4673.6 0.122440474712E-02
 4674.5 0.123091017684E-02
 4675.4 0.123520058182E-02
 4676.3 0.123461815283E-02
 4677.2 0.122835355008E-02
 4678.1 0.121734379732E-02
 4679.0 0.120809125045E-02
 4679.9 0.120186026101E-02
 4680.8 0.120161754183E-02
 4681.7 0.120421862919E-02
 4682.6 0.121050474103E-02
 4683.5 0.121786604601E-02
 4684.4 0.122455021615E-02
 4685.3 0.122921340389E-02
 4686.2 0.123167794916E-02
 4687.1 0.123298617780E-02
 4688.0 0.123272079099E-02
 4688.9 0.123155723378E-02
 4689.8 0.123000879227E-02
 4690.7 0.122825534014E-02
 4691.6 0.122773074905E-02
 4692.5 0.122838487662E-02
 4693.4 0.123233809655E-02
 4694.3 0.123539911772E-02
 4695.2 0.123705453863E-02
 4696.1 0.123101114725E-02
 4697.0 0.122096060978E-02
 4697.9 0.120781882459E-02
 4698.8 0.119189995066E-02
 4699.7 0.117649921865E-02
 4700.6 0.116156623845E-02
 4701.5 0.115045583293E-02
 4702.4 0.114259321560E-02
 4703.3 0.113832826531E-02
 4704.2 0.114382120013E-02
 4705.1 0.115124077256E-02
 4706.0 0.116056884452E-02
 4706.9 0.116602449107E-02
 4707.8 0.117101164256E-02
 4708.7 0.117595228640E-02
 4709.6 0.118557762138E-02
 4710.5 0.119621487141E-02
 4711.4 0.120719780458E-02
 4712.3 0.121250545994E-02
 4713.2 0.121625830264E-02
 4714.1 0.121975061271E-02
 4715.0 0.123059430830E-02
 4715.9 0.124461142485E-02
 4716.8 0.126094741020E-02
 4717.7 0.127279240121E-02
 4718.6 0.128168962972E-02
 4719.5 0.128581825216E-02
 4720.4 0.128709648521E-02
 4721.3 0.128646780454E-02
 4722.2 0.128342398567E-02
 4723.1 0.128004311038E-02
 4724.0 0.127611652546E-02
 4724.9 0.126773466721E-02
 4725.8 0.125383387230E-02
 4726.7 0.123522481358E-02
 4727.6 0.121614172823E-02
 4728.5 0.120282080793E-02
 4729.4 0.119552396927E-02
 4730.3 0.119707053165E-02
 4731.2 0.120086517982E-02
 4732.1 0.120711468024E-02
 4733.0 0.121291965042E-02
 4733.9 0.121648997097E-02
 4734.8 0.121658352411E-02
 4735.7 0.121551183709E-02
 4736.6 0.121614938726E-02
 4737.5 0.122054360346E-02
 4738.4 0.122727380702E-02
 4739.3 0.123377828024E-02
 4740.2 0.123833646975E-02
 4741.1 0.124227336148E-02
 4742.0 0.124665031105E-02
 4742.9 0.125312175251E-02
 4743.8 0.125944168814E-02
 4744.7 0.126507382114E-02
 4745.6 0.126789995417E-02
 4746.5 0.126922159107E-02
 4747.4 0.126955905115E-02
 4748.3 0.126858724372E-02
 4749.2 0.126585094457E-02
 4750.1 0.126156549065E-02
 4751.0 0.125268225643E-02
 4751.9 0.124270203968E-02
 4752.8 0.123191356519E-02
 4753.7 0.122358860567E-02
 4754.6 0.121787838372E-02
 4755.5 0.121474826704E-02
 4756.4 0.121905683039E-02
 4757.3 0.122427936643E-02
 4758.2 0.123040421576E-02
 4759.1 0.123054434661E-02
 4760.0 0.122793259943E-02
 4760.9 0.122191922893E-02
 4761.8 0.121424665233E-02
 4762.7 0.120691317367E-02
 4763.6 0.120064741132E-02
 4764.5 0.119740869980E-02
 4765.4 0.119642883197E-02
 4766.3 0.119923559638E-02
 4767.2 0.120802820160E-02
 4768.1 0.121893941481E-02
 4769.0 0.123095610342E-02
 4769.9 0.123847847623E-02
 4770.8 0.124384079547E-02
 4771.7 0.124744066717E-02
 4772.6 0.125365501569E-02
 4773.5 0.126124685287E-02
 4774.4 0.126940353451E-02
 4775.3 0.127478972528E-02
 4776.2 0.127811302636E-02
 4777.1 0.127793808945E-02
 4778.0 0.127672226451E-02
 4778.9 0.127462535698E-02
 4779.8 0.127049108953E-02
 4780.7 0.126448473639E-02
 4781.6 0.125673485280E-02
 4782.5 0.124778089556E-02
 4783.4 0.123968638640E-02
 4784.3 0.123258489040E-02
 4785.2 0.122781464467E-02
 4786.1 0.122452200507E-02
 4787.0 0.122310233468E-02
 4787.9 0.122466697945E-02
 4788.8 0.122792652418E-02
 4789.7 0.123349857426E-02
 4790.6 0.124209239357E-02
 4791.5 0.125228067991E-02
 4792.4 0.126469141529E-02
 4793.3 0.127569479968E-02
 4794.2 0.128429775396E-02
 4795.1 0.128721366395E-02
 4796.0 0.128490163225E-02
 4796.9 0.127974211219E-02
 4797.8 0.127092543212E-02
 4798.7 0.126309351439E-02
 4799.6 0.125679188590E-02
 4800.5 0.125615294586E-02
 4801.4 0.125724684195E-02
 4802.3 0.125901925011E-02
 4803.2 0.125817356099E-02
 4804.1 0.125581456355E-02
 4805.0 0.125239764437E-02
 4805.9 0.124935601034E-02
 4806.8 0.124782372652E-02
 4807.7 0.124764646364E-02
 4808.6 0.125170546509E-02
 4809.5 0.125670746729E-02
 4810.4 0.126272651650E-02
 4811.3 0.126762422290E-02
 4812.2 0.127218812914E-02
 4813.1 0.127637869242E-02
 4814.0 0.128165108930E-02
 4814.9 0.128662812726E-02
 4815.8 0.129093361797E-02
 4816.7 0.129157581430E-02
 4817.6 0.129054616089E-02
 4818.5 0.128737907117E-02
 4819.4 0.128223594321E-02
 4820.3 0.127573298240E-02
 4821.2 0.126694847442E-02
 4822.1 0.125659977501E-02
 4823.0 0.124665247767E-02
 4823.9 0.123986301612E-02
 4824.8 0.123890402922E-02
 4825.7 0.124078840426E-02
 4826.6 0.124430353218E-02
 4827.5 0.124555650561E-02
 4828.4 0.124536758192E-02
 4829.3 0.124363012410E-02
 4830.2 0.124200991607E-02
 4831.1 0.124052737878E-02
 4832.0 0.123979990964E-02
 4832.9 0.123959968836E-02
 4833.8 0.123982876087E-02
 4834.7 0.123968984625E-02
 4835.6 0.123865661720E-02
 4836.5 0.123671303222E-02
 4837.4 0.123295160941E-02
 4838.3 0.122850905711E-02
 4839.2 0.122328537018E-02
 4840.1 0.121942659766E-02
 4841.0 0.121730107683E-02
 4841.9 0.121766304797E-02
 4842.8 0.122097151939E-02
 4843.7 0.122548206295E-02
 4844.6 0.123144015716E-02
 4845.5 0.123604827226E-02
 4846.4 0.123903998427E-02
 4847.3 0.123883354703E-02
 4848.2 0.123656042023E-02
 4849.1 0.123351122579E-02
 4850.0 0.123000868276E-02
 4850.9 0.122426202336E-02
 4851.8 0.121609083961E-02
 4852.7 0.120136006559E-02
 4853.6 0.118245317561E-02
 4854.5 0.116127710663E-02
 4855.4 0.113916456357E-02
 4856.3 0.111522536377E-02
 4857.2 0.108913514438E-02
 4858.1 0.105256941485E-02
 4859.0 0.101638149581E-02
 4859.9 0.981310933615E-03
 4860.8 0.968532828165E-03
 4861.7 0.968683348036E-03
 4862.6 0.981255488305E-03
 4863.5 0.101315894556E-02
 4864.4 0.104631645625E-02
 4865.3 0.108059252510E-02
 4866.2 0.110386048226E-02
 4867.1 0.112064116434E-02
 4868.0 0.112914221949E-02
 4868.9 0.112009126435E-02
 4869.8 0.110739616818E-02
 4870.7 0.109235454277E-02
 4871.6 0.109156676250E-02
 4872.5 0.109734464157E-02
 4873.4 0.111146151164E-02
 4874.3 0.112765746420E-02
 4875.2 0.114387970853E-02
 4876.1 0.115846073935E-02
 4877.0 0.117136800258E-02
 4877.9 0.118320177745E-02
 4878.8 0.119326879982E-02
 4879.7 0.119903583328E-02
 4880.6 0.120181369255E-02
 4881.5 0.119932898406E-02
 4882.4 0.119439706353E-02
 4883.3 0.118771422346E-02
 4884.2 0.117842652772E-02
 4885.1 0.116756202718E-02
 4886.0 0.115550837378E-02
 4886.9 0.114295434790E-02
 4887.8 0.113013209684E-02
 4888.7 0.111706662463E-02
 4889.6 0.110959804433E-02
 4890.5 0.111016733487E-02
 4891.4 0.111967324468E-02
 4892.3 0.114360249115E-02
 4893.2 0.117218945886E-02
 4894.1 0.120606263773E-02
 4895.0 0.123393706876E-02
 4895.9 0.125383041593E-02
 4896.8 0.126137042617E-02
 4897.7 0.126068819599E-02
 4898.6 0.125800555025E-02
 4899.5 0.125426340680E-02
 4900.4 0.124920331381E-02
 4901.3 0.124317788417E-02
 4902.2 0.123545489962E-02
 4903.1 0.122903461610E-02
 4904.0 0.122482208494E-02
 4904.9 0.122692379008E-02
 4905.8 0.122927492641E-02
 4906.7 0.122992535584E-02
 4907.6 0.122151773680E-02
 4908.5 0.121060492145E-02
 4909.4 0.119915158040E-02
 4910.3 0.119429480792E-02
 4911.2 0.119354972504E-02
 4912.1 0.119588217667E-02
 4913.0 0.120141217675E-02
 4913.9 0.120357689306E-02
 4914.8 0.120265421111E-02
 4915.7 0.118635243824E-02
 4916.6 0.116470114959E-02
 4917.5 0.113743226007E-02
 4918.4 0.110401778363E-02
 4919.3 0.107637279075E-02
 4920.2 0.105648214392E-02
 4921.1 0.106751283843E-02
 4922.0 0.108690545013E-02
 4922.9 0.111481649447E-02
 4923.8 0.113925612031E-02
 4924.7 0.116217767440E-02
 4925.6 0.118320281219E-02
 4926.5 0.120126278355E-02
 4927.4 0.121686689845E-02
 4928.3 0.122803114913E-02
 4929.2 0.123368514918E-02
 4930.1 0.123590838480E-02
 4931.0 0.123261213953E-02
 4931.9 0.122268419117E-02
 4932.8 0.120975643356E-02
 4933.7 0.119571175089E-02
 4934.6 0.118647377427E-02
 4935.5 0.118005893583E-02
 4936.4 0.117563559937E-02
 4937.3 0.117002511064E-02
 4938.2 0.116420620972E-02
 4939.1 0.116502484569E-02
 4940.0 0.117468461277E-02
 4940.9 0.119158274787E-02
 4941.8 0.121203517995E-02
 4942.7 0.122807145821E-02
 4943.6 0.123973066368E-02
 4944.5 0.124514590952E-02
 4945.4 0.124929543980E-02
 4946.3 0.125208641842E-02
 4947.2 0.125478986875E-02
 4948.1 0.125773202989E-02
 4949.0 0.126104281735E-02
 4949.9 0.126049161561E-02
 4950.8 0.125651841609E-02
 4951.7 0.124719380317E-02
 4952.6 0.123422578310E-02
 4953.5 0.121918011939E-02
 4954.4 0.120107854722E-02
 4955.3 0.118045832816E-02
 4956.2 0.115971971996E-02
 4957.1 0.114088843288E-02
 4958.0 0.113442113492E-02
 4958.9 0.113817154666E-02
 4959.8 0.116428348494E-02
 4960.7 0.119179691995E-02
 4961.6 0.121735085593E-02
 4962.5 0.122720989104E-02
 4963.4 0.123057069270E-02
 4964.3 0.122929902935E-02
 4965.2 0.122189901322E-02
 4966.1 0.121436778541E-02
 4967.0 0.120700382917E-02
 4967.9 0.120570011365E-02
 4968.8 0.120641284651E-02
 4969.7 0.120901193430E-02
 4970.6 0.121506997652E-02
 4971.5 0.122203960274E-02
 4972.4 0.123002008891E-02
 4973.3 0.123695096140E-02
 4974.2 0.124142467502E-02
 4975.1 0.124252140336E-02
 4976.0 0.123511390167E-02
 4976.9 0.122440601780E-02
 4977.8 0.120977763387E-02
 4978.7 0.119243385487E-02
 4979.6 0.117433157093E-02
 4980.5 0.115571665744E-02
 4981.4 0.113625760669E-02
 4982.3 0.111829476551E-02
 4983.2 0.110521366992E-02
 4984.1 0.110643901804E-02
 4985.0 0.111536247924E-02
 4985.9 0.113389651186E-02
 4986.8 0.115349997766E-02
 4987.7 0.117268474679E-02
 4988.6 0.118704299496E-02
 4989.5 0.119451469109E-02
 4990.4 0.119759658928E-02
 4991.3 0.119734358070E-02
 4992.2 0.119830878545E-02
 4993.1 0.120017429294E-02
 4994.0 0.120247536967E-02
 4994.9 0.120413331060E-02
 4995.8 0.120520025811E-02
 4996.7 0.120211368127E-02
 4997.6 0.119547948391E-02
 4998.5 0.118500203099E-02
 4999.4 0.117098859113E-02
 5000.3 0.115734418270E-02
 5001.2 0.114441591717E-02
 5002.1 0.113510034765E-02
 5003.0 0.112728683271E-02
 5003.9 0.112131053960E-02
 5004.8 0.111526217213E-02
 5005.7 0.111033546797E-02
 5006.6 0.110774652469E-02
 5007.5 0.111266983321E-02
 5008.4 0.112182507676E-02
 5009.3 0.113720296652E-02
 5010.2 0.114596255393E-02
 5011.1 0.114777237272E-02
 5012.0 0.113319070556E-02
 5012.9 0.111720724517E-02
 5013.8 0.110295960049E-02
 5014.7 0.109987084909E-02
 5015.6 0.110155806357E-02
 5016.5 0.110626081190E-02
 5017.4 0.111397025439E-02
 5018.3 0.112206275483E-02
 5019.2 0.113022663598E-02
 5020.1 0.113594054192E-02
 5021.0 0.114092815314E-02
 5021.9 0.114530861692E-02
 5022.8 0.114958380941E-02
 5023.7 0.115390594121E-02
 5024.6 0.115827606712E-02
 5025.5 0.116188451543E-02
 5026.4 0.116530828402E-02
 5027.3 0.116853087139E-02
 5028.2 0.117413488790E-02
 5029.1 0.118091683613E-02
 5030.0 0.118919347867E-02
 5030.9 0.119814793101E-02
 5031.8 0.120540031901E-02
 5032.7 0.120916358238E-02
 5033.6 0.120268186422E-02
 5034.5 0.119189177674E-02
 5035.4 0.117622623082E-02
 5036.3 0.116168476587E-02
 5037.2 0.114766563061E-02
 5038.1 0.113420709913E-02
 5039.0 0.111774924095E-02
 5039.9 0.110140192040E-02
 5040.8 0.109074634102E-02
 5041.7 0.109545042256E-02
 5042.6 0.110970918545E-02
 5043.5 0.113483472567E-02
 5044.4 0.115908770133E-02
 5045.3 0.118173753962E-02
 5046.2 0.119318742734E-02
 5047.1 0.119326023721E-02
 5048.0 0.118424991378E-02
 5048.9 0.117120292504E-02
 5049.8 0.116289005280E-02
 5050.7 0.115914591310E-02
 5051.6 0.116399587760E-02
 5052.5 0.117318465620E-02
 5053.4 0.118734008003E-02
 5054.3 0.120207807160E-02
 5055.2 0.121407294696E-02
 5056.1 0.122200377282E-02
 5057.0 0.122693204896E-02
 5057.9 0.123096994302E-02
 5058.8 0.123412832851E-02
 5059.7 0.123633976356E-02
 5060.6 0.123823758401E-02
 5061.5 0.123986201855E-02
 5062.4 0.123559454277E-02
 5063.3 0.122593253810E-02
 5064.2 0.120530062750E-02
 5065.1 0.118459921333E-02
 5066.0 0.116674839895E-02
 5066.9 0.116024591903E-02
 5067.8 0.115979582393E-02
 5068.7 0.116263635914E-02
 5069.6 0.116771611135E-02
 5070.5 0.117122918606E-02
 5071.4 0.117330013205E-02
 5072.3 0.117083194249E-02
 5073.2 0.116759462098E-02
 5074.1 0.116386446414E-02
 5075.0 0.116163127908E-02
 5075.9 0.115838627439E-02
 5076.8 0.115421967604E-02
 5077.7 0.114171224649E-02
 5078.6 0.112824571801E-02
 5079.5 0.111372801737E-02
 5080.4 0.110714850490E-02
 5081.3 0.110545388252E-02
 5082.2 0.110985959033E-02
 5083.1 0.112295200607E-02
 5084.0 0.113816955808E-02
 5084.9 0.115528059430E-02
 5085.8 0.117108666967E-02
 5086.7 0.118522604562E-02
 5087.6 0.119631897837E-02
 5088.5 0.120116631588E-02
 5089.4 0.120363941926E-02
 5090.3 0.120406926620E-02
 5091.2 0.120604510880E-02
 5092.1 0.120804531199E-02
 5093.0 0.120819237019E-02
 5093.9 0.120313121388E-02
 5094.8 0.119481040405E-02
 5095.7 0.118179273784E-02
 5096.6 0.116577695082E-02
 5097.5 0.114865397753E-02
 5098.4 0.113601321376E-02
 5099.3 0.113495414359E-02
 5100.2 0.114250178695E-02
 5101.1 0.115776036975E-02
 5102.0 0.116810924241E-02
 5102.9 0.117413331830E-02
 5103.8 0.117168113434E-02
 5104.7 0.116660675338E-02
 5105.6 0.115876649338E-02
 5106.5 0.114997090674E-02
 5107.4 0.114289536516E-02
 5108.3 0.113809895507E-02
 5109.2 0.113861523105E-02
 5110.1 0.114223926486E-02
 5111.0 0.114999800774E-02
 5111.9 0.116109576849E-02
 5112.8 0.117294910915E-02
 5113.7 0.118521644205E-02
 5114.6 0.119530394603E-02
 5115.5 0.120375132582E-02
 5116.4 0.120934663374E-02
 5117.3 0.121110982285E-02
 5118.2 0.120980075564E-02
 5119.1 0.120237047951E-02
 5120.0 0.119126755545E-02
 5120.9 0.117817861688E-02
 5121.8 0.116302448703E-02
 5122.7 0.114817160949E-02
 5123.6 0.113403412805E-02
 5124.5 0.112365667530E-02
 5125.4 0.111727696278E-02
 5126.3 0.111410591973E-02
 5127.2 0.111781582462E-02
 5128.1 0.112265293508E-02
 5129.0 0.112836245964E-02
 5129.9 0.113255366868E-02
 5130.8 0.113619052988E-02
 5131.7 0.113927550154E-02
 5132.6 0.114133005718E-02
 5133.5 0.114210347292E-02
 5134.4 0.114134260766E-02
 5135.3 0.113578462438E-02
 5136.2 0.112787597604E-02
 5137.1 0.111701579913E-02
 5138.0 0.110312049500E-02
 5138.9 0.109067873330E-02
 5139.8 0.108178851236E-02
 5140.7 0.108234384605E-02
 5141.6 0.108628334836E-02
 5142.5 0.109340417722E-02
 5143.4 0.110129550652E-02
 5144.3 0.110903022186E-02
 5145.2 0.111558107589E-02
 5146.1 0.111817596071E-02
 5147.0 0.111885442260E-02
 5147.9 0.111796692395E-02
 5148.8 0.111799192325E-02
 5149.7 0.111851424266E-02
 5150.6 0.111930921205E-02
 5151.5 0.111958502155E-02
 5152.4 0.111974136902E-02
 5153.3 0.112188356598E-02
 5154.2 0.112725283023E-02
 5155.1 0.113516956463E-02
 5156.0 0.114494554625E-02
 5156.9 0.115386552098E-02
 5157.8 0.116198114443E-02
 5158.7 0.116276112289E-02
 5159.6 0.115761047724E-02
 5160.5 0.114570661182E-02
 5161.4 0.112599016646E-02
 5162.3 0.110366873452E-02
 5163.2 0.107837165999E-02
 5164.1 0.104419656018E-02
 5165.0 0.100311322927E-02
 5165.9 0.951842318216E-03
 5166.8 0.906937287514E-03
 5167.7 0.873458269986E-03
 5168.6 0.862527925238E-03
 5169.5 0.861738750574E-03
 5170.4 0.861187462819E-03
 5171.3 0.853433997752E-03
 5172.2 0.853016702250E-03
 5173.1 0.862622098485E-03
 5174.0 0.900139894945E-03
 5174.9 0.947132139283E-03
 5175.8 0.996533789379E-03
 5176.7 0.103535978063E-02
 5177.6 0.105889161046E-02
 5178.5 0.107026757080E-02
 5179.4 0.105435012278E-02
 5180.3 0.102627551516E-02
 5181.2 0.988535871640E-03
 5182.1 0.935468124576E-03
 5183.0 0.893616760774E-03
 5183.9 0.861971282002E-03
 5184.8 0.888404747599E-03
 5185.7 0.926605555511E-03
 5186.6 0.977611197621E-03
 5187.5 0.102096095350E-02
 5188.4 0.105582008884E-02
 5189.3 0.107982294810E-02
 5190.2 0.108052478162E-02
 5191.1 0.107645820966E-02
 5192.0 0.106867948721E-02
 5192.9 0.106930443958E-02
 5193.8 0.107376069172E-02
 5194.7 0.108310858747E-02
 5195.6 0.109559283333E-02
 5196.5 0.110896695643E-02
 5197.4 0.112262075844E-02
 5198.3 0.113549390438E-02
 5199.2 0.114652192607E-02
 5200.1 0.115204363186E-02
 5201.0 0.114798772769E-02
 5201.9 0.113814684653E-02
 5202.8 0.112043918443E-02
 5203.7 0.109916501736E-02
 5204.6 0.107637792077E-02
 5205.5 0.105675322319E-02
 5206.4 0.104404347215E-02
 5207.3 0.103701386046E-02
 5208.2 0.104305962621E-02
 5209.1 0.105839121365E-02
 5210.0 0.108158307588E-02
 5210.9 0.110947590618E-02
 5211.8 0.113391889104E-02
 5212.7 0.115481879140E-02
 5213.6 0.116255970241E-02
 5214.5 0.116250773419E-02
 5215.4 0.115317917194E-02
 5216.3 0.114650721479E-02
 5217.2 0.114654884116E-02
 5218.1 0.115666630992E-02
 5219.0 0.116956918214E-02
 5219.9 0.118022549491E-02
 5220.8 0.118568099066E-02
 5221.7 0.118185233351E-02
 5222.6 0.117192483877E-02
 5223.5 0.115219150696E-02
 5224.4 0.112817654644E-02
 5225.3 0.110339418420E-02
 5226.2 0.108040725116E-02
 5227.1 0.106823826918E-02
 5228.0 0.106495742422E-02
 5228.9 0.108135813004E-02
 5229.8 0.109924931036E-02
 5230.7 0.111583143208E-02
 5231.6 0.111919339940E-02
 5232.5 0.112114912915E-02
 5233.4 0.112310767044E-02
 5234.3 0.113484450547E-02
 5235.2 0.115069196205E-02
 5236.1 0.116981468362E-02
 5237.0 0.118983343783E-02
 5237.9 0.120660546124E-02
 5238.8 0.122023021605E-02
 5239.7 0.122354844203E-02
 5240.6 0.122455027935E-02
 5241.5 0.122301806730E-02
 5242.4 0.122147674478E-02
 5243.3 0.121981895224E-02
 5244.2 0.121799143133E-02
 5245.1 0.121432754813E-02
 5246.0 0.120921336322E-02
 5246.9 0.120191380118E-02
 5247.8 0.119286724495E-02
 5248.7 0.118444406773E-02
 5249.6 0.117828088920E-02
 5250.5 0.117694583695E-02
 5251.4 0.117746947206E-02
 5252.3 0.117941388640E-02
 5253.2 0.118062229335E-02
 5254.1 0.118207862841E-02
 5255.0 0.118561956663E-02
 5255.9 0.119320584293E-02
 5256.8 0.120215634784E-02
 5257.7 0.120782812945E-02
 5258.6 0.120456879150E-02
 5259.5 0.119443059832E-02
 5260.4 0.117055579490E-02
 5261.3 0.113883780233E-02
 5262.2 0.110131705633E-02
 5263.1 0.106447470584E-02
 5264.0 0.103416005501E-02
 5264.9 0.100981755491E-02
 5265.8 0.996170324681E-03
 5266.7 0.985743776301E-03
 5267.6 0.978892742013E-03
 5268.5 0.977605667136E-03
 5269.4 0.981231625717E-03
 5270.3 0.991199835227E-03
 5271.2 0.101260202435E-02
 5272.1 0.103822953997E-02
 5273.0 0.106877739814E-02
 5273.9 0.109590082445E-02
 5274.8 0.111988407877E-02
 5275.7 0.113849158557E-02
 5276.6 0.115505230890E-02
 5277.5 0.116993535651E-02
 5278.4 0.118168103484E-02
 5279.3 0.118475110372E-02
 5280.2 0.118181632757E-02
 5281.1 0.116805778963E-02
 5282.0 0.115668027852E-02
 5282.9 0.114916906755E-02
 5283.8 0.115586742217E-02
 5284.7 0.116978001201E-02
 5285.6 0.118824758265E-02
 5286.5 0.121044986836E-02
 5287.4 0.122903672299E-02
 5288.3 0.124438572856E-02
 5289.2 0.124915062491E-02
 5290.1 0.125069200255E-02
 5291.0 0.124940231584E-02
 5291.9 0.124383827452E-02
 5292.8 0.123571514760E-02
 5293.7 0.122488067829E-02
 5294.6 0.120867780512E-02
 5295.5 0.119151209695E-02
 5296.4 0.117338416851E-02
 5297.3 0.115894572006E-02
 5298.2 0.114932918231E-02
 5299.1 0.114687465511E-02
 5300.0 0.115637507143E-02
 5300.9 0.116920832881E-02
 5301.8 0.118475648665E-02
 5302.7 0.120016373440E-02
 5303.6 0.121506790789E-02
 5304.5 0.122877192853E-02
 5305.4 0.123797556404E-02
 5306.3 0.124468661926E-02
 5307.2 0.124792740724E-02
 5308.1 0.125042899033E-02
 5309.0 0.125255106311E-02
 5309.9 0.125435471985E-02
 5310.8 0.125458875008E-02
 5311.7 0.125357521842E-02
 5312.6 0.124973091652E-02
 5313.5 0.124458207260E-02
 5314.4 0.123854400774E-02
 5315.3 0.123217415380E-02
 5316.2 0.122650353816E-02
 5317.1 0.122141719590E-02
 5318.0 0.121689260943E-02
 5318.9 0.121176532882E-02
 5319.8 0.120603535411E-02
 5320.7 0.119497266987E-02
 5321.6 0.118004947660E-02
 5322.5 0.116055835093E-02
 5323.4 0.113926548723E-02
 5324.3 0.111903668571E-02
 5325.2 0.110064533232E-02
 5326.1 0.108446087969E-02
 5327.0 0.107011409891E-02
 5327.9 0.105862131918E-02
 5328.8 0.106263332748E-02
 5329.7 0.107784024507E-02
 5330.6 0.111167867209E-02
 5331.5 0.114562200130E-02
 5332.4 0.117548948942E-02
 5333.3 0.119266207148E-02
 5334.2 0.120282829552E-02
 5335.1 0.120876345364E-02
 5336.0 0.120847616218E-02
 5336.9 0.120207974657E-02
 5337.8 0.119148201774E-02
 5338.7 0.117387598525E-02
 5339.6 0.115992071378E-02
 5340.5 0.114976753141E-02
 5341.4 0.115490393716E-02
 5342.3 0.116470684104E-02
 5343.2 0.117807701731E-02
 5344.1 0.119102947487E-02
 5345.0 0.119937089923E-02
 5345.9 0.120336022530E-02
 5346.8 0.119522720646E-02
 5347.7 0.118795748992E-02
 5348.6 0.118184547737E-02
 5349.5 0.118614976619E-02
 5350.4 0.119322700652E-02
 5351.3 0.120327266760E-02
 5352.2 0.121404908932E-02
 5353.1 0.122473464722E-02
 5354.0 0.123509419019E-02
 5354.9 0.124401959770E-02
 5355.8 0.125139363739E-02
 5356.7 0.125594286659E-02
 5357.6 0.125582223178E-02
 5358.5 0.125288606198E-02
 5359.4 0.124556339511E-02
 5360.3 0.123376200755E-02
 5361.2 0.122009026745E-02
 5362.1 0.120549686301E-02
 5363.0 0.119273305900E-02
 5363.9 0.118098595539E-02
 5364.8 0.117012422307E-02
 5365.7 0.115981296937E-02
 5366.6 0.114969545554E-02
 5367.5 0.113849315123E-02
 5368.4 0.112516719561E-02
 5369.3 0.111070143426E-02
 5370.2 0.110314806315E-02
 5371.1 0.110482098429E-02
 5372.0 0.111475111817E-02
 5372.9 0.113629285272E-02
 5373.8 0.115964606176E-02
 5374.7 0.118497925453E-02
 5375.6 0.120262540872E-02
 5376.5 0.121394680847E-02
 5377.4 0.121728760033E-02
 5378.3 0.121496060937E-02
 5379.2 0.121100992895E-02
 5380.1 0.120539369843E-02
 5381.0 0.119917449582E-02
 5381.9 0.119364965225E-02
 5382.8 0.118979215681E-02
 5383.7 0.119009860376E-02
 5384.6 0.119275870216E-02
 5385.5 0.119888932533E-02
 5386.4 0.120184483292E-02
 5387.3 0.120181515593E-02
 5388.2 0.119508566771E-02
 5389.1 0.118532279536E-02
 5390.0 0.117398162808E-02
 5390.9 0.116139290099E-02
 5391.8 0.115217913304E-02
 5392.7 0.114581364448E-02
 5393.6 0.114674663212E-02
 5394.5 0.114552309375E-02
 5395.4 0.114220639362E-02
 5396.3 0.113048418855E-02
 5397.2 0.112154389331E-02
 5398.1 0.111516600423E-02
 5399.0 0.112117718557E-02
 5399.9 0.112645074162E-02
 5400.8 0.113096336140E-02
 5401.7 0.112427121858E-02
 5402.6 0.111434137380E-02
 5403.5 0.110079888569E-02
 5404.4 0.108772008228E-02
 5405.3 0.107881474104E-02
 5406.2 0.107637023066E-02
 5407.1 0.108569986727E-02
 5408.0 0.109734001974E-02
 5408.9 0.110988571219E-02
 5409.8 0.111937441815E-02
 5410.7 0.112856000492E-02
 5411.6 0.113873180174E-02
 5412.5 0.115024532611E-02
 5413.4 0.116156058517E-02
 5414.3 0.117088637703E-02
 5415.2 0.117774404960E-02
 5416.1 0.118316403672E-02
 5417.0 0.118667465990E-02
 5417.9 0.118784333308E-02
 5418.8 0.118735918583E-02
 5419.7 0.118400135685E-02
 5420.6 0.117948343587E-02
 5421.5 0.117416237784E-02
 5422.4 0.116820366681E-02
 5423.3 0.116319371248E-02
 5424.2 0.115909926745E-02
 5425.1 0.115990968701E-02
 5426.0 0.116200045073E-02
 5426.9 0.116533786535E-02
 5427.8 0.116107956030E-02
 5428.7 0.115269551410E-02
 5429.6 0.113955547512E-02
 5430.5 0.113013278095E-02
 5431.4 0.112444722172E-02
 5432.3 0.112385268297E-02
 5433.2 0.112645869669E-02
 5434.1 0.113070025224E-02
 5435.0 0.113712797712E-02
 5435.9 0.114852694219E-02
 5436.8 0.116263624626E-02
 5437.7 0.118061526355E-02
 5438.6 0.119597815347E-02
 5439.5 0.120810344546E-02
 5440.4 0.121281676261E-02
 5441.3 0.121135518146E-02
 5442.2 0.120606879991E-02
 5443.1 0.119482594186E-02
 5444.0 0.118025478747E-02
 5444.9 0.116403405337E-02
 5445.8 0.114756748454E-02
 5446.7 0.113942323937E-02
 5447.6 0.113824139489E-02
 5448.5 0.115489958701E-02
 5449.4 0.117205058816E-02
 5450.3 0.118900132597E-02
 5451.2 0.119433486670E-02
 5452.1 0.119365581357E-02
 5453.0 0.118745132770E-02
 5453.9 0.117243234131E-02
 5454.8 0.116080839505E-02
 5455.7 0.115305727219E-02
 5456.6 0.116131808497E-02
 5457.5 0.117181321788E-02
 5458.4 0.118410131348E-02
 5459.3 0.118930361632E-02
 5460.2 0.119058611355E-02
 5461.1 0.118658474817E-02
 5462.0 0.117860894845E-02
 5462.9 0.117154575610E-02
 5463.8 0.116805853709E-02
 5464.7 0.117140733688E-02
 5465.6 0.117705647012E-02
 5466.5 0.118407549753E-02
 5467.4 0.118972706589E-02
 5468.3 0.119415205850E-02
 5469.2 0.119584386547E-02
 5470.1 0.119426894213E-02
 5471.0 0.119063380582E-02
 5471.9 0.118400247017E-02
 5472.8 0.117534833732E-02
 5473.7 0.116522045807E-02
 5474.6 0.115252224843E-02
 5475.5 0.113998250429E-02
 5476.4 0.112818999885E-02
 5477.3 0.112616250591E-02
 5478.2 0.113126032896E-02
 5479.1 0.114253364287E-02
 5480.0 0.115343817409E-02
 5480.9 0.116137907976E-02
 5481.8 0.116616603529E-02
 5482.7 0.117212971287E-02
 5483.6 0.117930292918E-02
 5484.5 0.118799187636E-02
 5485.4 0.119236190782E-02
 5486.3 0.119359155993E-02
 5487.2 0.119045464734E-02
 5488.1 0.118864523975E-02
 5489.0 0.118897103665E-02
 5489.9 0.119316153769E-02
 5490.8 0.119740666942E-02
 5491.7 0.120074508934E-02
 5492.6 0.120171805594E-02
 5493.5 0.120028485304E-02
 5494.4 0.119741246754E-02
 5495.3 0.119232997558E-02
 5496.2 0.118900668513E-02
 5497.1 0.118739834689E-02
 5498.0 0.119028976061E-02
 5498.9 0.119233449815E-02
 5499.8 0.119328459605E-02
 5500.7 0.118980017046E-02
 5501.6 0.118573773205E-02
 5502.5 0.118140331491E-02
 5503.4 0.117843414187E-02
 5504.3 0.117616486444E-02
 5505.2 0.117449526355E-02
 5506.1 0.117390459180E-02
 5507.0 0.117378969656E-02
 5507.9 0.117415269709E-02
 5508.8 0.117534474646E-02
 5509.7 0.117603123147E-02
 5510.6 0.117606621730E-02
 5511.5 0.117420911224E-02
 5512.4 0.117286682535E-02
 5513.3 0.117255029449E-02
 5514.2 0.117554787626E-02
 5515.1 0.117963262667E-02
 5516.0 0.118484767991E-02
 5516.9 0.119016641822E-02
 5517.8 0.119503047725E-02
 5518.7 0.119875048332E-02
 5519.6 0.120000190299E-02
 5520.5 0.119985106838E-02
 5521.4 0.119764712311E-02
 5522.3 0.119441797094E-02
 5523.2 0.119056423312E-02
 5524.1 0.118577974310E-02
 5525.0 0.117969476625E-02
 5525.9 0.117292033112E-02
 5526.8 0.116590721026E-02
 5527.7 0.116066768673E-02
 5528.6 0.115708904022E-02
 5529.5 0.115910364858E-02
 5530.4 0.116444965763E-02
 5531.3 0.117233403555E-02
 5532.2 0.117941969046E-02
 5533.1 0.118451784025E-02
 5534.0 0.118773173194E-02
 5534.9 0.118966930294E-02
 5535.8 0.119181497703E-02
 5536.7 0.119422114504E-02
 5537.6 0.119740288498E-02
 5538.5 0.120046951845E-02
 5539.4 0.120329615176E-02
 5540.3 0.120451263004E-02
 5541.2 0.120496110908E-02
 5542.1 0.120441418996E-02
 5543.0 0.120366905155E-02
 5543.9 0.120310929684E-02
 5544.8 0.120305231238E-02
 5545.7 0.120371684932E-02
 5546.6 0.120470023156E-02
 5547.5 0.120602704511E-02
 5548.4 0.120706376140E-02
 5549.3 0.120773337257E-02
 5550.2 0.120740102320E-02
 5551.1 0.120559805089E-02
 5552.0 0.120282493014E-02
 5552.9 0.119852302272E-02
 5553.8 0.119447246854E-02
 5554.7 0.119073698126E-02
 5555.6 0.118843726054E-02
 5556.5 0.118692501312E-02
 5557.4 0.118601281311E-02
 5558.3 0.118558345101E-02
 5559.2 0.118463406041E-02
 5560.1 0.118321659226E-02
 5561.0 0.118054691250E-02
 5561.9 0.117721378376E-02
 5562.8 0.117315225299E-02
 5563.7 0.116780025392E-02
 5564.6 0.116272368211E-02
 5565.5 0.115810844133E-02
 5566.4 0.115515380113E-02
 5567.3 0.115249981962E-02
 5568.2 0.115003987682E-02
 5569.1 0.114715232543E-02
 5570.0 0.114439396621E-02
 5570.9 0.114206527840E-02
 5571.8 0.114102712569E-02
 5572.7 0.114119280583E-02
 5573.6 0.114370233148E-02
 5574.5 0.114899950888E-02
 5575.4 0.115507988237E-02
 5576.3 0.116058742854E-02
 5577.2 0.116372192702E-02
 5578.1 0.116550126573E-02
 5579.0 0.116573544941E-02
 5579.9 0.116495481194E-02
 5580.8 0.116329083367E-02
 5581.7 0.115922977596E-02
 5582.6 0.115349786885E-02
 5583.5 0.114645061532E-02
 5584.4 0.113706299916E-02
 5585.3 0.112650246419E-02
 5586.2 0.111500027292E-02
 5587.1 0.110636517564E-02
 5588.0 0.110154010460E-02
 5588.9 0.110066297929E-02
 5589.8 0.110717952166E-02
 5590.7 0.111596994905E-02
 5591.6 0.112731872285E-02
 5592.5 0.113756706503E-02
 5593.4 0.114646759603E-02
 5594.3 0.115341192685E-02
 5595.2 0.115728738190E-02
 5596.1 0.115924996192E-02
 5597.0 0.115841473669E-02
 5597.9 0.115547489102E-02
 5598.8 0.115169519825E-02
 5599.7 0.114703641441E-02
 5600.6 0.114468005768E-02
 5601.5 0.114434336279E-02
 5602.4 0.114821580722E-02
 5603.3 0.115458240931E-02
 5604.2 0.116241533450E-02
 5605.1 0.117222732994E-02
 5606.0 0.118118672430E-02
 5606.9 0.118905625879E-02
 5607.8 0.119271078568E-02
 5608.7 0.119375756719E-02
 5609.6 0.119288164912E-02
 5610.5 0.118932880053E-02
 5611.4 0.118390895373E-02
 5612.3 0.117687988313E-02
 5613.2 0.116604101339E-02
 5614.1 0.115547083688E-02
 5615.0 0.114516344826E-02
 5615.9 0.114001991092E-02
 5616.8 0.113828005886E-02
 5617.7 0.114049978034E-02
 5618.6 0.114854507609E-02
 5619.5 0.115678567064E-02
 5620.4 0.116465542725E-02
 5621.3 0.116831624596E-02
 5622.2 0.116992731072E-02
 5623.1 0.116884646165E-02
 5624.0 0.116592419276E-02
 5624.9 0.116418615553E-02
 5625.8 0.116609291982E-02
 5626.7 0.117441750065E-02
 5627.6 0.118384274393E-02
 5628.5 0.119099805939E-02
 5629.4 0.119090425983E-02
 5630.3 0.118788487962E-02
 5631.2 0.118418780552E-02
 5632.1 0.118386021261E-02
 5633.0 0.118503777161E-02
 5633.9 0.118546824444E-02
 5634.8 0.118375963929E-02
 5635.7 0.118073722946E-02
 5636.6 0.117757391124E-02
 5637.5 0.117524892160E-02
 5638.4 0.117366928245E-02
 5639.3 0.117451555484E-02
 5640.2 0.117642555780E-02
 5641.1 0.117931746591E-02
 5642.0 0.118201255899E-02
 5642.9 0.118451545903E-02
 5643.8 0.118680190719E-02
 5644.7 0.118920530762E-02
 5645.6 0.119167713752E-02
 5646.5 0.119423454118E-02
 5647.4 0.119294704693E-02
 5648.3 0.118737348252E-02
 5649.2 0.117519894162E-02
 5650.1 0.116686872415E-02
 5651.0 0.115984449406E-02
 5651.9 0.115407781710E-02
 5652.8 0.114934801307E-02
 5653.7 0.114509308651E-02
 5654.6 0.114139238476E-02
 5655.5 0.113875386839E-02
 5656.4 0.113671779055E-02
 5657.3 0.113551906947E-02
 5658.2 0.113450117695E-02
 5659.1 0.113410033058E-02
 5660.0 0.113646221035E-02
 5660.9 0.114005855916E-02
 5661.8 0.114455990220E-02
 5662.7 0.115066529850E-02
 5663.6 0.115705834076E-02
 5664.5 0.116364844324E-02
 5665.4 0.117013624575E-02
 5666.3 0.117621961641E-02
 5667.2 0.118194011253E-02
 5668.1 0.118648169896E-02
 5669.0 0.119004844984E-02
 5669.9 0.119257313515E-02
 5670.8 0.119338046796E-02
 5671.7 0.119353855567E-02
 5672.6 0.119294322953E-02
 5673.5 0.119119899262E-02
 5674.4 0.118879335552E-02
 5675.3 0.118550572603E-02
 5676.2 0.118154843599E-02
 5677.1 0.117735083453E-02
 5678.0 0.117289487322E-02
 5678.9 0.116846089841E-02
 5679.8 0.116419735490E-02
 5680.7 0.116036066853E-02
 5681.6 0.115744016774E-02
 5682.5 0.115521005886E-02
 5683.4 0.115430350778E-02
 5684.3 0.115639948880E-02
 5685.2 0.115993722020E-02
 5686.1 0.116426034051E-02
 5687.0 0.116851857828E-02
 5687.9 0.117238801377E-02
 5688.8 0.117379173054E-02
 5689.7 0.117340418231E-02
 5690.6 0.117176018543E-02
 5691.5 0.116934197115E-02
 5692.4 0.116673269618E-02
 5693.3 0.116399745809E-02
 5694.2 0.116256240669E-02
 5695.1 0.116106096352E-02
 5696.0 0.115949253581E-02
 5696.9 0.115739165510E-02
 5697.8 0.115512823875E-02
 5698.7 0.115268231815E-02
 5699.6 0.114985684775E-02
 5700.5 0.114697697822E-02
 5701.4 0.114406365507E-02
 5702.3 0.114113306414E-02
 5703.2 0.113794711057E-02
 5704.1 0.113428005501E-02
 5705.0 0.113080630337E-02
 5705.9 0.112761589108E-02
 5706.8 0.112500507461E-02
 5707.7 0.112394569085E-02
 5708.6 0.112409248547E-02
 5709.5 0.112654472700E-02
 5710.4 0.113072076572E-02
 5711.3 0.113583685341E-02
 5712.2 0.114204725948E-02
 5713.1 0.114854729583E-02
 5714.0 0.115511691393E-02
 5714.9 0.116121992873E-02
 5715.8 0.116615633215E-02
 5716.7 0.117023245609E-02
 5717.6 0.117299405187E-02
 5718.5 0.117443004442E-02
 5719.4 0.117484120049E-02
 5720.3 0.117532118147E-02
 5721.2 0.117603082639E-02
 5722.1 0.117695917516E-02
 5723.0 0.117891779896E-02
 5723.9 0.118113891307E-02
 5724.8 0.118365052192E-02
 5725.7 0.118533572523E-02
 5726.6 0.118682363131E-02
 5727.5 0.118810953944E-02
 5728.4 0.118887645399E-02
 5729.3 0.118973975910E-02
 5730.2 0.119089638522E-02
 5731.1 0.119253254557E-02
 5732.0 0.119440450877E-02
 5732.9 0.119659111173E-02
 5733.8 0.119879159787E-02
 5734.7 0.120067449744E-02
 5735.6 0.120162643925E-02
 5736.5 0.120181249743E-02
 5737.4 0.120115757768E-02
 5738.3 0.119834103768E-02
 5739.2 0.119504092356E-02
 5740.1 0.119148071761E-02
 5741.0 0.118774242927E-02
 5741.9 0.118465497069E-02
 5742.8 0.118209754672E-02
 5743.7 0.118080681819E-02
 5744.6 0.117983896204E-02
 5745.5 0.117910313205E-02
 5746.4 0.117829617557E-02
 5747.3 0.117657386319E-02
 5748.2 0.117402824174E-02
 5749.1 0.117090058672E-02
 5750.0 0.116780082981E-02
 5750.9 0.116473183906E-02
 5751.8 0.116295865113E-02
 5752.7 0.116219576767E-02
 5753.6 0.116271039740E-02
 5754.5 0.116425160232E-02
 5755.4 0.116604023743E-02
 5756.3 0.116805037069E-02
 5757.2 0.116894699358E-02
 5758.1 0.116944017898E-02
 5759.0 0.116950530880E-02
 5759.9 0.116949616539E-02
 5760.8 0.116963414992E-02
 5761.7 0.117021865726E-02
 5762.6 0.117183664026E-02
 5763.5 0.117386356624E-02
 5764.4 0.117608987679E-02
 5765.3 0.117821380485E-02
 5766.2 0.118017856412E-02
 5767.1 0.118158173050E-02
 5768.0 0.118249398287E-02
 5768.9 0.118306094009E-02
 5769.8 0.118308010925E-02
 5770.7 0.118272763731E-02
 5771.6 0.118206897908E-02
 5772.5 0.118070624938E-02
 5773.4 0.117910192437E-02
 5774.3 0.117728209551E-02
 5775.2 0.117479022851E-02
 5776.1 0.117168821990E-02
 5777.0 0.116795116598E-02
 5777.9 0.116324622849E-02
 5778.8 0.115843814021E-02
 5779.7 0.115354379483E-02
 5780.6 0.114937223920E-02
 5781.5 0.114632672004E-02
 5782.4 0.114495070021E-02
 5783.3 0.114499834304E-02
 5784.2 0.114571342423E-02
 5785.1 0.114729532945E-02
 5786.0 0.114936929387E-02
 5786.9 0.115167485491E-02
 5787.8 0.115427316229E-02
 5788.7 0.115776233731E-02
 5789.6 0.116169536663E-02
 5790.5 0.116615911424E-02
 5791.4 0.117214054190E-02
 5792.3 0.117861290846E-02
 5793.2 0.118449589847E-02
 5794.1 0.118906588267E-02
 5795.0 0.119251785226E-02
 5795.9 0.119311558366E-02
 5796.8 0.119122753885E-02
 5797.7 0.118768196509E-02
 5798.6 0.118361671967E-02
 5799.5 0.117953446659E-02
 5800.4 0.117550776592E-02
 5801.3 0.117371719110E-02
 5802.2 0.117241986576E-02
 5803.1 0.117160709829E-02
 5804.0 0.117128995208E-02
 5804.9 0.117119805658E-02
 5805.8 0.117136489753E-02
 5806.7 0.117194368398E-02
 5807.6 0.117276749999E-02
 5808.5 0.117390781744E-02
 5809.4 0.117525417504E-02
 5810.3 0.117648417664E-02
 5811.2 0.117744557034E-02
 5812.1 0.117814996766E-02
 5813.0 0.117870174808E-02
 5813.9 0.117902413353E-02
 5814.8 0.117954791760E-02
 5815.7 0.118034079388E-02
 5816.6 0.118176873366E-02
 5817.5 0.118354672964E-02
 5818.4 0.118549068936E-02
 5819.3 0.118756473592E-02
 5820.2 0.118915633912E-02
 5821.1 0.119040552565E-02
 5822.0 0.119103114459E-02
 5822.9 0.119101021639E-02
 5823.8 0.119055766517E-02
 5824.7 0.118975284411E-02
 5825.6 0.118887107771E-02
 5826.5 0.118792093886E-02
 5827.4 0.118674879175E-02
 5828.3 0.118562332702E-02
 5829.2 0.118454114593E-02
 5830.1 0.118354702259E-02
 5831.0 0.118268698631E-02
 5831.9 0.118197883748E-02
 5832.8 0.118144924843E-02
 5833.7 0.118103102105E-02
 5834.6 0.118075337081E-02
 5835.5 0.118110072944E-02
 5836.4 0.118160633052E-02
 5837.3 0.118225402174E-02
 5838.2 0.118305296549E-02
 5839.1 0.118369857874E-02
 5840.0 0.118394708704E-02
 5840.9 0.118349051023E-02
 5841.8 0.118263260695E-02
 5842.7 0.118117984516E-02
 5843.6 0.117932279957E-02
 5844.5 0.117724381322E-02
 5845.4 0.117487436131E-02
 5846.3 0.117227028574E-02
 5847.2 0.116950286187E-02
 5848.1 0.116644235732E-02
 5849.0 0.116327988486E-02
 5849.9 0.116005247342E-02
 5850.8 0.115677273109E-02
 5851.7 0.115357400454E-02
 5852.6 0.115044688748E-02
 5853.5 0.114754358810E-02
 5854.4 0.114473744666E-02
 5855.3 0.114202015749E-02
 5856.2 0.113979262500E-02
 5857.1 0.113797038233E-02
 5858.0 0.113658331260E-02
 5858.9 0.113634966158E-02
 5859.8 0.113701515805E-02
 5860.7 0.113879821599E-02
 5861.6 0.114149695864E-02
 5862.5 0.114449277411E-02
 5863.4 0.114781747015E-02
 5864.3 0.115104381414E-02
 5865.2 0.115412783861E-02
 5866.1 0.115695564230E-02
 5867.0 0.115957190048E-02
 5867.9 0.116196667639E-02
 5868.8 0.116392025024E-02
 5869.7 0.116526110625E-02
 5870.6 0.116611416284E-02
 5871.5 0.116599154474E-02
 5872.4 0.116503306882E-02
 5873.3 0.116347954544E-02
 5874.2 0.116080496780E-02
 5875.1 0.115732452758E-02
 5876.0 0.115330465480E-02
 5876.9 0.114854246799E-02
 5877.8 0.114333919608E-02
 5878.7 0.113789184319E-02
 5879.6 0.113309323699E-02
 5880.5 0.112769904354E-02
 5881.4 0.112178143630E-02
 5882.3 0.111446805779E-02
 5883.2 0.110530771714E-02
 5884.1 0.109427562290E-02
 5885.0 0.107933340969E-02
 5885.9 0.106393357859E-02
 5886.8 0.104810903930E-02
 5887.7 0.103365643607E-02
 5888.6 0.102169597792E-02
 5889.5 0.101337834015E-02
 5890.4 0.100925719962E-02
 5891.3 0.100743696674E-02
 5892.2 0.100880636773E-02
 5893.1 0.101377593941E-02
 5894.0 0.102084667334E-02
 5894.9 0.103106353410E-02
 5895.8 0.104321027240E-02
 5896.7 0.105627544290E-02
 5897.6 0.107038267043E-02
 5898.5 0.108457086662E-02
 5899.4 0.109860940701E-02
 5900.3 0.111187272583E-02
 5901.2 0.112340594820E-02
 5902.1 0.113361811482E-02
 5903.0 0.114105684704E-02
 5903.9 0.114522670090E-02
 5904.8 0.114716794703E-02
 5905.7 0.114736541906E-02
 5906.6 0.114707806772E-02
 5907.5 0.114644372203E-02
 5908.4 0.114661112343E-02
 5909.3 0.114713102491E-02
 5910.2 0.114798810038E-02
 5911.1 0.114863671971E-02
 5912.0 0.114928342651E-02
 5912.9 0.114993147466E-02
 5913.8 0.115070269651E-02
 5914.7 0.115154113572E-02
 5915.6 0.115246425567E-02
 5916.5 0.115347036601E-02
 5917.4 0.115440242918E-02
 5918.3 0.115518190004E-02
 5919.2 0.115565894805E-02
 5920.1 0.115598954771E-02
 5921.0 0.115612688993E-02
 5921.9 0.115596856212E-02
 5922.8 0.115554468001E-02
 5923.7 0.115458858655E-02
 5924.6 0.115332311914E-02
 5925.5 0.115187464618E-02
 5926.4 0.115015930916E-02
 5927.3 0.114859233885E-02
 5928.2 0.114716393687E-02
 5929.1 0.114611317550E-02
 5930.0 0.114556400581E-02
 5930.9 0.114536288267E-02
 5931.8 0.114560653384E-02
 5932.7 0.114633844694E-02
 5933.6 0.114743308997E-02
 5934.5 0.114860746782E-02
 5935.4 0.114959208837E-02
 5936.3 0.115040540582E-02
 5937.2 0.115056763157E-02
 5938.1 0.115027386612E-02
 5939.0 0.114947498631E-02
 5939.9 0.114865347674E-02
 5940.8 0.114783197627E-02
 5941.7 0.114701214866E-02
 5942.6 0.114650868553E-02
 5943.5 0.114608276608E-02
 5944.4 0.114572687624E-02
 5945.3 0.114517477304E-02
 5946.2 0.114459659219E-02
 5947.1 0.114403840530E-02
 5948.0 0.114352378332E-02
 5948.9 0.114308526699E-02
 5949.8 0.114282224862E-02
 5950.7 0.114280642467E-02
 5951.6 0.114295356783E-02
 5952.5 0.114337944624E-02
 5953.4 0.114403574839E-02
 5954.3 0.114482774366E-02
 5955.2 0.114578727149E-02
 5956.1 0.114682890139E-02
 5957.0 0.114792269352E-02
 5957.9 0.114906512219E-02
 5958.8 0.115024112813E-02
 5959.7 0.115144187333E-02
 5960.6 0.115266418370E-02
 5961.5 0.115392221403E-02
 5962.4 0.115520957105E-02
 5963.3 0.115642177735E-02
 5964.2 0.115747606899E-02
 5965.1 0.115836526805E-02
 5966.0 0.115879336152E-02
 5966.9 0.115878293116E-02
 5967.8 0.115823186023E-02
 5968.7 0.115704374140E-02
 5969.6 0.115550823669E-02
 5970.5 0.115351893961E-02
 5971.4 0.115090392751E-02
 5972.3 0.114799572933E-02
 5973.2 0.114470682239E-02
 5974.1 0.114185464142E-02
 5975.0 0.113926826175E-02
 5975.9 0.113709283305E-02
 5976.8 0.113644017256E-02
 5977.7 0.113639132400E-02
 5978.6 0.113673677481E-02
 5979.5 0.113694717355E-02
 5980.4 0.113699463127E-02
 5981.3 0.113656107844E-02
 5982.2 0.113552753046E-02
 5983.1 0.113426430944E-02
 5984.0 0.113355796526E-02
 5984.9 0.113325310119E-02
 5985.8 0.113336354824E-02
 5986.7 0.113524265574E-02
 5987.6 0.113750767303E-02
 5988.5 0.114008052776E-02
 5989.4 0.114257665720E-02
 5990.3 0.114462300073E-02
 5991.2 0.114622551579E-02
 5992.1 0.114610128418E-02
 5993.0 0.114539566385E-02
 5993.9 0.114403334268E-02
 5994.8 0.114194453481E-02
 5995.7 0.113968261806E-02
 5996.6 0.113724807633E-02
 5997.5 0.113483896524E-02
 5998.4 0.113263419749E-02
 5999.3 0.113080221187E-02
 6000.2 0.112907871879E-02
 6001.1 0.112745141186E-02
 6002.0 0.112599553986E-02
 6002.9 0.112424952701E-02
 6003.8 0.112241149515E-02
 6004.7 0.112055227982E-02
 6005.6 0.111903416162E-02
 6006.5 0.111777326352E-02
 6007.4 0.111702716146E-02
 6008.3 0.111666268277E-02
 6009.2 0.111649352922E-02
 6010.1 0.111637312463E-02
 6011.0 0.111604032863E-02
 6011.9 0.111553010773E-02
 6012.8 0.111456684710E-02
 6013.7 0.111352572203E-02
 6014.6 0.111241498854E-02
 6015.5 0.111107020057E-02
 6016.4 0.110970841061E-02
 6017.3 0.110833078617E-02
 6018.2 0.110747163396E-02
 6019.1 0.110697249971E-02
 6020.0 0.110688016976E-02
 6020.9 0.110858936307E-02
 6021.8 0.111085917355E-02
 6022.7 0.111375890285E-02
 6023.6 0.111725852612E-02
 6024.5 0.112084821392E-02
 6025.4 0.112446566519E-02
 6026.3 0.112779209005E-02
 6027.2 0.113087733558E-02
 6028.1 0.113355652699E-02
 6029.0 0.113580742007E-02
 6029.9 0.113767578743E-02
 6030.8 0.113879252670E-02
 6031.7 0.113941051582E-02
 6032.6 0.113974955222E-02
 6033.5 0.113971241391E-02
 6034.4 0.113957347059E-02
 6035.3 0.113940620121E-02
 6036.2 0.113933536881E-02
 6037.1 0.113915667335E-02
 6038.0 0.113889318726E-02
 6038.9 0.113844440750E-02
 6039.8 0.113752198109E-02
 6040.7 0.113624644753E-02
 6041.6 0.113472975398E-02
 6042.5 0.113330069118E-02
 6043.4 0.113195375711E-02
 6044.3 0.113136803101E-02
 6045.2 0.113162894610E-02
 6046.1 0.113280298227E-02
 6047.0 0.113441313275E-02
 6047.9 0.113600759777E-02
 6048.8 0.113755438183E-02
 6049.7 0.113726633817E-02
 6050.6 0.113628887281E-02
 6051.5 0.113449902124E-02
 6052.4 0.113238276221E-02
 6053.3 0.113059346468E-02
 6054.2 0.112958977046E-02
 6055.1 0.113227059370E-02
 6056.0 0.113599455292E-02
 6056.9 0.114007084857E-02
 6057.8 0.114392387151E-02
 6058.7 0.114668886197E-02
 6059.6 0.114597211903E-02
 6060.5 0.114265285703E-02
 6061.4 0.113800223287E-02
 6062.3 0.113232940703E-02
 6063.2 0.112695007560E-02
 6064.1 0.112226236016E-02
 6065.0 0.112136189718E-02
 6065.9 0.112146395581E-02
 6066.8 0.112238914825E-02
 6067.7 0.112522295378E-02
 6068.6 0.112922552300E-02
 6069.5 0.113423505122E-02
 6070.4 0.114099453822E-02
 6071.3 0.114706206655E-02
 6072.2 0.115242522440E-02
 6073.1 0.115558670614E-02
 6074.0 0.115527127859E-02
 6074.9 0.115069483078E-02
 6075.8 0.114311730767E-02
 6076.7 0.113497985212E-02
 6077.6 0.112638735813E-02
 6078.5 0.111969187800E-02
 6079.4 0.111485113263E-02
 6080.3 0.111301976373E-02
 6081.2 0.111308366296E-02
 6082.1 0.111389401031E-02
 6083.0 0.111548598019E-02
 6083.9 0.111669610590E-02
 6084.8 0.111765096767E-02
 6085.7 0.111816779200E-02
 6086.6 0.111817855250E-02
 6087.5 0.111793026878E-02
 6088.4 0.111743818176E-02
 6089.3 0.111677844898E-02
 6090.2 0.111601745020E-02
 6091.1 0.111515519937E-02
 6092.0 0.111413345489E-02
 6092.9 0.111296954982E-02
 6093.8 0.111137211015E-02
 6094.7 0.110949795832E-02
 6095.6 0.110740202996E-02
 6096.5 0.110516130018E-02
 6097.4 0.110281257402E-02
 6098.3 0.110036008662E-02
 6099.2 0.109725463967E-02
 6100.1 0.109445316524E-02
 6101.0 0.109202229446E-02
 6101.9 0.109055328511E-02
 6102.8 0.109033361008E-02
 6103.7 0.109182858288E-02
 6104.6 0.109542449190E-02
 6105.5 0.109947864410E-02
 6106.4 0.110385343881E-02
 6107.3 0.110798262103E-02
 6108.2 0.111124035458E-02
 6109.1 0.111263095605E-02
 6110.0 0.111326988116E-02
 6110.9 0.111349512575E-02
 6111.8 0.111312945304E-02
 6112.7 0.111232435899E-02
 6113.6 0.111124098386E-02
 6114.5 0.110970767056E-02
 6115.4 0.110745381402E-02
 6116.3 0.110475690956E-02
 6117.2 0.110150031628E-02
 6118.1 0.109719885406E-02
 6119.0 0.109230192462E-02
 6119.9 0.108764509835E-02
 6120.8 0.108363449141E-02
 6121.7 0.108023833033E-02
 6122.6 0.107946208491E-02
 6123.5 0.108064901014E-02
 6124.4 0.108361609857E-02
 6125.3 0.108771969522E-02
 6126.2 0.109179152160E-02
 6127.1 0.109582659132E-02
 6128.0 0.109722262956E-02
 6128.9 0.109760940533E-02
 6129.8 0.109681406679E-02
 6130.7 0.109440128260E-02
 6131.6 0.109129079671E-02
 6132.5 0.108731384848E-02
 6133.4 0.108204069444E-02
 6134.3 0.107666949126E-02
 6135.2 0.107159304376E-02
 6136.1 0.106749478530E-02
 6137.0 0.106471762710E-02
 6137.9 0.106484437628E-02
 6138.8 0.106708313475E-02
 6139.7 0.107039142217E-02
 6140.6 0.107492190436E-02
 6141.5 0.107958876479E-02
 6142.4 0.108409824754E-02
 6143.3 0.108751765758E-02
 6144.2 0.109036392422E-02
 6145.1 0.109276215412E-02
 6146.0 0.109418684828E-02
 6146.9 0.109476586845E-02
 6147.8 0.109467420180E-02
 6148.7 0.109337738516E-02
 6149.6 0.109183485510E-02
 6150.5 0.109008002049E-02
 6151.4 0.108817312048E-02
 6152.3 0.108700719874E-02
 6153.2 0.108661938855E-02
 6154.1 0.108583372883E-02
 6155.0 0.108457328622E-02
 6155.9 0.108272048840E-02
 6156.8 0.107795535718E-02
 6157.7 0.107176185634E-02
 6158.6 0.106374482679E-02
 6159.5 0.105523321759E-02
 6160.4 0.104696571794E-02
 6161.3 0.103934422785E-02
 6162.2 0.103568200341E-02
 6163.1 0.103364715545E-02
 6164.0 0.103336252285E-02
 6164.9 0.103471529086E-02
 6165.8 0.103682441535E-02
 6166.7 0.103970377169E-02
 6167.6 0.104294570389E-02
 6168.5 0.104641566985E-02
 6169.4 0.105023618819E-02
 6170.3 0.105432485935E-02
 6171.2 0.105865445839E-02
 6172.1 0.106365351592E-02
 6173.0 0.106873480250E-02
 6173.9 0.107384745228E-02
 6174.8 0.107869799258E-02
 6175.7 0.108296907389E-02
 6176.6 0.108672209330E-02
 6177.5 0.108871440787E-02
 6178.4 0.109020626270E-02
 6179.3 0.109120208665E-02
 6180.2 0.109153345174E-02
 6181.1 0.109179168680E-02
 6182.0 0.109198025622E-02
 6182.9 0.109195198894E-02
 6183.8 0.109168106514E-02
 6184.7 0.109107231754E-02
 6185.6 0.108995003084E-02
 6186.5 0.108839691805E-02
 6187.4 0.108617738800E-02
 6188.3 0.108409583524E-02
 6189.2 0.108221485680E-02
 6190.1 0.108073705631E-02
 6191.0 0.108053567934E-02
 6191.9 0.108101926547E-02
 6192.8 0.108244491759E-02
 6193.7 0.108395858597E-02
 6194.6 0.108549627640E-02
 6195.5 0.108699275584E-02
 6196.4 0.108772957415E-02
 6197.3 0.108810519574E-02
 6198.2 0.108855760838E-02
 6199.1 0.108914846772E-02
 6200.0 0.108989741086E-02
 6200.9 0.109135383049E-02
 6201.8 0.109317873920E-02
 6202.7 0.109529699701E-02
 6203.6 0.109770642625E-02
 6204.5 0.109988808308E-02
 6205.4 0.110185666248E-02
 6206.3 0.110231706059E-02
 6207.2 0.110207670857E-02
 6208.1 0.110104744328E-02
 6209.0 0.109851057614E-02
 6209.9 0.109540947575E-02
 6210.8 0.109164714811E-02
 6211.7 0.108710938036E-02
 6212.6 0.108267521191E-02
 6213.5 0.107859242971E-02
 6214.4 0.107512956398E-02
 6215.3 0.107246491988E-02
 6216.2 0.107129421301E-02
 6217.1 0.107114791535E-02
 6218.0 0.107150660029E-02
 6218.9 0.107250814695E-02
 6219.8 0.107388911694E-02
 6220.7 0.107545423360E-02
 6221.6 0.107719893487E-02
 6222.5 0.107874355695E-02
 6223.4 0.108008419651E-02
 6224.3 0.108083332682E-02
 6225.2 0.108001925773E-02
 6226.1 0.107815443992E-02
 6227.0 0.107508314732E-02
 6227.9 0.107167103039E-02
 6228.8 0.106807249959E-02
 6229.7 0.106544194713E-02
 6230.6 0.106430677482E-02
 6231.5 0.106449854889E-02
 6232.4 0.106589986460E-02
 6233.3 0.106757457986E-02
 6234.2 0.106954547798E-02
 6235.1 0.107081431032E-02
 6236.0 0.107166225331E-02
 6236.9 0.107199435895E-02
 6237.8 0.107138679673E-02
 6238.7 0.107031633548E-02
 6239.6 0.106864907204E-02
 6240.5 0.106536850337E-02
 6241.4 0.106172937939E-02
 6242.3 0.105792782361E-02
 6243.2 0.105435847418E-02
 6244.1 0.105140479806E-02
 6245.0 0.104991818580E-02
 6245.9 0.104982832075E-02
 6246.8 0.105037343822E-02
 6247.7 0.105150390851E-02
 6248.6 0.105254948564E-02
 6249.5 0.105313209068E-02
 6250.4 0.105168111248E-02
 6251.3 0.104980540375E-02
 6252.2 0.104767061164E-02
 6253.1 0.104533371801E-02
 6254.0 0.104370904219E-02
 6254.9 0.104268779630E-02
 6255.8 0.104326000047E-02
 6256.7 0.104478573909E-02
 6257.6 0.104712320632E-02
 6258.5 0.105031524448E-02
 6259.4 0.105375115825E-02
 6260.3 0.105743642797E-02
 6261.2 0.106101635482E-02
 6262.1 0.106434774275E-02
 6263.0 0.106737130278E-02
 6263.9 0.106993439567E-02
 6264.8 0.107219391909E-02
 6265.7 0.107404696269E-02
 6266.6 0.107570701215E-02
 6267.5 0.107724637367E-02
 6268.4 0.107860996670E-02
 6269.3 0.107981730696E-02
 6270.2 0.108087168369E-02
 6271.1 0.108163808024E-02
 6272.0 0.108209255334E-02
 6272.9 0.108239338149E-02
 6273.8 0.108251091953E-02
 6274.7 0.108249340978E-02
 6275.6 0.108245196853E-02
 6276.5 0.108254176147E-02
 6277.4 0.108259175218E-02
 6278.3 0.108258318201E-02
 6279.2 0.108233292642E-02
 6280.1 0.108194471786E-02
 6281.0 0.108145343559E-02
 6281.9 0.108079877735E-02
 6282.8 0.108018284064E-02
 6283.7 0.107960942014E-02
 6284.6 0.107937497041E-02
 6285.5 0.107913640786E-02
 6286.4 0.107889387617E-02
 6287.3 0.107857232443E-02
 6288.2 0.107822540922E-02
 6289.1 0.107785003824E-02
 6290.0 0.107735551556E-02
 6290.9 0.107683399707E-02
 6291.8 0.107628573070E-02
 6292.7 0.107533948251E-02
 6293.6 0.107387303842E-02
 6294.5 0.107156107039E-02
 6295.4 0.106868986027E-02
 6296.3 0.106557907761E-02
 6297.2 0.106218264482E-02
 6298.1 0.105919106493E-02
 6299.0 0.105653425434E-02
 6299.9 0.105452539195E-02
 6300.8 0.105340605392E-02
 6301.7 0.105280307016E-02
 6302.6 0.105292452250E-02
 6303.5 0.105424999628E-02
 6304.4 0.105624937507E-02
 6305.3 0.105880256628E-02
 6306.2 0.106125358147E-02
 6307.1 0.106348414994E-02
 6308.0 0.106428114182E-02
 6308.9 0.106364379146E-02
 6309.8 0.106186164209E-02
 6310.7 0.105847992983E-02
 6311.6 0.105475716022E-02
 6312.5 0.105072374603E-02
 6313.4 0.104684055190E-02
 6314.3 0.104328787709E-02
 6315.2 0.104010423230E-02
 6316.1 0.103812441936E-02
 6317.0 0.103698690663E-02
 6317.9 0.103691404666E-02
 6318.8 0.103940742381E-02
 6319.7 0.104270101620E-02
 6320.6 0.104684753843E-02
 6321.5 0.105134864964E-02
 6322.4 0.105560966970E-02
 6323.3 0.105921836767E-02
 6324.2 0.106173384570E-02
 6325.1 0.106351642668E-02
 6326.0 0.106407368150E-02
 6326.9 0.106351388664E-02
 6327.8 0.106206707536E-02
 6328.7 0.105881597363E-02
 6329.6 0.105523040747E-02
 6330.5 0.105148261671E-02
 6331.4 0.104767062660E-02
 6332.3 0.104428562472E-02
 6333.2 0.104123863734E-02
 6334.1 0.103894867335E-02
 6335.0 0.103712713368E-02
 6335.9 0.103571352374E-02
 6336.8 0.103549662643E-02
 6337.7 0.103680572026E-02
 6338.6 0.103943970185E-02
 6339.5 0.104314792388E-02
 6340.4 0.104707510413E-02
 6341.3 0.105123324030E-02
 6342.2 0.105453601289E-02
 6343.1 0.105728250014E-02
 6344.0 0.105935293881E-02
 6344.9 0.106117696921E-02
 6345.8 0.106281623555E-02
 6346.7 0.106419868602E-02
 6347.6 0.106546831067E-02
 6348.5 0.106649336766E-02
 6349.4 0.106706636278E-02
 6350.3 0.106682065514E-02
 6351.2 0.106609645214E-02
 6352.1 0.106465078062E-02
 6353.0 0.106237182901E-02
 6353.9 0.105966232789E-02
 6354.8 0.105641194102E-02
 6355.7 0.105296952832E-02
 6356.6 0.104939525630E-02
 6357.5 0.104558535915E-02
 6358.4 0.104217173225E-02
 6359.3 0.103913336111E-02
 6360.2 0.103721705414E-02
 6361.1 0.103644393414E-02
 6362.0 0.103663657339E-02
 6362.9 0.103936855237E-02
 6363.8 0.104264871988E-02
 6364.7 0.104638275068E-02
 6365.6 0.105045828676E-02
 6366.5 0.105408089563E-02
 6367.4 0.105725258584E-02
 6368.3 0.105955241600E-02
 6369.2 0.106142565488E-02
 6370.1 0.106280420526E-02
 6371.0 0.106338861809E-02
 6371.9 0.106343435462E-02
 6372.8 0.106276613566E-02
 6373.7 0.106184096556E-02
 6374.6 0.106081162265E-02
 6375.5 0.105965680596E-02
 6376.4 0.105872716746E-02
 6377.3 0.105786913430E-02
 6378.2 0.105706543520E-02
 6379.1 0.105610123718E-02
 6380.0 0.105511390913E-02
 6380.9 0.105420188818E-02
 6381.8 0.105351691278E-02
 6382.7 0.105300840594E-02
 6383.6 0.105286518755E-02
 6384.5 0.105277322563E-02
 6385.4 0.105263963287E-02
 6386.3 0.105210557642E-02
 6387.2 0.105118323446E-02
 6388.1 0.104995241733E-02
 6389.0 0.104804987905E-02
 6389.9 0.104602033308E-02
 6390.8 0.104389859810E-02
 6391.7 0.104189195793E-02
 6392.6 0.103990070938E-02
 6393.5 0.103792392365E-02
 6394.4 0.103600499650E-02
 6395.3 0.103403683049E-02
 6396.2 0.103201121276E-02
 6397.1 0.102996115604E-02
 6398.0 0.102821018138E-02
 6398.9 0.102688596801E-02
 6399.8 0.102622939582E-02
 6400.7 0.102635274082E-02
 6401.6 0.102770071656E-02
 6402.5 0.102965086377E-02
 6403.4 0.103173466870E-02
 6404.3 0.103385412876E-02
 6405.2 0.103539293457E-02
 6406.1 0.103639188900E-02
 6407.0 0.103630548595E-02
 6407.9 0.103561114012E-02
 6408.8 0.103464008791E-02
 6409.7 0.103345357822E-02
 6410.6 0.103263385702E-02
 6411.5 0.103208400537E-02
 6412.4 0.103206739281E-02
 6413.3 0.103255318179E-02
 6414.2 0.103333929790E-02
 6415.1 0.103419299129E-02
 6416.0 0.103486892816E-02
 6416.9 0.103539621773E-02
 6417.8 0.103557478532E-02
 6418.7 0.103572374858E-02
 6419.6 0.103584965358E-02
 6420.5 0.103669115948E-02
 6421.4 0.103782604574E-02
 6422.3 0.103928017883E-02
 6423.2 0.104119224935E-02
 6424.1 0.104303910777E-02
 6425.0 0.104476874870E-02
 6425.9 0.104571742319E-02
 6426.8 0.104627355956E-02
 6427.7 0.104632016007E-02
 6428.6 0.104586034793E-02
 6429.5 0.104523217063E-02
 6430.4 0.104443872362E-02
 6431.3 0.104360420246E-02
 6432.2 0.104291422580E-02
 6433.1 0.104263353217E-02
 6434.0 0.104246503239E-02
 6434.9 0.104235705250E-02
 6435.8 0.104232870992E-02
 6436.7 0.104238097201E-02
 6437.6 0.104246650317E-02
 6438.5 0.104254413973E-02
 6439.4 0.104306199776E-02
 6440.3 0.104390037386E-02
 6441.2 0.104531918941E-02
 6442.1 0.104684052080E-02
 6443.0 0.104840124367E-02
 6443.9 0.104956037270E-02
 6444.8 0.104960991482E-02
 6445.7 0.104871143260E-02
 6446.6 0.104679518983E-02
 6447.5 0.104457010976E-02
 6448.4 0.104202784545E-02
 6449.3 0.103988459574E-02
 6450.2 0.103820741856E-02
 6451.1 0.103710134499E-02
 6452.0 0.103676158389E-02
 6452.9 0.103663661937E-02
 6453.8 0.103673759866E-02
 6454.7 0.103690859009E-02
 6455.6 0.103702042398E-02
 6456.5 0.103699631270E-02
 6457.4 0.103653830617E-02
 6458.3 0.103577989594E-02
 6459.2 0.103452536517E-02
 6460.1 0.103231781464E-02
 6461.0 0.102987351053E-02
 6461.9 0.102761745302E-02
 6462.8 0.102590938932E-02
 6463.7 0.102491536997E-02
 6464.6 0.102606778417E-02
 6465.5 0.102834704357E-02
 6466.4 0.103126272765E-02
 6467.3 0.103455337041E-02
 6468.2 0.103762160957E-02
 6469.1 0.104038663644E-02
 6470.0 0.104140586961E-02
 6470.9 0.104220401043E-02
 6471.8 0.104282282930E-02
 6472.7 0.104330182146E-02
 6473.6 0.104407548593E-02
 6474.5 0.104513479556E-02
 6475.4 0.104654135550E-02
 6476.3 0.104773596821E-02
 6477.2 0.104867093225E-02
 6478.1 0.104896555952E-02
 6479.0 0.104844767994E-02
 6479.9 0.104680830683E-02
 6480.8 0.104455615521E-02
 6481.7 0.104215950353E-02
 6482.6 0.103965186198E-02
 6483.5 0.103791890843E-02
 6484.4 0.103666681493E-02
 6485.3 0.103615182046E-02
 6486.2 0.103583551035E-02
 6487.1 0.103537028964E-02
 6488.0 0.103429528480E-02
 6488.9 0.103064171746E-02
 6489.8 0.102568371211E-02
 6490.7 0.101939686762E-02
 6491.6 0.101255322640E-02
 6492.5 0.100563348724E-02
 6493.4 0.999797843907E-03
 6494.3 0.995516458416E-03
 6495.2 0.992467551974E-03
 6496.1 0.992131503076E-03
 6497.0 0.993111202219E-03
 6497.9 0.995231440606E-03
 6498.8 0.100056797821E-02
 6499.7 0.100663572696E-02
 6500.6 0.101337245613E-02
 6501.5 0.102014506051E-02
 6502.4 0.102645518757E-02
 6503.3 0.103224598370E-02
 6504.2 0.103583123639E-02
 6505.1 0.103893983301E-02
 6506.0 0.104156556255E-02
 6506.9 0.104346755229E-02
 6507.8 0.104501179606E-02
 6508.7 0.104609011611E-02
 6509.6 0.104641926064E-02
 6510.5 0.104628319966E-02
 6511.4 0.104544719882E-02
 6512.3 0.104432427544E-02
 6513.2 0.104314782030E-02
 6514.1 0.104203109519E-02
 6515.0 0.104112670815E-02
 6515.9 0.104033098466E-02
 6516.8 0.103966077079E-02
 6517.7 0.103893558863E-02
 6518.6 0.103817738029E-02
 6519.5 0.103737684517E-02
 6520.4 0.103666720632E-02
 6521.3 0.103602025004E-02
 6522.2 0.103546174985E-02
 6523.1 0.103504632816E-02
 6524.0 0.103473025556E-02
 6524.9 0.103439918427E-02
 6525.8 0.103404317361E-02
 6526.7 0.103366684404E-02
 6527.6 0.103339843469E-02
 6528.5 0.103316343149E-02
 6529.4 0.103296382198E-02
 6530.3 0.103292399155E-02
 6531.2 0.103294093287E-02
 6532.1 0.103302311249E-02
 6533.0 0.103318876611E-02
 6533.9 0.103348816868E-02
 6534.8 0.103398927131E-02
 6535.7 0.103462876065E-02
 6536.6 0.103532724986E-02
 6537.5 0.103609821069E-02
 6538.4 0.103678763787E-02
 6539.3 0.103717311544E-02
 6540.2 0.103683127172E-02
 6541.1 0.103576169392E-02
 6542.0 0.103401141178E-02
 6542.9 0.103077047338E-02
 6543.8 0.102691317316E-02
 6544.7 0.102270747685E-02
 6545.6 0.101808960964E-02
 6546.5 0.101329280656E-02
 6547.4 0.100840040405E-02
 6548.3 0.100350353831E-02
 6549.2 0.998514700557E-03
 6550.1 0.993448997255E-03
 6551.0 0.988189195379E-03
 6551.9 0.983187224512E-03
 6552.8 0.978378928354E-03
 6553.7 0.972947854726E-03
 6554.6 0.966708972033E-03
 6555.5 0.959662280263E-03
 6556.4 0.950407572936E-03
 6557.3 0.939062326060E-03
 6558.2 0.925221569809E-03
 6559.1 0.911044738082E-03
 6560.0 0.897646664241E-03
 6560.9 0.885469851245E-03
 6561.8 0.879020177681E-03
 6562.7 0.875878754706E-03
 6563.6 0.877390904887E-03
 6564.5 0.883984666548E-03
 6565.4 0.892689547046E-03
 6566.3 0.903787488962E-03
 6567.2 0.916921007236E-03
 6568.1 0.930559276453E-03
 6569.0 0.943878321662E-03
 6569.9 0.956318503336E-03
 6570.8 0.967815241310E-03
 6571.7 0.976809462232E-03
 6572.6 0.983605043298E-03
 6573.5 0.989079150076E-03
 6574.4 0.993180292150E-03
 6575.3 0.996757195442E-03
 6576.2 0.100008686191E-02
 6577.1 0.100420102370E-02
 6578.0 0.100821882450E-02
 6578.9 0.101214421808E-02
 6579.8 0.101562836411E-02
 6580.7 0.101861599391E-02
 6581.6 0.102113498958E-02
 6582.5 0.102251536480E-02
 6583.4 0.102350243216E-02
 6584.3 0.102404875985E-02
 6585.2 0.102388370807E-02
 6586.1 0.102327830728E-02
 6587.0 0.102211232549E-02
 6587.9 0.102032344258E-02
 6588.8 0.101826183017E-02
 6589.7 0.101585856064E-02
 6590.6 0.101340935223E-02
 6591.5 0.101103968755E-02
 6592.4 0.100886719571E-02
 6593.3 0.100745058141E-02
 6594.2 0.100651420032E-02
 6595.1 0.100635797297E-02
 6596.0 0.100798613871E-02
 6596.9 0.101052420416E-02
 6597.8 0.101405753183E-02
 6598.7 0.101792129563E-02
 6599.6 0.102184808043E-02
 6600.5 0.102528557661E-02
 6601.4 0.102762695930E-02
 6602.3 0.102920931275E-02
 6603.2 0.102978886361E-02
 6604.1 0.102982997002E-02
 6605.0 0.102942520798E-02
 6605.9 0.102804856235E-02
 6606.8 0.102647614366E-02
 6607.7 0.102473178830E-02
 6608.6 0.102371981482E-02
 6609.5 0.102312691479E-02
 6610.4 0.102299207178E-02
 6611.3 0.102516422241E-02
 6612.2 0.102744883124E-02
 6613.1 0.102972901206E-02
 6614.0 0.103155915589E-02
 6614.9 0.103274259960E-02
 6615.8 0.103293287863E-02
 6616.7 0.103191527697E-02
 6617.6 0.103067033084E-02
 6618.5 0.102939584037E-02
 6619.4 0.102819371356E-02
 6620.3 0.102737793855E-02
 6621.2 0.102754086412E-02
 6622.1 0.102804137057E-02
 6623.0 0.102865081892E-02
 6623.9 0.102924303787E-02
 6624.8 0.102937027720E-02
 6625.7 0.102912254496E-02
 6626.6 0.102803911684E-02
 6627.5 0.102633089358E-02
 6628.4 0.102422264189E-02
 6629.3 0.102169651826E-02
 6630.2 0.101871518859E-02
 6631.1 0.101543773096E-02
 6632.0 0.101235535356E-02
 6632.9 0.100964165553E-02
 6633.8 0.100726440475E-02
 6634.7 0.100635545793E-02
 6635.6 0.100645270467E-02
 6636.5 0.100758794340E-02
 6637.4 0.100946701917E-02
 6638.3 0.101147251533E-02
 6639.2 0.101360568838E-02
 6640.1 0.101468103871E-02
 6641.0 0.101546235628E-02
 6641.9 0.101593637998E-02
 6642.8 0.101622182180E-02
 6643.7 0.101652047305E-02
 6644.6 0.101690258312E-02
 6645.5 0.101766664366E-02
 6646.4 0.101851564989E-02
 6647.3 0.101935793656E-02
 6648.2 0.102019833236E-02
 6649.1 0.102102866640E-02
 6650.0 0.102182845026E-02
 6650.9 0.102248518885E-02
 6651.8 0.102301446650E-02
 6652.7 0.102323935692E-02
 6653.6 0.102315676123E-02
 6654.5 0.102280699542E-02
 6655.4 0.102175697820E-02
 6656.3 0.102061585122E-02
 6657.2 0.101940625929E-02
 6658.1 0.101808730665E-02
 6659.0 0.101662675692E-02
 6659.9 0.101504994404E-02
 6660.8 0.101335296508E-02
 6661.7 0.101162528003E-02
 6662.6 0.100986769693E-02
 6663.5 0.100869665338E-02
 6664.4 0.100843626822E-02
 6665.3 0.100925073512E-02
 6666.2 0.101084487330E-02
 6667.1 0.101264332437E-02
 6668.0 0.101465621658E-02
 6668.9 0.101591685489E-02
 6669.8 0.101665861784E-02
 6670.7 0.101664045974E-02
 6671.6 0.101578132073E-02
 6672.5 0.101461441873E-02
 6673.4 0.101314091928E-02
 6674.3 0.101145355385E-02
 6675.2 0.100970698748E-02
 6676.1 0.100796727147E-02
 6677.0 0.100638720563E-02
 6677.9 0.100499007221E-02
 6678.8 0.100408311511E-02
 6679.7 0.100376897901E-02
 6680.6 0.100389863087E-02
 6681.5 0.100492937424E-02
 6682.4 0.100630452966E-02
 6683.3 0.100793215543E-02
 6684.2 0.100996900813E-02
 6685.1 0.101195718108E-02
 6686.0 0.101388703851E-02
 6686.9 0.101536902335E-02
 6687.8 0.101662259138E-02
 6688.7 0.101766624970E-02
 6689.6 0.101804774932E-02
 6690.5 0.101822909512E-02
 6691.4 0.101818806898E-02
 6692.3 0.101777027939E-02
 6693.2 0.101714746009E-02
 6694.1 0.101627095508E-02
 6695.0 0.101519949219E-02
 6695.9 0.101410097722E-02
 6696.8 0.101299597544E-02
 6697.7 0.101189843825E-02
 6698.6 0.101083949211E-02
 6699.5 0.100986080381E-02
 6700.4 0.100884310425E-02
 6701.3 0.100781663983E-02
 6702.2 0.100679442316E-02
 6703.1 0.100586612943E-02
 6704.0 0.100499540861E-02
 6704.9 0.100421470384E-02
 6705.8 0.100335910988E-02
 6706.7 0.100245916937E-02
 6707.6 0.100150531177E-02
 6708.5 0.100049193120E-02
 6709.4 0.999430596504E-03
 6710.3 0.998257335545E-03
 6711.2 0.997023160256E-03
 6712.1 0.995707737400E-03
 6713.0 0.993803416431E-03
 6713.9 0.991678560437E-03
 6714.8 0.989367155162E-03
 6715.7 0.987521355179E-03
 6716.6 0.986045875886E-03
 6717.5 0.984964499358E-03
 6718.4 0.986158822855E-03
 6719.3 0.987824441782E-03
 6720.2 0.989978781612E-03
 6721.1 0.992574784720E-03
 6722.0 0.995238205208E-03
 6722.9 0.997938070010E-03
 6723.8 0.100037023889E-02
 6724.7 0.100262613759E-02
 6725.6 0.100461642781E-02
 6726.5 0.100612479693E-02
 6727.4 0.100707866677E-02
 6728.3 0.100690580476E-02
 6729.2 0.100608035181E-02
 6730.1 0.100491387553E-02
 6731.0 0.100331409094E-02
 6731.9 0.100181803652E-02
 6732.8 0.100047993165E-02
 6733.7 0.999669983592E-03
 6734.6 0.999268446356E-03
 6735.5 0.999123599423E-03
 6736.4 0.999247078978E-03
 6737.3 0.999480449973E-03
 6738.2 0.999776430549E-03
 6739.1 0.999946230686E-03
 6740.0 0.999879274778E-03
 6740.9 0.999609060723E-03
 6741.8 0.998957767959E-03
 6742.7 0.997953882060E-03
 6743.6 0.996595832457E-03
 6744.5 0.995122311397E-03
 6745.4 0.993684699269E-03
 6746.3 0.992295273372E-03
 6747.2 0.991513379224E-03
 6748.1 0.991026835310E-03
 6749.0 0.990911588725E-03
 6749.9 0.991208808009E-03
 6750.8 0.991612386781E-03
 6751.7 0.992101818209E-03
 6752.6 0.992438491803E-03
 6753.5 0.992687514858E-03
 6754.4 0.992806858156E-03
 6755.3 0.992861394921E-03
 6756.2 0.992902087518E-03
 6757.1 0.992960303441E-03
 6758.0 0.993111007478E-03
 6758.9 0.993413897825E-03
 6759.8 0.994203504222E-03
 6760.7 0.995040116522E-03
 6761.6 0.995944167244E-03
 6762.5 0.997115636143E-03
 6763.4 0.997853016732E-03
 6764.3 0.998239664239E-03
 6765.2 0.997821226882E-03
 6766.1 0.996939543601E-03
 6767.0 0.995672269974E-03
 6767.9 0.993709907400E-03
 6768.8 0.992112272674E-03
 6769.7 0.990860418879E-03
 6770.6 0.990063094013E-03
 6771.5 0.990035521947E-03
 6772.4 0.990896984240E-03
 6773.3 0.992066149800E-03
 6774.2 0.993135624260E-03
 6775.1 0.994032495379E-03
 6776.0 0.994047034214E-03
 6776.9 0.993382601384E-03
 6777.8 0.991713824085E-03
 6778.7 0.989858012715E-03
 6779.6 0.987987622036E-03
 6780.5 0.986167637175E-03
 6781.4 0.985172117191E-03
 6782.3 0.984582593887E-03
 6783.2 0.984505453083E-03
 6784.1 0.984815875112E-03
 6785.0 0.985361895856E-03
 6785.9 0.986268236362E-03
 6786.8 0.987536670527E-03
 6787.7 0.988922060703E-03
 6788.6 0.990022058186E-03
 6789.5 0.990864850496E-03
 6790.4 0.991441912538E-03
 6791.3 0.991035712379E-03
 6792.2 0.990306238871E-03
 6793.1 0.989354181151E-03
 6794.0 0.988625420052E-03
 6794.9 0.987920357019E-03
 6795.8 0.987237256258E-03
 6796.7 0.986894825414E-03
 6797.6 0.986502580542E-03
 6798.5 0.986055644724E-03
 6799.4 0.985685629528E-03
 6800.3 0.985584569068E-03
 6801.2 0.985841225175E-03
 6802.1 0.986505638929E-03
 6803.0 0.987168265458E-03
 6803.9 0.987752216260E-03
 6804.8 0.987987744677E-03
 6805.7 0.987626494488E-03
 6806.6 0.986146116236E-03
 6807.5 0.984396578451E-03
 6808.4 0.982562154266E-03
 6809.3 0.980683191882E-03
 6810.2 0.979157935884E-03
 6811.1 0.977896341768E-03
 6812.0 0.977140786380E-03
 6812.9 0.976576858024E-03
 6813.8 0.976153012063E-03
 6814.7 0.976003589954E-03
 6815.6 0.976055440524E-03
 6816.5 0.976265605340E-03
 6817.4 0.976826077868E-03
 6818.3 0.977630402458E-03
 6819.2 0.978620981336E-03
 6820.1 0.979874534743E-03
 6821.0 0.981245467952E-03
 6821.9 0.982708349678E-03
 6822.8 0.983749332156E-03
 6823.7 0.984596498185E-03
 6824.6 0.985242831786E-03
 6825.5 0.985097891943E-03
 6826.4 0.984695784730E-03
 6827.3 0.984002299185E-03
 6828.2 0.982995407470E-03
 6829.1 0.981883694491E-03
 6830.0 0.980653340330E-03
 6830.9 0.979394280541E-03
 6831.8 0.978104488388E-03
 6832.7 0.976763353523E-03
 6833.6 0.975246164497E-03
 6834.5 0.973438936037E-03
 6835.4 0.971011263241E-03
 6836.3 0.968228323610E-03
 6837.2 0.965308289872E-03
 6838.1 0.962305219120E-03
 6839.0 0.959747620677E-03
 6839.9 0.957650217309E-03
 6840.8 0.956783111093E-03
 6841.7 0.956656640692E-03
 6842.6 0.957028511968E-03
 6843.5 0.958147295945E-03
 6844.4 0.959736898270E-03
 6845.3 0.961656710004E-03
 6846.2 0.963870894058E-03
 6847.1 0.965875708473E-03
 6848.0 0.967698088472E-03
 6848.9 0.969031808413E-03
 6849.8 0.969593686610E-03
 6850.7 0.969400686607E-03
 6851.6 0.968613461199E-03
 6852.5 0.967669555113E-03
 6853.4 0.966552113969E-03
 6854.3 0.965499427789E-03
 6855.2 0.964596559135E-03
 6856.1 0.963907987815E-03
 6857.0 0.963589847007E-03
 6857.9 0.963420368209E-03
 6858.8 0.963429436510E-03
 6859.7 0.963768850662E-03
 6860.6 0.964199587529E-03
 6861.5 0.964681518620E-03
 6862.4 0.965289385666E-03
 6863.3 0.965987339564E-03
 6864.2 0.966846217066E-03
 6865.1 0.967858874236E-03
 6866.0 0.968873206767E-03
 6866.9 0.969658682111E-03
 6867.8 0.970183932623E-03
 6868.7 0.970421006749E-03
 6869.6 0.969724251543E-03
 6870.5 0.968705451987E-03
 6871.4 0.967479202052E-03
 6872.3 0.966141529526E-03
 6873.2 0.964859873569E-03
 6874.1 0.963638805339E-03
 6875.0 0.962805770375E-03
 6875.9 0.961945920747E-03
 6876.8 0.961061319130E-03
 6877.7 0.960337856988E-03
 6878.6 0.959813296462E-03
 6879.5 0.959513012393E-03
 6880.4 0.959818826427E-03
 6881.3 0.960637472031E-03
 6882.2 0.962120068629E-03
 6883.1 0.963780040810E-03
 6884.0 0.965446561513E-03
 6884.9 0.967087384016E-03
 6885.8 0.967764584643E-03
 6886.7 0.967998385049E-03
 6887.6 0.967665273277E-03
 6888.5 0.966979118596E-03
 6889.4 0.966155542377E-03
 6890.3 0.965210762601E-03
 6891.2 0.964663535615E-03
 6892.1 0.964265067982E-03
 6893.0 0.963897098822E-03
 6893.9 0.963454505374E-03
 6894.8 0.963003903423E-03
 6895.7 0.962686892707E-03
 6896.6 0.962493141627E-03
 6897.5 0.962433128668E-03
 6898.4 0.962880285623E-03
 6899.3 0.963566466299E-03
 6900.2 0.964407646461E-03
 6901.1 0.965026724940E-03
 6902.0 0.965526162563E-03
 6902.9 0.965914335498E-03
 6903.8 0.965516955617E-03
 6904.7 0.965013375850E-03
 6905.6 0.964396272063E-03
 6906.5 0.963669300457E-03
 6907.4 0.962857642391E-03
 6908.3 0.961941100461E-03
 6909.2 0.960890673981E-03
 6910.1 0.959807944918E-03
 6911.0 0.958695140535E-03
 6911.9 0.957628122670E-03
 6912.8 0.956680129416E-03
 6913.7 0.955958097562E-03
 6914.6 0.955435615099E-03
 6915.5 0.955030621738E-03
 6916.4 0.954803986654E-03
 6917.3 0.954743649126E-03
 6918.2 0.954783177211E-03
 6919.1 0.954976670509E-03
 6920.0 0.955081194379E-03
 6920.9 0.955138562687E-03
 6921.8 0.955151992861E-03
 6922.7 0.955070597173E-03
 6923.6 0.954952798367E-03
 6924.5 0.954935345604E-03
 6925.4 0.955122488360E-03
 6926.3 0.955443470990E-03
 6927.2 0.955732661152E-03
 6928.1 0.955930512547E-03
 6929.0 0.956039726345E-03
 6929.9 0.955580951151E-03
 6930.8 0.954995268193E-03
 6931.7 0.954281544366E-03
 6932.6 0.953744273408E-03
 6933.5 0.953365498894E-03
 6934.4 0.953176825271E-03
 6935.3 0.953590207061E-03
 6936.2 0.954099836284E-03
 6937.1 0.954677746958E-03
 6938.0 0.955232220111E-03
 6938.9 0.955678465309E-03
 6939.8 0.955925393667E-03
 6940.7 0.955952573193E-03
 6941.6 0.955876572231E-03
 6942.5 0.955669084721E-03
 6943.4 0.955341126289E-03
 6944.3 0.955008407615E-03
 6945.2 0.954774789846E-03
 6946.1 0.954571606481E-03
 6947.0 0.954393261041E-03
 6947.9 0.954269116549E-03
 6948.8 0.954239188739E-03
 6949.7 0.954264444529E-03
 6950.6 0.954337856180E-03
 6951.5 0.954485424596E-03
 6952.4 0.954688205971E-03
 6953.3 0.954979963427E-03
 6954.2 0.955227711165E-03
 6955.1 0.955438847242E-03
 6956.0 0.955586367493E-03
 6956.9 0.955662216605E-03
 6957.8 0.955669814896E-03
 6958.7 0.955517888767E-03
 6959.6 0.955278387507E-03
 6960.5 0.954939058760E-03
 6961.4 0.954487034831E-03
 6962.3 0.953982584625E-03
 6963.2 0.953413862657E-03
 6964.1 0.952853651855E-03
 6965.0 0.952258836025E-03
 6965.9 0.951600216076E-03
 6966.8 0.950810321834E-03
 6967.7 0.949921125885E-03
 6968.6 0.948867640456E-03
 6969.5 0.947586980472E-03
 6970.4 0.946130611914E-03
 6971.3 0.944348544291E-03
 6972.2 0.942045944264E-03
 6973.1 0.939527638155E-03
 6974.0 0.936915554686E-03
 6974.9 0.934471302078E-03
 6975.8 0.932273125905E-03
 6976.7 0.930989776878E-03
 6977.6 0.930378518875E-03
 6978.5 0.930266023122E-03
 6979.4 0.931039989101E-03
 6980.3 0.932228038472E-03
 6981.2 0.933762222991E-03
 6982.1 0.936086535044E-03
 6983.0 0.938428178674E-03
 6983.9 0.940785150076E-03
 6984.8 0.942918531947E-03
 6985.7 0.944624916184E-03
 6986.6 0.945860405836E-03
 6987.5 0.946348367571E-03
 6988.4 0.946674132931E-03
 6989.3 0.946833307320E-03
 6990.2 0.946772892695E-03
 6991.1 0.946711947491E-03
 6992.0 0.946691573011E-03
 6992.9 0.946457721068E-03
 6993.8 0.946097860928E-03
 6994.7 0.945553575946E-03
 6995.6 0.944855656279E-03
 6996.5 0.944050993903E-03
 6997.4 0.943064774097E-03
 6998.3 0.941829120603E-03
 6999.2 0.940460720434E-03
 7000.1 0.938923487390E-03
 7001.0 0.936983440074E-03
 7001.9 0.934893160602E-03
 7002.8 0.932935779691E-03
 7003.7 0.931211502572E-03
 7004.6 0.929719290109E-03
 7005.5 0.928997339671E-03
 7006.4 0.928942632326E-03
 7007.3 0.929372434624E-03
 7008.2 0.930153298769E-03
 7009.1 0.930933908877E-03
 7010.0 0.931697492231E-03
 7010.9 0.931397159393E-03
 7011.8 0.930879002258E-03
 7012.7 0.930134130043E-03
 7013.6 0.929298887892E-03
 7014.5 0.928606251135E-03
 7015.4 0.928100192064E-03
 7016.3 0.928288570761E-03
 7017.2 0.928521371191E-03
 7018.1 0.928720268826E-03
 7019.0 0.928864305394E-03
 7019.9 0.928787604234E-03
 7020.8 0.928293256714E-03
 7021.7 0.927695810822E-03
 7022.6 0.927174785735E-03
 7023.5 0.926905031072E-03
 7024.4 0.926956661948E-03
 7025.3 0.927337671678E-03
 7026.2 0.928462829757E-03
 7027.1 0.929569282512E-03
 7028.0 0.930633581996E-03
 7028.9 0.931544325405E-03
 7029.8 0.932041059256E-03
 7030.7 0.932245417765E-03
 7031.6 0.931944564577E-03
 7032.5 0.931533519009E-03
 7033.4 0.931048991926E-03
 7034.3 0.930541375651E-03
 7035.2 0.930095117774E-03
 7036.1 0.929710802461E-03
 7037.0 0.929742159481E-03
 7037.9 0.929955129558E-03
 7038.8 0.930346512461E-03
 7039.7 0.931393599236E-03
 7040.6 0.932678561355E-03
 7041.5 0.934233320563E-03
 7042.4 0.935868014600E-03
 7043.3 0.937410593305E-03
 7044.2 0.938807023559E-03
 7045.1 0.939242812998E-03
 7046.0 0.939335347990E-03
 7046.9 0.939043279693E-03
 7047.8 0.938264802810E-03
 7048.7 0.937327309781E-03
 7049.6 0.936258600986E-03
 7050.5 0.935153764009E-03
 7051.4 0.934058474873E-03
 7052.3 0.933023754457E-03
 7053.2 0.932067880311E-03
 7054.1 0.931186709860E-03
 7055.0 0.930486225622E-03
 7055.9 0.929991456408E-03
 7056.8 0.929640113330E-03
 7057.7 0.929539643334E-03
 7058.6 0.929538053910E-03
 7059.5 0.929604885701E-03
 7060.4 0.929748406696E-03
 7061.3 0.929830756410E-03
 7062.2 0.929868628784E-03
 7063.1 0.929942393575E-03
 7064.0 0.930061603295E-03
 7064.9 0.930222949320E-03
 7065.8 0.930582100619E-03
 7066.7 0.931015460509E-03
 7067.6 0.931531742054E-03
 7068.5 0.932199417500E-03
 7069.4 0.932986422898E-03
 7070.3 0.933927493206E-03
 7071.2 0.934792810527E-03
 7072.1 0.935549965856E-03
 7073.0 0.936135464709E-03
 7073.9 0.935934181579E-03
 7074.8 0.935334684354E-03
 7075.7 0.934193729598E-03
 7076.6 0.932603234799E-03
 7077.5 0.930855454427E-03
 7078.4 0.929004206541E-03
 7079.3 0.927380817500E-03
 7080.2 0.925894916840E-03
 7081.1 0.924618755472E-03
 7082.0 0.923552134063E-03
 7082.9 0.922633838920E-03
 7083.8 0.921990004224E-03
 7084.7 0.921537972648E-03
 7085.6 0.921223145975E-03
 7086.5 0.921128553000E-03
 7087.4 0.921181149103E-03
 7088.3 0.921357372854E-03
 7089.2 0.921836795368E-03
 7090.1 0.922475011730E-03
 7091.0 0.923253656809E-03
 7091.9 0.924221630537E-03
 7092.8 0.925187632571E-03
 7093.7 0.926151517534E-03
 7094.6 0.927023151982E-03
 7095.5 0.927844430361E-03
 7096.4 0.928604773517E-03
 7097.3 0.929328073172E-03
 7098.2 0.930221813896E-03
 7099.1 0.931399946173E-03
 7100.0 0.932331951983E-03
 7100.9 0.933020243063E-03
 7101.8 0.933296779971E-03
 7102.7 0.932661548726E-03
 7103.6 0.931379676417E-03
 7104.5 0.928996891006E-03
 7105.4 0.926524969985E-03
 7106.3 0.924019794385E-03
 7107.2 0.921501334024E-03
 7108.1 0.919372863681E-03
 7109.0 0.917478983034E-03
 7109.9 0.915906012901E-03
 7110.8 0.914561664062E-03
 7111.7 0.913431715221E-03
 7112.6 0.912944100538E-03
 7113.5 0.913198064405E-03
 7114.4 0.913951255358E-03
 7115.3 0.914736647814E-03
 7116.2 0.915441082874E-03
 7117.1 0.916055731142E-03
 7118.0 0.915660500947E-03
 7118.9 0.914973648351E-03
 7119.8 0.913991258962E-03
 7120.7 0.913110304439E-03
 7121.6 0.912226009019E-03
 7122.5 0.911333801264E-03
 7123.4 0.910652119355E-03
 7124.3 0.909966267954E-03
 7125.2 0.909245911009E-03
 7126.1 0.908565921083E-03
 7127.0 0.907970901951E-03
 7127.9 0.907526749638E-03
 7128.8 0.907290262108E-03
 7129.7 0.907200256410E-03
 7130.6 0.907352961514E-03
 7131.5 0.907719372880E-03
 7132.4 0.908290194587E-03
 7133.3 0.909299676365E-03
 7134.2 0.910464312974E-03
 7135.1 0.911691788037E-03
 7136.0 0.912924216887E-03
 7136.9 0.913964353903E-03
 7137.8 0.914840369301E-03
 7138.7 0.915300916340E-03
 7139.6 0.915414745188E-03
 7140.5 0.915259810158E-03
 7141.4 0.914583377261E-03
 7142.3 0.913211671558E-03
 7143.2 0.911278865943E-03
 7144.1 0.908827923131E-03
 7145.0 0.906285458044E-03
 7145.9 0.903655449911E-03
 7146.8 0.901629975653E-03
 7147.7 0.900117573562E-03
 7148.6 0.899197072549E-03
 7149.5 0.899100275480E-03
 7150.4 0.899275271088E-03
 7151.3 0.899759645046E-03
 7152.2 0.900650481451E-03
 7153.1 0.901646872966E-03
 7154.0 0.902736375237E-03
 7154.9 0.903692782261E-03
 7155.8 0.904348839588E-03
 7156.7 0.904386509732E-03
 7157.6 0.903030592381E-03
 7158.5 0.901129089247E-03
 7159.4 0.898775877617E-03
 7160.3 0.896774672022E-03
 7161.2 0.895637130249E-03
 7162.1 0.897353742720E-03
 7163.0 0.900735863141E-03
 7163.9 0.905018179246E-03
 7164.8 0.909921241545E-03
 7165.7 0.913946837356E-03
 7166.6 0.916972735477E-03
 7167.5 0.915787987971E-03
 7168.4 0.913946093982E-03
 7169.3 0.911606228824E-03
 7170.2 0.908977539405E-03
 7171.1 0.907379792703E-03
 7172.0 0.906712727903E-03
 7172.9 0.907165598314E-03
 7173.8 0.907296024640E-03
 7174.7 0.907069270516E-03
 7175.6 0.906258082590E-03
 7176.5 0.904459745826E-03
 7177.4 0.901359592515E-03
 7178.3 0.898485373361E-03
 7179.2 0.895658270604E-03
 7180.1 0.892867245578E-03
 7181.0 0.890413363187E-03
 7181.9 0.888135324918E-03
 7182.8 0.886099967380E-03
 7183.7 0.883944523935E-03
 7184.6 0.881873941078E-03
 7185.5 0.880116232574E-03
 7186.4 0.878963072054E-03
 7187.3 0.878202917172E-03
 7188.2 0.878104632304E-03
 7189.1 0.878417875444E-03
 7190.0 0.878951624450E-03
 7190.9 0.879676263609E-03
 7191.8 0.880429273626E-03
 7192.7 0.881175947883E-03
 7193.6 0.881754983312E-03
 7194.5 0.882325403420E-03
 7195.4 0.882884620669E-03
 7196.3 0.883369097429E-03
 7197.2 0.883813282249E-03
 7198.1 0.884220833204E-03
 7199.0 0.884470695784E-03
 7199.9 0.884548537157E-03
 7200.8 0.884446538177E-03
 7201.7 0.883803020540E-03
 7202.6 0.883120308449E-03
 7203.5 0.882413730856E-03
 7204.4 0.881923450142E-03
 7205.3 0.881841433239E-03
 7206.2 0.882373993521E-03
 7207.1 0.883553380863E-03
 7208.0 0.884960865964E-03
 7208.9 0.886613433667E-03
 7209.8 0.888207585474E-03
 7210.7 0.889637024477E-03
 7211.6 0.890686578176E-03
 7212.5 0.891390192683E-03
 7213.4 0.891902533586E-03
 7214.3 0.892147538260E-03
 7215.2 0.892101304068E-03
 7216.1 0.891879627212E-03
 7217.0 0.891410232299E-03
 7217.9 0.890868042066E-03
 7218.8 0.890307264888E-03
 7219.7 0.889875541246E-03
 7220.6 0.889794740484E-03
 7221.5 0.889984438910E-03
 7222.4 0.890656175881E-03
 7223.3 0.891541686125E-03
 7224.2 0.892607173047E-03
 7225.1 0.893947866913E-03
 7226.0 0.895338240755E-03
 7226.9 0.896777636559E-03
 7227.8 0.897971380747E-03
 7228.7 0.899049115237E-03
 7229.6 0.899993089614E-03
 7230.5 0.900237762816E-03
 7231.4 0.900328043665E-03
 7232.3 0.900270432514E-03
 7233.2 0.900073642819E-03
 7234.1 0.899837290848E-03
 7235.0 0.899564203562E-03
 7235.9 0.899317021176E-03
 7236.8 0.898987031899E-03
 7237.7 0.898449861091E-03
 7238.6 0.897836836868E-03
 7239.5 0.897209193429E-03
 7240.4 0.896604664171E-03
 7241.3 0.896072318964E-03
 7242.2 0.895616201339E-03
 7243.1 0.895358048812E-03
 7244.0 0.894977825246E-03
 7244.9 0.894487409361E-03
 7245.8 0.893701313416E-03
 7246.7 0.892597878693E-03
 7247.6 0.891287769293E-03
 7248.5 0.889860906669E-03
 7249.4 0.888649302214E-03
 7250.3 0.887619367393E-03
 7251.2 0.886998833706E-03
 7252.1 0.886650339786E-03
 7253.0 0.886555204789E-03
 7253.9 0.886644582363E-03
 7254.8 0.886743538760E-03
 7255.7 0.886851789417E-03
 7256.6 0.887016627940E-03
 7257.5 0.887210063988E-03
 7258.4 0.887438740079E-03
 7259.3 0.887802259080E-03
 7260.2 0.888207531709E-03
 7261.1 0.888656554752E-03
 7262.0 0.889057370968E-03
 7262.9 0.889495352291E-03
 7263.8 0.890035069938E-03
 7264.7 0.890884805385E-03
 7265.6 0.891884916657E-03
 7266.5 0.893073139815E-03
 7267.4 0.894216074648E-03
 7268.3 0.895180501813E-03
 7269.2 0.895538369892E-03
 7270.1 0.895318832475E-03
 7271.0 0.894734350438E-03
 7271.9 0.893624314663E-03
 7272.8 0.892429397610E-03
 7273.7 0.891251888411E-03
 7274.6 0.890617078967E-03
 7275.5 0.890130404832E-03
 7276.4 0.889749716420E-03
 7277.3 0.889371878415E-03
 7278.2 0.888797239142E-03
 7279.1 0.888045924620E-03
 7280.0 0.886742746870E-03
 7280.9 0.885051452503E-03
 7281.8 0.882941565849E-03
 7282.7 0.880565662329E-03
 7283.6 0.878008029675E-03
 7284.5 0.875225901519E-03
 7285.4 0.872812006596E-03
 7286.3 0.870769549225E-03
 7287.2 0.869272212430E-03
 7288.1 0.868596444984E-03
 7289.0 0.868472621556E-03
 7289.9 0.869191156622E-03
 7290.8 0.870143357261E-03
 7291.7 0.871214002298E-03
 7292.6 0.872443703356E-03
 7293.5 0.873471931217E-03
 7294.4 0.874431655381E-03
 7295.3 0.875385393771E-03
 7296.2 0.876465353047E-03
 7297.1 0.877633514954E-03
 7298.0 0.878963092273E-03
 7298.9 0.880548098895E-03
 7299.8 0.882203949957E-03
 7300.7 0.883380946942E-03
 7301.6 0.884225031022E-03
 7302.5 0.884751516838E-03
 7303.4 0.884075683991E-03
 7304.3 0.883059757234E-03
 7305.2 0.881768781820E-03
 7306.1 0.880801478344E-03
 7307.0 0.880012290082E-03
 7307.9 0.879404411923E-03
 7308.8 0.879905319444E-03
 7309.7 0.880435254993E-03
 7310.6 0.880958610153E-03
 7311.5 0.881446214209E-03
 7312.4 0.881878085624E-03
 7313.3 0.882228863912E-03
 7314.2 0.882502833043E-03
 7315.1 0.882827779467E-03
 7316.0 0.883273202910E-03
 7316.9 0.883671289968E-03
 7317.8 0.884017578195E-03
 7318.7 0.884263607162E-03
 7319.6 0.884413343144E-03
 7320.5 0.884488064219E-03
 7321.4 0.884418619454E-03
 7322.3 0.884092681896E-03
 7323.2 0.883594657628E-03
 7324.1 0.882797894291E-03
 7325.0 0.881838735964E-03
 7325.9 0.880825269698E-03
 7326.8 0.879987740405E-03
 7327.7 0.879739302657E-03
 7328.6 0.879914927548E-03
 7329.5 0.880627336224E-03
 7330.4 0.881574594255E-03
 7331.3 0.882705378216E-03
 7332.2 0.883831601965E-03
 7333.1 0.884859774342E-03
 7334.0 0.885793740500E-03
 7334.9 0.886412870429E-03
 7335.8 0.886843057069E-03
 7336.7 0.887056312389E-03
 7337.6 0.886419580880E-03
 7338.5 0.885479703346E-03
 7339.4 0.884187736937E-03
 7340.3 0.882659080656E-03
 7341.2 0.881189468415E-03
 7342.1 0.879883351413E-03
 7343.0 0.879188070186E-03
 7343.9 0.878730132440E-03
 7344.8 0.878529504751E-03
 7345.7 0.878380379999E-03
 7346.6 0.878175818276E-03
 7347.5 0.877766254510E-03
 7348.4 0.877108575302E-03
 7349.3 0.876294993552E-03
 7350.2 0.875232163399E-03
 7351.1 0.874009272848E-03
 7352.0 0.872649226631E-03
 7352.9 0.870949108636E-03
 7353.8 0.869331354752E-03
 7354.7 0.867792654211E-03
 7355.6 0.866520526824E-03
 7356.5 0.865662537764E-03
 7357.4 0.865145417853E-03
 7358.3 0.865302078229E-03
 7359.2 0.865784512176E-03
 7360.1 0.866562350970E-03
 7361.0 0.867851775282E-03
 7361.9 0.869571570200E-03
 7362.8 0.871769595005E-03
 7363.7 0.874152483145E-03
 7364.6 0.876485837058E-03
 7365.5 0.878737468686E-03
 7366.4 0.880142916841E-03
 7367.3 0.881032349544E-03
 7368.2 0.881212587832E-03
 7369.1 0.880677589726E-03
 7370.0 0.879883516611E-03
 7370.9 0.878816521390E-03
 7371.8 0.877767467877E-03
 7372.7 0.876749870287E-03
 7373.6 0.875805179265E-03
 7374.5 0.874985274273E-03
 7375.4 0.874235802449E-03
 7376.3 0.873584551599E-03
 7377.2 0.873022718789E-03
 7378.1 0.872438683069E-03
 7379.0 0.871544846312E-03
 7379.9 0.870412584087E-03
 7380.8 0.869039147755E-03
 7381.7 0.866841350638E-03
 7382.6 0.864407906215E-03
 7383.5 0.861812643057E-03
 7384.4 0.859245487803E-03
 7385.3 0.856853429204E-03
 7386.2 0.854620183391E-03
 7387.1 0.853052035808E-03
 7388.0 0.851761863362E-03
 7388.9 0.850763596466E-03
 7389.8 0.850388068568E-03
 7390.7 0.850542580761E-03
 7391.6 0.851349343618E-03
 7392.5 0.852897757200E-03
 7393.4 0.854669978085E-03
 7394.3 0.856683560576E-03
 7395.2 0.858418406032E-03
 7396.1 0.859734139715E-03
 7397.0 0.860306126389E-03
 7397.9 0.860201035978E-03
 7398.8 0.859796658281E-03
 7399.7 0.859039886672E-03
 7400.6 0.858375464923E-03
 7401.5 0.857754784951E-03
 7402.4 0.857181127096E-03
 7403.3 0.856573794124E-03
 7404.2 0.855888786592E-03
 7405.1 0.854915778406E-03
 7406.0 0.853221011453E-03
 7406.9 0.851148082700E-03
 7407.8 0.849082297192E-03
 7408.7 0.847196198353E-03
 7409.6 0.845512542992E-03
 7410.5 0.844819652456E-03
 7411.4 0.844730964964E-03
 7412.3 0.845140773992E-03
 7413.2 0.845927405409E-03
 7414.1 0.846798304061E-03
 7415.0 0.847752724221E-03
 7415.9 0.848211885171E-03
 7416.8 0.848597021165E-03
 7417.7 0.848906484118E-03
 7418.6 0.849244505744E-03
 7419.5 0.849663521602E-03
 7420.4 0.850200583257E-03
 7421.3 0.851016199965E-03
 7422.2 0.852050973502E-03
 7423.1 0.853420104815E-03
 7424.0 0.855048612267E-03
 7424.9 0.856963413840E-03
 7425.8 0.859422109217E-03
 7426.7 0.861888738142E-03
 7427.6 0.864248407186E-03
 7428.5 0.866274268145E-03
 7429.4 0.867656311455E-03
 7430.3 0.868523214974E-03
 7431.2 0.868295298614E-03
 7432.1 0.867796095502E-03
 7433.0 0.867130951320E-03
 7433.9 0.866274360132E-03
 7434.8 0.865643706463E-03
 7435.7 0.865157163907E-03
 7436.6 0.864718989094E-03
 7437.5 0.864121415596E-03
 7438.4 0.863384441578E-03
 7439.3 0.862237838799E-03
 7440.2 0.860686913168E-03
 7441.1 0.858757750030E-03
 7442.0 0.856483709288E-03
 7442.9 0.854243262586E-03
 7443.8 0.852044931641E-03
 7444.7 0.850470806446E-03
 7445.6 0.849308819287E-03
 7446.5 0.848672836220E-03
 7447.4 0.849032214566E-03
 7448.3 0.849749139684E-03
 7449.2 0.850874571037E-03
 7450.1 0.852640205733E-03
 7451.0 0.854536907152E-03
 7451.9 0.856449252354E-03
 7452.8 0.858165044801E-03
 7453.7 0.859699212022E-03
 7454.6 0.860870253070E-03
 7455.5 0.861534746142E-03
 7456.4 0.861898793262E-03
 7457.3 0.861817680876E-03
 7458.2 0.861478386045E-03
 7459.1 0.860919553019E-03
 7460.0 0.859828670591E-03
 7460.9 0.858785451345E-03
 7461.8 0.857781335941E-03
 7462.7 0.856872499117E-03
 7463.6 0.856217679813E-03
 7464.5 0.855773338009E-03
 7465.4 0.855798532947E-03
 7466.3 0.856044537934E-03
 7467.2 0.856485811382E-03
 7468.1 0.856985685181E-03
 7469.0 0.857399001412E-03
 7469.9 0.857718546942E-03
 7470.8 0.857628652362E-03
 7471.7 0.857312890333E-03
 7472.6 0.856722384777E-03
 7473.5 0.855918287855E-03
 7474.4 0.855030706665E-03
 7475.3 0.854043268207E-03
 7476.2 0.853578709382E-03
 7477.1 0.853306746299E-03
 7478.0 0.853244877464E-03
 7478.9 0.853767773045E-03
 7479.8 0.854454305027E-03
 7480.7 0.855189366595E-03
 7481.6 0.855698351567E-03
 7482.5 0.856051297950E-03
 7483.4 0.856125459953E-03
 7484.3 0.855743360400E-03
 7485.2 0.855140276368E-03
 7486.1 0.854420787054E-03
 7487.0 0.853535671377E-03
 7487.9 0.852506568275E-03
 7488.8 0.851090150675E-03
 7489.7 0.849422137254E-03
 7490.6 0.847552993956E-03
 7491.5 0.845278172234E-03
 7492.4 0.843101567361E-03
 7493.3 0.841018293574E-03
 7494.2 0.839499355212E-03
 7495.1 0.838549216809E-03
 7496.0 0.838180660385E-03
 7496.9 0.838693445384E-03
 7497.8 0.839690977249E-03
 7498.7 0.841261641701E-03
 7499.6 0.843208600797E-03
 7500.5 0.844887952587E-03
 7501.4 0.846100388070E-03
 7502.3 0.846726386056E-03
 7503.2 0.846549796595E-03
 7504.1 0.844997203194E-03
 7505.0 0.843068234505E-03
 7505.9 0.841012578188E-03
 7506.8 0.838855153579E-03
 7507.7 0.837059854851E-03
 7508.6 0.835556154468E-03
 7509.5 0.834625984021E-03
 7510.4 0.834278897005E-03
 7511.3 0.834286348568E-03
 7512.2 0.834813784795E-03
 7513.1 0.836215330607E-03
 7514.0 0.838121511716E-03
 7514.9 0.840399015087E-03
 7515.8 0.842650002381E-03
 7516.7 0.844809572118E-03
 7517.6 0.846172395695E-03
 7518.5 0.846759956361E-03
 7519.4 0.846698091016E-03
 7520.3 0.845506781664E-03
 7521.2 0.844061803168E-03
 7522.1 0.842372017333E-03
 7523.0 0.840564117497E-03
 7523.9 0.838933841748E-03
 7524.8 0.837516326914E-03
 7525.7 0.836873528890E-03
 7526.6 0.836594674105E-03
 7527.5 0.836764637546E-03
 7528.4 0.837859560661E-03
 7529.3 0.839152303471E-03
 7530.2 0.840577384686E-03
 7531.1 0.842062685210E-03
 7532.0 0.843490331056E-03
 7532.9 0.844758075594E-03
 7533.8 0.845844805351E-03
 7534.7 0.846856580486E-03
 7535.6 0.847798891696E-03
 7536.5 0.848527589787E-03
 7537.4 0.849086797679E-03
 7538.3 0.849292571615E-03
 7539.2 0.849175365779E-03
 7540.1 0.848841260214E-03
 7541.0 0.848155661308E-03
 7541.9 0.847212334029E-03
 7542.8 0.846088367732E-03
 7543.7 0.844727087481E-03
 7544.6 0.843356360409E-03
 7545.5 0.841984749228E-03
 7546.4 0.840732087300E-03
 7547.3 0.839760442045E-03
 7548.2 0.839044754650E-03
 7549.1 0.838574720234E-03
 7550.0 0.838191448591E-03
 7550.9 0.837904535627E-03
 7551.8 0.837613521934E-03
 7552.7 0.837312275221E-03
 7553.6 0.836997279068E-03
 7554.5 0.836644761826E-03
 7555.4 0.836302219262E-03
 7556.3 0.835984111485E-03
 7557.2 0.835748529481E-03
 7558.1 0.835553841268E-03
 7559.0 0.835414027605E-03
 7559.9 0.835292928268E-03
 7560.8 0.835151780468E-03
 7561.7 0.834942480528E-03
 7562.6 0.834618439224E-03
 7563.5 0.834252998041E-03
 7564.4 0.833881954512E-03
 7565.3 0.833519087633E-03
 7566.2 0.833172205014E-03
 7567.1 0.832887467620E-03
 7568.0 0.832621467190E-03
 7568.9 0.832361800274E-03
 7569.8 0.832069587686E-03
 7570.7 0.831869576697E-03
 7571.6 0.831749204766E-03
 7572.5 0.831854696249E-03
 7573.4 0.832116474107E-03
 7574.3 0.832513856136E-03
 7575.2 0.833014312797E-03
 7576.1 0.833529017382E-03
 7577.0 0.834058750600E-03
 7577.9 0.834403613347E-03
 7578.8 0.834552116078E-03
 7579.7 0.834455846130E-03
 7580.6 0.833913956334E-03
 7581.5 0.832967849614E-03
 7582.4 0.831445095134E-03
 7583.3 0.830006545937E-03
 7584.2 0.828722507788E-03
 7585.1 0.827719822730E-03
 7586.0 0.827955921391E-03
 7586.9 0.828823821612E-03
 7587.8 0.830548855334E-03
 7588.7 0.832639108268E-03
 7589.6 0.834823026384E-03
 7590.5 0.836927816406E-03
 7591.4 0.838334537804E-03
 7592.3 0.839338875612E-03
 7593.2 0.839837256951E-03
 7594.1 0.839951011926E-03
 7595.0 0.839778713204E-03
 7595.9 0.839045680430E-03
 7596.8 0.837966366478E-03
 7597.7 0.836635393694E-03
 7598.6 0.835019928850E-03
 7599.5 0.833322813565E-03
 7600.4 0.831565198569E-03
 7601.3 0.830015917844E-03
 7602.2 0.828498616880E-03
 7603.1 0.827013153861E-03
 7604.0 0.825619223332E-03
 7604.9 0.824318415942E-03
 7605.8 0.823128622526E-03
 7606.7 0.822188896784E-03
 7607.6 0.821523276612E-03
 7608.5 0.821239923946E-03
 7609.4 0.821165013155E-03
 7610.3 0.821229725189E-03
 7611.2 0.821499588654E-03
 7612.1 0.821550114873E-03
 7613.0 0.821414339746E-03
 7613.9 0.820949316720E-03
 7614.8 0.820286514721E-03
 7615.7 0.819501818916E-03
 7616.6 0.818522987241E-03
 7617.5 0.818228765803E-03
 7618.4 0.818323002335E-03
 7619.3 0.818923581595E-03
 7620.2 0.820361670211E-03
 7621.1 0.822273742730E-03
 7622.0 0.824540850952E-03
 7622.9 0.826691278429E-03
 7623.8 0.828739912192E-03
 7624.7 0.830497155038E-03
 7625.6 0.831811485974E-03
 7626.5 0.832772912209E-03
 7627.4 0.833402961424E-03
 7628.3 0.833879402209E-03
 7629.2 0.834211504040E-03
 7630.1 0.834368109019E-03
 7631.0 0.834463597877E-03
 7631.9 0.834490657234E-03
 7632.8 0.834519023857E-03
 7633.7 0.834462149770E-03
 7634.6 0.834284168101E-03
 7635.5 0.833784209862E-03
 7636.4 0.833152022198E-03
 7637.3 0.832358676095E-03
 7638.2 0.831446743806E-03
 7639.1 0.830568862037E-03
 7640.0 0.829817639201E-03
 7640.9 0.829205546049E-03
 7641.8 0.828624887010E-03
 7642.7 0.828025596691E-03
 7643.6 0.827388847659E-03
 7644.5 0.826728836378E-03
 7645.4 0.826032020091E-03
 7646.3 0.825278312376E-03
 7647.2 0.824468588540E-03
 7648.1 0.823500582563E-03
 7649.0 0.822189799379E-03
 7649.9 0.820610743321E-03
 7650.8 0.818454886574E-03
 7651.7 0.815928349648E-03
 7652.6 0.813115662897E-03
 7653.5 0.809980856007E-03
 7654.4 0.806564562956E-03
 7655.3 0.802898614799E-03
 7656.2 0.799224758723E-03
 7657.1 0.795704523922E-03
 7658.0 0.792351454731E-03
 7658.9 0.789756549620E-03
 7659.8 0.787692371278E-03
 7660.7 0.786288481580E-03
 7661.6 0.785801280347E-03
 7662.5 0.785786326459E-03
 7663.4 0.786388475543E-03
 7664.3 0.788039183287E-03
 7665.2 0.790220741423E-03
 7666.1 0.793122042187E-03
 7667.0 0.796680682255E-03
 7667.9 0.800525986150E-03
 7668.8 0.804694694247E-03
 7669.7 0.809019523557E-03
 7670.6 0.813279011786E-03
 7671.5 0.817129218716E-03
 7672.4 0.820531431686E-03
 7673.3 0.823503871622E-03
 7674.2 0.825343251000E-03
 7675.1 0.826541022959E-03
 7676.0 0.827321202482E-03
 7676.9 0.827615000954E-03
 7677.8 0.827673215779E-03
 7678.7 0.827564170977E-03
 7679.6 0.827358489623E-03
 7680.5 0.826984903622E-03
 7681.4 0.826466356256E-03
 7682.3 0.825715646131E-03
 7683.2 0.824940576468E-03
 7684.1 0.824140488898E-03
 7685.0 0.823260362923E-03
 7685.9 0.822288768317E-03
 7686.8 0.821205164966E-03
 7687.7 0.819921248834E-03
 7688.6 0.818410599574E-03
 7689.5 0.816575318111E-03
 7690.4 0.814809144978E-03
 7691.3 0.813101420905E-03
 7692.2 0.811486319381E-03
 7693.1 0.809988194787E-03
 7694.0 0.808556332183E-03
 7694.9 0.807221973676E-03
 7695.8 0.805802930771E-03
 7696.7 0.804432682806E-03
 7697.6 0.803303018243E-03
 7698.5 0.802727848340E-03
 7699.4 0.802520554609E-03
 7700.3 0.802939945198E-03
 7701.2 0.803736674212E-03
 7702.1 0.804769041010E-03
 7703.0 0.806070597120E-03
 7703.9 0.807430734986E-03
 7704.8 0.808781408283E-03
 7705.7 0.809623386507E-03
 7706.6 0.810202354955E-03
 7707.5 0.810525729701E-03
 7708.4 0.809456830476E-03
 7709.3 0.808182387496E-03
 7710.2 0.806708697507E-03
 7711.1 0.805469637308E-03
 7712.0 0.804591774053E-03
 7712.9 0.804138603428E-03
 7713.8 0.805052443234E-03
 7714.7 0.806243176486E-03
 7715.6 0.807691522131E-03
 7716.5 0.809281725222E-03
 7717.4 0.810905621424E-03
 7718.3 0.812555651540E-03
 7719.2 0.813964352562E-03
 7720.1 0.815131721611E-03
 7721.0 0.815859241279E-03
 7721.9 0.815516559119E-03
 7722.8 0.814143643936E-03
 7723.7 0.810622877215E-03
 7724.6 0.806455421868E-03
 7725.5 0.802126117374E-03
 7726.4 0.798120167045E-03
 7727.3 0.796159126211E-03
 7728.2 0.795617965322E-03
 7729.1 0.797557587545E-03
 7730.0 0.800406622648E-03
 7730.9 0.803805168704E-03
 7731.8 0.807227121572E-03
 7732.7 0.809706675159E-03
 7733.6 0.811416830945E-03
 7734.5 0.811770188191E-03
 7735.4 0.811625943121E-03
 7736.3 0.811026444870E-03
 7737.2 0.809465829261E-03
 7738.1 0.807592552385E-03
 7739.0 0.805371877653E-03
 7739.9 0.803187864790E-03
 7740.8 0.800960171328E-03
 7741.7 0.798669241900E-03
 7742.6 0.796443293370E-03
 7743.5 0.794241094266E-03
 7744.4 0.792066407014E-03
 7745.3 0.790154601407E-03
 7746.2 0.788575226131E-03
 7747.1 0.787604686833E-03
 7748.0 0.787573415544E-03
 7748.9 0.788073459243E-03
 7749.8 0.789357173756E-03
 7750.7 0.791120428273E-03
 7751.6 0.793168562179E-03
 7752.5 0.795643803943E-03
 7753.4 0.798177553744E-03
 7754.3 0.800722620987E-03
 7755.2 0.803191630654E-03
 7756.1 0.805590155425E-03
 7757.0 0.807922640622E-03
 7757.9 0.810050147108E-03
 7758.8 0.812170072036E-03
 7759.7 0.814270907973E-03
 7760.6 0.816164182199E-03
 7761.5 0.817842780959E-03
 7762.4 0.819330578085E-03
 7763.3 0.820332372693E-03
 7764.2 0.821037233398E-03
 7765.1 0.821427493651E-03
 7766.0 0.821160115343E-03
 7766.9 0.820452907005E-03
 7767.8 0.819208803353E-03
 7768.7 0.817414459847E-03
 7769.6 0.815459722501E-03
 7770.5 0.813335693550E-03
 7771.4 0.811337429323E-03
 7772.3 0.809465499890E-03
 7773.2 0.807805594036E-03
 7774.1 0.806428187005E-03
 7775.0 0.805185941480E-03
 7775.9 0.804116199900E-03
 7776.8 0.803297300199E-03
 7777.7 0.802600809780E-03
 7778.6 0.802042432448E-03
 7779.5 0.801551176971E-03
 7780.4 0.801076914009E-03
 7781.3 0.800551384550E-03
 7782.2 0.799954001717E-03
 7783.1 0.799318599983E-03
 7784.0 0.798683931225E-03
 7784.9 0.798105416927E-03
 7785.8 0.797595501173E-03
 7786.7 0.797465046390E-03
 7787.6 0.797392507392E-03
 7788.5 0.797366212462E-03
 7789.4 0.797304483981E-03
 7790.3 0.797109992937E-03
 7791.2 0.796782739330E-03
 7792.1 0.796140333563E-03
 7793.0 0.795570641681E-03
 7793.9 0.795100369549E-03
 7794.8 0.794761513961E-03
 7795.7 0.794664952501E-03
 7796.6 0.794918696060E-03
 7797.5 0.795206815666E-03
 7798.4 0.795464884852E-03
 7799.3 0.795656829667E-03
 7800.2 0.795823469797E-03
 7801.1 0.795968232105E-03
 7802.0 0.796073989367E-03
 7802.9 0.796488629325E-03
 7803.8 0.797021025667E-03
 7804.7 0.797632217693E-03
 7805.6 0.798161249275E-03
 7806.5 0.798645215345E-03
 7807.4 0.799075199318E-03
 7808.3 0.799548008271E-03
 7809.2 0.800099272121E-03
 7810.1 0.800995217627E-03
 7811.0 0.802332842340E-03
 7811.9 0.803983729141E-03
 7812.8 0.806020719369E-03
 7813.7 0.808146820393E-03
 7814.6 0.810346223322E-03
 7815.5 0.812662012069E-03
 7816.4 0.814845181063E-03
 7817.3 0.816903177635E-03
 7818.2 0.818210689193E-03
 7819.1 0.819048616221E-03
 7820.0 0.819352403034E-03
 7820.9 0.817782362601E-03
 7821.8 0.815831914214E-03
 7822.7 0.813516330084E-03
 7823.6 0.810989459456E-03
 7824.5 0.808667801723E-03
 7825.4 0.806756993766E-03
 7826.3 0.805308647922E-03
 7827.2 0.803873543157E-03
 7828.1 0.802265325410E-03
 7829.0 0.800520179123E-03
 7829.9 0.798414946724E-03
 7830.8 0.795386621093E-03
 7831.7 0.792630975844E-03
 7832.6 0.790142881912E-03
 7833.5 0.788296849481E-03
 7834.4 0.787663738446E-03
 7835.3 0.787896416536E-03
 7836.2 0.789748363046E-03
 7837.1 0.791831781543E-03
 7838.0 0.794053783865E-03
 7838.9 0.796303637656E-03
 7839.8 0.797787423699E-03
 7840.7 0.798683003309E-03
 7841.6 0.798997337416E-03
 7842.5 0.799136186504E-03
 7843.4 0.799117560229E-03
 7844.3 0.798751802753E-03
 7845.2 0.798257972062E-03
 7846.1 0.797624154367E-03
 7847.0 0.796748069946E-03
 7847.9 0.795813643127E-03
 7848.8 0.794817152984E-03
 7849.7 0.794053466178E-03
 7850.6 0.793321520618E-03
 7851.5 0.792599872563E-03
 7852.4 0.791815500692E-03
 7853.3 0.790967263656E-03
 7854.2 0.790009094690E-03
 7855.1 0.788793247028E-03
 7856.0 0.787620844544E-03
 7856.9 0.786736395687E-03
 7857.8 0.786167606159E-03
 7858.7 0.785994505064E-03
 7859.6 0.786833666613E-03
 7860.5 0.788073471747E-03
 7861.4 0.789464934671E-03
 7862.3 0.790746022980E-03
 7863.2 0.791413873906E-03
 7864.1 0.791447897685E-03
 7865.0 0.789302989387E-03
 7865.9 0.786637119114E-03
 7866.8 0.783620561489E-03
 7867.7 0.780668006775E-03
 7868.6 0.778793441383E-03
 7869.5 0.777859556811E-03
 7870.4 0.778839571901E-03
 7871.3 0.780316322884E-03
 7872.2 0.782305507959E-03
 7873.1 0.784330711021E-03
 7874.0 0.785732918820E-03
 7874.9 0.786344216441E-03
 7875.8 0.786487106773E-03
 7876.7 0.786539987838E-03
 7877.6 0.786519658492E-03
 7878.5 0.786723431543E-03
 7879.4 0.787107947296E-03
 7880.3 0.787776503725E-03
 7881.2 0.788910646700E-03
 7882.1 0.790242315356E-03
 7883.0 0.791798382899E-03
 7883.9 0.793956583034E-03
 7884.8 0.796288388347E-03
 7885.7 0.798574290121E-03
 7886.6 0.800575184884E-03
 7887.5 0.802318807309E-03
 7888.4 0.803441406496E-03
 7889.3 0.803883329056E-03
 7890.2 0.803856058907E-03
 7891.1 0.803065619111E-03
 7892.0 0.801922411104E-03
 7892.9 0.800488469373E-03
 7893.8 0.798349008679E-03
 7894.7 0.796165434043E-03
 7895.6 0.793958007925E-03
 7896.5 0.792084664825E-03
 7897.4 0.790454629340E-03
 7898.3 0.789061498640E-03
 7899.2 0.788475982341E-03
 7900.1 0.787986600785E-03
 7901.0 0.787593529455E-03
 7901.9 0.787256920645E-03
 7902.8 0.786877673861E-03
 7903.7 0.786429383444E-03
 7904.6 0.785776049963E-03
 7905.5 0.784997910982E-03
 7906.4 0.784043066340E-03
 7907.3 0.782872716982E-03
 7908.2 0.781528024479E-03
 7909.1 0.779884324105E-03
 7910.0 0.778273120763E-03
 7910.9 0.776725063394E-03
 7911.8 0.775337457790E-03
 7912.7 0.774421611370E-03
 7913.6 0.773782461751E-03
 7914.5 0.773536319749E-03
 7915.4 0.773344721775E-03
 7916.3 0.773175528316E-03
 7917.2 0.772983903712E-03
 7918.1 0.772463966947E-03
 7919.0 0.771771700796E-03
 7919.9 0.771319920009E-03
 7920.8 0.771045173542E-03
 7921.7 0.770928337992E-03
 7922.6 0.771333756198E-03
 7923.5 0.771940546854E-03
 7924.4 0.772732394068E-03
 7925.3 0.773140665520E-03
 7926.2 0.773405567471E-03
 7927.1 0.773510728425E-03
 7928.0 0.772788509165E-03
 7928.9 0.771831676723E-03
 7929.8 0.770616890474E-03
 7930.7 0.769224190589E-03
 7931.6 0.767707778830E-03
 7932.5 0.766015220395E-03
 7933.4 0.764273475507E-03
 7934.3 0.762770454434E-03
 7935.2 0.761802457817E-03
 7936.1 0.761488947583E-03
 7937.0 0.762122467224E-03
 7937.9 0.764897228751E-03
 7938.8 0.768105385480E-03
 7939.7 0.771360954461E-03
 7940.6 0.774232392628E-03
 7941.5 0.775589974711E-03
 7942.4 0.775682484527E-03
 7943.3 0.772796826449E-03
 7944.2 0.769551256168E-03
 7945.1 0.766145068160E-03
 7946.0 0.763085316563E-03
 7946.9 0.761962310343E-03
 7947.8 0.762326524644E-03
 7948.7 0.764575786031E-03
 7949.6 0.767388348798E-03
 7950.5 0.770686394868E-03
 7951.4 0.773685176604E-03
 7952.3 0.775945524888E-03
 7953.2 0.777420017394E-03
 7954.1 0.777478933108E-03
 7955.0 0.777131114973E-03
 7955.9 0.776330779280E-03
 7956.8 0.775356880033E-03
 7957.7 0.774461615397E-03
 7958.6 0.773721945319E-03
 7959.5 0.773698922337E-03
 7960.4 0.773894568708E-03
 7961.3 0.774289730442E-03
 7962.2 0.775127733028E-03
 7963.1 0.776010572216E-03
 7964.0 0.776733838788E-03
 7964.9 0.777243147530E-03
 7965.8 0.777536195327E-03
 7966.7 0.777335282757E-03
 7967.6 0.776765555833E-03
 7968.5 0.776050825325E-03
 7969.4 0.775384947098E-03
 7970.3 0.774823553003E-03
 7971.2 0.774420385848E-03
 7972.1 0.774724025294E-03
 7973.0 0.775225814086E-03
 7973.9 0.775872343454E-03
 7974.8 0.776681008273E-03
 7975.7 0.777530929266E-03
 7976.6 0.778413686115E-03
 7977.5 0.779259758750E-03
 7978.4 0.780057035013E-03
 7979.3 0.780805297549E-03
 7980.2 0.781445006844E-03
 7981.1 0.781906098303E-03
 7982.0 0.782150576967E-03
 7982.9 0.782054868972E-03
 7983.8 0.781749845798E-03
 7984.7 0.781170090880E-03
 7985.6 0.780383835617E-03
 7986.5 0.779529618402E-03
 7987.4 0.778604553898E-03
 7988.3 0.777905086226E-03
 7989.2 0.777267822695E-03
 7990.1 0.776660950232E-03
 7991.0 0.775932355686E-03
 7991.9 0.775087424373E-03
 7992.8 0.773994504010E-03
 7993.7 0.772601156672E-03
 7994.6 0.771069548617E-03
 7995.5 0.769453322052E-03
 7996.4 0.767830657191E-03
 7997.3 0.766251350442E-03
 7998.2 0.764955541508E-03
 7999.1 0.763951352270E-03
 8000.0 0.763202479247E-03
 8000.9 0.763193592980E-03
 8001.8 0.763605304599E-03
 8002.7 0.764357803679E-03
 8003.6 0.765511455420E-03
 8004.5 0.766664873538E-03
 8005.4 0.767818070168E-03
 8006.3 0.768562811610E-03
 8007.2 0.769047598570E-03
 8008.1 0.769235818628E-03
 8009.0 0.769213458396E-03
 8009.9 0.769163986986E-03
 8010.8 0.769096076366E-03
 8011.7 0.769166017339E-03
 8012.6 0.769311944691E-03
 8013.5 0.769561287474E-03
 8014.4 0.769727639734E-03
 8015.3 0.769790546783E-03
 8016.2 0.769658844552E-03
 8017.1 0.769228966849E-03
 8018.0 0.768668482912E-03
 8018.9 0.767969411524E-03
 8019.8 0.767214011872E-03
 8020.7 0.766454159746E-03
 8021.6 0.765756291609E-03
 8022.5 0.765333746459E-03
 8023.4 0.765057784582E-03
 8024.3 0.764877799931E-03
 8025.2 0.764759537414E-03
 8026.1 0.764661711232E-03
 8027.0 0.764428295511E-03
 8027.9 0.764164022148E-03
 8028.8 0.763896486531E-03
 8029.7 0.763969485567E-03
 8030.6 0.764316910769E-03
 8031.5 0.764910501683E-03
 8032.4 0.765785396892E-03
 8033.3 0.766567361773E-03
 8034.2 0.767247298255E-03
 8035.1 0.766793297510E-03
 8036.0 0.765995401310E-03
 8036.9 0.764811970296E-03
 8037.8 0.763372974148E-03
 8038.7 0.762067356429E-03
 8039.6 0.761032003026E-03
 8040.5 0.760884012602E-03
 8041.4 0.761009498428E-03
 8042.3 0.761376734962E-03
 8043.2 0.761746980400E-03
 8044.1 0.761871248111E-03
 8045.0 0.761335862838E-03
 8045.9 0.760399834826E-03
 8046.8 0.759289627254E-03
 8047.7 0.758044689582E-03
 8048.6 0.756985396595E-03
 8049.5 0.756140029124E-03
 8050.4 0.755942398032E-03
 8051.3 0.756041679887E-03
 8052.2 0.756354145275E-03
 8053.1 0.757032498563E-03
 8054.0 0.758014885615E-03
 8054.9 0.759229457828E-03
 8055.8 0.760771411585E-03
 8056.7 0.762368420254E-03
 8057.6 0.764008116338E-03
 8058.5 0.765424003514E-03
 8059.4 0.766471461208E-03
 8060.3 0.767137152606E-03
 8061.2 0.767190079690E-03
 8062.1 0.766985131346E-03
 8063.0 0.766479798784E-03
 8063.9 0.765535615123E-03
 8064.8 0.764430222057E-03
 8065.7 0.763136021171E-03
 8066.6 0.762126899826E-03
 8067.5 0.761209189639E-03
 8068.4 0.760382217974E-03
 8069.3 0.760096067947E-03
 8070.2 0.759939066926E-03
 8071.1 0.759792308962E-03
 8072.0 0.759544207711E-03
 8072.9 0.759248473394E-03
 8073.8 0.758901383808E-03
 8074.7 0.758461405235E-03
 8075.6 0.757947914664E-03
 8076.5 0.757277138398E-03
 8077.4 0.756438236298E-03
 8078.3 0.755405095816E-03
 8079.2 0.753675164876E-03
 8080.1 0.751839526433E-03
 8081.0 0.749950285664E-03
 8081.9 0.748224177275E-03
 8082.8 0.746752908748E-03
 8083.7 0.745509438910E-03
 8084.6 0.745039632066E-03
 8085.5 0.744693722212E-03
 8086.4 0.744468986334E-03
 8087.3 0.744362527519E-03
 8088.2 0.744171975072E-03
 8089.1 0.743877571384E-03
 8090.0 0.743438828884E-03
 8090.9 0.742899859822E-03
 8091.8 0.742228968204E-03
 8092.7 0.741537079100E-03
 8093.6 0.740826891683E-03
 8094.5 0.740088428559E-03
 8095.4 0.739727903964E-03
 8096.3 0.739621131495E-03
 8097.2 0.739919395456E-03
 8098.1 0.741022138766E-03
 8099.0 0.742540919346E-03
 8099.9 0.744609366912E-03
 8100.8 0.746642860611E-03
 8101.7 0.748604552531E-03
 8102.6 0.750330584436E-03
 8103.5 0.751291606964E-03
 8104.4 0.751832489506E-03
 8105.3 0.752090811421E-03
 8106.2 0.752284944436E-03
 8107.1 0.752443686766E-03
 8108.0 0.752635894282E-03
 8108.9 0.752867263548E-03
 8109.8 0.753121780541E-03
 8110.7 0.753245107738E-03
 8111.6 0.753370769592E-03
 8112.5 0.753498586513E-03
 8113.4 0.754015117888E-03
 8114.3 0.754571099402E-03
 8115.2 0.755169306381E-03
 8116.1 0.755634190110E-03
 8117.0 0.755839311606E-03
 8117.9 0.755693585259E-03
 8118.8 0.754856219272E-03
 8119.7 0.753839722663E-03
 8120.6 0.752658128801E-03
 8121.5 0.751496237185E-03
 8122.4 0.750543451807E-03
 8123.3 0.750036148108E-03
 8124.2 0.749858892747E-03
 8125.1 0.749806475872E-03
 8126.0 0.749857264569E-03
 8126.9 0.749791926487E-03
 8127.8 0.749601188315E-03
 8128.7 0.749099362292E-03
 8129.6 0.748460639408E-03
 8130.5 0.747783003043E-03
 8131.4 0.747225345341E-03
 8132.3 0.747127453318E-03
 8133.2 0.747353448663E-03
 8134.1 0.748071508025E-03
 8135.0 0.748977184563E-03
 8135.9 0.750016211182E-03
 8136.8 0.751063986347E-03
 8137.7 0.751979962880E-03
 8138.6 0.752781444538E-03
 8139.5 0.753618066307E-03
 8140.4 0.754369857912E-03
 8141.3 0.755030968997E-03
 8142.2 0.755329584326E-03
 8143.1 0.755325971565E-03
 8144.0 0.754946336370E-03
 8144.9 0.753675478432E-03
 8145.8 0.752149723129E-03
 8146.7 0.750359021197E-03
 8147.6 0.747992552300E-03
 8148.5 0.745724395483E-03
 8149.4 0.743853202479E-03
 8150.3 0.742546570217E-03
 8151.2 0.741824430959E-03
 8152.1 0.742258731398E-03
 8153.0 0.743702045923E-03
 8153.9 0.745556577101E-03
 8154.8 0.747685146813E-03
 8155.7 0.749749912907E-03
 8156.6 0.751508963854E-03
 8157.5 0.751969357873E-03
 8158.4 0.752161335686E-03
 8159.3 0.752176789897E-03
 8160.2 0.751964526094E-03
 8161.1 0.751913490899E-03
 8162.0 0.751993574156E-03
 8162.9 0.752367479046E-03
 8163.8 0.752618636624E-03
 8164.7 0.752764149693E-03
 8165.6 0.752710292337E-03
 8166.5 0.752406194169E-03
 8167.4 0.751849620899E-03
 8168.3 0.751148397365E-03
 8169.2 0.750381067384E-03
 8170.1 0.749536964158E-03
 8171.0 0.748432476496E-03
 8171.9 0.747168648275E-03
 8172.8 0.745695410860E-03
 8173.7 0.743806344239E-03
 8174.6 0.741757724791E-03
 8175.5 0.739523697978E-03
 8176.4 0.736984754393E-03
 8177.3 0.734368098243E-03
 8178.2 0.731726688518E-03
 8179.1 0.729268257031E-03
 8180.0 0.726975989837E-03
 8180.9 0.725030418464E-03
 8181.8 0.723659222231E-03
 8182.7 0.722615257726E-03
 8183.6 0.721995197399E-03
 8184.5 0.721626053868E-03
 8185.4 0.721438162591E-03
 8186.3 0.721589145198E-03
 8187.2 0.721794023067E-03
 8188.1 0.722018370686E-03
 8189.0 0.722095643172E-03
 8189.9 0.721945089151E-03
 8190.8 0.721574582516E-03
 8191.7 0.720099840082E-03
 8192.6 0.718630990178E-03
 8193.5 0.717167751600E-03
 8194.4 0.716117291471E-03
 8195.3 0.715800822291E-03
 8196.2 0.716335630789E-03
 8197.1 0.718120976545E-03
 8198.0 0.720151350377E-03
 8198.9 0.722410365841E-03
 8199.8 0.724563420555E-03
 8200.7 0.726270977195E-03
 8201.6 0.727207436832E-03
 8202.5 0.727617842691E-03
 8203.4 0.727766670916E-03
 8204.3 0.727563814792E-03
 8205.2 0.727075541793E-03
 8206.1 0.726442805909E-03
 8207.0 0.725621822594E-03
 8207.9 0.725013649029E-03
 8208.8 0.724488725508E-03
 8209.7 0.723983059175E-03
 8210.6 0.723654390776E-03
 8211.5 0.723384917774E-03
 8212.4 0.722983513930E-03
 8213.3 0.722442611808E-03
 8214.2 0.721805363864E-03
 8215.1 0.721046397318E-03
 8216.0 0.720245739134E-03
 8216.9 0.719439390187E-03
 8217.8 0.719082702992E-03
 8218.7 0.719034912786E-03
 8219.6 0.719266476864E-03
 8220.5 0.721060504023E-03
 8221.4 0.723281506071E-03
 8222.3 0.725973377620E-03
 8223.2 0.729064011392E-03
 8224.1 0.731977129357E-03
 8225.0 0.734621072705E-03
 8225.9 0.736209285853E-03
 8226.8 0.737183312532E-03
 8227.7 0.737325719306E-03
 8228.6 0.736673148296E-03
 8229.5 0.735478842082E-03
 8230.4 0.733445273781E-03
 8231.3 0.731006949756E-03
 8232.2 0.728526964226E-03
 8233.1 0.726212711044E-03
 8234.0 0.724376036755E-03
 8234.9 0.723058199014E-03
 8235.8 0.723002002852E-03
 8236.7 0.723320335563E-03
 8237.6 0.723847743892E-03
 8238.5 0.724593070772E-03
 8239.4 0.725192882283E-03
 8240.3 0.725685605531E-03
 8241.2 0.725980473420E-03
 8242.1 0.726309728045E-03
 8243.0 0.726661649145E-03
 8243.9 0.726999420510E-03
 8244.8 0.727317138702E-03
 8245.7 0.727616714796E-03
 8246.6 0.727844397140E-03
 8247.5 0.728065013078E-03
 8248.4 0.728278274186E-03
 8249.3 0.728547549599E-03
 8250.2 0.728868960374E-03
 8251.1 0.729254385102E-03
 8252.0 0.729604780482E-03
 8252.9 0.729939161710E-03
 8253.8 0.730253507694E-03
 8254.7 0.730495323735E-03
 8255.6 0.730681168651E-03
 8256.5 0.730779569243E-03
 8257.4 0.730892810507E-03
 8258.3 0.731025004085E-03
 8259.2 0.731195968477E-03
 8260.1 0.731493114666E-03
 8261.0 0.731915495942E-03
 8261.9 0.732616704100E-03
 8262.8 0.733411184187E-03
 8263.7 0.734318705093E-03
 8264.6 0.735559149489E-03
 8265.5 0.736553467516E-03
 8266.4 0.737340035320E-03
 8267.3 0.737603543197E-03
 8268.2 0.737310448617E-03
 8269.1 0.736554274622E-03
 8270.0 0.734640240639E-03
 8270.9 0.732768216905E-03
 8271.8 0.730936602798E-03
 8272.7 0.729324901513E-03
 8273.6 0.728373048607E-03
 8274.5 0.728069416788E-03
 8275.4 0.728359591244E-03
 8276.3 0.728650680010E-03
 8277.2 0.728927428478E-03
 8278.1 0.729079345523E-03
 8279.0 0.728992169018E-03
 8279.9 0.728564096494E-03
 8280.8 0.728350547608E-03
 8281.7 0.728190133050E-03
 8282.6 0.728072140173E-03
 8283.5 0.727967278604E-03
 8284.4 0.727805179569E-03
 8285.3 0.727503052110E-03
 8286.2 0.726752461533E-03
 8287.1 0.725824717704E-03
 8288.0 0.724756525295E-03
 8288.9 0.723596980027E-03
 8289.8 0.722421323592E-03
 8290.7 0.721322046025E-03
 8291.6 0.720230926467E-03
 8292.5 0.719097249644E-03
 8293.4 0.717692822951E-03
 8294.3 0.716155873404E-03
 8295.2 0.714544256581E-03
 8296.1 0.712991077713E-03
 8297.0 0.711615709784E-03
 8297.9 0.710423013195E-03
 8298.8 0.710273781804E-03
 8299.7 0.710325155018E-03
 8300.6 0.710562527789E-03
 8301.5 0.710939454904E-03
 8302.4 0.711178583177E-03
 8303.3 0.711259862804E-03
 8304.2 0.710935573900E-03
 8305.1 0.710545975777E-03
 8306.0 0.710099762423E-03
 8306.9 0.709872339390E-03
 8307.8 0.710024557067E-03
 8308.7 0.710789264636E-03
 8309.6 0.712058442959E-03
 8310.5 0.713513216373E-03
 8311.4 0.715163130585E-03
 8312.3 0.716641870851E-03
 8313.2 0.717922793694E-03
 8314.1 0.718778472510E-03
 8315.0 0.718978488214E-03
 8315.9 0.718795243966E-03
 8316.8 0.718054365411E-03
 8317.7 0.716488860124E-03
 8318.6 0.714460610387E-03
 8319.5 0.711982180338E-03
 8320.4 0.709424097278E-03
 8321.3 0.706836884126E-03
 8322.2 0.704383535559E-03
 8323.1 0.702234826772E-03
 8324.0 0.700315232727E-03
 8324.9 0.698595526705E-03
 8325.8 0.697074112337E-03
 8326.7 0.695732530056E-03
 8327.6 0.695198078215E-03
 8328.5 0.695010555796E-03
 8329.4 0.695195542845E-03
 8330.3 0.695999360614E-03
 8331.2 0.696913065229E-03
 8332.1 0.697934786253E-03
 8333.0 0.698727804609E-03
 8333.9 0.699462381026E-03
 8334.8 0.700140521923E-03
 8335.7 0.700755203502E-03
 8336.6 0.701381643118E-03
 8337.5 0.702054134472E-03
 8338.4 0.702768100956E-03
 8339.3 0.703514834685E-03
 8340.2 0.704320363732E-03
 8341.1 0.705205664959E-03
 8342.0 0.706225477146E-03
 8342.9 0.707614559811E-03
 8343.8 0.709041776682E-03
 8344.7 0.710459738666E-03
 8345.6 0.711757892158E-03
 8346.5 0.712584522411E-03
 8347.4 0.713049156007E-03
 8348.3 0.712753232208E-03
 8349.2 0.711999904552E-03
 8350.1 0.710911591370E-03
 8351.0 0.709461432580E-03
 8351.9 0.707873342120E-03
 8352.8 0.706171542706E-03
 8353.7 0.704476854189E-03
 8354.6 0.702850721753E-03
 8355.5 0.701294065615E-03
 8356.4 0.699920633720E-03
 8357.3 0.698682915734E-03
 8358.2 0.697607295969E-03
 8359.1 0.696523429548E-03
 8360.0 0.695556221350E-03
 8360.9 0.694769209073E-03
 8361.8 0.694462967220E-03
 8362.7 0.694466574366E-03
 8363.6 0.694924052445E-03
 8364.5 0.695993143427E-03
 8365.4 0.697299912218E-03
 8366.3 0.698852263884E-03
 8367.2 0.700601858675E-03
 8368.1 0.702263145213E-03
 8369.0 0.703457540602E-03
 8369.9 0.704350656152E-03
 8370.8 0.704967995484E-03
 8371.7 0.704920227597E-03
 8372.6 0.704670394788E-03
 8373.5 0.704353310848E-03
 8374.4 0.704251956101E-03
 8375.3 0.704219767642E-03
 8376.2 0.704278738922E-03
 8377.1 0.704831920038E-03
 8378.0 0.705139743991E-03
 8378.9 0.705238021020E-03
 8379.8 0.704850303406E-03
 8380.7 0.703830709391E-03
 8381.6 0.702206711864E-03
 8382.5 0.699765498537E-03
 8383.4 0.697404500154E-03
 8384.3 0.695151727368E-03
 8385.2 0.693597780001E-03
 8386.1 0.693148371133E-03
 8387.0 0.694224866481E-03
 8387.9 0.696111143329E-03
 8388.8 0.698264921675E-03
 8389.7 0.700706890869E-03
 8390.6 0.702769955743E-03
 8391.5 0.704534319982E-03
 8392.4 0.705796064172E-03
 8393.3 0.706769353043E-03
 8394.2 0.707554997434E-03
 8395.1 0.708029495746E-03
 8396.0 0.708060980448E-03
 8396.9 0.707838599023E-03
 8397.8 0.707265954380E-03
 8398.7 0.706481956265E-03
 8399.6 0.705596186603E-03
 8400.5 0.704700464585E-03
 8401.4 0.703886861932E-03
 8402.3 0.703159554333E-03
 8403.2 0.702762515079E-03
 8404.1 0.702487188742E-03
 8405.0 0.702325856159E-03
 8405.9 0.702622041239E-03
 8406.8 0.702954726561E-03
 8407.7 0.703320362418E-03
 8408.6 0.703538350898E-03
 8409.5 0.703618608903E-03
 8410.4 0.703546298959E-03
 8411.3 0.703028148997E-03
 8412.2 0.702488982979E-03
 8413.1 0.701953901866E-03
 8414.0 0.701413546916E-03
 8414.9 0.700976119734E-03
 8415.8 0.700713299905E-03
 8416.7 0.700490358232E-03
 8417.6 0.700257884293E-03
 8418.5 0.699989988645E-03
 8419.4 0.699693550448E-03
 8420.3 0.699347000339E-03
 8421.2 0.698884794018E-03
 8422.1 0.698552673640E-03
 8423.0 0.698289254902E-03
 8423.9 0.698111642388E-03
 8424.8 0.698198500614E-03
 8425.7 0.698429922434E-03
 8426.6 0.698798178885E-03
 8427.5 0.699173861491E-03
 8428.4 0.699533517387E-03
 8429.3 0.699740504740E-03
 8430.2 0.699644471287E-03
 8431.1 0.699318388379E-03
 8432.0 0.698700933521E-03
 8432.9 0.697915174711E-03
 8433.8 0.696980961366E-03
 8434.7 0.695699828567E-03
 8435.6 0.694318789753E-03
 8436.5 0.692833303743E-03
 8437.4 0.691738186383E-03
 8438.3 0.690885879126E-03
 8439.2 0.690326322124E-03
 8440.1 0.691085881747E-03
 8441.0 0.692208062604E-03
 8441.9 0.693704097204E-03
 8442.8 0.695447488485E-03
 8443.7 0.697217359828E-03
 8444.6 0.698960665365E-03
 8445.5 0.700519755084E-03
 8446.4 0.702026823617E-03
 8447.3 0.703511729322E-03
 8448.2 0.705002783062E-03
 8449.1 0.706573300906E-03
 8450.0 0.708398497012E-03
 8450.9 0.710187958332E-03
 8451.8 0.711898714089E-03
 8452.7 0.713322467371E-03
 8453.6 0.714238518270E-03
 8454.5 0.714736552870E-03
 8455.4 0.714223502254E-03
 8456.3 0.713345477138E-03
 8457.2 0.712192206762E-03
 8458.1 0.710607576247E-03
 8459.0 0.708931724005E-03
 8459.9 0.707175720737E-03
 8460.8 0.705189634041E-03
 8461.7 0.703066195194E-03
 8462.6 0.700807223429E-03
 8463.5 0.698404482264E-03
 8464.4 0.695915880958E-03
 8465.3 0.693327234986E-03
 8466.2 0.691049704082E-03
 8467.1 0.688967628758E-03
 8468.0 0.687140622812E-03
 8468.9 0.686114566093E-03
 8469.8 0.685481773206E-03
 8470.7 0.685367909364E-03
 8471.6 0.685681302978E-03
 8472.5 0.686183731276E-03
 8473.4 0.686916170419E-03
 8474.3 0.687918598227E-03
 8475.2 0.688924246954E-03
 8476.1 0.689699431255E-03
 8477.0 0.690166801588E-03
 8477.9 0.690292843655E-03
 8478.8 0.689508239540E-03
 8479.7 0.688113743967E-03
 8480.6 0.686395067095E-03
 8481.5 0.684527908099E-03
 8482.4 0.682696120579E-03
 8483.3 0.681014118054E-03
 8484.2 0.680560423118E-03
 8485.1 0.680187924918E-03
 8486.0 0.679866699825E-03
 8486.9 0.679318992126E-03
 8487.8 0.678215524122E-03
 8488.7 0.676594459617E-03
 8489.6 0.673567905807E-03
 8490.5 0.669964078610E-03
 8491.4 0.665713101568E-03
 8492.3 0.661059624039E-03
 8493.2 0.656055947600E-03
 8494.1 0.650595167415E-03
 8495.0 0.645861217864E-03
 8495.9 0.641813984267E-03
 8496.8 0.638807656303E-03
 8497.7 0.638203819169E-03
 8498.6 0.639262244416E-03
 8499.5 0.642952334687E-03
 8500.4 0.647958392732E-03
 8501.3 0.653476305437E-03
 8502.2 0.659436907736E-03
 8503.1 0.664520627257E-03
 8504.0 0.669056675648E-03
 8504.9 0.672717498464E-03
 8505.8 0.675687485875E-03
 8506.7 0.678188264324E-03
 8507.6 0.679889243044E-03
 8508.5 0.680881761760E-03
 8509.4 0.681361690096E-03
 8510.3 0.680987338005E-03
 8511.2 0.680276505337E-03
 8512.1 0.679296744732E-03
 8513.0 0.677850834159E-03
 8513.9 0.676440686149E-03
 8514.8 0.675066128327E-03
 8515.7 0.674311105943E-03
 8516.6 0.673766438998E-03
 8517.5 0.673448645007E-03
 8518.4 0.674183783108E-03
 8519.3 0.674775127376E-03
 8520.2 0.675110942745E-03
 8521.1 0.674938820375E-03
 8522.0 0.674359310295E-03
 8522.9 0.673199942589E-03
 8523.8 0.671340672837E-03
 8524.7 0.669303764873E-03
 8525.6 0.667149256088E-03
 8526.5 0.664629159575E-03
 8527.4 0.661965989176E-03
 8528.3 0.659164401953E-03
 8529.2 0.655820268604E-03
 8530.1 0.652052162963E-03
 8531.0 0.647445618884E-03
 8531.9 0.641705502142E-03
 8532.8 0.635150033112E-03
 8533.7 0.627035042895E-03
 8534.6 0.617951473757E-03
 8535.5 0.608313017824E-03
 8536.4 0.598455683892E-03
 8537.3 0.588162102306E-03
 8538.2 0.577727971215E-03
 8539.1 0.569259110984E-03
 8540.0 0.562573895486E-03
 8540.9 0.557479361942E-03
 8541.8 0.557557779032E-03
 8542.7 0.560898068340E-03
 8543.6 0.567558738769E-03
 8544.5 0.577587058213E-03
 8545.4 0.588477046520E-03
 8546.3 0.600313928286E-03
 8547.2 0.611850583590E-03
 8548.1 0.622897057646E-03
 8549.0 0.633228364245E-03
 8549.9 0.642118282877E-03
 8550.8 0.649985722812E-03
 8551.7 0.656310010571E-03
 8552.6 0.659765244336E-03
 8553.5 0.662163646228E-03
 8554.4 0.663556933841E-03
 8555.3 0.664404345982E-03
 8556.2 0.665289324744E-03
 8557.1 0.666822634269E-03
 8558.0 0.668788847192E-03
 8558.9 0.670943380777E-03
 8559.8 0.673163588401E-03
 8560.7 0.675205903283E-03
 8561.6 0.677076515954E-03
 8562.5 0.678437628682E-03
 8563.4 0.679365150638E-03
 8564.3 0.679976415724E-03
 8565.2 0.680149036828E-03
 8566.1 0.679990994696E-03
 8567.0 0.679568197218E-03
 8567.9 0.678979455349E-03
 8568.8 0.678598757598E-03
 8569.7 0.678417945371E-03
 8570.6 0.678294513725E-03
 8571.5 0.678378530318E-03
 8572.4 0.678706095902E-03
 8573.3 0.678463283914E-03
 8574.2 0.677994037279E-03
 8575.1 0.677255105145E-03
 8576.0 0.676182344910E-03
 8576.9 0.675010500352E-03
 8577.8 0.673740319850E-03
 8578.7 0.672991064304E-03
 8579.6 0.672434889697E-03
 8580.5 0.672076952661E-03
 8581.4 0.672313422432E-03
 8582.3 0.672740224589E-03
 8583.2 0.673233479733E-03
 8584.1 0.673695466242E-03
 8585.0 0.674111258741E-03
 8585.9 0.674391629909E-03
 8586.8 0.674467795934E-03
 8587.7 0.674403561028E-03
 8588.6 0.674098063303E-03
 8589.5 0.673679017592E-03
 8590.4 0.673138705954E-03
 8591.3 0.672121703792E-03
 8592.2 0.671198005644E-03
 8593.1 0.670362674714E-03
 8594.0 0.669898983943E-03
 8594.9 0.669750634651E-03
 8595.8 0.669888230601E-03
 8596.7 0.670912972454E-03
 8597.6 0.671865808935E-03
 8598.5 0.672737540025E-03
 8599.4 0.673562175404E-03
 8600.3 0.674213993441E-03
 8601.2 0.674632875585E-03
 8602.1 0.674932825726E-03
 8603.0 0.675243012642E-03
 8603.9 0.675593773100E-03
 8604.8 0.675874019251E-03
 8605.7 0.676099767291E-03
 8606.6 0.676237076310E-03
 8607.5 0.676350327480E-03
 8608.4 0.676456111481E-03
 8609.3 0.676558517356E-03
 8610.2 0.676757704820E-03
 8611.1 0.676984299757E-03
 8612.0 0.677189306369E-03
 8612.9 0.677232073329E-03
 8613.8 0.677185438608E-03
 8614.7 0.677052472717E-03
 8615.6 0.676735079493E-03
 8616.5 0.676345807936E-03
 8617.4 0.676196581033E-03
 8618.3 0.676198776515E-03
 8619.2 0.676337597748E-03
 8620.1 0.676932260738E-03
 8621.0 0.677735344101E-03
 8621.9 0.678715259149E-03
 8622.8 0.679583626911E-03
 8623.7 0.680314338981E-03
 8624.6 0.680900496895E-03
 8625.5 0.680649428590E-03
 8626.4 0.680089594045E-03
 8627.3 0.679173832694E-03
 8628.2 0.677823736696E-03
 8629.1 0.676276964154E-03
 8630.0 0.674484286006E-03
 8630.9 0.672434168984E-03
 8631.8 0.670394095012E-03
 8632.7 0.668457406656E-03
 8633.6 0.666731022159E-03
 8634.5 0.665347878454E-03
 8635.4 0.664707252716E-03
 8636.3 0.664481198362E-03
 8637.2 0.664401822762E-03
 8638.1 0.664369269194E-03
 8639.0 0.664056864611E-03
 8639.9 0.663483015795E-03
 8640.8 0.662252289003E-03
 8641.7 0.660711608283E-03
 8642.6 0.658979042004E-03
 8643.5 0.657052208660E-03
 8644.4 0.655175855663E-03
 8645.3 0.653343201601E-03
 8646.2 0.651635061000E-03
 8647.1 0.649947346483E-03
 8648.0 0.648272434824E-03
 8648.9 0.646468524830E-03
 8649.8 0.644637435888E-03
 8650.7 0.642779408521E-03
 8651.6 0.639826960193E-03
 8652.5 0.636255097687E-03
 8653.4 0.631961377555E-03
 8654.3 0.624908302306E-03
 8655.2 0.616828644486E-03
 8656.1 0.607542024203E-03
 8657.0 0.597915887261E-03
 8657.9 0.588647068346E-03
 8658.8 0.580136068586E-03
 8659.7 0.574115252130E-03
 8660.6 0.569641886272E-03
 8661.5 0.567557668516E-03
 8662.4 0.567932089956E-03
 8663.3 0.570097662058E-03
 8664.2 0.575518674178E-03
 8665.1 0.583405875982E-03
 8666.0 0.592442146022E-03
 8666.9 0.602281695009E-03
 8667.8 0.612115963309E-03
 8668.7 0.621533158800E-03
 8669.6 0.628495405526E-03
 8670.5 0.634514740776E-03
 8671.4 0.639830829540E-03
 8672.3 0.643955921472E-03
 8673.2 0.647427288921E-03
 8674.1 0.650359646009E-03
 8675.0 0.652353761449E-03
 8675.9 0.654202210273E-03
 8676.8 0.655914390328E-03
 8677.7 0.657119332388E-03
 8678.6 0.658286343769E-03
 8679.5 0.659415034193E-03
 8680.4 0.659888773931E-03
 8681.3 0.659968790628E-03
 8682.2 0.659551593878E-03
 8683.1 0.658371719367E-03
 8684.0 0.656765200687E-03
 8684.9 0.654578130588E-03
 8685.8 0.652565592311E-03
 8686.7 0.650677631445E-03
 8687.6 0.648989649706E-03
 8688.5 0.648399248110E-03
 8689.4 0.648279018293E-03
 8690.3 0.648646991659E-03
 8691.2 0.649188705924E-03
 8692.1 0.649757041023E-03
 8693.0 0.650190542287E-03
 8693.9 0.650171707029E-03
 8694.8 0.649935557702E-03
 8695.7 0.649652986219E-03
 8696.6 0.649384274964E-03
 8697.5 0.649172259486E-03
 8698.4 0.649363163206E-03
 8699.3 0.649734328189E-03
 8700.2 0.650236899670E-03
 8701.1 0.650773742816E-03
 8702.0 0.651256846495E-03
 8702.9 0.651690214526E-03
 8703.8 0.651713311042E-03
 8704.7 0.651675169264E-03
 8705.6 0.651570686002E-03
 8706.5 0.651443764022E-03
 8707.4 0.651367878862E-03
 8708.3 0.651361380799E-03
 8709.2 0.651474887394E-03
 8710.1 0.651574393913E-03
 8711.0 0.651629690236E-03
 8711.9 0.651604657328E-03
 8712.8 0.651438438209E-03
 8713.7 0.651009914072E-03
 8714.6 0.650516362129E-03
 8715.5 0.650041154064E-03
 8716.4 0.649656616301E-03
 8717.3 0.649709100112E-03
 8718.2 0.650048248633E-03
 8719.1 0.650874583371E-03
 8720.0 0.651792036492E-03
 8720.9 0.652713485989E-03
 8721.8 0.653466766181E-03
 8722.7 0.653488391941E-03
 8723.6 0.653057571865E-03
 8724.5 0.652234505415E-03
 8725.4 0.651338585791E-03
 8726.3 0.650410664319E-03
 8727.2 0.649708009185E-03
 8728.1 0.649266412692E-03
 8729.0 0.649048432071E-03
 8729.9 0.649132076706E-03
 8730.8 0.649286099383E-03
 8731.7 0.649512081631E-03
 8732.6 0.649817814960E-03
 8733.5 0.650129880783E-03
 8734.4 0.650446682474E-03
 8735.3 0.650781863822E-03
 8736.2 0.651172046255E-03
 8737.1 0.651644905464E-03
 8738.0 0.652297476932E-03
 8738.9 0.652928768010E-03
 8739.8 0.653465549126E-03
 8740.7 0.653790137926E-03
 8741.6 0.653869591266E-03
 8742.5 0.653466375681E-03
 8743.4 0.652712402617E-03
 8744.3 0.651774687482E-03
 8745.2 0.650595916629E-03
 8746.1 0.649192199345E-03
 8747.0 0.647623817483E-03
 8747.9 0.645734204183E-03
 8748.8 0.643792229198E-03
 8749.7 0.641852113552E-03
 8750.6 0.640092459703E-03
 8751.5 0.638803284922E-03
 8752.4 0.637877993084E-03
 8753.3 0.637641960271E-03
 8754.2 0.637633650643E-03
 8755.1 0.637811197147E-03
 8756.0 0.638183028950E-03
 8756.9 0.638396955451E-03
 8757.8 0.638458492993E-03
 8758.7 0.638763222896E-03
 8759.6 0.639221056772E-03
 8760.5 0.639855354843E-03
 8761.4 0.641286477382E-03
 8762.3 0.643043403173E-03
 8763.2 0.645191155175E-03
 8764.1 0.647084834929E-03
 8765.0 0.648783327413E-03
 8765.9 0.650190179337E-03
 8766.8 0.650084624436E-03
 8767.7 0.649505893924E-03
 8768.6 0.648553835429E-03
 8769.5 0.647450548411E-03
 8770.4 0.646359815455E-03
 8771.3 0.645432616766E-03
 8772.2 0.644844361522E-03
 8773.1 0.644362681101E-03
 8774.0 0.643801288680E-03
 8774.9 0.643275133877E-03
 8775.8 0.642746890621E-03
 8776.7 0.642112327036E-03
 8777.6 0.641624315526E-03
 8778.5 0.641265842075E-03
 8779.4 0.641283704166E-03
 8780.3 0.641534346533E-03
 8781.2 0.641982896474E-03
 8782.1 0.642926779836E-03
 8783.0 0.643690321804E-03
 8783.9 0.644289603777E-03
 8784.8 0.644561078834E-03
 8785.7 0.644376504053E-03
 8786.6 0.643683042488E-03
 8787.5 0.642603758224E-03
 8788.4 0.641530926677E-03
 8789.3 0.640496845992E-03
 8790.2 0.639761833420E-03
 8791.1 0.639354032224E-03
 8792.0 0.639443986302E-03
 8792.9 0.639739355901E-03
 8793.8 0.640073549137E-03
 8794.7 0.640409843950E-03
 8795.6 0.640709957711E-03
 8796.5 0.640917919874E-03
 8797.4 0.640899671998E-03
 8798.3 0.640345062632E-03
 8799.2 0.639410512672E-03
 8800.1 0.637775809645E-03
 8801.0 0.634620075413E-03
 8801.9 0.630740455046E-03
 8802.8 0.626638718447E-03
 8803.7 0.622828228048E-03
 8804.6 0.619402822841E-03
 8805.5 0.617689491261E-03
 8806.4 0.617166863886E-03
 8807.3 0.617549158790E-03
 8808.2 0.619021082211E-03
 8809.1 0.620969775473E-03
 8810.0 0.623340485188E-03
 8810.9 0.626699666125E-03
 8811.8 0.630378131317E-03
 8812.7 0.634393375789E-03
 8813.6 0.638156437807E-03
 8814.5 0.641229059492E-03
 8815.4 0.643420150317E-03
 8816.3 0.643457938513E-03
 8817.2 0.642583612637E-03
 8818.1 0.640589838372E-03
 8819.0 0.638126671662E-03
 8819.9 0.635675219783E-03
 8820.8 0.633401435187E-03
 8821.7 0.631928993298E-03
 8822.6 0.630875258010E-03
 8823.5 0.630401436662E-03
 8824.4 0.630622592718E-03
 8825.3 0.631312714111E-03
 8826.2 0.632819496643E-03
 8827.1 0.634616751132E-03
 8828.0 0.636563176751E-03
 8828.9 0.638636932650E-03
 8829.8 0.640436990329E-03
 8830.7 0.642041124944E-03
 8831.6 0.643297821248E-03
 8832.5 0.644283130029E-03
 8833.4 0.645063400345E-03
 8834.3 0.645528123462E-03
 8835.2 0.645787673459E-03
 8836.1 0.645869301237E-03
 8837.0 0.645529190520E-03
 8837.9 0.645075391742E-03
 8838.8 0.644508409065E-03
 8839.7 0.643777792555E-03
 8840.6 0.643078970621E-03
 8841.5 0.642424020037E-03
 8842.4 0.641906285781E-03
 8843.3 0.641319047079E-03
 8844.2 0.640610167403E-03
 8845.1 0.639423649875E-03
 8846.0 0.638040054075E-03
 8846.9 0.636416777449E-03
 8847.8 0.634817999322E-03
 8848.7 0.633473475374E-03
 8849.6 0.632719175805E-03
 8850.5 0.632580290209E-03
 8851.4 0.632702598701E-03
 8852.3 0.633066154292E-03
 8853.2 0.633385650724E-03
 8854.1 0.633482990180E-03
 8855.0 0.632730949232E-03
 8855.9 0.631927042732E-03
 8856.8 0.631111481360E-03
 8857.7 0.630379710588E-03
 8858.6 0.629976905634E-03
 8859.5 0.629828732601E-03
 8860.4 0.630183547219E-03
 8861.3 0.630526970915E-03
 8862.2 0.630864058151E-03
 8863.1 0.631256523049E-03
 8864.0 0.631514554655E-03
 8864.9 0.631646265323E-03
 8865.8 0.632041268911E-03
 8866.7 0.632560431202E-03
 8867.6 0.633219695418E-03
 8868.5 0.634030465102E-03
 8869.4 0.634893977860E-03
 8870.3 0.635818355068E-03
 8871.2 0.636335445707E-03
 8872.1 0.636738888184E-03
 8873.0 0.637032876473E-03
 8873.9 0.637208684293E-03
 8874.8 0.637361598489E-03
 8875.7 0.637514905643E-03
 8876.6 0.637688869787E-03
 8877.5 0.637793327934E-03
 8878.4 0.637683911750E-03
 8879.3 0.637198804926E-03
 8880.2 0.636545236306E-03
 8881.1 0.635768120297E-03
 8882.0 0.634994178320E-03
 8882.9 0.634298534781E-03
 8883.8 0.634012998834E-03
 8884.7 0.633884871735E-03
 8885.6 0.633839855398E-03
 8886.5 0.633724007709E-03
 8887.4 0.633521928007E-03
 8888.3 0.633231641234E-03
 8889.2 0.632498547391E-03
 8890.1 0.631795580980E-03
 8891.0 0.631119840429E-03
 8891.9 0.630558133812E-03
 8892.8 0.630144262382E-03
 8893.7 0.629891260332E-03
 8894.6 0.629873857355E-03
 8895.5 0.629896213791E-03
 8896.4 0.629956327874E-03
 8897.3 0.630134933529E-03
 8898.2 0.630407046088E-03
 8899.1 0.630812649261E-03
 8900.0 0.631334548557E-03
 8900.9 0.631888501791E-03
 8901.8 0.632466713704E-03
 8902.7 0.632803531361E-03
 8903.6 0.632994052451E-03
 8904.5 0.632957350684E-03
 8905.4 0.632893163002E-03
 8906.3 0.632835969593E-03
 8907.2 0.632835150427E-03
 8908.1 0.633266019440E-03
 8909.0 0.633902002845E-03
 8909.9 0.634625180882E-03
 8910.8 0.635337815903E-03
 8911.7 0.636031881249E-03
 8912.6 0.636632992796E-03
 8913.5 0.637107360281E-03
 8914.4 0.637484498209E-03
 8915.3 0.637713406117E-03
 8916.2 0.637766728961E-03
 8917.1 0.637656651286E-03
 8918.0 0.636690458138E-03
 8918.9 0.635533043893E-03
 8919.8 0.634179240416E-03
 8920.7 0.632706572822E-03
 8921.6 0.631303690408E-03
 8922.5 0.629993820226E-03
 8923.4 0.629050449443E-03
 8924.3 0.628299593822E-03
 8925.2 0.627796579039E-03
 8926.1 0.627890993823E-03
 8927.0 0.628757936311E-03
 8927.9 0.630944355756E-03
 8928.8 0.634022458674E-03
 8929.7 0.637225090419E-03
 8930.6 0.640234185773E-03
 8931.5 0.641986780880E-03
 8932.4 0.642438391881E-03
 8933.3 0.639968366842E-03
 8934.2 0.636481665491E-03
 8935.1 0.632525173266E-03
 8936.0 0.628311624666E-03
 8936.9 0.624858703604E-03
 8937.8 0.621964436554E-03
 8938.7 0.620146312514E-03
 8939.6 0.618727127901E-03
 8940.5 0.617608402839E-03
 8941.4 0.616981908501E-03
 8942.3 0.616689171790E-03
 8943.2 0.616677962520E-03
 8944.1 0.617191781567E-03
 8945.0 0.617933255955E-03
 8945.9 0.618895411560E-03
 8946.8 0.620167748249E-03
 8947.7 0.621537012022E-03
 8948.6 0.623014918205E-03
 8949.5 0.624739367436E-03
 8950.4 0.626554392653E-03
 8951.3 0.628475443630E-03
 8952.2 0.630763958929E-03
 8953.1 0.633077663410E-03
 8954.0 0.635345981431E-03
 8954.9 0.637324718899E-03
 8955.8 0.639017094688E-03
 8956.7 0.640189078126E-03
 8957.6 0.640606466592E-03
 8958.5 0.640657509897E-03
 8959.4 0.640261626057E-03
 8960.3 0.639515455726E-03
 8961.2 0.638549795484E-03
 8962.1 0.637235635652E-03
 8963.0 0.635760177671E-03
 8963.9 0.634175497762E-03
 8964.8 0.632410865104E-03
 8965.7 0.630682607318E-03
 8966.6 0.628993978977E-03
 8967.5 0.627467120019E-03
 8968.4 0.626065975972E-03
 8969.3 0.624768115042E-03
 8970.2 0.623664132142E-03
 8971.1 0.622633637899E-03
 8972.0 0.621670377960E-03
 8972.9 0.621072923971E-03
 8973.8 0.620644188523E-03
 8974.7 0.620403490036E-03
 8975.6 0.620526558989E-03
 8976.5 0.620879849746E-03
 8977.4 0.621522141137E-03
 8978.3 0.622243124931E-03
 8979.2 0.622988927229E-03
 8980.1 0.623761302046E-03
 8981.0 0.624388437927E-03
 8981.9 0.624972126319E-03
 8982.8 0.625520463886E-03
 8983.7 0.626113008630E-03
 8984.6 0.626749139293E-03
 8985.5 0.627473246886E-03
 8986.4 0.628501930147E-03
 8987.3 0.629625550849E-03
 8988.2 0.630707471857E-03
 8989.1 0.631579285262E-03
 8990.0 0.632216543886E-03
 8990.9 0.632141645239E-03
 8991.8 0.631464507727E-03
 8992.7 0.630352999181E-03
 8993.6 0.628506273250E-03
 8994.5 0.626428398064E-03
 8995.4 0.624168116525E-03
 8996.3 0.621601945152E-03
 8997.2 0.619167559219E-03
 8998.1 0.616851472147E-03
 8999.0 0.614937786758E-03
 8999.9 0.613386846622E-03
 9000.8 0.612220233833E-03
 9001.7 0.611820963471E-03
 9002.6 0.611445788615E-03
 9003.5 0.611060359434E-03
 9004.4 0.610626368010E-03
 9005.3 0.609868827466E-03
 9006.2 0.608598626151E-03
 9007.1 0.607301506585E-03
 9008.0 0.606080817134E-03
 9008.9 0.605022725808E-03
 9009.8 0.604120224964E-03
 9010.7 0.603340698477E-03
 9011.6 0.602780292925E-03
 9012.5 0.601935400552E-03
 9013.4 0.601070160164E-03
 9014.3 0.600444931579E-03
 9015.2 0.600434715819E-03
 9016.1 0.600823251791E-03
 9017.0 0.601857691938E-03
 9017.9 0.603235425856E-03
 9018.8 0.604781324317E-03
 9019.7 0.606231716733E-03
 9020.6 0.607343110475E-03
 9021.5 0.608225078223E-03
 9022.4 0.609040665438E-03
 9023.3 0.609904701860E-03
 9024.2 0.610816445590E-03
 9025.1 0.612042561370E-03
 9026.0 0.613321080677E-03
 9026.9 0.614652003508E-03
 9027.8 0.615790142348E-03
 9028.7 0.616886848885E-03
 9029.6 0.617938895292E-03
 9030.5 0.618934276406E-03
 9031.4 0.619915365448E-03
 9032.3 0.620881940074E-03
 9033.2 0.621722944607E-03
 9034.1 0.622337528761E-03
 9035.0 0.622560066250E-03
 9035.9 0.622352943728E-03
 9036.8 0.621994709634E-03
 9037.7 0.621499414763E-03
 9038.6 0.621057100770E-03
 9039.5 0.620816877688E-03
 9040.4 0.621152384190E-03
 9041.3 0.621606720161E-03
 9042.2 0.622114722602E-03
 9043.1 0.622652766106E-03
 9044.0 0.623110336936E-03
 9044.9 0.623502984368E-03
 9045.8 0.623745526598E-03
 9046.7 0.623981050815E-03
 9047.6 0.624196306915E-03
 9048.5 0.624252895274E-03
 9049.4 0.624161922130E-03
 9050.3 0.623940888751E-03
 9051.2 0.623318875592E-03
 9052.1 0.622504166694E-03
 9053.0 0.621507582985E-03
 9053.9 0.620063641429E-03
 9054.8 0.618404821246E-03
 9055.7 0.616502934923E-03
 9056.6 0.614875612961E-03
 9057.5 0.613357457173E-03
 9058.4 0.611968982858E-03
 9059.3 0.611413669167E-03
 9060.2 0.611038394360E-03
 9061.1 0.610793237046E-03
 9062.0 0.610519842582E-03
 9062.9 0.610270741095E-03
 9063.8 0.610088080567E-03
 9064.7 0.609935517951E-03
 9065.6 0.609962011880E-03
 9066.5 0.610477408254E-03
 9067.4 0.611097427706E-03
 9068.3 0.611715522771E-03
 9069.2 0.612181222116E-03
 9070.1 0.612451082654E-03
 9071.0 0.612594276908E-03
 9071.9 0.612546671753E-03
 9072.8 0.612537872318E-03
 9073.7 0.612594616897E-03
 9074.6 0.613014558806E-03
 9075.5 0.613319280447E-03
 9076.4 0.613527093066E-03
 9077.3 0.613500904059E-03
 9078.2 0.613167246755E-03
 9079.1 0.612558253448E-03
 9080.0 0.611513712674E-03
 9080.9 0.610381100515E-03
 9081.8 0.609152224283E-03
 9082.7 0.607640554386E-03
 9083.6 0.605837261063E-03
 9084.5 0.603661165475E-03
 9085.4 0.601415816771E-03
 9086.3 0.599275826558E-03
 9087.2 0.597323654751E-03
 9088.1 0.596248491151E-03
 9089.0 0.595709662637E-03
 9089.9 0.595965333816E-03
 9090.8 0.596805158225E-03
 9091.7 0.597903539160E-03
 9092.6 0.599298353976E-03
 9093.5 0.600948281912E-03
 9094.4 0.602656994009E-03
 9095.3 0.604270280729E-03
 9096.2 0.605661811986E-03
 9097.1 0.606819408225E-03
 9098.0 0.607311508516E-03
 9098.9 0.607157017234E-03
 9099.8 0.606623915603E-03
 9100.7 0.605917768737E-03
 9101.6 0.605190543126E-03
 9102.5 0.604500154036E-03
 9103.4 0.604502025213E-03
 9104.3 0.604637301324E-03
 9105.2 0.604885350001E-03
 9106.1 0.605169142692E-03
 9107.0 0.605348352969E-03
 9107.9 0.605419675747E-03
 9108.8 0.605066818890E-03
 9109.7 0.604700616460E-03
 9110.6 0.604336037455E-03
 9111.5 0.604093760614E-03
 9112.4 0.604100614669E-03
 9113.3 0.604479491454E-03
 9114.2 0.605134066749E-03
 9115.1 0.605866714506E-03
 9116.0 0.606667327909E-03
 9116.9 0.607482049335E-03
 9117.8 0.608233654017E-03
 9118.7 0.608821037341E-03
 9119.6 0.609701934091E-03
 9120.5 0.610721829311E-03
 9121.4 0.611894722247E-03
 9122.3 0.613308171547E-03
 9123.2 0.614824740114E-03
 9124.1 0.616364980828E-03
 9125.0 0.617672432500E-03
 9125.9 0.618836638236E-03
 9126.8 0.619850681692E-03
 9127.7 0.620779828266E-03
 9128.6 0.621636684410E-03
 9129.5 0.622298201205E-03
 9130.4 0.622717532152E-03
 9131.3 0.622916133120E-03
 9132.2 0.622252200938E-03
 9133.1 0.621119716156E-03
 9134.0 0.619531009109E-03
 9134.9 0.617463619635E-03
 9135.8 0.615225722567E-03
 9136.7 0.612795062204E-03
 9137.6 0.610245198210E-03
 9138.5 0.607630462774E-03
 9139.4 0.604933414342E-03
 9140.3 0.602221736517E-03
 9141.2 0.599561734538E-03
 9142.1 0.596999998643E-03
 9143.0 0.594701839717E-03
 9143.9 0.592610985474E-03
 9144.8 0.590872149526E-03
 9145.7 0.589493162060E-03
 9146.6 0.588398764746E-03
 9147.5 0.587844505092E-03
 9148.4 0.587627391345E-03
 9149.3 0.587632135849E-03
 9150.2 0.588014205914E-03
 9151.1 0.588750723478E-03
 9152.0 0.589746529038E-03
 9152.9 0.591246497194E-03
 9153.8 0.592867813978E-03
 9154.7 0.594564627127E-03
 9155.6 0.596281445462E-03
 9156.5 0.597799035961E-03
 9157.4 0.599150686896E-03
 9158.3 0.600155006123E-03
 9159.2 0.601018603792E-03
 9160.1 0.601752881649E-03
 9161.0 0.602088594770E-03
 9161.9 0.602164006961E-03
 9162.8 0.601947894769E-03
 9163.7 0.601573981402E-03
 9164.6 0.601135510553E-03
 9165.5 0.600620358385E-03
 9166.4 0.600191456581E-03
 9167.3 0.599707496524E-03
 9168.2 0.599111185952E-03
 9169.1 0.598024745798E-03
 9170.0 0.596825767554E-03
 9170.9 0.595582078551E-03
 9171.8 0.594193594309E-03
 9172.7 0.593113623193E-03
 9173.6 0.592992642973E-03
 9174.5 0.593629517390E-03
 9175.4 0.594788592857E-03
 9176.3 0.596885186219E-03
 9177.2 0.599366388848E-03
 9178.1 0.601874665836E-03
 9179.0 0.603631888594E-03
 9179.9 0.605074563371E-03
 9180.8 0.606167519355E-03
 9181.7 0.605907134872E-03
 9182.6 0.605655951457E-03
 9183.5 0.605418142858E-03
 9184.4 0.605286224164E-03
 9185.3 0.605332927001E-03
 9186.2 0.605537819757E-03
 9187.1 0.606068003776E-03
 9188.0 0.606428062751E-03
 9188.9 0.606607071218E-03
 9189.8 0.606625487877E-03
 9190.7 0.606452783488E-03
 9191.6 0.606039155251E-03
 9192.5 0.605501440925E-03
 9193.4 0.604927011237E-03
 9194.3 0.604313614177E-03
 9195.2 0.603688430667E-03
 9196.1 0.603075957097E-03
 9197.0 0.602493143117E-03
 9197.9 0.601680288073E-03
 9198.8 0.600714039473E-03
 9199.7 0.599496134410E-03
 9200.6 0.597672191133E-03
 9201.5 0.595545426089E-03
 9202.4 0.593063005350E-03
 9203.3 0.590492109246E-03
 9204.2 0.587874096202E-03
 9205.1 0.585210767647E-03
 9206.0 0.582628227682E-03
 9206.9 0.580088120043E-03
 9207.8 0.577543560147E-03
 9208.7 0.575153102921E-03
 9209.6 0.572909238921E-03
 9210.5 0.571207800486E-03
 9211.4 0.569863611494E-03
 9212.3 0.568828823112E-03
 9213.2 0.568476704123E-03
 9214.1 0.568427727374E-03
 9215.0 0.568683243165E-03
 9215.9 0.569700079269E-03
 9216.8 0.570867481735E-03
 9217.7 0.572194847008E-03
 9218.6 0.573657856534E-03
 9219.5 0.575115354776E-03
 9220.4 0.576547070159E-03
 9221.3 0.577800893661E-03
 9222.2 0.578980825721E-03
 9223.1 0.580070664064E-03
 9224.0 0.580698665942E-03
 9224.9 0.580841522163E-03
 9225.8 0.580064785953E-03
 9226.7 0.578532941008E-03
 9227.6 0.576631225351E-03
 9228.5 0.574285144406E-03
 9229.4 0.572047061497E-03
 9230.3 0.569959066865E-03
 9231.2 0.568323344614E-03
 9232.1 0.567415546513E-03
 9233.0 0.566963200797E-03
 9233.9 0.567067721317E-03
 9234.8 0.567703202776E-03
 9235.7 0.568704081314E-03
 9236.6 0.570046574832E-03
 9237.5 0.571476810538E-03
 9238.4 0.572978918775E-03
 9239.3 0.574583985804E-03
 9240.2 0.576179507126E-03
 9241.1 0.577765978621E-03
 9242.0 0.579381132043E-03
 9242.9 0.580940023976E-03
 9243.8 0.582433044922E-03
 9244.7 0.583747421867E-03
 9245.6 0.584890322842E-03
 9246.5 0.585804898621E-03
 9247.4 0.586277285507E-03
 9248.3 0.586486613418E-03
 9249.2 0.586329874031E-03
 9250.1 0.585542081468E-03
 9251.0 0.584584116610E-03
 9251.9 0.583525535421E-03
 9252.8 0.582482067355E-03
 9253.7 0.581555130498E-03
 9254.6 0.580951686980E-03
 9255.5 0.580697919013E-03
 9256.4 0.580661156269E-03
 9257.3 0.580966525868E-03
 9258.2 0.581500819334E-03
 9259.1 0.582204629322E-03
 9260.0 0.583246839241E-03
 9260.9 0.584310046990E-03
 9261.8 0.585380419069E-03
 9262.7 0.586406480619E-03
 9263.6 0.587386253380E-03
 9264.5 0.588319931361E-03
 9265.4 0.589033116516E-03
 9266.3 0.589552383061E-03
 9267.2 0.589896807691E-03
 9268.1 0.589641462030E-03
 9269.0 0.588706343324E-03
 9269.9 0.587024900368E-03
 9270.8 0.584873032469E-03
 9271.7 0.582645194269E-03
 9272.6 0.580347446897E-03
 9273.5 0.578783329246E-03
 9274.4 0.577645160931E-03
 9275.3 0.577082413567E-03
 9276.2 0.576983024661E-03
 9277.1 0.577038712656E-03
 9278.0 0.577246324683E-03
 9278.9 0.577254839158E-03
 9279.8 0.577247250409E-03
 9280.7 0.577331533829E-03
 9281.6 0.577415003379E-03
 9282.5 0.577470322787E-03
 9283.4 0.577427452861E-03
 9284.3 0.577217836905E-03
 9285.2 0.576867071445E-03
 9286.1 0.576183501280E-03
 9287.0 0.575416081179E-03
 9287.9 0.574606913564E-03
 9288.8 0.573831204033E-03
 9289.7 0.573019697267E-03
 9290.6 0.572182021255E-03
 9291.5 0.571321870140E-03
 9292.4 0.570442610880E-03
 9293.3 0.569546796477E-03
 9294.2 0.568626033436E-03
 9295.1 0.568040331096E-03
 9296.0 0.567801818349E-03
 9296.9 0.567963151769E-03
 9297.8 0.568560844393E-03
 9298.7 0.569695749361E-03
 9299.6 0.571082269281E-03
 9300.5 0.572428614714E-03
 9301.4 0.573674835606E-03
 9302.3 0.574592581396E-03
 9303.2 0.575148681136E-03
 9304.1 0.575097707710E-03
 9305.0 0.574834290237E-03
 9305.9 0.574512765493E-03
 9306.8 0.574168864566E-03
 9307.7 0.574114590893E-03
 9308.6 0.574257636664E-03
 9309.5 0.574746027734E-03
 9310.4 0.575477804551E-03
 9311.3 0.576324903556E-03
 9312.2 0.577242356500E-03
 9313.1 0.578153013424E-03
 9314.0 0.579017256324E-03
 9314.9 0.579602677300E-03
 9315.8 0.580062216551E-03
 9316.7 0.580419979341E-03
 9317.6 0.580548469391E-03
 9318.5 0.580611171548E-03
 9319.4 0.580622448570E-03
 9320.3 0.580663897248E-03
 9321.2 0.580698294720E-03
 9322.1 0.580725795958E-03
 9323.0 0.580771085331E-03
 9323.9 0.580795543751E-03
 9324.8 0.580794559038E-03
 9325.7 0.580822032420E-03
 9326.6 0.580901899009E-03
 9327.5 0.581056049999E-03
 9328.4 0.581384659347E-03
 9329.3 0.581826099243E-03
 9330.2 0.582430372466E-03
 9331.1 0.583101357376E-03
 9332.0 0.583818572594E-03
 9332.9 0.584610623434E-03
 9333.8 0.585243653540E-03
 9334.7 0.585758751818E-03
 9335.6 0.586058115598E-03
 9336.5 0.586141896141E-03
 9337.4 0.586072353548E-03
 9338.3 0.585715530113E-03
 9339.2 0.585235396757E-03
 9340.1 0.584654067264E-03
 9341.0 0.583834145918E-03
 9341.9 0.582626439113E-03
 9342.8 0.581154739241E-03
 9343.7 0.579416226820E-03
 9344.6 0.577677712940E-03
 9345.5 0.575958996990E-03
 9346.4 0.574655094790E-03
 9347.3 0.573823002982E-03
 9348.2 0.573426428457E-03
 9349.1 0.573590158938E-03
 9350.0 0.573856795275E-03
 9350.9 0.574236447646E-03
 9351.8 0.574497368608E-03
 9352.7 0.574642800852E-03
 9353.6 0.574637225717E-03
 9354.5 0.574173370633E-03
 9355.4 0.573562869129E-03
 9356.3 0.572794689091E-03
 9357.2 0.571655734598E-03
 9358.1 0.570501744998E-03
 9359.0 0.569467063118E-03
 9359.9 0.568616455002E-03
 9360.8 0.567938517012E-03
 9361.7 0.567604760960E-03
 9362.6 0.567558375611E-03
 9363.5 0.567589367147E-03
 9364.4 0.567531212758E-03
 9365.3 0.567378596202E-03
 9366.2 0.567078243223E-03
 9367.1 0.566236381034E-03
 9368.0 0.565279649120E-03
 9368.9 0.564260451581E-03
 9369.8 0.563265960461E-03
 9370.7 0.562456592035E-03
 9371.6 0.561806467689E-03
 9372.5 0.561598424713E-03
 9373.4 0.561691475758E-03
 9374.3 0.562048764377E-03
 9375.2 0.562623925132E-03
 9376.1 0.563279994344E-03
 9377.0 0.564022551908E-03
 9377.9 0.564608422019E-03
 9378.8 0.565110561237E-03
 9379.7 0.565511783134E-03
 9380.6 0.565766575422E-03
 9381.5 0.565944436987E-03
 9382.4 0.566021848418E-03
 9383.3 0.566077326719E-03
 9384.2 0.566124521427E-03
 9385.1 0.566162416132E-03
 9386.0 0.566378948254E-03
 9386.9 0.566637725026E-03
 9387.8 0.566893448088E-03
 9388.7 0.567095688398E-03
 9389.6 0.567216894366E-03
 9390.5 0.567122744274E-03
 9391.4 0.566686881493E-03
 9392.3 0.566098013853E-03
 9393.2 0.565471390736E-03
 9394.1 0.564868043228E-03
 9395.0 0.564325868012E-03
 9395.9 0.564122871534E-03
 9396.8 0.564017662878E-03
 9397.7 0.563976537190E-03
 9398.6 0.563921624564E-03
 9399.5 0.563853003409E-03
 9400.4 0.563771075016E-03
 9401.3 0.563603728082E-03
 9402.2 0.563457289299E-03
 9403.1 0.563331945345E-03
 9404.0 0.563112004884E-03
 9404.9 0.562723701135E-03
 9405.8 0.562130176133E-03
 9406.7 0.561183073375E-03
 9407.6 0.560112429726E-03
 9408.5 0.558899278556E-03
 9409.4 0.557748489658E-03
 9410.3 0.556762087524E-03
 9411.2 0.556070815311E-03
 9412.1 0.555639717738E-03
 9413.0 0.555347388393E-03
 9413.9 0.555250740373E-03
 9414.8 0.555308868835E-03
 9415.7 0.555480610269E-03
 9416.6 0.555861329157E-03
 9417.5 0.556661291259E-03
 9418.4 0.557686747837E-03
 9419.3 0.558965087750E-03
 9420.2 0.560829302366E-03
 9421.1 0.562942392062E-03
 9422.0 0.564775801155E-03
 9422.9 0.566228383804E-03
 9423.8 0.567337820549E-03
 9424.7 0.567379386929E-03
 9425.6 0.566619970859E-03
 9426.5 0.565229648993E-03
 9427.4 0.563583961200E-03
 9428.3 0.561900469778E-03
 9429.2 0.560180978806E-03
 9430.1 0.559227853306E-03
 9431.0 0.558481574959E-03
 9431.9 0.557964930511E-03
 9432.8 0.557651246528E-03
 9433.7 0.557364099724E-03
 9434.6 0.557095022070E-03
 9435.5 0.556715742030E-03
 9436.4 0.556275686620E-03
 9437.3 0.555752784253E-03
 9438.2 0.555234417671E-03
 9439.1 0.554686574818E-03
 9440.0 0.554070396675E-03
 9440.9 0.553536470905E-03
 9441.8 0.553075629750E-03
 9442.7 0.552760129007E-03
 9443.6 0.552754664047E-03
 9444.5 0.553030667791E-03
 9445.4 0.553953817585E-03
 9446.3 0.555002696982E-03
 9447.2 0.556112287086E-03
 9448.1 0.557230329418E-03
 9449.0 0.558048638407E-03
 9449.9 0.558655883958E-03
 9450.8 0.558966457297E-03
 9451.7 0.559280248106E-03
 9452.6 0.559592730918E-03
 9453.5 0.559838802708E-03
 9454.4 0.560181910750E-03
 9455.3 0.560611813392E-03
 9456.2 0.560668454892E-03
 9457.1 0.560549645042E-03
 9458.0 0.560237346790E-03
 9458.9 0.559269549261E-03
 9459.8 0.558028115781E-03
 9460.7 0.556462408890E-03
 9461.6 0.554971604068E-03
 9462.5 0.553589696448E-03
 9463.4 0.552376438050E-03
 9464.3 0.552279644027E-03
 9465.2 0.552543875432E-03
 9466.1 0.553145835122E-03
 9467.0 0.553910299356E-03
 9467.9 0.554625855049E-03
 9468.8 0.555098409538E-03
 9469.7 0.555153331127E-03
 9470.6 0.555027923936E-03
 9471.5 0.554768504489E-03
 9472.4 0.554567573407E-03
 9473.3 0.554508032295E-03
 9474.2 0.555017635966E-03
 9475.1 0.555709500005E-03
 9476.0 0.556499888465E-03
 9476.9 0.557271389599E-03
 9477.8 0.557830254007E-03
 9478.7 0.558200199234E-03
 9479.6 0.557975046097E-03
 9480.5 0.557695523724E-03
 9481.4 0.557369427647E-03
 9482.3 0.557013845959E-03
 9483.2 0.556808934645E-03
 9484.1 0.556760843517E-03
 9485.0 0.556713516088E-03
 9485.9 0.556560563036E-03
 9486.8 0.556272533634E-03
 9487.7 0.555779542351E-03
 9488.6 0.555103993334E-03
 9489.5 0.554170928708E-03
 9490.4 0.553348056997E-03
 9491.3 0.552608122550E-03
 9492.2 0.551996905872E-03
 9493.1 0.551871797995E-03
 9494.0 0.551990822538E-03
 9494.9 0.552437424306E-03
 9495.8 0.553068626278E-03
 9496.7 0.553758164002E-03
 9497.6 0.554447835444E-03
 9498.5 0.554930006835E-03
 9499.4 0.555275604551E-03
 9500.3 0.555392407654E-03
 9501.2 0.555385297279E-03
 9502.1 0.555290318092E-03
 9503.0 0.555041762056E-03
 9503.9 0.554750134244E-03
 9504.8 0.554453763282E-03
 9505.7 0.554420021539E-03
 9506.6 0.554479580842E-03
 9507.5 0.554628528632E-03
 9508.4 0.555254317068E-03
 9509.3 0.555923755579E-03
 9510.2 0.556636075001E-03
 9511.1 0.557314613800E-03
 9512.0 0.557943374459E-03
 9512.9 0.558512987051E-03
 9513.8 0.558909429284E-03
 9514.7 0.559272430342E-03
 9515.6 0.559605765828E-03
 9516.5 0.559938337911E-03
 9517.4 0.560362902527E-03
 9518.3 0.560957677145E-03
 9519.2 0.561586739145E-03
 9520.1 0.562175669505E-03
 9521.0 0.562654054111E-03
 9521.9 0.562754156281E-03
 9522.8 0.562572643236E-03
 9523.7 0.561873745350E-03
 9524.6 0.560991390479E-03
 9525.5 0.560031290924E-03
 9526.4 0.559040467824E-03
 9527.3 0.558362817215E-03
 9528.2 0.557869782392E-03
 9529.1 0.557562416479E-03
 9530.0 0.557289466905E-03
 9530.9 0.557032703163E-03
 9531.8 0.556730424022E-03
 9532.7 0.556355756698E-03
 9533.6 0.555919866763E-03
 9534.5 0.555341776201E-03
 9535.4 0.554620426849E-03
 9536.3 0.553766248686E-03
 9537.2 0.552264318803E-03
 9538.1 0.550451943651E-03
 9539.0 0.548291300294E-03
 9539.9 0.545711047989E-03
 9540.8 0.543117746543E-03
 9541.7 0.540542199330E-03
 9542.6 0.538367898412E-03
 9543.5 0.536470409915E-03
 9544.4 0.534968251837E-03
 9545.3 0.533851361993E-03
 9546.2 0.532901176824E-03
 9547.1 0.532154449584E-03
 9548.0 0.531678654663E-03
 9548.9 0.531364443225E-03
 9549.8 0.531299431579E-03
 9550.7 0.531488852305E-03
 9551.6 0.531873475707E-03
 9552.5 0.532647016762E-03
 9553.4 0.533524543391E-03
 9554.3 0.534480927849E-03
 9555.2 0.535600851038E-03
 9556.1 0.536917149997E-03
 9557.0 0.538373170409E-03
 9557.9 0.540048570705E-03
 9558.8 0.541720612235E-03
 9559.7 0.543377362942E-03
 9560.6 0.544827914668E-03
 9561.5 0.545881685921E-03
 9562.4 0.546584879383E-03
 9563.3 0.546854983331E-03
 9564.2 0.546956358071E-03
 9565.1 0.546876562741E-03
 9566.0 0.546440132325E-03
 9566.9 0.545843724012E-03
 9567.8 0.545057527731E-03
 9568.7 0.544193810678E-03
 9569.6 0.543342828652E-03
 9570.5 0.542525816125E-03
 9571.4 0.542146908929E-03
 9572.3 0.541896962585E-03
 9573.2 0.541757877019E-03
 9574.1 0.541617867319E-03
 9575.0 0.541449822343E-03
 9575.9 0.541209473874E-03
 9576.8 0.540800992657E-03
 9577.7 0.540356095850E-03
 9578.6 0.539975907918E-03
 9579.5 0.539610360371E-03
 9580.4 0.539238581592E-03
 9581.3 0.538808229248E-03
 9582.2 0.538398704381E-03
 9583.1 0.538002972087E-03
 9584.0 0.537625376303E-03
 9584.9 0.537377610252E-03
 9585.8 0.537249043038E-03
 9586.7 0.537527925649E-03
 9587.6 0.537859269668E-03
 9588.5 0.538235990954E-03
 9589.4 0.538703675200E-03
 9590.3 0.539149560885E-03
 9591.2 0.539573355410E-03
 9592.1 0.540015831694E-03
 9593.0 0.540543577467E-03
 9593.9 0.541176740084E-03
 9594.8 0.541806358478E-03
 9595.7 0.542376545449E-03
 9596.6 0.542855965772E-03
 9597.5 0.543177782852E-03
 9598.4 0.543462445656E-03
 9599.3 0.543721531521E-03
 9600.2 0.544318496884E-03
 9601.1 0.545128744799E-03
 9602.0 0.546273221978E-03
 9602.9 0.547587852537E-03
 9603.8 0.548878217787E-03
 9604.7 0.549929214766E-03
 9605.6 0.549732485645E-03
 9606.5 0.548906378622E-03
 9607.4 0.547511620032E-03
 9608.3 0.546163841855E-03
 9609.2 0.545040401282E-03
 9610.1 0.545160753280E-03
 9611.0 0.546572667802E-03
 9611.9 0.548863737331E-03
 9612.8 0.551829368252E-03
 9613.7 0.554782277253E-03
 9614.6 0.557663195810E-03
 9615.5 0.558912986786E-03
 9616.4 0.559697740443E-03
 9617.3 0.560037675796E-03
 9618.2 0.560015290476E-03
 9619.1 0.560002372414E-03
 9620.0 0.560006801830E-03
 9620.9 0.560411438889E-03
 9621.8 0.560714888173E-03
 9622.7 0.560831466428E-03
 9623.6 0.560561711284E-03
 9624.5 0.559827046311E-03
 9625.4 0.558349445516E-03
 9626.3 0.556318166626E-03
 9627.2 0.554101683726E-03
 9628.1 0.551718843053E-03
 9629.0 0.549457961181E-03
 9629.9 0.547386703822E-03
 9630.8 0.545768274087E-03
 9631.7 0.544591885962E-03
 9632.6 0.543640088702E-03
 9633.5 0.542926034667E-03
 9634.4 0.542406996045E-03
 9635.3 0.541967048509E-03
 9636.2 0.541454488741E-03
 9637.1 0.540570979102E-03
 9638.0 0.539450193498E-03
 9638.9 0.538177185645E-03
 9639.8 0.536669083400E-03
 9640.7 0.535014518216E-03
 9641.6 0.533844891397E-03
 9642.5 0.532875332933E-03
 9643.4 0.532086385860E-03
 9644.3 0.531666318243E-03
 9645.2 0.531355408614E-03
 9646.1 0.531165416380E-03
 9647.0 0.530750843463E-03
 9647.9 0.530286444886E-03
 9648.8 0.529770651948E-03
 9649.7 0.528807034229E-03
 9650.6 0.527777968721E-03
 9651.5 0.526724519099E-03
 9652.4 0.525760866170E-03
 9653.3 0.524944307068E-03
 9654.2 0.524404350055E-03
 9655.1 0.524277062158E-03
 9656.0 0.524360474523E-03
 9656.9 0.524726832772E-03
 9657.8 0.525248722485E-03
 9658.7 0.525834271414E-03
 9659.6 0.526456461334E-03
 9660.5 0.527120569288E-03
 9661.4 0.527799871316E-03
 9662.3 0.528462573357E-03
 9663.2 0.529139671693E-03
 9664.1 0.529822418559E-03
 9665.0 0.530487209395E-03
 9665.9 0.531074685882E-03
 9666.8 0.531595396437E-03
 9667.7 0.531926734756E-03
 9668.6 0.531982871994E-03
 9669.5 0.531800056632E-03
 9670.4 0.531308698319E-03
 9671.3 0.530727709744E-03
 9672.2 0.530053016804E-03
 9673.1 0.529415327539E-03
 9674.0 0.528859128795E-03
 9674.9 0.528405776577E-03
 9675.8 0.528407483562E-03
 9676.7 0.528586974071E-03
 9677.6 0.528979009724E-03
 9678.5 0.529898958173E-03
 9679.4 0.530983905379E-03
 9680.3 0.532226969195E-03
 9681.2 0.533199222255E-03
 9682.1 0.533983731665E-03
 9683.0 0.534455749791E-03
 9683.9 0.534022404685E-03
 9684.8 0.533221945967E-03
 9685.7 0.532160387088E-03
 9686.6 0.531160574477E-03
 9687.5 0.530402082619E-03
 9688.4 0.530612181991E-03
 9689.3 0.531589817066E-03
 9690.2 0.533036341032E-03
 9691.1 0.534930781994E-03
 9692.0 0.536499460133E-03
 9692.9 0.537608107804E-03
 9693.8 0.535866637655E-03
 9694.7 0.533511328629E-03
 9695.6 0.530659274418E-03
 9696.5 0.527690916379E-03
 9697.4 0.525753398878E-03
 9698.3 0.524833068390E-03
 9699.2 0.526509467047E-03
 9700.1 0.528669372281E-03
 9701.0 0.531343463199E-03
 9701.9 0.534070397841E-03
 9702.8 0.535955525273E-03
 9703.7 0.536577527731E-03
 9704.6 0.536486822688E-03
 9705.5 0.536209589738E-03
 9706.4 0.535774073654E-03
 9707.3 0.535514334199E-03
 9708.2 0.535461157638E-03
 9709.1 0.535804721430E-03
 9710.0 0.536067699082E-03
 9710.9 0.536282414161E-03
 9711.8 0.536422317715E-03
 9712.7 0.536350018191E-03
 9713.6 0.536161221596E-03
 9714.5 0.535829947014E-03
 9715.4 0.535376876184E-03
 9716.3 0.534825285266E-03
 9717.2 0.534045742431E-03
 9718.1 0.533019816990E-03
 9719.0 0.531834154824E-03
 9719.9 0.530564806238E-03
 9720.8 0.529354745263E-03
 9721.7 0.528214814741E-03
 9722.6 0.527631257115E-03
 9723.5 0.527279000928E-03
 9724.4 0.527142162820E-03
 9725.3 0.527119135829E-03
 9726.2 0.526969052511E-03
 9727.1 0.526672742379E-03
 9728.0 0.525506311746E-03
 9728.9 0.524166853028E-03
 9729.8 0.522660619472E-03
 9730.7 0.521252955405E-03
 9731.6 0.520224158337E-03
 9732.5 0.519834822827E-03
 9733.4 0.520195764901E-03
 9734.3 0.520792860894E-03
 9735.2 0.521591707319E-03
 9736.1 0.522299294127E-03
 9737.0 0.522680833747E-03
 9737.9 0.522214190920E-03
 9738.8 0.521548606872E-03
 9739.7 0.520807258238E-03
 9740.6 0.520048533851E-03
 9741.5 0.519573853874E-03
 9742.4 0.519311543954E-03
 9743.3 0.519480191446E-03
 9744.2 0.519778099516E-03
 9745.1 0.520162830127E-03
 9746.0 0.520648587425E-03
 9746.9 0.521183034621E-03
 9747.8 0.521756037058E-03
 9748.7 0.522390629429E-03
 9749.6 0.522976591557E-03
 9750.5 0.523517367417E-03
 9751.4 0.523693920608E-03
 9752.3 0.523603767393E-03
 9753.2 0.523225965470E-03
 9754.1 0.522425975069E-03
 9755.0 0.521605625325E-03
 9755.9 0.520784317624E-03
 9756.8 0.520338697633E-03
 9757.7 0.520115937904E-03
 9758.6 0.520193445499E-03
 9759.5 0.520502607250E-03
 9760.4 0.520810577032E-03
 9761.3 0.521034446630E-03
 9762.2 0.520979988005E-03
 9763.1 0.520730313690E-03
 9764.0 0.520149655881E-03
 9764.9 0.519558283601E-03
 9765.8 0.519040587118E-03
 9766.7 0.518788046441E-03
 9767.6 0.518791644742E-03
 9768.5 0.518947250418E-03
 9769.4 0.519302725585E-03
 9770.3 0.519638466687E-03
 9771.2 0.519912966814E-03
 9772.1 0.519828060013E-03
 9773.0 0.519911142875E-03
 9773.9 0.520126142429E-03
 9774.8 0.520583712768E-03
 9775.7 0.521544763770E-03
 9776.6 0.522932351877E-03
 9777.5 0.524738023582E-03
 9778.4 0.526338122275E-03
 9779.3 0.527728960550E-03
 9780.2 0.528661313513E-03
 9781.1 0.528891399617E-03
 9782.0 0.528261377100E-03
 9782.9 0.527445733807E-03
 9783.8 0.526589948315E-03
 9784.7 0.525697520220E-03
 9785.6 0.525079823400E-03
 9786.5 0.524648941308E-03
 9787.4 0.524496672607E-03
 9788.3 0.524500052085E-03
 9789.2 0.524628048239E-03
 9790.1 0.524974413885E-03
 9791.0 0.525687287081E-03
 9791.9 0.526602438469E-03
 9792.8 0.527802712027E-03
 9793.7 0.529172114870E-03
 9794.6 0.530664499584E-03
 9795.5 0.532394704390E-03
 9796.4 0.534250093945E-03
 9797.3 0.536112946551E-03
 9798.2 0.537624891175E-03
 9799.1 0.538771680906E-03
 9800.0 0.539539919918E-03
 9800.9 0.538756224383E-03
 9801.8 0.537433507441E-03
 9802.7 0.535672625997E-03
 9803.6 0.533462725423E-03
 9804.5 0.531204951692E-03
 9805.4 0.528901182184E-03
 9806.3 0.526896769805E-03
 9807.2 0.524921871893E-03
 9808.1 0.522976198955E-03
 9809.0 0.521199336585E-03
 9809.9 0.519612550205E-03
 9810.8 0.518284302361E-03
 9811.7 0.517308779817E-03
 9812.6 0.516544776207E-03
 9813.5 0.516077360675E-03
 9814.4 0.515771854911E-03
 9815.3 0.515500970881E-03
 9816.2 0.515233996590E-03
 9817.1 0.515117962095E-03
 9818.0 0.515114229553E-03
 9818.9 0.515314812671E-03
 9819.8 0.516050571241E-03
 9820.7 0.517063804911E-03
 9821.6 0.518384274801E-03
 9822.5 0.519660808513E-03
 9823.4 0.520898593653E-03
 9824.3 0.522036905410E-03
 9825.2 0.522875538807E-03
 9826.1 0.523543521335E-03
 9827.0 0.524281566086E-03
 9827.9 0.524921616022E-03
 9828.8 0.525456595274E-03
 9829.7 0.525368294023E-03
 9830.6 0.524891525436E-03
 9831.5 0.524062502574E-03
 9832.4 0.522574641434E-03
 9833.3 0.521159206241E-03
 9834.2 0.519825173097E-03
 9835.1 0.519629805030E-03
 9836.0 0.519956793956E-03
 9836.9 0.520912732386E-03
 9837.8 0.522439239705E-03
 9838.7 0.524019883262E-03
 9839.6 0.525580840433E-03
 9840.5 0.526752849531E-03
 9841.4 0.527448437049E-03
 9842.3 0.527282595257E-03
 9843.2 0.526727748125E-03
 9844.1 0.525814799611E-03
 9845.0 0.524201843372E-03
 9845.9 0.522734072918E-03
 9846.8 0.521427610307E-03
 9847.7 0.520520475281E-03
 9848.6 0.520092656568E-03
 9849.5 0.520041688572E-03
 9850.4 0.520809399371E-03
 9851.3 0.521587208607E-03
 9852.2 0.522369680187E-03
 9853.1 0.523144569233E-03
 9854.0 0.523570659437E-03
 9854.9 0.523735213953E-03
 9855.8 0.523621762540E-03
 9856.7 0.523459913614E-03
 9857.6 0.523258288264E-03
 9858.5 0.523177718069E-03
 9859.4 0.523280885543E-03
 9860.3 0.523576998493E-03
 9861.2 0.523893888074E-03
 9862.1 0.524201620863E-03
 9863.0 0.524496488366E-03
 9863.9 0.524496177920E-03
 9864.8 0.524422814715E-03
 9865.7 0.524278924232E-03
 9866.6 0.524291371216E-03
 9867.5 0.524381430100E-03
 9868.4 0.524575292330E-03
 9869.3 0.525136209192E-03
 9870.2 0.525740920042E-03
 9871.1 0.526237049040E-03
 9872.0 0.526553139637E-03
 9872.9 0.526709536923E-03
 9873.8 0.526528222414E-03
 9874.7 0.526048043219E-03
 9875.6 0.525415106128E-03
 9876.5 0.524652398905E-03
 9877.4 0.523797380151E-03
 9878.3 0.522868777080E-03
 9879.2 0.521772319885E-03
 9880.1 0.520647599065E-03
 9881.0 0.519505979727E-03
 9881.9 0.518383013268E-03
 9882.8 0.517450777407E-03
 9883.7 0.516683519044E-03
 9884.6 0.516301759274E-03
 9885.5 0.516044138029E-03
 9886.4 0.515909556735E-03
 9887.3 0.515838655031E-03
 9888.2 0.515666545454E-03
 9889.1 0.515369440214E-03
 9890.0 0.514920872944E-03
 9890.9 0.514405156942E-03
 9891.8 0.513806991472E-03
 9892.7 0.513152658205E-03
 9893.6 0.512476594320E-03
 9894.5 0.511775026626E-03
 9895.4 0.511461697205E-03
 9896.3 0.511270757532E-03
 9897.2 0.511171985056E-03
 9898.1 0.511135794588E-03
 9899.0 0.511100613967E-03
 9899.9 0.511012141344E-03
 9900.8 0.510875370338E-03
 9901.7 0.510815247146E-03
 9902.6 0.511147265220E-03
 9903.5 0.512053342855E-03
 9904.4 0.513301333760E-03
 9905.3 0.514899778419E-03
 9906.2 0.516477115384E-03
 9907.1 0.517967343663E-03
 9908.0 0.518737640512E-03
 9908.9 0.519149682959E-03
 9909.8 0.519269423325E-03
 9910.7 0.518945005878E-03
 9911.6 0.518407382601E-03
 9912.5 0.517670308710E-03
 9913.4 0.516353500233E-03
 9914.3 0.515074446778E-03
 9915.2 0.513844703783E-03
 9916.1 0.512951274121E-03
 9917.0 0.512634566674E-03
 9917.9 0.513102362170E-03
 9918.8 0.514409291091E-03
 9919.7 0.515811375447E-03
 9920.6 0.517196399050E-03
 9921.5 0.518285472406E-03
 9922.4 0.518775904935E-03
 9923.3 0.518073859720E-03
 9924.2 0.517280020916E-03
 9925.1 0.516461191687E-03
 9926.0 0.515642087267E-03
 9926.9 0.515222704506E-03
 9927.8 0.515049127711E-03
 9928.7 0.515259639089E-03
 9929.6 0.515286384460E-03
 9930.5 0.515229016951E-03
 9931.4 0.515174880757E-03
 9932.3 0.514957040179E-03
 9933.2 0.514661361874E-03
 9934.1 0.514505906351E-03
 9935.0 0.514412253591E-03
 9935.9 0.514362205733E-03
 9936.8 0.514299803811E-03
 9937.7 0.514229546567E-03
 9938.6 0.514152861444E-03
 9939.5 0.514166957005E-03
 9940.4 0.514180456621E-03
 9941.3 0.514193310632E-03
 9942.2 0.514228863973E-03
 9943.1 0.514192506582E-03
 9944.0 0.514058949705E-03
 9944.9 0.513819506682E-03
 9945.8 0.513553937098E-03
 9946.7 0.513263998339E-03
 9947.6 0.512913358173E-03
 9948.5 0.512686625133E-03
 9949.4 0.512736988521E-03
 9950.3 0.513011130632E-03
 9951.2 0.513681424669E-03
 9952.1 0.515247154500E-03
 9953.0 0.517027793053E-03
 9953.9 0.518797190174E-03
 9954.8 0.520280208020E-03
 9955.7 0.521111804185E-03
 9956.6 0.521307186778E-03
 9957.5 0.519806853366E-03
 9958.4 0.518103887959E-03
 9959.3 0.516282484268E-03
 9960.2 0.514401763716E-03
 9961.1 0.512913493930E-03
 9962.0 0.511724651039E-03
 9962.9 0.510981748158E-03
 9963.8 0.510347542908E-03
 9964.7 0.509806316190E-03
 9965.6 0.509384358884E-03
 9966.5 0.509048459699E-03
 9967.4 0.508800552524E-03
 9968.3 0.508371933100E-03
 9969.2 0.507913910885E-03
 9970.1 0.507426255456E-03
 9971.0 0.506875905798E-03
 9971.9 0.506383380069E-03
 9972.8 0.505989160316E-03
 9973.7 0.506061479954E-03
 9974.6 0.506250514619E-03
 9975.5 0.506526354704E-03
 9976.4 0.506857540305E-03
 9977.3 0.507101371121E-03
 9978.2 0.507100688672E-03
 9979.1 0.506950960914E-03
 9980.0 0.506790782297E-03
 9980.9 0.506743631527E-03
 9981.8 0.506869892755E-03
 9982.7 0.507153722434E-03
 9983.6 0.507817670023E-03
 9984.5 0.508538773604E-03
 9985.4 0.509253048687E-03
 9986.3 0.509740023542E-03
 9987.2 0.510216296096E-03
 9988.1 0.510680616072E-03
 9989.0 0.511089976488E-03
 9989.9 0.511557093963E-03
 9990.8 0.512075329773E-03
 9991.7 0.512754408756E-03
 9992.6 0.513269379187E-03
 9993.5 0.513625974119E-03
 9994.4 0.513865505757E-03
 9995.3 0.513945003805E-03
 9996.2 0.513837297632E-03
 9997.1 0.513705001058E-03
 9998.0 0.513619893577E-03
 9998.9 0.513606244273E-03
 9999.8 0.513710574478E-03
10000.7 0.513929775168E-03
10001.6 0.514328325333E-03
10002.5 0.514842064536E-03
10003.4 0.515377080626E-03
10004.3 0.515906805307E-03
10005.2 0.516441184175E-03
10006.1 0.516908928423E-03
10007.0 0.517176381741E-03
10007.9 0.517143702738E-03
10008.8 0.516897478428E-03
10009.7 0.516251690782E-03
10010.6 0.514972697375E-03
10011.5 0.513333327450E-03
10012.4 0.511369200120E-03
10013.3 0.509273402325E-03
10014.2 0.507116395798E-03
10015.1 0.505117847302E-03
10016.0 0.503281619854E-03
10016.9 0.501589623782E-03
10017.8 0.500364185379E-03
10018.7 0.499249394167E-03
10019.6 0.498235383518E-03
10020.5 0.497296307616E-03
10021.4 0.496341349490E-03
10022.3 0.495368454112E-03
10023.2 0.494546334922E-03
10024.1 0.494069438925E-03
10025.0 0.494055433911E-03
10025.9 0.494891994820E-03
10026.8 0.496049223192E-03
10027.7 0.497583549044E-03
10028.6 0.499066551883E-03
10029.5 0.500189044714E-03
10030.4 0.500561721570E-03
10031.3 0.500407384671E-03
10032.2 0.500014823667E-03
10033.1 0.499346262507E-03
10034.0 0.498614481247E-03
10034.9 0.497882775680E-03
10035.8 0.497230725615E-03
10036.7 0.496804246875E-03
10037.6 0.496498941431E-03
10038.5 0.496296231885E-03
10039.4 0.496383148968E-03
10040.3 0.496630622950E-03
10041.2 0.496859850453E-03
10042.1 0.496978679891E-03
10043.0 0.497006073548E-03
10043.9 0.496821010016E-03
10044.8 0.496416852519E-03
10045.7 0.495823645282E-03
10046.6 0.495170828766E-03
10047.5 0.494462511882E-03
10048.4 0.493695653516E-03
10049.3 0.492694057392E-03
10050.2 0.491635452568E-03
10051.1 0.490515277833E-03
10052.0 0.489439244507E-03
10052.9 0.488564159780E-03
10053.8 0.488003835062E-03
10054.7 0.488408250168E-03
10055.6 0.489288529814E-03
10056.5 0.490803534766E-03
10057.4 0.492585803042E-03
10058.3 0.494323596737E-03
10059.2 0.495786525845E-03
10060.1 0.496767371488E-03
10061.0 0.497441869572E-03
10061.9 0.497612949926E-03
10062.8 0.497711418722E-03
10063.7 0.497836938240E-03
10064.6 0.498223733362E-03
10065.5 0.498717295336E-03
10066.4 0.499269252867E-03
10067.3 0.499834870980E-03
10068.2 0.500292317306E-03
10069.1 0.500663677760E-03
10070.0 0.500857567559E-03
10070.9 0.501050095974E-03
10071.8 0.501240522840E-03
10072.7 0.501394535462E-03
10073.6 0.501413506725E-03
10074.5 0.501298035485E-03
10075.4 0.501244448279E-03
10076.3 0.501317883556E-03
10077.2 0.501544673325E-03
10078.1 0.502425857118E-03
10079.0 0.503725901247E-03
10079.9 0.505576554089E-03
10080.8 0.507125804291E-03
10081.7 0.508541325253E-03
10082.6 0.509788033357E-03
10083.5 0.509905175648E-03
10084.4 0.509708096504E-03
10085.3 0.509345083662E-03
10086.2 0.509239071912E-03
10087.1 0.509350725029E-03
10088.0 0.509896751468E-03
10088.9 0.511284354171E-03
10089.8 0.512879550711E-03
10090.7 0.513978905998E-03
10091.6 0.514716552583E-03
10092.5 0.515023796934E-03
10093.4 0.513828784161E-03
10094.3 0.512145015523E-03
10095.2 0.510189304390E-03
10096.1 0.508533355619E-03
10097.0 0.507091236154E-03
10097.9 0.505862186230E-03
10098.8 0.505788926815E-03
10099.7 0.505455274500E-03
10100.6 0.504876942654E-03
10101.5 0.504119021774E-03
10102.4 0.503352376866E-03
10103.3 0.502577763969E-03
10104.2 0.502000457369E-03
10105.1 0.501372683285E-03
10106.0 0.500655049985E-03
10106.9 0.499275782788E-03
10107.8 0.496757437084E-03
10108.7 0.492380735256E-03
10109.6 0.487986449794E-03
10110.5 0.483955981725E-03
10111.4 0.480738710202E-03
10112.3 0.480534414440E-03
10113.2 0.482181014774E-03
10114.1 0.486754601402E-03
10115.0 0.491737785406E-03
10115.9 0.496795853362E-03
10116.8 0.501576636896E-03
10117.7 0.504052911143E-03
10118.6 0.505228669850E-03
10119.5 0.505162951508E-03
10120.4 0.504550329383E-03
10121.3 0.503504570834E-03
10122.2 0.501495768621E-03
10123.1 0.498957570168E-03
10124.0 0.496037367656E-03
10124.9 0.493110477553E-03
10125.8 0.490445745841E-03
10126.7 0.488025365952E-03
10127.6 0.488264255153E-03
10128.5 0.489020429986E-03
10129.4 0.490339497996E-03
10130.3 0.491893196910E-03
10131.2 0.493216705761E-03
10132.1 0.494216934413E-03
10133.0 0.494018299782E-03
10133.9 0.493581322208E-03
10134.8 0.492964929098E-03
10135.7 0.492104867329E-03
10136.6 0.491156540752E-03
10137.5 0.490113665743E-03
10138.4 0.488896834852E-03
10139.3 0.487589299239E-03
10140.2 0.486156938177E-03
10141.1 0.484853418250E-03
10142.0 0.483682575417E-03
10142.9 0.482822892496E-03
10143.8 0.482618713179E-03
10144.7 0.482778344831E-03
10145.6 0.483322005140E-03
10146.5 0.484213388774E-03
10147.4 0.485270385758E-03
10148.3 0.486150461404E-03
10149.2 0.486506631877E-03
10150.1 0.486484250401E-03
10151.0 0.486159411640E-03
10151.9 0.485507640803E-03
10152.8 0.484593969832E-03
10153.7 0.484285687514E-03
10154.6 0.484095850965E-03
10155.5 0.484027661424E-03
10156.4 0.483687618767E-03
10157.3 0.483216818072E-03
10158.2 0.482592507959E-03
10159.1 0.481820543389E-03
10160.0 0.481212124483E-03
10160.9 0.480879213810E-03
10161.8 0.482103888646E-03
10162.7 0.483815274984E-03
10163.6 0.486001814512E-03
10164.5 0.488515437905E-03
10165.4 0.490996627943E-03
10166.3 0.493214548702E-03
10167.2 0.494890827785E-03
10168.1 0.496170841343E-03
10169.0 0.496718909083E-03
10169.9 0.496927787063E-03
10170.8 0.496954961872E-03
10171.7 0.496787583893E-03
10172.6 0.496575627782E-03
10173.5 0.496337785337E-03
10174.4 0.496080586271E-03
10175.3 0.495560182351E-03
10176.2 0.494818677217E-03
10177.1 0.493504462793E-03
10178.0 0.492204274178E-03
10178.9 0.490910513058E-03
10179.8 0.489482117207E-03
