 1160.0 0.404673973426E-01
 1160.9 0.394157862500E-01
 1161.8 0.386105350666E-01
 1162.7 0.384806164049E-01
 1163.6 0.385246624506E-01
 1164.5 0.386023105815E-01
 1165.4 0.387102420559E-01
 1166.3 0.382074547826E-01
 1167.2 0.363064961981E-01
 1168.1 0.343615301958E-01
 1169.0 0.352915108711E-01
 1169.9 0.379067733407E-01
 1170.8 0.387186680576E-01
 1171.7 0.380552250177E-01
 1172.6 0.367250355542E-01
 1173.5 0.326929310008E-01
 1174.4 0.267890379782E-01
 1175.3 0.261082063327E-01
 1176.2 0.312563235320E-01
 1177.1 0.354689344046E-01
 1178.0 0.372233061554E-01
 1178.9 0.380525145491E-01
 1179.8 0.378024472922E-01
 1180.7 0.368269843579E-01
 1181.6 0.360585236904E-01
 1182.5 0.361460507906E-01
 1183.4 0.362275826544E-01
 1184.3 0.359490177800E-01
 1185.2 0.360745524077E-01
 1186.1 0.361021741492E-01
 1187.0 0.354917774559E-01
 1187.9 0.322200752314E-01
 1188.8 0.250043582179E-01
 1189.7 0.229930955682E-01
 1190.6 0.275000193984E-01
 1191.5 0.249079769512E-01
 1192.4 0.210902302546E-01
 1193.3 0.258796701747E-01
 1194.2 0.299780318168E-01
 1195.1 0.298926283204E-01
 1196.0 0.289580644214E-01
 1196.9 0.273225549101E-01
 1197.8 0.217871059755E-01
 1198.7 0.150497080197E-01
 1199.6 0.153114627763E-01
 1200.5 0.209633483044E-01
 1201.4 0.241384905501E-01
 1202.3 0.239235965566E-01
 1203.2 0.219080378328E-01
 1204.1 0.177444643823E-01
 1205.0 0.113839672324E-01
 1205.9 0.842383626009E-02
 1206.8 0.948393944071E-02
 1207.7 0.864132483847E-02
 1208.6 0.593594114921E-02
 1209.5 0.316146647950E-02
 1210.4 0.126064448886E-02
 1211.3 0.371191290338E-03
 1212.2 0.139093118605E-03
 1213.1 0.500549321594E-03
 1214.0 0.124414856014E-02
 1214.9 0.942619072891E-03
 1215.8 0.167532459184E-03
 1216.7 0.634751398661E-11
 1217.6 0.104838091582E-03
 1218.5 0.696225562069E-03
 1219.4 0.183797751409E-02
 1220.3 0.379117004923E-02
 1221.2 0.640557218701E-02
 1222.1 0.926803786404E-02
 1223.0 0.121613165057E-01
 1223.9 0.149581212668E-01
 1224.8 0.173612244121E-01
 1225.7 0.196299857683E-01
 1226.6 0.213040394091E-01
 1227.5 0.208695188062E-01
 1228.4 0.174543618658E-01
 1229.3 0.132099067102E-01
 1230.2 0.126255754729E-01
 1231.1 0.142687119003E-01
 1232.0 0.140031232082E-01
 1232.9 0.121931700966E-01
 1233.8 0.115873519730E-01
 1234.7 0.128435159511E-01
 1235.6 0.142800652454E-01
 1236.5 0.155618115980E-01
 1237.4 0.170357750393E-01
 1238.3 0.190797429553E-01
 1239.2 0.214461067784E-01
 1240.1 0.242087528402E-01
 1241.0 0.274807007940E-01
 1241.9 0.323911614621E-01
 1242.8 0.387387973825E-01
 1243.7 0.419595587137E-01
 1244.6 0.411080192048E-01
 1245.5 0.393696398703E-01
 1246.4 0.377401874931E-01
 1247.3 0.362842344269E-01
 1248.2 0.343453990914E-01
 1249.1 0.311274050071E-01
 1250.0 0.304438093725E-01
 1250.9 0.318796628991E-01
 1251.8 0.295538928113E-01
 1252.7 0.266073546715E-01
 1253.6 0.290557753255E-01
 1254.5 0.326175665700E-01
 1255.4 0.336400494330E-01
 1256.3 0.330237840911E-01
 1257.2 0.300064740522E-01
 1258.1 0.226266443075E-01
 1259.0 0.149989560773E-01
 1259.9 0.178952681727E-01
 1260.8 0.274323903211E-01
 1261.7 0.325893709947E-01
 1262.6 0.335274802835E-01
 1263.5 0.329144298999E-01
 1264.4 0.320596610054E-01
 1265.3 0.316183004717E-01
 1266.2 0.319493243624E-01
 1267.1 0.326296422103E-01
 1268.0 0.330901775409E-01
 1268.9 0.331257156751E-01
 1269.8 0.325226364093E-01
 1270.7 0.319705715695E-01
 1271.6 0.316891980278E-01
 1272.5 0.320215315441E-01
 1273.4 0.330606951446E-01
 1274.3 0.340016950104E-01
 1275.2 0.332252797877E-01
 1276.1 0.317311362933E-01
 1277.0 0.319383358881E-01
 1277.9 0.324456421604E-01
 1278.8 0.321760487323E-01
 1279.7 0.319019428208E-01
 1280.6 0.318229887876E-01
 1281.5 0.316880810765E-01
 1282.4 0.317111791650E-01
 1283.3 0.316698477765E-01
 1284.2 0.314473994687E-01
 1285.1 0.312525277590E-01
 1286.0 0.313214064256E-01
 1286.9 0.316548852824E-01
 1287.8 0.323277730767E-01
 1288.7 0.331501838906E-01
 1289.6 0.334144387567E-01
 1290.5 0.329922707049E-01
 1291.4 0.325933766615E-01
 1292.3 0.321303221402E-01
 1293.2 0.319307466691E-01
 1294.1 0.317544810419E-01
 1295.0 0.308801571216E-01
 1295.9 0.301607627308E-01
 1296.8 0.306118547031E-01
 1297.7 0.320105714589E-01
 1298.6 0.325894254461E-01
 1299.5 0.300101823306E-01
 1300.4 0.233017897399E-01
 1301.3 0.197620392033E-01
 1302.2 0.217805020006E-01
 1303.1 0.212129241027E-01
 1304.0 0.240299549912E-01
 1304.9 0.288973125066E-01
 1305.8 0.300419004912E-01
 1306.7 0.302164716101E-01
 1307.6 0.307136755228E-01
 1308.5 0.309069732619E-01
 1309.4 0.309316136741E-01
 1310.3 0.308349606160E-01
 1311.2 0.306587615405E-01
 1312.1 0.310354924767E-01
 1313.0 0.312989268489E-01
 1313.9 0.310835004419E-01
 1314.8 0.308793761865E-01
 1315.7 0.304233221577E-01
 1316.6 0.294925019073E-01
 1317.5 0.287914208647E-01
 1318.4 0.294138489856E-01
 1319.3 0.295864421699E-01
 1320.2 0.287531745888E-01
 1321.1 0.291373481442E-01
 1322.0 0.300355008254E-01
 1322.9 0.298571562725E-01
 1323.8 0.303427303946E-01
 1324.7 0.313990173248E-01
 1325.6 0.318213138259E-01
 1326.5 0.315599109090E-01
 1327.4 0.310195856933E-01
 1328.3 0.304676688495E-01
 1329.2 0.295941649577E-01
 1330.1 0.287299047690E-01
 1331.0 0.288492142545E-01
 1331.9 0.275256767017E-01
 1332.8 0.201434994977E-01
 1333.7 0.138818544039E-01
 1334.6 0.176457691648E-01
 1335.5 0.247002854324E-01
 1336.4 0.278811222684E-01
 1337.3 0.264242412018E-01
 1338.2 0.251822117776E-01
 1339.1 0.276336584389E-01
 1340.0 0.300527702894E-01
 1340.9 0.297932866673E-01
 1341.8 0.264491692289E-01
 1342.7 0.233083974379E-01
 1343.6 0.255473259543E-01
 1344.5 0.288156661553E-01
 1345.4 0.296857354217E-01
 1346.3 0.300228057425E-01
 1347.2 0.300336378436E-01
 1348.1 0.298345491771E-01
 1349.0 0.294703681201E-01
 1349.9 0.291176721154E-01
 1350.8 0.291112831537E-01
 1351.7 0.292007895847E-01
 1352.6 0.292651334289E-01
 1353.5 0.290652265955E-01
 1354.4 0.289456029675E-01
 1355.3 0.294508591686E-01
 1356.2 0.294254587641E-01
 1357.1 0.284246428958E-01
 1358.0 0.277224844604E-01
 1358.9 0.280114537367E-01
 1359.8 0.279044093078E-01
 1360.7 0.258972039839E-01
 1361.6 0.249777761719E-01
 1362.5 0.253415481455E-01
 1363.4 0.258598684888E-01
 1364.3 0.256632929629E-01
 1365.2 0.261334973691E-01
 1366.1 0.278673749242E-01
 1367.0 0.280070226976E-01
 1367.9 0.263197820499E-01
 1368.8 0.238915647189E-01
 1369.7 0.216064004667E-01
 1370.6 0.214550088806E-01
 1371.5 0.246741929834E-01
 1372.4 0.260540695624E-01
 1373.3 0.246764636525E-01
 1374.2 0.253497879887E-01
 1375.1 0.263382438595E-01
 1376.0 0.265190457054E-01
 1376.9 0.270879937303E-01
 1377.8 0.263439980206E-01
 1378.7 0.264363228922E-01
 1379.6 0.278961559681E-01
 1380.5 0.291268194816E-01
 1381.4 0.294564960498E-01
 1382.3 0.291445124563E-01
 1383.2 0.282951607759E-01
 1384.1 0.269134430888E-01
 1385.0 0.259875932719E-01
 1385.9 0.257448615930E-01
 1386.8 0.245103841562E-01
 1387.7 0.238715289386E-01
 1388.6 0.255173507033E-01
 1389.5 0.272607823810E-01
 1390.4 0.276934991075E-01
 1391.3 0.256208348497E-01
 1392.2 0.199885671759E-01
 1393.1 0.170892802668E-01
 1394.0 0.212258905117E-01
 1394.9 0.259756074532E-01
 1395.8 0.274972963641E-01
 1396.7 0.272679099268E-01
 1397.6 0.272763424441E-01
 1398.5 0.274123289441E-01
 1399.4 0.262200373635E-01
 1400.3 0.243961009518E-01
 1401.2 0.209281741102E-01
 1402.1 0.189076449529E-01
 1403.0 0.225160949784E-01
 1403.9 0.262770889115E-01
 1404.8 0.267855414551E-01
 1405.7 0.245578499346E-01
 1406.6 0.223418272979E-01
 1407.5 0.220708888743E-01
 1408.4 0.216031115103E-01
 1409.3 0.227582719048E-01
 1410.2 0.254659369672E-01
 1411.1 0.267521850992E-01
 1412.0 0.277554619837E-01
 1412.9 0.281609092737E-01
 1413.8 0.269025230278E-01
 1414.7 0.253497549455E-01
 1415.6 0.254269418686E-01
 1416.5 0.257839190548E-01
 1417.4 0.251728587062E-01
 1418.3 0.245510062806E-01
 1419.2 0.238365595188E-01
 1420.1 0.238351647258E-01
 1421.0 0.253876088922E-01
 1421.9 0.265286738260E-01
 1422.8 0.271174132981E-01
 1423.7 0.270987071553E-01
 1424.6 0.265920138101E-01
 1425.5 0.264481500108E-01
 1426.4 0.264945667858E-01
 1427.3 0.260102236371E-01
 1428.2 0.245659659823E-01
 1429.1 0.227082273650E-01
 1430.0 0.223818150871E-01
 1430.9 0.240264859264E-01
 1431.8 0.248514284967E-01
 1432.7 0.240607470129E-01
 1433.6 0.233064264841E-01
 1434.5 0.239851536071E-01
 1435.4 0.256933212692E-01
 1436.3 0.266939342247E-01
 1437.2 0.264382598720E-01
 1438.1 0.255116277238E-01
 1439.0 0.244091697480E-01
 1439.9 0.226198495202E-01
 1440.8 0.224272605798E-01
 1441.7 0.236893541734E-01
 1442.6 0.249707170394E-01
 1443.5 0.258552829381E-01
 1444.4 0.255522596215E-01
 1445.3 0.241211913007E-01
 1446.2 0.233458841868E-01
 1447.1 0.233167326873E-01
 1448.0 0.222789578296E-01
 1448.9 0.223532336982E-01
 1449.8 0.237947017670E-01
 1450.7 0.248765924799E-01
 1451.6 0.249271224282E-01
 1452.5 0.238572184648E-01
 1453.4 0.224890936103E-01
 1454.3 0.214150415689E-01
 1455.2 0.210679615025E-01
 1456.1 0.224274537193E-01
 1457.0 0.240332206777E-01
 1457.9 0.240303943254E-01
 1458.8 0.226434227784E-01
 1459.7 0.221642436681E-01
 1460.6 0.233321917594E-01
 1461.5 0.239903176455E-01
 1462.4 0.238317347544E-01
 1463.3 0.233119754054E-01
 1464.2 0.216858413045E-01
 1465.1 0.214873711498E-01
 1466.0 0.227541019531E-01
 1466.9 0.239817855334E-01
 1467.8 0.238270905638E-01
 1468.7 0.234111946592E-01
 1469.6 0.244349536391E-01
 1470.5 0.243600085305E-01
 1471.4 0.228773952317E-01
 1472.3 0.228316714320E-01
 1473.2 0.239632436756E-01
 1474.1 0.240823181359E-01
 1475.0 0.238053560867E-01
 1475.9 0.240531298701E-01
 1476.8 0.240513306477E-01
 1477.7 0.234220598035E-01
 1478.6 0.228770578194E-01
 1479.5 0.235805263455E-01
 1480.4 0.246358843445E-01
 1481.3 0.247225197452E-01
 1482.2 0.242163029659E-01
 1483.1 0.239514421538E-01
 1484.0 0.239312267305E-01
 1484.9 0.240050888617E-01
 1485.8 0.246880953046E-01
 1486.7 0.251183668384E-01
 1487.6 0.246750842175E-01
 1488.5 0.239242806893E-01
 1489.4 0.238192383958E-01
 1490.3 0.240687872011E-01
 1491.2 0.241036393410E-01
 1492.1 0.241453774860E-01
 1493.0 0.241882060547E-01
 1493.9 0.240554033315E-01
 1494.8 0.236868563909E-01
 1495.7 0.233187632118E-01
 1496.6 0.234992327647E-01
 1497.5 0.237341546266E-01
 1498.4 0.240378048322E-01
 1499.3 0.240706422711E-01
 1500.2 0.226463645490E-01
 1501.1 0.209583299351E-01
 1502.0 0.216653633976E-01
 1502.9 0.228954423732E-01
 1503.8 0.232403778930E-01
 1504.7 0.236453625790E-01
 1505.6 0.238678881426E-01
 1506.5 0.237713039632E-01
 1507.4 0.235509480776E-01
 1508.3 0.235196706474E-01
 1509.2 0.235415130965E-01
 1510.1 0.235235725308E-01
 1511.0 0.235681965988E-01
 1511.9 0.237746524902E-01
 1512.8 0.239677840828E-01
 1513.7 0.237118016377E-01
 1514.6 0.232426639201E-01
 1515.5 0.229613411067E-01
 1516.4 0.229190151660E-01
 1517.3 0.229404140923E-01
 1518.2 0.227624753651E-01
 1519.1 0.225640252225E-01
 1520.0 0.226874562584E-01
 1520.9 0.231746229670E-01
 1521.8 0.235393075829E-01
 1522.7 0.232606421829E-01
 1523.6 0.220535011995E-01
 1524.5 0.184897650635E-01
 1525.4 0.141188454183E-01
 1526.3 0.157930796329E-01
 1527.2 0.204672087533E-01
 1528.1 0.221975060140E-01
 1529.0 0.221620679400E-01
 1529.9 0.217841516392E-01
 1530.8 0.215087267942E-01
 1531.7 0.210295616459E-01
 1532.6 0.208327399252E-01
 1533.5 0.213564584014E-01
 1534.4 0.212228319266E-01
 1535.3 0.194408314533E-01
 1536.2 0.169534259394E-01
 1537.1 0.156312468787E-01
 1538.0 0.154089000273E-01
 1538.9 0.151642481229E-01
 1539.8 0.155603297759E-01
 1540.7 0.165014799647E-01
 1541.6 0.171375711930E-01
 1542.5 0.177245989371E-01
 1543.4 0.184073899014E-01
 1544.3 0.186644767321E-01
 1545.2 0.179035661904E-01
 1546.1 0.145414062646E-01
 1547.0 0.113164805664E-01
 1547.9 0.135135038606E-01
 1548.8 0.154952985413E-01
 1549.7 0.149888765222E-01
 1550.6 0.188256369885E-01
 1551.5 0.238058228793E-01
 1552.4 0.249685478268E-01
 1553.3 0.240393774066E-01
 1554.2 0.236667293930E-01
 1555.1 0.240152228683E-01
 1556.0 0.238212977748E-01
 1556.9 0.231879174805E-01
 1557.8 0.228435227512E-01
 1558.7 0.224476630924E-01
 1559.6 0.220756503448E-01
 1560.5 0.218074005161E-01
 1561.4 0.214842367051E-01
 1562.3 0.211845782044E-01
 1563.2 0.211322355372E-01
 1564.1 0.215113479067E-01
 1565.0 0.217754087025E-01
 1565.9 0.215391157827E-01
 1566.8 0.211685434370E-01
 1567.7 0.208894577840E-01
 1568.6 0.208396980668E-01
 1569.5 0.209420224454E-01
 1570.4 0.210807473377E-01
 1571.3 0.210073264022E-01
 1572.2 0.208459241397E-01
 1573.1 0.207521132574E-01
 1574.0 0.204982409196E-01
 1574.9 0.204148688784E-01
 1575.8 0.204653806762E-01
 1576.7 0.204379981485E-01
 1577.6 0.204848314532E-01
 1578.5 0.205167753310E-01
 1579.4 0.206607931766E-01
 1580.3 0.212015470224E-01
 1581.2 0.216268053062E-01
 1582.1 0.212133848451E-01
 1583.0 0.201743050159E-01
 1583.9 0.195834572982E-01
 1584.8 0.200547954100E-01
 1585.7 0.206726114527E-01
 1586.6 0.207130832541E-01
 1587.5 0.202557465928E-01
 1588.4 0.197668709487E-01
 1589.3 0.196800079691E-01
 1590.2 0.195193107822E-01
 1591.1 0.192570976101E-01
 1592.0 0.197019788676E-01
 1592.9 0.202393925635E-01
 1593.8 0.203014941278E-01
 1594.7 0.200965526362E-01
 1595.6 0.199211247225E-01
 1596.5 0.197357950351E-01
 1597.4 0.194072749770E-01
 1598.3 0.195034458844E-01
 1599.2 0.200552784915E-01
 1600.1 0.201373148450E-01
 1601.0 0.199126219304E-01
 1601.9 0.199029858980E-01
 1602.8 0.197855226400E-01
 1603.7 0.195437571240E-01
 1604.6 0.195225499411E-01
 1605.5 0.189961289080E-01
 1606.4 0.164601746383E-01
 1607.3 0.140691811073E-01
 1608.2 0.155060473364E-01
 1609.1 0.177626855820E-01
 1610.0 0.188309266840E-01
 1610.9 0.194601011911E-01
 1611.8 0.194570556371E-01
 1612.7 0.189317329395E-01
 1613.6 0.186032552324E-01
 1614.5 0.190704415430E-01
 1615.4 0.194844707426E-01
 1616.3 0.194315021171E-01
 1617.2 0.195260795073E-01
 1618.1 0.193231564400E-01
 1619.0 0.188167334901E-01
 1619.9 0.186804119047E-01
 1620.8 0.191284969510E-01
 1621.7 0.196692591740E-01
 1622.6 0.195140075902E-01
 1623.5 0.185849591039E-01
 1624.4 0.178849284609E-01
 1625.3 0.179279087489E-01
 1626.2 0.185506421699E-01
 1627.1 0.192413001949E-01
 1628.0 0.193988647987E-01
 1628.9 0.191008989447E-01
 1629.8 0.186691479158E-01
 1630.7 0.187686682811E-01
 1631.6 0.194716565182E-01
 1632.5 0.200438348595E-01
 1633.4 0.200295225241E-01
 1634.3 0.198069601942E-01
 1635.2 0.198570019417E-01
 1636.1 0.196967855092E-01
 1637.0 0.190583980150E-01
 1637.9 0.178817437534E-01
 1638.8 0.163213175734E-01
 1639.7 0.151403672377E-01
 1640.6 0.160078768239E-01
 1641.5 0.178196980367E-01
 1642.4 0.188382599350E-01
 1643.3 0.193385908460E-01
 1644.2 0.194997194555E-01
 1645.1 0.192969397302E-01
 1646.0 0.190228552269E-01
 1646.9 0.191445866352E-01
 1647.8 0.195286349990E-01
 1648.7 0.197334573490E-01
 1649.6 0.197678352500E-01
 1650.5 0.197731472845E-01
 1651.4 0.194990027450E-01
 1652.3 0.189525366238E-01
 1653.2 0.185783351170E-01
 1654.1 0.181744738979E-01
 1655.0 0.177352546530E-01
 1655.9 0.176136395938E-01
 1656.8 0.179372138844E-01
 1657.7 0.183573430346E-01
 1658.6 0.184616648945E-01
 1659.5 0.182084022260E-01
 1660.4 0.181145564389E-01
 1661.3 0.181657574888E-01
 1662.2 0.183188035590E-01
 1663.1 0.185735447919E-01
 1664.0 0.187193697717E-01
 1664.9 0.189281559028E-01
 1665.8 0.191101840682E-01
 1666.7 0.186929687649E-01
 1667.6 0.181370644048E-01
 1668.5 0.176721999569E-01
 1669.4 0.165350666918E-01
 1670.3 0.157991060508E-01
 1671.2 0.168363652493E-01
 1672.1 0.177893867694E-01
 1673.0 0.180630659124E-01
 1673.9 0.178973568717E-01
 1674.8 0.174774310998E-01
 1675.7 0.174187692802E-01
 1676.6 0.179774813768E-01
 1677.5 0.185579889174E-01
 1678.4 0.186734188585E-01
 1679.3 0.184950035653E-01
 1680.2 0.182608319223E-01
 1681.1 0.181561768386E-01
 1682.0 0.181152912998E-01
 1682.9 0.180861788937E-01
 1683.8 0.180382793658E-01
 1684.7 0.179641836056E-01
 1685.6 0.178576501820E-01
 1686.5 0.177809072471E-01
 1687.4 0.178325480966E-01
 1688.3 0.179827608335E-01
 1689.2 0.181003818609E-01
 1690.1 0.181316188016E-01
 1691.0 0.180831998913E-01
 1691.9 0.179401347122E-01
 1692.8 0.177495167255E-01
 1693.7 0.176420692634E-01
 1694.6 0.176692526015E-01
 1695.5 0.177273847999E-01
 1696.4 0.176958383706E-01
 1697.3 0.175702562725E-01
 1698.2 0.174233059643E-01
 1699.1 0.173040974698E-01
 1700.0 0.172161822291E-01
 1700.9 0.171426868302E-01
 1701.8 0.170735903581E-01
 1702.7 0.170187810899E-01
 1703.6 0.169840192369E-01
 1704.5 0.169664570385E-01
 1705.4 0.169723359258E-01
 1706.3 0.169925141173E-01
 1707.2 0.169794872068E-01
 1708.1 0.168963008588E-01
 1709.0 0.167948770222E-01
 1709.9 0.167796599563E-01
 1710.8 0.168730315044E-01
 1711.7 0.170183152281E-01
 1712.6 0.171859421674E-01
 1713.5 0.173245753767E-01
 1714.4 0.172472246341E-01
 1715.3 0.167215640588E-01
 1716.2 0.157376015901E-01
 1717.1 0.147322960427E-01
 1718.0 0.144123350897E-01
 1718.9 0.150312127015E-01
 1719.8 0.160345728920E-01
 1720.7 0.167497014595E-01
 1721.6 0.170583658458E-01
 1722.5 0.172123715634E-01
 1723.4 0.173892119551E-01
 1724.3 0.175666601546E-01
 1725.2 0.176438740706E-01
 1726.1 0.175746384450E-01
 1727.0 0.173884780250E-01
 1727.9 0.171317025445E-01
 1728.8 0.168470837937E-01
 1729.7 0.166127660163E-01
 1730.6 0.165221030752E-01
 1731.5 0.165938215906E-01
 1732.4 0.167568764757E-01
 1733.3 0.169179538915E-01
 1734.2 0.170142686065E-01
 1735.1 0.170371605244E-01
 1736.0 0.170073649163E-01
 1736.9 0.169285416595E-01
 1737.8 0.168067157757E-01
 1738.7 0.166675715613E-01
 1739.6 0.165236058401E-01
 1740.5 0.164072311443E-01
 1741.4 0.164015700626E-01
 1742.3 0.165345300897E-01
 1743.2 0.166983840605E-01
 1744.1 0.167403041754E-01
 1745.0 0.165872339046E-01
 1745.9 0.162869992432E-01
 1746.8 0.160003271636E-01
 1747.7 0.158845975072E-01
 1748.6 0.158898448515E-01
 1749.5 0.158185921979E-01
 1750.4 0.156601908114E-01
 1751.3 0.156381957123E-01
 1752.2 0.158687237669E-01
 1753.1 0.162199007178E-01
 1754.0 0.165255442161E-01
 1754.9 0.167167244016E-01
 1755.8 0.167719101755E-01
 1756.7 0.166886768224E-01
 1757.6 0.164916996594E-01
 1758.5 0.162197345713E-01
 1759.4 0.159449352191E-01
 1760.3 0.157831336465E-01
 1761.2 0.157751306901E-01
 1762.1 0.158156108686E-01
 1763.0 0.158032662292E-01
 1763.9 0.157640412248E-01
 1764.8 0.157562667780E-01
 1765.7 0.157553885750E-01
 1766.6 0.157167997674E-01
 1767.5 0.156778930941E-01
 1768.4 0.157000776095E-01
 1769.3 0.157697790969E-01
 1770.2 0.158279280496E-01
 1771.1 0.158516986359E-01
 1772.0 0.158668947591E-01
 1772.9 0.158973330795E-01
 1773.8 0.159318892273E-01
 1774.7 0.159462574103E-01
 1775.6 0.159383945382E-01
 1776.5 0.159270849404E-01
 1777.4 0.159202985301E-01
 1778.3 0.159024156736E-01
 1779.2 0.158525987126E-01
 1780.1 0.157720567469E-01
 1781.0 0.156924134616E-01
 1781.9 0.156416694310E-01
 1782.8 0.156093425319E-01
 1783.7 0.155748278044E-01
 1784.6 0.155515877700E-01
 1785.5 0.155520173309E-01
 1786.4 0.155536350487E-01
 1787.3 0.155540999797E-01
 1788.2 0.155808798191E-01
 1789.1 0.156217704773E-01
 1790.0 0.156279346526E-01
 1790.9 0.155843311988E-01
 1791.8 0.155288387287E-01
 1792.7 0.155158071643E-01
 1793.6 0.155618814075E-01
 1794.5 0.156100164259E-01
 1795.4 0.155770170291E-01
 1796.3 0.154513190473E-01
 1797.2 0.153186284846E-01
 1798.1 0.152831601599E-01
 1799.0 0.153613635087E-01
 1799.9 0.154695062730E-01
 1800.8 0.155214887235E-01
 1801.7 0.154853949060E-01
 1802.6 0.153634852508E-01
 1803.5 0.151946217533E-01
 1804.4 0.150319759516E-01
 1805.3 0.148612350450E-01
 1806.2 0.146455917634E-01
 1807.1 0.144805384661E-01
 1808.0 0.145100674021E-01
 1808.9 0.146971641996E-01
 1809.8 0.148813103840E-01
 1810.7 0.149866323808E-01
 1811.6 0.150437625808E-01
 1812.5 0.150825166040E-01
 1813.4 0.150760848258E-01
 1814.3 0.150089160256E-01
 1815.2 0.149458799453E-01
 1816.1 0.149503914980E-01
 1817.0 0.149837292380E-01
 1817.9 0.149699255809E-01
 1818.8 0.149105679938E-01
 1819.7 0.148660509669E-01
 1820.6 0.148600515420E-01
 1821.5 0.148760393044E-01
 1822.4 0.149145880879E-01
 1823.3 0.149676339691E-01
 1824.2 0.149769479472E-01
 1825.1 0.148846314527E-01
 1826.0 0.147066471166E-01
 1826.9 0.145399970443E-01
 1827.8 0.144690208361E-01
 1828.7 0.144747894244E-01
 1829.6 0.145035271865E-01
 1830.5 0.145588716605E-01
 1831.4 0.146535067599E-01
 1832.3 0.147602756741E-01
 1833.2 0.148453575816E-01
 1834.1 0.148815226047E-01
 1835.0 0.148345394424E-01
 1835.9 0.146919894571E-01
 1836.8 0.145009521482E-01
 1837.7 0.143316832905E-01
 1838.6 0.142074508419E-01
 1839.5 0.141083470064E-01
 1840.4 0.140175137302E-01
 1841.3 0.139388128726E-01
 1842.2 0.138933836688E-01
 1843.1 0.138865632846E-01
 1844.0 0.138863706105E-01
 1844.9 0.138761128086E-01
 1845.8 0.138883815884E-01
 1846.7 0.139456071946E-01
 1847.6 0.140155353301E-01
 1848.5 0.140451806151E-01
 1849.4 0.140071544718E-01
 1850.3 0.139039146585E-01
 1851.2 0.137306950507E-01
 1852.1 0.134580188369E-01
 1853.0 0.131225676302E-01
 1853.9 0.129220576431E-01
 1854.8 0.130287669866E-01
 1855.7 0.133188080707E-01
 1856.6 0.135232902160E-01
 1857.5 0.135531202634E-01
 1858.4 0.134838236708E-01
 1859.3 0.133743554575E-01
 1860.2 0.132334929996E-01
 1861.1 0.130926286800E-01
 1862.0 0.130594743062E-01
 1862.9 0.132183150269E-01
 1863.8 0.134807148229E-01
 1864.7 0.136867001986E-01
 1865.6 0.137853954161E-01
 1866.5 0.138005533767E-01
 1867.4 0.137419087768E-01
 1868.3 0.136263890142E-01
 1869.2 0.135019396909E-01
 1870.1 0.133999057197E-01
 1871.0 0.133016503018E-01
 1871.9 0.131833316452E-01
 1872.8 0.130676866910E-01
 1873.7 0.130095642659E-01
 1874.6 0.130466987097E-01
 1875.5 0.131671609820E-01
 1876.4 0.133163298349E-01
 1877.3 0.134348844474E-01
 1878.2 0.134832935843E-01
 1879.1 0.134480412035E-01
 1880.0 0.133544411458E-01
 1880.9 0.132484643362E-01
 1881.8 0.131377688727E-01
 1882.7 0.129924078931E-01
 1883.6 0.128351695322E-01
 1884.5 0.127592335946E-01
 1885.4 0.127993032935E-01
 1886.3 0.128783229476E-01
 1887.2 0.129302407079E-01
 1888.1 0.129644841094E-01
 1889.0 0.129915134013E-01
 1889.9 0.129942583092E-01
 1890.8 0.129798384673E-01
 1891.7 0.129741489963E-01
 1892.6 0.129675603795E-01
 1893.5 0.129268191136E-01
 1894.4 0.128549837837E-01
 1895.3 0.127970693908E-01
 1896.2 0.127807884287E-01
 1897.1 0.127873644798E-01
 1898.0 0.127919504959E-01
 1898.9 0.127867371254E-01
 1899.8 0.127609685924E-01
 1900.7 0.127165767571E-01
 1901.6 0.126878934465E-01
 1902.5 0.126956734780E-01
 1903.4 0.127172632168E-01
 1904.3 0.127204572323E-01
 1905.2 0.126875909388E-01
 1906.1 0.126195793057E-01
 1907.0 0.125449050578E-01
 1907.9 0.124989974265E-01
 1908.8 0.124895647723E-01
 1909.7 0.125082169291E-01
 1910.6 0.125445904498E-01
 1911.5 0.125604297507E-01
 1912.4 0.125102558307E-01
 1913.3 0.124128697732E-01
 1914.2 0.123337751903E-01
 1915.1 0.122884050919E-01
 1916.0 0.122352819549E-01
 1916.9 0.121634908376E-01
 1917.8 0.121126490737E-01
 1918.7 0.121020124391E-01
 1919.6 0.120975227601E-01
 1920.5 0.120450246504E-01
 1921.4 0.119244776759E-01
 1922.3 0.118010140622E-01
 1923.2 0.117637036985E-01
 1924.1 0.117897631043E-01
 1925.0 0.117883799463E-01
 1925.9 0.117463313819E-01
 1926.8 0.116988925964E-01
 1927.7 0.116388657693E-01
 1928.6 0.115604059871E-01
 1929.5 0.115191695394E-01
 1930.4 0.115770955672E-01
 1931.3 0.117212609434E-01
 1932.2 0.118718264508E-01
 1933.1 0.119526886093E-01
 1934.0 0.119409810975E-01
 1934.9 0.118661835195E-01
 1935.8 0.117804551764E-01
 1936.7 0.117269504144E-01
 1937.6 0.117201495768E-01
 1938.5 0.117474888227E-01
 1939.4 0.117909926816E-01
 1940.3 0.118365982707E-01
 1941.2 0.118576225528E-01
 1942.1 0.118213276841E-01
 1943.0 0.117345065902E-01
 1943.9 0.116546082678E-01
 1944.8 0.116360733909E-01
 1945.7 0.116771702197E-01
 1946.6 0.117182270243E-01
 1947.5 0.116981763514E-01
 1948.4 0.116181449255E-01
 1949.3 0.115276983938E-01
 1950.2 0.114524698587E-01
 1951.1 0.113720042180E-01
 1952.0 0.112770196060E-01
 1952.9 0.112066944874E-01
 1953.8 0.112020856669E-01
 1954.7 0.112534654290E-01
 1955.6 0.113124446489E-01
 1956.5 0.113345225885E-01
 1957.4 0.113109511918E-01
 1958.3 0.112732643225E-01
 1959.2 0.112564597894E-01
 1960.1 0.112608452196E-01
 1961.0 0.112567320463E-01
 1961.9 0.112143521197E-01
 1962.8 0.111390951955E-01
 1963.7 0.110806828284E-01
 1964.6 0.110780649737E-01
 1965.5 0.111063806212E-01
 1966.4 0.111201116765E-01
 1967.3 0.111209344973E-01
 1968.2 0.111378032551E-01
 1969.1 0.111718176815E-01
 1970.0 0.112003404304E-01
 1970.9 0.112131555856E-01
 1971.8 0.112125798902E-01
 1972.7 0.111901235833E-01
 1973.6 0.111350267002E-01
 1974.5 0.110652312027E-01
 1975.4 0.110157376921E-01
 1976.3 0.109902414160E-01
 1977.2 0.109584906777E-01
 1978.1 0.109107884779E-01
 1979.0 0.108789348869E-01
 1979.9 0.108827976770E-01
 1980.8 0.108903184828E-01
 1981.7 0.108595064490E-01
 1982.6 0.107923534722E-01
 1983.5 0.107242762182E-01
 1984.4 0.106811060485E-01
 1985.3 0.106614607358E-01
 1986.2 0.106521523425E-01
 1987.1 0.106425847234E-01
 1988.0 0.106163065813E-01
 1988.9 0.105567014033E-01
 1989.8 0.104736746863E-01
 1990.7 0.103982446346E-01
 1991.6 0.103532426647E-01
 1992.5 0.103387776793E-01
 1993.4 0.103388707586E-01
 1994.3 0.103475625017E-01
 1995.2 0.103784066478E-01
 1996.1 0.104301782737E-01
 1997.0 0.104589662986E-01
 1997.9 0.104191176629E-01
 1998.8 0.103325255441E-01
 1999.7 0.102748089447E-01
 2000.6 0.102872950646E-01
 2001.5 0.103422374361E-01
 2002.4 0.103884941147E-01
 2003.3 0.103994607154E-01
 2004.2 0.103807731885E-01
 2005.1 0.103478235890E-01
 2006.0 0.103081257419E-01
 2006.9 0.102663112719E-01
 2007.8 0.102245349644E-01
 2008.7 0.101718660542E-01
 2009.6 0.100996016289E-01
 2010.5 0.100268471411E-01
 2011.4 0.998184098259E-02
 2012.3 0.996816437870E-02
 2013.2 0.997066588433E-02
 2014.1 0.997596488769E-02
 2015.0 0.997728149410E-02
 2015.9 0.997659689600E-02
 2016.8 0.998234826466E-02
 2017.7 0.999657496709E-02
 2018.6 0.100102525018E-01
 2019.5 0.100136978313E-01
 2020.4 0.100063496876E-01
 2021.3 0.999420191086E-02
 2022.2 0.997053557334E-02
 2023.1 0.989875562559E-02
 2024.0 0.974524090120E-02
 2024.9 0.956050552498E-02
 2025.8 0.947681003332E-02
 2026.7 0.955437811603E-02
 2027.6 0.970560495174E-02
 2028.5 0.982542311548E-02
 2029.4 0.988769268787E-02
 2030.3 0.990075776089E-02
 2031.2 0.986779326877E-02
 2032.1 0.980087578257E-02
 2033.0 0.972570262971E-02
 2033.9 0.966420654613E-02
 2034.8 0.962535525499E-02
 2035.7 0.960490899513E-02
 2036.6 0.958954579470E-02
 2037.5 0.956753906072E-02
 2038.4 0.953712168307E-02
 2039.3 0.951572601455E-02
 2040.2 0.953565801140E-02
 2041.1 0.960374178097E-02
 2042.0 0.967577025038E-02
 2042.9 0.970102358962E-02
 2043.8 0.968037627851E-02
 2044.7 0.965511688912E-02
 2045.6 0.965219699213E-02
 2046.5 0.966203454115E-02
 2047.4 0.966042473502E-02
 2048.3 0.963595512331E-02
 2049.2 0.959515847523E-02
 2050.1 0.954895112866E-02
 2051.0 0.950402548376E-02
 2051.9 0.946355507856E-02
 2052.8 0.941816636425E-02
 2053.7 0.934637478160E-02
 2054.6 0.925274168069E-02
 2055.5 0.918426092800E-02
 2056.4 0.917109672554E-02
 2057.3 0.918780399076E-02
 2058.2 0.920247375056E-02
 2059.1 0.919844109079E-02
 2060.0 0.913997799553E-02
 2060.9 0.901638500162E-02
 2061.8 0.891139017850E-02
 2062.7 0.891008381081E-02
 2063.6 0.897339773271E-02
 2064.5 0.901222808101E-02
 2065.4 0.900826104213E-02
 2066.3 0.898947810899E-02
 2067.2 0.897432340615E-02
 2068.1 0.897995516793E-02
 2069.0 0.901616440373E-02
 2069.9 0.905826136934E-02
 2070.8 0.907252483808E-02
 2071.7 0.906313732738E-02
 2072.6 0.906647561572E-02
 2073.5 0.910446033877E-02
 2074.4 0.916242034053E-02
 2075.3 0.920933555503E-02
 2076.2 0.921766754670E-02
 2077.1 0.917162588125E-02
 2078.0 0.908492904822E-02
 2078.9 0.900439499427E-02
 2079.8 0.897214535101E-02
 2080.7 0.898582148951E-02
 2081.6 0.900465747784E-02
 2082.5 0.898942970776E-02
 2083.4 0.893792056545E-02
 2084.3 0.888764053501E-02
 2085.2 0.887555465601E-02
 2086.1 0.889599672730E-02
 2087.0 0.891246896734E-02
 2087.9 0.889699314099E-02
 2088.8 0.884560593253E-02
 2089.7 0.877644942427E-02
 2090.6 0.871698060739E-02
 2091.5 0.868260875657E-02
 2092.4 0.867051310424E-02
 2093.3 0.866982571376E-02
 2094.2 0.866897962311E-02
 2095.1 0.865235706004E-02
 2096.0 0.860609433129E-02
 2096.9 0.854435298381E-02
 2097.8 0.850366663469E-02
 2098.7 0.849417301360E-02
 2099.6 0.849637620014E-02
 2100.5 0.849836065037E-02
 2101.4 0.848909926209E-02
 2102.3 0.845908305614E-02
 2103.2 0.844235950204E-02
 2104.1 0.848571164173E-02
 2105.0 0.856272031798E-02
 2105.9 0.859331221928E-02
 2106.8 0.854639979716E-02
 2107.7 0.847231194869E-02
 2108.6 0.843601475298E-02
 2109.5 0.844784838714E-02
 2110.4 0.847060952868E-02
 2111.3 0.846893130927E-02
 2112.2 0.843461809839E-02
 2113.1 0.839012806452E-02
 2114.0 0.837637513562E-02
 2114.9 0.841346629759E-02
 2115.8 0.847360249290E-02
 2116.7 0.851216104971E-02
 2117.6 0.852031293298E-02
 2118.5 0.852532013280E-02
 2119.4 0.854281438333E-02
 2120.3 0.855370558979E-02
 2121.2 0.853227362035E-02
 2122.1 0.847469803602E-02
 2123.0 0.839739476385E-02
 2123.9 0.832747919407E-02
 2124.8 0.828866280766E-02
 2125.7 0.828175120579E-02
 2126.6 0.828816250654E-02
 2127.5 0.829403487826E-02
 2128.4 0.829259587261E-02
 2129.3 0.827019960184E-02
 2130.2 0.821643468319E-02
 2131.1 0.813490700794E-02
 2132.0 0.803168069112E-02
 2132.9 0.791706798607E-02
 2133.8 0.782365501766E-02
 2134.7 0.780051225107E-02
 2135.6 0.786936764786E-02
 2136.5 0.798758159022E-02
 2137.4 0.808164890597E-02
 2138.3 0.812186520473E-02
 2139.2 0.813663642095E-02
 2140.1 0.815737308816E-02
 2141.0 0.818208424060E-02
 2141.9 0.819552442312E-02
 2142.8 0.819468670961E-02
 2143.7 0.818069642855E-02
 2144.6 0.814590106700E-02
 2145.5 0.808570716254E-02
 2146.4 0.801615320576E-02
 2147.3 0.796462451680E-02
 2148.2 0.794398790981E-02
 2149.1 0.794792097475E-02
 2150.0 0.796904857494E-02
 2150.9 0.800982381478E-02
 2151.8 0.806869413189E-02
 2152.7 0.812566888948E-02
 2153.6 0.815799253077E-02
 2154.5 0.816223554971E-02
 2155.4 0.814661824285E-02
 2156.3 0.811064589382E-02
 2157.2 0.804778014864E-02
 2158.1 0.796799491750E-02
 2159.0 0.790204080184E-02
 2159.9 0.786853365752E-02
 2160.8 0.785108268886E-02
 2161.7 0.782167382520E-02
 2162.6 0.776907332833E-02
 2163.5 0.770239179811E-02
 2164.4 0.764336883098E-02
 2165.3 0.761745137109E-02
 2166.2 0.763863481884E-02
 2167.1 0.769170955464E-02
 2168.0 0.774419463319E-02
 2168.9 0.778171768302E-02
 2169.8 0.781404830525E-02
 2170.7 0.784820002358E-02
 2171.6 0.786838938464E-02
 2172.5 0.784518006637E-02
 2173.4 0.777228456347E-02
 2174.3 0.768801896121E-02
 2175.2 0.763972943117E-02
 2176.1 0.763967544518E-02
 2177.0 0.767241422006E-02
 2177.9 0.771861505108E-02
 2178.8 0.776104849828E-02
 2179.7 0.779573076850E-02
 2180.6 0.783203168739E-02
 2181.5 0.786439535277E-02
 2182.4 0.786654920729E-02
 2183.3 0.782384769176E-02
 2184.2 0.774683761933E-02
 2185.1 0.765145369717E-02
 2186.0 0.755800535863E-02
 2186.9 0.750787890901E-02
 2187.8 0.753579105786E-02
 2188.7 0.762244088585E-02
 2189.6 0.771052460013E-02
 2190.5 0.776368589965E-02
 2191.4 0.779258282728E-02
 2192.3 0.783014915897E-02
 2193.2 0.788943554046E-02
 2194.1 0.795265871006E-02
 2195.0 0.799786545438E-02
 2195.9 0.801959434671E-02
 2196.8 0.802368704262E-02
 2197.7 0.801469930742E-02
 2198.6 0.798936871238E-02
 2199.5 0.794267735355E-02
 2200.4 0.788754463490E-02
 2201.3 0.785505112393E-02
 2202.2 0.785709142173E-02
 2203.1 0.786581062321E-02
 2204.0 0.784423531168E-02
 2204.9 0.778500058919E-02
 2205.8 0.771751625019E-02
 2206.7 0.767606944335E-02
 2207.6 0.765745777608E-02
 2208.5 0.763023069072E-02
 2209.4 0.758213802335E-02
 2210.3 0.752944770498E-02
 2211.2 0.748550032331E-02
 2212.1 0.743630094331E-02
 2213.0 0.735935974953E-02
 2213.9 0.727489123445E-02
 2214.8 0.724378693172E-02
 2215.7 0.729508664566E-02
 2216.6 0.739451718948E-02
 2217.5 0.748764114673E-02
 2218.4 0.754017602270E-02
 2219.3 0.755051201126E-02
 2220.2 0.754376143654E-02
 2221.1 0.753906744849E-02
 2222.0 0.752830515683E-02
 2222.9 0.750228670592E-02
 2223.8 0.747341677128E-02
 2224.7 0.745696500868E-02
 2225.6 0.745160178062E-02
 2226.5 0.745127553774E-02
 2227.4 0.746451513442E-02
 2228.3 0.750271300901E-02
 2229.2 0.755375349716E-02
 2230.1 0.759216685029E-02
 2231.0 0.761333493996E-02
 2231.9 0.763274010809E-02
 2232.8 0.765539001989E-02
 2233.7 0.767213544762E-02
 2234.6 0.767923227726E-02
 2235.5 0.767836943234E-02
 2236.4 0.766731719873E-02
 2237.3 0.764716041542E-02
 2238.2 0.762970944676E-02
 2239.1 0.762053043364E-02
 2240.0 0.759954477935E-02
 2240.9 0.754251463959E-02
 2241.8 0.745882799046E-02
 2242.7 0.738469406775E-02
 2243.6 0.734844620405E-02
 2244.5 0.735616014931E-02
 2245.4 0.738808261891E-02
 2246.3 0.740360172713E-02
 2247.2 0.737898644635E-02
 2248.1 0.734019053738E-02
 2249.0 0.733068481599E-02
 2249.9 0.734856069156E-02
 2250.8 0.734337896809E-02
 2251.7 0.728328558925E-02
 2252.6 0.720138932005E-02
 2253.5 0.715558361056E-02
 2254.4 0.716337481163E-02
 2255.3 0.720319180029E-02
 2256.2 0.725579462414E-02
 2257.1 0.731386585564E-02
 2258.0 0.736901020920E-02
 2258.9 0.741571366833E-02
 2259.8 0.746050993303E-02
 2260.7 0.750730042129E-02
 2261.6 0.754069959365E-02
 2262.5 0.754147727103E-02
 2263.4 0.751073504669E-02
 2264.3 0.747294206696E-02
 2265.2 0.745863997031E-02
 2266.1 0.748294576249E-02
 2267.0 0.753756980288E-02
 2267.9 0.759345274053E-02
 2268.8 0.761595558707E-02
 2269.7 0.759895884529E-02
 2270.6 0.757477405618E-02
 2271.5 0.757091545466E-02
 2272.4 0.757862148818E-02
 2273.3 0.757731791288E-02
 2274.2 0.756230189816E-02
 2275.1 0.754074613329E-02
 2276.0 0.752162858013E-02
 2276.9 0.751489475968E-02
 2277.8 0.753493565928E-02
 2278.7 0.759486754557E-02
 2279.6 0.767806506310E-02
 2280.5 0.773075770845E-02
 2281.4 0.771464801220E-02
 2282.3 0.764743965326E-02
 2283.2 0.757775678168E-02
 2284.1 0.753607262268E-02
 2285.0 0.750986242845E-02
 2285.9 0.747715436974E-02
 2286.8 0.745730614424E-02
 2287.7 0.748650697571E-02
 2288.6 0.755391452431E-02
 2289.5 0.760829888556E-02
 2290.4 0.761450494650E-02
 2291.3 0.757561316588E-02
 2292.2 0.751707979576E-02
 2293.1 0.745932875698E-02
 2294.0 0.738979900081E-02
 2294.9 0.726489358907E-02
 2295.8 0.707668356336E-02
 2296.7 0.691696882818E-02
 2297.6 0.689905432471E-02
 2298.5 0.701499992504E-02
 2299.4 0.715897681569E-02
 2300.3 0.725834825416E-02
 2301.2 0.730237056465E-02
 2302.1 0.729464312290E-02
 2303.0 0.724011309257E-02
 2303.9 0.715164589166E-02
 2304.8 0.704700476979E-02
 2305.7 0.696092458699E-02
 2306.6 0.694536173151E-02
 2307.5 0.702013650506E-02
 2308.4 0.714019202096E-02
 2309.3 0.723222788144E-02
 2310.2 0.724908453890E-02
 2311.1 0.719648357664E-02
 2312.0 0.712495215057E-02
 2312.9 0.708806762460E-02
 2313.8 0.710202067395E-02
 2314.7 0.714280987568E-02
 2315.6 0.717274836044E-02
 2316.5 0.716836479179E-02
 2317.4 0.713652562815E-02
 2318.3 0.711089997179E-02
 2319.2 0.712126528032E-02
 2320.1 0.716664468671E-02
 2321.0 0.722916510775E-02
 2321.9 0.730724559190E-02
 2322.8 0.742568804389E-02
 2323.7 0.760472184886E-02
 2324.6 0.779680350719E-02
 2325.5 0.788456423638E-02
 2326.4 0.781563111839E-02
 2327.3 0.766742842847E-02
 2328.2 0.751542298459E-02
 2329.1 0.737196314933E-02
 2330.0 0.725176661833E-02
 2330.9 0.717233648463E-02
 2331.8 0.712776081782E-02
 2332.7 0.711090462576E-02
 2333.6 0.711936460144E-02
 2334.5 0.713115914231E-02
 2335.4 0.711486468369E-02
 2336.3 0.707492343419E-02
 2337.2 0.704587106417E-02
 2338.1 0.703442091664E-02
 2339.0 0.701332542880E-02
 2339.9 0.696416607289E-02
 2340.8 0.687401413702E-02
 2341.7 0.671922608809E-02
 2342.6 0.653275571411E-02
 2343.5 0.644237806099E-02
 2344.4 0.652344545921E-02
 2345.3 0.668848432915E-02
 2346.2 0.682321891278E-02
 2347.1 0.691097731498E-02
 2348.0 0.698003981317E-02
 2348.9 0.703688751754E-02
 2349.8 0.707037511521E-02
 2350.7 0.707595754498E-02
 2351.6 0.706358451640E-02
 2352.5 0.704687585499E-02
 2353.4 0.703135581598E-02
 2354.3 0.701762196833E-02
 2355.2 0.700649992526E-02
 2356.1 0.699715476563E-02
 2357.0 0.698811583683E-02
 2357.9 0.698158585999E-02
 2358.8 0.698263067490E-02
 2359.7 0.699358982923E-02
 2360.6 0.701133585921E-02
 2361.5 0.702211443974E-02
 2362.4 0.700204003160E-02
 2363.3 0.694761192309E-02
 2364.2 0.689519432700E-02
 2365.1 0.688389915647E-02
 2366.0 0.691642198742E-02
 2366.9 0.696474549140E-02
 2367.8 0.699645853262E-02
 2368.7 0.699633427178E-02
 2369.6 0.697043868552E-02
 2370.5 0.692051468332E-02
 2371.4 0.681740890417E-02
 2372.3 0.664472357144E-02
 2373.2 0.648148066618E-02
 2374.1 0.645813033280E-02
 2375.0 0.659007905360E-02
 2375.9 0.675234509182E-02
 2376.8 0.683396538096E-02
 2377.7 0.682269394564E-02
 2378.6 0.674870988057E-02
 2379.5 0.660468598488E-02
 2380.4 0.636243599125E-02
 2381.3 0.609527053617E-02
 2382.2 0.598234116989E-02
 2383.1 0.608887505890E-02
 2384.0 0.627152871704E-02
 2384.9 0.638162893863E-02
 2385.8 0.641331917542E-02
 2386.7 0.642933672318E-02
 2387.6 0.646651956824E-02
 2388.5 0.653587014679E-02
 2389.4 0.665057267334E-02
 2390.3 0.681089056225E-02
 2391.2 0.696218394964E-02
 2392.1 0.701521679976E-02
 2393.0 0.693871633637E-02
 2393.9 0.679242968341E-02
 2394.8 0.666414782082E-02
 2395.7 0.660477999496E-02
 2396.6 0.660341917589E-02
 2397.5 0.661121642711E-02
 2398.4 0.660184101672E-02
 2399.3 0.659598307228E-02
 2400.2 0.661956331148E-02
 2401.1 0.666586606431E-02
 2402.0 0.669981114664E-02
 2402.9 0.667895208017E-02
 2403.8 0.659508858041E-02
 2404.7 0.649933652970E-02
 2405.6 0.645065699748E-02
 2406.5 0.645668062303E-02
 2407.4 0.648354330301E-02
 2408.3 0.649516378562E-02
 2409.2 0.647722601233E-02
 2410.1 0.644159712584E-02
 2411.0 0.640981520595E-02
 2411.9 0.639436218402E-02
 2412.8 0.640310744770E-02
 2413.7 0.644242646221E-02
 2414.6 0.649898003607E-02
 2415.5 0.654243595915E-02
 2416.4 0.655872995237E-02
 2417.3 0.656370783222E-02
 2418.2 0.658209378224E-02
 2419.1 0.662203549713E-02
 2420.0 0.666690296748E-02
 2420.9 0.668352739214E-02
 2421.8 0.664438336667E-02
 2422.7 0.655746686655E-02
 2423.6 0.647243242945E-02
 2424.5 0.644015812018E-02
 2425.4 0.646243478407E-02
 2426.3 0.649131914599E-02
 2427.2 0.648179992811E-02
 2428.1 0.644026702294E-02
 2429.0 0.641251078188E-02
 2429.9 0.642190806591E-02
 2430.8 0.643813085348E-02
 2431.7 0.642243536002E-02
 2432.6 0.638286270447E-02
 2433.5 0.635924662975E-02
 2434.4 0.636611029580E-02
 2435.3 0.637713041706E-02
 2436.2 0.636932525410E-02
 2437.1 0.635605261429E-02
 2438.0 0.636042268645E-02
 2438.9 0.638425517049E-02
 2439.8 0.641923482901E-02
 2440.7 0.645952140263E-02
 2441.6 0.649021569114E-02
 2442.5 0.648590007036E-02
 2443.4 0.643289467863E-02
 2444.3 0.634758007290E-02
 2445.2 0.626973089076E-02
 2446.1 0.623513518426E-02
 2447.0 0.624792800040E-02
 2447.9 0.627849895886E-02
 2448.8 0.629626593167E-02
 2449.7 0.630215412687E-02
 2450.6 0.631176549324E-02
 2451.5 0.631709195500E-02
 2452.4 0.629657169710E-02
 2453.3 0.625311530863E-02
 2454.2 0.621445483001E-02
 2455.1 0.620267285485E-02
 2456.0 0.621573327391E-02
 2456.9 0.623252431048E-02
 2457.8 0.623183505842E-02
 2458.7 0.621016899460E-02
 2459.6 0.618013510358E-02
 2460.5 0.615366987213E-02
 2461.4 0.613481340635E-02
 2462.3 0.612382446665E-02
 2463.2 0.611960890609E-02
 2464.1 0.611952653093E-02
 2465.0 0.611944974053E-02
 2465.9 0.611720606450E-02
 2466.8 0.611494098024E-02
 2467.7 0.611275594416E-02
 2468.6 0.610698782123E-02
 2469.5 0.609894111754E-02
 2470.4 0.609394974120E-02
 2471.3 0.609421920571E-02
 2472.2 0.610430574180E-02
 2473.1 0.613199868895E-02
 2474.0 0.616998760056E-02
 2474.9 0.619322158484E-02
 2475.8 0.618507714791E-02
 2476.7 0.615066620379E-02
 2477.6 0.610787347057E-02
 2478.5 0.607817373417E-02
 2479.4 0.607424066922E-02
 2480.3 0.608652294551E-02
 2481.2 0.609015582978E-02
 2482.1 0.607384182451E-02
 2483.0 0.605777308315E-02
 2483.9 0.607017450091E-02
 2484.8 0.610877122022E-02
 2485.7 0.614401987786E-02
 2486.6 0.615303460605E-02
 2487.5 0.613028370323E-02
 2488.4 0.607960901665E-02
 2489.3 0.601408911583E-02
 2490.2 0.595449464193E-02
 2491.1 0.591770179905E-02
 2492.0 0.590970116961E-02
 2492.9 0.593325395042E-02
 2493.8 0.598871849670E-02
 2494.7 0.605614466116E-02
 2495.6 0.609917940050E-02
 2496.5 0.610303846741E-02
 2497.4 0.608836451905E-02
 2498.3 0.608095075446E-02
 2499.2 0.608297290180E-02
 2500.1 0.607683246175E-02
 2501.0 0.605384327598E-02
 2501.9 0.602759631543E-02
 2502.8 0.601309363294E-02
 2503.7 0.600920431526E-02
 2504.6 0.600184174428E-02
 2505.5 0.597706031698E-02
 2506.4 0.593712930621E-02
 2507.3 0.589148229689E-02
 2508.2 0.582720081589E-02
 2509.1 0.571508961647E-02
 2510.0 0.556158652699E-02
 2510.9 0.543862926456E-02
 2511.8 0.542583319065E-02
 2512.7 0.552012575826E-02
 2513.6 0.564260459319E-02
 2514.5 0.572470144823E-02
 2515.4 0.574534689776E-02
 2516.3 0.571680832536E-02
 2517.2 0.567905071575E-02
 2518.1 0.567432414995E-02
 2519.0 0.570202361265E-02
 2519.9 0.572772652481E-02
 2520.8 0.573146831183E-02
 2521.7 0.571775447623E-02
 2522.6 0.569279107895E-02
 2523.5 0.565753404418E-02
 2524.4 0.561998307057E-02
 2525.3 0.559540967546E-02
 2526.2 0.558722056048E-02
 2527.1 0.558003297854E-02
 2528.0 0.556178432046E-02
 2528.9 0.554798205954E-02
 2529.8 0.557160558060E-02
 2530.7 0.563897682828E-02
 2531.6 0.570854474695E-02
 2532.5 0.573395957874E-02
 2533.4 0.571314146715E-02
 2534.3 0.567538339215E-02
 2535.2 0.563875297262E-02
 2536.1 0.560054858247E-02
 2537.0 0.555833806014E-02
 2537.9 0.552342216093E-02
 2538.8 0.551100631588E-02
 2539.7 0.552071774247E-02
 2540.6 0.553738358741E-02
 2541.5 0.555279984303E-02
 2542.4 0.557030805545E-02
 2543.3 0.558750817545E-02
 2544.2 0.559309525919E-02
 2545.1 0.558300918849E-02
 2546.0 0.556452457444E-02
 2546.9 0.553993209808E-02
 2547.8 0.550343664350E-02
 2548.7 0.546498605866E-02
 2549.6 0.545875952027E-02
 2550.5 0.550948307347E-02
 2551.4 0.559904767909E-02
 2552.3 0.568202692570E-02
 2553.2 0.572736910038E-02
 2554.1 0.573247636043E-02
 2555.0 0.571112443917E-02
 2555.9 0.568234711842E-02
 2556.8 0.565837641165E-02
 2557.7 0.563720785658E-02
 2558.6 0.561340515791E-02
 2559.5 0.559034290490E-02
 2560.4 0.557287704355E-02
 2561.3 0.555705403149E-02
 2562.2 0.554216274300E-02
 2563.1 0.554107883480E-02
 2564.0 0.556119373243E-02
 2564.9 0.558786699607E-02
 2565.8 0.560140816961E-02
 2566.7 0.560145936321E-02
 2567.6 0.560353316956E-02
 2568.5 0.561674763482E-02
 2569.4 0.563234818741E-02
 2570.3 0.563429680212E-02
 2571.2 0.561863993657E-02
 2572.1 0.559364861550E-02
 2573.0 0.555757667164E-02
 2573.9 0.548796640190E-02
 2574.8 0.537469124609E-02
 2575.7 0.527085246762E-02
 2576.6 0.525966619984E-02
 2577.5 0.534617268574E-02
 2578.4 0.545191493548E-02
 2579.3 0.551711371278E-02
 2580.2 0.553779174005E-02
 2581.1 0.552604560041E-02
 2582.0 0.548658836317E-02
 2582.9 0.541349646299E-02
 2583.8 0.528452488294E-02
 2584.7 0.510177069918E-02
 2585.6 0.495700123846E-02
 2586.5 0.496170639603E-02
 2587.4 0.509581502150E-02
 2588.3 0.523545348694E-02
 2589.2 0.530602945421E-02
 2590.1 0.532118462245E-02
 2591.0 0.530325522629E-02
 2591.9 0.523479448565E-02
 2592.8 0.512018364219E-02
 2593.7 0.504022761056E-02
 2594.6 0.506300597177E-02
 2595.5 0.514469746655E-02
 2596.4 0.517791792670E-02
 2597.3 0.508862837035E-02
 2598.2 0.490365796895E-02
 2599.1 0.477400272159E-02
 2600.0 0.484261983543E-02
 2600.9 0.506308276217E-02
 2601.8 0.526003386299E-02
 2602.7 0.532341852515E-02
 2603.6 0.525159994951E-02
 2604.5 0.510176185664E-02
 2605.4 0.497117488570E-02
 2606.3 0.494279408268E-02
 2607.2 0.500197900776E-02
 2608.1 0.506489966970E-02
 2609.0 0.508530730167E-02
 2609.9 0.508168232914E-02
 2610.8 0.508020655717E-02
 2611.7 0.507659880431E-02
 2612.6 0.506183363825E-02
 2613.5 0.505595568176E-02
 2614.4 0.508665602042E-02
 2615.3 0.514542813889E-02
 2616.2 0.519163781245E-02
 2617.1 0.519900364121E-02
 2618.0 0.518289254877E-02
 2618.9 0.517714909185E-02
 2619.8 0.519271334352E-02
 2620.7 0.521333552322E-02
 2621.6 0.522417134751E-02
 2622.5 0.522425604966E-02
 2623.4 0.521856983649E-02
 2624.3 0.521229536228E-02
 2625.2 0.520718949842E-02
 2626.1 0.519874953478E-02
 2627.0 0.518008620850E-02
 2627.9 0.514793988324E-02
 2628.8 0.510296071776E-02
 2629.7 0.505078280082E-02
 2630.6 0.500889759058E-02
 2631.5 0.500171047404E-02
 2632.4 0.503736076876E-02
 2633.3 0.509510854977E-02
 2634.2 0.514386906097E-02
 2635.1 0.516829725240E-02
 2636.0 0.516596468566E-02
 2636.9 0.513348001722E-02
 2637.8 0.508182985980E-02
 2638.7 0.505117652617E-02
 2639.6 0.507626046113E-02
 2640.5 0.514569620722E-02
 2641.4 0.522235490538E-02
 2642.3 0.528023113579E-02
 2643.2 0.530098083410E-02
 2644.1 0.527193637582E-02
 2645.0 0.520671293251E-02
 2645.9 0.514728041655E-02
 2646.8 0.513127636529E-02
 2647.7 0.515848111161E-02
 2648.6 0.519863458187E-02
 2649.5 0.522598685885E-02
 2650.4 0.523556657827E-02
 2651.3 0.523765667348E-02
 2652.2 0.524629582678E-02
 2653.1 0.526632136830E-02
 2654.0 0.528760115312E-02
 2654.9 0.529466773199E-02
 2655.8 0.528149887557E-02
 2656.7 0.525221846132E-02
 2657.6 0.521213014656E-02
 2658.5 0.516478257882E-02
 2659.4 0.510922867642E-02
 2660.3 0.504320195893E-02
 2661.2 0.497787333603E-02
 2662.1 0.492969643191E-02
 2663.0 0.489959133524E-02
 2663.9 0.488476334067E-02
 2664.8 0.488972027768E-02
 2665.7 0.491727174433E-02
 2666.6 0.497765692671E-02
 2667.5 0.508654758306E-02
 2668.4 0.521921208352E-02
 2669.3 0.529619469757E-02
 2670.2 0.526471063138E-02
 2671.1 0.516676237508E-02
 2672.0 0.508266757331E-02
 2672.9 0.504885745593E-02
 2673.8 0.504914320932E-02
 2674.7 0.504771863095E-02
 2675.6 0.501767031264E-02
 2676.5 0.495295135902E-02
 2677.4 0.487692746155E-02
 2678.3 0.483423013459E-02
 2679.2 0.484980369419E-02
 2680.1 0.490509744000E-02
 2681.0 0.496322591526E-02
 2681.9 0.499829120671E-02
 2682.8 0.500289304628E-02
 2683.7 0.498667118950E-02
 2684.6 0.496691930106E-02
 2685.5 0.495507449738E-02
 2686.4 0.494956513485E-02
 2687.3 0.494040566838E-02
 2688.2 0.492339124154E-02
 2689.1 0.490545253745E-02
 2690.0 0.489582767459E-02
 2690.9 0.490145292083E-02
 2691.8 0.492386780745E-02
 2692.7 0.494921236438E-02
 2693.6 0.495482039095E-02
 2694.5 0.493511597294E-02
 2695.4 0.490448218597E-02
 2696.3 0.487653373620E-02
 2697.2 0.485955933345E-02
 2698.1 0.486174483492E-02
 2699.0 0.488012008083E-02
 2699.9 0.489439658067E-02
 2700.8 0.489147156432E-02
 2701.7 0.488527760369E-02
 2702.6 0.489316002244E-02
 2703.5 0.490669793821E-02
 2704.4 0.490368263496E-02
 2705.3 0.487697027802E-02
 2706.2 0.484348407653E-02
 2707.1 0.482670002091E-02
 2708.0 0.483101052233E-02
 2708.9 0.483869933619E-02
 2709.8 0.483229548178E-02
 2710.7 0.481802084352E-02
 2711.6 0.482037761087E-02
 2712.5 0.484853921219E-02
 2713.4 0.488256015413E-02
 2714.3 0.489776046582E-02
 2715.2 0.488935633770E-02
 2716.1 0.486793367620E-02
 2717.0 0.483655758197E-02
 2717.9 0.479034883921E-02
 2718.8 0.474129698986E-02
 2719.7 0.471651090861E-02
 2720.6 0.472647551084E-02
 2721.5 0.475405490127E-02
 2722.4 0.477806330515E-02
 2723.3 0.479606856092E-02
 2724.2 0.481342458871E-02
 2725.1 0.481993920746E-02
 2726.0 0.480614485829E-02
 2726.9 0.478836345818E-02
 2727.8 0.478701008546E-02
 2728.7 0.480382113408E-02
 2729.6 0.482411800170E-02
 2730.5 0.481547977920E-02
 2731.4 0.474465994422E-02
 2732.3 0.462137122648E-02
 2733.2 0.451384311115E-02
 2734.1 0.449486494422E-02
 2735.0 0.456520300085E-02
 2735.9 0.465691922708E-02
 2736.8 0.471184158656E-02
 2737.7 0.472635031921E-02
 2738.6 0.472622978154E-02
 2739.5 0.472274210095E-02
 2740.4 0.470501980619E-02
 2741.3 0.466933553753E-02
 2742.2 0.463274663135E-02
 2743.1 0.461073528995E-02
 2744.0 0.459836147019E-02
 2744.9 0.458495837976E-02
 2745.8 0.457047324271E-02
 2746.7 0.455521359298E-02
 2747.6 0.453340818948E-02
 2748.5 0.450515704590E-02
 2749.4 0.448050569690E-02
 2750.3 0.447134702160E-02
 2751.2 0.448341004965E-02
 2752.1 0.450869084727E-02
 2753.0 0.453353487038E-02
 2753.9 0.456103574844E-02
 2754.8 0.460119875932E-02
 2755.7 0.463763548087E-02
 2756.6 0.464771103361E-02
 2757.5 0.464559017569E-02
 2758.4 0.465384123494E-02
 2759.3 0.466383734451E-02
 2760.2 0.466157086406E-02
 2761.1 0.464961087478E-02
 2762.0 0.462925755457E-02
 2762.9 0.460106477169E-02
 2763.8 0.457762484951E-02
 2764.7 0.456607473483E-02
 2765.6 0.455741859457E-02
 2766.5 0.454885283428E-02
 2767.4 0.455341083350E-02
 2768.3 0.457655192466E-02
 2769.2 0.460090085908E-02
 2770.1 0.460869415443E-02
 2771.0 0.460725570725E-02
 2771.9 0.461551616750E-02
 2772.8 0.463531352517E-02
 2773.7 0.464971740401E-02
 2774.6 0.464295752136E-02
 2775.5 0.461064672501E-02
 2776.4 0.455841538057E-02
 2777.3 0.450119894263E-02
 2778.2 0.445671835630E-02
 2779.1 0.443438361094E-02
 2780.0 0.443123715899E-02
 2780.9 0.443687566903E-02
 2781.8 0.444080259074E-02
 2782.7 0.443974111464E-02
 2783.6 0.444075470145E-02
 2784.5 0.445140473949E-02
 2785.4 0.446747920523E-02
 2786.3 0.447626272449E-02
 2787.2 0.446939849997E-02
 2788.1 0.444748963885E-02
 2789.0 0.441359844942E-02
 2789.9 0.437162709431E-02
 2790.8 0.433636214780E-02
 2791.7 0.435595501029E-02
 2792.6 0.457173916745E-02
 2793.5 0.524539854253E-02
 2794.4 0.648508562666E-02
 2795.3 0.773865781227E-02
 2796.2 0.799652976672E-02
 2797.1 0.698269024564E-02
 2798.0 0.557404751549E-02
 2798.9 0.468054554052E-02
 2799.8 0.447852711066E-02
 2800.7 0.481050888029E-02
 2801.6 0.550853040705E-02
 2802.5 0.617343339548E-02
 2803.4 0.625663603236E-02
 2804.3 0.568221866902E-02
 2805.2 0.496188836602E-02
 2806.1 0.453424180751E-02
 2807.0 0.440786886131E-02
 2807.9 0.441016079894E-02
 2808.8 0.442744953042E-02
 2809.7 0.442476382090E-02
 2810.6 0.440344820057E-02
 2811.5 0.437868697148E-02
 2812.4 0.437027479200E-02
 2813.3 0.438893276621E-02
 2814.2 0.442328576848E-02
 2815.1 0.444794502922E-02
 2816.0 0.445113550768E-02
 2816.9 0.444727630114E-02
 2817.8 0.445621293582E-02
 2818.7 0.447933787772E-02
 2819.6 0.450317864582E-02
 2820.5 0.452392983340E-02
 2821.4 0.456225727436E-02
 2822.3 0.463370008895E-02
 2823.2 0.469715879567E-02
 2824.1 0.468254302185E-02
 2825.0 0.458899183071E-02
 2825.9 0.448953080343E-02
 2826.8 0.443423468410E-02
 2827.7 0.441241150245E-02
 2828.6 0.440039971455E-02
 2829.5 0.439275408948E-02
 2830.4 0.438985187755E-02
 2831.3 0.439094304594E-02
 2832.2 0.439661176021E-02
 2833.1 0.439809097611E-02
 2834.0 0.437748173443E-02
 2834.9 0.433652154606E-02
 2835.8 0.430758687479E-02
 2836.7 0.431754091253E-02
 2837.6 0.435166782523E-02
 2838.5 0.437058153476E-02
 2839.4 0.435671323410E-02
 2840.3 0.432964117228E-02
 2841.2 0.432040477579E-02
 2842.1 0.434698081813E-02
 2843.0 0.440985615046E-02
 2843.9 0.448001042205E-02
 2844.8 0.450426986075E-02
 2845.7 0.446064667420E-02
 2846.6 0.438167844643E-02
 2847.5 0.430600420127E-02
 2848.4 0.423860428517E-02
 2849.3 0.416027467433E-02
 2850.2 0.405460893576E-02
 2851.1 0.393917615572E-02
 2852.0 0.388110822854E-02
 2852.9 0.393119032588E-02
 2853.8 0.404470390426E-02
 2854.7 0.413571421724E-02
 2855.6 0.417731567530E-02
 2856.5 0.419725558389E-02
 2857.4 0.422245005049E-02
 2858.3 0.426508129115E-02
 2859.2 0.432704244535E-02
 2860.1 0.438949501160E-02
 2861.0 0.441971487502E-02
 2861.9 0.440350209347E-02
 2862.8 0.436014115779E-02
 2863.7 0.431900477035E-02
 2864.6 0.429288244296E-02
 2865.5 0.428156139639E-02
 2866.4 0.428860256462E-02
 2867.3 0.432260042291E-02
 2868.2 0.437644618091E-02
 2869.1 0.441795311696E-02
 2870.0 0.442618085985E-02
 2870.9 0.441570534545E-02
 2871.8 0.440326027350E-02
 2872.7 0.438756091726E-02
 2873.6 0.436811721431E-02
 2874.5 0.434880829015E-02
 2875.4 0.432807790579E-02
 2876.3 0.430818374567E-02
 2877.2 0.429978315456E-02
 2878.1 0.430729767747E-02
 2879.0 0.432537288232E-02
 2879.9 0.434607990378E-02
 2880.8 0.436379386795E-02
 2881.7 0.438309646271E-02
 2882.6 0.441260580545E-02
 2883.5 0.444679098578E-02
 2884.4 0.446996484084E-02
 2885.3 0.447146523229E-02
 2886.2 0.445100612748E-02
 2887.1 0.441665303213E-02
 2888.0 0.437759249877E-02
 2888.9 0.434385949758E-02
 2889.8 0.432723586409E-02
 2890.7 0.433063218737E-02
 2891.6 0.434396514256E-02
 2892.5 0.435292146350E-02
 2893.4 0.434895838049E-02
 2894.3 0.433696181105E-02
 2895.2 0.432855693830E-02
 2896.1 0.432825666454E-02
 2897.0 0.433685653839E-02
 2897.9 0.436022502222E-02
 2898.8 0.440448743072E-02
 2899.7 0.446231446873E-02
 2900.6 0.451133052909E-02
 2901.5 0.453942892958E-02
 2902.4 0.455868610165E-02
 2903.3 0.457935510023E-02
 2904.2 0.459264807787E-02
 2905.1 0.458752922945E-02
 2906.0 0.456478991500E-02
 2906.9 0.453286586306E-02
 2907.8 0.449901409271E-02
 2908.7 0.446763241373E-02
 2909.6 0.444479578489E-02
 2910.5 0.444146992263E-02
 2911.4 0.446669878202E-02
 2912.3 0.450997552748E-02
 2913.2 0.454422977264E-02
 2914.1 0.455828828081E-02
 2915.0 0.456508139277E-02
 2915.9 0.457276271374E-02
 2916.8 0.457540528102E-02
 2917.7 0.456934707651E-02
 2918.6 0.455743911855E-02
 2919.5 0.454349812297E-02
 2920.4 0.453150029696E-02
 2921.3 0.452066717197E-02
 2922.2 0.449805318877E-02
 2923.1 0.445318934851E-02
 2924.0 0.440051569133E-02
 2924.9 0.436447511519E-02
 2925.8 0.434699478002E-02
 2926.7 0.433085269218E-02
 2927.6 0.430875804482E-02
 2928.5 0.430175513217E-02
 2929.4 0.434006628425E-02
 2930.3 0.441684435659E-02
 2931.2 0.448779673646E-02
 2932.1 0.451941036900E-02
 2933.0 0.451339302630E-02
 2933.9 0.449217053178E-02
 2934.8 0.446512285674E-02
 2935.7 0.442078812565E-02
 2936.6 0.437137182438E-02
 2937.5 0.436147349460E-02
 2938.4 0.440518878309E-02
 2939.3 0.446287164129E-02
 2940.2 0.448987435905E-02
 2941.1 0.448084064268E-02
 2942.0 0.446193693917E-02
 2942.9 0.444574193577E-02
 2943.8 0.442581831605E-02
 2944.7 0.441107190547E-02
 2945.6 0.440785559751E-02
 2946.5 0.438847458346E-02
 2947.4 0.433740733502E-02
 2948.3 0.429546143709E-02
 2949.2 0.430870964360E-02
 2950.1 0.436771464642E-02
 2951.0 0.442709452605E-02
 2951.9 0.445299625555E-02
 2952.8 0.443882158444E-02
 2953.7 0.440529191493E-02
 2954.6 0.438402311347E-02
 2955.5 0.438095079916E-02
 2956.4 0.438047521059E-02
 2957.3 0.438228187940E-02
 2958.2 0.439063039265E-02
 2959.1 0.439353944590E-02
 2960.0 0.439173626756E-02
 2960.9 0.440728804661E-02
 2961.8 0.444087202788E-02
 2962.7 0.445709290732E-02
 2963.6 0.442229312451E-02
 2964.5 0.434326904917E-02
 2965.4 0.426435289925E-02
 2966.3 0.422530376811E-02
 2967.2 0.422496696073E-02
 2968.1 0.423011708379E-02
 2969.0 0.422264900744E-02
 2969.9 0.422325034613E-02
 2970.8 0.424872260783E-02
 2971.7 0.427982881869E-02
 2972.6 0.430354304551E-02
 2973.5 0.433774204811E-02
 2974.4 0.438475443737E-02
 2975.3 0.442130308676E-02
 2976.2 0.444790267815E-02
 2977.1 0.447674608519E-02
 2978.0 0.448245654551E-02
 2978.9 0.443030608696E-02
 2979.8 0.432355625402E-02
 2980.7 0.419239293619E-02
 2981.6 0.407005627985E-02
 2982.5 0.397817046317E-02
 2983.4 0.392203448951E-02
 2984.3 0.390636417400E-02
 2985.2 0.393417272561E-02
 2986.1 0.399513700072E-02
 2987.0 0.407421520167E-02
 2987.9 0.415773216728E-02
 2988.8 0.423495743901E-02
 2989.7 0.429928178302E-02
 2990.6 0.433809090925E-02
 2991.5 0.433710831784E-02
 2992.4 0.430075783423E-02
 2993.3 0.424954082124E-02
 2994.2 0.421277943915E-02
 2995.1 0.422466603542E-02
 2996.0 0.428831764895E-02
 2996.9 0.435606372689E-02
 2997.8 0.436935558758E-02
 2998.7 0.430709192572E-02
 2999.6 0.420105196191E-02
 3000.5 0.410969418398E-02
 3001.4 0.407115331224E-02
 3002.3 0.408620413861E-02
 3003.2 0.414461650566E-02
 3004.1 0.423832593158E-02
 3005.0 0.433460346136E-02
 3005.9 0.437817349963E-02
 3006.8 0.434964749294E-02
 3007.7 0.430078971389E-02
 3008.6 0.430660847195E-02
 3009.5 0.438491667455E-02
 3010.4 0.447945846193E-02
 3011.3 0.452379584578E-02
 3012.2 0.450449655533E-02
 3013.1 0.444941181905E-02
 3014.0 0.438250201189E-02
 3014.9 0.431495721789E-02
 3015.8 0.425144508367E-02
 3016.7 0.418831759956E-02
 3017.6 0.412280281811E-02
 3018.5 0.405763126649E-02
 3019.4 0.399461398825E-02
 3020.3 0.395092685625E-02
 3021.2 0.396358279930E-02
 3022.1 0.403705320637E-02
 3023.0 0.411600942692E-02
 3023.9 0.414946463300E-02
 3024.8 0.414994180392E-02
 3025.7 0.416787915836E-02
 3026.6 0.423208491937E-02
 3027.5 0.431640827732E-02
 3028.4 0.436590081051E-02
 3029.3 0.436028724572E-02
 3030.2 0.433100538874E-02
 3031.1 0.431996111340E-02
 3032.0 0.433891545204E-02
 3032.9 0.436641763321E-02
 3033.8 0.438355655359E-02
 3034.7 0.439065994532E-02
 3035.6 0.437408475959E-02
 3036.5 0.431511759349E-02
 3037.4 0.425225333759E-02
 3038.3 0.425364436088E-02
 3039.2 0.431359476995E-02
 3040.1 0.435686942113E-02
 3041.0 0.434334197678E-02
 3041.9 0.430567791185E-02
 3042.8 0.429353869842E-02
 3043.7 0.431998019466E-02
 3044.6 0.435971918288E-02
 3045.5 0.437077262652E-02
 3046.4 0.432616517314E-02
 3047.3 0.426103210981E-02
 3048.2 0.425472017119E-02
 3049.1 0.433259746327E-02
 3050.0 0.444226844976E-02
 3050.9 0.453016111883E-02
 3051.8 0.456748944680E-02
 3052.7 0.453120607336E-02
 3053.6 0.444050622631E-02
 3054.5 0.436236207593E-02
 3055.4 0.432303887285E-02
 3056.3 0.427525304132E-02
 3057.2 0.418393812640E-02
 3058.1 0.408719436252E-02
 3059.0 0.405264286868E-02
 3059.9 0.410072781048E-02
 3060.8 0.387484096797E-02
 3061.7 0.387324447217E-02
 3062.6 0.387718954434E-02
 3063.5 0.387993463845E-02
 3064.4 0.388300597542E-02
 3065.3 0.388647345781E-02
 3066.2 0.389191817679E-02
 3067.1 0.389637569693E-02
 3068.0 0.389922527252E-02
 3068.9 0.389528015381E-02
 3069.8 0.388954833180E-02
 3070.7 0.388219888499E-02
 3071.6 0.387681061860E-02
 3072.5 0.387127300650E-02
 3073.4 0.386452717882E-02
 3074.3 0.385967216362E-02
 3075.2 0.385816367428E-02
 3076.1 0.386478165757E-02
 3077.0 0.387257755914E-02
 3077.9 0.387888665884E-02
 3078.8 0.387782401925E-02
 3079.7 0.387380909108E-02
 3080.6 0.386851581209E-02
 3081.5 0.386378086916E-02
 3082.4 0.386011047394E-02
 3083.3 0.385733936418E-02
 3084.2 0.385690654553E-02
 3085.1 0.385816418621E-02
 3086.0 0.386078199440E-02
 3086.9 0.386568820321E-02
 3087.8 0.386762923196E-02
 3088.7 0.386689339372E-02
 3089.6 0.385562433192E-02
 3090.5 0.384612805808E-02
 3091.4 0.383857844429E-02
 3092.3 0.384041596888E-02
 3093.2 0.383772672234E-02
 3094.1 0.382826749405E-02
 3095.0 0.380745189561E-02
 3095.9 0.379127322761E-02
 3096.8 0.378495537846E-02
 3097.7 0.379468737558E-02
 3098.6 0.380895135626E-02
 3099.5 0.382671902716E-02
 3100.4 0.384336914171E-02
 3101.3 0.385646688556E-02
 3102.2 0.386082062230E-02
 3103.1 0.385728686747E-02
 3104.0 0.385204878449E-02
 3104.9 0.385023983524E-02
 3105.8 0.385190553548E-02
 3106.7 0.385458691682E-02
 3107.6 0.385480081300E-02
 3108.5 0.385326165404E-02
 3109.4 0.385077750770E-02
 3110.3 0.384846369643E-02
 3111.2 0.384624273175E-02
 3112.1 0.384417734909E-02
 3113.0 0.384338254512E-02
 3113.9 0.384084483165E-02
 3114.8 0.383658463959E-02
 3115.7 0.381755397594E-02
 3116.6 0.379602781027E-02
 3117.5 0.377191515760E-02
 3118.4 0.376325110560E-02
 3119.3 0.376029430267E-02
 3120.2 0.376390242785E-02
 3121.1 0.377166412279E-02
 3122.0 0.378119911761E-02
 3122.9 0.379291007328E-02
 3123.8 0.379826171298E-02
 3124.7 0.379952079639E-02
 3125.6 0.379472907509E-02
 3126.5 0.379123683362E-02
 3127.4 0.378901917325E-02
 3128.3 0.378922767083E-02
 3129.2 0.378566897075E-02
 3130.1 0.377946905304E-02
 3131.0 0.376853749672E-02
 3131.9 0.375750788137E-02
 3132.8 0.374679259475E-02
 3133.7 0.373765020833E-02
 3134.6 0.373177360150E-02
 3135.5 0.372865316520E-02
 3136.4 0.373246131775E-02
 3137.3 0.373920970511E-02
 3138.2 0.374749888032E-02
 3139.1 0.375179844492E-02
 3140.0 0.375164142018E-02
 3140.9 0.374807601839E-02
 3141.8 0.374894053874E-02
 3142.7 0.375287467409E-02
 3143.6 0.375981191931E-02
 3144.5 0.375711345793E-02
 3145.4 0.374960814987E-02
 3146.3 0.373656718437E-02
 3147.2 0.372571460582E-02
 3148.1 0.371825560470E-02
 3149.0 0.371557152406E-02
 3149.9 0.371656104988E-02
 3150.8 0.371746289502E-02
 3151.7 0.371726305380E-02
 3152.6 0.371629028226E-02
 3153.5 0.371587133242E-02
 3154.4 0.371711552315E-02
 3155.3 0.371897966841E-02
 3156.2 0.371991399822E-02
 3157.1 0.371752097649E-02
 3158.0 0.371228159040E-02
 3158.9 0.370648424058E-02
 3159.8 0.370280490975E-02
 3160.7 0.369942171065E-02
 3161.6 0.369494957706E-02
 3162.5 0.368337195746E-02
 3163.4 0.367044036012E-02
 3164.3 0.365762823003E-02
 3165.2 0.365362768261E-02
 3166.1 0.365279755506E-02
 3167.0 0.365453636908E-02
 3167.9 0.366020601413E-02
 3168.8 0.366889626795E-02
 3169.7 0.368037554930E-02
 3170.6 0.368520929589E-02
 3171.5 0.368583260128E-02
 3172.4 0.368172757237E-02
 3173.3 0.367945443675E-02
 3174.2 0.367753830671E-02
 3175.1 0.367596684924E-02
 3176.0 0.366870917860E-02
 3176.9 0.365989108039E-02
 3177.8 0.364956533055E-02
 3178.7 0.364303093245E-02
 3179.6 0.363828314458E-02
 3180.5 0.363585912745E-02
 3181.4 0.363413492688E-02
 3182.3 0.363178490778E-02
 3183.2 0.362717785578E-02
 3184.1 0.361506731076E-02
 3185.0 0.359900233911E-02
 3185.9 0.357813936331E-02
 3186.8 0.356242990796E-02
 3187.7 0.355108573119E-02
 3188.6 0.355020911054E-02
 3189.5 0.355675505047E-02
 3190.4 0.356828622351E-02
 3191.3 0.358580420925E-02
 3192.2 0.359998036964E-02
 3193.1 0.361114024943E-02
 3194.0 0.361210389921E-02
 3194.9 0.361076583803E-02
 3195.8 0.360738380242E-02
 3196.7 0.359972970714E-02
 3197.6 0.358632894369E-02
 3198.5 0.356678387741E-02
 3199.4 0.353801665576E-02
 3200.3 0.350437924698E-02
 3201.2 0.346487868133E-02
 3202.1 0.342767549845E-02
 3203.0 0.340436546841E-02
 3203.9 0.340324018646E-02
 3204.8 0.342732133180E-02
 3205.7 0.345711721910E-02
 3206.6 0.348987251554E-02
 3207.5 0.352047884413E-02
 3208.4 0.354764631221E-02
 3209.3 0.356726826198E-02
 3210.2 0.357746216501E-02
 3211.1 0.358215992278E-02
 3212.0 0.357869029956E-02
 3212.9 0.357219411051E-02
 3213.8 0.356551902308E-02
 3214.7 0.356399722341E-02
 3215.6 0.356486258147E-02
 3216.5 0.356631978412E-02
 3217.4 0.356298954713E-02
 3218.3 0.355926879602E-02
 3219.2 0.355624683761E-02
 3220.1 0.356515638621E-02
 3221.0 0.357713461903E-02
 3221.9 0.359131073287E-02
 3222.8 0.359188573012E-02
 3223.7 0.358752101002E-02
 3224.6 0.357817138258E-02
 3225.5 0.357122273515E-02
 3226.4 0.356452312133E-02
 3227.3 0.355804745626E-02
 3228.2 0.354945353949E-02
 3229.1 0.354132962654E-02
 3230.0 0.353420245306E-02
 3230.9 0.353161103284E-02
 3231.8 0.353085211094E-02
 3232.7 0.353229209393E-02
 3233.6 0.353229376936E-02
 3234.5 0.353138498981E-02
 3235.4 0.352905009610E-02
 3236.3 0.352881134774E-02
 3237.2 0.353026771269E-02
 3238.1 0.353504519285E-02
 3239.0 0.354160346578E-02
 3239.9 0.354839229609E-02
 3240.8 0.355317657104E-02
 3241.7 0.355276506755E-02
 3242.6 0.354918570387E-02
 3243.5 0.354218995832E-02
 3244.4 0.353563354697E-02
 3245.3 0.352947649227E-02
 3246.2 0.352459238980E-02
 3247.1 0.352201023097E-02
 3248.0 0.352124833053E-02
 3248.9 0.352139883973E-02
 3249.8 0.352006878337E-02
 3250.7 0.351732848285E-02
 3251.6 0.351579723562E-02
 3252.5 0.351599735607E-02
 3253.4 0.351820231112E-02
 3254.3 0.351862451873E-02
 3255.2 0.351535306130E-02
 3256.1 0.350694265033E-02
 3257.0 0.349382024047E-02
 3257.9 0.348069582941E-02
 3258.8 0.346866966076E-02
 3259.7 0.345942088472E-02
 3260.6 0.345294926860E-02
 3261.5 0.345147656824E-02
 3262.4 0.345430496830E-02
 3263.3 0.345572102991E-02
 3264.2 0.344957803018E-02
 3265.1 0.343826470919E-02
 3266.0 0.342820232717E-02
 3266.9 0.343033002642E-02
 3267.8 0.344095856315E-02
 3268.7 0.345548470162E-02
 3269.6 0.346944398728E-02
 3270.5 0.348191111902E-02
 3271.4 0.349265442250E-02
 3272.3 0.349608025191E-02
 3273.2 0.349512944707E-02
 3274.1 0.349105485509E-02
 3275.0 0.348834801657E-02
 3275.9 0.348669790711E-02
 3276.8 0.348599497239E-02
 3277.7 0.348301876244E-02
 3278.6 0.347903645856E-02
 3279.5 0.347394464967E-02
 3280.4 0.346994172873E-02
 3281.3 0.346531056919E-02
 3282.2 0.345975015267E-02
 3283.1 0.344586384116E-02
 3284.0 0.343107680147E-02
 3284.9 0.341635128719E-02
 3285.8 0.341608498737E-02
 3286.7 0.342126722278E-02
 3287.6 0.343245009316E-02
 3288.5 0.344082420321E-02
 3289.4 0.344762285338E-02
 3290.3 0.345211332359E-02
 3291.2 0.345054870745E-02
 3292.1 0.344532924032E-02
 3293.0 0.343448033840E-02
 3293.9 0.342469365721E-02
 3294.8 0.341542361255E-02
 3295.7 0.340639976259E-02
 3296.6 0.339691791604E-02
 3297.5 0.338745184642E-02
 3298.4 0.338001155424E-02
 3299.3 0.337244444154E-02
 3300.2 0.336490162253E-02
 3301.1 0.335892830633E-02
 3302.0 0.335600198687E-02
 3302.9 0.335570017731E-02
 3303.8 0.335794678533E-02
 3304.7 0.336150078491E-02
 3305.6 0.336641578971E-02
 3306.5 0.337219019549E-02
 3307.4 0.337475913706E-02
 3308.3 0.337318912231E-02
 3309.2 0.336693144891E-02
 3310.1 0.336153797008E-02
 3311.0 0.335821201474E-02
 3311.9 0.335769342353E-02
 3312.8 0.335790126956E-02
 3313.7 0.335865698023E-02
 3314.6 0.336021321924E-02
 3315.5 0.336224672225E-02
 3316.4 0.336500866370E-02
 3317.3 0.336674994432E-02
 3318.2 0.336756341068E-02
 3319.1 0.336640052470E-02
 3320.0 0.336467139093E-02
 3320.9 0.336217477197E-02
 3321.8 0.335729727812E-02
 3322.7 0.335053604582E-02
 3323.6 0.334306885372E-02
 3324.5 0.333740474689E-02
 3325.4 0.333248685663E-02
 3326.3 0.332783396308E-02
 3327.2 0.332070627766E-02
 3328.1 0.331380663647E-02
 3329.0 0.330731319325E-02
 3329.9 0.330806276069E-02
 3330.8 0.331026273599E-02
 3331.7 0.331388770852E-02
 3332.6 0.330928233194E-02
 3333.5 0.330202196201E-02
 3334.4 0.329177397991E-02
 3335.3 0.328572522295E-02
 3336.2 0.328097077991E-02
 3337.1 0.327765483059E-02
 3338.0 0.326745771631E-02
 3338.9 0.325472544825E-02
 3339.8 0.323909818191E-02
 3340.7 0.323022814546E-02
 3341.6 0.322590270481E-02
 3342.5 0.322885127022E-02
 3343.4 0.323809976702E-02
 3344.3 0.325018420330E-02
 3345.2 0.326528985336E-02
 3346.1 0.328147894623E-02
 3347.0 0.329719826798E-02
 3347.9 0.330933073317E-02
 3348.8 0.331089669896E-02
 3349.7 0.330577086960E-02
 3350.6 0.329169202360E-02
 3351.5 0.327339682588E-02
 3352.4 0.325204011104E-02
 3353.3 0.322605893838E-02
 3354.2 0.320864664416E-02
 3355.1 0.319843635917E-02
 3356.0 0.320408436329E-02
 3356.9 0.321014140431E-02
 3357.8 0.321657769684E-02
 3358.7 0.322510562040E-02
 3359.6 0.323407087696E-02
 3360.5 0.324351781878E-02
 3361.4 0.324268811009E-02
 3362.3 0.323688298814E-02
 3363.2 0.322499439067E-02
 3364.1 0.321449774727E-02
 3365.0 0.320578985492E-02
 3365.9 0.319989221218E-02
 3366.8 0.319613851100E-02
 3367.7 0.319619756981E-02
 3368.6 0.320368002690E-02
 3369.5 0.321570763828E-02
 3370.4 0.322560717810E-02
 3371.3 0.322615080763E-02
 3372.2 0.322223286807E-02
 3373.1 0.321893362648E-02
 3374.0 0.322381959054E-02
 3374.9 0.323003388900E-02
 3375.8 0.323518694405E-02
 3376.7 0.323165863436E-02
 3377.6 0.322648584650E-02
 3378.5 0.322112499195E-02
 3379.4 0.322187595557E-02
 3380.3 0.322396288609E-02
 3381.2 0.322676098884E-02
 3382.1 0.322574442350E-02
 3383.0 0.322312214750E-02
 3383.9 0.321909833026E-02
 3384.8 0.321555252166E-02
 3385.7 0.321304119617E-02
 3386.6 0.321164081841E-02
 3387.5 0.321117253656E-02
 3388.4 0.321107540833E-02
 3389.3 0.321141249494E-02
 3390.2 0.321337297726E-02
 3391.1 0.321426593333E-02
 3392.0 0.321314116332E-02
 3392.9 0.320452360441E-02
 3393.8 0.319471141950E-02
 3394.7 0.318506710306E-02
 3395.6 0.318447488615E-02
 3396.5 0.318778962544E-02
 3397.4 0.319550133680E-02
 3398.3 0.320321486320E-02
 3399.2 0.321042874004E-02
 3400.1 0.321593689255E-02
 3401.0 0.321595783538E-02
 3401.9 0.321265705799E-02
 3402.8 0.320474448154E-02
 3403.7 0.319759068738E-02
 3404.6 0.319135321218E-02
 3405.5 0.318869067940E-02
 3406.4 0.318948678647E-02
 3407.3 0.319255481914E-02
 3408.2 0.319506246800E-02
 3409.1 0.319308229941E-02
 3410.0 0.318735564330E-02
 3410.9 0.317981817635E-02
 3411.8 0.317462277022E-02
 3412.7 0.317180107187E-02
 3413.6 0.317025651431E-02
 3414.5 0.316869808794E-02
 3415.4 0.316707529725E-02
 3416.3 0.316567775841E-02
 3417.2 0.316334672748E-02
 3418.1 0.315955281606E-02
 3419.0 0.315525208797E-02
 3419.9 0.315237956833E-02
 3420.8 0.315238543233E-02
 3421.7 0.315422197958E-02
 3422.6 0.315530025649E-02
 3423.5 0.315355399614E-02
 3424.4 0.315283979883E-02
 3425.3 0.315610813810E-02
 3426.2 0.317092389274E-02
 3427.1 0.318773791990E-02
 3428.0 0.320070158305E-02
 3428.9 0.319386421190E-02
 3429.8 0.317691843102E-02
 3430.7 0.315620680213E-02
 3431.6 0.314380003231E-02
 3432.5 0.313756986384E-02
 3433.4 0.313524702388E-02
 3434.3 0.313306454748E-02
 3435.2 0.312953176998E-02
 3436.1 0.312496888410E-02
 3437.0 0.312096689395E-02
 3437.9 0.311776263976E-02
 3438.8 0.311532140297E-02
 3439.7 0.311205627493E-02
 3440.6 0.310786179683E-02
 3441.5 0.310259053109E-02
 3442.4 0.309535892266E-02
 3443.3 0.308731491827E-02
 3444.2 0.307829553611E-02
 3445.1 0.306841047012E-02
 3446.0 0.305873739219E-02
 3446.9 0.304965034140E-02
 3447.8 0.304529069412E-02
 3448.7 0.304405990681E-02
 3449.6 0.304774873173E-02
 3450.5 0.305605144997E-02
 3451.4 0.306556624659E-02
 3452.3 0.307484587841E-02
 3453.2 0.307544242351E-02
 3454.1 0.307165037367E-02
 3455.0 0.306327910254E-02
 3455.9 0.306154201049E-02
 3456.8 0.306371787826E-02
 3457.7 0.307017436900E-02
 3458.6 0.307334204303E-02
 3459.5 0.307415853447E-02
 3460.4 0.307145281290E-02
 3461.3 0.306780559443E-02
 3462.2 0.306350807757E-02
 3463.1 0.305997092534E-02
 3464.0 0.305874204615E-02
 3464.9 0.305959697933E-02
 3465.8 0.306021130258E-02
 3466.7 0.305801449197E-02
 3467.6 0.305270376061E-02
 3468.5 0.304698115345E-02
 3469.4 0.304331857689E-02
 3470.3 0.304249259137E-02
 3471.2 0.304110715284E-02
 3472.1 0.303788279353E-02
 3473.0 0.303166467882E-02
 3473.9 0.302644623557E-02
 3474.8 0.302335735315E-02
 3475.7 0.302438843887E-02
 3476.6 0.302462020627E-02
 3477.5 0.302204083983E-02
 3478.4 0.301241690775E-02
 3479.3 0.300175449016E-02
 3480.2 0.299282627916E-02
 3481.1 0.299135934972E-02
 3482.0 0.299304324696E-02
 3482.9 0.299593568556E-02
 3483.8 0.299791078133E-02
 3484.7 0.299908376640E-02
 3485.6 0.299953524745E-02
 3486.5 0.299790878012E-02
 3487.4 0.299615465457E-02
 3488.3 0.299456988676E-02
 3489.2 0.299665770153E-02
 3490.1 0.299880448203E-02
 3491.0 0.300089518226E-02
 3491.9 0.299573877635E-02
 3492.8 0.298983289608E-02
 3493.7 0.298314356752E-02
 3494.6 0.298255930889E-02
 3495.5 0.298257443427E-02
 3496.4 0.298306105274E-02
 3497.3 0.298145785524E-02
 3498.2 0.297931656642E-02
 3499.1 0.297664100254E-02
 3500.0 0.297225873700E-02
 3500.9 0.296815840859E-02
 3501.8 0.296516181427E-02
 3502.7 0.296566481470E-02
 3503.6 0.296718949983E-02
 3504.5 0.296921988469E-02
 3505.4 0.296925437056E-02
 3506.3 0.296788424357E-02
 3507.2 0.296398305828E-02
 3508.1 0.295849370779E-02
 3509.0 0.295211977837E-02
 3509.9 0.294471955682E-02
 3510.8 0.293763445516E-02
 3511.7 0.293101554108E-02
 3512.6 0.292639517874E-02
 3513.5 0.292366679237E-02
 3514.4 0.292255738044E-02
 3515.3 0.292589417952E-02
 3516.2 0.293176082687E-02
 3517.1 0.293967098325E-02
 3518.0 0.294793912255E-02
 3518.9 0.295552257066E-02
 3519.8 0.296243040283E-02
 3520.7 0.296582142059E-02
 3521.6 0.296507762407E-02
 3522.5 0.295942231322E-02
 3523.4 0.295046617844E-02
 3524.3 0.294269810757E-02
 3525.2 0.293709403687E-02
 3526.1 0.293092990814E-02
 3527.0 0.292367102748E-02
 3527.9 0.291452710525E-02
 3528.8 0.290519544211E-02
 3529.7 0.289655089021E-02
 3530.6 0.288961206265E-02
 3531.5 0.288638742410E-02
 3532.4 0.288599602573E-02
 3533.3 0.289090153644E-02
 3534.2 0.289870902638E-02
 3535.1 0.290687570926E-02
 3536.0 0.291195127581E-02
 3536.9 0.291440228593E-02
 3537.8 0.291532321232E-02
 3538.7 0.291481346365E-02
 3539.6 0.291471177454E-02
 3540.5 0.291534597021E-02
 3541.4 0.292063906304E-02
 3542.3 0.292601778880E-02
 3543.2 0.293124665693E-02
 3544.1 0.293173634702E-02
 3545.0 0.293168440878E-02
 3545.9 0.293112798085E-02
 3546.8 0.293234676093E-02
 3547.7 0.293237938522E-02
 3548.6 0.293104062595E-02
 3549.5 0.291916301183E-02
 3550.4 0.290352183013E-02
 3551.3 0.288351499754E-02
 3552.2 0.286953341940E-02
 3553.1 0.285848583975E-02
 3554.0 0.285125627905E-02
 3554.9 0.284380202498E-02
 3555.8 0.283821266080E-02
 3556.7 0.283680488324E-02
 3557.6 0.284286592667E-02
 3558.5 0.285132627467E-02
 3559.4 0.286087704643E-02
 3560.3 0.286663283636E-02
 3561.2 0.287056017692E-02
 3562.1 0.287272506134E-02
 3563.0 0.287671713854E-02
 3563.9 0.288175216907E-02
 3564.8 0.288786380109E-02
 3565.7 0.289322014129E-02
 3566.6 0.289771103035E-02
 3567.5 0.289868273148E-02
 3568.4 0.289475036464E-02
 3569.3 0.288723961144E-02
 3570.2 0.287849667474E-02
 3571.1 0.287443092529E-02
 3572.0 0.287449193876E-02
 3572.9 0.287695867927E-02
 3573.8 0.287762065911E-02
 3574.7 0.287633635121E-02
 3575.6 0.287408220377E-02
 3576.5 0.287087469181E-02
 3577.4 0.286646338553E-02
 3578.3 0.286144776203E-02
 3579.2 0.285802658658E-02
 3580.1 0.285732397764E-02
 3581.0 0.285471329002E-02
 3581.9 0.284826703800E-02
 3582.8 0.283462766582E-02
 3583.7 0.281682913913E-02
 3584.6 0.279823939203E-02
 3585.5 0.278026164119E-02
 3586.4 0.276454957962E-02
 3587.3 0.275165516746E-02
 3588.2 0.274585744531E-02
 3589.1 0.274841582238E-02
 3590.0 0.275632723534E-02
 3590.9 0.277262523097E-02
 3591.8 0.279067511825E-02
 3592.7 0.280893513200E-02
 3593.6 0.282195357231E-02
 3594.5 0.283103215289E-02
 3595.4 0.283682531414E-02
 3596.3 0.283446989645E-02
 3597.2 0.282974998582E-02
 3598.1 0.282324849124E-02
 3599.0 0.282505590469E-02
 3599.9 0.282856271307E-02
 3600.8 0.283379930678E-02
 3601.7 0.283245580046E-02
 3602.6 0.283082579612E-02
 3603.5 0.282909214801E-02
 3604.4 0.283153203516E-02
 3605.3 0.283363627842E-02
 3606.2 0.283465489151E-02
 3607.1 0.283151411739E-02
 3608.0 0.282715479589E-02
 3608.9 0.282167182133E-02
 3609.8 0.281548758748E-02
 3610.7 0.280809704617E-02
 3611.6 0.279815264214E-02
 3612.5 0.278504745195E-02
 3613.4 0.277185644266E-02
 3614.3 0.276145860292E-02
 3615.2 0.275992726262E-02
 3616.1 0.276336714700E-02
 3617.0 0.277293746541E-02
 3617.9 0.278121817040E-02
 3618.8 0.278838080710E-02
 3619.7 0.279264467580E-02
 3620.6 0.279567836220E-02
 3621.5 0.279781183236E-02
 3622.4 0.279867053525E-02
 3623.3 0.279944984152E-02
 3624.2 0.280006481632E-02
 3625.1 0.279791021716E-02
 3626.0 0.279259687959E-02
 3626.9 0.278424887827E-02
 3627.8 0.277241836227E-02
 3628.7 0.275869884883E-02
 3629.6 0.274281682450E-02
 3630.5 0.272301327706E-02
 3631.4 0.270249045949E-02
 3632.3 0.268132976961E-02
 3633.2 0.266179973563E-02
 3634.1 0.264591845594E-02
 3635.0 0.263622527288E-02
 3635.9 0.263897748755E-02
 3636.8 0.264840907129E-02
 3637.7 0.266727349534E-02
 3638.6 0.268949040234E-02
 3639.5 0.271109238107E-02
 3640.4 0.272812379488E-02
 3641.3 0.273991838229E-02
 3642.2 0.274890206854E-02
 3643.1 0.275450548768E-02
 3644.0 0.275839731851E-02
 3644.9 0.276091190177E-02
 3645.8 0.276028887562E-02
 3646.7 0.275710035183E-02
 3647.6 0.275205726994E-02
 3648.5 0.274411407042E-02
 3649.4 0.273641827561E-02
 3650.3 0.272915548561E-02
 3651.2 0.272665323535E-02
 3652.1 0.272503263202E-02
 3653.0 0.272421144008E-02
 3653.9 0.272388533683E-02
 3654.8 0.272500303281E-02
 3655.7 0.272772657906E-02
 3656.6 0.273051388461E-02
 3657.5 0.273229421199E-02
 3658.4 0.273269207937E-02
 3659.3 0.273151569690E-02
 3660.2 0.272971940643E-02
 3661.1 0.272718029677E-02
 3662.0 0.272416583123E-02
 3662.9 0.272109132956E-02
 3663.8 0.271807379241E-02
 3664.7 0.271419066450E-02
 3665.6 0.271014660252E-02
 3666.5 0.270627403911E-02
 3667.4 0.270499880644E-02
 3668.3 0.270499396632E-02
 3669.2 0.270633156210E-02
 3670.1 0.270899926078E-02
 3671.0 0.271199022380E-02
 3671.9 0.271364182253E-02
 3672.8 0.270919314492E-02
 3673.7 0.270114490543E-02
 3674.6 0.269168106971E-02
 3675.5 0.268611213644E-02
 3676.4 0.268337076551E-02
 3677.3 0.268238980298E-02
 3678.2 0.268144085973E-02
 3679.1 0.268051867677E-02
 3680.0 0.267955730744E-02
 3680.9 0.267851956656E-02
 3681.8 0.267740154479E-02
 3682.7 0.267717592062E-02
 3683.6 0.267679248053E-02
 3684.5 0.267616051876E-02
 3685.4 0.267356411881E-02
 3686.3 0.266978835785E-02
 3687.2 0.266443871936E-02
 3688.1 0.265859147904E-02
 3689.0 0.265285914509E-02
 3689.9 0.264751676678E-02
 3690.8 0.264243170614E-02
 3691.7 0.263775558931E-02
 3692.6 0.263396023516E-02
 3693.5 0.263165154326E-02
 3694.4 0.263048949500E-02
 3695.3 0.263154771332E-02
 3696.2 0.262946283055E-02
 3697.1 0.262395537614E-02
 3698.0 0.260887220472E-02
 3698.9 0.259152227362E-02
 3699.8 0.257294136905E-02
 3700.7 0.255409030187E-02
 3701.6 0.253234405025E-02
 3702.5 0.250826788466E-02
 3703.4 0.247910288871E-02
 3704.3 0.245438415031E-02
 3705.2 0.243410492121E-02
 3706.1 0.244359435372E-02
 3707.0 0.246211964342E-02
 3707.9 0.248959985788E-02
 3708.8 0.251026350440E-02
 3709.7 0.252673560482E-02
 3710.6 0.253830670888E-02
 3711.5 0.253997366569E-02
 3712.4 0.254036566907E-02
 3713.3 0.254004045007E-02
 3714.2 0.255223890847E-02
 3715.1 0.256691015753E-02
 3716.0 0.258284128118E-02
 3716.9 0.258934975670E-02
 3717.8 0.259215567811E-02
 3718.7 0.259099893537E-02
 3719.6 0.258625715111E-02
 3720.5 0.258012034115E-02
 3721.4 0.257295230586E-02
 3722.3 0.257198600333E-02
 3723.2 0.257473621679E-02
 3724.1 0.258290936868E-02
 3725.0 0.259239088945E-02
 3725.9 0.260230006298E-02
 3726.8 0.261092827946E-02
 3727.7 0.261513127431E-02
 3728.6 0.261574029203E-02
 3729.5 0.260790762415E-02
 3730.4 0.259437152343E-02
 3731.3 0.257636933928E-02
 3732.2 0.255553107603E-02
 3733.1 0.253688641215E-02
 3734.0 0.252029354137E-02
 3734.9 0.251444923305E-02
 3735.8 0.251842599871E-02
 3736.7 0.253356497116E-02
 3737.6 0.255923912182E-02
 3738.5 0.258468583326E-02
 3739.4 0.260886210562E-02
 3740.3 0.262801698356E-02
 3741.2 0.264352157142E-02
 3742.1 0.265373073946E-02
 3743.0 0.265325771056E-02
 3743.9 0.264520895913E-02
 3744.8 0.262502899908E-02
 3745.7 0.259735787903E-02
 3746.6 0.256570654937E-02
 3747.5 0.252853775929E-02
 3748.4 0.249212965961E-02
 3749.3 0.246042499553E-02
 3750.2 0.244537994008E-02
 3751.1 0.244430957490E-02
 3752.0 0.245248002749E-02
 3752.9 0.247546400083E-02
 3753.8 0.250259628494E-02
 3754.7 0.253101441275E-02
 3755.6 0.255020326463E-02
 3756.5 0.256540729949E-02
 3757.4 0.257762046441E-02
 3758.3 0.258764021612E-02
 3759.2 0.259608902229E-02
 3760.1 0.260314405934E-02
 3761.0 0.260896570286E-02
 3761.9 0.261350210769E-02
 3762.8 0.261664641882E-02
 3763.7 0.261767778377E-02
 3764.6 0.261326233546E-02
 3765.5 0.260172883544E-02
 3766.4 0.256562966589E-02
 3767.3 0.252374110479E-02
 3768.2 0.247664545612E-02
 3769.1 0.243632286081E-02
 3770.0 0.240255765419E-02
 3770.9 0.237988470527E-02
 3771.8 0.238555374531E-02
 3772.7 0.240522330513E-02
 3773.6 0.244320235034E-02
 3774.5 0.248794141782E-02
 3775.4 0.253440510473E-02
 3776.3 0.257904681129E-02
 3777.2 0.261382453431E-02
 3778.1 0.264260301855E-02
 3779.0 0.266304038935E-02
 3779.9 0.268001158086E-02
 3780.8 0.269445157446E-02
 3781.7 0.270424947170E-02
 3782.6 0.271041504316E-02
 3783.5 0.271375258687E-02
 3784.4 0.271221975730E-02
 3785.3 0.270943924654E-02
 3786.2 0.270555062695E-02
 3787.1 0.269828150756E-02
 3788.0 0.268838811097E-02
 3788.9 0.267581170417E-02
 3789.8 0.265644879403E-02
 3790.7 0.263218567870E-02
 3791.6 0.260204344340E-02
 3792.5 0.256370110976E-02
 3793.4 0.252081292375E-02
 3794.3 0.247201806629E-02
 3795.2 0.242083861078E-02
 3796.1 0.237115684742E-02
 3797.0 0.232507380822E-02
 3797.9 0.229713690028E-02
 3798.8 0.228728320201E-02
 3799.7 0.231165112460E-02
 3800.6 0.235630418683E-02
 3801.5 0.240654349508E-02
 3802.4 0.245467102065E-02
 3803.3 0.249793962168E-02
 3804.2 0.253757603653E-02
 3805.1 0.256995138336E-02
 3806.0 0.259675723844E-02
 3806.9 0.261957902113E-02
 3807.8 0.263518031835E-02
 3808.7 0.264794539686E-02
 3809.6 0.265863988026E-02
 3810.5 0.266649274635E-02
 3811.4 0.267011213412E-02
 3812.3 0.267003348213E-02
 3813.2 0.265952538999E-02
 3814.1 0.264358812310E-02
 3815.0 0.262241188899E-02
 3815.9 0.258844614306E-02
 3816.8 0.255127386250E-02
 3817.7 0.251056014806E-02
 3818.6 0.247313743770E-02
 3819.5 0.244456489137E-02
 3820.4 0.242855381262E-02
 3821.3 0.245171966286E-02
 3822.2 0.248627180825E-02
 3823.1 0.253188088776E-02
 3824.0 0.256173792815E-02
 3824.9 0.258295916609E-02
 3825.8 0.259182287315E-02
 3826.7 0.258871486294E-02
 3827.6 0.257771210096E-02
 3828.5 0.255345666468E-02
 3829.4 0.251665339692E-02
 3830.3 0.247295123261E-02
 3831.2 0.242054364255E-02
 3832.1 0.235937803695E-02
 3833.0 0.229486101883E-02
 3833.9 0.223501630128E-02
 3834.8 0.219466191940E-02
 3835.7 0.216952958323E-02
 3836.6 0.217639757746E-02
 3837.5 0.220841224208E-02
 3838.4 0.225986725880E-02
 3839.3 0.232714514796E-02
 3840.2 0.238817369432E-02
 3841.1 0.244351048929E-02
 3842.0 0.248873291747E-02
 3842.9 0.252784469097E-02
 3843.8 0.256015283456E-02
 3844.7 0.258261528469E-02
 3845.6 0.260164017743E-02
 3846.5 0.261670268524E-02
 3847.4 0.262850383473E-02
 3848.3 0.263965840901E-02
 3849.2 0.265035982682E-02
 3850.1 0.265815302909E-02
 3851.0 0.266456251480E-02
 3851.9 0.266916100351E-02
 3852.8 0.267191117043E-02
 3853.7 0.267224802434E-02
 3854.6 0.266730230338E-02
 3855.5 0.266067966613E-02
 3856.4 0.265470230098E-02
 3857.3 0.265316235084E-02
 3858.2 0.265279766622E-02
 3859.1 0.265256380454E-02
 3860.0 0.265034102481E-02
 3860.9 0.264800594493E-02
 3861.8 0.264576198967E-02
 3862.7 0.264471131076E-02
 3863.6 0.264126649318E-02
 3864.5 0.263557567259E-02
 3865.4 0.262138247870E-02
 3866.3 0.260513851559E-02
 3867.2 0.258717789134E-02
 3868.1 0.257290706933E-02
 3869.0 0.256202977823E-02
 3869.9 0.255473157156E-02
 3870.8 0.255283745477E-02
 3871.7 0.255193509770E-02
 3872.6 0.255203441329E-02
 3873.5 0.255613264741E-02
 3874.4 0.256085567620E-02
 3875.3 0.256594594928E-02
 3876.2 0.256265066356E-02
 3877.1 0.255592926919E-02
 3878.0 0.254511066457E-02
 3878.9 0.253475796828E-02
 3879.8 0.252266292096E-02
 3880.7 0.250585382701E-02
 3881.6 0.247922747532E-02
 3882.5 0.244650847980E-02
 3883.4 0.240402095354E-02
 3884.3 0.234950772402E-02
 3885.2 0.228857179155E-02
 3886.1 0.222123340085E-02
 3887.0 0.215309611071E-02
 3887.9 0.208744915667E-02
 3888.8 0.204147683528E-02
 3889.7 0.202827014213E-02
 3890.6 0.203955637705E-02
 3891.5 0.208584419066E-02
 3892.4 0.214592397993E-02
 3893.3 0.221722145122E-02
 3894.2 0.228981021136E-02
 3895.1 0.234967163664E-02
 3896.0 0.239686297081E-02
 3896.9 0.243106239227E-02
 3897.8 0.246237984655E-02
 3898.7 0.249057304828E-02
 3899.6 0.251202549516E-02
 3900.5 0.253010567974E-02
 3901.4 0.254393460787E-02
 3902.3 0.255382209393E-02
 3903.2 0.256236435170E-02
 3904.1 0.256945596890E-02
 3905.0 0.257521417889E-02
 3905.9 0.258038584980E-02
 3906.8 0.258485030435E-02
 3907.7 0.258778286012E-02
 3908.6 0.259012696868E-02
 3909.5 0.259205980646E-02
 3910.4 0.259351733489E-02
 3911.3 0.259400190562E-02
 3912.2 0.259122106907E-02
 3913.1 0.258697870168E-02
 3914.0 0.258212108026E-02
 3914.9 0.257790891710E-02
 3915.8 0.257277992304E-02
 3916.7 0.256686836494E-02
 3917.6 0.255883608854E-02
 3918.5 0.254861044546E-02
 3919.4 0.253644395980E-02
 3920.3 0.251812246718E-02
 3921.2 0.249990526989E-02
 3922.1 0.248178608509E-02
 3923.0 0.246456516187E-02
 3923.9 0.244815165485E-02
 3924.8 0.243265846921E-02
 3925.7 0.243088112037E-02
 3926.6 0.243355328686E-02
 3927.5 0.244127365459E-02
 3928.4 0.244959033473E-02
 3929.3 0.245763047633E-02
 3930.2 0.246505103570E-02
 3931.1 0.245991757384E-02
 3932.0 0.245118608589E-02
 3932.9 0.243991390594E-02
 3933.8 0.244061409482E-02
 3934.7 0.244691779593E-02
 3935.6 0.245986768334E-02
 3936.5 0.247879330702E-02
 3937.4 0.249988642134E-02
 3938.3 0.252100597017E-02
 3939.2 0.253368280952E-02
 3940.1 0.254150663488E-02
 3941.0 0.254430948467E-02
 3941.9 0.254475770794E-02
 3942.8 0.254355000429E-02
 3943.7 0.253994411302E-02
 3944.6 0.253797004112E-02
 3945.5 0.253716918700E-02
 3946.4 0.253631448652E-02
 3947.3 0.253428787138E-02
 3948.2 0.253121886138E-02
 3949.1 0.252742615999E-02
 3950.0 0.252225481486E-02
 3950.9 0.251558331098E-02
 3951.8 0.250743668669E-02
 3952.7 0.250055640599E-02
 3953.6 0.249546645869E-02
 3954.5 0.248941635208E-02
 3955.4 0.248104899028E-02
 3956.3 0.246901905192E-02
 3957.2 0.245466780941E-02
 3958.1 0.243978824892E-02
 3959.0 0.242465486123E-02
 3959.9 0.240444055493E-02
 3960.8 0.237960355930E-02
 3961.7 0.234590267046E-02
 3962.6 0.230380328480E-02
 3963.5 0.225716451577E-02
 3964.4 0.220453120845E-02
 3965.3 0.214742916495E-02
 3966.2 0.208543222177E-02
 3967.1 0.200920848308E-02
 3968.0 0.194098751466E-02
 3968.9 0.188305953217E-02
 3969.8 0.186809177906E-02
 3970.7 0.187649106706E-02
 3971.6 0.190356936519E-02
 3972.5 0.196799037203E-02
 3973.4 0.203934634366E-02
 3974.3 0.211612711529E-02
 3975.2 0.217329459353E-02
 3976.1 0.222364136181E-02
 3977.0 0.226698330931E-02
 3977.9 0.229986119116E-02
 3978.8 0.233139454283E-02
 3979.7 0.236167151039E-02
 3980.6 0.239652164909E-02
 3981.5 0.242694037639E-02
 3982.4 0.244981335268E-02
 3983.3 0.245118818018E-02
 3984.2 0.244773275156E-02
 3985.1 0.244138255735E-02
 3986.0 0.244298826800E-02
 3986.9 0.244708715368E-02
 3987.8 0.245286123368E-02
 3988.7 0.245691604632E-02
 3989.6 0.245980685603E-02
 3990.5 0.246067444800E-02
 3991.4 0.246062795490E-02
 3992.3 0.245969446280E-02
 3993.2 0.245650477553E-02
 3994.1 0.244940096494E-02
 3995.0 0.244050700711E-02
 3995.9 0.243299066916E-02
 3996.8 0.243042815006E-02
 3997.7 0.243111386511E-02
 3998.6 0.243267675929E-02
 3999.5 0.243217552737E-02
 4000.4 0.242993999578E-02
 4001.3 0.242465192923E-02
 4002.2 0.241665832727E-02
 4003.1 0.240604217009E-02
 4004.0 0.239430156866E-02
 4004.9 0.238420982013E-02
 4005.8 0.237610396456E-02
 4006.7 0.236643498212E-02
 4007.6 0.235537120668E-02
 4008.5 0.234243239570E-02
 4009.4 0.233387552448E-02
 4010.3 0.232983611646E-02
 4011.2 0.233293593570E-02
 4012.1 0.234467560632E-02
 4013.0 0.236001432690E-02
 4013.9 0.237952271995E-02
 4014.8 0.239520629926E-02
 4015.7 0.240703323171E-02
 4016.6 0.241066606944E-02
 4017.5 0.240846009052E-02
 4018.4 0.240269066448E-02
 4019.3 0.239148978326E-02
 4020.2 0.237150552240E-02
 4021.1 0.234420820872E-02
 4022.0 0.229937340920E-02
 4022.9 0.224914173345E-02
 4023.8 0.219577105209E-02
 4024.7 0.214337207187E-02
 4025.6 0.210512421370E-02
 4026.5 0.207985421327E-02
 4027.4 0.210335002956E-02
 4028.3 0.213943379449E-02
 4029.2 0.218703411901E-02
 4030.1 0.223565566285E-02
 4031.0 0.228036350223E-02
 4031.9 0.232067395069E-02
 4032.8 0.234308176329E-02
 4033.7 0.236019201525E-02
 4034.6 0.237141016267E-02
 4035.5 0.237740232743E-02
 4036.4 0.238159150001E-02
 4037.3 0.238375117199E-02
 4038.2 0.238609006811E-02
 4039.1 0.238825890840E-02
 4040.0 0.238999102070E-02
 4040.9 0.239282472628E-02
 4041.8 0.239581931939E-02
 4042.7 0.239846165397E-02
 4043.6 0.239810432262E-02
 4044.5 0.239650173013E-02
 4045.4 0.239418051906E-02
 4046.3 0.239257867121E-02
 4047.2 0.239213845275E-02
 4048.1 0.239595782136E-02
 4049.0 0.240673063097E-02
 4049.9 0.242064952023E-02
 4050.8 0.242843332149E-02
 4051.7 0.242381509997E-02
 4052.6 0.241043271969E-02
 4053.5 0.239605048178E-02
 4054.4 0.238699856842E-02
 4055.3 0.238256273575E-02
 4056.2 0.237938217024E-02
 4057.1 0.237513184457E-02
 4058.0 0.236974799945E-02
 4058.9 0.236754462675E-02
 4059.8 0.236967106942E-02
 4060.7 0.237726131232E-02
 4061.6 0.238327297719E-02
 4062.5 0.238503375791E-02
 4063.4 0.238021062236E-02
 4064.3 0.237185880480E-02
 4065.2 0.236146068582E-02
 4066.1 0.234812540365E-02
 4067.0 0.233486314217E-02
 4067.9 0.232340578100E-02
 4068.8 0.231651954322E-02
 4069.7 0.230867766049E-02
 4070.6 0.229950637295E-02
 4071.5 0.228691972742E-02
 4072.4 0.227885887569E-02
 4073.3 0.227456270847E-02
 4074.2 0.227883076574E-02
 4075.1 0.228351372390E-02
 4076.0 0.228842551746E-02
 4076.9 0.229339618367E-02
 4077.8 0.229844778231E-02
 4078.7 0.230307358979E-02
 4079.6 0.230192810964E-02
 4080.5 0.229896460501E-02
 4081.4 0.229451699781E-02
 4082.3 0.228994336127E-02
 4083.2 0.228370095287E-02
 4084.1 0.227578986569E-02
 4085.0 0.226348655349E-02
 4085.9 0.224977457947E-02
 4086.8 0.223447448680E-02
 4087.7 0.221559628701E-02
 4088.6 0.219796721115E-02
 4089.5 0.218267907916E-02
 4090.4 0.217893273125E-02
 4091.3 0.217505570003E-02
 4092.2 0.216774581192E-02
 4093.1 0.214504116950E-02
 4094.0 0.211495287364E-02
 4094.9 0.207526005274E-02
 4095.8 0.202240759027E-02
 4096.7 0.196378965762E-02
 4097.6 0.189950124221E-02
 4098.5 0.183673444031E-02
 4099.4 0.177737778397E-02
 4100.3 0.172976777920E-02
 4101.2 0.170120561120E-02
 4102.1 0.168707319808E-02
 4103.0 0.170281551041E-02
 4103.9 0.174603836298E-02
 4104.8 0.180763534449E-02
 4105.7 0.188211482403E-02
 4106.6 0.194969368504E-02
 4107.5 0.201142819119E-02
 4108.4 0.206011782252E-02
 4109.3 0.209899740976E-02
 4110.2 0.212861779608E-02
 4111.1 0.214635842746E-02
 4112.0 0.216031501382E-02
 4112.9 0.217004305507E-02
 4113.8 0.217434061847E-02
 4114.7 0.217644099894E-02
 4115.6 0.217592212850E-02
 4116.5 0.217290165935E-02
 4117.4 0.216947727267E-02
 4118.3 0.216590400568E-02
 4119.2 0.216393714743E-02
 4120.1 0.216492658017E-02
 4121.0 0.217179257320E-02
 4121.9 0.218424178717E-02
 4122.8 0.219878793769E-02
 4123.7 0.221494477859E-02
 4124.6 0.222900165788E-02
 4125.5 0.224081504729E-02
 4126.4 0.224698541233E-02
 4127.3 0.225121009466E-02
 4128.2 0.225450840545E-02
 4129.1 0.225769846505E-02
 4130.0 0.225875677645E-02
 4130.9 0.225817168011E-02
 4131.8 0.225421916159E-02
 4132.7 0.225049301189E-02
 4133.6 0.224703432549E-02
 4134.5 0.224537486156E-02
 4135.4 0.224273457473E-02
 4136.3 0.223920621849E-02
 4137.2 0.223139174761E-02
 4138.1 0.222138493392E-02
 4139.0 0.220898188727E-02
 4139.9 0.219068896999E-02
 4140.8 0.217093135717E-02
 4141.7 0.214960275228E-02
 4142.6 0.213086398525E-02
 4143.5 0.211681417999E-02
 4144.4 0.211008845743E-02
 4145.3 0.212043770979E-02
 4146.2 0.213671127211E-02
 4147.1 0.215904597093E-02
 4148.0 0.217826121079E-02
 4148.9 0.219495283869E-02
 4149.8 0.220702275460E-02
 4150.7 0.221390024292E-02
 4151.6 0.221840956168E-02
 4152.5 0.222076013926E-02
 4153.4 0.222312458565E-02
 4154.3 0.222531646305E-02
 4155.2 0.222664279624E-02
 4156.1 0.222750522231E-02
 4157.0 0.222810041776E-02
 4157.9 0.222860337164E-02
 4158.8 0.222860030003E-02
 4159.7 0.222816338589E-02
 4160.6 0.222652900682E-02
 4161.5 0.222423753459E-02
 4162.4 0.222136925006E-02
 4163.3 0.221714368348E-02
 4164.2 0.221260262469E-02
 4165.1 0.220773606766E-02
 4166.0 0.220483813738E-02
 4166.9 0.220296142641E-02
 4167.8 0.220229269833E-02
 4168.7 0.220063621294E-02
 4169.6 0.219913126061E-02
 4170.5 0.219800574597E-02
 4171.4 0.219963086364E-02
 4172.3 0.220159423142E-02
 4173.2 0.220337590844E-02
 4174.1 0.220241467872E-02
 4175.0 0.220009919204E-02
 4175.9 0.219599002110E-02
 4176.8 0.219210703281E-02
 4177.7 0.218873295548E-02
 4178.6 0.218677279893E-02
 4179.5 0.218607684516E-02
 4180.4 0.218615107589E-02
 4181.3 0.218735110050E-02
 4182.2 0.218728682925E-02
 4183.1 0.218606567565E-02
 4184.0 0.218158953965E-02
 4184.9 0.217721481353E-02
 4185.8 0.217307497297E-02
 4186.7 0.217080286123E-02
 4187.6 0.216852888789E-02
 4188.5 0.216623918417E-02
 4189.4 0.216352015226E-02
 4190.3 0.216088079622E-02
 4191.2 0.215831897522E-02
 4192.1 0.215646343979E-02
 4193.0 0.215352311190E-02
 4193.9 0.214927004039E-02
 4194.8 0.213965918596E-02
 4195.7 0.212815840330E-02
 4196.6 0.211446844254E-02
 4197.5 0.209817980137E-02
 4198.4 0.208333626256E-02
 4199.3 0.207179317537E-02
 4200.2 0.207011472327E-02
 4201.1 0.207313374969E-02
 4202.0 0.208225970762E-02
 4202.9 0.209827208948E-02
 4203.8 0.211583433442E-02
 4204.7 0.213211273686E-02
 4205.6 0.214128290745E-02
 4206.5 0.214704525946E-02
 4207.4 0.214993085674E-02
 4208.3 0.215132029768E-02
 4209.2 0.215164579592E-02
 4210.1 0.215001737393E-02
 4211.0 0.214756124445E-02
 4211.9 0.214464330212E-02
 4212.8 0.214207971262E-02
 4213.7 0.214077264684E-02
 4214.6 0.214045896967E-02
 4215.5 0.214124874735E-02
 4216.4 0.214203033406E-02
 4217.3 0.214280442788E-02
 4218.2 0.214243252962E-02
 4219.1 0.214160947610E-02
 4220.0 0.214028332907E-02
 4220.9 0.214031185787E-02
 4221.8 0.214114072885E-02
 4222.7 0.214296922475E-02
 4223.6 0.214283784334E-02
 4224.5 0.214117218964E-02
 4225.4 0.213727119051E-02
 4226.3 0.213411003203E-02
 4227.2 0.213198182085E-02
 4228.1 0.213178346891E-02
 4229.0 0.213134864906E-02
 4229.9 0.213029461930E-02
 4230.8 0.212770063941E-02
 4231.7 0.212441768669E-02
 4232.6 0.212079392419E-02
 4233.5 0.211680854869E-02
 4234.4 0.211387715641E-02
 4235.3 0.211208575261E-02
 4236.2 0.211369607068E-02
 4237.1 0.211516058006E-02
 4238.0 0.211611743505E-02
 4238.9 0.211371305765E-02
 4239.8 0.211156301938E-02
 4240.7 0.210974946270E-02
 4241.6 0.211035182525E-02
 4242.5 0.211041037212E-02
 4243.4 0.210997322529E-02
 4244.3 0.210715678592E-02
 4245.2 0.210470898703E-02
 4246.1 0.210265356385E-02
 4247.0 0.210261716985E-02
 4247.9 0.210290641371E-02
 4248.8 0.210350821779E-02
 4249.7 0.210401982805E-02
 4250.6 0.210322037012E-02
 4251.5 0.210031662239E-02
 4252.4 0.209283374643E-02
 4253.3 0.208527352160E-02
 4254.2 0.207910469237E-02
 4255.1 0.207770515233E-02
 4256.0 0.207798383169E-02
 4256.9 0.207961769882E-02
 4257.8 0.208205274584E-02
 4258.7 0.208459297245E-02
 4259.6 0.208660879040E-02
 4260.5 0.208623912604E-02
 4261.4 0.208469270690E-02
 4262.3 0.208235720816E-02
 4263.2 0.208046560451E-02
 4264.1 0.207882261561E-02
 4265.0 0.207726209496E-02
 4265.9 0.207601157484E-02
 4266.8 0.207494805100E-02
 4267.7 0.207365527289E-02
 4268.6 0.207220495810E-02
 4269.5 0.207061013773E-02
 4270.4 0.206839345470E-02
 4271.3 0.206464543136E-02
 4272.2 0.205935908678E-02
 4273.1 0.205586302905E-02
 4274.0 0.205542718533E-02
 4274.9 0.205870497214E-02
 4275.8 0.206200877462E-02
 4276.7 0.206390144868E-02
 4277.6 0.206364441025E-02
 4278.5 0.206281795933E-02
 4279.4 0.206158833552E-02
 4280.3 0.205975453410E-02
 4281.2 0.205636193399E-02
 4282.1 0.205245139423E-02
 4283.0 0.204811985690E-02
 4283.9 0.204689954101E-02
 4284.8 0.204778621422E-02
 4285.7 0.205231670852E-02
 4286.6 0.205379685521E-02
 4287.5 0.205271890408E-02
 4288.4 0.204593081841E-02
 4289.3 0.204030454830E-02
 4290.2 0.203584046607E-02
 4291.1 0.203491437378E-02
 4292.0 0.203428408744E-02
 4292.9 0.203392717494E-02
 4293.8 0.203446554549E-02
 4294.7 0.203546726470E-02
 4295.6 0.203680169578E-02
 4296.5 0.203752240864E-02
 4297.4 0.203748038335E-02
 4298.3 0.203671522513E-02
 4299.2 0.203417895439E-02
 4300.1 0.203208825416E-02
 4301.0 0.203054146270E-02
 4301.9 0.203126040705E-02
 4302.8 0.203246987921E-02
 4303.7 0.203416238628E-02
 4304.6 0.203630595554E-02
 4305.5 0.203758723836E-02
 4306.4 0.203723186167E-02
 4307.3 0.203274274111E-02
 4308.2 0.202777617040E-02
 4309.1 0.202357661948E-02
 4310.0 0.202245520032E-02
 4310.9 0.202177199841E-02
 4311.8 0.201989915023E-02
 4312.7 0.201594425820E-02
 4313.6 0.201141176270E-02
 4314.5 0.200758504083E-02
 4315.4 0.200447977646E-02
 4316.3 0.200153223493E-02
 4317.2 0.199760675595E-02
 4318.1 0.199330840137E-02
 4319.0 0.198912025266E-02
 4319.9 0.198775459348E-02
 4320.8 0.198855419103E-02
 4321.7 0.199079465582E-02
 4322.6 0.199065075525E-02
 4323.5 0.198787731851E-02
 4324.4 0.198274734712E-02
 4325.3 0.197596996556E-02
 4326.2 0.196852720678E-02
 4327.1 0.196035400835E-02
 4328.0 0.194911696583E-02
 4328.9 0.193645999890E-02
 4329.8 0.192209893653E-02
 4330.7 0.190562562608E-02
 4331.6 0.188766867846E-02
 4332.5 0.186762540533E-02
 4333.4 0.184031631713E-02
 4334.3 0.180775071626E-02
 4335.2 0.176689133275E-02
 4336.1 0.171707660564E-02
 4337.0 0.166229498202E-02
 4337.9 0.160030432169E-02
 4338.8 0.154923148850E-02
 4339.7 0.150969541310E-02
 4340.6 0.149775194539E-02
 4341.5 0.150960666201E-02
 4342.4 0.153725548958E-02
 4343.3 0.159115830518E-02
 4344.2 0.164736534488E-02
 4345.1 0.170302638152E-02
 4346.0 0.174521479752E-02
 4346.9 0.178217285611E-02
 4347.8 0.181501690365E-02
 4348.7 0.184058033651E-02
 4349.6 0.186281390469E-02
 4350.5 0.188216485414E-02
 4351.4 0.189730652589E-02
 4352.3 0.191067131419E-02
 4353.2 0.192219476165E-02
 4354.1 0.193063723843E-02
 4355.0 0.193788820736E-02
 4355.9 0.194376244067E-02
 4356.8 0.194821256101E-02
 4357.7 0.195225960153E-02
 4358.6 0.195588257286E-02
 4359.5 0.195936471523E-02
 4360.4 0.196244936254E-02
 4361.3 0.196479826469E-02
 4362.2 0.196575414235E-02
 4363.1 0.196473045644E-02
 4364.0 0.195958196227E-02
 4364.9 0.194896315232E-02
 4365.8 0.193808655931E-02
 4366.7 0.193194597964E-02
 4367.6 0.193418765446E-02
 4368.5 0.193961273371E-02
 4369.4 0.194397484759E-02
 4370.3 0.194510166534E-02
 4371.2 0.194488083475E-02
 4372.1 0.194678747071E-02
 4373.0 0.195052921119E-02
 4373.9 0.195492948758E-02
 4374.8 0.195346041731E-02
 4375.7 0.194635935256E-02
 4376.6 0.193479504330E-02
 4377.5 0.192392715320E-02
 4378.4 0.191575544404E-02
 4379.3 0.191022071740E-02
 4380.2 0.190778878853E-02
 4381.1 0.190705113524E-02
 4382.0 0.190827145113E-02
 4382.9 0.190300874869E-02
 4383.8 0.189108966775E-02
 4384.7 0.187005752036E-02
 4385.6 0.184637712786E-02
 4386.5 0.182516370858E-02
 4387.4 0.180916617286E-02
 4388.3 0.180504215578E-02
 4389.2 0.180899034610E-02
 4390.1 0.182589624250E-02
 4391.0 0.184780822178E-02
 4391.9 0.186991338710E-02
 4392.8 0.188825074973E-02
 4393.7 0.190213240727E-02
 4394.6 0.191334734347E-02
 4395.5 0.192064727210E-02
 4396.4 0.192581824491E-02
 4397.3 0.192950320704E-02
 4398.2 0.193057487532E-02
 4399.1 0.193104878847E-02
 4400.0 0.193123438855E-02
 4400.9 0.193211603548E-02
 4401.8 0.193218281987E-02
 4402.7 0.193152433050E-02
 4403.6 0.192849311070E-02
 4404.5 0.192562296458E-02
 4405.4 0.192290151262E-02
 4406.3 0.192149801671E-02
 4407.2 0.191997519316E-02
 4408.1 0.191830888790E-02
 4409.0 0.191741756073E-02
 4409.9 0.191671332290E-02
 4410.8 0.191620492388E-02
 4411.7 0.191276964692E-02
 4412.6 0.190881754726E-02
 4413.5 0.190458355701E-02
 4414.4 0.190336426499E-02
 4415.3 0.190208917195E-02
 4416.2 0.189945768111E-02
 4417.1 0.189336145372E-02
 4418.0 0.188657304226E-02
 4418.9 0.188042133962E-02
 4419.8 0.187518851563E-02
 4420.7 0.187060338379E-02
 4421.6 0.186720934096E-02
 4422.5 0.186607735730E-02
 4423.4 0.186574715856E-02
 4424.3 0.186425444616E-02
 4425.2 0.186015709629E-02
 4426.1 0.185457122259E-02
 4427.0 0.184896952540E-02
 4427.9 0.184466502760E-02
 4428.8 0.184142731141E-02
 4429.7 0.184051736838E-02
 4430.6 0.184133246363E-02
 4431.5 0.184365939907E-02
 4432.4 0.184699708240E-02
 4433.3 0.184914134975E-02
 4434.2 0.185000991905E-02
 4435.1 0.184818877641E-02
 4436.0 0.184610370748E-02
 4436.9 0.184382768640E-02
 4437.8 0.184393067862E-02
 4438.7 0.184558437164E-02
 4439.6 0.184935864333E-02
 4440.5 0.185373402101E-02
 4441.4 0.185785277911E-02
 4442.3 0.186124444843E-02
 4443.2 0.186388552644E-02
 4444.1 0.186588659132E-02
 4445.0 0.186670429279E-02
 4445.9 0.186704226365E-02
 4446.8 0.186751645604E-02
 4447.7 0.186898515398E-02
 4448.6 0.187047451553E-02
 4449.5 0.187164098506E-02
 4450.4 0.187126178007E-02
 4451.3 0.187072061715E-02
 4452.2 0.187024679707E-02
 4453.1 0.187084618109E-02
 4454.0 0.187060287186E-02
 4454.9 0.186962581866E-02
 4455.8 0.186651180484E-02
 4456.7 0.186403059049E-02
 4457.6 0.186210915493E-02
 4458.5 0.186185085993E-02
 4459.4 0.186135046573E-02
 4460.3 0.186060573841E-02
 4461.2 0.185849735312E-02
 4462.1 0.185386600743E-02
 4463.0 0.184615727460E-02
 4463.9 0.183100880807E-02
 4464.8 0.181274856162E-02
 4465.7 0.179070706253E-02
 4466.6 0.176215769293E-02
 4467.5 0.172921163050E-02
 4468.4 0.168974885504E-02
 4469.3 0.164711919672E-02
 4470.2 0.161079970852E-02
 4471.1 0.159137080517E-02
 4472.0 0.160086349546E-02
 4472.9 0.162333008762E-02
 4473.8 0.165901766060E-02
 4474.7 0.169693262073E-02
 4475.6 0.173424349634E-02
 4476.5 0.176526840244E-02
 4477.4 0.178670400197E-02
 4478.3 0.180212486501E-02
 4479.2 0.181019818937E-02
 4480.1 0.181547871650E-02
 4481.0 0.181898007974E-02
 4481.9 0.182220802260E-02
 4482.8 0.182607472202E-02
 4483.7 0.183036618873E-02
 4484.6 0.183286550699E-02
 4485.5 0.183426737402E-02
 4486.4 0.183462410035E-02
 4487.3 0.183556978583E-02
 4488.2 0.183708995662E-02
 4489.1 0.183927215378E-02
 4490.0 0.183907063714E-02
 4490.9 0.183720867924E-02
 4491.8 0.183319342529E-02
 4492.7 0.182970676857E-02
 4493.6 0.182700421170E-02
 4494.5 0.182557898178E-02
 4495.4 0.182446612592E-02
 4496.3 0.182346673370E-02
 4497.2 0.182258206169E-02
 4498.1 0.182075705626E-02
 4499.0 0.181822604450E-02
 4499.9 0.181440849094E-02
 4500.8 0.181238848443E-02
 4501.7 0.181188027156E-02
 4502.6 0.181465980500E-02
 4503.5 0.181661260827E-02
 4504.4 0.181761065085E-02
 4505.3 0.181551120116E-02
 4506.2 0.181244079498E-02
 4507.1 0.180865353873E-02
 4508.0 0.180361757741E-02
 4508.9 0.179769149894E-02
 4509.8 0.179108794294E-02
 4510.7 0.178399348682E-02
 4511.6 0.177750716416E-02
 4512.5 0.177156991618E-02
 4513.4 0.176789463430E-02
 4514.3 0.176599386234E-02
 4515.2 0.176605012877E-02
 4516.1 0.176984315593E-02
 4517.0 0.177362124388E-02
 4517.9 0.177711227532E-02
 4518.8 0.177826599299E-02
 4519.7 0.177927771821E-02
 4520.6 0.178049240281E-02
 4521.5 0.178285968812E-02
 4522.4 0.178486503465E-02
 4523.3 0.178567361434E-02
 4524.2 0.178424023998E-02
 4525.1 0.178228878636E-02
 4526.0 0.178048281564E-02
 4526.9 0.177939751125E-02
 4527.8 0.177851605047E-02
 4528.7 0.177748547669E-02
 4529.6 0.177636550027E-02
 4530.5 0.177499220858E-02
 4531.4 0.177256591101E-02
 4532.3 0.176885055850E-02
 4533.2 0.176442608150E-02
 4534.1 0.176004400212E-02
 4535.0 0.175572689207E-02
 4535.9 0.175120840500E-02
 4536.8 0.174324407648E-02
 4537.7 0.173320775666E-02
 4538.6 0.172142917889E-02
 4539.5 0.171060145250E-02
 4540.4 0.170120277228E-02
 4541.3 0.169329149895E-02
 4542.2 0.169247547291E-02
 4543.1 0.169620683505E-02
 4544.0 0.170541772782E-02
 4544.9 0.171603514158E-02
 4545.8 0.172598215183E-02
 4546.7 0.173465983995E-02
 4547.6 0.174317268467E-02
 4548.5 0.175101279890E-02
 4549.4 0.175757907665E-02
 4550.3 0.176062514260E-02
 4551.2 0.176200527561E-02
 4552.1 0.176126841350E-02
 4553.0 0.176129228833E-02
 4553.9 0.176201258233E-02
 4554.8 0.176422251712E-02
 4555.7 0.176699446459E-02
 4556.6 0.176994558968E-02
 4557.5 0.177266662279E-02
 4558.4 0.177428885501E-02
 4559.3 0.177514225238E-02
 4560.2 0.177470161507E-02
 4561.1 0.177390611301E-02
 4562.0 0.177281829548E-02
 4562.9 0.177102600741E-02
 4563.8 0.176910559573E-02
 4564.7 0.176708368108E-02
 4565.6 0.176509629885E-02
 4566.5 0.176304683274E-02
 4567.4 0.176093626009E-02
 4568.3 0.175978193741E-02
 4569.2 0.175876881599E-02
 4570.1 0.175790122403E-02
 4571.0 0.175597099248E-02
 4571.9 0.175448023474E-02
 4572.8 0.175376557204E-02
 4573.7 0.175536513945E-02
 4574.6 0.175711568146E-02
 4575.5 0.175854347106E-02
 4576.4 0.175894534085E-02
 4577.3 0.175967419814E-02
 4578.2 0.176167195871E-02
 4579.1 0.176494383499E-02
 4580.0 0.176765109237E-02
 4580.9 0.176753437095E-02
 4581.8 0.176394016113E-02
 4582.7 0.175919362982E-02
 4583.6 0.175516874217E-02
 4584.5 0.175280545927E-02
 4585.4 0.175124047081E-02
 4586.3 0.174960595213E-02
 4587.2 0.174732630096E-02
 4588.1 0.174448603330E-02
 4589.0 0.174006523293E-02
 4589.9 0.173517005402E-02
 4590.8 0.173002249064E-02
 4591.7 0.172714243159E-02
 4592.6 0.172574968633E-02
 4593.5 0.172573605022E-02
 4594.4 0.172786677454E-02
 4595.3 0.173068344661E-02
 4596.2 0.173426429956E-02
 4597.1 0.173595047724E-02
 4598.0 0.173657229336E-02
 4598.9 0.173586642665E-02
 4599.8 0.173543486457E-02
 4600.7 0.173502540882E-02
 4601.6 0.173459603411E-02
 4602.5 0.173330344216E-02
 4603.4 0.173151645961E-02
 4604.3 0.172901006732E-02
 4605.2 0.172636824468E-02
 4606.1 0.172385189291E-02
 4607.0 0.172178809259E-02
 4607.9 0.171969594963E-02
 4608.8 0.171766212084E-02
 4609.7 0.171588221232E-02
 4610.6 0.171591120652E-02
 4611.5 0.171708344696E-02
 4612.4 0.171990993889E-02
 4613.3 0.172174858044E-02
 4614.2 0.172283951613E-02
 4615.1 0.172246328968E-02
 4616.0 0.172166471601E-02
 4616.9 0.172048451728E-02
 4617.8 0.171800530414E-02
 4618.7 0.171569642608E-02
 4619.6 0.171355271720E-02
 4620.5 0.171346489690E-02
 4621.4 0.171432797452E-02
 4622.3 0.171621213183E-02
 4623.2 0.171889542129E-02
 4624.1 0.172048242300E-02
 4625.0 0.172057480419E-02
 4625.9 0.171705701245E-02
 4626.8 0.171211198958E-02
 4627.7 0.170545253947E-02
 4628.6 0.169744944343E-02
 4629.5 0.168984207394E-02
 4630.4 0.168350951826E-02
 4631.3 0.168023396534E-02
 4632.2 0.167850473849E-02
 4633.1 0.167885038840E-02
 4634.0 0.168036111164E-02
 4634.9 0.168201001107E-02
 4635.8 0.168282073159E-02
 4636.7 0.168166152225E-02
 4637.6 0.167894961091E-02
 4638.5 0.167289014983E-02
 4639.4 0.166535258980E-02
 4640.3 0.165778100930E-02
 4641.2 0.165557042296E-02
 4642.1 0.165774214870E-02
 4643.0 0.166262592540E-02
 4643.9 0.166468963264E-02
 4644.8 0.166325970221E-02
 4645.7 0.165890647740E-02
 4646.6 0.165284115233E-02
 4647.5 0.164675614099E-02
 4648.4 0.164065121069E-02
 4649.3 0.163727941380E-02
 4650.2 0.163652393583E-02
 4651.1 0.163892310079E-02
 4652.0 0.164407280499E-02
 4652.9 0.164933085347E-02
 4653.8 0.165438794379E-02
 4654.7 0.165929522301E-02
 4655.6 0.166442184355E-02
 4656.5 0.167001097503E-02
 4657.4 0.167482061408E-02
 4658.3 0.167875651794E-02
 4659.2 0.168099675004E-02
 4660.1 0.168193857272E-02
 4661.0 0.168231377530E-02
 4661.9 0.168214949037E-02
 4662.8 0.168201620084E-02
 4663.7 0.168183274158E-02
 4664.6 0.168138302904E-02
 4665.5 0.167989306248E-02
 4666.4 0.167775465912E-02
 4667.3 0.167485300567E-02
 4668.2 0.167272954154E-02
 4669.1 0.167116753161E-02
 4670.0 0.167034149955E-02
 4670.9 0.166894703233E-02
 4671.8 0.166707869850E-02
 4672.7 0.166438907964E-02
 4673.6 0.166176512822E-02
 4674.5 0.165920400532E-02
 4675.4 0.165685054228E-02
 4676.3 0.165446803851E-02
 4677.2 0.165204793071E-02
 4678.1 0.164789114972E-02
 4679.0 0.164109119644E-02
 4679.9 0.163064611897E-02
 4680.8 0.161446768367E-02
 4681.7 0.159507177693E-02
 4682.6 0.157125972379E-02
 4683.5 0.154515177715E-02
 4684.4 0.152385644810E-02
 4685.3 0.151448960100E-02
 4686.2 0.152250298230E-02
 4687.1 0.153774746011E-02
 4688.0 0.155986803005E-02
 4688.9 0.158290505857E-02
 4689.8 0.160414663434E-02
 4690.7 0.161708121021E-02
 4691.6 0.162223682495E-02
 4692.5 0.162401985162E-02
 4693.4 0.162749822429E-02
 4694.3 0.163312714716E-02
 4695.2 0.163968407044E-02
 4696.1 0.164319148384E-02
 4697.0 0.164460121606E-02
 4697.9 0.164445931670E-02
 4698.8 0.164410068224E-02
 4699.7 0.164412139238E-02
 4700.6 0.164448454118E-02
 4701.5 0.164429605564E-02
 4702.4 0.164338564721E-02
 4703.3 0.164167559470E-02
 4704.2 0.163893804002E-02
 4705.1 0.163618591843E-02
 4706.0 0.163348927209E-02
 4706.9 0.163081324281E-02
 4707.8 0.162714913045E-02
 4708.7 0.162181457080E-02
 4709.6 0.161121554020E-02
 4710.5 0.159874142752E-02
 4711.4 0.158431911898E-02
 4712.3 0.157708620743E-02
 4713.2 0.157484848848E-02
 4714.1 0.158112147342E-02
 4715.0 0.158960448623E-02
 4715.9 0.159870000724E-02
 4716.8 0.160727367926E-02
 4717.7 0.161495527948E-02
 4718.6 0.162184444925E-02
 4719.5 0.162675973328E-02
 4720.4 0.163029595472E-02
 4721.3 0.163277903065E-02
 4722.2 0.163310522699E-02
 4723.1 0.163199325538E-02
 4724.0 0.162982920867E-02
 4724.9 0.162685127676E-02
 4725.8 0.162450209537E-02
 4726.7 0.162270468795E-02
 4727.6 0.162200812916E-02
 4728.5 0.162135322335E-02
 4729.4 0.162074183211E-02
 4730.3 0.162030300984E-02
 4731.2 0.162004443561E-02
 4732.1 0.162000892586E-02
 4733.0 0.161972163667E-02
 4733.9 0.161908176316E-02
 4734.8 0.161792101801E-02
 4735.7 0.161675580505E-02
 4736.6 0.161587951018E-02
 4737.5 0.161557681636E-02
 4738.4 0.161538791197E-02
 4739.3 0.161505845786E-02
 4740.2 0.161430833195E-02
 4741.1 0.161364933065E-02
 4742.0 0.161317313706E-02
 4742.9 0.161320273627E-02
 4743.8 0.161316341027E-02
 4744.7 0.161293099131E-02
 4745.6 0.161195966250E-02
 4746.5 0.161075056266E-02
 4747.4 0.160947202568E-02
 4748.3 0.160855710290E-02
 4749.2 0.160760145795E-02
 4750.1 0.160653360591E-02
 4751.0 0.160448097511E-02
 4751.9 0.160192911359E-02
 4752.8 0.159901573215E-02
 4753.7 0.159743687488E-02
 4754.6 0.159664867954E-02
 4755.5 0.159664072126E-02
 4756.4 0.159401988800E-02
 4757.3 0.158977975452E-02
 4758.2 0.158365001858E-02
 4759.1 0.157824797646E-02
 4760.0 0.157400588831E-02
 4760.9 0.157140990721E-02
 4761.8 0.157062659854E-02
 4762.7 0.157043922995E-02
 4763.6 0.157088037919E-02
 4764.5 0.157245723526E-02
 4765.4 0.157474321582E-02
 4766.3 0.157812534451E-02
 4767.2 0.158043347793E-02
 4768.1 0.158178908455E-02
 4769.0 0.158120868871E-02
 4769.9 0.157985317517E-02
 4770.8 0.157828330004E-02
 4771.7 0.157705572397E-02
 4772.6 0.157651237368E-02
 4773.5 0.157619981346E-02
 4774.4 0.157527372117E-02
 4775.3 0.157348259660E-02
 4776.2 0.157124264375E-02
 4777.1 0.156978288141E-02
 4778.0 0.156931822965E-02
 4778.9 0.156962045807E-02
 4779.8 0.157020564750E-02
 4780.7 0.157077398957E-02
 4781.6 0.157132664780E-02
 4782.5 0.157227284521E-02
 4783.4 0.157266475551E-02
 4784.3 0.157241977085E-02
 4785.2 0.157047497239E-02
 4786.1 0.156873964885E-02
 4787.0 0.156744859271E-02
 4787.9 0.156818913145E-02
 4788.8 0.157015887516E-02
 4789.7 0.157383425012E-02
 4790.6 0.157798409670E-02
 4791.5 0.158042691584E-02
 4792.4 0.157892880484E-02
 4793.3 0.157343428845E-02
 4794.2 0.156741373452E-02
 4795.1 0.156294267134E-02
 4796.0 0.156038610932E-02
 4796.9 0.155837950622E-02
 4797.8 0.155587069387E-02
 4798.7 0.155307277727E-02
 4799.6 0.155035537426E-02
 4800.5 0.154875715649E-02
 4801.4 0.154801512848E-02
 4802.3 0.154775622846E-02
 4803.2 0.154741295208E-02
 4804.1 0.154687672235E-02
 4805.0 0.154625048496E-02
 4805.9 0.154640508965E-02
 4806.8 0.154693917855E-02
 4807.7 0.154780169769E-02
 4808.6 0.154790841308E-02
 4809.5 0.154772174259E-02
 4810.4 0.154721864909E-02
 4811.3 0.154746270296E-02
 4812.2 0.154800768214E-02
 4813.1 0.154890543178E-02
 4814.0 0.154910182906E-02
 4814.9 0.154874361346E-02
 4815.8 0.154759752829E-02
 4816.7 0.154589501520E-02
 4817.6 0.154425063011E-02
 4818.5 0.154292164416E-02
 4819.4 0.154269327415E-02
 4820.3 0.154290819421E-02
 4821.2 0.154357268718E-02
 4822.1 0.154400327193E-02
 4823.0 0.154426314927E-02
 4823.9 0.154420283390E-02
 4824.8 0.154276075663E-02
 4825.7 0.154044959813E-02
 4826.6 0.153682811607E-02
 4827.5 0.153524260363E-02
 4828.4 0.153513216506E-02
 4829.3 0.153767541675E-02
 4830.2 0.153878250170E-02
 4831.1 0.153871208722E-02
 4832.0 0.153592980795E-02
 4832.9 0.153238437166E-02
 4833.8 0.152819543178E-02
 4834.7 0.152351219439E-02
 4835.6 0.152015836180E-02
 4836.5 0.151815780885E-02
 4837.4 0.151832404844E-02
 4838.3 0.151878060231E-02
 4839.2 0.151951634747E-02
 4840.1 0.152083076651E-02
 4841.0 0.152109366894E-02
 4841.9 0.151965578023E-02
 4842.8 0.151556913448E-02
 4843.7 0.151122009824E-02
 4844.6 0.150714248117E-02
 4845.5 0.150236420984E-02
 4846.4 0.149683339253E-02
 4847.3 0.148985314468E-02
 4848.2 0.148218494788E-02
 4849.1 0.147403953362E-02
 4850.0 0.146505054185E-02
 4850.9 0.145402869862E-02
 4851.8 0.144127702353E-02
 4852.7 0.142458697798E-02
 4853.6 0.140395753809E-02
 4854.5 0.138007618743E-02
 4855.4 0.134835858533E-02
 4856.3 0.131116736313E-02
 4857.2 0.127018427726E-02
 4858.1 0.122578187753E-02
 4859.0 0.118523775355E-02
 4859.9 0.114862934726E-02
 4860.8 0.113692211476E-02
 4861.7 0.113957715466E-02
 4862.6 0.115603189579E-02
 4863.5 0.118628456966E-02
 4864.4 0.121920508182E-02
 4865.3 0.125501421634E-02
 4866.2 0.129042501808E-02
 4867.1 0.132393797986E-02
 4868.0 0.135473535367E-02
 4868.9 0.137858124112E-02
 4869.8 0.139869818650E-02
 4870.7 0.141376246282E-02
 4871.6 0.142506265964E-02
 4872.5 0.143462613672E-02
 4873.4 0.144198070288E-02
 4874.3 0.144729078268E-02
 4875.2 0.145164712565E-02
 4876.1 0.145489847795E-02
 4877.0 0.145794063457E-02
 4877.9 0.146070308796E-02
 4878.8 0.146267422785E-02
 4879.7 0.146324345419E-02
 4880.6 0.146313604070E-02
 4881.5 0.146297194193E-02
 4882.4 0.146451901263E-02
 4883.3 0.146721807903E-02
 4884.2 0.147109580834E-02
 4885.1 0.147407876654E-02
 4886.0 0.147633444979E-02
 4886.9 0.147730759365E-02
 4887.8 0.147808848227E-02
 4888.7 0.147869507993E-02
 4889.6 0.147922218789E-02
 4890.5 0.147920561978E-02
 4891.4 0.147858408289E-02
 4892.3 0.147676466222E-02
 4893.2 0.147586616794E-02
 4894.1 0.147631825399E-02
 4895.0 0.147877531427E-02
 4895.9 0.148049379046E-02
 4896.8 0.148056885890E-02
 4897.7 0.147865403197E-02
 4898.6 0.147672784936E-02
 4899.5 0.147555011724E-02
 4900.4 0.147550599766E-02
 4901.3 0.147569890447E-02
 4902.2 0.147573850970E-02
 4903.1 0.147478346976E-02
 4904.0 0.147352824914E-02
 4904.9 0.147242823822E-02
 4905.8 0.147216319497E-02
 4906.7 0.147205713113E-02
 4907.6 0.147088982389E-02
 4908.5 0.146984980257E-02
 4909.4 0.146974141175E-02
 4910.3 0.147621907802E-02
 4911.2 0.148412797784E-02
 4912.1 0.149214740929E-02
 4913.0 0.148733185971E-02
 4913.9 0.147689464743E-02
 4914.8 0.146170266634E-02
 4915.7 0.145064293984E-02
 4916.6 0.143974661402E-02
 4917.5 0.142902187986E-02
 4918.4 0.140904087677E-02
 4919.3 0.138768737317E-02
 4920.2 0.136503220239E-02
 4921.1 0.135482731599E-02
 4922.0 0.135197317952E-02
 4922.9 0.135889837097E-02
 4923.8 0.137273190652E-02
 4924.7 0.138842465414E-02
 4925.6 0.140557883952E-02
 4926.5 0.142070063883E-02
 4927.4 0.143416613892E-02
 4928.3 0.144465612714E-02
 4929.2 0.145242740924E-02
 4930.1 0.145867684513E-02
 4931.0 0.146276767945E-02
 4931.9 0.146590528887E-02
 4932.8 0.146838468817E-02
 4933.7 0.146967676819E-02
 4934.6 0.146930403221E-02
 4935.5 0.146795754736E-02
 4936.4 0.146594861728E-02
 4937.3 0.146515781572E-02
 4938.2 0.146520677542E-02
 4939.1 0.146575245270E-02
 4940.0 0.146559170478E-02
 4940.9 0.146485796082E-02
 4941.8 0.146402899676E-02
 4942.7 0.146342668075E-02
 4943.6 0.146304901157E-02
 4944.5 0.146281245058E-02
 4945.4 0.146276176892E-02
 4946.3 0.146293317441E-02
 4947.2 0.146296998726E-02
 4948.1 0.146245041873E-02
 4949.0 0.146111263679E-02
 4949.9 0.145924844498E-02
 4950.8 0.145750255694E-02
 4951.7 0.145611860768E-02
 4952.6 0.145511446842E-02
 4953.5 0.145464790853E-02
 4954.4 0.145525701933E-02
 4955.3 0.145651568388E-02
 4956.2 0.145740719722E-02
 4957.1 0.145659210197E-02
 4958.0 0.145433311441E-02
 4958.9 0.145144225815E-02
 4959.8 0.144824963888E-02
 4960.7 0.144450063821E-02
 4961.6 0.144033315310E-02
 4962.5 0.143531064174E-02
 4963.4 0.143145096980E-02
 4964.3 0.142884763544E-02
 4965.2 0.143149225046E-02
 4966.1 0.143592989818E-02
 4967.0 0.144159898476E-02
 4967.9 0.144423736347E-02
 4968.8 0.144486350778E-02
 4969.7 0.144360712367E-02
 4970.6 0.144078714729E-02
 4971.5 0.143795358133E-02
 4972.4 0.143512052731E-02
 4973.3 0.143373080713E-02
 4974.2 0.143299599276E-02
 4975.1 0.143305640121E-02
 4976.0 0.143301693560E-02
 4976.9 0.143283035818E-02
 4977.8 0.143240787133E-02
 4978.7 0.143219290474E-02
 4979.6 0.143210885415E-02
 4980.5 0.143222478439E-02
 4981.4 0.143212332798E-02
 4982.3 0.143184050659E-02
 4983.2 0.143121133720E-02
 4984.1 0.143033211033E-02
 4985.0 0.142934407378E-02
 4985.9 0.142828469196E-02
 4986.8 0.142778122614E-02
 4987.7 0.142766687825E-02
 4988.6 0.142825555815E-02
 4989.5 0.142856918878E-02
 4990.4 0.142865054007E-02
 4991.3 0.142812734144E-02
 4992.2 0.142754233817E-02
 4993.1 0.142690404702E-02
 4994.0 0.142611575860E-02
 4994.9 0.142503669052E-02
 4995.8 0.142369807086E-02
 4996.7 0.142185254145E-02
 4997.6 0.141975323139E-02
 4998.5 0.141737891860E-02
 4999.4 0.141447475201E-02
 5000.3 0.141177917608E-02
 5001.2 0.140939513650E-02
 5002.1 0.140812520936E-02
 5003.0 0.140737792236E-02
 5003.9 0.140729503527E-02
 5004.8 0.140746779041E-02
 5005.7 0.140690023950E-02
 5006.6 0.140471529650E-02
 5007.5 0.140183263123E-02
 5008.4 0.140035834852E-02
 5009.3 0.140304214992E-02
 5010.2 0.140606457374E-02
 5011.1 0.140650274444E-02
 5012.0 0.139762093346E-02
 5012.9 0.138408883515E-02
 5013.8 0.136935610722E-02
 5014.7 0.135845382433E-02
 5015.6 0.135209134366E-02
 5016.5 0.134947153427E-02
 5017.4 0.135600206958E-02
 5018.3 0.136643984033E-02
 5019.2 0.137926113872E-02
 5020.1 0.138871338606E-02
 5021.0 0.139569577473E-02
 5021.9 0.140057312896E-02
 5022.8 0.140312224464E-02
 5023.7 0.140475280745E-02
 5024.6 0.140544410726E-02
 5025.5 0.140570510156E-02
 5026.4 0.140558991595E-02
 5027.3 0.140501975883E-02
 5028.2 0.140320201358E-02
 5029.1 0.140147008743E-02
 5030.0 0.140004439212E-02
 5030.9 0.139946269316E-02
 5031.8 0.139893153625E-02
 5032.7 0.139824712431E-02
 5033.6 0.139845925199E-02
 5034.5 0.139910098708E-02
 5035.4 0.140029812623E-02
 5036.3 0.139945482796E-02
 5037.2 0.139751184455E-02
 5038.1 0.139406846969E-02
 5039.0 0.139091210480E-02
 5039.9 0.138793552253E-02
 5040.8 0.138523771270E-02
 5041.7 0.138261227201E-02
 5042.6 0.137989212315E-02
 5043.5 0.137634049710E-02
 5044.4 0.137234832681E-02
 5045.3 0.136816711251E-02
 5046.2 0.136496299794E-02
 5047.1 0.136218309219E-02
 5048.0 0.135980710397E-02
 5048.9 0.135941035354E-02
 5049.8 0.136186536607E-02
 5050.7 0.136707259327E-02
 5051.6 0.137490377188E-02
 5052.5 0.138070340215E-02
 5053.4 0.138404392440E-02
 5054.3 0.138309023411E-02
 5055.2 0.138161381058E-02
 5056.1 0.137983017889E-02
 5057.0 0.137845832994E-02
 5057.9 0.137706474697E-02
 5058.8 0.137553098661E-02
 5059.7 0.137526961999E-02
 5060.6 0.137685973986E-02
 5061.5 0.138208465211E-02
 5062.4 0.138750330889E-02
 5063.3 0.139090284341E-02
 5064.2 0.138818883778E-02
 5065.1 0.138326540931E-02
 5066.0 0.137813069087E-02
 5066.9 0.137542334042E-02
 5067.8 0.137258023384E-02
 5068.7 0.136978371343E-02
 5069.6 0.136761343042E-02
 5070.5 0.136775114121E-02
 5071.4 0.136944174016E-02
 5072.3 0.137267382505E-02
 5073.2 0.137520958385E-02
 5074.1 0.137708485209E-02
 5075.0 0.137614740413E-02
 5075.9 0.137444419294E-02
 5076.8 0.137204353871E-02
 5077.7 0.137020019667E-02
 5078.6 0.136840483699E-02
 5079.5 0.136666169479E-02
 5080.4 0.136552003089E-02
 5081.3 0.136504942205E-02
 5082.2 0.136545482885E-02
 5083.1 0.136604304336E-02
 5084.0 0.136649215088E-02
 5084.9 0.136666816380E-02
 5085.8 0.136734824755E-02
 5086.7 0.136800631806E-02
 5087.6 0.136841889196E-02
 5088.5 0.136778097312E-02
 5089.4 0.136689108867E-02
 5090.3 0.136606049572E-02
 5091.2 0.136542173917E-02
 5092.1 0.136474281891E-02
 5093.0 0.136367794541E-02
 5093.9 0.136211318965E-02
 5094.8 0.136029967952E-02
 5095.7 0.135835893001E-02
 5096.6 0.135743139499E-02
 5097.5 0.135714494351E-02
 5098.4 0.135740942828E-02
 5099.3 0.135615811699E-02
 5100.2 0.135378934241E-02
 5101.1 0.135054515721E-02
 5102.0 0.134905244481E-02
 5102.9 0.134908353329E-02
 5103.8 0.135059295342E-02
 5104.7 0.135112262106E-02
 5105.6 0.135061878292E-02
 5106.5 0.134952649758E-02
 5107.4 0.134881127640E-02
 5108.3 0.134861557722E-02
 5109.2 0.134795378354E-02
 5110.1 0.134652334118E-02
 5111.0 0.134393601646E-02
 5111.9 0.134151530364E-02
 5112.8 0.134029396388E-02
 5113.7 0.134141687230E-02
 5114.6 0.134355197135E-02
 5115.5 0.134540020006E-02
 5116.4 0.134590594632E-02
 5117.3 0.134598794917E-02
 5118.2 0.134568199757E-02
 5119.1 0.134453875133E-02
 5120.0 0.134287160836E-02
 5120.9 0.134158972052E-02
 5121.8 0.134305879079E-02
 5122.7 0.134558673093E-02
 5123.6 0.134823795458E-02
 5124.5 0.134794345174E-02
 5125.4 0.134671415370E-02
 5126.3 0.134504640572E-02
 5127.2 0.134546679828E-02
 5128.1 0.134604584448E-02
 5129.0 0.134665346601E-02
 5129.9 0.134360954088E-02
 5130.8 0.133988571816E-02
 5131.7 0.133548502292E-02
 5132.6 0.133480503225E-02
 5133.5 0.133511321774E-02
 5134.4 0.133651522438E-02
 5135.3 0.133613024848E-02
 5136.2 0.133531599095E-02
 5137.1 0.133407491838E-02
 5138.0 0.133364000545E-02
 5138.9 0.133343825611E-02
 5139.8 0.133345445190E-02
 5140.7 0.133414677558E-02
 5141.6 0.133504136054E-02
 5142.5 0.133606886270E-02
 5143.4 0.133552849094E-02
 5144.3 0.133426144925E-02
 5145.2 0.133219178494E-02
 5146.1 0.133040117231E-02
 5147.0 0.132876190658E-02
 5147.9 0.132730009650E-02
 5148.8 0.132672779855E-02
 5149.7 0.132673315061E-02
 5150.6 0.132755899652E-02
 5151.5 0.132745088494E-02
 5152.4 0.132670085210E-02
 5153.3 0.132531978830E-02
 5154.2 0.132478346549E-02
 5155.1 0.132489543986E-02
 5156.0 0.132506079520E-02
 5156.9 0.132494314300E-02
 5157.8 0.132455951675E-02
 5158.7 0.132460242629E-02
 5159.6 0.132397879512E-02
 5160.5 0.132258167514E-02
 5161.4 0.131991304567E-02
 5162.3 0.131857093554E-02
 5163.2 0.131922919220E-02
 5164.1 0.132473073608E-02
 5165.0 0.133027211789E-02
 5165.9 0.133480540456E-02
 5166.8 0.133295010183E-02
 5167.7 0.132948164211E-02
 5168.6 0.132520297380E-02
 5169.5 0.132385313810E-02
 5170.4 0.132315313538E-02
 5171.3 0.132202696918E-02
 5172.2 0.132003600340E-02
 5173.1 0.131802623560E-02
 5174.0 0.131712978906E-02
 5174.9 0.131682737448E-02
 5175.8 0.131684710729E-02
 5176.7 0.131711694412E-02
 5177.6 0.131757033329E-02
 5178.5 0.131809371808E-02
 5179.4 0.131830840543E-02
 5180.3 0.131804224524E-02
 5181.2 0.131737630953E-02
 5182.1 0.131580638787E-02
 5183.0 0.131414617931E-02
 5183.9 0.131240806339E-02
 5184.8 0.131114576874E-02
 5185.7 0.131020864656E-02
 5186.6 0.130962541179E-02
 5187.5 0.131009462444E-02
 5188.4 0.131067488067E-02
 5189.3 0.131133481276E-02
 5190.2 0.131158124015E-02
 5191.1 0.131184586454E-02
 5192.0 0.131221469118E-02
 5192.9 0.131218881514E-02
 5193.8 0.131189524310E-02
 5194.7 0.131119016756E-02
 5195.6 0.131055141100E-02
 5196.5 0.130986346205E-02
 5197.4 0.130900182716E-02
 5198.3 0.130809127911E-02
 5199.2 0.130716774651E-02
 5200.1 0.130625626767E-02
 5201.0 0.130428354542E-02
 5201.9 0.130183230260E-02
 5202.8 0.129929030749E-02
 5203.7 0.129885902465E-02
 5204.6 0.129970362603E-02
 5205.5 0.130143773954E-02
 5206.4 0.130190015740E-02
 5207.3 0.130146245209E-02
 5208.2 0.130054082761E-02
 5209.1 0.129990742311E-02
 5210.0 0.129950136475E-02
 5210.9 0.129837515202E-02
 5211.8 0.129659673277E-02
 5212.7 0.129414842195E-02
 5213.6 0.129210817069E-02
 5214.5 0.129112753394E-02
 5215.4 0.129146638906E-02
 5216.3 0.129239685607E-02
 5217.2 0.129279979627E-02
 5218.1 0.129229777318E-02
 5219.0 0.129082749288E-02
 5219.9 0.128874879988E-02
 5220.8 0.128578096706E-02
 5221.7 0.128342983101E-02
 5222.6 0.128236337517E-02
 5223.5 0.128411326562E-02
 5224.4 0.128673796167E-02
 5225.3 0.128933212772E-02
 5226.2 0.129095859505E-02
 5227.1 0.129219976070E-02
 5228.0 0.129299614701E-02
 5228.9 0.129253289144E-02
 5229.8 0.129098279566E-02
 5230.7 0.128872441311E-02
 5231.6 0.128550200846E-02
 5232.5 0.128261669043E-02
 5233.4 0.128021836318E-02
 5234.3 0.128076380776E-02
 5235.2 0.128214677969E-02
 5236.1 0.128415566323E-02
 5237.0 0.128514360670E-02
 5237.9 0.128555571521E-02
 5238.8 0.128540958074E-02
 5239.7 0.128411293984E-02
 5240.6 0.128270711695E-02
 5241.5 0.128119625409E-02
 5242.4 0.128073560474E-02
 5243.3 0.128068850662E-02
 5244.2 0.128113384443E-02
 5245.1 0.128107124862E-02
 5246.0 0.128056210496E-02
 5246.9 0.127936571044E-02
 5247.8 0.127832475833E-02
 5248.7 0.127766989906E-02
 5249.6 0.127782808729E-02
 5250.5 0.127863112877E-02
 5251.4 0.127952175786E-02
 5252.3 0.128012593546E-02
 5253.2 0.127993479716E-02
 5254.1 0.127937315679E-02
 5255.0 0.127852822963E-02
 5255.9 0.127812589445E-02
 5256.8 0.127798031845E-02
 5257.7 0.127808535842E-02
 5258.6 0.127785010054E-02
 5259.5 0.127735003211E-02
 5260.4 0.127630144749E-02
 5261.3 0.127461433902E-02
 5262.2 0.127243819201E-02
 5263.1 0.126998699573E-02
 5264.0 0.126841228049E-02
 5264.9 0.126763958285E-02
 5265.8 0.126780726517E-02
 5266.7 0.126766755317E-02
 5267.6 0.126717916620E-02
 5268.5 0.126666839365E-02
 5269.4 0.126676743000E-02
 5270.3 0.126771032310E-02
 5271.2 0.126871641703E-02
 5272.1 0.126886748470E-02
 5273.0 0.126754287348E-02
 5273.9 0.126577762495E-02
 5274.8 0.126443877260E-02
 5275.7 0.126419118171E-02
 5276.6 0.126432800826E-02
 5277.5 0.126459993937E-02
 5278.4 0.126496615979E-02
 5279.3 0.126549461740E-02
 5280.2 0.126595912954E-02
 5281.1 0.126598444711E-02
 5282.0 0.126553324530E-02
 5282.9 0.126482272462E-02
 5283.8 0.126388262390E-02
 5284.7 0.126334257793E-02
 5285.6 0.126311281173E-02
 5286.5 0.126354153489E-02
 5287.4 0.126372601802E-02
 5288.3 0.126370884489E-02
 5289.2 0.126323372171E-02
 5290.1 0.126259752484E-02
 5291.0 0.126181137724E-02
 5291.9 0.126004985189E-02
 5292.8 0.125841947523E-02
 5293.7 0.125692801940E-02
 5294.6 0.125719962474E-02
 5295.5 0.125743036827E-02
 5296.4 0.125751227804E-02
 5297.3 0.125547574995E-02
 5298.2 0.125322053209E-02
 5299.1 0.125095512205E-02
 5300.0 0.125060695901E-02
 5300.9 0.125078804475E-02
 5301.8 0.125139394432E-02
 5302.7 0.125137551462E-02
 5303.6 0.125119284653E-02
 5304.5 0.125097266750E-02
 5305.4 0.125121430131E-02
 5306.3 0.125150200936E-02
 5307.2 0.125144374173E-02
 5308.1 0.125048618865E-02
 5309.0 0.124916348555E-02
 5309.9 0.124789635078E-02
 5310.8 0.124634490536E-02
 5311.7 0.124455899323E-02
 5312.6 0.124220292397E-02
 5313.5 0.124107368616E-02
 5314.4 0.124088292017E-02
 5315.3 0.124223554826E-02
 5316.2 0.124374273449E-02
 5317.1 0.124535654303E-02
 5318.0 0.124623521142E-02
 5318.9 0.124533331975E-02
 5319.8 0.124265082146E-02
 5320.7 0.123927278826E-02
 5321.6 0.123781628370E-02
 5322.5 0.123874139866E-02
 5323.4 0.124094644678E-02
 5324.3 0.124230307728E-02
 5325.2 0.124221423310E-02
 5326.1 0.124134701346E-02
 5327.0 0.124048998600E-02
 5327.9 0.123986695984E-02
 5328.8 0.124007964599E-02
 5329.7 0.124150729598E-02
 5330.6 0.124539679982E-02
 5331.5 0.124904173785E-02
 5332.4 0.125090094991E-02
 5333.3 0.124746627797E-02
 5334.2 0.124242636078E-02
 5335.1 0.123743382094E-02
 5336.0 0.123525865127E-02
 5336.9 0.123365661725E-02
 5337.8 0.123228439598E-02
 5338.7 0.123057867165E-02
 5339.6 0.122930087930E-02
 5340.5 0.122834583936E-02
 5341.4 0.122795723337E-02
 5342.3 0.122770564008E-02
 5343.2 0.122756080872E-02
 5344.1 0.122745162672E-02
 5345.0 0.122709992667E-02
 5345.9 0.122651925158E-02
 5346.8 0.122494262821E-02
 5347.7 0.122338480686E-02
 5348.6 0.122186189023E-02
 5349.5 0.122146402285E-02
 5350.4 0.122135200194E-02
 5351.3 0.122154109249E-02
 5352.2 0.122155663673E-02
 5353.1 0.122145020058E-02
 5354.0 0.122116723957E-02
 5354.9 0.122086249801E-02
 5355.8 0.122052685413E-02
 5356.7 0.122013191875E-02
 5357.6 0.121899141834E-02
 5358.5 0.121741176989E-02
 5359.4 0.121516167140E-02
 5360.3 0.121264071220E-02
 5361.2 0.121031754647E-02
 5362.1 0.120912403741E-02
 5363.0 0.121040518061E-02
 5363.9 0.121287946055E-02
 5364.8 0.121557145292E-02
 5365.7 0.121605472054E-02
 5366.6 0.121512723206E-02
 5367.5 0.121318499328E-02
 5368.4 0.121189100514E-02
 5369.3 0.121109368804E-02
 5370.2 0.121076902751E-02
 5371.1 0.121016382604E-02
 5372.0 0.120930749667E-02
 5372.9 0.120806521407E-02
 5373.8 0.120702468081E-02
 5374.7 0.120620474544E-02
 5375.6 0.120593253509E-02
 5376.5 0.120623634585E-02
 5377.4 0.120727734451E-02
 5378.3 0.120867209097E-02
 5379.2 0.120942584697E-02
 5380.1 0.120904920167E-02
 5381.0 0.120787109723E-02
 5381.9 0.120682572385E-02
 5382.8 0.120635134530E-02
 5383.7 0.120642343520E-02
 5384.6 0.120658758051E-02
 5385.5 0.120663062968E-02
 5386.4 0.120617630972E-02
 5387.3 0.120539839964E-02
 5388.2 0.120407504499E-02
 5389.1 0.120269533084E-02
 5390.0 0.120152076341E-02
 5390.9 0.120145923801E-02
 5391.8 0.120054282596E-02
 5392.7 0.119830957482E-02
 5393.6 0.118986174598E-02
 5394.5 0.118162218202E-02
 5395.4 0.117428855870E-02
 5396.3 0.117728124368E-02
 5397.2 0.118184980740E-02
 5398.1 0.118765283506E-02
 5399.0 0.118847821557E-02
 5399.9 0.118839714352E-02
 5400.8 0.118738085741E-02
 5401.7 0.118486706532E-02
 5402.6 0.118142383008E-02
 5403.5 0.117686839054E-02
 5404.4 0.117284126898E-02
 5405.3 0.116842479680E-02
 5406.2 0.116332316805E-02
 5407.1 0.115327972767E-02
 5408.0 0.114191079181E-02
 5408.9 0.112946818646E-02
 5409.8 0.111858186667E-02
 5410.7 0.110945846842E-02
 5411.6 0.110381451324E-02
 5412.5 0.110735873950E-02
 5413.4 0.111516460055E-02
 5414.3 0.112747037935E-02
 5415.2 0.113819762666E-02
 5416.1 0.114779684619E-02
 5417.0 0.115525933778E-02
 5417.9 0.116074691976E-02
 5418.8 0.116502679810E-02
 5419.7 0.116808086887E-02
 5420.6 0.117099732192E-02
 5421.5 0.117375344592E-02
 5422.4 0.117571862874E-02
 5423.3 0.117662517438E-02
 5424.2 0.117668269738E-02
 5425.1 0.117644846337E-02
 5426.0 0.117726905029E-02
 5426.9 0.117911672053E-02
 5427.8 0.118067570537E-02
 5428.7 0.118111927468E-02
 5429.6 0.118023641772E-02
 5430.5 0.117879555047E-02
 5431.4 0.117720361556E-02
 5432.3 0.117545102581E-02
 5433.2 0.117353820009E-02
 5434.1 0.117194933679E-02
 5435.0 0.117099378491E-02
 5435.9 0.117031384078E-02
 5436.8 0.116959322100E-02
 5437.7 0.116864618587E-02
 5438.6 0.116764749174E-02
 5439.5 0.116671795552E-02
 5440.4 0.116603908180E-02
 5441.3 0.116564712495E-02
 5442.2 0.116544477060E-02
 5443.1 0.116556670446E-02
 5444.0 0.116560286576E-02
 5444.9 0.116545747592E-02
 5445.8 0.116451081311E-02
 5446.7 0.116344305416E-02
 5447.6 0.116231037241E-02
 5448.5 0.116125434145E-02
 5449.4 0.116006432287E-02
 5450.3 0.115880258670E-02
 5451.2 0.115812231679E-02
 5452.1 0.115791125952E-02
 5453.0 0.115813143856E-02
 5453.9 0.115889994762E-02
 5454.8 0.115976721381E-02
 5455.7 0.116074310351E-02
 5456.6 0.116154670347E-02
 5457.5 0.116205975645E-02
 5458.4 0.116218378459E-02
 5459.3 0.116099432449E-02
 5460.2 0.115972202382E-02
 5461.1 0.115857686945E-02
 5462.0 0.116002001713E-02
 5462.9 0.116193023664E-02
 5463.8 0.116380192132E-02
 5464.7 0.116238702320E-02
 5465.6 0.115992707747E-02
 5466.5 0.115697702280E-02
 5467.4 0.115582000082E-02
 5468.3 0.115547407167E-02
 5469.2 0.115579165817E-02
 5470.1 0.115645303299E-02
 5471.0 0.115725002432E-02
 5471.9 0.115794667619E-02
 5472.8 0.115749007578E-02
 5473.7 0.115635004077E-02
 5474.6 0.115498489352E-02
 5475.5 0.115472301497E-02
 5476.4 0.115524062884E-02
 5477.3 0.115579128586E-02
 5478.2 0.115528916969E-02
 5479.1 0.115387464388E-02
 5480.0 0.115251852532E-02
 5480.9 0.115218758194E-02
 5481.8 0.115294757426E-02
 5482.7 0.115343856746E-02
 5483.6 0.115279082875E-02
 5484.5 0.115066890042E-02
 5485.4 0.114798286513E-02
 5486.3 0.114540168363E-02
 5487.2 0.114308275301E-02
 5488.1 0.114161763862E-02
 5489.0 0.114129800437E-02
 5489.9 0.114300377524E-02
 5490.8 0.114494768945E-02
 5491.7 0.114618825008E-02
 5492.6 0.114547256351E-02
 5493.5 0.114457527925E-02
 5494.4 0.114373025902E-02
 5495.3 0.114326020866E-02
 5496.2 0.114336878564E-02
 5497.1 0.114456341165E-02
 5498.0 0.114965219546E-02
 5498.9 0.115423839770E-02
 5499.8 0.115732741974E-02
 5500.7 0.115194092185E-02
 5501.6 0.114514659987E-02
 5502.5 0.113785020825E-02
 5503.4 0.113584206934E-02
 5504.3 0.113478831882E-02
 5505.2 0.113449144246E-02
 5506.1 0.113324073619E-02
 5507.0 0.113236523249E-02
 5507.9 0.113186660679E-02
 5508.8 0.113269557085E-02
 5509.7 0.113354948016E-02
 5510.6 0.113438938103E-02
 5511.5 0.113454691771E-02
 5512.4 0.113449279211E-02
 5513.3 0.113420415327E-02
 5514.2 0.113362510707E-02
 5515.1 0.113297294710E-02
 5516.0 0.113226386915E-02
 5516.9 0.113145268323E-02
 5517.8 0.113063772761E-02
 5518.7 0.112986740349E-02
 5519.6 0.112962851552E-02
 5520.5 0.112962688663E-02
 5521.4 0.112986656578E-02
 5522.3 0.113014017232E-02
 5523.2 0.113040521557E-02
 5524.1 0.113057783109E-02
 5525.0 0.113028062895E-02
 5525.9 0.112963921964E-02
 5526.8 0.112833252618E-02
 5527.7 0.112661768008E-02
 5528.6 0.112468940319E-02
 5529.5 0.112318147233E-02
 5530.4 0.112212776835E-02
 5531.3 0.112146211188E-02
 5532.2 0.112172454891E-02
 5533.1 0.112363844505E-02
 5534.0 0.112711807428E-02
 5534.9 0.113016418677E-02
 5535.8 0.113067081729E-02
 5536.7 0.112822897548E-02
 5537.6 0.112480370454E-02
 5538.5 0.112213926364E-02
 5539.4 0.112065995465E-02
 5540.3 0.111960685569E-02
 5541.2 0.111924500999E-02
 5542.1 0.112001403099E-02
 5543.0 0.112183768677E-02
 5543.9 0.112341417052E-02
 5544.8 0.112396929535E-02
 5545.7 0.112334477992E-02
 5546.6 0.112230117504E-02
 5547.5 0.112099071187E-02
 5548.4 0.112002985447E-02
 5549.3 0.111949255433E-02
 5550.2 0.112009030946E-02
 5551.1 0.112094268296E-02
 5552.0 0.112170560728E-02
 5552.9 0.112133557060E-02
 5553.8 0.112076713544E-02
 5554.7 0.112016882184E-02
 5555.6 0.112031379281E-02
 5556.5 0.112052159230E-02
 5557.4 0.112073604696E-02
 5558.3 0.112025910874E-02
 5559.2 0.111980134484E-02
 5560.1 0.111936322067E-02
 5561.0 0.112006406111E-02
 5561.9 0.112080227287E-02
 5562.8 0.112158148606E-02
 5563.7 0.112188273714E-02
 5564.6 0.112209667987E-02
 5565.5 0.112222596699E-02
 5566.4 0.112164934085E-02
 5567.3 0.112067382347E-02
 5568.2 0.111916296061E-02
 5569.1 0.111702725654E-02
 5570.0 0.111467109421E-02
 5570.9 0.111208642225E-02
 5571.8 0.110955936635E-02
 5572.7 0.110740518606E-02
 5573.6 0.110620911732E-02
 5574.5 0.110748932973E-02
 5575.4 0.110972676944E-02
 5576.3 0.111237673652E-02
 5577.2 0.111303434162E-02
 5578.1 0.111265415931E-02
 5579.0 0.111146525768E-02
 5579.9 0.111077446981E-02
 5580.8 0.111032801504E-02
 5581.7 0.110965505185E-02
 5582.6 0.110840946494E-02
 5583.5 0.110676857033E-02
 5584.4 0.110508848934E-02
 5585.3 0.110364985600E-02
 5586.2 0.110241166889E-02
 5587.1 0.110097261669E-02
 5588.0 0.109948851412E-02
 5588.9 0.109795777884E-02
 5589.8 0.109678758614E-02
 5590.7 0.109538292674E-02
 5591.6 0.109366338013E-02
 5592.5 0.109312412533E-02
 5593.4 0.109442044045E-02
 5594.3 0.109842778266E-02
 5595.2 0.110328317018E-02
 5596.1 0.110773510556E-02
 5597.0 0.111113282503E-02
 5597.9 0.111289779432E-02
 5598.8 0.111301158374E-02
 5599.7 0.110995579100E-02
 5600.6 0.110626193981E-02
 5601.5 0.110310264292E-02
 5602.4 0.110232831639E-02
 5603.3 0.110244927292E-02
 5604.2 0.110299941799E-02
 5605.1 0.110383052288E-02
 5606.0 0.110429308036E-02
 5606.9 0.110434017847E-02
 5607.8 0.110292690924E-02
 5608.7 0.110143275411E-02
 5609.6 0.109989648060E-02
 5610.5 0.109847329842E-02
 5611.4 0.109706170462E-02
 5612.3 0.109569665045E-02
 5613.2 0.109549476149E-02
 5614.1 0.109553948608E-02
 5615.0 0.109582547217E-02
 5615.9 0.109610601312E-02
 5616.8 0.109639842167E-02
 5617.7 0.109670525752E-02
 5618.6 0.109688601748E-02
 5619.5 0.109681374142E-02
 5620.4 0.109638134162E-02
 5621.3 0.109397924467E-02
 5622.2 0.109099782227E-02
 5623.1 0.108745536453E-02
 5624.0 0.108491979188E-02
 5624.9 0.108335643231E-02
 5625.8 0.108355971745E-02
 5626.7 0.108921535408E-02
 5627.6 0.109509312440E-02
 5628.5 0.109690295791E-02
 5629.4 0.108059011613E-02
 5630.3 0.105810346539E-02
 5631.2 0.103851646689E-02
 5632.1 0.104223088860E-02
 5633.0 0.105793010523E-02
 5633.9 0.107754902992E-02
 5634.8 0.108649557754E-02
 5635.7 0.108863882102E-02
 5636.6 0.108775894260E-02
 5637.5 0.108731178974E-02
 5638.4 0.108714908716E-02
 5639.3 0.108613610536E-02
 5640.2 0.108539714897E-02
 5641.1 0.108491118205E-02
 5642.0 0.108517887806E-02
 5642.9 0.108600383971E-02
 5643.8 0.108745527145E-02
 5644.7 0.108854941837E-02
 5645.6 0.108951972332E-02
 5646.5 0.109034729119E-02
 5647.4 0.109159636858E-02
 5648.3 0.109025090760E-02
 5649.2 0.108433585902E-02
 5650.1 0.107822864828E-02
 5651.0 0.107287779975E-02
 5651.9 0.106924626514E-02
 5652.8 0.106754854562E-02
 5653.7 0.106636485643E-02
 5654.6 0.106518112070E-02
 5655.5 0.106406980064E-02
 5656.4 0.106332041937E-02
 5657.3 0.106381131949E-02
 5658.2 0.106434703728E-02
 5659.1 0.106490309289E-02
 5660.0 0.106545914850E-02
 5660.9 0.106536416110E-02
 5661.8 0.106474132110E-02
 5662.7 0.106286814715E-02
 5663.6 0.106089821728E-02
 5664.5 0.105887890886E-02
 5665.4 0.105716015343E-02
 5666.3 0.105613376822E-02
 5667.2 0.105571467877E-02
 5668.1 0.105575651790E-02
 5669.0 0.105586928345E-02
 5669.9 0.105605790861E-02
 5670.8 0.105590688748E-02
 5671.7 0.105566222859E-02
 5672.6 0.105531415863E-02
 5673.5 0.105490702986E-02
 5674.4 0.105449827220E-02
 5675.3 0.105409686781E-02
 5676.2 0.105377290538E-02
 5677.1 0.105340840692E-02
 5678.0 0.105293500571E-02
 5678.9 0.105225715586E-02
 5679.8 0.105137420582E-02
 5680.7 0.105008966522E-02
 5681.6 0.104821960943E-02
 5682.5 0.104613328392E-02
 5683.4 0.104396383862E-02
 5684.3 0.104195895749E-02
 5685.2 0.104011985055E-02
 5686.1 0.103872868764E-02
 5687.0 0.103755537679E-02
 5687.9 0.103655160984E-02
 5688.8 0.103591545951E-02
 5689.7 0.103538346489E-02
 5690.6 0.103506862423E-02
 5691.5 0.103658949311E-02
 5692.4 0.103825961462E-02
 5693.3 0.104005008763E-02
 5694.2 0.104174166391E-02
 5695.1 0.104281100521E-02
 5696.0 0.104325248023E-02
 5696.9 0.104200987185E-02
 5697.8 0.104048769986E-02
 5698.7 0.103867875061E-02
 5699.6 0.103655212178E-02
 5700.5 0.103453746732E-02
 5701.4 0.103273554555E-02
 5702.3 0.103119685199E-02
 5703.2 0.102986684217E-02
 5704.1 0.102885907281E-02
 5705.0 0.102884185315E-02
 5705.9 0.102941801388E-02
 5706.8 0.103089588014E-02
 5707.7 0.103256995752E-02
 5708.6 0.103428201124E-02
 5709.5 0.103592732712E-02
 5710.4 0.103652750231E-02
 5711.3 0.103660689893E-02
 5712.2 0.103623113788E-02
 5713.1 0.103569109191E-02
 5714.0 0.103506797267E-02
 5714.9 0.103444178182E-02
 5715.8 0.103406709118E-02
 5716.7 0.103385049570E-02
 5717.6 0.103363604104E-02
 5718.5 0.103340608868E-02
 5719.4 0.103315621736E-02
 5720.3 0.103270529479E-02
 5721.2 0.103215761631E-02
 5722.1 0.103151778934E-02
 5723.0 0.103081224841E-02
 5723.9 0.103005853894E-02
 5724.8 0.102924954039E-02
 5725.7 0.102858016075E-02
 5726.6 0.102794712858E-02
 5727.5 0.102735258468E-02
 5728.4 0.102686433732E-02
 5729.3 0.102647093775E-02
 5730.2 0.102622204375E-02
 5731.1 0.102596570342E-02
 5732.0 0.102570005516E-02
 5732.9 0.102541672183E-02
 5733.8 0.102498934832E-02
 5734.7 0.102446563776E-02
 5735.6 0.102377913153E-02
 5736.5 0.102309583654E-02
 5737.4 0.102242999392E-02
 5738.3 0.102182702635E-02
 5739.2 0.102147095157E-02
 5740.1 0.102126971416E-02
 5741.0 0.102127999943E-02
 5741.9 0.102132039583E-02
 5742.8 0.102137252023E-02
 5743.7 0.102137228753E-02
 5744.6 0.102121875326E-02
 5745.5 0.102094817179E-02
 5746.4 0.102058506953E-02
 5747.3 0.102017700997E-02
 5748.2 0.101972846092E-02
 5749.1 0.101917654733E-02
 5750.0 0.101853327644E-02
 5750.9 0.101778934030E-02
 5751.8 0.101705857488E-02
 5752.7 0.101634391217E-02
 5753.6 0.101565014576E-02
 5754.5 0.101542005378E-02
 5755.4 0.101531496728E-02
 5756.3 0.101533209387E-02
 5757.2 0.101539990212E-02
 5758.1 0.101547464478E-02
 5759.0 0.101554501272E-02
 5759.9 0.101539441044E-02
 5760.8 0.101515291625E-02
 5761.7 0.101481876164E-02
 5762.6 0.101435359794E-02
 5763.5 0.101383863683E-02
 5764.4 0.101330585104E-02
 5765.3 0.101267393581E-02
 5766.2 0.101195480530E-02
 5767.1 0.101102140629E-02
 5768.0 0.100986745592E-02
 5768.9 0.100851482784E-02
 5769.8 0.100658980873E-02
 5770.7 0.100446290066E-02
 5771.6 0.100217524467E-02
 5772.5 0.999583684840E-03
 5773.4 0.996646242408E-03
 5774.3 0.993414250596E-03
 5775.2 0.990102350223E-03
 5776.1 0.987012443931E-03
 5777.0 0.984153653490E-03
 5777.9 0.982329020379E-03
 5778.8 0.981532494448E-03
 5779.7 0.982001660555E-03
 5780.6 0.983132341099E-03
 5781.5 0.984476638588E-03
 5782.4 0.986058986335E-03
 5783.3 0.987320769044E-03
 5784.2 0.988373449152E-03
 5785.1 0.989114918690E-03
 5786.0 0.989739294495E-03
 5786.9 0.990272266447E-03
 5787.8 0.990645048961E-03
 5788.7 0.991081916558E-03
 5789.6 0.991495421255E-03
 5790.5 0.991766468116E-03
 5791.4 0.991860198951E-03
 5792.3 0.991779126898E-03
 5793.2 0.991243641805E-03
 5794.1 0.990285856022E-03
 5795.0 0.989095046264E-03
 5795.9 0.987817440077E-03
 5796.8 0.986575855572E-03
 5797.7 0.985423580635E-03
 5798.6 0.985019290786E-03
 5799.5 0.984804743048E-03
 5800.4 0.984748523163E-03
 5801.3 0.984905268669E-03
 5802.2 0.985201260777E-03
 5803.1 0.985634125965E-03
 5804.0 0.986113251555E-03
 5804.9 0.986549839914E-03
 5805.8 0.986933885020E-03
 5806.7 0.987072107749E-03
 5807.6 0.986849787891E-03
 5808.5 0.986119953263E-03
 5809.4 0.985164727160E-03
 5810.3 0.984176225215E-03
 5811.2 0.983184791272E-03
 5812.1 0.982508756468E-03
 5813.0 0.982054808823E-03
 5813.9 0.981963684209E-03
 5814.8 0.982036984141E-03
 5815.7 0.982186143686E-03
 5816.6 0.982419633058E-03
 5817.5 0.982820665132E-03
 5818.4 0.983305608177E-03
 5819.3 0.983870832100E-03
 5820.2 0.984435311388E-03
 5821.1 0.984990622368E-03
 5822.0 0.985495065522E-03
 5822.9 0.985843833581E-03
 5823.8 0.986076811017E-03
 5824.7 0.986112646539E-03
 5825.6 0.985989316494E-03
 5826.5 0.985720084679E-03
 5827.4 0.984895588424E-03
 5828.3 0.983865386962E-03
 5829.2 0.982644372977E-03
 5830.1 0.981373142722E-03
 5831.0 0.980191361653E-03
 5831.9 0.979111688554E-03
 5832.8 0.978770646075E-03
 5833.7 0.978529617282E-03
 5834.6 0.978365239275E-03
 5835.5 0.978191832578E-03
 5836.4 0.977878248486E-03
 5837.3 0.977323263284E-03
 5838.2 0.976586913106E-03
 5839.1 0.975798624691E-03
 5840.0 0.974972220310E-03
 5840.9 0.974248110058E-03
 5841.8 0.973543825692E-03
 5842.7 0.972818551948E-03
 5843.6 0.972076989331E-03
 5844.5 0.971335752491E-03
 5845.4 0.970617273535E-03
 5846.3 0.969872778920E-03
 5847.2 0.969169285728E-03
 5848.1 0.968741353742E-03
 5849.0 0.968374109446E-03
 5849.9 0.968051589743E-03
 5850.8 0.967809583617E-03
 5851.7 0.967566274381E-03
 5852.6 0.967319241974E-03
 5853.5 0.967026973038E-03
 5854.4 0.966731679024E-03
 5855.3 0.966435081901E-03
 5856.2 0.966300256565E-03
 5857.1 0.966278848331E-03
 5858.0 0.966379234334E-03
 5858.9 0.966142161410E-03
 5859.8 0.965629341121E-03
 5860.7 0.964772872133E-03
 5861.6 0.962649919933E-03
 5862.5 0.960008888465E-03
 5863.4 0.956738036055E-03
 5864.3 0.952821259986E-03
 5865.2 0.948562464106E-03
 5866.1 0.943830313551E-03
 5867.0 0.938594092160E-03
 5867.9 0.933124474477E-03
 5868.8 0.927369196485E-03
 5869.7 0.921385222705E-03
 5870.6 0.915057460607E-03
 5871.5 0.907814170718E-03
 5872.4 0.900702076074E-03
 5873.3 0.893936701745E-03
 5874.2 0.888536940060E-03
 5875.1 0.885393838960E-03
 5876.0 0.884370758063E-03
 5876.9 0.889714904878E-03
 5877.8 0.896081201798E-03
 5878.7 0.903144522900E-03
 5879.6 0.910365147984E-03
 5880.5 0.915755136344E-03
 5881.4 0.919560263817E-03
 5882.3 0.920133306400E-03
 5883.2 0.920002157695E-03
 5884.1 0.919157416697E-03
 5885.0 0.917193816223E-03
 5885.9 0.914633019094E-03
 5886.8 0.911370497278E-03
 5887.7 0.907907389616E-03
 5888.6 0.904566308890E-03
 5889.5 0.901439357044E-03
 5890.4 0.899688442723E-03
 5891.3 0.898827552470E-03
 5892.2 0.899271912949E-03
 5893.1 0.900564318741E-03
 5894.0 0.902306669768E-03
 5894.9 0.904681168720E-03
 5895.8 0.907862106547E-03
 5896.7 0.911409450957E-03
 5897.6 0.915337815396E-03
 5898.5 0.919378573064E-03
 5899.4 0.923418353400E-03
 5900.3 0.927263504964E-03
 5901.2 0.930584666725E-03
 5902.1 0.933570556922E-03
 5903.0 0.936118881428E-03
 5903.9 0.938243369436E-03
 5904.8 0.940016669324E-03
 5905.7 0.940917211350E-03
 5906.6 0.941479642895E-03
 5907.5 0.941765070504E-03
 5908.4 0.941690188224E-03
 5909.3 0.941565275832E-03
 5910.2 0.941392381071E-03
 5911.1 0.941081589357E-03
 5912.0 0.940746783190E-03
 5912.9 0.940386100983E-03
 5913.8 0.940049479770E-03
 5914.7 0.939892827343E-03
 5915.6 0.939993771821E-03
 5916.5 0.940294604052E-03
 5917.4 0.940608607000E-03
 5918.3 0.940898781653E-03
 5919.2 0.940970452698E-03
 5920.1 0.940841677515E-03
 5921.0 0.940359201071E-03
 5921.9 0.939754651153E-03
 5922.8 0.939098628393E-03
 5923.7 0.938392249743E-03
 5924.6 0.937690990454E-03
 5925.5 0.936989126149E-03
 5926.4 0.936277488520E-03
 5927.3 0.935631052926E-03
 5928.2 0.935040139122E-03
 5929.1 0.934585539922E-03
 5930.0 0.934516940494E-03
 5930.9 0.934688206367E-03
 5931.8 0.934956833167E-03
 5932.7 0.935214616231E-03
 5933.6 0.935446802493E-03
 5934.5 0.935353257817E-03
 5935.4 0.935071460299E-03
 5936.3 0.934619700018E-03
 5937.2 0.934063132468E-03
 5938.1 0.933486552873E-03
 5939.0 0.932887773870E-03
 5939.9 0.932372905837E-03
 5940.8 0.931888847045E-03
 5941.7 0.931440530697E-03
 5942.6 0.931073426020E-03
 5943.5 0.930808056995E-03
 5944.4 0.930698735382E-03
 5945.3 0.930763890877E-03
 5946.2 0.930861624120E-03
 5947.1 0.930961405107E-03
 5948.0 0.930971969606E-03
 5948.9 0.930863951102E-03
 5949.8 0.930497358361E-03
 5950.7 0.929995521427E-03
 5951.6 0.929426388174E-03
 5952.5 0.928782884578E-03
 5953.4 0.928115552686E-03
 5954.3 0.927446173049E-03
 5955.2 0.926819097945E-03
 5956.1 0.926179736376E-03
 5957.0 0.925530415325E-03
 5957.9 0.924857126359E-03
 5958.8 0.924148979202E-03
 5959.7 0.923414769848E-03
 5960.6 0.922652776329E-03
 5961.5 0.921916193453E-03
 5962.4 0.921203392333E-03
 5963.3 0.920640588471E-03
 5964.2 0.920159042820E-03
 5965.1 0.919762525091E-03
 5966.0 0.919429859747E-03
 5966.9 0.919100033321E-03
 5967.8 0.918770718831E-03
 5968.7 0.918525129153E-03
 5969.6 0.918310674494E-03
 5970.5 0.918132846531E-03
 5971.4 0.917870130265E-03
 5972.3 0.917537511461E-03
 5973.2 0.917093802537E-03
 5974.1 0.916013943280E-03
 5975.0 0.914759560374E-03
 5975.9 0.913441371622E-03
 5976.8 0.912189501856E-03
 5977.7 0.911087908587E-03
 5978.6 0.910411036068E-03
 5979.5 0.910162933250E-03
 5980.4 0.910128307758E-03
 5981.3 0.910257269099E-03
 5982.2 0.910433793952E-03
 5983.1 0.910627910789E-03
 5984.0 0.910773486782E-03
 5984.9 0.910869218820E-03
 5985.8 0.910921762073E-03
 5986.7 0.910850370266E-03
 5987.6 0.910613157723E-03
 5988.5 0.910228693760E-03
 5989.4 0.909374039819E-03
 5990.3 0.908467447639E-03
 5991.2 0.907509522237E-03
 5992.1 0.906532794821E-03
 5993.0 0.905795467311E-03
 5993.9 0.905348593692E-03
 5994.8 0.905054509709E-03
 5995.7 0.904752095131E-03
 5996.6 0.904419290168E-03
 5997.5 0.903540901010E-03
 5998.4 0.902214335123E-03
 5999.3 0.900199401427E-03
 6000.2 0.898619147964E-03
 6001.1 0.897487210850E-03
 6002.0 0.897189636394E-03
 6002.9 0.900282288525E-03
 6003.8 0.904834470293E-03
 6004.7 0.910800759010E-03
 6005.6 0.916516152531E-03
 6006.5 0.921642912689E-03
 6007.4 0.924759672353E-03
 6008.3 0.923903110286E-03
 6009.2 0.920886457387E-03
 6010.1 0.916620354784E-03
 6011.0 0.912032477112E-03
 6011.9 0.907428077868E-03
 6012.8 0.904556907882E-03
 6013.7 0.902588560365E-03
 6014.6 0.901323752580E-03
 6015.5 0.900485945988E-03
 6016.4 0.899766117382E-03
 6017.3 0.899156075786E-03
 6018.2 0.897972898529E-03
 6019.1 0.896829233425E-03
 6020.0 0.895735970751E-03
 6020.9 0.894808063417E-03
 6021.8 0.894087909034E-03
 6022.7 0.893645270521E-03
 6023.6 0.893603617544E-03
 6024.5 0.893656998511E-03
 6025.4 0.893789729563E-03
 6026.3 0.893917992809E-03
 6027.2 0.893919295919E-03
 6028.1 0.893644246649E-03
 6029.0 0.893307392738E-03
 6029.9 0.892946943229E-03
 6030.8 0.892567133230E-03
 6031.7 0.892275655468E-03
 6032.6 0.892032066994E-03
 6033.5 0.891849398909E-03
 6034.4 0.891639225896E-03
 6035.3 0.891395358185E-03
 6036.2 0.891040446893E-03
 6037.1 0.890537772246E-03
 6038.0 0.889940901368E-03
 6038.9 0.889270172082E-03
 6039.8 0.888587109792E-03
 6040.7 0.887898695443E-03
 6041.6 0.887266966375E-03
 6042.5 0.886630536803E-03
 6043.4 0.885990709838E-03
 6044.3 0.885462112611E-03
 6045.2 0.885018403687E-03
 6046.1 0.884666331314E-03
 6047.0 0.884829313132E-03
 6047.9 0.885109155985E-03
 6048.8 0.885512142724E-03
 6049.7 0.885897490940E-03
 6050.6 0.886076854711E-03
 6051.5 0.885921505394E-03
 6052.4 0.885002021734E-03
 6053.3 0.884048843376E-03
 6054.2 0.883295971626E-03
 6055.1 0.883222206297E-03
 6056.0 0.884174453863E-03
 6056.9 0.887371494405E-03
 6057.8 0.891568625263E-03
 6058.7 0.895960803750E-03
 6059.6 0.899884746923E-03
 6060.5 0.902076996647E-03
 6061.4 0.902524661440E-03
 6062.3 0.898228214991E-03
 6063.2 0.893121280719E-03
 6064.1 0.887557373726E-03
 6065.0 0.881862457647E-03
 6065.9 0.877467719479E-03
 6066.8 0.874111187592E-03
 6067.7 0.872853919228E-03
 6068.6 0.872296886282E-03
 6069.5 0.872354036960E-03
 6070.4 0.873965797758E-03
 6071.3 0.876821237346E-03
 6072.2 0.880942694749E-03
 6073.1 0.885174171861E-03
 6074.0 0.889023791230E-03
 6074.9 0.892391771868E-03
 6075.8 0.892181226539E-03
 6076.7 0.890391637777E-03
 6077.6 0.886653760083E-03
 6078.5 0.882323386237E-03
 6079.4 0.878091257571E-03
 6080.3 0.874221439998E-03
 6081.2 0.872869789246E-03
 6082.1 0.872362553714E-03
 6083.0 0.872535169237E-03
 6083.9 0.872990280373E-03
 6084.8 0.873416816169E-03
 6085.7 0.873478900049E-03
 6086.6 0.873085360856E-03
 6087.5 0.872502172632E-03
 6088.4 0.871886173963E-03
 6089.3 0.871347291476E-03
 6090.2 0.870901581347E-03
 6091.1 0.870793376685E-03
 6092.0 0.870770898039E-03
 6092.9 0.870804965055E-03
 6093.8 0.870863232684E-03
 6094.7 0.870845128764E-03
 6095.6 0.870762613983E-03
 6096.5 0.870555512587E-03
 6097.4 0.870322535151E-03
 6098.3 0.870064752088E-03
 6099.2 0.869765316046E-03
 6100.1 0.869483146212E-03
 6101.0 0.869222105373E-03
 6101.9 0.868950825814E-03
 6102.8 0.868647480443E-03
 6103.7 0.868298665844E-03
 6104.6 0.867844252803E-03
 6105.5 0.867254083633E-03
 6106.4 0.866444619682E-03
 6107.3 0.865578330830E-03
 6108.2 0.864701198243E-03
 6109.1 0.863825741082E-03
 6110.0 0.863128949598E-03
 6110.9 0.862527936692E-03
 6111.8 0.862060073695E-03
 6112.7 0.861606405289E-03
 6113.6 0.861153155739E-03
 6114.5 0.860680964555E-03
 6115.4 0.859949640659E-03
 6116.3 0.859094754019E-03
 6117.2 0.858237773095E-03
 6118.1 0.857431520379E-03
 6119.0 0.856687491160E-03
 6119.9 0.856227679521E-03
 6120.8 0.856029048339E-03
 6121.7 0.856029281038E-03
 6122.6 0.856147817500E-03
 6123.5 0.856315546361E-03
 6124.4 0.856527813657E-03
 6125.3 0.856497097495E-03
 6126.2 0.856402249709E-03
 6127.1 0.856236335894E-03
 6128.0 0.855954166059E-03
 6128.9 0.855531911909E-03
 6129.8 0.854926803515E-03
 6130.7 0.854199528567E-03
 6131.6 0.853474487522E-03
 6132.5 0.852777044483E-03
 6133.4 0.852269808951E-03
 6134.3 0.852007371923E-03
 6135.2 0.852191296579E-03
 6136.1 0.852503531021E-03
 6137.0 0.852824421836E-03
 6137.9 0.853078574808E-03
 6138.8 0.852882829083E-03
 6139.7 0.852359723534E-03
 6140.6 0.851218571571E-03
 6141.5 0.850050985093E-03
 6142.4 0.848917139854E-03
 6143.3 0.848010221897E-03
 6144.2 0.847867019426E-03
 6145.1 0.848209970030E-03
 6146.0 0.849002307394E-03
 6146.9 0.849752479845E-03
 6147.8 0.850431912043E-03
 6148.7 0.850509354004E-03
 6149.6 0.849886793245E-03
 6150.5 0.848660473741E-03
 6151.4 0.847076636726E-03
 6152.3 0.845414426958E-03
 6153.2 0.843669842028E-03
 6154.1 0.842168566334E-03
 6155.0 0.840782150470E-03
 6155.9 0.839531583815E-03
 6156.8 0.838385731348E-03
 6157.7 0.837317600080E-03
 6158.6 0.836356928839E-03
 6159.5 0.835539227371E-03
 6160.4 0.834771556016E-03
 6161.3 0.834057219088E-03
 6162.2 0.833377507652E-03
 6163.1 0.832706917985E-03
 6164.0 0.832038794919E-03
 6164.9 0.831347122795E-03
 6165.8 0.830635392086E-03
 6166.7 0.829882101480E-03
 6167.6 0.829016976119E-03
 6168.5 0.828030242681E-03
 6169.4 0.826703537174E-03
 6170.3 0.825437472819E-03
 6171.2 0.824240100971E-03
 6172.1 0.823289482293E-03
 6173.0 0.822896548116E-03
 6173.9 0.822933128272E-03
 6174.8 0.823723371353E-03
 6175.7 0.824616513576E-03
 6176.6 0.825589657440E-03
 6177.5 0.826456923624E-03
 6178.4 0.826970442008E-03
 6179.3 0.827133377286E-03
 6180.2 0.827004741722E-03
 6181.1 0.826777209424E-03
 6182.0 0.826437888912E-03
 6182.9 0.825975098735E-03
 6183.8 0.825419648137E-03
 6184.7 0.824740122859E-03
 6185.6 0.823992323930E-03
 6186.5 0.823234518978E-03
 6187.4 0.822476388249E-03
 6188.3 0.821856014853E-03
 6189.2 0.821280366051E-03
 6190.1 0.820740552771E-03
 6191.0 0.820189197661E-03
 6191.9 0.819583018855E-03
 6192.8 0.818819908385E-03
 6193.7 0.818002579234E-03
 6194.6 0.817181340754E-03
 6195.5 0.816430237510E-03
 6196.4 0.815826711464E-03
 6197.3 0.815360710053E-03
 6198.2 0.815279079525E-03
 6199.1 0.815334880553E-03
 6200.0 0.815487949427E-03
 6200.9 0.815763836411E-03
 6201.8 0.816064296324E-03
 6202.7 0.816383651331E-03
 6203.6 0.816705612558E-03
 6204.5 0.817035857840E-03
 6205.4 0.817373782164E-03
 6206.3 0.817698163452E-03
 6207.2 0.818028222576E-03
 6208.1 0.818364936868E-03
 6209.0 0.818729528405E-03
 6209.9 0.819037574279E-03
 6210.8 0.819263151912E-03
 6211.7 0.819304153335E-03
 6212.6 0.819052699662E-03
 6213.5 0.818329101346E-03
 6214.4 0.817459508180E-03
 6215.3 0.816554126031E-03
 6216.2 0.815632082691E-03
 6217.1 0.814979503865E-03
 6218.0 0.814491768442E-03
 6218.9 0.814263631128E-03
 6219.8 0.814085151611E-03
 6220.7 0.813917515829E-03
 6221.6 0.813723585150E-03
 6222.5 0.813423078698E-03
 6223.4 0.813058952557E-03
 6224.3 0.812618268710E-03
 6225.2 0.812113127462E-03
 6226.1 0.811547438142E-03
 6227.0 0.810789493572E-03
 6227.9 0.809855396466E-03
 6228.8 0.808797876235E-03
 6229.7 0.807789129547E-03
 6230.6 0.806876487214E-03
 6231.5 0.806052968291E-03
 6232.4 0.805997027644E-03
 6233.3 0.806125244352E-03
 6234.2 0.806453023033E-03
 6235.1 0.806890123328E-03
 6236.0 0.807291806958E-03
 6236.9 0.807639271907E-03
 6237.8 0.807625915030E-03
 6238.7 0.807533906163E-03
 6239.6 0.807375997166E-03
 6240.5 0.807145625950E-03
 6241.4 0.806884492032E-03
 6242.3 0.806585893704E-03
 6243.2 0.806258766578E-03
 6244.1 0.805929312469E-03
 6245.0 0.805612191365E-03
 6245.9 0.805332162353E-03
 6246.8 0.805098998759E-03
 6247.7 0.804985302419E-03
 6248.6 0.804945138710E-03
 6249.5 0.804957797492E-03
 6250.4 0.805071633451E-03
 6251.3 0.805381633990E-03
 6252.2 0.805815802288E-03
 6253.1 0.806375767232E-03
 6254.0 0.806880024227E-03
 6254.9 0.807327084005E-03
 6255.8 0.807518734240E-03
 6256.7 0.807326665148E-03
 6257.6 0.806809888990E-03
 6258.5 0.806043753443E-03
 6259.4 0.805192310736E-03
 6260.3 0.804253606205E-03
 6261.2 0.803310899266E-03
 6262.1 0.802374056321E-03
 6263.0 0.801444799337E-03
 6263.9 0.800458717453E-03
 6264.8 0.799450017304E-03
 6265.7 0.798414231085E-03
 6266.6 0.797221838979E-03
 6267.5 0.795990167417E-03
 6268.4 0.794729268961E-03
 6269.3 0.793485822871E-03
 6270.2 0.792294733874E-03
 6271.1 0.791222134800E-03
 6272.0 0.790422444173E-03
 6272.9 0.789695588082E-03
 6273.8 0.788932896468E-03
 6274.7 0.788063489461E-03
 6275.6 0.786989587277E-03
 6276.5 0.785216659706E-03
 6277.4 0.783234071060E-03
 6278.3 0.781147233620E-03
 6279.2 0.779077708926E-03
 6280.1 0.777150362831E-03
 6281.0 0.775355840868E-03
 6281.9 0.774013777281E-03
 6282.8 0.772990510225E-03
 6283.7 0.772242897455E-03
 6284.6 0.772199801748E-03
 6285.5 0.773047335125E-03
 6286.4 0.774754316026E-03
 6287.3 0.777408750910E-03
 6288.2 0.780143280514E-03
 6289.1 0.782953623191E-03
 6290.0 0.785315277203E-03
 6290.9 0.786967294790E-03
 6291.8 0.787631648145E-03
 6292.7 0.787781273086E-03
 6293.6 0.787682748669E-03
 6294.5 0.787260261821E-03
 6295.4 0.786497290969E-03
 6296.3 0.785617971019E-03
 6297.2 0.784632168373E-03
 6298.1 0.783602478847E-03
 6299.0 0.782614861155E-03
 6299.9 0.781788130997E-03
 6300.8 0.781313007816E-03
 6301.7 0.780980295933E-03
 6302.6 0.780690493597E-03
 6303.5 0.780363319930E-03
 6304.4 0.779960240112E-03
 6305.3 0.779230731261E-03
 6306.2 0.778350433978E-03
 6307.1 0.777379617096E-03
 6308.0 0.776405821677E-03
 6308.9 0.775516356085E-03
 6309.8 0.774704146295E-03
 6310.7 0.774179784175E-03
 6311.6 0.773755854598E-03
 6312.5 0.773423282334E-03
 6313.4 0.773273191996E-03
 6314.3 0.773245268212E-03
 6315.2 0.773353472874E-03
 6316.1 0.773804255824E-03
 6317.0 0.774286453029E-03
 6317.9 0.774785171807E-03
 6318.8 0.775174196655E-03
 6319.7 0.775262203113E-03
 6320.6 0.774859635231E-03
 6321.5 0.774338112029E-03
 6322.4 0.773844000676E-03
 6323.3 0.773455394685E-03
 6324.2 0.773818636572E-03
 6325.1 0.774585377135E-03
 6326.0 0.775919901300E-03
 6326.9 0.777217147214E-03
 6327.8 0.778365280123E-03
 6328.7 0.779021256343E-03
 6329.6 0.778725124617E-03
 6330.5 0.777918313424E-03
 6331.4 0.776682220597E-03
 6332.3 0.775335037649E-03
 6333.2 0.773976638649E-03
 6334.1 0.773015315853E-03
 6335.0 0.772137066314E-03
 6335.9 0.771324251509E-03
 6336.8 0.770620991015E-03
 6337.7 0.769967760633E-03
 6338.6 0.769360930272E-03
 6339.5 0.769027147977E-03
 6340.4 0.768843130242E-03
 6341.3 0.768817207663E-03
 6342.2 0.768880175795E-03
 6343.1 0.768947984050E-03
 6344.0 0.769017421192E-03
 6344.9 0.768858069466E-03
 6345.8 0.768668885832E-03
 6346.7 0.768468067287E-03
 6347.6 0.768291495894E-03
 6348.5 0.768196834267E-03
 6349.4 0.768257987353E-03
 6350.3 0.768361584591E-03
 6351.2 0.768435861856E-03
 6352.1 0.768409846198E-03
 6353.0 0.768117484182E-03
 6353.9 0.767563290153E-03
 6354.8 0.766422929364E-03
 6355.7 0.765179436734E-03
 6356.6 0.763899643184E-03
 6357.5 0.762650612337E-03
 6358.4 0.761725776619E-03
 6359.3 0.761033825257E-03
 6360.2 0.760759148304E-03
 6361.1 0.760578993359E-03
 6362.0 0.760464878163E-03
 6362.9 0.760396604512E-03
 6363.8 0.760218264613E-03
 6364.7 0.759950754764E-03
 6365.6 0.759684454946E-03
 6366.5 0.759450314020E-03
 6367.4 0.759248285444E-03
 6368.3 0.759273463389E-03
 6369.2 0.759421226745E-03
 6370.1 0.759711866794E-03
 6371.0 0.759967322876E-03
 6371.9 0.760152550642E-03
 6372.8 0.760236228914E-03
 6373.7 0.759679987141E-03
 6374.6 0.758934887511E-03
 6375.5 0.758009586397E-03
 6376.4 0.757133943077E-03
 6377.3 0.756403549974E-03
 6378.2 0.755992046480E-03
 6379.1 0.756316520848E-03
 6380.0 0.756897568248E-03
 6380.9 0.757595709382E-03
 6381.8 0.758252011379E-03
 6382.7 0.758770788742E-03
 6383.6 0.758787496472E-03
 6384.5 0.758529201473E-03
 6385.4 0.758111601287E-03
 6386.3 0.757555545673E-03
 6387.2 0.756975568684E-03
 6388.1 0.756383398310E-03
 6389.0 0.755817522832E-03
 6389.9 0.755254532812E-03
 6390.8 0.754695359042E-03
 6391.7 0.754172113874E-03
 6392.6 0.753731150788E-03
 6393.5 0.753367583124E-03
 6394.4 0.753118689131E-03
 6395.3 0.752870865550E-03
 6396.2 0.752622855811E-03
 6397.1 0.752299544935E-03
 6398.0 0.751918617985E-03
 6398.9 0.751462901834E-03
 6399.8 0.750923135094E-03
 6400.7 0.750334780970E-03
 6401.6 0.749679549384E-03
 6402.5 0.748806326126E-03
 6403.4 0.747810191680E-03
 6404.3 0.746636182732E-03
 6405.2 0.745530959370E-03
 6406.1 0.744510205455E-03
 6407.0 0.743676633970E-03
 6407.9 0.743475861965E-03
 6408.8 0.743573315970E-03
 6409.7 0.743933718939E-03
 6410.6 0.744400511524E-03
 6411.5 0.744906816264E-03
 6412.4 0.745360717369E-03
 6413.3 0.745718514118E-03
 6414.2 0.746012225783E-03
 6415.1 0.746237570718E-03
 6416.0 0.746393199273E-03
 6416.9 0.746484137729E-03
 6417.8 0.746329626125E-03
 6418.7 0.746125363647E-03
 6419.6 0.745876935051E-03
 6420.5 0.745605283175E-03
 6421.4 0.745396925208E-03
 6422.3 0.745257445908E-03
 6423.2 0.745119828194E-03
 6424.1 0.745006178394E-03
 6425.0 0.744924361708E-03
 6425.9 0.744886245743E-03
 6426.8 0.744970017094E-03
 6427.7 0.745247719124E-03
 6428.6 0.745668297847E-03
 6429.5 0.746088830030E-03
 6430.4 0.746457377436E-03
 6431.3 0.746571585712E-03
 6432.2 0.746436713836E-03
 6433.1 0.745811546857E-03
 6434.0 0.745092230188E-03
 6434.9 0.744352249918E-03
 6435.8 0.743650199455E-03
 6436.7 0.743259406101E-03
 6437.6 0.743042670999E-03
 6438.5 0.743014793755E-03
 6439.4 0.743004229257E-03
 6440.3 0.742987661145E-03
 6441.2 0.742859165201E-03
 6442.1 0.742552236277E-03
 6443.0 0.742119929565E-03
 6443.9 0.741631309889E-03
 6444.8 0.741134545776E-03
 6445.7 0.740633174238E-03
 6446.6 0.740250199544E-03
 6447.5 0.739946062999E-03
 6448.4 0.739722998507E-03
 6449.3 0.739491743038E-03
 6450.2 0.739239172414E-03
 6451.1 0.738960074195E-03
 6452.0 0.738326716240E-03
 6452.9 0.737638674208E-03
 6453.8 0.736915680907E-03
 6454.7 0.736248023237E-03
 6455.6 0.735707511863E-03
 6456.5 0.735397092466E-03
 6457.4 0.735447913753E-03
 6458.3 0.735589440797E-03
 6459.2 0.735751584901E-03
 6460.1 0.735828282227E-03
 6461.0 0.735717005949E-03
 6461.9 0.735087976180E-03
 6462.8 0.734284748540E-03
 6463.7 0.733410315252E-03
 6464.6 0.732532344951E-03
 6465.5 0.731803301497E-03
 6466.4 0.731220764828E-03
 6467.3 0.731085753333E-03
 6468.2 0.731065927447E-03
 6469.1 0.731133921860E-03
 6470.0 0.731356241719E-03
 6470.9 0.731625333915E-03
 6471.8 0.731931937060E-03
 6472.7 0.732256085650E-03
 6473.6 0.732576836846E-03
 6474.5 0.732894330268E-03
 6475.4 0.733122467581E-03
 6476.3 0.733332407895E-03
 6477.2 0.733522522323E-03
 6478.1 0.733606200595E-03
 6479.0 0.733622070612E-03
 6479.9 0.733550213409E-03
 6480.8 0.733169798394E-03
 6481.7 0.732648926748E-03
 6482.6 0.731948924029E-03
 6483.5 0.731170408938E-03
 6484.4 0.730377420018E-03
 6485.3 0.729588386969E-03
 6486.2 0.728941811756E-03
 6487.1 0.728348896747E-03
 6488.0 0.727794470021E-03
 6488.9 0.727272295264E-03
 6489.8 0.726766037065E-03
 6490.7 0.726274857708E-03
 6491.6 0.725851719305E-03
 6492.5 0.725474934383E-03
 6493.4 0.725175731040E-03
 6494.3 0.724966581900E-03
 6495.2 0.724824729078E-03
 6496.1 0.724802017734E-03
 6497.0 0.724819051242E-03
 6497.9 0.724867917864E-03
 6498.8 0.724962300253E-03
 6499.7 0.725088655374E-03
 6500.6 0.725244190850E-03
 6501.5 0.725444916315E-03
 6502.4 0.725603523407E-03
 6503.3 0.725714660067E-03
 6504.2 0.725645595241E-03
 6505.1 0.725407498445E-03
 6506.0 0.724950293026E-03
 6506.9 0.724290640174E-03
 6507.8 0.723545261306E-03
 6508.7 0.722694051298E-03
 6509.6 0.721736963610E-03
 6510.5 0.720700153519E-03
 6511.4 0.719534382086E-03
 6512.3 0.718334404019E-03
 6513.2 0.717126421133E-03
 6514.1 0.715921137547E-03
 6515.0 0.714893356146E-03
 6515.9 0.713960841388E-03
 6516.8 0.713149329692E-03
 6517.7 0.712392595152E-03
 6518.6 0.711658525417E-03
 6519.5 0.710914728896E-03
 6520.4 0.710174655548E-03
 6521.3 0.709449614502E-03
 6522.2 0.708826216030E-03
 6523.1 0.708361052332E-03
 6524.0 0.708031272446E-03
 6524.9 0.708068271459E-03
 6525.8 0.708090843184E-03
 6526.7 0.708100011493E-03
 6527.6 0.708027502735E-03
 6528.5 0.707645319215E-03
 6529.4 0.706934984695E-03
 6530.3 0.706212084473E-03
 6531.2 0.705494675929E-03
 6532.1 0.704785132584E-03
 6533.0 0.704224841863E-03
 6533.9 0.703842518723E-03
 6534.8 0.703722446453E-03
 6535.7 0.703558394223E-03
 6536.6 0.703393131963E-03
 6537.5 0.703240202708E-03
 6538.4 0.703026771920E-03
 6539.3 0.702860904645E-03
 6540.2 0.702853691001E-03
 6541.1 0.702713141289E-03
 6542.0 0.702455265146E-03
 6542.9 0.701948960407E-03
 6543.8 0.701052560409E-03
 6544.7 0.699879668411E-03
 6545.6 0.698189348701E-03
 6546.5 0.696087478958E-03
 6547.4 0.693678401054E-03
 6548.3 0.690663470121E-03
 6549.2 0.687256815042E-03
 6550.1 0.683524568644E-03
 6551.0 0.678988070735E-03
 6551.9 0.673888815503E-03
 6552.8 0.668286652926E-03
 6553.7 0.660983885378E-03
 6554.6 0.652649427100E-03
 6555.5 0.643283231551E-03
 6556.4 0.633597634456E-03
 6557.3 0.624020428181E-03
 6558.2 0.614586703615E-03
 6559.1 0.606058780055E-03
 6560.0 0.598335852641E-03
 6560.9 0.591717776271E-03
 6561.8 0.587334673013E-03
 6562.7 0.584856995680E-03
 6563.6 0.585353527095E-03
 6564.5 0.590862517314E-03
 6565.4 0.598135406413E-03
 6566.3 0.607009352194E-03
 6567.2 0.616695321606E-03
 6568.1 0.626248373808E-03
 6569.0 0.634641006636E-03
 6569.9 0.642228364080E-03
 6570.8 0.649380017418E-03
 6571.7 0.656027320681E-03
 6572.6 0.662104932217E-03
 6573.5 0.667735437434E-03
 6574.4 0.672378743817E-03
 6575.3 0.676549626318E-03
 6576.2 0.680362898228E-03
 6577.1 0.683538111679E-03
 6578.0 0.686389362700E-03
 6578.9 0.688971893841E-03
 6579.8 0.691078976023E-03
 6580.7 0.692913847854E-03
 6581.6 0.694491727795E-03
 6582.5 0.695604118261E-03
 6583.4 0.696359223913E-03
 6584.3 0.696706549244E-03
 6585.2 0.696739220071E-03
 6586.1 0.696673971496E-03
 6587.0 0.696498935912E-03
 6587.9 0.696426473693E-03
 6588.8 0.696465334292E-03
 6589.7 0.696677787747E-03
 6590.6 0.696927007517E-03
 6591.5 0.697206896909E-03
 6592.4 0.697538910698E-03
 6593.3 0.697814471904E-03
 6594.2 0.698068578336E-03
 6595.1 0.698305790879E-03
 6596.0 0.698528064198E-03
 6596.9 0.698730046234E-03
 6597.8 0.698875017211E-03
 6598.7 0.699067505161E-03
 6599.6 0.699280237853E-03
 6600.5 0.699482406048E-03
 6601.4 0.699694533725E-03
 6602.3 0.699918761709E-03
 6603.2 0.700195393326E-03
 6604.1 0.700397421902E-03
 6605.0 0.700532433396E-03
 6605.9 0.700443170368E-03
 6606.8 0.700055914026E-03
 6607.7 0.699400728980E-03
 6608.6 0.698005005189E-03
 6609.5 0.696570467338E-03
 6610.4 0.695093531875E-03
 6611.3 0.693796053263E-03
 6612.2 0.692883922866E-03
 6613.1 0.692477538733E-03
 6614.0 0.692523054501E-03
 6614.9 0.692690550663E-03
 6615.8 0.692978444874E-03
 6616.7 0.693187361316E-03
 6617.6 0.693320930082E-03
 6618.5 0.693326607918E-03
 6619.4 0.693381478153E-03
 6620.3 0.693489729355E-03
 6621.2 0.693707116011E-03
 6622.1 0.694241996089E-03
 6623.0 0.694910305314E-03
 6623.9 0.695670483787E-03
 6624.8 0.696346053195E-03
 6625.7 0.696917839208E-03
 6626.6 0.697165569709E-03
 6627.5 0.696926542120E-03
 6628.4 0.696388078490E-03
 6629.3 0.695613472729E-03
 6630.2 0.694742809151E-03
 6631.1 0.693804011541E-03
 6632.0 0.692830029963E-03
 6632.9 0.691849718995E-03
 6633.8 0.690865871014E-03
 6634.7 0.689980593989E-03
 6635.6 0.689184300756E-03
 6636.5 0.688479737152E-03
 6637.4 0.688321688536E-03
 6638.3 0.688295254020E-03
 6639.2 0.688411742738E-03
 6640.1 0.688696658412E-03
 6641.0 0.689092291888E-03
 6641.9 0.689636898751E-03
 6642.8 0.690307116101E-03
 6643.7 0.690944011069E-03
 6644.6 0.691477308799E-03
 6645.5 0.691738908113E-03
 6646.4 0.691607340552E-03
 6647.3 0.690657187270E-03
 6648.2 0.689363804146E-03
 6649.1 0.687929359374E-03
 6650.0 0.686385360290E-03
 6650.9 0.684993033893E-03
 6651.8 0.683753915988E-03
 6652.7 0.682916388634E-03
 6653.6 0.682192371461E-03
 6654.5 0.681546308184E-03
 6655.4 0.681025622696E-03
 6656.3 0.680623473670E-03
 6657.2 0.680307655676E-03
 6658.1 0.680104277451E-03
 6659.0 0.679922772856E-03
 6659.9 0.679759418721E-03
 6660.8 0.679621289071E-03
 6661.7 0.679444205742E-03
 6662.6 0.679229332226E-03
 6663.5 0.678837701159E-03
 6664.4 0.678317574147E-03
 6665.3 0.677648008352E-03
 6666.2 0.676738903032E-03
 6667.1 0.675647548484E-03
 6668.0 0.674314467047E-03
 6668.9 0.672425981551E-03
 6669.8 0.670119058156E-03
 6670.7 0.667186502385E-03
 6671.6 0.662510059779E-03
 6672.5 0.657378226800E-03
 6673.4 0.652032823415E-03
 6674.3 0.646885539275E-03
 6675.2 0.642135889816E-03
 6676.1 0.638402340308E-03
 6677.0 0.635787929514E-03
 6677.9 0.633831030748E-03
 6678.8 0.632810835309E-03
 6679.7 0.632680105461E-03
 6680.6 0.633318024301E-03
 6681.5 0.635895808399E-03
 6682.4 0.638982131138E-03
 6683.3 0.642407448613E-03
 6684.2 0.646126151976E-03
 6685.1 0.649460670613E-03
 6686.0 0.652466247078E-03
 6686.9 0.654616936903E-03
 6687.8 0.656589100671E-03
 6688.7 0.658397258749E-03
 6689.6 0.659908959322E-03
 6690.5 0.661268428735E-03
 6691.4 0.662457702685E-03
 6692.3 0.663410555266E-03
 6693.2 0.664267210412E-03
 6694.1 0.665009657283E-03
 6695.0 0.665609553237E-03
 6695.9 0.666183759311E-03
 6696.8 0.666743026160E-03
 6697.7 0.667234019357E-03
 6698.6 0.667705419367E-03
 6699.5 0.668162252469E-03
 6700.4 0.668595024578E-03
 6701.3 0.668993403893E-03
 6702.2 0.669314294708E-03
 6703.1 0.669552717282E-03
 6704.0 0.669713279038E-03
 6704.9 0.669694616643E-03
 6705.8 0.669620665155E-03
 6706.7 0.669509481956E-03
 6707.6 0.669335423704E-03
 6708.5 0.669143447691E-03
 6709.4 0.668945747302E-03
 6710.3 0.668783417039E-03
 6711.2 0.668582272717E-03
 6712.1 0.668347433695E-03
 6713.0 0.668014628732E-03
 6713.9 0.667561937658E-03
 6714.8 0.666999645732E-03
 6715.7 0.665882135906E-03
 6716.6 0.664813306543E-03
 6717.5 0.663796368878E-03
 6718.4 0.663097483111E-03
 6719.3 0.662968847547E-03
 6720.2 0.663568185025E-03
 6721.1 0.665038418780E-03
 6722.0 0.666612529010E-03
 6722.9 0.668211491408E-03
 6723.8 0.669478114239E-03
 6724.7 0.670051436059E-03
 6725.6 0.669336261418E-03
 6726.5 0.668254726733E-03
 6727.4 0.667029710340E-03
 6728.3 0.665663213442E-03
 6729.2 0.664549799104E-03
 6730.1 0.663627523066E-03
 6731.0 0.663071793229E-03
 6731.9 0.662632784809E-03
 6732.8 0.662266192068E-03
 6733.7 0.662006826656E-03
 6734.6 0.661907511066E-03
 6735.5 0.661904532529E-03
 6736.4 0.661977972080E-03
 6737.3 0.662054157470E-03
 6738.2 0.662124060009E-03
 6739.1 0.662094321179E-03
 6740.0 0.661925428827E-03
 6740.9 0.661640233915E-03
 6741.8 0.661257119602E-03
 6742.7 0.660827279491E-03
 6743.6 0.660350434343E-03
 6744.5 0.659744581315E-03
 6745.4 0.659125743727E-03
 6746.3 0.658495224690E-03
 6747.2 0.657913525735E-03
 6748.1 0.657415179274E-03
 6749.0 0.657037323940E-03
 6749.9 0.656924232616E-03
 6750.8 0.656874202503E-03
 6751.7 0.656869408920E-03
 6752.6 0.656850281128E-03
 6753.5 0.656754781788E-03
 6754.4 0.656483921086E-03
 6755.3 0.656161029066E-03
 6756.2 0.655839114379E-03
 6757.1 0.655568765612E-03
 6758.0 0.655495558759E-03
 6758.9 0.655584496011E-03
 6759.8 0.656029228807E-03
 6760.7 0.656484107244E-03
 6761.6 0.656924698012E-03
 6762.5 0.657247450413E-03
 6763.4 0.657269044806E-03
 6764.3 0.657069017435E-03
 6765.2 0.656529948789E-03
 6766.1 0.655870714794E-03
 6767.0 0.655111327495E-03
 6767.9 0.654170156363E-03
 6768.8 0.653108773343E-03
 6769.7 0.651933461284E-03
 6770.6 0.650764757854E-03
 6771.5 0.649658650240E-03
 6772.4 0.648625191003E-03
 6773.3 0.648072765481E-03
 6774.2 0.647711338640E-03
 6775.1 0.647576978700E-03
 6776.0 0.647541375876E-03
 6776.9 0.647499071344E-03
 6777.8 0.647422280938E-03
 6778.7 0.647062622604E-03
 6779.6 0.646640833850E-03
 6780.5 0.646205502061E-03
 6781.4 0.645818850735E-03
 6782.3 0.645514574572E-03
 6783.2 0.645408696891E-03
 6784.1 0.645509548290E-03
 6785.0 0.645698266529E-03
 6785.9 0.645933803645E-03
 6786.8 0.646171993521E-03
 6787.7 0.646371974352E-03
 6788.6 0.646357314365E-03
 6789.5 0.646260186138E-03
 6790.4 0.646106558787E-03
 6791.3 0.645883215057E-03
 6792.2 0.645613843623E-03
 6793.1 0.645313988725E-03
 6794.0 0.645067654412E-03
 6794.9 0.644794652887E-03
 6795.8 0.644497636907E-03
 6796.7 0.644141375966E-03
 6797.6 0.643683100134E-03
 6798.5 0.643112849930E-03
 6799.4 0.642447333084E-03
 6800.3 0.641784655156E-03
 6801.2 0.641132448646E-03
 6802.1 0.640626562764E-03
 6803.0 0.640238794487E-03
 6803.9 0.640021221672E-03
 6804.8 0.639854423603E-03
 6805.7 0.639690836770E-03
 6806.6 0.639515242710E-03
 6807.5 0.639195887703E-03
 6808.4 0.638830551532E-03
 6809.3 0.638439804718E-03
 6810.2 0.638086429235E-03
 6811.1 0.637787132812E-03
 6812.0 0.637633738160E-03
 6812.9 0.637667572478E-03
 6813.8 0.637788854779E-03
 6814.7 0.637937130071E-03
 6815.6 0.638052781075E-03
 6816.5 0.638117098857E-03
 6817.4 0.637934570391E-03
 6818.3 0.637638857521E-03
 6819.2 0.637262677614E-03
 6820.1 0.636847078632E-03
 6821.0 0.636448466619E-03
 6821.9 0.636067260431E-03
 6822.8 0.635863091032E-03
 6823.7 0.635686240402E-03
 6824.6 0.635537685872E-03
 6825.5 0.635429155432E-03
 6826.4 0.635362371050E-03
 6827.3 0.635346826810E-03
 6828.2 0.635375541768E-03
 6829.1 0.635375355609E-03
 6830.0 0.635323184673E-03
 6830.9 0.635114082072E-03
 6831.8 0.634720496340E-03
 6832.7 0.634013931532E-03
 6833.6 0.633158207179E-03
 6834.5 0.632249567255E-03
 6835.4 0.631294992707E-03
 6836.3 0.630382862311E-03
 6837.2 0.629510337147E-03
 6838.1 0.628723212223E-03
 6839.0 0.628037450633E-03
 6839.9 0.627436391188E-03
 6840.8 0.627026609661E-03
 6841.7 0.626975927994E-03
 6842.6 0.627137094766E-03
 6843.5 0.627467200429E-03
 6844.4 0.627777154429E-03
 6845.3 0.628040056853E-03
 6846.2 0.627923381977E-03
 6847.1 0.627545805881E-03
 6848.0 0.626955915949E-03
 6848.9 0.626226360558E-03
 6849.8 0.625481633246E-03
 6850.7 0.624722013248E-03
 6851.6 0.623960112808E-03
 6852.5 0.623205658711E-03
 6853.4 0.622460186763E-03
 6854.3 0.621865130932E-03
 6855.2 0.621424959020E-03
 6856.1 0.621196961326E-03
 6857.0 0.621628849181E-03
 6857.9 0.622192164979E-03
 6858.8 0.622828129154E-03
 6859.7 0.623389117970E-03
 6860.6 0.623743889643E-03
 6861.5 0.623656534739E-03
 6862.4 0.623206403345E-03
 6863.3 0.622620329663E-03
 6864.2 0.621941269782E-03
 6865.1 0.621270819734E-03
 6866.0 0.620680883262E-03
 6866.9 0.620401924662E-03
 6867.8 0.620168714528E-03
 6868.7 0.619962590465E-03
 6869.6 0.619784529804E-03
 6870.5 0.619606189905E-03
 6871.4 0.619420077886E-03
 6872.3 0.619163691011E-03
 6873.2 0.618867326586E-03
 6874.1 0.618536802066E-03
 6875.0 0.618119760355E-03
 6875.9 0.617584507960E-03
 6876.8 0.616940073571E-03
 6877.7 0.616190366517E-03
 6878.6 0.615412223742E-03
 6879.5 0.614602573632E-03
 6880.4 0.613776215792E-03
 6881.3 0.613002820061E-03
 6882.2 0.612304772006E-03
 6883.1 0.611587177303E-03
 6884.0 0.610860367752E-03
 6884.9 0.610121644052E-03
 6885.8 0.609018142658E-03
 6886.7 0.607824121664E-03
 6887.6 0.606583049095E-03
 6888.5 0.605507657643E-03
 6889.4 0.604620286335E-03
 6890.3 0.604133574784E-03
 6891.2 0.604456047946E-03
 6892.1 0.605125474122E-03
 6893.0 0.606019872916E-03
 6893.9 0.606982871139E-03
 6894.8 0.607901517085E-03
 6895.7 0.608430160851E-03
 6896.6 0.608740952564E-03
 6897.5 0.608914126563E-03
 6898.4 0.608980771327E-03
 6899.3 0.608990172334E-03
 6900.2 0.608964901310E-03
 6901.1 0.609031173757E-03
 6902.0 0.609086090532E-03
 6902.9 0.609131140903E-03
 6903.8 0.609163672111E-03
 6904.7 0.609160647034E-03
 6905.6 0.609119552533E-03
 6906.5 0.608996036329E-03
 6907.4 0.608879407992E-03
 6908.3 0.608776508849E-03
 6909.2 0.608727409529E-03
 6910.1 0.608818115287E-03
 6911.0 0.609126952335E-03
 6911.9 0.609473207254E-03
 6912.8 0.609815506303E-03
 6913.7 0.610136815975E-03
 6914.6 0.610271036296E-03
 6915.5 0.610298261985E-03
 6916.4 0.610166368646E-03
 6917.3 0.609987935668E-03
 6918.2 0.609797681621E-03
 6919.1 0.609618922865E-03
 6920.0 0.609525005873E-03
 6920.9 0.609467669037E-03
 6921.8 0.609413357277E-03
 6922.7 0.609343175501E-03
 6923.6 0.609253074759E-03
 6924.5 0.609083670470E-03
 6925.4 0.608888855539E-03
 6926.3 0.608673563166E-03
 6927.2 0.608413965057E-03
 6928.1 0.608141522006E-03
 6929.0 0.607853953573E-03
 6929.9 0.607372547541E-03
 6930.8 0.606867406293E-03
 6931.7 0.606338297130E-03
 6932.6 0.605870108356E-03
 6933.5 0.605498675492E-03
 6934.4 0.605244987917E-03
 6935.3 0.605431006856E-03
 6936.2 0.605676456916E-03
 6937.1 0.605955182817E-03
 6938.0 0.606178293849E-03
 6938.9 0.606227300090E-03
 6939.8 0.605960721034E-03
 6940.7 0.605481409286E-03
 6941.6 0.604942340641E-03
 6942.5 0.604372648912E-03
 6943.4 0.603897293033E-03
 6944.3 0.603516319544E-03
 6945.2 0.603341377038E-03
 6946.1 0.603232613901E-03
 6947.0 0.603162664822E-03
 6947.9 0.603145864012E-03
 6948.8 0.603207575575E-03
 6949.7 0.603317781441E-03
 6950.6 0.603483369479E-03
 6951.5 0.603610422695E-03
 6952.4 0.603698010297E-03
 6953.3 0.603629829725E-03
 6954.2 0.603271707198E-03
 6955.1 0.602685726596E-03
 6956.0 0.602021233622E-03
 6956.9 0.601372750283E-03
 6957.8 0.600739438868E-03
 6958.7 0.600412451360E-03
 6959.6 0.600226013564E-03
 6960.5 0.600199067112E-03
 6961.4 0.600279022213E-03
 6962.3 0.600396255565E-03
 6963.2 0.600556398465E-03
 6964.1 0.600768246905E-03
 6965.0 0.600974231349E-03
 6965.9 0.601157830228E-03
 6966.8 0.601256913120E-03
 6967.7 0.601254539599E-03
 6968.6 0.601062051649E-03
 6969.5 0.600636586264E-03
 6970.4 0.600114039191E-03
 6971.3 0.599498226680E-03
 6972.2 0.598821121463E-03
 6973.1 0.598103666379E-03
 6974.0 0.597317286089E-03
 6974.9 0.596570045635E-03
 6975.8 0.595865016635E-03
 6976.7 0.595290252086E-03
 6977.6 0.594984114337E-03
 6978.5 0.594890057725E-03
 6979.4 0.595260885573E-03
 6980.3 0.595694448856E-03
 6981.2 0.596171480162E-03
 6982.1 0.596605555380E-03
 6983.0 0.596838346658E-03
 6983.9 0.596889959118E-03
 6984.8 0.596713434265E-03
 6985.7 0.596466215699E-03
 6986.6 0.596141043237E-03
 6987.5 0.595655122860E-03
 6988.4 0.595071190002E-03
 6989.3 0.594365881764E-03
 6990.2 0.593658386163E-03
 6991.1 0.592994079347E-03
 6992.0 0.592402839766E-03
 6992.9 0.592165720302E-03
 6993.8 0.592064822363E-03
 6994.7 0.592116620982E-03
 6995.6 0.592204673980E-03
 6996.5 0.592260893865E-03
 6997.4 0.592206861343E-03
 6998.3 0.591979840982E-03
 6999.2 0.591688968234E-03
 7000.1 0.591380782741E-03
 7001.0 0.591098147509E-03
 7001.9 0.590849206977E-03
 7002.8 0.590710565391E-03
 7003.7 0.590628609085E-03
 7004.6 0.590589608867E-03
 7005.5 0.590637218919E-03
 7006.4 0.590757849665E-03
 7007.3 0.590953921166E-03
 7008.2 0.591503181993E-03
 7009.1 0.592046532285E-03
 7010.0 0.592582668933E-03
 7010.9 0.592981280946E-03
 7011.8 0.593112941587E-03
 7012.7 0.592966807119E-03
 7013.6 0.592277461977E-03
 7014.5 0.591522961340E-03
 7015.4 0.590710705010E-03
 7016.3 0.589955227040E-03
 7017.2 0.589440405547E-03
 7018.1 0.589297063457E-03
 7019.0 0.589328524253E-03
 7019.9 0.589413691794E-03
 7020.8 0.589549773700E-03
 7021.7 0.589642247964E-03
 7022.6 0.589691440363E-03
 7023.5 0.589657699124E-03
 7024.4 0.589575044724E-03
 7025.3 0.589460231433E-03
 7026.2 0.589291059843E-03
 7027.1 0.588988226408E-03
 7028.0 0.588611255328E-03
 7028.9 0.588148558231E-03
 7029.8 0.587659892015E-03
 7030.7 0.587156333114E-03
 7031.6 0.586644071301E-03
 7032.5 0.586190077117E-03
 7033.4 0.585778015148E-03
 7034.3 0.585414307865E-03
 7035.2 0.585093044732E-03
 7036.1 0.584810595660E-03
 7037.0 0.584683775142E-03
 7037.9 0.584587670786E-03
 7038.8 0.584521631037E-03
 7039.7 0.584449261898E-03
 7040.6 0.584339754126E-03
 7041.5 0.584185661379E-03
 7042.4 0.583853694130E-03
 7043.3 0.583483890154E-03
 7044.2 0.583078529893E-03
 7045.1 0.582637380649E-03
 7046.0 0.582210286376E-03
 7046.9 0.581818469151E-03
 7047.8 0.581462022051E-03
 7048.7 0.581098035530E-03
 7049.6 0.580698865041E-03
 7050.5 0.580258506971E-03
 7051.4 0.579796182191E-03
 7052.3 0.579303885883E-03
 7053.2 0.578644698428E-03
 7054.1 0.577856456552E-03
 7055.0 0.576803636825E-03
 7055.9 0.575308504363E-03
 7056.8 0.573505232948E-03
 7057.7 0.571164335616E-03
 7058.6 0.568650636602E-03
 7059.5 0.566014584875E-03
 7060.4 0.563218297169E-03
 7061.3 0.560149473334E-03
 7062.2 0.556889697358E-03
 7063.1 0.553944529345E-03
 7064.0 0.551395413665E-03
 7064.9 0.549213588821E-03
 7065.8 0.548874687165E-03
 7066.7 0.549597959704E-03
 7067.6 0.551515765173E-03
 7068.5 0.554162893334E-03
 7069.4 0.556993527294E-03
 7070.3 0.560018371169E-03
 7071.2 0.562373276933E-03
 7072.1 0.564500510780E-03
 7073.0 0.566374755146E-03
 7073.9 0.567998802409E-03
 7074.8 0.569419471448E-03
 7075.7 0.570500773434E-03
 7076.6 0.571182811853E-03
 7077.5 0.571696795632E-03
 7078.4 0.572039420459E-03
 7079.3 0.572308186878E-03
 7080.2 0.572572438951E-03
 7081.1 0.572917437300E-03
 7082.0 0.573261737553E-03
 7082.9 0.573601197685E-03
 7083.8 0.573917387996E-03
 7084.7 0.574201419417E-03
 7085.6 0.574481262270E-03
 7086.5 0.574877081904E-03
 7087.4 0.575231248562E-03
 7088.3 0.575548788523E-03
 7089.2 0.575754772968E-03
 7090.1 0.575759101154E-03
 7091.0 0.575584577506E-03
 7091.9 0.575094375482E-03
 7092.8 0.574570059902E-03
 7093.7 0.574009164165E-03
 7094.6 0.573451293506E-03
 7095.5 0.573103270081E-03
 7096.4 0.573031924813E-03
 7097.3 0.573020987998E-03
 7098.2 0.573017357906E-03
 7099.1 0.573015356701E-03
 7100.0 0.572838878388E-03
 7100.9 0.572541629710E-03
 7101.8 0.572058501711E-03
 7102.7 0.571568020449E-03
 7103.6 0.571098435486E-03
 7104.5 0.570687955865E-03
 7105.4 0.570599856327E-03
 7106.3 0.570638437688E-03
 7107.2 0.570746735429E-03
 7108.1 0.570848889938E-03
 7109.0 0.570908553756E-03
 7109.9 0.570781500540E-03
 7110.8 0.570539308256E-03
 7111.7 0.570225770704E-03
 7112.6 0.569846053784E-03
 7113.5 0.569453538464E-03
 7114.4 0.569048503980E-03
 7115.3 0.568592741290E-03
 7116.2 0.568121434360E-03
 7117.1 0.567637422108E-03
 7118.0 0.567160576960E-03
 7118.9 0.566715146070E-03
 7119.8 0.566301548293E-03
 7120.7 0.565977818560E-03
 7121.6 0.565669633066E-03
 7122.5 0.565377596828E-03
 7123.4 0.565084769415E-03
 7124.3 0.564796735586E-03
 7125.2 0.564516148099E-03
 7126.1 0.564244589302E-03
 7127.0 0.563969726190E-03
 7127.9 0.563686020547E-03
 7128.8 0.563371877980E-03
 7129.7 0.563011428471E-03
 7130.6 0.562555293464E-03
 7131.5 0.562102835087E-03
 7132.4 0.561661592764E-03
 7133.3 0.561252230094E-03
 7134.2 0.560962195060E-03
 7135.1 0.560746716529E-03
 7136.0 0.560646609764E-03
 7136.9 0.560594159590E-03
 7137.8 0.560576241829E-03
 7138.7 0.560622921088E-03
 7139.6 0.560678815195E-03
 7140.5 0.560739735583E-03
 7141.4 0.560791627281E-03
 7142.3 0.560819364906E-03
 7143.2 0.560824577346E-03
 7144.1 0.560732847716E-03
 7145.0 0.560601280155E-03
 7145.9 0.560431596629E-03
 7146.8 0.560176373246E-03
 7147.7 0.559881498089E-03
 7148.6 0.559541665641E-03
 7149.5 0.558957220847E-03
 7150.4 0.558331774630E-03
 7151.3 0.557671889080E-03
 7152.2 0.557020427205E-03
 7153.1 0.556430583813E-03
 7154.0 0.555949317400E-03
 7154.9 0.555688183482E-03
 7155.8 0.555478708564E-03
 7156.7 0.555285755218E-03
 7157.6 0.555055244384E-03
 7158.5 0.554617911390E-03
 7159.4 0.553608792385E-03
 7160.3 0.552647888446E-03
 7161.2 0.551802263194E-03
 7162.1 0.551335703307E-03
 7163.0 0.552052646455E-03
 7163.9 0.553678322606E-03
 7164.8 0.557231251773E-03
 7165.7 0.560593880353E-03
 7166.6 0.563706497989E-03
 7167.5 0.565613971657E-03
 7168.4 0.564420229902E-03
 7169.3 0.560828067819E-03
 7170.2 0.554974823886E-03
 7171.1 0.548955526519E-03
 7172.0 0.542786324973E-03
 7172.9 0.538254806805E-03
 7173.8 0.535591110533E-03
 7174.7 0.534996380478E-03
 7175.6 0.535495285415E-03
 7176.5 0.536360131537E-03
 7177.4 0.537643275941E-03
 7178.3 0.538805044964E-03
 7179.2 0.539900355382E-03
 7180.1 0.540907007787E-03
 7181.0 0.541909099307E-03
 7181.9 0.542856506750E-03
 7182.8 0.543690031695E-03
 7183.7 0.544155102314E-03
 7184.6 0.544501776089E-03
 7185.5 0.544784318241E-03
 7186.4 0.545058297099E-03
 7187.3 0.545389287016E-03
 7188.2 0.545934266196E-03
 7189.1 0.546652698612E-03
 7190.0 0.547442569376E-03
 7190.9 0.548206331401E-03
 7191.8 0.548917969030E-03
 7192.7 0.549540064393E-03
 7193.6 0.549703465067E-03
 7194.5 0.549722127463E-03
 7195.4 0.549625976567E-03
 7196.3 0.549320164596E-03
 7197.2 0.548824424355E-03
 7198.1 0.548164445725E-03
 7199.0 0.547335714363E-03
 7199.9 0.546517594039E-03
 7200.8 0.545710550148E-03
 7201.7 0.545077285272E-03
 7202.6 0.544735963555E-03
 7203.5 0.544761001882E-03
 7204.4 0.544980668980E-03
 7205.3 0.545245805307E-03
 7206.2 0.545553385785E-03
 7207.1 0.545755088583E-03
 7208.0 0.545850727543E-03
 7208.9 0.545770120887E-03
 7209.8 0.545624405275E-03
 7210.7 0.545440434080E-03
 7211.6 0.545198614113E-03
 7212.5 0.544930918106E-03
 7213.4 0.544656334232E-03
 7214.3 0.544386311243E-03
 7215.2 0.544127643926E-03
 7216.1 0.543888849035E-03
 7217.0 0.543717955479E-03
 7217.9 0.543599744794E-03
 7218.8 0.543511366019E-03
 7219.7 0.543438112626E-03
 7220.6 0.543361927236E-03
 7221.5 0.543281506739E-03
 7222.4 0.543174651726E-03
 7223.3 0.543042665308E-03
 7224.2 0.542888851799E-03
 7225.1 0.542680261135E-03
 7226.0 0.542408236941E-03
 7226.9 0.542073710012E-03
 7227.8 0.541547951703E-03
 7228.7 0.541025776947E-03
 7229.6 0.540513189356E-03
 7230.5 0.540103966305E-03
 7231.4 0.539846788257E-03
 7232.3 0.539804344106E-03
 7233.2 0.539960670755E-03
 7234.1 0.540173124210E-03
 7235.0 0.540437376283E-03
 7235.9 0.540676171174E-03
 7236.8 0.540891417007E-03
 7237.7 0.541063939451E-03
 7238.6 0.541198718248E-03
 7239.5 0.541304316690E-03
 7240.4 0.541355091437E-03
 7241.3 0.541300081583E-03
 7242.2 0.541175169190E-03
 7243.1 0.540930975701E-03
 7244.0 0.540640847588E-03
 7244.9 0.540325960386E-03
 7245.8 0.539998228244E-03
 7246.7 0.539673102322E-03
 7247.6 0.539347045607E-03
 7248.5 0.538997160596E-03
 7249.4 0.538628380492E-03
 7250.3 0.538240239898E-03
 7251.2 0.537740636867E-03
 7252.1 0.537213947765E-03
 7253.0 0.536661987640E-03
 7253.9 0.536172157933E-03
 7254.8 0.535754045811E-03
 7255.7 0.535417284979E-03
 7256.6 0.535507478800E-03
 7257.5 0.535681397433E-03
 7258.4 0.535935410786E-03
 7259.3 0.536161314197E-03
 7260.2 0.536271380445E-03
 7261.1 0.536185514810E-03
 7262.0 0.535689960727E-03
 7262.9 0.535093043310E-03
 7263.8 0.534446514636E-03
 7264.7 0.533830143649E-03
 7265.6 0.533369913153E-03
 7266.5 0.533326165892E-03
 7267.4 0.533444609275E-03
 7268.3 0.533599586275E-03
 7269.2 0.533674282396E-03
 7270.1 0.533501759952E-03
 7271.0 0.533066242005E-03
 7271.9 0.531845367639E-03
 7272.8 0.530475287189E-03
 7273.7 0.529009567780E-03
 7274.6 0.527464219047E-03
 7275.5 0.525987748981E-03
 7276.4 0.524575457077E-03
 7277.3 0.523406427870E-03
 7278.2 0.522410944979E-03
 7279.1 0.521571090643E-03
 7280.0 0.521203055173E-03
 7280.9 0.521365338896E-03
 7281.8 0.522099548251E-03
 7282.7 0.523166097171E-03
 7283.6 0.524318418648E-03
 7284.5 0.525564005562E-03
 7285.4 0.526610263200E-03
 7286.3 0.527497076032E-03
 7287.2 0.528156961582E-03
 7288.1 0.528700125716E-03
 7289.0 0.529176784705E-03
 7289.9 0.529558177051E-03
 7290.8 0.529859893535E-03
 7291.7 0.530107019021E-03
 7292.6 0.530262833735E-03
 7293.5 0.530316726637E-03
 7294.4 0.530288895933E-03
 7295.3 0.530096454523E-03
 7296.2 0.529791154487E-03
 7297.1 0.529426888728E-03
 7298.0 0.529012592856E-03
 7298.9 0.528597366192E-03
 7299.8 0.528189772028E-03
 7300.7 0.527840538573E-03
 7301.6 0.527542172943E-03
 7302.5 0.527286111846E-03
 7303.4 0.527133694526E-03
 7304.3 0.527129785197E-03
 7305.2 0.527255581843E-03
 7306.1 0.527681047228E-03
 7307.0 0.528104697567E-03
 7307.9 0.528526439781E-03
 7308.8 0.528809121552E-03
 7309.7 0.528838953461E-03
 7310.6 0.528558086736E-03
 7311.5 0.528023067039E-03
 7312.4 0.527427173494E-03
 7313.3 0.526772128066E-03
 7314.2 0.526139282047E-03
 7315.1 0.525528309658E-03
 7316.0 0.524952847015E-03
 7316.9 0.524498992449E-03
 7317.8 0.524137286370E-03
 7318.7 0.523933442749E-03
 7319.6 0.524232646092E-03
 7320.5 0.524787212437E-03
 7321.4 0.525662436900E-03
 7322.3 0.526578895483E-03
 7323.2 0.527482509125E-03
 7324.1 0.528260046884E-03
 7325.0 0.528621520265E-03
 7325.9 0.528737590126E-03
 7326.8 0.528639344947E-03
 7327.7 0.528402085864E-03
 7328.6 0.528052666250E-03
 7329.5 0.527448954045E-03
 7330.4 0.526739457239E-03
 7331.3 0.525945537527E-03
 7332.2 0.525107777475E-03
 7333.1 0.524295381526E-03
 7334.0 0.523507279269E-03
 7334.9 0.523130820124E-03
 7335.8 0.522794897006E-03
 7336.7 0.522499184136E-03
 7337.6 0.522213989224E-03
 7338.5 0.521883883561E-03
 7339.4 0.521487551990E-03
 7340.3 0.520911623950E-03
 7341.2 0.520289249349E-03
 7342.1 0.519626385263E-03
 7343.0 0.518898737997E-03
 7343.9 0.518144935455E-03
 7344.8 0.517361487162E-03
 7345.7 0.516626719332E-03
 7346.6 0.515938630760E-03
 7347.5 0.515347158481E-03
 7348.4 0.514995784202E-03
 7349.3 0.514800503874E-03
 7350.2 0.514866869400E-03
 7351.1 0.515015470469E-03
 7352.0 0.515209401147E-03
 7352.9 0.515437724619E-03
 7353.8 0.515581066709E-03
 7354.7 0.515668421613E-03
 7355.6 0.515708166465E-03
 7356.5 0.515744700082E-03
 7357.4 0.515778441321E-03
 7358.3 0.515806039327E-03
 7359.2 0.515878361927E-03
 7360.1 0.515991174013E-03
 7361.0 0.516119158022E-03
 7361.9 0.516257334212E-03
 7362.8 0.516406819535E-03
 7363.7 0.516543599536E-03
 7364.6 0.516652828070E-03
 7365.5 0.516725429907E-03
 7366.4 0.516762847778E-03
 7367.3 0.516766012473E-03
 7368.2 0.516718123184E-03
 7369.1 0.516679914140E-03
 7370.0 0.516630209805E-03
 7370.9 0.516552442067E-03
 7371.8 0.516438885346E-03
 7372.7 0.516293216274E-03
 7373.6 0.516085277165E-03
 7374.5 0.515797522573E-03
 7375.4 0.515471698556E-03
 7376.3 0.515108270511E-03
 7377.2 0.514717663315E-03
 7378.1 0.514322262537E-03
 7379.0 0.513963302297E-03
 7379.9 0.513596523398E-03
 7380.8 0.513223228948E-03
 7381.7 0.512833459467E-03
 7382.6 0.512396498790E-03
 7383.5 0.511922352942E-03
 7384.4 0.511384680486E-03
 7385.3 0.510874140639E-03
 7386.2 0.510388313342E-03
 7387.1 0.510015484289E-03
 7388.0 0.509791954400E-03
 7388.9 0.509725263096E-03
 7389.8 0.509780784886E-03
 7390.7 0.509878052733E-03
 7391.6 0.510023070250E-03
 7392.5 0.510224726509E-03
 7393.4 0.510472689708E-03
 7394.3 0.510785668785E-03
 7395.2 0.511032887350E-03
 7396.1 0.511218301274E-03
 7397.0 0.511302119165E-03
 7397.9 0.510867671630E-03
 7398.8 0.510242225413E-03
 7399.7 0.509443372499E-03
 7400.6 0.508639167527E-03
 7401.5 0.507899001099E-03
 7402.4 0.507376360946E-03
 7403.3 0.507252798203E-03
 7404.2 0.507315905954E-03
 7405.1 0.507473954570E-03
 7406.0 0.507644382731E-03
 7406.9 0.507786095933E-03
 7407.8 0.507692132401E-03
 7408.7 0.507508161205E-03
 7409.6 0.507260803021E-03
 7410.5 0.506961460059E-03
 7411.4 0.506652390312E-03
 7412.3 0.506336386160E-03
 7413.2 0.506055565974E-03
 7414.1 0.505771953411E-03
 7415.0 0.505485595008E-03
 7415.9 0.505192209120E-03
 7416.8 0.504881650105E-03
 7417.7 0.504550334411E-03
 7418.6 0.504218506780E-03
 7419.5 0.503904922689E-03
 7420.4 0.503618843524E-03
 7421.3 0.503428263700E-03
 7422.2 0.503338069878E-03
 7423.1 0.503409554765E-03
 7424.0 0.503492302244E-03
 7424.9 0.503558295453E-03
 7425.8 0.503579052132E-03
 7426.7 0.503359245414E-03
 7427.6 0.503011315069E-03
 7428.5 0.502488861075E-03
 7429.4 0.501951328237E-03
 7430.3 0.501428176148E-03
 7431.2 0.500988609252E-03
 7432.1 0.500762612763E-03
 7433.0 0.500657247019E-03
 7433.9 0.500643517825E-03
 7434.8 0.500662785236E-03
 7435.7 0.500699691170E-03
 7436.6 0.500709976430E-03
 7437.5 0.500727568414E-03
 7438.4 0.500749535124E-03
 7439.3 0.500744276145E-03
 7440.2 0.500732129299E-03
 7441.1 0.500713559982E-03
 7442.0 0.500436742206E-03
 7442.9 0.500116921803E-03
 7443.8 0.499750282522E-03
 7444.7 0.499379640832E-03
 7445.6 0.499030360837E-03
 7446.5 0.498711517766E-03
 7447.4 0.498672471009E-03
 7448.3 0.498688527184E-03
 7449.2 0.498739720788E-03
 7450.1 0.498824143694E-03
 7451.0 0.498860304994E-03
 7451.9 0.498775975167E-03
 7452.8 0.498590375084E-03
 7453.7 0.498366147101E-03
 7454.6 0.498110458321E-03
 7455.5 0.497825728806E-03
 7456.4 0.497539230784E-03
 7457.3 0.497285496669E-03
 7458.2 0.497054427359E-03
 7459.1 0.496842392761E-03
 7460.0 0.496675734311E-03
 7460.9 0.496645576625E-03
 7461.8 0.496704216571E-03
 7462.7 0.496843463172E-03
 7463.6 0.496942080669E-03
 7464.5 0.496999743282E-03
 7465.4 0.496860357061E-03
 7466.3 0.496405199386E-03
 7467.2 0.495670710794E-03
 7468.1 0.494842910224E-03
 7469.0 0.494031258910E-03
 7469.9 0.493237059960E-03
 7470.8 0.492790465578E-03
 7471.7 0.492512763549E-03
 7472.6 0.492437788190E-03
 7473.5 0.492481023515E-03
 7474.4 0.492564794866E-03
 7475.3 0.492694640461E-03
 7476.2 0.492789255548E-03
 7477.1 0.492876982768E-03
 7478.0 0.492962988022E-03
 7478.9 0.493031401293E-03
 7479.8 0.493075334712E-03
 7480.7 0.493066399102E-03
 7481.6 0.492975367567E-03
 7482.5 0.492849850159E-03
 7483.4 0.492699852900E-03
 7484.3 0.492525887727E-03
 7485.2 0.492365512129E-03
 7486.1 0.492319065569E-03
 7487.0 0.492279693034E-03
 7487.9 0.492238179675E-03
 7488.8 0.492154129086E-03
 7489.7 0.492003619892E-03
 7490.6 0.491788094821E-03
 7491.5 0.491310411960E-03
 7492.4 0.490797545132E-03
 7493.3 0.490254567156E-03
 7494.2 0.489672170106E-03
 7495.1 0.489156603979E-03
 7496.0 0.488709218423E-03
 7496.9 0.488373993399E-03
 7497.8 0.488079909417E-03
 7498.7 0.487832970089E-03
 7499.6 0.487724672348E-03
 7500.5 0.487666125481E-03
 7501.4 0.487665427386E-03
 7502.3 0.487692094600E-03
 7503.2 0.487716248673E-03
 7504.1 0.487727278567E-03
 7505.0 0.487663658880E-03
 7505.9 0.487571044997E-03
 7506.8 0.487448785364E-03
 7507.7 0.487301720103E-03
 7508.6 0.487139948316E-03
 7509.5 0.486955558264E-03
 7510.4 0.486724349334E-03
 7511.3 0.486473174899E-03
 7512.2 0.486217113802E-03
 7513.1 0.485975945390E-03
 7514.0 0.485752927437E-03
 7514.9 0.485596833486E-03
 7515.8 0.485460891198E-03
 7516.7 0.485339934675E-03
 7517.6 0.485242154892E-03
 7518.5 0.485146841710E-03
 7519.4 0.485057299444E-03
 7520.3 0.485076334156E-03
 7521.2 0.485086526337E-03
 7522.1 0.485088248304E-03
 7523.0 0.485025699028E-03
 7523.9 0.484841681293E-03
 7524.8 0.484515112642E-03
 7525.7 0.483977347107E-03
 7526.6 0.483438045763E-03
 7527.5 0.482918896083E-03
 7528.4 0.482551093312E-03
 7529.3 0.482424784730E-03
 7530.2 0.482699089365E-03
 7531.1 0.483125206306E-03
 7532.0 0.483584412930E-03
 7532.9 0.484048413136E-03
 7533.8 0.484319599616E-03
 7534.7 0.484435762557E-03
 7535.6 0.484256259167E-03
 7536.5 0.483973763554E-03
 7537.4 0.483631743743E-03
 7538.3 0.483206976452E-03
 7539.2 0.482714214748E-03
 7540.1 0.482190224946E-03
 7541.0 0.481672983392E-03
 7541.9 0.481202188397E-03
 7542.8 0.480785751702E-03
 7543.7 0.480608063358E-03
 7544.6 0.480643480024E-03
 7545.5 0.480838527654E-03
 7546.4 0.481068712711E-03
 7547.3 0.481248448799E-03
 7548.2 0.481382157184E-03
 7549.1 0.481137498298E-03
 7550.0 0.480788730239E-03
 7550.9 0.480324450795E-03
 7551.8 0.479751175514E-03
 7552.7 0.479156631618E-03
 7553.6 0.478541191424E-03
 7554.5 0.477809634829E-03
 7555.4 0.477066955260E-03
 7556.3 0.476328417720E-03
 7557.2 0.475639817212E-03
 7558.1 0.475052859277E-03
 7559.0 0.474663369034E-03
 7559.9 0.474469577974E-03
 7560.8 0.474337451938E-03
 7561.7 0.474234413175E-03
 7562.6 0.474093630766E-03
 7563.5 0.473842270172E-03
 7564.4 0.473238557967E-03
 7565.3 0.472633263415E-03
 7566.2 0.472044397355E-03
 7567.1 0.471542281183E-03
 7568.0 0.471327547286E-03
 7568.9 0.471324103353E-03
 7569.8 0.471704564906E-03
 7570.7 0.472126632898E-03
 7571.6 0.472574297691E-03
 7572.5 0.472969698469E-03
 7573.4 0.473118206459E-03
 7574.3 0.473052166711E-03
 7575.2 0.472797920660E-03
 7576.1 0.472475307878E-03
 7577.0 0.472080698274E-03
 7577.9 0.471584120319E-03
 7578.8 0.471074138948E-03
 7579.7 0.470552196890E-03
 7580.6 0.469938292504E-03
 7581.5 0.469277801939E-03
 7582.4 0.468557275239E-03
 7583.3 0.467657943243E-03
 7584.2 0.466683915126E-03
 7585.1 0.465619274331E-03
 7586.0 0.464497492166E-03
 7586.9 0.463329793992E-03
 7587.8 0.462079804428E-03
 7588.7 0.460758195013E-03
 7589.6 0.459455503961E-03
 7590.5 0.458292403903E-03
 7591.4 0.457354532432E-03
 7592.3 0.456666951143E-03
 7593.2 0.456691417031E-03
 7594.1 0.457070040269E-03
 7595.0 0.457672602945E-03
 7595.9 0.458524832172E-03
 7596.8 0.459470284950E-03
 7597.7 0.460483085241E-03
 7598.6 0.461567700850E-03
 7599.5 0.462607014773E-03
 7600.4 0.463604205669E-03
 7601.3 0.464404468734E-03
 7602.2 0.464849904279E-03
 7603.1 0.464942080689E-03
 7604.0 0.464490101671E-03
 7604.9 0.463955947611E-03
 7605.8 0.463338008239E-03
 7606.7 0.462704040614E-03
 7607.6 0.462294864103E-03
 7608.5 0.462226413601E-03
 7609.4 0.462284606766E-03
 7610.3 0.462403897170E-03
 7611.2 0.462603319526E-03
 7612.1 0.462876018544E-03
 7613.0 0.463154744446E-03
 7613.9 0.463410186566E-03
 7614.8 0.463689419749E-03
 7615.7 0.463974112033E-03
 7616.6 0.464253861806E-03
 7617.5 0.464695490408E-03
 7618.4 0.465190760599E-03
 7619.3 0.465647430813E-03
 7620.2 0.465999084329E-03
 7621.1 0.466231875607E-03
 7622.0 0.466064891380E-03
 7622.9 0.465545881319E-03
 7623.8 0.464800772381E-03
 7624.7 0.463974065493E-03
 7625.6 0.463184208692E-03
 7626.5 0.462449706138E-03
 7627.4 0.462348887316E-03
 7628.3 0.462374125763E-03
 7629.2 0.462517812246E-03
 7630.1 0.462755876465E-03
 7631.0 0.462981081781E-03
 7631.9 0.463190361232E-03
 7632.8 0.463268622290E-03
 7633.7 0.463306361284E-03
 7634.6 0.463298696205E-03
 7635.5 0.463193242036E-03
 7636.4 0.462968469538E-03
 7637.3 0.462555360427E-03
 7638.2 0.462053174446E-03
 7639.1 0.461547893579E-03
 7640.0 0.461074278283E-03
 7640.9 0.460813553914E-03
 7641.8 0.460738187621E-03
 7642.7 0.461024992804E-03
 7643.6 0.461349676600E-03
 7644.5 0.461669883282E-03
 7645.4 0.461921285762E-03
 7646.3 0.461862608584E-03
 7647.2 0.461613393468E-03
 7648.1 0.461114158100E-03
 7649.0 0.460550297788E-03
 7649.9 0.459948605404E-03
 7650.8 0.459344902507E-03
 7651.7 0.458866135273E-03
 7652.6 0.458477170927E-03
 7653.5 0.458083915626E-03
 7654.4 0.457672454018E-03
 7655.3 0.457244266064E-03
 7656.2 0.456686902686E-03
 7657.1 0.456059943932E-03
 7658.0 0.455357246567E-03
 7658.9 0.454589114470E-03
 7659.8 0.453786947933E-03
 7660.7 0.452943542623E-03
 7661.6 0.451872093078E-03
 7662.5 0.450821916803E-03
 7663.4 0.449847842146E-03
 7664.3 0.449103021754E-03
 7665.2 0.448645895451E-03
 7666.1 0.448701715095E-03
 7667.0 0.449376065165E-03
 7667.9 0.450257474746E-03
 7668.8 0.451277451449E-03
 7669.7 0.452295259405E-03
 7670.6 0.453155325907E-03
 7671.5 0.453469333509E-03
 7672.4 0.453627945255E-03
 7673.3 0.453696488836E-03
 7674.2 0.453655589801E-03
 7675.1 0.453578636507E-03
 7676.0 0.453481466393E-03
 7676.9 0.453380545185E-03
 7677.8 0.453275263212E-03
 7678.7 0.453168045190E-03
 7679.6 0.453074402781E-03
 7680.5 0.453109498324E-03
 7681.4 0.453252947455E-03
 7682.3 0.453429318727E-03
 7683.2 0.453559485445E-03
 7684.1 0.453642195692E-03
 7685.0 0.453454682831E-03
 7685.9 0.453048396431E-03
 7686.8 0.452377504256E-03
 7687.7 0.451601874623E-03
 7688.6 0.450811282495E-03
 7689.5 0.450012220153E-03
 7690.4 0.449510136559E-03
 7691.3 0.449107443019E-03
 7692.2 0.448808141943E-03
 7693.1 0.448466903998E-03
 7694.0 0.448047823851E-03
 7694.9 0.447460623910E-03
 7695.8 0.446299892721E-03
 7696.7 0.444971744486E-03
 7697.6 0.443676993096E-03
 7698.5 0.442583548918E-03
 7699.4 0.441779376523E-03
 7700.3 0.441881251795E-03
 7701.2 0.442562024335E-03
 7702.1 0.443565079225E-03
 7703.0 0.444730897197E-03
 7703.9 0.445818696117E-03
 7704.8 0.446773005389E-03
 7705.7 0.446820694558E-03
 7706.6 0.446748981627E-03
 7707.5 0.446579665764E-03
 7708.4 0.446312770239E-03
 7709.3 0.446100865952E-03
 7710.2 0.445942263514E-03
 7711.1 0.445951064160E-03
 7712.0 0.445995583979E-03
 7712.9 0.446078992321E-03
 7713.8 0.446259440466E-03
 7714.7 0.446536574712E-03
 7715.6 0.446944904202E-03
 7716.5 0.447353815437E-03
 7717.4 0.447730060500E-03
 7718.3 0.448046660360E-03
 7719.2 0.448132181602E-03
 7720.1 0.448092264553E-03
 7721.0 0.447873802831E-03
 7721.9 0.447483782035E-03
 7722.8 0.446998503905E-03
 7723.7 0.446376166536E-03
 7724.6 0.445198415801E-03
 7725.5 0.443781055731E-03
 7726.4 0.442241785075E-03
 7727.3 0.440855257516E-03
 7728.2 0.439662683905E-03
 7729.1 0.439153503016E-03
 7730.0 0.439625568542E-03
 7730.9 0.440715606019E-03
 7731.8 0.442059196107E-03
 7732.7 0.443384258763E-03
 7733.6 0.444637096553E-03
 7734.5 0.444725186783E-03
 7735.4 0.444452492419E-03
 7736.3 0.443849706353E-03
 7737.2 0.443069818342E-03
 7738.1 0.442338159360E-03
 7739.0 0.441661296150E-03
 7739.9 0.441587423780E-03
 7740.8 0.441588680350E-03
 7741.7 0.441645742602E-03
 7742.6 0.441716822594E-03
 7743.5 0.441699011874E-03
 7744.4 0.441526293963E-03
 7745.3 0.441218578520E-03
 7746.2 0.440895844735E-03
 7747.1 0.440594696036E-03
 7748.0 0.440399290051E-03
 7748.9 0.440337815841E-03
 7749.8 0.440568391831E-03
 7750.7 0.440876330665E-03
 7751.6 0.441220360988E-03
 7752.5 0.441597359993E-03
 7753.4 0.441924668624E-03
 7754.3 0.442209565682E-03
 7755.2 0.442392350117E-03
 7756.1 0.442538265849E-03
 7757.0 0.442654670795E-03
 7757.9 0.442703188369E-03
 7758.8 0.442679476423E-03
 7759.7 0.442604584835E-03
 7760.6 0.442521916473E-03
 7761.5 0.442450082540E-03
 7762.4 0.442388943415E-03
 7763.3 0.442446992307E-03
 7764.2 0.442545530686E-03
 7765.1 0.442686973959E-03
 7766.0 0.442879098899E-03
 7766.9 0.443084496945E-03
 7767.8 0.443304424666E-03
 7768.7 0.443677044290E-03
 7769.6 0.444070951146E-03
 7770.5 0.444474468437E-03
 7771.4 0.444806840581E-03
 7772.3 0.445055273831E-03
 7773.2 0.445158694218E-03
 7774.1 0.444941330831E-03
 7775.0 0.444607399609E-03
 7775.9 0.444171998011E-03
 7776.8 0.443661406971E-03
 7777.7 0.443143397513E-03
 7778.6 0.442681989564E-03
 7779.5 0.442243157994E-03
 7780.4 0.441812228855E-03
 7781.3 0.441374081418E-03
 7782.2 0.440937409288E-03
 7783.1 0.440489786380E-03
 7784.0 0.439962050137E-03
 7784.9 0.439436477987E-03
 7785.8 0.438913940221E-03
 7786.7 0.438410781562E-03
 7787.6 0.437992101656E-03
 7788.5 0.437644571551E-03
 7789.4 0.437386281205E-03
 7790.3 0.437126050157E-03
 7791.2 0.436863883059E-03
 7792.1 0.436489899823E-03
 7793.0 0.435986378154E-03
 7793.9 0.435327414089E-03
 7794.8 0.434709432831E-03
 7795.7 0.434157607670E-03
 7796.6 0.433700802491E-03
 7797.5 0.433694687183E-03
 7798.4 0.433874795588E-03
 7799.3 0.434281449651E-03
 7800.2 0.434769022185E-03
 7801.1 0.435257823366E-03
 7802.0 0.435707521942E-03
 7802.9 0.435877736019E-03
 7803.8 0.435958775494E-03
 7804.7 0.436022213677E-03
 7805.6 0.436099022698E-03
 7806.5 0.436226331882E-03
 7807.4 0.436542522193E-03
 7808.3 0.436918860335E-03
 7809.2 0.437321023323E-03
 7810.1 0.437698422568E-03
 7811.0 0.437983082274E-03
 7811.9 0.438182099735E-03
 7812.8 0.438101846780E-03
 7813.7 0.437983477861E-03
 7814.6 0.437835802930E-03
 7815.5 0.437687550908E-03
 7816.4 0.437647210349E-03
 7817.3 0.437708726444E-03
 7818.2 0.437919667361E-03
 7819.1 0.438127252769E-03
 7820.0 0.438328992799E-03
 7820.9 0.438439245205E-03
 7821.8 0.438443773512E-03
 7822.7 0.438306211645E-03
 7823.6 0.438064293945E-03
 7824.5 0.437775841259E-03
 7825.4 0.437428655547E-03
 7826.3 0.437043363179E-03
 7827.2 0.436613234522E-03
 7828.1 0.436100000030E-03
 7829.0 0.435548798501E-03
 7829.9 0.434978571566E-03
 7830.8 0.434383781011E-03
 7831.7 0.433787561688E-03
 7832.6 0.433203782410E-03
 7833.5 0.432669437538E-03
 7834.4 0.432182544483E-03
 7835.3 0.431740818147E-03
 7836.2 0.431423264225E-03
 7837.1 0.431219737073E-03
 7838.0 0.431088755911E-03
 7838.9 0.431007674551E-03
 7839.8 0.430929585690E-03
 7840.7 0.430847447880E-03
 7841.6 0.430657291566E-03
 7842.5 0.430438392371E-03
 7843.4 0.430193947568E-03
 7844.3 0.429966070877E-03
 7845.2 0.429768835884E-03
 7846.1 0.429605086162E-03
 7847.0 0.429622943422E-03
 7847.9 0.429659900550E-03
 7848.8 0.429710279710E-03
 7849.7 0.429742652683E-03
 7850.6 0.429719964609E-03
 7851.5 0.429609004800E-03
 7852.4 0.429395043461E-03
 7853.3 0.429149328126E-03
 7854.2 0.428875344614E-03
 7855.1 0.428620186385E-03
 7856.0 0.428363296883E-03
 7856.9 0.428089201675E-03
 7857.8 0.427798133461E-03
 7858.7 0.427503011645E-03
 7859.6 0.427213735207E-03
 7860.5 0.426936559075E-03
 7861.4 0.426712121663E-03
 7862.3 0.426717613341E-03
 7863.2 0.426691932768E-03
 7864.1 0.426640399425E-03
 7865.0 0.426524822884E-03
 7865.9 0.425947317150E-03
 7866.8 0.425035363604E-03
 7867.7 0.423862713613E-03
 7868.6 0.422726043417E-03
 7869.5 0.421626293118E-03
 7870.4 0.420895471849E-03
 7871.3 0.420672556283E-03
 7872.2 0.420973611904E-03
 7873.1 0.421533358111E-03
 7874.0 0.422164077269E-03
 7874.9 0.422873406532E-03
 7875.8 0.423247240841E-03
 7876.7 0.423497707874E-03
 7877.6 0.423603613478E-03
 7878.5 0.423728376943E-03
 7879.4 0.423899749858E-03
 7880.3 0.424156281006E-03
 7881.2 0.424794544239E-03
 7882.1 0.425542580520E-03
 7883.0 0.426345459113E-03
 7883.9 0.427144409760E-03
 7884.8 0.427888834565E-03
 7885.7 0.428461304710E-03
 7886.6 0.428853917763E-03
 7887.5 0.429152194968E-03
 7888.4 0.429357136925E-03
 7889.3 0.429481770079E-03
 7890.2 0.429581788419E-03
 7891.1 0.429789676335E-03
 7892.0 0.429932250521E-03
 7892.9 0.430019093488E-03
 7893.8 0.429954301002E-03
 7894.7 0.429651667688E-03
 7895.6 0.429147876089E-03
 7896.5 0.428265754452E-03
 7897.4 0.427366226990E-03
 7898.3 0.426449745137E-03
 7899.2 0.425669926936E-03
 7900.1 0.425213605770E-03
 7901.0 0.425140766580E-03
 7901.9 0.425220437789E-03
 7902.8 0.425320032618E-03
 7903.7 0.425432044222E-03
 7904.6 0.425326664516E-03
 7905.5 0.425081717085E-03
 7906.4 0.424636165191E-03
 7907.3 0.424109294586E-03
 7908.2 0.423545885709E-03
 7909.1 0.422937170492E-03
 7910.0 0.422327235938E-03
 7910.9 0.421723519079E-03
 7911.8 0.421139414024E-03
 7912.7 0.420601373905E-03
 7913.6 0.420121736379E-03
 7914.5 0.419805988194E-03
 7915.4 0.419637100496E-03
 7916.3 0.419540935639E-03
 7917.2 0.419455223584E-03
 7918.1 0.419315092730E-03
 7919.0 0.419096556544E-03
 7919.9 0.418457986149E-03
 7920.8 0.417748186836E-03
 7921.7 0.416990726277E-03
 7922.6 0.416347529842E-03
 7923.5 0.415913417392E-03
 7924.4 0.415671453152E-03
 7925.3 0.416171986976E-03
 7926.2 0.416787292205E-03
 7927.1 0.417528277731E-03
 7928.0 0.418393114545E-03
 7928.9 0.419258979886E-03
 7929.8 0.420116160930E-03
 7930.7 0.420862354242E-03
 7931.6 0.421521662700E-03
 7932.5 0.422054387993E-03
 7933.4 0.422228953527E-03
 7934.3 0.422080156991E-03
 7935.2 0.421378371804E-03
 7936.1 0.420575130202E-03
 7937.0 0.419772391228E-03
 7937.9 0.419045134896E-03
 7938.8 0.418884284594E-03
 7939.7 0.419026337536E-03
 7940.6 0.419548977688E-03
 7941.5 0.420101603331E-03
 7942.4 0.420623857205E-03
 7943.3 0.420921124499E-03
 7944.2 0.420800014394E-03
 7945.1 0.420424448811E-03
 7946.0 0.419915700741E-03
 7946.9 0.419375533760E-03
 7947.8 0.418827883205E-03
 7948.7 0.418505279731E-03
 7949.6 0.418239175379E-03
 7950.5 0.418022040037E-03
 7951.4 0.417801591072E-03
 7952.3 0.417548201350E-03
 7953.2 0.417259757972E-03
 7954.1 0.416768243530E-03
 7955.0 0.416255074194E-03
 7955.9 0.415724983045E-03
 7956.8 0.415217649780E-03
 7957.7 0.414763436859E-03
 7958.6 0.414391347787E-03
 7959.5 0.414121310836E-03
 7960.4 0.413901387769E-03
 7961.3 0.413748221161E-03
 7962.2 0.413680412906E-03
 7963.1 0.413698312052E-03
 7964.0 0.413883614281E-03
 7964.9 0.414154912456E-03
 7965.8 0.414451127954E-03
 7966.7 0.414736983728E-03
 7967.6 0.414902064484E-03
 7968.5 0.414948627393E-03
 7969.4 0.414682648699E-03
 7970.3 0.414393288490E-03
 7971.2 0.414097533734E-03
 7972.1 0.413843660000E-03
 7973.0 0.413823885307E-03
 7973.9 0.413977279959E-03
 7974.8 0.414348736093E-03
 7975.7 0.414742489368E-03
 7976.6 0.415153639160E-03
 7977.5 0.415530731243E-03
 7978.4 0.415734677252E-03
 7979.3 0.415764695320E-03
 7980.2 0.415700363576E-03
 7981.1 0.415595156067E-03
 7982.0 0.415442724785E-03
 7982.9 0.415261522698E-03
 7983.8 0.415106294384E-03
 7984.7 0.414994273472E-03
 7985.6 0.414888479563E-03
 7986.5 0.414806304521E-03
 7987.4 0.414767108837E-03
 7988.3 0.414635224806E-03
 7989.2 0.414489495233E-03
 7990.1 0.414359337823E-03
 7991.0 0.414262837880E-03
 7991.9 0.414221189556E-03
 7992.8 0.414318643562E-03
 7993.7 0.414564856871E-03
 7994.6 0.414861039792E-03
 7995.5 0.415121438383E-03
 7996.4 0.415293849132E-03
 7997.3 0.415339476595E-03
 7998.2 0.414881242649E-03
 7999.1 0.414305589193E-03
 8000.0 0.413649077767E-03
 8000.9 0.412916553148E-03
 8001.8 0.412215540518E-03
 8002.7 0.411545295244E-03
 8003.6 0.411034648357E-03
 8004.5 0.410559273862E-03
 8005.4 0.410117338098E-03
 8006.3 0.409765535655E-03
 8007.2 0.409460896482E-03
 8008.1 0.409209829088E-03
 8009.0 0.409023526257E-03
 8009.9 0.408864956397E-03
 8010.8 0.408739839230E-03
 8011.7 0.408670327624E-03
 8012.6 0.408662383308E-03
 8013.5 0.408751115784E-03
 8014.4 0.408797231913E-03
 8015.3 0.408794644309E-03
 8016.2 0.408701993195E-03
 8017.1 0.408173987022E-03
 8018.0 0.407458668107E-03
 8018.9 0.406550740240E-03
 8019.8 0.405674594293E-03
 8020.7 0.404877025873E-03
 8021.6 0.404336458651E-03
 8022.5 0.404274970479E-03
 8023.4 0.404470539353E-03
 8024.3 0.404843898958E-03
 8025.2 0.405283624088E-03
 8026.1 0.405753781490E-03
 8027.0 0.406150704114E-03
 8027.9 0.406525529717E-03
 8028.8 0.406881744119E-03
 8029.7 0.407192982613E-03
 8030.6 0.407471717822E-03
 8031.5 0.407720825897E-03
 8032.4 0.407723874243E-03
 8033.3 0.407683696572E-03
 8034.2 0.407596053123E-03
 8035.1 0.407454400422E-03
 8036.0 0.407297636300E-03
 8036.9 0.407124215641E-03
 8037.8 0.406974488313E-03
 8038.7 0.406842874212E-03
 8039.6 0.406737117535E-03
 8040.5 0.406699192382E-03
 8041.4 0.406771417249E-03
 8042.3 0.407048914504E-03
 8043.2 0.407346288839E-03
 8044.1 0.407627704732E-03
 8045.0 0.407852989165E-03
 8045.9 0.407862962610E-03
 8046.8 0.407712448762E-03
 8047.7 0.407253912309E-03
 8048.6 0.406705135494E-03
 8049.5 0.406100194643E-03
 8050.4 0.405413897848E-03
 8051.3 0.404779432249E-03
 8052.2 0.404184264722E-03
 8053.1 0.403668451934E-03
 8054.0 0.403222611495E-03
 8054.9 0.402842159249E-03
 8055.8 0.402701348915E-03
 8056.7 0.402708101817E-03
 8057.6 0.402841172609E-03
 8058.5 0.403076849344E-03
 8059.4 0.403347272573E-03
 8060.3 0.403653708176E-03
 8061.2 0.403914302234E-03
 8062.1 0.404132763957E-03
 8063.0 0.404299692336E-03
 8063.9 0.404359579544E-03
 8064.8 0.404298836007E-03
 8065.7 0.404064276223E-03
 8066.6 0.403610053995E-03
 8067.5 0.403096456494E-03
 8068.4 0.402534643926E-03
 8069.3 0.401994579333E-03
 8070.2 0.401515723673E-03
 8071.1 0.401176682398E-03
 8072.0 0.400890863856E-03
 8072.9 0.400627119064E-03
 8073.8 0.400380798714E-03
 8074.7 0.400097749280E-03
 8075.6 0.399804772940E-03
 8076.5 0.399534214746E-03
 8077.4 0.399257908905E-03
 8078.3 0.398976762942E-03
 8079.2 0.398683484096E-03
 8080.1 0.398357399457E-03
 8081.0 0.398002297353E-03
 8081.9 0.397559719342E-03
 8082.8 0.397110835210E-03
 8083.7 0.396656896873E-03
 8084.6 0.396202074283E-03
 8085.5 0.395795722728E-03
 8086.4 0.395436781104E-03
 8087.3 0.395128307065E-03
 8088.2 0.394846388544E-03
 8089.1 0.394595121030E-03
 8090.0 0.394394684110E-03
 8090.9 0.394217782286E-03
 8091.8 0.394069939813E-03
 8092.7 0.393999180945E-03
 8093.6 0.393973933190E-03
 8094.5 0.394012640208E-03
 8095.4 0.394245259289E-03
 8096.3 0.394553570439E-03
 8097.2 0.394943200302E-03
 8098.1 0.395374525028E-03
 8099.0 0.395825536021E-03
 8099.9 0.396299407286E-03
 8100.8 0.396707657658E-03
 8101.7 0.397077531444E-03
 8102.6 0.397393354092E-03
 8103.5 0.397630324629E-03
 8104.4 0.397792505965E-03
 8105.3 0.397744039585E-03
 8106.2 0.397641591876E-03
 8107.1 0.397506887543E-03
 8108.0 0.397376981447E-03
 8108.9 0.397344501433E-03
 8109.8 0.397396621175E-03
 8110.7 0.397688173401E-03
 8111.6 0.397989201098E-03
 8112.5 0.398298968939E-03
 8113.4 0.398536483990E-03
 8114.3 0.398663993295E-03
 8115.2 0.398667358110E-03
 8116.1 0.398557412866E-03
 8117.0 0.398408951416E-03
 8117.9 0.398216291270E-03
 8118.8 0.398032920436E-03
 8119.7 0.397802642299E-03
 8120.6 0.397489388639E-03
 8121.5 0.397135352292E-03
 8122.4 0.396761168936E-03
 8123.3 0.396359997243E-03
 8124.2 0.395938995009E-03
 8125.1 0.395534914588E-03
 8126.0 0.395192564345E-03
 8126.9 0.394886659294E-03
 8127.8 0.394613620536E-03
 8128.7 0.394414258682E-03
 8129.6 0.394298291208E-03
 8130.5 0.394224549149E-03
 8131.4 0.394173392777E-03
 8132.3 0.394125056708E-03
 8133.2 0.394071452351E-03
 8134.1 0.393962893988E-03
 8135.0 0.393843254536E-03
 8135.9 0.393713488059E-03
 8136.8 0.393547993101E-03
 8137.7 0.393371323975E-03
 8138.6 0.393183508605E-03
 8139.5 0.392839105964E-03
 8140.4 0.392461548484E-03
 8141.3 0.392048546414E-03
 8142.2 0.391612800423E-03
 8143.1 0.391175872324E-03
 8144.0 0.390738697566E-03
 8144.9 0.390406748932E-03
 8145.8 0.390096813548E-03
 8146.7 0.389805033278E-03
 8147.6 0.389536629868E-03
 8148.5 0.389245892086E-03
 8149.4 0.388901777991E-03
 8150.3 0.388578751006E-03
 8151.2 0.388287808449E-03
 8152.1 0.388066577618E-03
 8153.0 0.388007542085E-03
 8153.9 0.388052671574E-03
 8154.8 0.388270905252E-03
 8155.7 0.388585373597E-03
 8156.6 0.388958709932E-03
 8157.5 0.389416250437E-03
 8158.4 0.390029982626E-03
 8159.3 0.390743858812E-03
 8160.2 0.391572259743E-03
 8161.1 0.392337534306E-03
 8162.0 0.393039100757E-03
 8162.9 0.393471756517E-03
 8163.8 0.393493071672E-03
 8164.7 0.393170807937E-03
 8165.6 0.392617926327E-03
 8166.5 0.392001690305E-03
 8167.4 0.391321532088E-03
 8168.3 0.390785488519E-03
 8169.2 0.390282204203E-03
 8170.1 0.389814397053E-03
 8171.0 0.389303005531E-03
 8171.9 0.388731224173E-03
 8172.8 0.388072865124E-03
 8173.7 0.387158063352E-03
 8174.6 0.386227084401E-03
 8175.5 0.385338256402E-03
 8176.4 0.384588884433E-03
 8177.3 0.384035383846E-03
 8178.2 0.383879490015E-03
 8179.1 0.384022282937E-03
 8180.0 0.384287442534E-03
 8180.9 0.384652806628E-03
 8181.8 0.384989562807E-03
 8182.7 0.385274501750E-03
 8183.6 0.385388016585E-03
 8184.5 0.385473016583E-03
 8185.4 0.385538846903E-03
 8186.3 0.385574910470E-03
 8187.2 0.385612393495E-03
 8188.1 0.385642681493E-03
 8189.0 0.385590119624E-03
 8189.9 0.385527598272E-03
 8190.8 0.385457500267E-03
 8191.7 0.385390892735E-03
 8192.6 0.385395234883E-03
 8193.5 0.385467143280E-03
 8194.4 0.385541443815E-03
 8195.3 0.385576944252E-03
 8196.2 0.385567049925E-03
 8197.1 0.385315810334E-03
 8198.0 0.384892225150E-03
 8198.9 0.384244556256E-03
 8199.8 0.383572789136E-03
 8200.7 0.382931542712E-03
 8201.6 0.382350444118E-03
 8202.5 0.382190901579E-03
 8203.4 0.382203327663E-03
 8204.3 0.382412895660E-03
 8205.2 0.382679060513E-03
 8206.1 0.382944541233E-03
 8207.0 0.383162402594E-03
 8207.9 0.383162635292E-03
 8208.8 0.383069453626E-03
 8209.7 0.382924571074E-03
 8210.6 0.382756753787E-03
 8211.5 0.382586092929E-03
 8212.4 0.382458960595E-03
 8213.3 0.382351519183E-03
 8214.2 0.382252831878E-03
 8215.1 0.382129283096E-03
 8216.0 0.381965910346E-03
 8216.9 0.381764170316E-03
 8217.8 0.381394319800E-03
 8218.7 0.381020792652E-03
 8219.6 0.380644012384E-03
 8220.5 0.380320198880E-03
 8221.4 0.380152530520E-03
 8222.3 0.380157058827E-03
 8223.2 0.380389589482E-03
 8224.1 0.380586070533E-03
 8225.0 0.380717386780E-03
 8225.9 0.380601195916E-03
 8226.8 0.380108154974E-03
 8227.7 0.379029277703E-03
 8228.6 0.377653486839E-03
 8229.5 0.376166331271E-03
 8230.4 0.374557074305E-03
 8231.3 0.372859759687E-03
 8232.2 0.371184825982E-03
 8233.1 0.369630499752E-03
 8234.0 0.368257910816E-03
 8234.9 0.367037241224E-03
 8235.8 0.366135316971E-03
 8236.7 0.365878478662E-03
 8237.6 0.365978543541E-03
 8238.5 0.366438136444E-03
 8239.4 0.367072741661E-03
 8240.3 0.367813741149E-03
 8241.2 0.368624866566E-03
 8242.1 0.369447719972E-03
 8243.0 0.370278810894E-03
 8243.9 0.371112075217E-03
 8244.8 0.371926006974E-03
 8245.7 0.372720191962E-03
 8246.6 0.373302449393E-03
 8247.5 0.373775413134E-03
 8248.4 0.374134615381E-03
 8249.3 0.374314886675E-03
 8250.2 0.374350908356E-03
 8251.1 0.374210935736E-03
 8252.0 0.373832675507E-03
 8252.9 0.373410249160E-03
 8253.8 0.372953779067E-03
 8254.7 0.372541349435E-03
 8255.6 0.372245855301E-03
 8256.5 0.372166896149E-03
 8257.4 0.372258658356E-03
 8258.3 0.372417921657E-03
 8259.2 0.372646594176E-03
 8260.1 0.372952057100E-03
 8261.0 0.373271472609E-03
 8261.9 0.373557272536E-03
 8262.8 0.373821417568E-03
 8263.7 0.374061510915E-03
 8264.6 0.374234061283E-03
 8265.5 0.374320410930E-03
 8266.4 0.374352137002E-03
 8267.3 0.374319675604E-03
 8268.2 0.374205611601E-03
 8269.1 0.374027751060E-03
 8270.0 0.373726602360E-03
 8270.9 0.373108183629E-03
 8271.8 0.372234816099E-03
 8272.7 0.371324994068E-03
 8273.6 0.370465076493E-03
 8274.5 0.369654183775E-03
 8275.4 0.369368807359E-03
 8276.3 0.369348153067E-03
 8277.2 0.369633064086E-03
 8278.1 0.370020213386E-03
 8279.0 0.370393652108E-03
 8279.9 0.370734890054E-03
 8280.8 0.370607511060E-03
 8281.7 0.370371033844E-03
 8282.6 0.370054755107E-03
 8283.5 0.369703525101E-03
 8284.4 0.369391071922E-03
 8285.3 0.369186339394E-03
 8286.2 0.369057471132E-03
 8287.1 0.368946953450E-03
 8288.0 0.368825135943E-03
 8288.9 0.368645720978E-03
 8289.8 0.368404473449E-03
 8290.7 0.368001807833E-03
 8291.6 0.367569314962E-03
 8292.5 0.367123316288E-03
 8293.4 0.366683339843E-03
 8294.3 0.366300383764E-03
 8295.2 0.365961468147E-03
 8296.1 0.365710126169E-03
 8297.0 0.365506357011E-03
 8297.9 0.365342225664E-03
 8298.8 0.365258733551E-03
 8299.7 0.365283287865E-03
 8300.6 0.365408028061E-03
 8301.5 0.365662879127E-03
 8302.4 0.365926358643E-03
 8303.3 0.366198666728E-03
 8304.2 0.366450706800E-03
 8305.1 0.366558669456E-03
 8306.0 0.366466669897E-03
 8306.9 0.366313307822E-03
 8307.8 0.366138300162E-03
 8308.7 0.365938733533E-03
 8309.6 0.365861021643E-03
 8310.5 0.365861473077E-03
 8311.4 0.365981722198E-03
 8312.3 0.366063250339E-03
 8313.2 0.366100817136E-03
 8314.1 0.366044387823E-03
 8315.0 0.365525261413E-03
 8315.9 0.364829977813E-03
 8316.8 0.364091286692E-03
 8317.7 0.363421381157E-03
 8318.6 0.362867922455E-03
 8319.5 0.362757395465E-03
 8320.4 0.363001756497E-03
 8321.3 0.363464486172E-03
 8322.2 0.364047497545E-03
 8323.1 0.364644591813E-03
 8324.0 0.365220608278E-03
 8324.9 0.365299609316E-03
 8325.8 0.365326015908E-03
 8326.7 0.365306534415E-03
 8327.6 0.365303886309E-03
 8328.5 0.365408926276E-03
 8329.4 0.365629593977E-03
 8330.3 0.366248845768E-03
 8331.2 0.366886978690E-03
 8332.1 0.367526200640E-03
 8333.0 0.368071384594E-03
 8333.9 0.368413106552E-03
 8334.8 0.368438866242E-03
 8335.7 0.368199373257E-03
 8336.6 0.367847026299E-03
 8337.5 0.367356614847E-03
 8338.4 0.366695682155E-03
 8339.3 0.365939212891E-03
 8340.2 0.365042887356E-03
 8341.1 0.364137440052E-03
 8342.0 0.363252139758E-03
 8342.9 0.362445826540E-03
 8343.8 0.361981789101E-03
 8344.7 0.361704668817E-03
 8345.6 0.361620078369E-03
 8346.5 0.361534957368E-03
 8347.4 0.361419087627E-03
 8348.3 0.361088912154E-03
 8349.2 0.360488718346E-03
 8350.1 0.359700955828E-03
 8351.0 0.358828323624E-03
 8351.9 0.357959861371E-03
 8352.8 0.357098389372E-03
 8353.7 0.356392634354E-03
 8354.6 0.355741391215E-03
 8355.5 0.355145404590E-03
 8356.4 0.354661811195E-03
 8357.3 0.354251015104E-03
 8358.2 0.353926638470E-03
 8359.1 0.353942094284E-03
 8360.0 0.354006821615E-03
 8360.9 0.354101827635E-03
 8361.8 0.354145788979E-03
 8362.7 0.354031641205E-03
 8363.6 0.353629808649E-03
 8364.5 0.352974781837E-03
 8365.4 0.352272549869E-03
 8366.3 0.351592670890E-03
 8367.2 0.351084504565E-03
 8368.1 0.350797103675E-03
 8369.0 0.351040049902E-03
 8369.9 0.351423676151E-03
 8370.8 0.351880555793E-03
 8371.7 0.352411307805E-03
 8372.6 0.352839132750E-03
 8373.5 0.353196962077E-03
 8374.4 0.353443114884E-03
 8375.3 0.353681062754E-03
 8376.2 0.353916329940E-03
 8377.1 0.354177394048E-03
 8378.0 0.354497475074E-03
 8378.9 0.354863402298E-03
 8379.8 0.355226416141E-03
 8380.7 0.355561268848E-03
 8381.6 0.355869184411E-03
 8382.5 0.356017394547E-03
 8383.4 0.356067089575E-03
 8384.3 0.356003884090E-03
 8385.2 0.355891784060E-03
 8386.1 0.355776435563E-03
 8387.0 0.355661352343E-03
 8387.9 0.355626996781E-03
 8388.8 0.355635536804E-03
 8389.7 0.355701930254E-03
 8390.6 0.355828248144E-03
 8391.5 0.355999379053E-03
 8392.4 0.356244503335E-03
 8393.3 0.356587882104E-03
 8394.2 0.356970963839E-03
 8395.1 0.357389490164E-03
 8396.0 0.357815337174E-03
 8396.9 0.358260996109E-03
 8397.8 0.358773225344E-03
 8398.7 0.359258740827E-03
 8399.6 0.359706852400E-03
 8400.5 0.360018183973E-03
 8401.4 0.360151515387E-03
 8402.3 0.360111570414E-03
 8403.2 0.359476648727E-03
 8404.1 0.358724032945E-03
 8405.0 0.357879366410E-03
 8405.9 0.356929701795E-03
 8406.8 0.356026818824E-03
 8407.7 0.355166175231E-03
 8408.6 0.354433138676E-03
 8409.5 0.353734653149E-03
 8410.4 0.353074446475E-03
 8411.3 0.352500105437E-03
 8412.2 0.351991571449E-03
 8413.1 0.351566375994E-03
 8414.0 0.351247267647E-03
 8414.9 0.350990326951E-03
 8415.8 0.350817865008E-03
 8416.7 0.350827512676E-03
 8417.6 0.350946547112E-03
 8418.5 0.351227102021E-03
 8419.4 0.351540020596E-03
 8420.3 0.351854032852E-03
 8421.2 0.352148531038E-03
 8422.1 0.352198063176E-03
 8423.0 0.352126592252E-03
 8423.9 0.351923414147E-03
 8424.8 0.351669377524E-03
 8425.7 0.351380692140E-03
 8426.6 0.351031714652E-03
 8427.5 0.350756581611E-03
 8428.4 0.350527839282E-03
 8429.3 0.350338874384E-03
 8430.2 0.350205147383E-03
 8431.1 0.350116037935E-03
 8432.0 0.350118341647E-03
 8432.9 0.350134551404E-03
 8433.8 0.350163271015E-03
 8434.7 0.350237901981E-03
 8435.6 0.350311583539E-03
 8436.5 0.350384269148E-03
 8437.4 0.350606440080E-03
 8438.3 0.350850037861E-03
 8439.2 0.351113857116E-03
 8440.1 0.351391461412E-03
 8441.0 0.351652707025E-03
 8441.9 0.351885884582E-03
 8442.8 0.352046004212E-03
 8443.7 0.352181108785E-03
 8444.6 0.352290016196E-03
 8445.5 0.352369101006E-03
 8446.4 0.352409920923E-03
 8447.3 0.352372070235E-03
 8448.2 0.352336169557E-03
 8449.1 0.352308203887E-03
 8450.0 0.352304280596E-03
 8450.9 0.352480568096E-03
 8451.8 0.352770012077E-03
 8452.7 0.353233370037E-03
 8453.6 0.353640205604E-03
 8454.5 0.353993818440E-03
 8455.4 0.354190555458E-03
 8456.3 0.353860887267E-03
 8457.2 0.353169443188E-03
 8458.1 0.352260803264E-03
 8459.0 0.351296999906E-03
 8459.9 0.350293419118E-03
 8460.8 0.349443237635E-03
 8461.7 0.348762223089E-03
 8462.6 0.348248136922E-03
 8463.5 0.347797796099E-03
 8464.4 0.347363497491E-03
 8465.3 0.346946888599E-03
 8466.2 0.346372752335E-03
 8467.1 0.345783513958E-03
 8468.0 0.345190347635E-03
 8468.9 0.344647472047E-03
 8469.8 0.344167490128E-03
 8470.7 0.343791044946E-03
 8471.6 0.343575682763E-03
 8472.5 0.343421664480E-03
 8473.4 0.343331075072E-03
 8474.3 0.343292288936E-03
 8475.2 0.343273775467E-03
 8476.1 0.343270694543E-03
 8477.0 0.343284940327E-03
 8477.9 0.343308005372E-03
 8478.8 0.343339871063E-03
 8479.7 0.343383339087E-03
 8480.6 0.343427817020E-03
 8481.5 0.343444864490E-03
 8482.4 0.343429203902E-03
 8483.3 0.343382682878E-03
 8484.2 0.343232513423E-03
 8485.1 0.342944907758E-03
 8486.0 0.342550409849E-03
 8486.9 0.342095294059E-03
 8487.8 0.341685452031E-03
 8488.7 0.341317784224E-03
 8489.6 0.341275796161E-03
 8490.5 0.341474557654E-03
 8491.4 0.341945557423E-03
 8492.3 0.342501761964E-03
 8493.2 0.343043976689E-03
 8494.1 0.343559007610E-03
 8495.0 0.343708665129E-03
 8495.9 0.343710200938E-03
 8496.8 0.343532172854E-03
 8497.7 0.343314958394E-03
 8498.6 0.343104669033E-03
 8499.5 0.342926045242E-03
 8500.4 0.343065980630E-03
 8501.3 0.343310825674E-03
 8502.2 0.343609377462E-03
 8503.1 0.343908697154E-03
 8504.0 0.344173642669E-03
 8504.9 0.344309082328E-03
 8505.8 0.344273782011E-03
 8506.7 0.344154803423E-03
 8507.6 0.344007682314E-03
 8508.5 0.343861599039E-03
 8509.4 0.343754227437E-03
 8510.3 0.343958783115E-03
 8511.2 0.344185012303E-03
 8512.1 0.344423639651E-03
 8513.0 0.344611925071E-03
 8513.9 0.344663728344E-03
 8514.8 0.344593244059E-03
 8515.7 0.344176020844E-03
 8516.6 0.343732055952E-03
 8517.5 0.343259245792E-03
 8518.4 0.342815239014E-03
 8519.3 0.342525627491E-03
 8520.2 0.342438905526E-03
 8521.1 0.342467122510E-03
 8522.0 0.342520731521E-03
 8522.9 0.342596055927E-03
 8523.8 0.342595562607E-03
 8524.7 0.342538221117E-03
 8525.6 0.342391011583E-03
 8526.5 0.342243699662E-03
 8527.4 0.342108534587E-03
 8528.3 0.342005207279E-03
 8529.2 0.342034113049E-03
 8530.1 0.342116106586E-03
 8531.0 0.342229914621E-03
 8531.9 0.342339869173E-03
 8532.8 0.342431831501E-03
 8533.7 0.342446491488E-03
 8534.6 0.342393087251E-03
 8535.5 0.342298388393E-03
 8536.4 0.342171977424E-03
 8537.3 0.342033568535E-03
 8538.2 0.341887708651E-03
 8539.1 0.341749779121E-03
 8540.0 0.341601424712E-03
 8540.9 0.341444762977E-03
 8541.8 0.341303831640E-03
 8542.7 0.341183750062E-03
 8543.6 0.341084890560E-03
 8544.5 0.341104423247E-03
 8545.4 0.341133961956E-03
 8546.3 0.341171426366E-03
 8547.2 0.341193537348E-03
 8548.1 0.341174214090E-03
 8549.0 0.341093072228E-03
 8549.9 0.340978082087E-03
 8550.8 0.340847319662E-03
 8551.7 0.340696144950E-03
 8552.6 0.340542885263E-03
 8553.5 0.340380285070E-03
 8554.4 0.340196076523E-03
 8555.3 0.339971694958E-03
 8556.2 0.339725328068E-03
 8557.1 0.339448286902E-03
 8558.0 0.339127833559E-03
 8558.9 0.338788824862E-03
 8559.8 0.338444650266E-03
 8560.7 0.338076568256E-03
 8561.6 0.337692360261E-03
 8562.5 0.337283169788E-03
 8563.4 0.336818280674E-03
 8564.3 0.336313227851E-03
 8565.2 0.335756641686E-03
 8566.1 0.335191143179E-03
 8567.0 0.334617974939E-03
 8567.9 0.334026139650E-03
 8568.8 0.333472550637E-03
 8569.7 0.332955709324E-03
 8570.6 0.332493682398E-03
 8571.5 0.332076207869E-03
 8572.4 0.331710248067E-03
 8573.3 0.331466268660E-03
 8574.2 0.331252698254E-03
 8575.1 0.331070649146E-03
 8576.0 0.330919758326E-03
 8576.9 0.330759796931E-03
 8577.8 0.330575965354E-03
 8578.7 0.330416506587E-03
 8579.6 0.330268608267E-03
 8580.5 0.330135737595E-03
 8581.4 0.330027616705E-03
 8582.3 0.329934839933E-03
 8583.2 0.329866594206E-03
 8584.1 0.329800200756E-03
 8585.0 0.329734589172E-03
 8585.9 0.329669359213E-03
 8586.8 0.329588617592E-03
 8587.7 0.329494095584E-03
 8588.6 0.329363938174E-03
 8589.5 0.329239007166E-03
 8590.4 0.329120689440E-03
 8591.3 0.329033502079E-03
 8592.2 0.328978385184E-03
 8593.1 0.328948446234E-03
 8594.0 0.328947333936E-03
 8594.9 0.328979925646E-03
 8595.8 0.329043084591E-03
 8596.7 0.329133725193E-03
 8597.6 0.329327064818E-03
 8598.5 0.329634649950E-03
 8599.4 0.330039391234E-03
 8600.3 0.330494167284E-03
 8601.2 0.331010096420E-03
 8602.1 0.331694457167E-03
 8603.0 0.332427135367E-03
 8603.9 0.333208796538E-03
 8604.8 0.333969742915E-03
 8605.7 0.334691018904E-03
 8606.6 0.335336030385E-03
 8607.5 0.335763543514E-03
 8608.4 0.336090042356E-03
 8609.3 0.336294886579E-03
 8610.2 0.336389189851E-03
 8611.1 0.336404170961E-03
 8612.0 0.336271304944E-03
 8612.9 0.335985435208E-03
 8613.8 0.335625679140E-03
 8614.7 0.335236686870E-03
 8615.6 0.334886396965E-03
 8616.5 0.334594784237E-03
 8617.4 0.334586407102E-03
 8618.3 0.334669996948E-03
 8619.2 0.334819547426E-03
 8620.1 0.334998864658E-03
 8621.0 0.335146167271E-03
 8621.9 0.335264699079E-03
 8622.8 0.335281299769E-03
 8623.7 0.335251705212E-03
 8624.6 0.335173597735E-03
 8625.5 0.334977242341E-03
 8626.4 0.334673864392E-03
 8627.3 0.334238402293E-03
 8628.2 0.333655428151E-03
 8629.1 0.333025905062E-03
 8630.0 0.332345141830E-03
 8630.9 0.331647908219E-03
 8631.8 0.330927120897E-03
 8632.7 0.330164806254E-03
 8633.6 0.329429954653E-03
 8634.5 0.328723873857E-03
 8635.4 0.328074138602E-03
 8636.3 0.327586598646E-03
 8637.2 0.327210302390E-03
 8638.1 0.327030398759E-03
 8639.0 0.326941791939E-03
 8639.9 0.326916078788E-03
 8640.8 0.327003382498E-03
 8641.7 0.327143760013E-03
 8642.6 0.327309510940E-03
 8643.5 0.327458470364E-03
 8644.4 0.327567689590E-03
 8645.3 0.327634697363E-03
 8646.2 0.327512474962E-03
 8647.1 0.327297122088E-03
 8648.0 0.327003066029E-03
 8648.9 0.326585638039E-03
 8649.8 0.326097106788E-03
 8650.7 0.325538100561E-03
 8651.6 0.324795802618E-03
 8652.5 0.324023091019E-03
 8653.4 0.323218695235E-03
 8654.3 0.322418441478E-03
 8655.2 0.321661385814E-03
 8656.1 0.320968624663E-03
 8657.0 0.320320076169E-03
 8657.9 0.319730493399E-03
 8658.8 0.319239123230E-03
 8659.7 0.318901268717E-03
 8660.6 0.318747934566E-03
 8661.5 0.318952066733E-03
 8662.4 0.319376289510E-03
 8663.3 0.319898054718E-03
 8664.2 0.320519475255E-03
 8665.1 0.321142031360E-03
 8666.0 0.321722152622E-03
 8666.9 0.322125879341E-03
 8667.8 0.322539733087E-03
 8668.7 0.322963527699E-03
 8669.6 0.323416651592E-03
 8670.5 0.324002027179E-03
 8671.4 0.324681045174E-03
 8672.3 0.325478650826E-03
 8673.2 0.326288421939E-03
 8674.1 0.327106947158E-03
 8675.0 0.327913981741E-03
 8675.9 0.328637342705E-03
 8676.8 0.329282423995E-03
 8677.7 0.329826532884E-03
 8678.6 0.330315217716E-03
 8679.5 0.330741316040E-03
 8680.4 0.331050571945E-03
 8681.3 0.331290846796E-03
 8682.2 0.331444208871E-03
 8683.1 0.331424429524E-03
 8684.0 0.331268675312E-03
 8684.9 0.330912572606E-03
 8685.8 0.330173336970E-03
 8686.7 0.329332835733E-03
 8687.6 0.328432693948E-03
 8688.5 0.327583540992E-03
 8689.4 0.326881653417E-03
 8690.3 0.326557379170E-03
 8691.2 0.326455671442E-03
 8692.1 0.326439126600E-03
 8693.0 0.326441918978E-03
 8693.9 0.326320013046E-03
 8694.8 0.326048114510E-03
 8695.7 0.325286553809E-03
 8696.6 0.324498614441E-03
 8697.5 0.323708739024E-03
 8698.4 0.323029320787E-03
 8699.3 0.322691131188E-03
 8700.2 0.322629172966E-03
 8701.1 0.323089659430E-03
 8702.0 0.323611271057E-03
 8702.9 0.324186421885E-03
 8703.8 0.324684740422E-03
 8704.7 0.324949388082E-03
 8705.6 0.324960888027E-03
 8706.5 0.324803477004E-03
 8707.4 0.324607158842E-03
 8708.3 0.324369769449E-03
 8709.2 0.324236712619E-03
 8710.1 0.324133510968E-03
 8711.0 0.324061095289E-03
 8711.9 0.323933320709E-03
 8712.8 0.323750694509E-03
 8713.7 0.323474807525E-03
 8714.6 0.322907619630E-03
 8715.5 0.322246835865E-03
 8716.4 0.321530148685E-03
 8717.3 0.320853825334E-03
 8718.2 0.320249559307E-03
 8719.1 0.319847810523E-03
 8720.0 0.319787253144E-03
 8720.9 0.319893372830E-03
 8721.8 0.320093353661E-03
 8722.7 0.320310610007E-03
 8723.6 0.320503172420E-03
 8724.5 0.320450945636E-03
 8725.4 0.320282732763E-03
 8726.3 0.320036663726E-03
 8727.2 0.319797789718E-03
 8728.1 0.319623424304E-03
 8729.0 0.319512199220E-03
 8729.9 0.319861674681E-03
 8730.8 0.320218242784E-03
 8731.7 0.320582057109E-03
 8732.6 0.320837150181E-03
 8733.5 0.320873641913E-03
 8734.4 0.320640026884E-03
 8735.3 0.320014226966E-03
 8736.2 0.319307308456E-03
 8737.1 0.318529142412E-03
 8738.0 0.317758092279E-03
 8738.9 0.317137555995E-03
 8739.8 0.316805653901E-03
 8740.7 0.316487569426E-03
 8741.6 0.316144339584E-03
 8742.5 0.315731905298E-03
 8743.4 0.315008749108E-03
 8744.3 0.314088781436E-03
 8745.2 0.312846838576E-03
 8746.1 0.311567068296E-03
 8747.0 0.310292906043E-03
 8747.9 0.309108746799E-03
 8748.8 0.308143421595E-03
 8749.7 0.307326525263E-03
 8750.6 0.306742136316E-03
 8751.5 0.306311700497E-03
 8752.4 0.306008932218E-03
 8753.3 0.306023554973E-03
 8754.2 0.306284679583E-03
 8755.1 0.306745161393E-03
 8756.0 0.307364548148E-03
 8756.9 0.308016377687E-03
 8757.8 0.308699519094E-03
 8758.7 0.309133747894E-03
 8759.6 0.309520403873E-03
 8760.5 0.309855703361E-03
 8761.4 0.310221072110E-03
 8762.3 0.310659079928E-03
 8763.2 0.311199875194E-03
 8764.1 0.312050242835E-03
 8765.0 0.312929171852E-03
 8765.9 0.313784160879E-03
 8766.8 0.314499195902E-03
 8767.7 0.315008465216E-03
 8768.6 0.315113123558E-03
 8769.5 0.314912081623E-03
 8770.4 0.314579639669E-03
 8771.3 0.314115681348E-03
 8772.2 0.313613099780E-03
 8773.1 0.313106743847E-03
 8774.0 0.312642501634E-03
 8774.9 0.312182685341E-03
 8775.8 0.311729621949E-03
 8776.7 0.311302676604E-03
 8777.6 0.310905316507E-03
 8778.5 0.310542046696E-03
 8779.4 0.310326140000E-03
 8780.3 0.310203661630E-03
 8781.2 0.310163004601E-03
 8782.1 0.310367727822E-03
 8783.0 0.310749813609E-03
 8783.9 0.311293443139E-03
 8784.8 0.311964991523E-03
 8785.7 0.312671384134E-03
 8786.6 0.313416395339E-03
 8787.5 0.314063501104E-03
 8788.4 0.314703011600E-03
 8789.3 0.315339655254E-03
 8790.2 0.315999233642E-03
 8791.1 0.316679745560E-03
 8792.0 0.317391359919E-03
 8792.9 0.318294396470E-03
 8793.8 0.319214126790E-03
 8794.7 0.320094191375E-03
 8795.6 0.320856645636E-03
 8796.5 0.321496184056E-03
 8797.4 0.321883393857E-03
 8798.3 0.321905295412E-03
 8799.2 0.321751360900E-03
 8800.1 0.321420408214E-03
 8801.0 0.320956035691E-03
 8801.9 0.320426921874E-03
 8802.8 0.319872094907E-03
 8803.7 0.319300536939E-03
 8804.6 0.318715133428E-03
 8805.5 0.318095355740E-03
 8806.4 0.317396800403E-03
 8807.3 0.316626797412E-03
 8808.2 0.315613582918E-03
 8809.1 0.314758928977E-03
 8810.0 0.314047621779E-03
 8810.9 0.313907374575E-03
 8811.8 0.314745264938E-03
 8812.7 0.316614892572E-03
 8813.6 0.319260433731E-03
 8814.5 0.321800516067E-03
 8815.4 0.324163254452E-03
 8816.3 0.325137715388E-03
 8817.2 0.324712445469E-03
 8818.1 0.322265819384E-03
 8819.0 0.319205442493E-03
 8819.9 0.316019366690E-03
 8820.8 0.312783586552E-03
 8821.7 0.310691434285E-03
 8822.6 0.309196348363E-03
 8823.5 0.308527652859E-03
 8824.4 0.308287238389E-03
 8825.3 0.308294945353E-03
 8826.2 0.308669919884E-03
 8827.1 0.309547038509E-03
 8828.0 0.310660783278E-03
 8828.9 0.311897839477E-03
 8829.8 0.313061809825E-03
 8830.7 0.314093775140E-03
 8831.6 0.314494402319E-03
 8832.5 0.314383032962E-03
 8833.4 0.313908012168E-03
 8834.3 0.313112435645E-03
 8835.2 0.312162663988E-03
 8836.1 0.311087342345E-03
 8837.0 0.309992790523E-03
 8837.9 0.308882727040E-03
 8838.8 0.307757221703E-03
 8839.7 0.306663181818E-03
 8840.6 0.305691406219E-03
 8841.5 0.304868106033E-03
 8842.4 0.304268051843E-03
 8843.3 0.303690522840E-03
 8844.2 0.303119458192E-03
 8845.1 0.302460894368E-03
 8846.0 0.301632721481E-03
 8846.9 0.300510245876E-03
 8847.8 0.299310803014E-03
 8848.7 0.298109945347E-03
 8849.6 0.296945202441E-03
 8850.5 0.296011575385E-03
 8851.4 0.295239924891E-03
 8852.3 0.294755186620E-03
 8853.2 0.294369736017E-03
 8854.1 0.294038648367E-03
 8855.0 0.293772813946E-03
 8855.9 0.293384170724E-03
 8856.8 0.292937846272E-03
 8857.7 0.292510095790E-03
 8858.6 0.292179734159E-03
 8859.5 0.291938602978E-03
 8860.4 0.291982783058E-03
 8861.3 0.292339607129E-03
 8862.2 0.292942937708E-03
 8863.1 0.293719377132E-03
 8864.0 0.294536264156E-03
 8864.9 0.295391150796E-03
 8865.8 0.296124908715E-03
 8866.7 0.296813844308E-03
 8867.6 0.297452503129E-03
 8868.5 0.298029948361E-03
 8869.4 0.298563311247E-03
 8870.3 0.299039760807E-03
 8871.2 0.299326398447E-03
 8872.1 0.299572434906E-03
 8873.0 0.299789235163E-03
 8873.9 0.300026415128E-03
 8874.8 0.300344727647E-03
 8875.7 0.300833891837E-03
 8876.6 0.301437464423E-03
 8877.5 0.302058870999E-03
 8878.4 0.302642152302E-03
 8879.3 0.303084967665E-03
 8880.2 0.303377143523E-03
 8881.1 0.303291175500E-03
 8882.0 0.303127686400E-03
 8882.9 0.302920924743E-03
 8883.8 0.302674944132E-03
 8884.7 0.302511180448E-03
 8885.6 0.302402854783E-03
 8886.5 0.302358227923E-03
 8887.4 0.302354081241E-03
 8888.3 0.302383522217E-03
 8889.2 0.302487980438E-03
 8890.1 0.302704422340E-03
 8891.0 0.303020584728E-03
 8891.9 0.303430133556E-03
 8892.8 0.303852471478E-03
 8893.7 0.304288734059E-03
 8894.6 0.304653320942E-03
 8895.5 0.304955921679E-03
 8896.4 0.305180298589E-03
 8897.3 0.305401413071E-03
 8898.2 0.305630727837E-03
 8899.1 0.305874186000E-03
 8900.0 0.306283776714E-03
 8900.9 0.306740595854E-03
 8901.8 0.307235051601E-03
 8902.7 0.307719138316E-03
 8903.6 0.308181895915E-03
 8904.5 0.308595135337E-03
 8905.4 0.308871618028E-03
 8906.3 0.309081926005E-03
 8907.2 0.309221582156E-03
 8908.1 0.309290023350E-03
 8909.0 0.309297264917E-03
 8909.9 0.309158595407E-03
 8910.8 0.309005149562E-03
 8911.7 0.308850544879E-03
 8912.6 0.308746100620E-03
 8913.5 0.308790471512E-03
 8914.4 0.308967564149E-03
 8915.3 0.309565356511E-03
 8916.2 0.310150787946E-03
 8917.1 0.310722448301E-03
 8918.0 0.311116006109E-03
 8918.9 0.311206316280E-03
 8919.8 0.310985183182E-03
 8920.7 0.310311130966E-03
 8921.6 0.309518239780E-03
 8922.5 0.308594474474E-03
 8923.4 0.307507327109E-03
 8924.3 0.306255503883E-03
 8925.2 0.304770428637E-03
 8926.1 0.303439888265E-03
 8927.0 0.302280627728E-03
 8927.9 0.301407255543E-03
 8928.8 0.301770390389E-03
 8929.7 0.302788035457E-03
 8930.6 0.304723316560E-03
 8931.5 0.306638576310E-03
 8932.4 0.308389281203E-03
 8933.3 0.309632373592E-03
 8934.2 0.308809282834E-03
 8935.1 0.306999695990E-03
 8936.0 0.304529353304E-03
 8936.9 0.302002604575E-03
 8937.8 0.299586862194E-03
 8938.7 0.298063466209E-03
 8939.6 0.297554811218E-03
 8940.5 0.297734901008E-03
 8941.4 0.298348316727E-03
 8942.3 0.299111287579E-03
 8943.2 0.299977860322E-03
 8944.1 0.300425767122E-03
 8945.0 0.300795082432E-03
 8945.9 0.301088221660E-03
 8946.8 0.301444682721E-03
 8947.7 0.301886353209E-03
 8948.6 0.302428037382E-03
 8949.5 0.303533800603E-03
 8950.4 0.304674347551E-03
 8951.3 0.305804711626E-03
 8952.2 0.306778102150E-03
 8953.1 0.307426148015E-03
 8954.0 0.307520618830E-03
 8954.9 0.307113974075E-03
 8955.8 0.306543272436E-03
 8956.7 0.305833366082E-03
 8957.6 0.305122603398E-03
 8958.5 0.304533188170E-03
 8959.4 0.304304278299E-03
 8960.3 0.304100602220E-03
 8961.2 0.303899923294E-03
 8962.1 0.303673489332E-03
 8963.0 0.303287224285E-03
 8963.9 0.302794723203E-03
 8964.8 0.302135196008E-03
 8965.7 0.301462135086E-03
 8966.6 0.300785909469E-03
 8967.5 0.300155018114E-03
 8968.4 0.299668287948E-03
 8969.3 0.299293131913E-03
 8970.2 0.299003613469E-03
 8971.1 0.298744471448E-03
 8972.0 0.298513122899E-03
 8972.9 0.298289727975E-03
 8973.8 0.298038702467E-03
 8974.7 0.297756621058E-03
 8975.6 0.297512515994E-03
 8976.5 0.297276653100E-03
 8977.4 0.297049139418E-03
 8978.3 0.296993040537E-03
 8979.2 0.297003819117E-03
 8980.1 0.297094417834E-03
 8981.0 0.297277756090E-03
 8981.9 0.297556542493E-03
 8982.8 0.298003257878E-03
 8983.7 0.298503749816E-03
 8984.6 0.299003073609E-03
 8985.5 0.299460409339E-03
 8986.4 0.299781518891E-03
 8987.3 0.299966309184E-03
 8988.2 0.299828198149E-03
 8989.1 0.299533332301E-03
 8990.0 0.299141207913E-03
 8990.9 0.298612685150E-03
 8991.8 0.298021524686E-03
 8992.7 0.297385500009E-03
 8993.6 0.296675463344E-03
 8994.5 0.295908089842E-03
 8995.4 0.295094274435E-03
 8996.3 0.294186574612E-03
 8997.2 0.293238189836E-03
 8998.1 0.292254141734E-03
 8999.0 0.291221590020E-03
 8999.9 0.290167006441E-03
 9000.8 0.289089069271E-03
 9001.7 0.288013123997E-03
 9002.6 0.286908044908E-03
 9003.5 0.285764928973E-03
 9004.4 0.284594368611E-03
 9005.3 0.283408808524E-03
 9006.2 0.282203552862E-03
 9007.1 0.280861689395E-03
 9008.0 0.279507390537E-03
 9008.9 0.278173606351E-03
 9009.8 0.277002841216E-03
 9010.7 0.275990985679E-03
 9011.6 0.275285593670E-03
 9012.5 0.275150233128E-03
 9013.4 0.275258665834E-03
 9014.3 0.275565873995E-03
 9015.2 0.275963303902E-03
 9016.1 0.276356191539E-03
 9017.0 0.276554492290E-03
 9017.9 0.276719880207E-03
 9018.8 0.276879669405E-03
 9019.7 0.277120442231E-03
 9020.6 0.277469424372E-03
 9021.5 0.277919625576E-03
 9022.4 0.278728121503E-03
 9023.3 0.279598431380E-03
 9024.2 0.280520916846E-03
 9025.1 0.281512802223E-03
 9026.0 0.282503882464E-03
 9026.9 0.283494148261E-03
 9027.8 0.284394974179E-03
 9028.7 0.285270812965E-03
 9029.6 0.286118853624E-03
 9030.5 0.286893031221E-03
 9031.4 0.287604729351E-03
 9032.3 0.288231111015E-03
 9033.2 0.288802366475E-03
 9034.1 0.289348537069E-03
 9035.0 0.289862655814E-03
 9035.9 0.290356138882E-03
 9036.8 0.290850599283E-03
 9037.7 0.291358114053E-03
 9038.6 0.291844639446E-03
 9039.5 0.292318264050E-03
 9040.4 0.292771378635E-03
 9041.3 0.293235509153E-03
 9042.2 0.293689033287E-03
 9043.1 0.294080357192E-03
 9044.0 0.294386727640E-03
 9044.9 0.294618336810E-03
 9045.8 0.294653907057E-03
 9046.7 0.294473384449E-03
 9047.6 0.294147732629E-03
 9048.5 0.293714313619E-03
 9049.4 0.293250448377E-03
 9050.3 0.292771020280E-03
 9051.2 0.292479356358E-03
 9052.1 0.292231802707E-03
 9053.0 0.292025883418E-03
 9053.9 0.291753849917E-03
 9054.8 0.291403792709E-03
 9055.7 0.290964221159E-03
 9056.6 0.290022263508E-03
 9057.5 0.289032114060E-03
 9058.4 0.288020779767E-03
 9059.3 0.287089865972E-03
 9060.2 0.286325308119E-03
 9061.1 0.285836883909E-03
 9062.0 0.285708671856E-03
 9062.9 0.285726487230E-03
 9063.8 0.285911561415E-03
 9064.7 0.286277604988E-03
 9065.6 0.286746040423E-03
 9066.5 0.287365236366E-03
 9067.4 0.288084725232E-03
 9068.3 0.288846853716E-03
 9069.2 0.289632521950E-03
 9070.1 0.290370231085E-03
 9071.0 0.291054689565E-03
 9071.9 0.291572750217E-03
 9072.8 0.292007630571E-03
 9073.7 0.292375247185E-03
 9074.6 0.292584796566E-03
 9075.5 0.292617728015E-03
 9076.4 0.292516360026E-03
 9077.3 0.292303869339E-03
 9078.2 0.292073837863E-03
 9079.1 0.291828681003E-03
 9080.0 0.291731887861E-03
 9080.9 0.291740581465E-03
 9081.8 0.291864563065E-03
 9082.7 0.291966787384E-03
 9083.6 0.292020382433E-03
 9084.5 0.292010097172E-03
 9085.4 0.291595093898E-03
 9086.3 0.291079406767E-03
 9087.2 0.290470137730E-03
 9088.1 0.289895219600E-03
 9089.0 0.289431740637E-03
 9089.9 0.289187677459E-03
 9090.8 0.289337297746E-03
 9091.7 0.289607753554E-03
 9092.6 0.289935979016E-03
 9093.5 0.290230142116E-03
 9094.4 0.290431840260E-03
 9095.3 0.290350130615E-03
 9096.2 0.290133079044E-03
 9097.1 0.289838753055E-03
 9098.0 0.289455582894E-03
 9098.9 0.289018584986E-03
 9099.8 0.288540101644E-03
 9100.7 0.287974119125E-03
 9101.6 0.287415722567E-03
 9102.5 0.286868872494E-03
 9103.4 0.286408069560E-03
 9104.3 0.286099432632E-03
 9105.2 0.285922810046E-03
 9106.1 0.285974031573E-03
 9107.0 0.286076940024E-03
 9107.9 0.286233173594E-03
 9108.8 0.286421333357E-03
 9109.7 0.286555665373E-03
 9110.6 0.286620411320E-03
 9111.5 0.286770887936E-03
 9112.4 0.286983848673E-03
 9113.3 0.287282181725E-03
 9114.2 0.287952063989E-03
 9115.1 0.288773837676E-03
 9116.0 0.289778265485E-03
 9116.9 0.290756840525E-03
 9117.8 0.291667658504E-03
 9118.7 0.292425482072E-03
 9119.6 0.292582190346E-03
 9120.5 0.292501485957E-03
 9121.4 0.292259870764E-03
 9122.3 0.291963706460E-03
 9123.2 0.291680489483E-03
 9124.1 0.291551346637E-03
 9125.0 0.291574281371E-03
 9125.9 0.291685580919E-03
 9126.8 0.291861412332E-03
 9127.7 0.292068909315E-03
 9128.6 0.292305409801E-03
 9129.5 0.292637158314E-03
 9130.4 0.292984306794E-03
 9131.3 0.293341465950E-03
 9132.2 0.293632385237E-03
 9133.1 0.293846276767E-03
 9134.0 0.293985165013E-03
 9134.9 0.293853816189E-03
 9135.8 0.293629788325E-03
 9136.7 0.293301218470E-03
 9137.6 0.292779769732E-03
 9138.5 0.292122974414E-03
 9139.4 0.291288258054E-03
 9140.3 0.290269789235E-03
 9141.2 0.289192391924E-03
 9142.1 0.288053478518E-03
 9143.0 0.286882215408E-03
 9143.9 0.285728451203E-03
 9144.8 0.284630646260E-03
 9145.7 0.283606736957E-03
 9146.6 0.282639713056E-03
 9147.5 0.281778985691E-03
 9148.4 0.281120994305E-03
 9149.3 0.280578584113E-03
 9150.2 0.280191760591E-03
 9151.1 0.279931082761E-03
 9152.0 0.279761362004E-03
 9152.9 0.279763507481E-03
 9153.8 0.279972935859E-03
 9154.7 0.280317980747E-03
 9155.6 0.280758613401E-03
 9156.5 0.281194573475E-03
 9157.4 0.281616571657E-03
 9158.3 0.281824864468E-03
 9159.2 0.281914290386E-03
 9160.1 0.281894487769E-03
 9161.0 0.281750168347E-03
 9161.9 0.281545538205E-03
 9162.8 0.281273527974E-03
 9163.7 0.280810179322E-03
 9164.6 0.280313433825E-03
 9165.5 0.279785967511E-03
 9166.4 0.279303989042E-03
 9167.3 0.278924290738E-03
 9168.2 0.278711083341E-03
 9169.1 0.278720088761E-03
 9170.0 0.278802566311E-03
 9170.9 0.278953750330E-03
 9171.8 0.279109178764E-03
 9172.7 0.279266622365E-03
 9173.6 0.279426551183E-03
 9174.5 0.279607418184E-03
 9175.4 0.279801260437E-03
 9176.3 0.280015701134E-03
 9177.2 0.280266261246E-03
 9178.1 0.280514005709E-03
 9179.0 0.280663751654E-03
 9179.9 0.280837321240E-03
 9180.8 0.281030237354E-03
 9181.7 0.281269157902E-03
 9182.6 0.281679027854E-03
 9183.5 0.282219041254E-03
 9184.4 0.282907986155E-03
 9185.3 0.283603130135E-03
 9186.2 0.284303058391E-03
 9187.1 0.284944183812E-03
 9188.0 0.285454574732E-03
 9188.9 0.285825835399E-03
 9189.8 0.286060702344E-03
 9190.7 0.286220324000E-03
 9191.6 0.286289193359E-03
 9192.5 0.286217243076E-03
 9193.4 0.286095630344E-03
 9194.3 0.285916866934E-03
 9195.2 0.285594947593E-03
 9196.1 0.285200426414E-03
 9197.0 0.284707632132E-03
 9197.9 0.283966274289E-03
 9198.8 0.283093683970E-03
 9199.7 0.282037932246E-03
 9200.6 0.280806763312E-03
 9201.5 0.279431572810E-03
 9202.4 0.277763503701E-03
 9203.3 0.275946428628E-03
 9204.2 0.274062964760E-03
 9205.1 0.272163142208E-03
 9206.0 0.270315560402E-03
 9206.9 0.268552969285E-03
 9207.8 0.267184322256E-03
 9208.7 0.265957514086E-03
 9209.6 0.264843862396E-03
 9210.5 0.263962988022E-03
 9211.4 0.263335182245E-03
 9212.3 0.262922873616E-03
 9213.2 0.262847716752E-03
 9214.1 0.262781742159E-03
 9215.0 0.262724987069E-03
 9215.9 0.262531451977E-03
 9216.8 0.261972645871E-03
 9217.7 0.260967999325E-03
 9218.6 0.259716492568E-03
 9219.5 0.258399751199E-03
 9220.4 0.257015448235E-03
 9221.3 0.255678248040E-03
 9222.2 0.254433270795E-03
 9223.1 0.253349739560E-03
 9224.0 0.252338661236E-03
 9224.9 0.251378027227E-03
 9225.8 0.250500163967E-03
 9226.7 0.249522105517E-03
 9227.6 0.248546806868E-03
 9228.5 0.247673746498E-03
 9229.4 0.247033188861E-03
 9230.3 0.246595208967E-03
 9231.2 0.246624366051E-03
 9232.1 0.247285899104E-03
 9233.0 0.248318730056E-03
 9233.9 0.249686920997E-03
 9234.8 0.251203703699E-03
 9235.7 0.252810428908E-03
 9236.6 0.254388225078E-03
 9237.5 0.255956271193E-03
 9238.4 0.257518527777E-03
 9239.3 0.259123624099E-03
 9240.2 0.260763964891E-03
 9241.1 0.262437721143E-03
 9242.0 0.264122758604E-03
 9242.9 0.265779378961E-03
 9243.8 0.267402779324E-03
 9244.7 0.268907047517E-03
 9245.6 0.270284397459E-03
 9246.5 0.271491482129E-03
 9247.4 0.272507400576E-03
 9248.3 0.273455682965E-03
 9249.2 0.274327644998E-03
 9250.1 0.275149190640E-03
 9251.0 0.275980570108E-03
 9251.9 0.276856311160E-03
 9252.8 0.277676572308E-03
 9253.7 0.278451350266E-03
 9254.6 0.279139341105E-03
 9255.5 0.279719117973E-03
 9256.4 0.280207467719E-03
 9257.3 0.280496781389E-03
 9258.2 0.280650027114E-03
 9259.1 0.280701132292E-03
 9260.0 0.280543567688E-03
 9260.9 0.280167089928E-03
 9261.8 0.279652273089E-03
 9262.7 0.279053722130E-03
 9263.6 0.278435764141E-03
 9264.5 0.277815674637E-03
 9265.4 0.277408438829E-03
 9266.3 0.277092243863E-03
 9267.2 0.276857395534E-03
 9268.1 0.276576589310E-03
 9269.0 0.276226643798E-03
 9269.9 0.275800792134E-03
 9270.8 0.274875467750E-03
 9271.7 0.273849422278E-03
 9272.6 0.272722069318E-03
 9273.5 0.271624655308E-03
 9274.4 0.270640453626E-03
 9275.3 0.269839822898E-03
 9276.2 0.269556070715E-03
 9277.1 0.269404146715E-03
 9278.0 0.269335547287E-03
 9278.9 0.269285419441E-03
 9279.8 0.269129041598E-03
 9280.7 0.268676061978E-03
 9281.6 0.268047516221E-03
 9282.5 0.267361945444E-03
 9283.4 0.266685338202E-03
 9284.3 0.266086703472E-03
 9285.2 0.265615699049E-03
 9286.1 0.265601192643E-03
 9287.0 0.265671132414E-03
 9287.9 0.265795853994E-03
 9288.8 0.265981235340E-03
 9289.7 0.266088490594E-03
 9290.6 0.266128952156E-03
 9291.5 0.265987318071E-03
 9292.4 0.265814981786E-03
 9293.3 0.265615201075E-03
 9294.2 0.265325026422E-03
 9295.1 0.265041888563E-03
 9296.0 0.264766052773E-03
 9296.9 0.264535555900E-03
 9297.8 0.264345264621E-03
 9298.7 0.264204077317E-03
 9299.6 0.264254028312E-03
 9300.5 0.264364680959E-03
 9301.4 0.264542606655E-03
 9302.3 0.264806253713E-03
 9303.2 0.265104172562E-03
 9304.1 0.265442692593E-03
 9305.0 0.265929999851E-03
 9305.9 0.266469515277E-03
 9306.8 0.267053345748E-03
 9307.7 0.267637920853E-03
 9308.6 0.268209125120E-03
 9309.5 0.268736191192E-03
 9310.4 0.269173598649E-03
 9311.3 0.269551975227E-03
 9312.2 0.269831240988E-03
 9313.1 0.270010106785E-03
 9314.0 0.270083071632E-03
 9314.9 0.269805518529E-03
 9315.8 0.269432084461E-03
 9316.7 0.268998832994E-03
 9317.6 0.268588530224E-03
 9318.5 0.268307575073E-03
 9319.4 0.268146971431E-03
 9320.3 0.268526446344E-03
 9321.2 0.268967418737E-03
 9322.1 0.269468538961E-03
 9323.0 0.270019717221E-03
 9323.9 0.270457464417E-03
 9324.8 0.270757807981E-03
 9325.7 0.270878513190E-03
 9326.6 0.270952646182E-03
 9327.5 0.270978242984E-03
 9328.4 0.270945753661E-03
 9329.3 0.270953018499E-03
 9330.2 0.271048257218E-03
 9331.1 0.271065258148E-03
 9332.0 0.271020272932E-03
 9332.9 0.270869479846E-03
 9333.8 0.270490763529E-03
 9334.7 0.269967965141E-03
 9335.6 0.269210811745E-03
 9336.5 0.268285338433E-03
 9337.4 0.267245908161E-03
 9338.3 0.266005324258E-03
 9339.2 0.264405026172E-03
 9340.1 0.262630939765E-03
 9341.0 0.260861018655E-03
 9341.9 0.259200940403E-03
 9342.8 0.257669162629E-03
 9343.7 0.256713168622E-03
 9344.6 0.256137575667E-03
 9345.5 0.255864657913E-03
 9346.4 0.255947810287E-03
 9347.3 0.256204760291E-03
 9348.2 0.256622132433E-03
 9349.1 0.257419319227E-03
 9350.0 0.258276463040E-03
 9350.9 0.259199111395E-03
 9351.8 0.260119307111E-03
 9352.7 0.260897729123E-03
 9353.6 0.261478776523E-03
 9354.5 0.261723528488E-03
 9355.4 0.261899252859E-03
 9356.3 0.262025905834E-03
 9357.2 0.262163048844E-03
 9358.1 0.262429730287E-03
 9359.0 0.262973094541E-03
 9359.9 0.263533012945E-03
 9360.8 0.264065389191E-03
 9361.7 0.264508939880E-03
 9362.6 0.264655535090E-03
 9363.5 0.264587954880E-03
 9364.4 0.264117578742E-03
 9365.3 0.263547244767E-03
 9366.2 0.262927150609E-03
 9367.1 0.262284377685E-03
 9368.0 0.261787599610E-03
 9368.9 0.261386935198E-03
 9369.8 0.261088653340E-03
 9370.7 0.260831219324E-03
 9371.6 0.260607484660E-03
 9372.5 0.260458655547E-03
 9373.4 0.260361010729E-03
 9374.3 0.260308146352E-03
 9375.2 0.260277332457E-03
 9376.1 0.260243940266E-03
 9377.0 0.260207797581E-03
 9377.9 0.260023644882E-03
 9378.8 0.259810837726E-03
 9379.7 0.259568952603E-03
 9380.6 0.259346735132E-03
 9381.5 0.259157397916E-03
 9382.4 0.259018165276E-03
 9383.3 0.259048951248E-03
 9384.2 0.259129376399E-03
 9385.1 0.259252315511E-03
 9386.0 0.259410373435E-03
 9386.9 0.259575752044E-03
 9387.8 0.259737961304E-03
 9388.7 0.259887972524E-03
 9389.6 0.260034828357E-03
 9390.5 0.260184564993E-03
 9391.4 0.260310692071E-03
 9392.3 0.260414480121E-03
 9393.2 0.260460801024E-03
 9394.1 0.260556672682E-03
 9395.0 0.260695951861E-03
 9395.9 0.260952622628E-03
 9396.8 0.261448497834E-03
 9397.7 0.262121958996E-03
 9398.6 0.263020490510E-03
 9399.5 0.263947797483E-03
 9400.4 0.264897187515E-03
 9401.3 0.265781296395E-03
 9402.2 0.266562613172E-03
 9403.1 0.267240211709E-03
 9404.0 0.267804779423E-03
 9404.9 0.268273014737E-03
 9405.8 0.268625915516E-03
 9406.7 0.268642814059E-03
 9407.6 0.268407290905E-03
 9408.5 0.267830013215E-03
 9409.4 0.267147216201E-03
 9410.3 0.266458378341E-03
 9411.2 0.265788049296E-03
 9412.1 0.265485941880E-03
 9413.0 0.265348170585E-03
 9413.9 0.265410128807E-03
 9414.8 0.265560386687E-03
 9415.7 0.265753623925E-03
 9416.6 0.265997775528E-03
 9417.5 0.266210191751E-03
 9418.4 0.266406146904E-03
 9419.3 0.266585506021E-03
 9420.2 0.266744974096E-03
 9421.1 0.266883736685E-03
 9422.0 0.266956659647E-03
 9422.9 0.266960485205E-03
 9423.8 0.266906075712E-03
 9424.7 0.266699165129E-03
 9425.6 0.266307836569E-03
 9426.5 0.265757351750E-03
 9427.4 0.264794083598E-03
 9428.3 0.263792974064E-03
 9429.2 0.262755824234E-03
 9430.1 0.261790066210E-03
 9431.0 0.261030269362E-03
 9431.9 0.260510049271E-03
 9432.8 0.260225659495E-03
 9433.7 0.259993845550E-03
 9434.6 0.259814314237E-03
 9435.5 0.259600776408E-03
 9436.4 0.259346381430E-03
 9437.3 0.259026933344E-03
 9438.2 0.258708122851E-03
 9439.1 0.258393286843E-03
 9440.0 0.258087102554E-03
 9440.9 0.257803597031E-03
 9441.8 0.257521501660E-03
 9442.7 0.257225193083E-03
 9443.6 0.256957948510E-03
 9444.5 0.256708793896E-03
 9445.4 0.256488275121E-03
 9446.3 0.256405802226E-03
 9447.2 0.256399677609E-03
 9448.1 0.256455836992E-03
 9449.0 0.256534172514E-03
 9449.9 0.256629206458E-03
 9450.8 0.256755598811E-03
 9451.7 0.256853946378E-03
 9452.6 0.256927590703E-03
 9453.5 0.256924695938E-03
 9454.4 0.256854462968E-03
 9455.3 0.256723328225E-03
 9456.2 0.256252514615E-03
 9457.1 0.255714548959E-03
 9458.0 0.255102524774E-03
 9458.9 0.254456917586E-03
 9459.8 0.253824760353E-03
 9460.7 0.253213234143E-03
 9461.6 0.252751742423E-03
 9462.5 0.252361302770E-03
 9463.4 0.252061801574E-03
 9464.3 0.251943912013E-03
 9465.2 0.251985564990E-03
 9466.1 0.252294220534E-03
 9467.0 0.252755228242E-03
 9467.9 0.253270640788E-03
 9468.8 0.253827780776E-03
 9469.7 0.254279894759E-03
 9470.6 0.254657549972E-03
 9471.5 0.254898271604E-03
 9472.4 0.255109170635E-03
 9473.3 0.255307606350E-03
 9474.2 0.255509337072E-03
 9475.1 0.255784414266E-03
 9476.0 0.256097900624E-03
 9476.9 0.256394479132E-03
 9477.8 0.256626051070E-03
 9478.7 0.256797475179E-03
 9479.6 0.256753392832E-03
 9480.5 0.256455599640E-03
 9481.4 0.255941057385E-03
 9482.3 0.255326301324E-03
 9483.2 0.254718144583E-03
 9484.1 0.254116852439E-03
 9485.0 0.253814386668E-03
 9485.9 0.253646401839E-03
 9486.8 0.253636265505E-03
 9487.7 0.253692769282E-03
 9488.6 0.253750445857E-03
 9489.5 0.253800005919E-03
 9490.4 0.253748668043E-03
 9491.3 0.253672384919E-03
 9492.2 0.253578709933E-03
 9493.1 0.253452894671E-03
 9494.0 0.253318055373E-03
 9494.9 0.253179385863E-03
 9495.8 0.252916422937E-03
 9496.7 0.252600856257E-03
 9497.6 0.252241691243E-03
 9498.5 0.251831183698E-03
 9499.4 0.251414607383E-03
 9500.3 0.251064885262E-03
 9501.2 0.250717127113E-03
 9502.1 0.250363793515E-03
 9503.0 0.249967159436E-03
 9503.9 0.249478013862E-03
 9504.8 0.248911584563E-03
 9505.7 0.248149200111E-03
 9506.6 0.247394690165E-03
 9507.5 0.246649823234E-03
 9508.4 0.246013281967E-03
 9509.3 0.245596756847E-03
 9510.2 0.245396375774E-03
 9511.1 0.245355993329E-03
 9512.0 0.245330252254E-03
 9512.9 0.245318016983E-03
 9513.8 0.245156449970E-03
 9514.7 0.244892253744E-03
 9515.6 0.244492804018E-03
 9516.5 0.244034881888E-03
 9517.4 0.243556463700E-03
 9518.3 0.243055357439E-03
 9519.2 0.242515544159E-03
 9520.1 0.241952246977E-03
 9521.0 0.241353244584E-03
 9521.9 0.240806194390E-03
 9522.8 0.240310291261E-03
 9523.7 0.239923076805E-03
 9524.6 0.239926511431E-03
 9525.5 0.240089618906E-03
 9526.4 0.240294332818E-03
 9527.3 0.240441844860E-03
 9528.2 0.240493131543E-03
 9529.1 0.240146816123E-03
 9530.0 0.239516194698E-03
 9530.9 0.238697283200E-03
 9531.8 0.237737747526E-03
 9532.7 0.236739565336E-03
 9533.6 0.235724298444E-03
 9534.5 0.234968396964E-03
 9535.4 0.234197947192E-03
 9536.3 0.233414014887E-03
 9537.2 0.232555028105E-03
 9538.1 0.231579976116E-03
 9539.0 0.230473454299E-03
 9539.9 0.229120370125E-03
 9540.8 0.227744560645E-03
 9541.7 0.226358112204E-03
 9542.6 0.225033193820E-03
 9543.5 0.223780155909E-03
 9544.4 0.222638822442E-03
 9545.3 0.221709235026E-03
 9546.2 0.220922017022E-03
 9547.1 0.220357253842E-03
 9548.0 0.220215163668E-03
 9548.9 0.220359701827E-03
 9549.8 0.220989643773E-03
 9550.7 0.221856216516E-03
 9551.6 0.222856660533E-03
 9552.5 0.224041829687E-03
 9553.4 0.225257300800E-03
 9554.3 0.226491876436E-03
 9555.2 0.227753961652E-03
 9556.1 0.229000311817E-03
 9557.0 0.230218794045E-03
 9557.9 0.231284714680E-03
 9558.8 0.232180211810E-03
 9559.7 0.232950889625E-03
 9560.6 0.233663230003E-03
 9561.5 0.234380796782E-03
 9562.4 0.235104944267E-03
 9563.3 0.236085860250E-03
 9564.2 0.237097864714E-03
 9565.1 0.238143256714E-03
 9566.0 0.239100460752E-03
 9566.9 0.239941003874E-03
 9567.8 0.240632857503E-03
 9568.7 0.240930566923E-03
 9569.6 0.241125819327E-03
 9570.5 0.241220974274E-03
 9571.4 0.241226833615E-03
 9572.3 0.241230626596E-03
 9573.2 0.241261245025E-03
 9574.1 0.241264716882E-03
 9575.0 0.241245561166E-03
 9575.9 0.241184859514E-03
 9576.8 0.241056689347E-03
 9577.7 0.240868790206E-03
 9578.6 0.240552907056E-03
 9579.5 0.240251213842E-03
 9580.4 0.239969304629E-03
 9581.3 0.239751899357E-03
 9582.2 0.239712242930E-03
 9583.1 0.239798932317E-03
 9584.0 0.240101216584E-03
 9584.9 0.240452972488E-03
 9585.8 0.240838702329E-03
 9586.7 0.241234973398E-03
 9587.6 0.241572432325E-03
 9588.5 0.241860568541E-03
 9589.4 0.242114563278E-03
 9590.3 0.242357858552E-03
 9591.2 0.242590305436E-03
 9592.1 0.242798253854E-03
 9593.0 0.242991365435E-03
 9593.9 0.243166931571E-03
 9594.8 0.243339440053E-03
 9595.7 0.243517640333E-03
 9596.6 0.243704985652E-03
 9597.5 0.243939135887E-03
 9598.4 0.244179810979E-03
 9599.3 0.244419452892E-03
 9600.2 0.244661547443E-03
 9601.1 0.244888079139E-03
 9602.0 0.245075596654E-03
 9602.9 0.245263370138E-03
 9603.8 0.245462806456E-03
 9604.7 0.245698720543E-03
 9605.6 0.245994000594E-03
 9606.5 0.246375164897E-03
 9607.4 0.247021902998E-03
 9608.3 0.247714035864E-03
 9609.2 0.248416277140E-03
 9610.1 0.249039042674E-03
 9611.0 0.249470455825E-03
 9611.9 0.249733888801E-03
 9612.8 0.249505272129E-03
 9613.7 0.249186154474E-03
 9614.6 0.248792773517E-03
 9615.5 0.248299783768E-03
 9616.4 0.247893036626E-03
 9617.3 0.247568776341E-03
 9618.2 0.247204212729E-03
 9619.1 0.246803650704E-03
 9620.0 0.246361519474E-03
 9620.9 0.245812347073E-03
 9621.8 0.245144968641E-03
 9622.7 0.244317563659E-03
 9623.6 0.243452885079E-03
 9624.5 0.242573462741E-03
 9625.4 0.241676411188E-03
 9626.3 0.240785279476E-03
 9627.2 0.239923560817E-03
 9628.1 0.239125638697E-03
 9629.0 0.238414997016E-03
 9629.9 0.237773494623E-03
 9630.8 0.237262158949E-03
 9631.7 0.237020199363E-03
 9632.6 0.236904799673E-03
 9633.5 0.236894156057E-03
 9634.4 0.236916267040E-03
 9635.3 0.236935306406E-03
 9636.2 0.236851814293E-03
 9637.1 0.236657553183E-03
 9638.0 0.236397512947E-03
 9638.9 0.236136555880E-03
 9639.8 0.235903131663E-03
 9640.7 0.235701182205E-03
 9641.6 0.235708405157E-03
 9642.5 0.235770656579E-03
 9643.4 0.235882584413E-03
 9644.3 0.235997509399E-03
 9645.2 0.236080280148E-03
 9646.1 0.236127429457E-03
 9647.0 0.235876641301E-03
 9647.9 0.235599865410E-03
 9648.8 0.235309551138E-03
 9649.7 0.235043674831E-03
 9650.6 0.234883438852E-03
 9651.5 0.234896660764E-03
 9652.4 0.235122429209E-03
 9653.3 0.235408047631E-03
 9654.2 0.235738823466E-03
 9655.1 0.236085832327E-03
 9656.0 0.236376635265E-03
 9656.9 0.236504195763E-03
 9657.8 0.236598433879E-03
 9658.7 0.236678854376E-03
 9659.6 0.236750762773E-03
 9660.5 0.236845531442E-03
 9661.4 0.236960116688E-03
 9662.3 0.237122851846E-03
 9663.2 0.237286955269E-03
 9664.1 0.237448224428E-03
 9665.0 0.237582300476E-03
 9665.9 0.237768063448E-03
 9666.8 0.237984212150E-03
 9667.7 0.238123896224E-03
 9668.6 0.238205214936E-03
 9669.5 0.238232301007E-03
 9670.4 0.237951578554E-03
 9671.3 0.237526545988E-03
 9672.2 0.236950641218E-03
 9673.1 0.236317869662E-03
 9674.0 0.235685489039E-03
 9674.9 0.235056394115E-03
 9675.8 0.234812638098E-03
 9676.7 0.234636401791E-03
 9677.6 0.234508455014E-03
 9678.5 0.234406868288E-03
 9679.4 0.234269878859E-03
 9680.3 0.234054372404E-03
 9681.2 0.233701704323E-03
 9682.1 0.233331174329E-03
 9683.0 0.232996633437E-03
 9683.9 0.232757024103E-03
 9684.8 0.232645170733E-03
 9685.7 0.232853980134E-03
 9686.6 0.233209677945E-03
 9687.5 0.233639238819E-03
 9688.4 0.234128114463E-03
 9689.3 0.234662212675E-03
 9690.2 0.235202700780E-03
 9691.1 0.235628794450E-03
 9692.0 0.235930171194E-03
 9692.9 0.236124543999E-03
 9693.8 0.236022668728E-03
 9694.7 0.235297441524E-03
 9695.6 0.234063200974E-03
 9696.5 0.232557224776E-03
 9697.4 0.231181401334E-03
 9698.3 0.229934004028E-03
 9699.2 0.229677375147E-03
 9700.1 0.230340080999E-03
 9701.0 0.232089115119E-03
 9701.9 0.234201042078E-03
 9702.8 0.236333600060E-03
 9703.7 0.238454081005E-03
 9704.6 0.239491793965E-03
 9705.5 0.240077551177E-03
 9706.4 0.240109761262E-03
 9707.3 0.239912824123E-03
 9708.2 0.239656251090E-03
 9709.1 0.239374234835E-03
 9710.0 0.239448484176E-03
 9710.9 0.239618972838E-03
 9711.8 0.239764632602E-03
 9712.7 0.239836876085E-03
 9713.6 0.239810101830E-03
 9714.5 0.239494209372E-03
 9715.4 0.238988477071E-03
 9716.3 0.238379971283E-03
 9717.2 0.237714300856E-03
 9718.1 0.237063104257E-03
 9719.0 0.236451945709E-03
 9719.9 0.236139697306E-03
 9720.8 0.235864666651E-03
 9721.7 0.235618890815E-03
 9722.6 0.235396310334E-03
 9723.5 0.235125486863E-03
 9724.4 0.234809729371E-03
 9725.3 0.234407775811E-03
 9726.2 0.234017089499E-03
 9727.1 0.233640053263E-03
 9728.0 0.233342669620E-03
 9728.9 0.233135098173E-03
 9729.8 0.233046821785E-03
 9730.7 0.233029616080E-03
 9731.6 0.233029616080E-03
 9732.5 0.233044290028E-03
 9733.4 0.233033334597E-03
 9734.3 0.232991202261E-03
 9735.2 0.232891532969E-03
 9736.1 0.232748293266E-03
 9737.0 0.232573602075E-03
 9737.9 0.232343449595E-03
 9738.8 0.231994904927E-03
 9739.7 0.231601710127E-03
 9740.6 0.231199826378E-03
 9741.5 0.230798826881E-03
 9742.4 0.230414437382E-03
 9743.3 0.230115159575E-03
 9744.2 0.229790154656E-03
 9745.1 0.229457205420E-03
 9746.0 0.229180490031E-03
 9746.9 0.228946744691E-03
 9747.8 0.228761852011E-03
 9748.7 0.228873184137E-03
 9749.6 0.229100218461E-03
 9750.5 0.229428979129E-03
 9751.4 0.229762114523E-03
 9752.3 0.230038625138E-03
 9753.2 0.230254057130E-03
 9754.1 0.230007550621E-03
 9755.0 0.229691867591E-03
 9755.9 0.229312955807E-03
 9756.8 0.228893642963E-03
 9757.7 0.228502947342E-03
 9758.6 0.228166149278E-03
 9759.5 0.227959946097E-03
 9760.4 0.227812671408E-03
 9761.3 0.227740237112E-03
 9762.2 0.227828587964E-03
 9763.1 0.228040780797E-03
 9764.0 0.228473092163E-03
 9764.9 0.228923726186E-03
 9765.8 0.229358708927E-03
 9766.7 0.229719111896E-03
 9767.6 0.229766200704E-03
 9768.5 0.229618651430E-03
 9769.4 0.229185441849E-03
 9770.3 0.228706963160E-03
 9771.2 0.228212903000E-03
 9772.1 0.227782206559E-03
 9773.0 0.227529938443E-03
 9773.9 0.227408679412E-03
 9774.8 0.227427988708E-03
 9775.7 0.227503154880E-03
 9776.6 0.227627108557E-03
 9777.5 0.227865535784E-03
 9778.4 0.228117971443E-03
 9779.3 0.228384666848E-03
 9780.2 0.228682976630E-03
 9781.1 0.228984423184E-03
 9782.0 0.229288578344E-03
 9782.9 0.229558098705E-03
 9783.8 0.229840989904E-03
 9784.7 0.230149221937E-03
 9785.6 0.230444008669E-03
 9786.5 0.230723516436E-03
 9787.4 0.230977585637E-03
 9788.3 0.231121537396E-03
 9789.2 0.231237365251E-03
 9790.1 0.231344904396E-03
 9791.0 0.231477975188E-03
 9791.9 0.231640836002E-03
 9792.8 0.231873278232E-03
 9793.7 0.232159413245E-03
 9794.6 0.232477111440E-03
 9795.5 0.232838179926E-03
 9796.4 0.233259787175E-03
 9797.3 0.233736357739E-03
 9798.2 0.234364633566E-03
 9799.1 0.234952633988E-03
 9800.0 0.235500028575E-03
 9800.9 0.235888359982E-03
 9801.8 0.236029528671E-03
 9802.7 0.235965629745E-03
 9803.6 0.235583301952E-03
 9804.5 0.235096874293E-03
 9805.4 0.234510428294E-03
 9806.3 0.233788007431E-03
 9807.2 0.232973517198E-03
 9808.1 0.232052995705E-03
 9809.0 0.231078139182E-03
 9809.9 0.230099401253E-03
 9810.8 0.229120677286E-03
 9811.7 0.228245936836E-03
 9812.6 0.227457425031E-03
 9813.5 0.226799410374E-03
 9814.4 0.226252257793E-03
 9815.3 0.225793660839E-03
 9816.2 0.225485121644E-03
 9817.1 0.225258385174E-03
 9818.0 0.225079914964E-03
 9818.9 0.224975265930E-03
 9819.8 0.224936382061E-03
 9820.7 0.224923821013E-03
 9821.6 0.224918594611E-03
 9822.5 0.225061252568E-03
 9823.4 0.225284293791E-03
 9824.3 0.225563396664E-03
 9825.2 0.225891775707E-03
 9826.1 0.226243266335E-03
 9827.0 0.226539183979E-03
 9827.9 0.226780007998E-03
 9828.8 0.226975902649E-03
 9829.7 0.227090287776E-03
 9830.6 0.227098539254E-03
 9831.5 0.227010551411E-03
 9832.4 0.226792224654E-03
 9833.3 0.226555384428E-03
 9834.2 0.226298103992E-03
 9835.1 0.226059872231E-03
 9836.0 0.225888071152E-03
 9836.9 0.225805742529E-03
 9837.8 0.225747339935E-03
 9838.7 0.225697575099E-03
 9839.6 0.225657779053E-03
 9840.5 0.225572727862E-03
 9841.4 0.225506990621E-03
 9842.3 0.225499846786E-03
 9843.2 0.225489803532E-03
 9844.1 0.225474976003E-03
 9845.0 0.225449179080E-03
 9845.9 0.225316443374E-03
 9846.8 0.225118966375E-03
 9847.7 0.224821559463E-03
 9848.6 0.224510879444E-03
 9849.5 0.224202731183E-03
 9850.4 0.223936780412E-03
 9851.3 0.223755722598E-03
 9852.2 0.223622493572E-03
 9853.1 0.223491554296E-03
 9854.0 0.223367675083E-03
 9854.9 0.223241231536E-03
 9855.8 0.223006262204E-03
 9856.7 0.222820420115E-03
 9857.6 0.222677999510E-03
 9858.5 0.222638575781E-03
 9859.4 0.222676738286E-03
 9860.3 0.222796377737E-03
 9861.2 0.223287566402E-03
 9862.1 0.223826760704E-03
 9863.0 0.224409078637E-03
 9863.9 0.225028944751E-03
 9864.8 0.225626499761E-03
 9865.7 0.226182662416E-03
 9866.6 0.226624267748E-03
 9867.5 0.227024946122E-03
 9868.4 0.227381272218E-03
 9869.3 0.227669608555E-03
 9870.2 0.227926642331E-03
 9871.1 0.228145136631E-03
 9872.0 0.228292769676E-03
 9872.9 0.228398023725E-03
 9873.8 0.228438033853E-03
 9874.7 0.228391401134E-03
 9875.6 0.228302999088E-03
 9876.5 0.228188390572E-03
 9877.4 0.228017259663E-03
 9878.3 0.227805150602E-03
 9879.2 0.227517526321E-03
 9880.1 0.227058543087E-03
 9881.0 0.226477295567E-03
 9881.9 0.225777869939E-03
 9882.8 0.225117183907E-03
 9883.7 0.224496373039E-03
 9884.6 0.224176803949E-03
 9885.5 0.224170781720E-03
 9886.4 0.224475537242E-03
 9887.3 0.224866400405E-03
 9888.2 0.225223866723E-03
 9889.1 0.225538186141E-03
 9890.0 0.225384107356E-03
 9890.9 0.225074227820E-03
 9891.8 0.224587153260E-03
 9892.7 0.224003448446E-03
 9893.6 0.223408639274E-03
 9894.5 0.222819000656E-03
 9895.4 0.222207944496E-03
 9896.3 0.221613731032E-03
 9897.2 0.221070092194E-03
 9898.1 0.220627090672E-03
 9899.0 0.220318821407E-03
 9899.9 0.220331368494E-03
 9900.8 0.220563922419E-03
 9901.7 0.220888955262E-03
 9902.6 0.221244397106E-03
 9903.5 0.221529740944E-03
 9904.4 0.221712050674E-03
 9905.3 0.221488595249E-03
 9906.2 0.221186753108E-03
 9907.1 0.220827048234E-03
 9908.0 0.220374138423E-03
 9908.9 0.219887403602E-03
 9909.8 0.219372502992E-03
 9910.7 0.218802755416E-03
 9911.6 0.218243390833E-03
 9912.5 0.217693739074E-03
 9913.4 0.217229929680E-03
 9914.3 0.216855322813E-03
 9915.2 0.216582246823E-03
 9916.1 0.216441534223E-03
 9917.0 0.216351987302E-03
 9917.9 0.216322788333E-03
 9918.8 0.216379766813E-03
 9919.7 0.216489837715E-03
 9920.6 0.216674064878E-03
 9921.5 0.216902723436E-03
 9922.4 0.217154516848E-03
 9923.3 0.217438343494E-03
 9924.2 0.217648832976E-03
 9925.1 0.217832296889E-03
 9926.0 0.217995548637E-03
 9926.9 0.218158065058E-03
 9927.8 0.218316946734E-03
 9928.7 0.218463164974E-03
 9929.6 0.218675194918E-03
 9930.5 0.218921222068E-03
 9931.4 0.219186619017E-03
 9932.3 0.219471111180E-03
 9933.2 0.219766470349E-03
 9934.1 0.220060265786E-03
 9935.0 0.220309964914E-03
 9935.9 0.220527244529E-03
 9936.8 0.220731558201E-03
 9937.7 0.220915059346E-03
 9938.6 0.221081354786E-03
 9939.5 0.221456715596E-03
 9940.4 0.221815657220E-03
 9941.3 0.222156802086E-03
 9942.2 0.222380843911E-03
 9943.1 0.222353241251E-03
 9944.0 0.221997976258E-03
 9944.9 0.221194525228E-03
 9945.8 0.220384363182E-03
 9946.7 0.219642153664E-03
 9947.6 0.219211675959E-03
 9948.5 0.219348027795E-03
 9949.4 0.220541322770E-03
 9950.3 0.222075916193E-03
 9951.2 0.223731452176E-03
 9952.1 0.225482198955E-03
 9953.0 0.227059832235E-03
 9953.9 0.228435986109E-03
 9954.8 0.229315333983E-03
 9955.7 0.229879166371E-03
 9956.6 0.230204799575E-03
 9957.5 0.230042743896E-03
 9958.4 0.229072871769E-03
 9959.3 0.227624004363E-03
 9960.2 0.225889727963E-03
 9961.1 0.224115436781E-03
 9962.0 0.222348284779E-03
 9962.9 0.221027652696E-03
 9963.8 0.220096585320E-03
 9964.7 0.219495442104E-03
 9965.6 0.219160072807E-03
 9966.5 0.218957392676E-03
 9967.4 0.218890375595E-03
 9968.3 0.219051947262E-03
 9969.2 0.219223413256E-03
 9970.1 0.219398085832E-03
 9971.0 0.219437849300E-03
 9971.9 0.219224739636E-03
 9972.8 0.218638512374E-03
 9973.7 0.217467886857E-03
 9974.6 0.216189549998E-03
 9975.5 0.214876838962E-03
 9976.4 0.213747824537E-03
 9977.3 0.212917078008E-03
 9978.2 0.212714877236E-03
 9979.1 0.212817506449E-03
 9980.0 0.213049231969E-03
 9980.9 0.213393006325E-03
 9981.8 0.213636417948E-03
 9982.7 0.213815656062E-03
 9983.6 0.213891771642E-03
 9984.5 0.213935388592E-03
 9985.4 0.213956410548E-03
 9986.3 0.213939400309E-03
 9987.2 0.213822162303E-03
 9988.1 0.213622241973E-03
 9989.0 0.213220227913E-03
 9989.9 0.212803386323E-03
 9990.8 0.212374560775E-03
 9991.7 0.211936436608E-03
 9992.6 0.211663523508E-03
 9993.5 0.211550055212E-03
 9994.4 0.211561545849E-03
 9995.3 0.211633821910E-03
 9996.2 0.211775595614E-03
 9997.1 0.212062577647E-03
 9998.0 0.212379591710E-03
 9998.9 0.212725013569E-03
 9999.8 0.213064357352E-03
10000.7 0.213352633187E-03
10001.6 0.213549835602E-03
10002.5 0.213601229326E-03
10003.4 0.213596421781E-03
10004.3 0.213531457098E-03
10005.2 0.213487411984E-03
10006.1 0.213512943630E-03
10007.0 0.213726067255E-03
10007.9 0.214107124517E-03
10008.8 0.214544657630E-03
10009.7 0.214957175688E-03
10010.6 0.215267567160E-03
10011.5 0.215455131216E-03
10012.4 0.215226882207E-03
10013.3 0.214870472339E-03
10014.2 0.214425502191E-03
10015.1 0.213873951614E-03
10016.0 0.213358762458E-03
10016.9 0.212872939814E-03
10017.8 0.212434480561E-03
10018.7 0.211934644832E-03
10019.6 0.211378914996E-03
10020.5 0.210649713307E-03
10021.4 0.209631267757E-03
10022.3 0.208289972074E-03
10023.2 0.206794471949E-03
10024.1 0.205325099178E-03
10025.0 0.203903583118E-03
10025.9 0.202835675240E-03
10026.8 0.202118066575E-03
10027.7 0.201926709539E-03
10028.6 0.201929688076E-03
10029.5 0.202016302999E-03
10030.4 0.202205109663E-03
10031.3 0.202269999883E-03
10032.2 0.202261394703E-03
10033.1 0.202140070517E-03
10034.0 0.201888640114E-03
10034.9 0.201514503297E-03
10035.8 0.200860104771E-03
10036.7 0.199920939498E-03
10037.6 0.198825647695E-03
10038.5 0.197584928827E-03
10039.4 0.196305670484E-03
10040.3 0.195020240984E-03
10041.2 0.193854883755E-03
10042.1 0.192705647856E-03
10043.0 0.191571523379E-03
10043.9 0.190494363420E-03
10044.8 0.189455682436E-03
10045.7 0.188449551275E-03
10046.6 0.187400780497E-03
10047.5 0.186494490825E-03
10048.4 0.185738496266E-03
10049.3 0.185304230234E-03
10050.2 0.185182752467E-03
10051.1 0.185449741072E-03
10052.0 0.186237052155E-03
10052.9 0.187187587062E-03
10053.8 0.188317066883E-03
10054.7 0.189622373463E-03
10055.6 0.190925799841E-03
10056.5 0.192167672892E-03
10057.4 0.193464774534E-03
10058.3 0.194761517820E-03
10059.2 0.196023933468E-03
10060.1 0.197138506643E-03
10061.0 0.198144144483E-03
10061.9 0.198945552423E-03
10062.8 0.199676908897E-03
10063.7 0.200368511212E-03
10064.6 0.201012219583E-03
10065.5 0.201680975588E-03
10066.4 0.202359793463E-03
10067.3 0.203017203104E-03
10068.2 0.203672839585E-03
10069.1 0.204330700661E-03
10070.0 0.205028725445E-03
10070.9 0.205798667935E-03
10071.8 0.206625221242E-03
10072.7 0.207389504511E-03
10073.6 0.208073609290E-03
10074.5 0.208677889278E-03
10075.4 0.208889449172E-03
10076.3 0.208957829864E-03
10077.2 0.208863224085E-03
10078.1 0.208716340328E-03
10079.0 0.208618309232E-03
10079.9 0.208600335623E-03
10080.8 0.208942090158E-03
10081.7 0.209354817644E-03
10082.6 0.209802808215E-03
10083.5 0.210164746992E-03
10084.4 0.210368222950E-03
10085.3 0.210240113284E-03
10086.2 0.209844977782E-03
10087.1 0.209375444012E-03
10088.0 0.208920854121E-03
10088.9 0.208674142837E-03
10089.8 0.208672453448E-03
10090.7 0.209350954854E-03
10091.6 0.210086444048E-03
10092.5 0.210831078282E-03
10093.4 0.211461792786E-03
10094.3 0.211723122170E-03
10095.2 0.211700624908E-03
10096.1 0.211133893101E-03
10097.0 0.210348997425E-03
10097.9 0.209378776251E-03
10098.8 0.207977318775E-03
10099.7 0.206089294022E-03
10100.6 0.203744049888E-03
10101.5 0.201469103879E-03
10102.4 0.199420428943E-03
10103.3 0.197631854746E-03
10104.2 0.197654649862E-03
10105.1 0.198526067381E-03
10106.0 0.200434644039E-03
10106.9 0.202491342408E-03
10107.8 0.204373479897E-03
10108.7 0.205915291618E-03
10109.6 0.205061559161E-03
10110.5 0.203479755928E-03
10111.4 0.201321312599E-03
10112.3 0.199092487373E-03
10113.2 0.197120556304E-03
10114.1 0.195934461011E-03
10115.0 0.196010739480E-03
10115.9 0.196598842290E-03
10116.8 0.197396699255E-03
10117.7 0.198136311862E-03
10118.6 0.198641774233E-03
10119.5 0.198041436152E-03
10120.4 0.197080439134E-03
10121.3 0.195896056500E-03
10122.2 0.194597926333E-03
10123.1 0.193383004387E-03
10124.0 0.192258252993E-03
10124.9 0.191646754706E-03
10125.8 0.191185137329E-03
10126.7 0.190857982279E-03
10127.6 0.190879488246E-03
10128.5 0.191205698542E-03
10129.4 0.191863466538E-03
10130.3 0.192873753689E-03
10131.2 0.193938450332E-03
10132.1 0.195052846656E-03
10133.0 0.196046244571E-03
10133.9 0.196842691385E-03
10134.8 0.197334908576E-03
10135.7 0.197635852501E-03
10136.6 0.197832287012E-03
10137.5 0.197881544566E-03
10138.4 0.197575881522E-03
10139.3 0.197138334446E-03
10140.2 0.196586700098E-03
10141.1 0.196103525559E-03
10142.0 0.195723529402E-03
10142.9 0.195622529076E-03
10143.8 0.196224821822E-03
10144.7 0.197155465687E-03
10145.6 0.198200220095E-03
10146.5 0.199226796119E-03
10147.4 0.200167799708E-03
10148.3 0.200559947365E-03
10149.2 0.200680289565E-03
10150.1 0.200609451580E-03
10151.0 0.200450895682E-03
10151.9 0.200354628437E-03
10152.8 0.200317131449E-03
10153.7 0.200625079591E-03
10154.6 0.200998927862E-03
10155.5 0.201440454076E-03
10156.4 0.201883087935E-03
10157.3 0.202261683249E-03
10158.2 0.202559462479E-03
10159.1 0.202611330907E-03
10160.0 0.202626372519E-03
10160.9 0.202618893599E-03
10161.8 0.202659918291E-03
10162.7 0.202790997186E-03
10163.6 0.203082256212E-03
10164.5 0.203514651350E-03
10165.4 0.203954902379E-03
10166.3 0.204335340663E-03
10167.2 0.204431705640E-03
10168.1 0.204273033393E-03
10169.0 0.203579159944E-03
10169.9 0.202872613752E-03
10170.8 0.202205300476E-03
10171.7 0.201731229091E-03
10172.6 0.201976641918E-03
10173.5 0.202673856913E-03
10174.4 0.203900353267E-03
10175.3 0.205163750901E-03
10176.2 0.206425878004E-03
10177.1 0.207418377704E-03
10178.0 0.207812191480E-03
10178.9 0.207724245523E-03
10179.8 0.207368398785E-03
