 1160.0 0.325178111226E-07
 1160.9 0.326794080813E-07
 1161.8 0.265165590476E-07
 1162.7 0.199786506748E-07
 1163.6 0.152240682499E-07
 1164.5 0.134166737467E-07
 1165.4 0.139709399584E-07
 1166.3 0.199641603277E-07
 1167.2 0.196294786083E-07
 1168.1 0.149824002733E-07
 1169.0 0.203957659430E-07
 1169.9 0.335344629863E-07
 1170.8 0.329100565204E-07
 1171.7 0.286604221072E-07
 1172.6 0.410811748154E-07
 1173.5 0.122397142298E-06
 1174.4 0.300664930068E-06
 1175.3 0.350105017454E-06
 1176.2 0.180289132248E-06
 1177.1 0.475296872986E-07
 1178.0 0.168789170681E-07
 1178.9 0.170414218000E-07
 1179.8 0.217231596985E-07
 1180.7 0.215183446362E-07
 1181.6 0.213342318505E-07
 1182.5 0.216371774531E-07
 1183.4 0.184235418763E-07
 1184.3 0.135475239387E-07
 1185.2 0.121189471332E-07
 1186.1 0.136191177882E-07
 1187.0 0.160889695616E-07
 1187.9 0.249575048150E-07
 1188.8 0.400657925654E-07
 1189.7 0.470534175919E-07
 1190.6 0.370202864186E-07
 1191.5 0.320366269381E-07
 1192.4 0.411171645340E-07
 1193.3 0.502811967001E-07
 1194.2 0.432656239201E-07
 1195.1 0.283356761098E-07
 1196.0 0.263841488946E-07
 1196.9 0.319264796070E-07
 1197.8 0.403083969473E-07
 1198.7 0.541163913234E-07
 1199.6 0.584866394950E-07
 1200.5 0.465929434905E-07
 1201.4 0.309406515480E-07
 1202.3 0.313917221860E-07
 1203.2 0.456821239410E-07
 1204.1 0.117238533160E-06
 1205.0 0.434367944710E-06
 1205.9 0.715489230508E-06
 1206.8 0.417962360547E-06
 1207.7 0.112158953382E-06
 1208.6 0.573363637177E-07
 1209.5 0.671156366883E-07
 1210.4 0.918213506179E-07
 1211.3 0.143618021046E-06
 1212.2 0.383242428632E-06
 1213.1 0.189549515766E-05
 1214.0 0.669225665236E-05
 1214.9 0.107962321374E-04
 1215.8 0.761990575795E-05
 1216.7 0.255817472974E-05
 1217.6 0.617010327210E-06
 1218.5 0.212587324665E-06
 1219.4 0.958338342986E-07
 1220.3 0.648134831207E-07
 1221.2 0.575956285663E-07
 1222.1 0.475447946934E-07
 1223.0 0.372661627002E-07
 1223.9 0.283225529736E-07
 1224.8 0.213284794679E-07
 1225.7 0.231845489464E-07
 1226.6 0.301274751168E-07
 1227.5 0.307661558891E-07
 1228.4 0.283960926086E-07
 1229.3 0.227679288144E-07
 1230.2 0.170864271606E-07
 1231.1 0.151454700659E-07
 1232.0 0.150836034864E-07
 1232.9 0.153920314210E-07
 1233.8 0.178331280947E-07
 1234.7 0.191360906367E-07
 1235.6 0.196247905865E-07
 1236.5 0.322099459255E-07
 1237.4 0.796694191279E-07
 1238.3 0.110027629437E-06
 1239.2 0.629881055963E-07
 1240.1 0.273594569543E-07
 1241.0 0.366294944523E-07
 1241.9 0.604059305585E-07
 1242.8 0.496678540871E-07
 1243.7 0.241330799764E-07
 1244.6 0.156032658438E-07
 1245.5 0.149503549369E-07
 1246.4 0.170115841933E-07
 1247.3 0.191787147042E-07
 1248.2 0.197833332683E-07
 1249.1 0.202567543239E-07
 1250.0 0.200515831774E-07
 1250.9 0.171117752646E-07
 1251.8 0.161710172587E-07
 1252.7 0.208160841025E-07
 1253.6 0.211585549796E-07
 1254.5 0.182380901158E-07
 1255.4 0.192093610952E-07
 1256.3 0.195857653922E-07
 1257.2 0.234256084407E-07
 1258.1 0.380757440080E-07
 1259.0 0.511978262809E-07
 1259.9 0.502650722108E-07
 1260.8 0.333981296655E-07
 1261.7 0.183463657621E-07
 1262.6 0.256215137378E-07
 1263.5 0.683751130459E-07
 1264.4 0.873835968398E-07
 1265.3 0.485652702757E-07
 1266.2 0.211626925170E-07
 1267.1 0.129201133456E-07
 1268.0 0.937480739767E-08
 1268.9 0.966661145962E-08
 1269.8 0.104235859413E-07
 1270.7 0.941163913541E-08
 1271.6 0.964959134533E-08
 1272.5 0.127277861532E-07
 1273.4 0.191050084319E-07
 1274.3 0.231969478245E-07
 1275.2 0.231638270194E-07
 1276.1 0.242972967564E-07
 1277.0 0.238405963713E-07
 1277.9 0.209002620174E-07
 1278.8 0.214689288832E-07
 1279.7 0.212642411939E-07
 1280.6 0.167903246735E-07
 1281.5 0.130654321657E-07
 1282.4 0.114163302382E-07
 1283.3 0.109971263222E-07
 1284.2 0.114682993201E-07
 1285.1 0.103796123924E-07
 1286.0 0.105048042556E-07
 1286.9 0.167576832464E-07
 1287.8 0.227099470380E-07
 1288.7 0.201344516900E-07
 1289.6 0.154961495279E-07
 1290.5 0.123103375294E-07
 1291.4 0.124562901758E-07
 1292.3 0.150214285452E-07
 1293.2 0.200386632709E-07
 1294.1 0.248579159644E-07
 1295.0 0.249822990650E-07
 1295.9 0.227884085718E-07
 1296.8 0.218800486899E-07
 1297.7 0.346046366649E-07
 1298.6 0.419856376429E-07
 1299.5 0.427309982466E-07
 1300.4 0.100555517281E-06
 1301.3 0.190029121545E-06
 1302.2 0.164798355504E-06
 1303.1 0.161623967818E-06
 1304.0 0.291550025842E-06
 1304.9 0.347283525417E-06
 1305.8 0.235600739574E-06
 1306.7 0.810372680984E-07
 1307.6 0.350181870675E-07
 1308.5 0.469975588349E-07
 1309.4 0.430662903877E-07
 1310.3 0.317712371740E-07
 1311.2 0.269777372734E-07
 1312.1 0.225647600466E-07
 1313.0 0.180049055276E-07
 1313.9 0.143448948680E-07
 1314.8 0.160338862506E-07
 1315.7 0.211610063414E-07
 1316.6 0.221458213050E-07
 1317.5 0.205955636350E-07
 1318.4 0.215918399534E-07
 1319.3 0.167759184282E-07
 1320.2 0.111442151242E-07
 1321.1 0.952813207116E-08
 1322.0 0.130609038461E-07
 1322.9 0.177673333950E-07
 1323.8 0.169025693099E-07
 1324.7 0.138329989160E-07
 1325.6 0.152295889572E-07
 1326.5 0.173520143028E-07
 1327.4 0.218403088362E-07
 1328.3 0.298737271907E-07
 1329.2 0.274231818838E-07
 1330.1 0.179995959501E-07
 1331.0 0.148383723388E-07
 1331.9 0.356145864502E-07
 1332.8 0.180351152979E-06
 1333.7 0.499934146939E-06
 1334.6 0.728139891101E-06
 1335.5 0.552782010894E-06
 1336.4 0.181943916605E-06
 1337.3 0.329684992962E-07
 1338.2 0.162188405993E-07
 1339.1 0.160501892472E-07
 1340.0 0.159447569551E-07
 1340.9 0.183301522550E-07
 1341.8 0.210572206017E-07
 1342.7 0.199229436015E-07
 1343.6 0.184280379089E-07
 1344.5 0.167186310835E-07
 1345.4 0.159149864372E-07
 1346.3 0.175763081372E-07
 1347.2 0.185602434483E-07
 1348.1 0.194738232678E-07
 1349.0 0.211901408009E-07
 1349.9 0.295967504841E-07
 1350.8 0.447270163550E-07
 1351.7 0.387193973380E-07
 1352.6 0.299346098381E-07
 1353.5 0.415267130176E-07
 1354.4 0.628262719718E-07
 1355.3 0.641585636628E-07
 1356.2 0.413430689707E-07
 1357.1 0.337089342270E-07
 1358.0 0.363360541812E-07
 1358.9 0.319988654127E-07
 1359.8 0.281190318820E-07
 1360.7 0.285211188917E-07
 1361.6 0.267749740018E-07
 1362.5 0.278242524188E-07
 1363.4 0.305379468305E-07
 1364.3 0.253777030702E-07
 1365.2 0.205119794029E-07
 1366.1 0.195523252576E-07
 1367.0 0.202226266468E-07
 1367.9 0.213826269592E-07
 1368.8 0.229363403976E-07
 1369.7 0.278452045041E-07
 1370.6 0.312009547068E-07
 1371.5 0.276331270454E-07
 1372.4 0.243835935048E-07
 1373.3 0.243850768402E-07
 1374.2 0.227077687738E-07
 1375.1 0.222908605203E-07
 1376.0 0.235034916100E-07
 1376.9 0.226572508439E-07
 1377.8 0.227882140685E-07
 1378.7 0.247117703143E-07
 1379.6 0.252822898645E-07
 1380.5 0.252827160502E-07
 1381.4 0.248389891833E-07
 1382.3 0.244106348931E-07
 1383.2 0.226249623392E-07
 1384.1 0.209193711871E-07
 1385.0 0.207623043159E-07
 1385.9 0.228789745484E-07
 1386.8 0.244161656724E-07
 1387.7 0.226894554935E-07
 1388.6 0.216333880087E-07
 1389.5 0.234628993140E-07
 1390.4 0.292884858615E-07
 1391.3 0.689377213183E-07
 1392.2 0.237535217458E-06
 1393.1 0.405045710015E-06
 1394.0 0.258471195210E-06
 1394.9 0.742614721124E-07
 1395.8 0.289706721153E-07
 1396.7 0.258195076132E-07
 1397.6 0.284763392613E-07
 1398.5 0.336797278833E-07
 1399.4 0.427127801329E-07
 1400.3 0.687223963182E-07
 1401.2 0.143693119339E-06
 1402.1 0.217674355414E-06
 1403.0 0.148078149161E-06
 1403.9 0.651954926525E-07
 1404.8 0.470427442010E-07
 1405.7 0.437965450199E-07
 1406.6 0.391796509676E-07
 1407.5 0.333322197666E-07
 1408.4 0.299753086818E-07
 1409.3 0.323408936093E-07
 1410.2 0.366688698257E-07
 1411.1 0.379990783131E-07
 1412.0 0.361415446375E-07
 1412.9 0.354814808598E-07
 1413.8 0.354762007219E-07
 1414.7 0.364434906054E-07
 1415.6 0.368529618721E-07
 1416.5 0.346965879304E-07
 1417.4 0.321186142525E-07
 1418.3 0.314295928150E-07
 1419.2 0.304937861392E-07
 1420.1 0.303391873306E-07
 1421.0 0.310544198607E-07
 1421.9 0.328320051977E-07
 1422.8 0.384784651212E-07
 1423.7 0.489761183774E-07
 1424.6 0.499512433379E-07
 1425.5 0.384053004288E-07
 1426.4 0.337766081129E-07
 1427.3 0.344415278289E-07
 1428.2 0.350301417182E-07
 1429.1 0.368162261187E-07
 1430.0 0.422587940073E-07
 1430.9 0.493575914853E-07
 1431.8 0.517898658002E-07
 1432.7 0.474983880599E-07
 1433.6 0.439428839183E-07
 1434.5 0.434250564922E-07
 1435.4 0.409277831406E-07
 1436.3 0.400002088661E-07
 1437.2 0.390276301181E-07
 1438.1 0.379549198135E-07
 1439.0 0.376798370846E-07
 1439.9 0.388149288017E-07
 1440.8 0.397074145061E-07
 1441.7 0.402826109187E-07
 1442.6 0.381555405228E-07
 1443.5 0.359039955992E-07
 1444.4 0.375755688668E-07
 1445.3 0.395411693771E-07
 1446.2 0.396833140052E-07
 1447.1 0.374915032434E-07
 1448.0 0.364386113269E-07
 1448.9 0.370753047290E-07
 1449.8 0.382466683596E-07
 1450.7 0.393097353700E-07
 1451.6 0.403436996887E-07
 1452.5 0.434067602314E-07
 1453.4 0.488751999821E-07
 1454.3 0.520894266595E-07
 1455.2 0.484337363624E-07
 1456.1 0.450828957286E-07
 1457.0 0.472843750532E-07
 1457.9 0.512451475241E-07
 1458.8 0.527025395161E-07
 1459.7 0.530472440861E-07
 1460.6 0.502848227264E-07
 1461.5 0.465100028638E-07
 1462.4 0.507863148900E-07
 1463.3 0.513071086853E-07
 1464.2 0.480809104142E-07
 1465.1 0.482597000704E-07
 1466.0 0.575042226942E-07
 1466.9 0.696355159271E-07
 1467.8 0.684540495394E-07
 1468.7 0.629397000066E-07
 1469.6 0.612112771569E-07
 1470.5 0.611874785983E-07
 1471.4 0.733924987215E-07
 1472.3 0.909398577466E-07
 1473.2 0.913875261434E-07
 1474.1 0.749536168906E-07
 1475.0 0.601187299856E-07
 1475.9 0.562955292078E-07
 1476.8 0.560381921833E-07
 1477.7 0.562279143376E-07
 1478.6 0.549393931619E-07
 1479.5 0.596464391869E-07
 1480.4 0.742541796469E-07
 1481.3 0.835310200456E-07
 1482.2 0.795436847774E-07
 1483.1 0.686841067229E-07
 1484.0 0.595023828170E-07
 1484.9 0.617083830860E-07
 1485.8 0.675823214366E-07
 1486.7 0.638611016103E-07
 1487.6 0.572190131968E-07
 1488.5 0.556058958610E-07
 1489.4 0.537960599105E-07
 1490.3 0.521536924939E-07
 1491.2 0.568472208633E-07
 1492.1 0.627717873193E-07
 1493.0 0.625399941483E-07
 1493.9 0.588699805772E-07
 1494.8 0.562656483264E-07
 1495.7 0.560501100680E-07
 1496.6 0.576388193518E-07
 1497.5 0.607446139594E-07
 1498.4 0.635031835380E-07
 1499.3 0.667780567623E-07
 1500.2 0.701373202089E-07
 1501.1 0.710231583018E-07
 1502.0 0.664166347697E-07
 1502.9 0.627788947321E-07
 1503.8 0.616639442402E-07
 1504.7 0.634756845491E-07
 1505.6 0.626183371923E-07
 1506.5 0.618480434926E-07
 1507.4 0.627976461259E-07
 1508.3 0.674387883614E-07
 1509.2 0.750448115369E-07
 1510.1 0.809167527997E-07
 1511.0 0.770686839099E-07
 1511.9 0.724302967911E-07
 1512.8 0.715909530593E-07
 1513.7 0.702973904515E-07
 1514.6 0.714712979680E-07
 1515.5 0.732024545640E-07
 1516.4 0.721551381575E-07
 1517.3 0.731402279724E-07
 1518.2 0.750556209245E-07
 1519.1 0.692885201898E-07
 1520.0 0.679690638640E-07
 1520.9 0.734648033259E-07
 1521.8 0.773630804874E-07
 1522.7 0.799716476559E-07
 1523.6 0.816774793035E-07
 1524.5 0.937866158242E-07
 1525.4 0.132290465308E-06
 1526.3 0.147647194320E-06
 1527.2 0.106558635385E-06
 1528.1 0.799899169583E-07
 1529.0 0.745696162083E-07
 1529.9 0.753794808596E-07
 1530.8 0.839093080344E-07
 1531.7 0.119443500115E-06
 1532.6 0.167379101899E-06
 1533.5 0.151377094743E-06
 1534.4 0.108096865360E-06
 1535.3 0.939412348349E-07
 1536.2 0.101209356411E-06
 1537.1 0.978195400497E-07
 1538.0 0.854427332785E-07
 1538.9 0.870363184309E-07
 1539.8 0.102917897117E-06
 1540.7 0.109054047514E-06
 1541.6 0.962778953824E-07
 1542.5 0.836760248360E-07
 1543.4 0.856995034741E-07
 1544.3 0.928453484485E-07
 1545.2 0.102216146816E-06
 1546.1 0.220101731822E-06
 1547.0 0.550884530146E-06
 1547.9 0.642796635037E-06
 1548.8 0.398038333184E-06
 1549.7 0.387555785683E-06
 1550.6 0.365674130798E-06
 1551.5 0.189841358871E-06
 1552.4 0.990310095970E-07
 1553.3 0.805121198548E-07
 1554.2 0.826108376512E-07
 1555.1 0.933854403904E-07
 1556.0 0.101391537968E-06
 1556.9 0.114693126759E-06
 1557.8 0.149859023559E-06
 1558.7 0.185511391281E-06
 1559.6 0.225582387918E-06
 1560.5 0.231902121617E-06
 1561.4 0.168290537223E-06
 1562.3 0.118169140283E-06
 1563.2 0.114127998366E-06
 1564.1 0.111066422308E-06
 1565.0 0.111698170089E-06
 1565.9 0.124329799157E-06
 1566.8 0.126972129080E-06
 1567.7 0.120592768265E-06
 1568.6 0.128282910044E-06
 1569.5 0.142069457437E-06
 1570.4 0.136035589925E-06
 1571.3 0.123008685687E-06
 1572.2 0.129853161073E-06
 1573.1 0.158590787711E-06
 1574.0 0.167150029666E-06
 1574.9 0.138002027206E-06
 1575.8 0.118698769823E-06
 1576.7 0.117695440482E-06
 1577.6 0.108272017415E-06
 1578.5 0.101018467108E-06
 1579.4 0.113450256747E-06
 1580.3 0.123181696827E-06
 1581.2 0.110570175774E-06
 1582.1 0.104246639902E-06
 1583.0 0.118791117552E-06
 1583.9 0.130402325753E-06
 1584.8 0.124374291807E-06
 1585.7 0.118956723884E-06
 1586.6 0.129795001658E-06
 1587.5 0.143992765557E-06
 1588.4 0.133733917987E-06
 1589.3 0.121672177615E-06
 1590.2 0.122057451510E-06
 1591.1 0.123839708472E-06
 1592.0 0.120596425426E-06
 1592.9 0.121832568629E-06
 1593.8 0.135790563890E-06
 1594.7 0.132671239254E-06
 1595.6 0.115553489835E-06
 1596.5 0.112944961453E-06
 1597.4 0.121760862126E-06
 1598.3 0.123505848972E-06
 1599.2 0.124818587161E-06
 1600.1 0.132495002802E-06
 1601.0 0.149253680461E-06
 1601.9 0.160330157386E-06
 1602.8 0.144354309963E-06
 1603.7 0.128548034789E-06
 1604.6 0.134519785021E-06
 1605.5 0.139726731197E-06
 1606.4 0.134496832230E-06
 1607.3 0.143173356912E-06
 1608.2 0.149604429424E-06
 1609.1 0.149442666260E-06
 1610.0 0.165212064378E-06
 1610.9 0.168150758106E-06
 1611.8 0.172198376445E-06
 1612.7 0.176287244147E-06
 1613.6 0.160999560958E-06
 1614.5 0.146813400586E-06
 1615.4 0.148059723084E-06
 1616.3 0.156855930408E-06
 1617.2 0.167118297237E-06
 1618.1 0.168682097100E-06
 1619.0 0.166194575081E-06
 1619.9 0.178241940538E-06
 1620.8 0.192906903682E-06
 1621.7 0.199136826764E-06
 1622.6 0.197351011794E-06
 1623.5 0.189000071432E-06
 1624.4 0.202026837764E-06
 1625.3 0.211059986687E-06
 1626.2 0.198719365956E-06
 1627.1 0.189966826764E-06
 1628.0 0.191305336874E-06
 1628.9 0.196608811514E-06
 1629.8 0.185193027809E-06
 1630.7 0.183980710336E-06
 1631.6 0.203550424431E-06
 1632.5 0.218567574529E-06
 1633.4 0.219714860118E-06
 1634.3 0.201522796515E-06
 1635.2 0.196103033916E-06
 1636.1 0.208426384030E-06
 1637.0 0.201932437121E-06
 1637.9 0.213897038320E-06
 1638.8 0.360163161669E-06
 1639.7 0.515800812035E-06
 1640.6 0.397951700763E-06
 1641.5 0.246180057757E-06
 1642.4 0.225814403067E-06
 1643.3 0.226034957353E-06
 1644.2 0.208145993093E-06
 1645.1 0.192328118813E-06
 1646.0 0.185971544466E-06
 1646.9 0.184855032510E-06
 1647.8 0.187656169403E-06
 1648.7 0.196351037366E-06
 1649.6 0.190752397831E-06
 1650.5 0.186038578517E-06
 1651.4 0.199554811890E-06
 1652.3 0.219019616269E-06
 1653.2 0.237244656767E-06
 1654.1 0.257323055053E-06
 1655.0 0.372033918437E-06
 1655.9 0.572210343084E-06
 1656.8 0.655279170442E-06
 1657.7 0.539388539789E-06
 1658.6 0.372267329619E-06
 1659.5 0.272788693599E-06
 1660.4 0.245077616629E-06
 1661.3 0.344364496036E-06
 1662.2 0.669476051304E-06
 1663.1 0.776229658102E-06
 1664.0 0.449713345078E-06
 1664.9 0.269195838195E-06
 1665.8 0.242185587140E-06
 1666.7 0.217998969183E-06
 1667.6 0.211071715046E-06
 1668.5 0.245471896772E-06
 1669.4 0.333579264099E-06
 1670.3 0.368595885346E-06
 1671.2 0.288339932645E-06
 1672.1 0.245095543775E-06
 1673.0 0.258373086456E-06
 1673.9 0.258246784918E-06
 1674.8 0.247885045150E-06
 1675.7 0.251691441354E-06
 1676.6 0.247114642048E-06
 1677.5 0.246475231108E-06
 1678.4 0.258116438894E-06
 1679.3 0.261889966917E-06
 1680.2 0.265561578131E-06
 1681.1 0.255013668053E-06
 1682.0 0.246665097351E-06
 1682.9 0.257108507452E-06
 1683.8 0.270582081681E-06
 1684.7 0.309955906192E-06
 1685.6 0.359885175845E-06
 1686.5 0.349744366197E-06
 1687.4 0.331623693726E-06
 1688.3 0.331457101670E-06
 1689.2 0.341996889769E-06
 1690.1 0.364044115563E-06
 1691.0 0.361533986312E-06
 1691.9 0.357538538307E-06
 1692.8 0.369511245559E-06
 1693.7 0.377420113249E-06
 1694.6 0.379543745199E-06
 1695.5 0.412887853866E-06
 1696.4 0.440350876837E-06
 1697.3 0.419799815264E-06
 1698.2 0.420782938997E-06
 1699.1 0.425039443140E-06
 1700.0 0.448412099188E-06
 1700.9 0.504386282812E-06
 1701.8 0.501382815912E-06
 1702.7 0.458660319959E-06
 1703.6 0.437889568465E-06
 1704.5 0.439039599078E-06
 1705.4 0.450070340940E-06
 1706.3 0.461542791472E-06
 1707.2 0.497849618004E-06
 1708.1 0.554243557389E-06
 1709.0 0.558878912901E-06
 1709.9 0.537927092549E-06
 1710.8 0.515018749531E-06
 1711.7 0.482757565969E-06
 1712.6 0.452009049128E-06
 1713.5 0.433683041374E-06
 1714.4 0.476241748453E-06
 1715.3 0.562604791857E-06
 1716.2 0.640327689081E-06
 1717.1 0.639421106735E-06
 1718.0 0.595121698704E-06
 1718.9 0.576020269808E-06
 1719.8 0.565517045961E-06
 1720.7 0.534012405756E-06
 1721.6 0.501735111881E-06
 1722.5 0.503320614975E-06
 1723.4 0.536203544851E-06
 1724.3 0.585183045217E-06
 1725.2 0.600282317065E-06
 1726.1 0.600362720624E-06
 1727.0 0.618825905158E-06
 1727.9 0.630113334622E-06
 1728.8 0.597436746706E-06
 1729.7 0.588451482193E-06
 1730.6 0.626340381908E-06
 1731.5 0.636779069312E-06
 1732.4 0.633587612746E-06
 1733.3 0.641032003270E-06
 1734.2 0.643764168517E-06
 1735.1 0.660026871623E-06
 1736.0 0.654039116442E-06
 1736.9 0.648772128988E-06
 1737.8 0.688126459584E-06
 1738.7 0.695672974378E-06
 1739.6 0.688215907004E-06
 1740.5 0.761849792208E-06
 1741.4 0.844638072154E-06
 1742.3 0.893637349472E-06
 1743.2 0.936646968952E-06
 1744.1 0.968178362332E-06
 1745.0 0.955278078424E-06
 1745.9 0.899119389012E-06
 1746.8 0.842327328960E-06
 1747.7 0.856049376851E-06
 1748.6 0.949794271762E-06
 1749.5 0.109122298882E-05
 1750.4 0.115907453008E-05
 1751.3 0.108709503872E-05
 1752.2 0.102918995903E-05
 1753.1 0.109089948055E-05
 1754.0 0.120560404302E-05
 1754.9 0.122683376695E-05
 1755.8 0.116337314410E-05
 1756.7 0.115224711909E-05
 1757.6 0.116991676810E-05
 1758.5 0.116109288056E-05
 1759.4 0.113412489073E-05
 1760.3 0.115590508137E-05
 1761.2 0.118271337318E-05
 1762.1 0.111342339766E-05
 1763.0 0.103843143478E-05
 1763.9 0.988909890653E-06
 1764.8 0.908935875316E-06
 1765.7 0.106419683092E-05
 1766.6 0.136225935876E-05
 1767.5 0.135311062939E-05
 1768.4 0.120327257129E-05
 1769.3 0.123972623277E-05
 1770.2 0.140566631030E-05
 1771.1 0.157051009576E-05
 1772.0 0.173800140310E-05
 1772.9 0.175224269536E-05
 1773.8 0.151319511410E-05
 1774.7 0.136734815670E-05
 1775.6 0.142658830794E-05
 1776.5 0.151619721564E-05
 1777.4 0.165115514924E-05
 1778.3 0.184741188504E-05
 1779.2 0.194790328972E-05
 1780.1 0.186631356264E-05
 1781.0 0.165550914716E-05
 1781.9 0.151905588703E-05
 1782.8 0.156250233720E-05
 1783.7 0.166291193882E-05
 1784.6 0.170733236080E-05
 1785.5 0.170258877028E-05
 1786.4 0.164956173948E-05
 1787.3 0.162383345118E-05
 1788.2 0.172892710986E-05
 1789.1 0.185334762234E-05
 1790.0 0.192328700574E-05
 1790.9 0.198057088357E-05
 1791.8 0.187323296085E-05
 1792.7 0.168108973877E-05
 1793.6 0.162973347901E-05
 1794.5 0.170582626719E-05
 1795.4 0.175789156756E-05
 1796.3 0.171051315405E-05
 1797.2 0.168748118057E-05
 1798.1 0.175775243919E-05
 1799.0 0.187098705200E-05
 1799.9 0.194749195259E-05
 1800.8 0.193425144727E-05
 1801.7 0.185717749348E-05
 1802.6 0.178275496535E-05
 1803.5 0.179107276321E-05
 1804.4 0.186967526759E-05
 1805.3 0.182183071552E-05
 1806.2 0.179823677333E-05
 1807.1 0.199959368873E-05
 1808.0 0.190284349375E-05
 1808.9 0.179126917349E-05
 1809.8 0.198667566426E-05
 1810.7 0.210466140737E-05
 1811.6 0.211943219861E-05
 1812.5 0.198792370736E-05
 1813.4 0.175731020238E-05
 1814.3 0.183737259528E-05
 1815.2 0.251317657184E-05
 1816.1 0.334022971681E-05
 1817.0 0.299064470957E-05
 1817.9 0.231777996418E-05
 1818.8 0.205124808304E-05
 1819.7 0.186358384838E-05
 1820.6 0.206409756742E-05
 1821.5 0.238955207022E-05
 1822.4 0.264490549968E-05
 1823.3 0.277458160704E-05
 1824.2 0.261187287692E-05
 1825.1 0.224592616365E-05
 1826.0 0.204629566337E-05
 1826.9 0.203807455392E-05
 1827.8 0.211630802165E-05
 1828.7 0.225196879129E-05
 1829.6 0.225586483355E-05
 1830.5 0.226842699749E-05
 1831.4 0.231631521845E-05
 1832.3 0.232351300061E-05
 1833.2 0.242812410553E-05
 1834.1 0.252669325307E-05
 1835.0 0.239880104883E-05
 1835.9 0.230425363402E-05
 1836.8 0.232470885525E-05
 1837.7 0.236608739505E-05
 1838.6 0.229981652836E-05
 1839.5 0.198306968352E-05
 1840.4 0.178479433925E-05
 1841.3 0.188770559920E-05
 1842.2 0.210545492835E-05
 1843.1 0.215553432092E-05
 1844.0 0.207450781405E-05
 1844.9 0.186828665513E-05
 1845.8 0.169910980715E-05
 1846.7 0.150340235699E-05
 1847.6 0.156903371014E-05
 1848.5 0.189184145989E-05
 1849.4 0.185042998430E-05
 1850.3 0.158404188570E-05
 1851.2 0.150663944455E-05
 1852.1 0.165989807037E-05
 1853.0 0.213756700184E-05
 1853.9 0.260491994965E-05
 1854.8 0.270417253689E-05
 1855.7 0.258534712151E-05
 1856.6 0.229009611243E-05
 1857.5 0.206905809294E-05
 1858.4 0.201953837757E-05
 1859.3 0.211660117459E-05
 1860.2 0.231249089344E-05
 1861.1 0.244921196807E-05
 1862.0 0.255246386771E-05
 1862.9 0.248219993109E-05
 1863.8 0.228776720464E-05
 1864.7 0.225754718178E-05
 1865.6 0.247324215188E-05
 1866.5 0.280281341957E-05
 1867.4 0.298207219961E-05
 1868.3 0.303735611373E-05
 1869.2 0.303375845506E-05
 1870.1 0.306401182541E-05
 1871.0 0.305935279548E-05
 1871.9 0.291393428951E-05
 1872.8 0.293854200394E-05
 1873.7 0.298145685358E-05
 1874.6 0.284447611614E-05
 1875.5 0.270977980250E-05
 1876.4 0.263675932425E-05
 1877.3 0.274266300776E-05
 1878.2 0.286992451354E-05
 1879.1 0.283321181551E-05
 1880.0 0.272817287611E-05
 1880.9 0.279936220287E-05
 1881.8 0.318305936037E-05
 1882.7 0.342956715014E-05
 1883.6 0.340090916542E-05
 1884.5 0.329430161016E-05
 1885.4 0.323319797439E-05
 1886.3 0.325935019024E-05
 1887.2 0.317989443302E-05
 1888.1 0.322589360484E-05
 1889.0 0.343124471639E-05
 1889.9 0.351408832567E-05
 1890.8 0.366565026839E-05
 1891.7 0.367863908802E-05
 1892.6 0.347440866750E-05
 1893.5 0.367455684176E-05
 1894.4 0.376831806581E-05
 1895.3 0.354237485714E-05
 1896.2 0.334102718791E-05
 1897.1 0.304734162307E-05
 1898.0 0.286993381225E-05
 1898.9 0.302209089147E-05
 1899.8 0.310453561397E-05
 1900.7 0.432057348326E-05
 1901.6 0.454207059551E-05
 1902.5 0.370394995888E-05
 1903.4 0.368607153854E-05
 1904.3 0.385105388998E-05
 1905.2 0.400808188270E-05
 1906.1 0.427241970138E-05
 1907.0 0.400927562679E-05
 1907.9 0.348624256117E-05
 1908.8 0.458009470483E-05
 1909.7 0.451239776538E-05
 1910.6 0.295117186458E-05
 1911.5 0.301835479979E-05
 1912.4 0.290232309117E-05
 1913.3 0.233083620645E-05
 1914.2 0.342685704791E-05
 1915.1 0.405094850798E-05
 1916.0 0.330475654341E-05
 1916.9 0.381250618878E-05
 1917.8 0.453825786923E-05
 1918.7 0.521061332697E-05
 1919.6 0.517588533225E-05
 1920.5 0.476408832901E-05
 1921.4 0.389844690707E-05
 1922.3 0.457409305475E-05
 1923.2 0.509085489033E-05
 1924.1 0.299858042727E-05
 1925.0 0.292572857041E-05
 1925.9 0.366040427345E-05
 1926.8 0.340206111762E-05
 1927.7 0.308839107985E-05
 1928.6 0.287470693885E-05
 1929.5 0.322624089575E-05
 1930.4 0.366275087973E-05
 1931.3 0.402180335146E-05
 1932.2 0.237774761165E-05
 1933.1 0.246545760710E-05
 1934.0 0.415172058901E-05
 1934.9 0.260925913022E-05
 1935.8 0.163323597490E-05
 1936.7 0.131294797249E-05
 1937.6 0.233279756897E-05
 1938.5 0.335358774193E-05
 1939.4 0.425187477426E-05
 1940.3 0.478146137098E-05
 1941.2 0.562104314002E-05
 1942.1 0.705309157825E-05
 1943.0 0.652762260442E-05
 1943.9 0.574887873415E-05
 1944.8 0.530978264348E-05
 1945.7 0.582153770561E-05
 1946.6 0.649831498438E-05
 1947.5 0.681519091579E-05
 1948.4 0.576543054169E-05
 1949.3 0.466378698172E-05
 1950.2 0.515168999883E-05
 1951.1 0.507872003887E-05
 1952.0 0.472695765869E-05
 1952.9 0.430944712439E-05
 1953.8 0.543667866314E-05
 1954.7 0.725185597735E-05
 1955.6 0.663867632546E-05
 1956.5 0.561996045676E-05
 1957.4 0.450007910169E-05
 1958.3 0.536975581860E-05
 1959.2 0.599955832540E-05
 1960.1 0.640176075691E-05
 1961.0 0.472502316090E-05
 1961.9 0.457798276687E-05
 1962.8 0.611970967857E-05
 1963.7 0.613178228223E-05
 1964.6 0.548987495578E-05
 1965.5 0.409258834641E-05
 1966.4 0.505241517143E-05
 1967.3 0.609691079846E-05
 1968.2 0.688486939337E-05
 1969.1 0.594821840393E-05
 1970.0 0.524906697165E-05
 1970.9 0.562327058211E-05
 1971.8 0.551713737559E-05
 1972.7 0.521182200018E-05
 1973.6 0.479931447960E-05
 1974.5 0.467373463853E-05
 1975.4 0.465366165652E-05
 1976.3 0.469240184773E-05
 1977.2 0.433176924711E-05
 1978.1 0.412431787426E-05
 1979.0 0.542000370341E-05
 1979.9 0.632303464089E-05
 1980.8 0.670593256523E-05
 1981.7 0.494026070334E-05
 1982.6 0.472153516636E-05
 1983.5 0.546946473437E-05
 1984.4 0.540786993713E-05
 1985.3 0.454150594820E-05
 1986.2 0.314981158761E-05
 1987.1 0.532684443015E-05
 1988.0 0.633644966679E-05
 1988.9 0.624778569337E-05
 1989.8 0.537875440550E-05
 1990.7 0.537331311816E-05
 1991.6 0.653211299652E-05
 1992.5 0.642936004772E-05
 1993.4 0.602583432360E-05
 1994.3 0.529532607662E-05
 1995.2 0.531345401965E-05
 1996.1 0.530703224467E-05
 1997.0 0.507380783720E-05
 1997.9 0.491289028146E-05
 1998.8 0.518212175408E-05
 1999.7 0.648419789037E-05
 2000.6 0.643726631519E-05
 2001.5 0.619133784842E-05
 2002.4 0.661259815660E-05
 2003.3 0.713372975024E-05
 2004.2 0.744654084226E-05
 2005.1 0.673539781276E-05
 2006.0 0.620781144716E-05
 2006.9 0.591341803765E-05
 2007.8 0.655944825227E-05
 2008.7 0.654200345599E-05
 2009.6 0.613767875223E-05
 2010.5 0.610074316177E-05
 2011.4 0.658676302718E-05
 2012.3 0.746080855645E-05
 2013.2 0.756377708652E-05
 2014.1 0.794701589933E-05
 2015.0 0.864162868854E-05
 2015.9 0.821066099591E-05
 2016.8 0.768486414999E-05
 2017.7 0.710772003953E-05
 2018.6 0.676628288069E-05
 2019.5 0.657006978308E-05
 2020.4 0.656019592838E-05
 2021.3 0.625632164710E-05
 2022.2 0.612464141361E-05
 2023.1 0.656577564416E-05
 2024.0 0.677301714105E-05
 2024.9 0.688468315962E-05
 2025.8 0.690146911810E-05
 2026.7 0.706784776458E-05
 2027.6 0.732678703016E-05
 2028.5 0.774051897047E-05
 2029.4 0.770496105845E-05
 2030.3 0.764670271465E-05
 2031.2 0.814378287216E-05
 2032.1 0.820901915284E-05
 2033.0 0.782942899093E-05
 2033.9 0.618462993145E-05
 2034.8 0.624136671914E-05
 2035.7 0.730368499462E-05
 2036.6 0.839374742214E-05
 2037.5 0.827125618880E-05
 2038.4 0.732400268751E-05
 2039.3 0.749096170821E-05
 2040.2 0.774826101229E-05
 2041.1 0.808599692889E-05
 2042.0 0.774472916281E-05
 2042.9 0.766402374096E-05
 2043.8 0.786662788412E-05
 2044.7 0.832418810516E-05
 2045.6 0.860811351342E-05
 2046.5 0.853117359531E-05
 2047.4 0.881393152867E-05
 2048.3 0.898541977298E-05
 2049.2 0.878037853998E-05
 2050.1 0.868226916135E-05
 2051.0 0.858097934665E-05
 2051.9 0.855317692659E-05
 2052.8 0.852616242381E-05
 2053.7 0.841041446453E-05
 2054.6 0.809372574197E-05
 2055.5 0.805022715310E-05
 2056.4 0.820952268774E-05
 2057.3 0.877104841148E-05
 2058.2 0.877275804266E-05
 2059.1 0.854131876943E-05
 2060.0 0.852247564077E-05
 2060.9 0.880246539386E-05
 2061.8 0.914636387593E-05
 2062.7 0.876685998251E-05
 2063.6 0.866017986952E-05
 2064.5 0.875772498630E-05
 2065.4 0.936614325894E-05
 2066.3 0.960059556111E-05
 2067.2 0.955016462436E-05
 2068.1 0.920530156545E-05
 2069.0 0.923815391231E-05
 2069.9 0.966005071360E-05
 2070.8 0.978187547919E-05
 2071.7 0.994674224340E-05
 2072.6 0.101743150397E-04
 2073.5 0.102764278686E-04
 2074.4 0.102259328085E-04
 2075.3 0.998153039005E-05
 2076.2 0.103952054196E-04
 2077.1 0.107766647092E-04
 2078.0 0.107250298532E-04
 2078.9 0.102232079978E-04
 2079.8 0.987913256210E-05
 2080.7 0.102360074454E-04
 2081.6 0.105451114712E-04
 2082.5 0.106344865688E-04
 2083.4 0.100514661551E-04
 2084.3 0.102849530429E-04
 2085.2 0.108947943203E-04
 2086.1 0.118134806777E-04
 2087.0 0.120817566618E-04
 2087.9 0.120949331353E-04
 2088.8 0.125334332073E-04
 2089.7 0.132138427524E-04
 2090.6 0.140113964551E-04
 2091.5 0.143177905710E-04
 2092.4 0.144273084646E-04
 2093.3 0.144271493671E-04
 2094.2 0.148594036488E-04
 2095.1 0.153500151278E-04
 2096.0 0.158944179018E-04
 2096.9 0.164185540050E-04
 2097.8 0.168001110574E-04
 2098.7 0.169615399256E-04
 2099.6 0.167909116164E-04
 2100.5 0.154473599866E-04
 2101.4 0.167217687561E-04
 2102.3 0.167454204431E-04
 2103.2 0.167780472555E-04
 2104.1 0.171524566462E-04
 2105.0 0.188870413645E-04
 2105.9 0.201261971247E-04
 2106.8 0.195387226941E-04
 2107.7 0.173808342634E-04
 2108.6 0.152121263531E-04
 2109.5 0.143910750878E-04
 2110.4 0.161781720240E-04
 2111.3 0.186023138605E-04
 2112.2 0.195640335868E-04
 2113.1 0.190330713083E-04
 2114.0 0.182168194166E-04
 2114.9 0.199753868239E-04
 2115.8 0.218936102198E-04
 2116.7 0.237699671590E-04
 2117.6 0.243282170606E-04
 2118.5 0.255923291857E-04
 2119.4 0.272604725291E-04
 2120.3 0.261666971386E-04
 2121.2 0.233956488612E-04
 2122.1 0.190694417829E-04
 2123.0 0.157174163295E-04
 2123.9 0.138251342786E-04
 2124.8 0.135862615503E-04
 2125.7 0.169855234659E-04
 2126.6 0.199118078920E-04
 2127.5 0.218635934055E-04
 2128.4 0.208090677630E-04
 2129.3 0.193666961087E-04
 2130.2 0.178887605579E-04
 2131.1 0.178027251615E-04
 2132.0 0.179202519646E-04
 2132.9 0.179035613414E-04
 2133.8 0.179720613408E-04
 2134.7 0.183989371169E-04
 2135.6 0.197645825300E-04
 2136.5 0.206492747939E-04
 2137.4 0.209768401496E-04
 2138.3 0.198708679053E-04
 2139.2 0.211175153554E-04
 2140.1 0.236970278495E-04
 2141.0 0.276268945631E-04
 2141.9 0.289378176102E-04
 2142.8 0.286219745726E-04
 2143.7 0.272948148904E-04
 2144.6 0.255638038564E-04
 2145.5 0.235877849557E-04
 2146.4 0.222852300258E-04
 2147.3 0.226565023136E-04
 2148.2 0.244804382014E-04
 2149.1 0.247817815515E-04
 2150.0 0.243219654575E-04
 2150.9 0.230448675641E-04
 2151.8 0.236228835238E-04
 2152.7 0.242671245786E-04
 2153.6 0.248878710983E-04
 2154.5 0.235122678324E-04
 2155.4 0.215128401961E-04
 2156.3 0.188353020637E-04
 2157.2 0.167377585580E-04
 2158.1 0.158865439934E-04
 2159.0 0.173769031920E-04
 2159.9 0.202169737567E-04
 2160.8 0.227528248607E-04
 2161.7 0.236385944803E-04
 2162.6 0.231906998892E-04
 2163.5 0.221778779268E-04
 2164.4 0.207364500686E-04
 2165.3 0.186205372879E-04
 2166.2 0.166285219171E-04
 2167.1 0.165686903087E-04
 2168.0 0.173516018702E-04
 2168.9 0.185465382971E-04
 2169.8 0.194476638696E-04
 2170.7 0.205777511670E-04
 2171.6 0.217062875947E-04
 2172.5 0.208774512598E-04
 2173.4 0.195602802757E-04
 2174.3 0.178846421633E-04
 2175.2 0.181749836683E-04
 2176.1 0.187131990387E-04
 2177.0 0.195026154405E-04
 2177.9 0.217256073834E-04
 2178.8 0.249034811266E-04
 2179.7 0.292165305773E-04
 2180.6 0.317161917021E-04
 2181.5 0.329360062433E-04
 2182.4 0.324330671226E-04
 2183.3 0.300370890915E-04
 2184.2 0.277544656696E-04
 2185.1 0.262349876984E-04
 2186.0 0.242515288815E-04
 2186.9 0.226615266124E-04
 2187.8 0.222749059515E-04
 2188.7 0.238390881024E-04
 2189.6 0.254990336216E-04
 2190.5 0.255916696851E-04
 2191.4 0.266968985215E-04
 2192.3 0.283091370117E-04
 2193.2 0.303668256364E-04
 2194.1 0.294248211930E-04
 2195.0 0.271450304052E-04
 2195.9 0.259633142832E-04
 2196.8 0.273302835949E-04
 2197.7 0.300697883066E-04
 2198.6 0.303749287970E-04
 2199.5 0.286997404101E-04
 2200.4 0.256728667932E-04
 2201.3 0.276459554564E-04
 2202.2 0.311466599321E-04
 2203.1 0.361085621414E-04
 2204.0 0.357758225339E-04
 2204.9 0.339853496660E-04
 2205.8 0.305747192287E-04
 2206.7 0.272741044297E-04
 2207.6 0.244563318794E-04
 2208.5 0.223254235866E-04
 2209.4 0.202522789623E-04
 2210.3 0.185420643209E-04
 2211.2 0.174696256838E-04
 2212.1 0.203614344758E-04
 2213.0 0.237512473764E-04
 2213.9 0.264600939563E-04
 2214.8 0.248745092284E-04
 2215.7 0.222894892859E-04
 2216.6 0.202986805374E-04
 2217.5 0.213012937795E-04
 2218.4 0.237965586168E-04
 2219.3 0.277919038321E-04
 2220.2 0.300550799546E-04
 2221.1 0.311665715663E-04
 2222.0 0.304427638993E-04
 2222.9 0.298122113931E-04
 2223.8 0.292463552721E-04
 2224.7 0.287630864300E-04
 2225.6 0.280857830726E-04
 2226.5 0.273273736074E-04
 2227.4 0.277076694563E-04
 2228.3 0.283533013828E-04
 2229.2 0.292384650326E-04
 2230.1 0.293844644420E-04
 2231.0 0.312158728189E-04
 2231.9 0.349142564690E-04
 2232.8 0.401274513331E-04
 2233.7 0.435391103823E-04
 2234.6 0.443855610373E-04
 2235.5 0.427297492347E-04
 2236.4 0.403070601636E-04
 2237.3 0.370715027309E-04
 2238.2 0.360892353068E-04
 2239.1 0.356813839677E-04
 2240.0 0.356252063458E-04
 2240.9 0.336818259530E-04
 2241.8 0.314907220894E-04
 2242.7 0.299410881855E-04
 2243.6 0.300121752202E-04
 2244.5 0.311226388321E-04
 2245.4 0.339567360004E-04
 2246.3 0.361864947497E-04
 2247.2 0.375442079016E-04
 2248.1 0.359022402101E-04
 2249.0 0.336667153517E-04
 2249.9 0.313514975393E-04
 2250.8 0.309365102398E-04
 2251.7 0.306669776798E-04
 2252.6 0.304877325379E-04
 2253.5 0.301612711949E-04
 2254.4 0.295837251108E-04
 2255.3 0.288025724491E-04
 2256.2 0.287228610358E-04
 2257.1 0.292567149268E-04
 2258.0 0.304320234539E-04
 2258.9 0.290890559744E-04
 2259.8 0.276616954415E-04
 2260.7 0.262490503680E-04
 2261.6 0.259637964299E-04
 2262.5 0.254284017031E-04
 2263.4 0.243241566926E-04
 2264.3 0.223447342478E-04
 2265.2 0.206017429206E-04
 2266.1 0.196064273670E-04
 2267.0 0.194741804528E-04
 2267.9 0.193041903289E-04
 2268.8 0.185299686912E-04
 2269.7 0.184650943129E-04
 2270.6 0.188391276201E-04
 2271.5 0.199147816466E-04
 2272.4 0.204562594735E-04
 2273.3 0.207931342625E-04
 2274.2 0.212015617479E-04
 2275.1 0.220846425962E-04
 2276.0 0.232331397214E-04
 2276.9 0.244959364826E-04
 2277.8 0.259649476197E-04
 2278.7 0.275824135071E-04
 2279.6 0.293623930805E-04
 2280.5 0.311786812516E-04
 2281.4 0.329793690920E-04
 2282.3 0.332748211219E-04
 2283.2 0.332804965885E-04
 2284.1 0.330002335916E-04
 2285.0 0.321389195779E-04
 2285.9 0.305243527655E-04
 2286.8 0.280133652718E-04
 2287.7 0.278113103790E-04
 2288.6 0.278622612233E-04
 2289.5 0.280181520114E-04
 2290.4 0.274599234469E-04
 2291.3 0.274137675165E-04
 2292.2 0.285071021302E-04
 2293.1 0.293823275450E-04
 2294.0 0.302153600568E-04
 2294.9 0.310583638581E-04
 2295.8 0.288979138551E-04
 2296.7 0.257375273375E-04
 2297.6 0.222140081979E-04
 2298.5 0.220979741935E-04
 2299.4 0.233677443164E-04
 2300.3 0.249448217948E-04
 2301.2 0.263061077551E-04
 2302.1 0.276014832687E-04
 2303.0 0.291307386167E-04
 2303.9 0.320283063135E-04
 2304.8 0.357461259305E-04
 2305.7 0.392876070445E-04
 2306.6 0.398386973148E-04
 2307.5 0.379999184703E-04
 2308.4 0.334299250217E-04
 2309.3 0.290173733845E-04
 2310.2 0.247514521040E-04
 2311.1 0.226558899127E-04
 2312.0 0.220910812457E-04
 2312.9 0.232562618714E-04
 2313.8 0.277489365271E-04
 2314.7 0.317619109421E-04
 2315.6 0.348073911205E-04
 2316.5 0.343804281323E-04
 2317.4 0.331441234081E-04
 2318.3 0.312448508607E-04
 2319.2 0.287874822583E-04
 2320.1 0.274232718223E-04
 2321.0 0.286895984978E-04
 2321.9 0.338367627152E-04
 2322.8 0.386424942972E-04
 2323.7 0.395460861339E-04
 2324.6 0.350798109611E-04
 2325.5 0.294455125338E-04
 2326.4 0.266195330330E-04
 2327.3 0.276504197519E-04
 2328.2 0.302199033539E-04
 2329.1 0.315795992193E-04
 2330.0 0.302373233275E-04
 2330.9 0.273784149337E-04
 2331.8 0.248484522260E-04
 2332.7 0.246306481890E-04
 2333.6 0.261386536675E-04
 2334.5 0.288577924462E-04
 2335.4 0.294113685647E-04
 2336.3 0.280461713470E-04
 2337.2 0.243820353621E-04
 2338.1 0.221637734049E-04
 2339.0 0.215049183090E-04
 2339.9 0.229435025411E-04
 2340.8 0.241459760378E-04
 2341.7 0.249061480222E-04
 2342.6 0.229069214400E-04
 2343.5 0.206717813859E-04
 2344.4 0.185278190477E-04
 2345.3 0.189628724159E-04
 2346.2 0.196985682716E-04
 2347.1 0.201417602913E-04
 2348.0 0.219399301823E-04
 2348.9 0.246112905698E-04
 2349.8 0.286922039496E-04
 2350.7 0.316340414899E-04
 2351.6 0.338212758919E-04
 2352.5 0.347135396088E-04
 2353.4 0.340287716415E-04
 2354.3 0.329243589209E-04
 2355.2 0.330325315161E-04
 2356.1 0.338793193115E-04
 2357.0 0.345855791728E-04
 2357.9 0.314521130751E-04
 2358.8 0.279748375168E-04
 2359.7 0.245829542590E-04
 2360.6 0.252598176115E-04
 2361.5 0.270670768938E-04
 2362.4 0.297399178913E-04
 2363.3 0.290825887312E-04
 2364.2 0.278082360569E-04
 2365.1 0.259057921820E-04
 2366.0 0.255715922078E-04
 2366.9 0.259736878970E-04
 2367.8 0.272355251796E-04
 2368.7 0.300642846208E-04
 2369.6 0.327755165909E-04
 2370.5 0.350921462863E-04
 2371.4 0.346348353948E-04
 2372.3 0.326066009633E-04
 2373.2 0.283713181504E-04
 2374.1 0.269025114223E-04
 2375.0 0.273807390350E-04
 2375.9 0.310879009365E-04
 2376.8 0.322034963221E-04
 2377.7 0.315015279080E-04
 2378.6 0.275571459626E-04
 2379.5 0.238355177361E-04
 2380.4 0.204909171045E-04
 2381.3 0.183830025732E-04
 2382.2 0.178970646729E-04
 2383.1 0.186739284112E-04
 2384.0 0.222017582620E-04
 2384.9 0.256785751110E-04
 2385.8 0.287622553449E-04
 2386.7 0.280433920880E-04
 2387.6 0.263285589528E-04
 2388.5 0.240294707703E-04
 2389.4 0.270135431796E-04
 2390.3 0.301102456440E-04
 2391.2 0.333151612986E-04
 2392.1 0.323123933120E-04
 2393.0 0.299069620296E-04
 2393.9 0.259259428363E-04
 2394.8 0.218689472355E-04
 2395.7 0.200617360112E-04
 2396.6 0.215298043600E-04
 2397.5 0.235502565129E-04
 2398.4 0.249953449531E-04
 2399.3 0.252696130595E-04
 2400.2 0.264003247821E-04
 2401.1 0.273910063722E-04
 2402.0 0.276678997732E-04
 2402.9 0.257255458611E-04
 2403.8 0.232825335054E-04
 2404.7 0.212066170640E-04
 2405.6 0.207475417216E-04
 2406.5 0.213814250182E-04
 2407.4 0.239413059581E-04
 2408.3 0.252520697177E-04
 2409.2 0.254070319975E-04
 2410.1 0.224322524526E-04
 2411.0 0.215654376406E-04
 2411.9 0.221343028918E-04
 2412.8 0.243022436427E-04
 2413.7 0.267513963521E-04
 2414.6 0.294184823895E-04
 2415.5 0.322860769616E-04
 2416.4 0.345069944467E-04
 2417.3 0.361415183019E-04
 2418.2 0.379124766093E-04
 2419.1 0.396952679863E-04
 2420.0 0.414910568737E-04
 2420.9 0.430405777061E-04
 2421.8 0.430397801965E-04
 2422.7 0.409360629218E-04
 2423.6 0.384502880441E-04
 2424.5 0.377637054824E-04
 2425.4 0.402006655343E-04
 2426.3 0.423074433924E-04
 2427.2 0.430187401727E-04
 2428.1 0.408927967783E-04
 2429.0 0.404507945176E-04
 2429.9 0.404531367924E-04
 2430.8 0.404789699042E-04
 2431.7 0.391070735751E-04
 2432.6 0.374254554082E-04
 2433.5 0.363648738194E-04
 2434.4 0.354466770592E-04
 2435.3 0.349242618652E-04
 2436.2 0.360642168024E-04
 2437.1 0.370489952425E-04
 2438.0 0.377377833603E-04
 2438.9 0.368259704206E-04
 2439.8 0.376461184131E-04
 2440.7 0.396518416302E-04
 2441.6 0.413963873789E-04
 2442.5 0.411232498226E-04
 2443.4 0.391225595093E-04
 2444.3 0.370418400343E-04
 2445.2 0.352201285862E-04
 2446.1 0.336704050660E-04
 2447.0 0.321829327231E-04
 2447.9 0.309707256067E-04
 2448.8 0.301104786446E-04
 2449.7 0.292962962773E-04
 2450.6 0.285097480225E-04
 2451.5 0.277600770676E-04
 2452.4 0.277143399763E-04
 2453.3 0.281355320956E-04
 2454.2 0.292578832186E-04
 2455.1 0.298666393958E-04
 2456.0 0.304099287850E-04
 2456.9 0.310945543002E-04
 2457.8 0.310722922315E-04
 2458.7 0.305723203889E-04
 2459.6 0.292399927420E-04
 2460.5 0.276911388116E-04
 2461.4 0.262766850654E-04
 2462.3 0.258763027122E-04
 2463.2 0.268737445386E-04
 2464.1 0.285469593979E-04
 2465.0 0.298274899854E-04
 2465.9 0.309227440353E-04
 2466.8 0.318768382538E-04
 2467.7 0.325984308332E-04
 2468.6 0.329589344027E-04
 2469.5 0.330074536105E-04
 2470.4 0.323383723047E-04
 2471.3 0.314768348077E-04
 2472.2 0.304245442715E-04
 2473.1 0.325551075729E-04
 2474.0 0.347111395711E-04
 2474.9 0.368056379316E-04
 2475.8 0.360776861826E-04
 2476.7 0.347258442765E-04
 2477.6 0.327786908273E-04
 2478.5 0.311020551041E-04
 2479.4 0.305181626984E-04
 2480.3 0.319011055941E-04
 2481.2 0.308494602830E-04
 2482.1 0.286048798410E-04
 2483.0 0.247790410288E-04
 2483.9 0.256541983582E-04
 2484.8 0.279357066858E-04
 2485.7 0.302774600073E-04
 2486.6 0.287243773333E-04
 2487.5 0.257382239306E-04
 2488.4 0.230534050529E-04
 2489.3 0.218431236635E-04
 2490.2 0.217899796246E-04
 2491.1 0.242889272432E-04
 2492.0 0.282749815675E-04
 2492.9 0.331363027406E-04
 2493.8 0.376042744275E-04
 2494.7 0.402773964492E-04
 2495.6 0.415225892053E-04
 2496.5 0.413705351453E-04
 2497.4 0.412896058545E-04
 2498.3 0.412752126383E-04
 2499.2 0.406804876027E-04
 2500.1 0.391249969213E-04
 2501.0 0.364725497207E-04
 2501.9 0.363952990642E-04
 2502.8 0.372876318109E-04
 2503.7 0.393176193162E-04
 2504.6 0.368865649367E-04
 2505.5 0.336821727486E-04
 2506.4 0.300997975658E-04
 2507.3 0.318083639598E-04
 2508.2 0.346710121969E-04
 2509.1 0.378190963444E-04
 2510.0 0.368730878898E-04
 2510.9 0.347658105462E-04
 2511.8 0.325141956935E-04
 2512.7 0.303472824233E-04
 2513.6 0.281240436035E-04
 2514.5 0.255743573125E-04
 2515.4 0.240376704594E-04
 2516.3 0.232229864707E-04
 2517.2 0.237580422485E-04
 2518.1 0.248435304894E-04
 2519.0 0.262640955911E-04
 2519.9 0.278204706315E-04
 2520.8 0.279091936055E-04
 2521.7 0.268619732685E-04
 2522.6 0.244360613731E-04
 2523.5 0.234217381496E-04
 2524.4 0.236622561991E-04
 2525.3 0.254470083370E-04
 2526.2 0.258937151443E-04
 2527.1 0.248908728433E-04
 2528.0 0.236192910133E-04
 2528.9 0.244120455291E-04
 2529.8 0.279707635592E-04
 2530.7 0.314595634445E-04
 2531.6 0.335535920258E-04
 2532.5 0.333626735436E-04
 2533.4 0.326638791544E-04
 2534.3 0.319347886869E-04
 2535.2 0.313247773453E-04
 2536.1 0.312807700310E-04
 2537.0 0.314525970706E-04
 2537.9 0.318224287019E-04
 2538.8 0.324445603910E-04
 2539.7 0.331046964902E-04
 2540.6 0.336055517212E-04
 2541.5 0.345691541593E-04
 2542.4 0.356295314949E-04
 2543.3 0.362006033265E-04
 2544.2 0.357397997383E-04
 2545.1 0.347639913312E-04
 2546.0 0.341190232793E-04
 2546.9 0.334895620245E-04
 2547.8 0.329050711023E-04
 2548.7 0.327710807805E-04
 2549.6 0.352241774106E-04
 2550.5 0.398299959281E-04
 2551.4 0.443228333371E-04
 2552.3 0.475852735629E-04
 2553.2 0.495896672307E-04
 2554.1 0.493935432159E-04
 2555.0 0.485470568133E-04
 2555.9 0.469726719519E-04
 2556.8 0.480578609141E-04
 2557.7 0.498314212472E-04
 2558.6 0.523024522409E-04
 2559.5 0.525351996727E-04
 2560.4 0.509887398127E-04
 2561.3 0.466707177600E-04
 2562.2 0.442643418016E-04
 2563.1 0.445774788446E-04
 2564.0 0.504902607109E-04
 2564.9 0.573542087497E-04
 2565.8 0.634573830746E-04
 2566.7 0.662028925300E-04
 2567.6 0.690486886085E-04
 2568.5 0.718568624663E-04
 2569.4 0.743279790520E-04
 2570.3 0.752240774868E-04
 2571.2 0.753667792778E-04
 2572.1 0.758251345977E-04
 2573.0 0.735936348826E-04
 2573.9 0.691486063079E-04
 2574.8 0.593401516305E-04
 2575.7 0.550111679723E-04
 2576.6 0.553559470056E-04
 2577.5 0.660296049081E-04
 2578.4 0.765530377822E-04
 2579.3 0.869314936641E-04
 2580.2 0.891013930800E-04
 2581.1 0.873082349580E-04
 2582.0 0.809857623271E-04
 2582.9 0.734192356282E-04
 2583.8 0.648701663642E-04
 2584.7 0.550195189851E-04
 2585.6 0.534951088439E-04
 2586.5 0.572109996599E-04
 2587.4 0.683886564731E-04
 2588.3 0.805052285288E-04
 2589.2 0.880037224299E-04
 2590.1 0.845120641537E-04
 2591.0 0.761310424052E-04
 2591.9 0.670828556949E-04
 2592.8 0.601592157840E-04
 2593.7 0.588477499024E-04
 2594.6 0.595158334526E-04
 2595.5 0.597118489595E-04
 2596.4 0.541454994219E-04
 2597.3 0.458349739430E-04
 2598.2 0.375765208233E-04
 2599.1 0.372659159086E-04
 2600.0 0.424694165632E-04
 2600.9 0.544831291387E-04
 2601.8 0.622110203109E-04
 2602.7 0.663213241055E-04
 2603.6 0.618210883540E-04
 2604.5 0.550818964027E-04
 2605.4 0.463034003966E-04
 2606.3 0.435685640764E-04
 2607.2 0.444999958153E-04
 2608.1 0.495139774403E-04
 2609.0 0.519363784185E-04
 2609.9 0.508053472037E-04
 2610.8 0.449902267921E-04
 2611.7 0.413853919764E-04
 2612.6 0.406348839434E-04
 2613.5 0.443055312347E-04
 2614.4 0.519224582343E-04
 2615.3 0.581198148279E-04
 2616.2 0.597324511502E-04
 2617.1 0.585111578178E-04
 2618.0 0.581335550154E-04
 2618.9 0.620816750071E-04
 2619.8 0.646106371653E-04
 2620.7 0.665880533044E-04
 2621.6 0.683533734283E-04
 2622.5 0.704087516189E-04
 2623.4 0.714753295991E-04
 2624.3 0.669046681578E-04
 2625.2 0.619216892084E-04
 2626.1 0.570279551795E-04
 2627.0 0.546194181856E-04
 2627.9 0.526242428503E-04
 2628.8 0.508234022687E-04
 2629.7 0.476288241687E-04
 2630.6 0.466366438942E-04
 2631.5 0.476811403044E-04
 2632.4 0.603397471161E-04
 2633.3 0.737589413937E-04
 2634.2 0.879803991628E-04
 2635.1 0.997790975787E-04
 2636.0 0.113148279119E-03
 2636.9 0.128679718404E-03
 2637.8 0.139975127076E-03
 2638.7 0.145270958745E-03
 2639.6 0.141631332550E-03
 2640.5 0.142659227225E-03
 2641.4 0.149011694689E-03
 2642.3 0.164479607474E-03
 2643.2 0.166056117594E-03
 2644.1 0.160229200573E-03
 2645.0 0.143980395792E-03
 2645.9 0.131322851351E-03
 2646.8 0.120456255187E-03
 2647.7 0.111705747045E-03
 2648.6 0.109080406519E-03
 2649.5 0.110039493058E-03
 2650.4 0.115682851248E-03
 2651.3 0.122436683358E-03
 2652.2 0.130308043119E-03
 2653.1 0.141769462800E-03
 2654.0 0.150799882303E-03
 2654.9 0.157666957063E-03
 2655.8 0.157834000816E-03
 2656.7 0.155610496260E-03
 2657.6 0.151547738449E-03
 2658.5 0.151104289914E-03
 2659.4 0.149104121329E-03
 2660.3 0.145554136109E-03
 2661.2 0.137830374540E-03
 2662.1 0.131280157729E-03
 2663.0 0.126292095963E-03
 2663.9 0.128835759892E-03
 2664.8 0.131298190021E-03
 2665.7 0.132710556426E-03
 2666.6 0.134750290505E-03
 2667.5 0.136101308218E-03
 2668.4 0.135990060875E-03
 2669.3 0.137010682635E-03
 2670.2 0.136914155278E-03
 2671.1 0.133588906934E-03
 2672.0 0.130740941550E-03
 2672.9 0.131746073170E-03
 2673.8 0.144154180607E-03
 2674.7 0.153448534121E-03
 2675.6 0.157985169208E-03
 2676.5 0.147827860067E-03
 2677.4 0.136192778176E-03
 2678.3 0.125571262265E-03
 2679.2 0.125379691149E-03
 2680.1 0.129958924264E-03
 2681.0 0.136908135930E-03
 2681.9 0.138131043311E-03
 2682.8 0.136981370697E-03
 2683.7 0.134249977388E-03
 2684.6 0.136943942797E-03
 2685.5 0.139189961806E-03
 2686.4 0.141015065659E-03
 2687.3 0.135079779991E-03
 2688.2 0.128250943985E-03
 2689.1 0.120482135835E-03
 2690.0 0.120908913321E-03
 2690.9 0.124592676691E-03
 2691.8 0.132142117401E-03
 2692.7 0.135359100747E-03
 2693.6 0.133880895227E-03
 2694.5 0.125099980774E-03
 2695.4 0.120916922624E-03
 2696.3 0.120061520433E-03
 2697.2 0.124586979737E-03
 2698.1 0.133778435159E-03
 2699.0 0.144605927542E-03
 2699.9 0.156464560458E-03
 2700.8 0.158334651641E-03
 2701.7 0.156853538129E-03
 2702.6 0.156358567488E-03
 2703.5 0.160544735109E-03
 2704.4 0.164867023139E-03
 2705.3 0.158336098658E-03
 2706.2 0.149741357059E-03
 2707.1 0.140757097420E-03
 2708.0 0.138565385251E-03
 2708.9 0.138733752109E-03
 2709.8 0.140616782198E-03
 2710.7 0.142727965828E-03
 2711.6 0.145989384162E-03
 2712.5 0.150211537862E-03
 2713.4 0.141154055331E-03
 2714.3 0.132569203672E-03
 2715.2 0.124498653360E-03
 2716.1 0.125175708549E-03
 2717.0 0.120196472941E-03
 2717.9 0.107078237175E-03
 2718.8 0.929195743085E-04
 2719.7 0.850882816258E-04
 2720.6 0.879145423107E-04
 2721.5 0.973358619766E-04
 2722.4 0.105375348071E-03
 2723.3 0.108162029343E-03
 2724.2 0.109838345828E-03
 2725.1 0.111278016306E-03
 2726.0 0.112825934593E-03
 2726.9 0.118280663321E-03
 2727.8 0.127796039235E-03
 2728.7 0.146877102986E-03
 2729.6 0.153778932283E-03
 2730.5 0.153390295692E-03
 2731.4 0.143314816086E-03
 2732.3 0.131123209559E-03
 2733.2 0.118602490133E-03
 2734.1 0.112084092044E-03
 2735.0 0.106575204404E-03
 2735.9 0.101512207347E-03
 2736.8 0.932649901384E-04
 2737.7 0.869354293366E-04
 2738.6 0.822503060160E-04
 2739.5 0.796359649561E-04
 2740.4 0.770560507995E-04
 2741.3 0.745114940030E-04
 2742.2 0.724775036790E-04
 2743.1 0.722217918389E-04
 2744.0 0.741875928857E-04
 2744.9 0.765671534303E-04
 2745.8 0.766966596403E-04
 2746.7 0.732646814142E-04
 2747.6 0.707816455565E-04
 2748.5 0.691453925518E-04
 2749.4 0.688667714985E-04
 2750.3 0.791878522752E-04
 2751.2 0.931070830187E-04
 2752.1 0.109938833336E-03
 2753.0 0.110131757511E-03
 2753.9 0.102739713657E-03
 2754.8 0.875702078311E-04
 2755.7 0.844075644941E-04
 2756.6 0.911730203867E-04
 2757.5 0.120058176250E-03
 2758.4 0.139829192106E-03
 2759.3 0.152034990000E-03
 2760.2 0.145790302087E-03
 2761.1 0.135976679364E-03
 2762.0 0.125434876443E-03
 2762.9 0.131737344372E-03
 2763.8 0.140369354823E-03
 2764.7 0.150484813742E-03
 2765.6 0.150300152835E-03
 2766.5 0.147127832015E-03
 2767.4 0.141059376967E-03
 2768.3 0.136612507768E-03
 2769.2 0.137455400960E-03
 2770.1 0.144557033017E-03
 2771.0 0.149446444195E-03
 2771.9 0.153462257889E-03
 2772.8 0.156437496849E-03
 2773.7 0.156153146245E-03
 2774.6 0.152202257599E-03
 2775.5 0.142382998382E-03
 2776.4 0.131562105749E-03
 2777.3 0.120466051929E-03
 2778.2 0.109212927316E-03
 2779.1 0.101809196602E-03
 2780.0 0.972167363504E-04
 2780.9 0.976982918074E-04
 2781.8 0.985892599508E-04
 2782.7 0.994516515255E-04
 2783.6 0.995887832875E-04
 2784.5 0.100893881076E-03
 2785.4 0.102106363741E-03
 2786.3 0.996154180730E-04
 2787.2 0.930751832523E-04
 2788.1 0.842131618272E-04
 2789.0 0.763858579450E-04
 2789.9 0.690836531917E-04
 2790.8 0.622005308127E-04
 2791.7 0.558816518451E-04
 2792.6 0.504240110493E-04
 2793.5 0.457543115596E-04
 2794.4 0.482504898308E-04
 2795.3 0.500914921986E-04
 2796.2 0.511700615102E-04
 2797.1 0.466076104701E-04
 2798.0 0.435918312770E-04
 2798.9 0.431604740215E-04
 2799.8 0.439059178951E-04
 2800.7 0.456190396648E-04
 2801.6 0.487501096962E-04
 2802.5 0.505972991279E-04
 2803.4 0.515319328463E-04
 2804.3 0.510194839573E-04
 2805.2 0.557106299573E-04
 2806.1 0.628168413531E-04
 2807.0 0.728113988956E-04
 2807.9 0.830739875171E-04
 2808.8 0.929356893248E-04
 2809.7 0.100997757607E-03
 2810.6 0.104594084056E-03
 2811.5 0.106579258417E-03
 2812.4 0.110572454142E-03
 2813.3 0.121088932505E-03
 2814.2 0.134840253726E-03
 2815.1 0.145053540741E-03
 2816.0 0.149767578730E-03
 2816.9 0.150877908491E-03
 2817.8 0.155801957477E-03
 2818.7 0.163019503114E-03
 2819.6 0.172134177187E-03
 2820.5 0.173864418150E-03
 2821.4 0.174823343479E-03
 2822.3 0.174965062540E-03
 2823.2 0.182767830626E-03
 2824.1 0.184389884208E-03
 2825.0 0.177550398750E-03
 2825.9 0.173938434777E-03
 2826.8 0.174670746527E-03
 2827.7 0.181871196302E-03
 2828.6 0.192152570621E-03
 2829.5 0.200250710350E-03
 2830.4 0.202933696445E-03
 2831.3 0.198992171403E-03
 2832.2 0.194656039146E-03
 2833.1 0.193370999155E-03
 2834.0 0.182657798199E-03
 2834.9 0.171294144388E-03
 2835.8 0.167964719184E-03
 2836.7 0.179568654923E-03
 2837.6 0.195057286843E-03
 2838.5 0.199618264980E-03
 2839.4 0.191211512165E-03
 2840.3 0.177699790856E-03
 2841.2 0.176310301257E-03
 2842.1 0.169396688991E-03
 2843.0 0.159504354987E-03
 2843.9 0.157681789926E-03
 2844.8 0.153743590684E-03
 2845.7 0.147777636036E-03
 2846.6 0.130199543792E-03
 2847.5 0.112633664688E-03
 2848.4 0.950799987225E-04
 2849.3 0.784326080700E-04
 2850.2 0.625645158770E-04
 2851.1 0.476240059198E-04
 2852.0 0.441854179178E-04
 2852.9 0.485090399689E-04
 2853.8 0.631384995567E-04
 2854.7 0.799768352229E-04
 2855.6 0.973012191585E-04
 2856.5 0.114931768208E-03
 2857.4 0.131254931339E-03
 2858.3 0.149754685141E-03
 2859.2 0.174121132556E-03
 2860.1 0.189947304385E-03
 2861.0 0.199904057283E-03
 2861.9 0.199603852388E-03
 2862.8 0.204103246264E-03
 2863.7 0.209685860079E-03
 2864.6 0.211957272166E-03
 2865.5 0.208355955054E-03
 2866.4 0.201356193680E-03
 2867.3 0.191481111933E-03
 2868.2 0.187512686804E-03
 2869.1 0.189169431075E-03
 2870.0 0.210313169228E-03
 2870.9 0.227663770246E-03
 2871.8 0.241051197986E-03
 2872.7 0.229253309639E-03
 2873.6 0.218582839439E-03
 2874.5 0.208976476650E-03
 2875.4 0.204705762051E-03
 2876.3 0.201569192179E-03
 2877.2 0.199676832186E-03
 2878.1 0.182212672698E-03
 2879.0 0.160022764927E-03
 2879.9 0.132567741095E-03
 2880.8 0.113665513043E-03
 2881.7 0.110411229507E-03
 2882.6 0.132907622161E-03
 2883.5 0.175287612432E-03
 2884.4 0.214802649631E-03
 2885.3 0.239230693688E-03
 2886.2 0.241606366996E-03
 2887.1 0.237634811839E-03
 2888.0 0.232840207724E-03
 2888.9 0.232015214337E-03
 2889.8 0.232933644862E-03
 2890.7 0.234995655325E-03
 2891.6 0.237184411642E-03
 2892.5 0.239862423308E-03
 2893.4 0.244856285969E-03
 2894.3 0.260095318840E-03
 2895.2 0.280866086535E-03
 2896.1 0.297767436880E-03
 2897.0 0.307883157809E-03
 2897.9 0.314025902128E-03
 2898.8 0.336507065600E-03
 2899.7 0.356662420131E-03
 2900.6 0.374648413310E-03
 2901.5 0.363442324773E-03
 2902.4 0.363373546866E-03
 2903.3 0.375478108491E-03
 2904.2 0.380634688809E-03
 2905.1 0.376620019691E-03
 2906.0 0.360749935766E-03
 2906.9 0.348523728637E-03
 2907.8 0.339777840843E-03
 2908.7 0.336153862146E-03
 2909.6 0.334836375957E-03
 2910.5 0.337828275000E-03
 2911.4 0.348945630010E-03
 2912.3 0.365670554409E-03
 2913.2 0.377537144844E-03
 2914.1 0.372734776769E-03
 2915.0 0.350608347600E-03
 2915.9 0.326562743989E-03
 2916.8 0.316251688883E-03
 2917.7 0.316078972815E-03
 2918.6 0.320330722991E-03
 2919.5 0.324631716502E-03
 2920.4 0.329099963063E-03
 2921.3 0.331839793722E-03
 2922.2 0.321231148213E-03
 2923.1 0.305829033244E-03
 2924.0 0.287347550385E-03
 2924.9 0.271446878400E-03
 2925.8 0.264194242743E-03
 2926.7 0.264254571338E-03
 2927.6 0.266766303731E-03
 2928.5 0.279529856623E-03
 2929.4 0.302869215312E-03
 2930.3 0.336945396543E-03
 2931.2 0.360153652770E-03
 2932.1 0.369123131630E-03
 2933.0 0.362861992141E-03
 2933.9 0.359048708011E-03
 2934.8 0.361261318471E-03
 2935.7 0.316001544995E-03
 2936.6 0.273681282710E-03
 2937.5 0.251617876917E-03
 2938.4 0.263643827607E-03
 2939.3 0.280669190082E-03
 2940.2 0.290704497171E-03
 2941.1 0.300984245678E-03
 2942.0 0.311523240271E-03
 2942.9 0.322652447745E-03
 2943.8 0.325994620934E-03
 2944.7 0.326024019625E-03
 2945.6 0.325398143451E-03
 2946.5 0.293864596826E-03
 2947.4 0.249981694910E-03
 2948.3 0.229100396663E-03
 2949.2 0.246812669189E-03
 2950.1 0.289470206824E-03
 2951.0 0.333835321150E-03
 2951.9 0.352548329854E-03
 2952.8 0.350323741976E-03
 2953.7 0.330082326726E-03
 2954.6 0.321932121643E-03
 2955.5 0.325554936984E-03
 2956.4 0.322912032828E-03
 2957.3 0.329825737800E-03
 2958.2 0.348304924960E-03
 2959.1 0.351640485306E-03
 2960.0 0.352270819594E-03
 2960.9 0.350596084143E-03
 2961.8 0.369217748624E-03
 2962.7 0.372629663020E-03
 2963.6 0.343086103526E-03
 2964.5 0.286838518850E-03
 2965.4 0.237573461300E-03
 2966.3 0.217257352402E-03
 2967.2 0.218297805876E-03
 2968.1 0.224742111159E-03
 2969.0 0.228987549264E-03
 2969.9 0.237198558990E-03
 2970.8 0.246994286189E-03
 2971.7 0.257128906624E-03
 2972.6 0.265644629561E-03
 2973.5 0.276569871712E-03
 2974.4 0.305735997460E-03
 2975.3 0.338118930498E-03
 2976.2 0.371749758794E-03
 2977.1 0.398958858698E-03
 2978.0 0.394226728224E-03
 2978.9 0.364759802090E-03
 2979.8 0.317797844692E-03
 2980.7 0.275187354155E-03
 2981.6 0.236575759601E-03
 2982.5 0.213363468002E-03
 2983.4 0.196536854645E-03
 2984.3 0.186833589409E-03
 2985.2 0.196364403856E-03
 2986.1 0.212802347125E-03
 2987.0 0.237252750791E-03
 2987.9 0.272292037414E-03
 2988.8 0.305665830269E-03
 2989.7 0.334003134226E-03
 2990.6 0.336034584473E-03
 2991.5 0.328338622762E-03
 2992.4 0.310286055821E-03
 2993.3 0.289338007473E-03
 2994.2 0.274435819961E-03
 2995.1 0.278369084834E-03
 2996.0 0.291963352399E-03
 2996.9 0.302775622365E-03
 2997.8 0.290962412562E-03
 2998.7 0.262844870136E-03
 2999.6 0.229202214220E-03
 3000.5 0.204975303395E-03
 3001.4 0.199482993886E-03
 3002.3 0.205864952533E-03
 3003.2 0.222009417856E-03
 3004.1 0.240723316565E-03
 3005.0 0.259834105543E-03
 3005.9 0.257230048486E-03
 3006.8 0.250010232917E-03
 3007.7 0.238990171238E-03
 3008.6 0.248030638417E-03
 3009.5 0.263929579652E-03
 3010.4 0.287127447406E-03
 3011.3 0.295314355064E-03
 3012.2 0.300883466733E-03
 3013.1 0.303870905256E-03
 3014.0 0.305242124674E-03
 3014.9 0.302368362134E-03
 3015.8 0.292898906812E-03
 3016.7 0.272210627029E-03
 3017.6 0.249770974667E-03
 3018.5 0.227585267321E-03
 3019.4 0.207697862926E-03
 3020.3 0.198894629794E-03
 3021.2 0.217167018486E-03
 3022.1 0.246378461185E-03
 3023.0 0.276056289716E-03
 3023.9 0.295310498847E-03
 3024.8 0.309093630816E-03
 3025.7 0.322874720769E-03
 3026.6 0.347319504491E-03
 3027.5 0.370046945627E-03
 3028.4 0.388616253416E-03
 3029.3 0.384829981355E-03
 3030.2 0.381272545486E-03
 3031.1 0.379407887725E-03
 3032.0 0.396396908206E-03
 3032.9 0.408662011665E-03
 3033.8 0.416533473387E-03
 3034.7 0.403308242517E-03
 3035.6 0.382555157341E-03
 3036.5 0.354240686210E-03
 3037.4 0.334644420913E-03
 3038.3 0.325475479822E-03
 3039.2 0.328871474760E-03
 3040.1 0.334929742811E-03
 3041.0 0.338752098810E-03
 3041.9 0.338832103204E-03
 3042.8 0.356559062843E-03
 3043.7 0.375485841016E-03
 3044.6 0.391739940667E-03
 3045.5 0.388878595181E-03
 3046.4 0.378815901947E-03
 3047.3 0.361551890747E-03
 3048.2 0.364399729614E-03
 3049.1 0.375774808899E-03
 3050.0 0.394868074914E-03
 3050.9 0.413937467867E-03
 3051.8 0.428725656202E-03
 3052.7 0.425562331904E-03
 3053.6 0.404073378155E-03
 3054.5 0.375013020950E-03
 3055.4 0.355638970149E-03
 3056.3 0.319159531822E-03
 3057.2 0.273898297708E-03
 3058.1 0.247861848785E-03
 3059.0 0.266980439185E-03
 3059.9 0.319381388585E-03
 3060.8 0.333186356672E-03
 3061.7 0.340604869273E-03
 3062.6 0.341968690308E-03
 3063.5 0.337552507374E-03
 3064.4 0.334771306833E-03
 3065.3 0.333975554575E-03
 3066.2 0.337798752823E-03
 3067.1 0.344022450062E-03
 3068.0 0.353237332096E-03
 3068.9 0.364011403857E-03
 3069.8 0.373295452230E-03
 3070.7 0.379572345586E-03
 3071.6 0.382419331606E-03
 3072.5 0.383986091654E-03
 3073.4 0.384211020834E-03
 3074.3 0.383835828479E-03
 3075.2 0.383597503544E-03
 3076.1 0.384231202177E-03
 3077.0 0.385357430243E-03
 3077.9 0.386399247606E-03
 3078.8 0.386425605407E-03
 3079.7 0.386382968189E-03
 3080.6 0.386858779256E-03
 3081.5 0.390324381522E-03
 3082.4 0.394392798260E-03
 3083.3 0.398352440753E-03
 3084.2 0.398343749618E-03
 3085.1 0.395849367405E-03
 3086.0 0.391392546030E-03
 3086.9 0.384198140264E-03
 3087.8 0.375514600340E-03
 3088.7 0.365488234637E-03
 3089.6 0.350773149091E-03
 3090.5 0.335743020097E-03
 3091.4 0.320367004239E-03
 3092.3 0.311922127004E-03
 3093.2 0.306363777021E-03
 3094.1 0.304220939306E-03
 3095.0 0.304769503565E-03
 3095.9 0.305813859685E-03
 3096.8 0.307186906229E-03
 3097.7 0.303326401669E-03
 3098.6 0.298660259310E-03
 3099.5 0.294257784867E-03
 3100.4 0.301290429081E-03
 3101.3 0.314339853811E-03
 3102.2 0.335725650627E-03
 3103.1 0.361628888516E-03
 3104.0 0.389268356714E-03
 3104.9 0.417624772089E-03
 3105.8 0.441626188651E-03
 3106.7 0.462400166599E-03
 3107.6 0.476723301429E-03
 3108.5 0.484541284040E-03
 3109.4 0.487935729344E-03
 3110.3 0.485145606125E-03
 3111.2 0.482073246822E-03
 3112.1 0.478663354461E-03
 3113.0 0.473271629265E-03
 3113.9 0.463723924211E-03
 3114.8 0.450598747345E-03
 3115.7 0.433418221924E-03
 3116.6 0.416917940158E-03
 3117.5 0.401122526253E-03
 3118.4 0.389524659881E-03
 3119.3 0.382203155096E-03
 3120.2 0.380133714276E-03
 3121.1 0.384446394448E-03
 3122.0 0.390640102470E-03
 3122.9 0.398851392273E-03
 3123.8 0.407300643357E-03
 3124.7 0.414136442665E-03
 3125.6 0.417735175175E-03
 3126.5 0.418709518707E-03
 3127.4 0.419287408205E-03
 3128.3 0.420388549719E-03
 3129.2 0.421588027277E-03
 3130.1 0.422307096174E-03
 3131.0 0.421366938649E-03
 3131.9 0.420084100400E-03
 3132.8 0.419255525131E-03
 3133.7 0.421054453931E-03
 3134.6 0.424023623363E-03
 3135.5 0.427365970556E-03
 3136.4 0.429196004940E-03
 3137.3 0.430799642836E-03
 3138.2 0.432771887466E-03
 3139.1 0.440489397839E-03
 3140.0 0.446693531814E-03
 3140.9 0.450916812383E-03
 3141.8 0.430986017822E-03
 3142.7 0.406295224453E-03
 3143.6 0.376949047632E-03
 3144.5 0.367780833562E-03
 3145.4 0.366525652072E-03
 3146.3 0.374275623579E-03
 3147.2 0.390391481149E-03
 3148.1 0.407843648302E-03
 3149.0 0.426325226666E-03
 3149.9 0.436562472509E-03
 3150.8 0.442442221442E-03
 3151.7 0.442419229862E-03
 3152.6 0.436120751414E-03
 3153.5 0.426616360962E-03
 3154.4 0.412725022509E-03
 3155.3 0.393623870638E-03
 3156.2 0.372785126229E-03
 3157.1 0.351256737359E-03
 3158.0 0.335159465682E-03
 3158.9 0.322991745807E-03
 3159.8 0.318330997715E-03
 3160.7 0.322797573867E-03
 3161.6 0.332897284143E-03
 3162.5 0.349946281553E-03
 3163.4 0.366610344918E-03
 3164.3 0.382900466979E-03
 3165.2 0.397880151286E-03
 3166.1 0.411185532157E-03
 3167.0 0.423225781426E-03
 3167.9 0.435103128128E-03
 3168.8 0.450782081632E-03
 3169.7 0.469970210647E-03
 3170.6 0.489701669443E-03
 3171.5 0.504025004787E-03
 3172.4 0.512219112847E-03
 3173.3 0.511160657913E-03
 3174.2 0.507447853230E-03
 3175.1 0.500810484585E-03
 3176.0 0.487914843472E-03
 3176.9 0.468595994078E-03
 3177.8 0.439488296890E-03
 3178.7 0.407244404355E-03
 3179.6 0.379318234920E-03
 3180.5 0.362042275126E-03
 3181.4 0.356332349238E-03
 3182.3 0.357489521495E-03
 3183.2 0.369195810626E-03
 3184.1 0.386348167688E-03
 3185.0 0.404860855186E-03
 3185.9 0.421292981860E-03
 3186.8 0.434579044055E-03
 3187.7 0.445494085967E-03
 3188.6 0.451539944847E-03
 3189.5 0.452683822090E-03
 3190.4 0.449252497072E-03
 3191.3 0.431599281655E-03
 3192.2 0.412403646419E-03
 3193.1 0.393376575131E-03
 3194.0 0.394093540739E-03
 3194.9 0.402671016237E-03
 3195.8 0.418149787511E-03
 3196.7 0.439648544251E-03
 3197.6 0.460932147777E-03
 3198.5 0.481985759935E-03
 3199.4 0.491302808873E-03
 3200.3 0.497359081179E-03
 3201.2 0.499811571921E-03
 3202.1 0.507572832964E-03
 3203.0 0.515924352919E-03
 3203.9 0.524346947781E-03
 3204.8 0.524748177131E-03
 3205.7 0.520796584806E-03
 3206.6 0.510756996554E-03
 3207.5 0.492302583485E-03
 3208.4 0.470469161833E-03
 3209.3 0.445187983761E-03
 3210.2 0.421387967747E-03
 3211.1 0.399529025583E-03
 3212.0 0.382606589036E-03
 3212.9 0.375259341235E-03
 3213.8 0.373925894120E-03
 3214.7 0.381696195163E-03
 3215.6 0.395642861148E-03
 3216.5 0.413276233600E-03
 3217.4 0.433536561107E-03
 3218.3 0.450534894838E-03
 3219.2 0.464761402683E-03
 3220.1 0.471563476419E-03
 3221.0 0.470919168629E-03
 3221.9 0.463960962709E-03
 3222.8 0.448882574740E-03
 3223.7 0.433326272595E-03
 3224.6 0.417287789181E-03
 3225.5 0.401815786859E-03
 3226.4 0.386671519304E-03
 3227.3 0.371913201241E-03
 3228.2 0.361922623931E-03
 3229.1 0.358228873538E-03
 3230.0 0.363533268322E-03
 3230.9 0.374985495314E-03
 3231.8 0.385422450556E-03
 3232.7 0.392178732013E-03
 3233.6 0.396272548001E-03
 3234.5 0.399793543301E-03
 3235.4 0.403353152790E-03
 3236.3 0.407897854326E-03
 3237.2 0.413643026403E-03
 3238.1 0.422211676611E-03
 3239.0 0.432163768307E-03
 3239.9 0.442669487189E-03
 3240.8 0.453203501572E-03
 3241.7 0.462528400132E-03
 3242.6 0.470574359001E-03
 3243.5 0.474496286501E-03
 3244.4 0.476015201519E-03
 3245.3 0.475699442801E-03
 3246.2 0.472033820164E-03
 3247.1 0.467806584393E-03
 3248.0 0.463208499729E-03
 3248.9 0.460252869803E-03
 3249.8 0.459577019566E-03
 3250.7 0.461072152593E-03
 3251.6 0.471881319893E-03
 3252.5 0.485892658312E-03
 3253.4 0.503499197476E-03
 3254.3 0.525477419646E-03
 3255.2 0.547675492109E-03
 3256.1 0.569756590578E-03
 3257.0 0.585238530014E-03
 3257.9 0.597527165455E-03
 3258.8 0.605651571687E-03
 3259.7 0.609436188496E-03
 3260.6 0.610826640205E-03
 3261.5 0.608784503117E-03
 3262.4 0.600830652239E-03
 3263.3 0.591164156529E-03
 3264.2 0.581304288053E-03
 3265.1 0.581368852450E-03
 3266.0 0.586028189388E-03
 3266.9 0.594338869607E-03
 3267.8 0.595786505816E-03
 3268.7 0.593300823529E-03
 3269.6 0.586962780066E-03
 3270.5 0.583073944551E-03
 3271.4 0.580810898114E-03
 3272.3 0.580114097717E-03
 3273.2 0.578750565404E-03
 3274.1 0.576840509385E-03
 3275.0 0.573854284290E-03
 3275.9 0.569986539173E-03
 3276.8 0.565326149510E-03
 3277.7 0.560313013111E-03
 3278.6 0.556122253304E-03
 3279.5 0.552838413480E-03
 3280.4 0.550548963153E-03
 3281.3 0.548615190142E-03
 3282.2 0.547092753919E-03
 3283.1 0.544943569901E-03
 3284.0 0.540709170991E-03
 3284.9 0.533092928289E-03
 3285.8 0.526762373206E-03
 3286.7 0.524576743356E-03
 3287.6 0.530624166504E-03
 3288.5 0.543744697174E-03
 3289.4 0.560688205654E-03
 3290.3 0.583056370874E-03
 3291.2 0.605892945940E-03
 3292.1 0.626617509898E-03
 3293.0 0.639287259190E-03
 3293.9 0.647697609395E-03
 3294.8 0.654096921130E-03
 3295.7 0.659822526632E-03
 3296.6 0.664965650327E-03
 3297.5 0.669915512982E-03
 3298.4 0.675836672004E-03
 3299.3 0.679479533045E-03
 3300.2 0.680751813470E-03
 3301.1 0.670798244891E-03
 3302.0 0.656537350832E-03
 3302.9 0.638522144877E-03
 3303.8 0.614084222554E-03
 3304.7 0.591005804252E-03
 3305.6 0.569342379933E-03
 3306.5 0.565452531093E-03
 3307.4 0.566804715481E-03
 3308.3 0.574021018938E-03
 3309.2 0.583776352532E-03
 3310.1 0.592693014254E-03
 3311.0 0.599905204458E-03
 3311.9 0.594343597457E-03
 3312.8 0.585402969610E-03
 3313.7 0.573826385668E-03
 3314.6 0.572027558077E-03
 3315.5 0.574250921133E-03
 3316.4 0.580840626715E-03
 3317.3 0.588159250129E-03
 3318.2 0.594843509363E-03
 3319.1 0.598704668622E-03
 3320.0 0.592360927065E-03
 3320.9 0.581207489518E-03
 3321.8 0.567296827788E-03
 3322.7 0.561855057577E-03
 3323.6 0.561692651477E-03
 3324.5 0.567261417844E-03
 3325.4 0.572787923255E-03
 3326.3 0.578176036523E-03
 3327.2 0.582306745200E-03
 3328.1 0.584022135455E-03
 3329.0 0.583742520346E-03
 3329.9 0.581433968344E-03
 3330.8 0.580320425556E-03
 3331.7 0.580380834551E-03
 3332.6 0.578319171453E-03
 3333.5 0.570888874362E-03
 3334.4 0.557039824039E-03
 3335.3 0.541818448320E-03
 3336.2 0.531802569387E-03
 3337.1 0.529681802574E-03
 3338.0 0.534424028319E-03
 3338.9 0.540858061147E-03
 3339.8 0.548634353323E-03
 3340.7 0.558014271633E-03
 3341.6 0.568255243438E-03
 3342.5 0.579714678283E-03
 3343.4 0.591778085250E-03
 3344.3 0.604997455015E-03
 3345.2 0.621174496792E-03
 3346.1 0.631865529263E-03
 3347.0 0.634011472274E-03
 3347.9 0.610008221679E-03
 3348.8 0.582367844131E-03
 3349.7 0.558077341050E-03
 3350.6 0.563595417448E-03
 3351.5 0.578207735000E-03
 3352.4 0.597709407588E-03
 3353.3 0.610980243742E-03
 3354.2 0.619323502115E-03
 3355.1 0.623353251598E-03
 3356.0 0.614564413631E-03
 3356.9 0.599679939151E-03
 3357.8 0.579143621818E-03
 3358.7 0.539686312890E-03
 3359.6 0.501943482722E-03
 3360.5 0.466295811391E-03
 3361.4 0.469004083042E-03
 3362.3 0.481861945026E-03
 3363.2 0.505636411956E-03
 3364.1 0.527195539912E-03
 3365.0 0.544973553332E-03
 3365.9 0.556659027527E-03
 3366.8 0.544989191498E-03
 3367.7 0.526006907528E-03
 3368.6 0.500780894409E-03
 3369.5 0.485519739974E-03
 3370.4 0.475973267953E-03
 3371.3 0.474953563661E-03
 3372.2 0.485470950175E-03
 3373.1 0.501729374558E-03
 3374.0 0.524077424432E-03
 3374.9 0.548201207744E-03
 3375.8 0.571802614543E-03
 3376.7 0.588464984788E-03
 3377.6 0.585577852830E-03
 3378.5 0.570517363005E-03
 3379.4 0.547664083290E-03
 3380.3 0.535687996040E-03
 3381.2 0.532108647179E-03
 3382.1 0.539121033947E-03
 3383.0 0.550315959944E-03
 3383.9 0.565181480889E-03
 3384.8 0.581434101680E-03
 3385.7 0.594077323963E-03
 3386.6 0.602845016971E-03
 3387.5 0.606123691006E-03
 3388.4 0.607371192346E-03
 3389.3 0.606266474405E-03
 3390.2 0.599898344959E-03
 3391.1 0.587570992971E-03
 3392.0 0.566416345652E-03
 3392.9 0.547859663212E-03
 3393.8 0.539294836170E-03
 3394.7 0.550215720900E-03
 3395.6 0.571853207421E-03
 3396.5 0.595724011004E-03
 3397.4 0.618580166275E-03
 3398.3 0.638511598293E-03
 3399.2 0.655523025647E-03
 3400.1 0.665858935359E-03
 3401.0 0.669793639071E-03
 3401.9 0.668645233198E-03
 3402.8 0.656440896827E-03
 3403.7 0.640514076110E-03
 3404.6 0.622896286652E-03
 3405.5 0.607483813040E-03
 3406.4 0.594264016014E-03
 3407.3 0.583094695676E-03
 3408.2 0.579278629728E-03
 3409.1 0.577332785020E-03
 3410.0 0.576914807468E-03
 3410.9 0.575788051774E-03
 3411.8 0.573482848516E-03
 3412.7 0.569983379608E-03
 3413.6 0.556883756724E-03
 3414.5 0.544988461553E-03
 3415.4 0.534947201276E-03
 3416.3 0.546793730070E-03
 3417.2 0.563840813506E-03
 3418.1 0.585949900904E-03
 3419.0 0.602793672132E-03
 3419.9 0.615924028857E-03
 3420.8 0.623471627675E-03
 3421.7 0.615304893643E-03
 3422.6 0.602448370911E-03
 3423.5 0.586713903003E-03
 3424.4 0.582287303670E-03
 3425.3 0.583166955119E-03
 3426.2 0.589915765832E-03
 3427.1 0.599642143099E-03
 3428.0 0.610451852538E-03
 3428.9 0.620833981006E-03
 3429.8 0.626614810131E-03
 3430.7 0.629249100038E-03
 3431.6 0.626781992093E-03
 3432.5 0.619673816940E-03
 3433.4 0.609381123706E-03
 3434.3 0.596400664741E-03
 3435.2 0.586591740109E-03
 3436.1 0.579113651738E-03
 3437.0 0.567991578631E-03
 3437.9 0.547378950993E-03
 3438.8 0.517688401625E-03
 3439.7 0.483582987463E-03
 3440.6 0.453075331750E-03
 3441.5 0.426867089530E-03
 3442.4 0.412058598332E-03
 3443.3 0.407568140236E-03
 3444.2 0.416837816432E-03
 3445.1 0.437128684490E-03
 3446.0 0.459933531727E-03
 3446.9 0.484638150198E-03
 3447.8 0.509566563648E-03
 3448.7 0.533426549118E-03
 3449.6 0.554768953401E-03
 3450.5 0.571290863023E-03
 3451.4 0.583357490331E-03
 3452.3 0.586380729473E-03
 3453.2 0.584937575520E-03
 3454.1 0.582195979091E-03
 3455.0 0.580830002073E-03
 3455.9 0.576863909523E-03
 3456.8 0.569643049908E-03
 3457.7 0.551241081663E-03
 3458.6 0.532154373048E-03
 3459.5 0.513894702176E-03
 3460.4 0.506464288587E-03
 3461.3 0.504527564010E-03
 3462.2 0.507264840235E-03
 3463.1 0.521903562000E-03
 3464.0 0.538210855532E-03
 3464.9 0.556024449581E-03
 3465.8 0.564999432641E-03
 3466.7 0.572331637038E-03
 3467.6 0.577844088955E-03
 3468.5 0.586622164891E-03
 3469.4 0.593340341600E-03
 3470.3 0.597012901871E-03
 3471.2 0.584929562347E-03
 3472.1 0.568234974177E-03
 3473.0 0.546788887705E-03
 3473.9 0.523678277881E-03
 3474.8 0.502570246439E-03
 3475.7 0.486333359634E-03
 3476.6 0.489609415258E-03
 3477.5 0.500135221729E-03
 3478.4 0.516704486426E-03
 3479.3 0.527937564782E-03
 3480.2 0.536204772811E-03
 3481.1 0.540425109007E-03
 3482.0 0.538264361523E-03
 3482.9 0.533179924056E-03
 3483.8 0.527593073336E-03
 3484.7 0.530056433679E-03
 3485.6 0.537033147563E-03
 3486.5 0.544226660847E-03
 3487.4 0.543085257492E-03
 3488.3 0.535864077258E-03
 3489.2 0.524163208877E-03
 3490.1 0.513449746632E-03
 3491.0 0.503634801273E-03
 3491.9 0.497735833859E-03
 3492.8 0.495884122881E-03
 3493.7 0.498263634541E-03
 3494.6 0.507228193898E-03
 3495.5 0.519912830068E-03
 3496.4 0.537053136387E-03
 3497.3 0.557122820571E-03
 3498.2 0.576831890607E-03
 3499.1 0.595521837073E-03
 3500.0 0.612507794810E-03
 3500.9 0.628465992335E-03
 3501.8 0.642933301963E-03
 3502.7 0.652826739447E-03
 3503.6 0.658313674330E-03
 3504.5 0.655414473886E-03
 3505.4 0.648299328059E-03
 3506.3 0.639950661708E-03
 3507.2 0.631950125343E-03
 3508.1 0.623063513572E-03
 3509.0 0.613353331490E-03
 3509.9 0.601588929254E-03
 3510.8 0.589584330073E-03
 3511.7 0.577265622569E-03
 3512.6 0.563697549992E-03
 3513.5 0.554713013228E-03
 3514.4 0.550629421134E-03
 3515.3 0.568572224956E-03
 3516.2 0.589241278265E-03
 3517.1 0.611745910796E-03
 3518.0 0.622308525428E-03
 3518.9 0.627110730213E-03
 3519.8 0.626228821970E-03
 3520.7 0.606838381090E-03
 3521.6 0.583960961767E-03
 3522.5 0.557369290164E-03
 3523.4 0.532523610488E-03
 3524.3 0.511592310002E-03
 3525.2 0.496299169251E-03
 3526.1 0.502251146500E-03
 3527.0 0.515226867245E-03
 3527.9 0.535638834642E-03
 3528.8 0.558880692999E-03
 3529.7 0.581933408355E-03
 3530.6 0.603128932754E-03
 3531.5 0.612636735092E-03
 3532.4 0.617737575335E-03
 3533.3 0.619859462399E-03
 3534.2 0.626879034438E-03
 3535.1 0.636035525003E-03
 3536.0 0.646226246790E-03
 3536.9 0.655180358119E-03
 3537.8 0.663220659502E-03
 3538.7 0.669454169392E-03
 3539.6 0.672780717876E-03
 3540.5 0.674295666191E-03
 3541.4 0.675523790646E-03
 3542.3 0.679880699685E-03
 3543.2 0.686621673349E-03
 3544.1 0.693650365727E-03
 3545.0 0.698448013094E-03
 3545.9 0.701167820257E-03
 3546.8 0.701217660636E-03
 3547.7 0.700247322369E-03
 3548.6 0.698134984723E-03
 3549.5 0.693945013953E-03
 3550.4 0.688632789740E-03
 3551.3 0.681925050871E-03
 3552.2 0.673689593109E-03
 3553.1 0.664283079524E-03
 3554.0 0.653163641079E-03
 3554.9 0.643778528117E-03
 3555.8 0.637421540610E-03
 3556.7 0.636970711341E-03
 3557.6 0.639338692043E-03
 3558.5 0.642624487009E-03
 3559.4 0.646356076794E-03
 3560.3 0.649358468905E-03
 3561.2 0.652102830193E-03
 3562.1 0.654857029089E-03
 3563.0 0.650676606545E-03
 3563.9 0.638590596887E-03
 3564.8 0.601698980642E-03
 3565.7 0.562624154000E-03
 3566.6 0.524813424672E-03
 3567.5 0.507642117452E-03
 3568.4 0.496174056819E-03
 3569.3 0.488839165197E-03
 3570.2 0.482473300223E-03
 3571.1 0.480046797024E-03
 3572.0 0.481193122398E-03
 3572.9 0.498798995289E-03
 3573.8 0.517526085280E-03
 3574.7 0.537462432516E-03
 3575.6 0.548527243950E-03
 3576.5 0.554339584358E-03
 3577.4 0.553736320975E-03
 3578.3 0.533365269616E-03
 3579.2 0.508370748139E-03
 3580.1 0.479220641218E-03
 3581.0 0.454937432424E-03
 3581.9 0.433602140132E-03
 3582.8 0.416597044866E-03
 3583.7 0.409016122764E-03
 3584.6 0.406274851966E-03
 3585.5 0.410112185039E-03
 3586.4 0.419187331966E-03
 3587.3 0.432231978961E-03
 3588.2 0.452946692441E-03
 3589.1 0.486261421623E-03
 3590.0 0.525200752885E-03
 3590.9 0.565202978057E-03
 3591.8 0.593829686867E-03
 3592.7 0.615589398892E-03
 3593.6 0.632289903393E-03
 3594.5 0.650533378617E-03
 3595.4 0.669588862906E-03
 3596.3 0.685738572827E-03
 3597.2 0.698759233821E-03
 3598.1 0.709015666007E-03
 3599.0 0.711416928416E-03
 3599.9 0.707815093544E-03
 3600.8 0.698102482513E-03
 3601.7 0.679366070803E-03
 3602.6 0.655097526355E-03
 3603.5 0.624262674257E-03
 3604.4 0.593778401811E-03
 3605.3 0.569348334129E-03
 3606.2 0.554208377479E-03
 3607.1 0.543960293535E-03
 3608.0 0.533488532769E-03
 3608.9 0.521154191252E-03
 3609.8 0.514508539417E-03
 3610.7 0.514752416586E-03
 3611.6 0.528663315997E-03
 3612.5 0.545944075565E-03
 3613.4 0.562956127593E-03
 3614.3 0.575849306902E-03
 3615.2 0.581955430583E-03
 3616.1 0.580726454286E-03
 3617.0 0.559648396715E-03
 3617.9 0.537591446837E-03
 3618.8 0.517561349834E-03
 3619.7 0.513324590187E-03
 3620.6 0.517742612915E-03
 3621.5 0.529500957230E-03
 3622.4 0.560844356119E-03
 3623.3 0.595639864439E-03
 3624.2 0.632969100207E-03
 3625.1 0.665783722670E-03
 3626.0 0.692929629350E-03
 3626.9 0.714629122825E-03
 3627.8 0.713735588896E-03
 3628.7 0.704458278838E-03
 3629.6 0.685715981461E-03
 3630.5 0.642915136473E-03
 3631.4 0.599944860186E-03
 3632.3 0.559224274351E-03
 3633.2 0.551588950115E-03
 3634.1 0.554249182912E-03
 3635.0 0.567512931201E-03
 3635.9 0.587699399111E-03
 3636.8 0.610354139877E-03
 3637.7 0.635421419269E-03
 3638.6 0.658996729802E-03
 3639.5 0.679978273779E-03
 3640.4 0.694592775445E-03
 3641.3 0.694702093360E-03
 3642.2 0.687260316658E-03
 3643.1 0.671371755600E-03
 3644.0 0.650024625063E-03
 3644.9 0.626232176371E-03
 3645.8 0.603273678154E-03
 3646.7 0.586679877338E-03
 3647.6 0.575099625642E-03
 3648.5 0.574381439112E-03
 3649.4 0.585490835302E-03
 3650.3 0.605788885612E-03
 3651.2 0.634948207076E-03
 3652.1 0.665752767636E-03
 3653.0 0.698049197547E-03
 3653.9 0.726857539090E-03
 3654.8 0.748381759644E-03
 3655.7 0.761805430322E-03
 3656.6 0.770988060052E-03
 3657.5 0.782267138362E-03
 3658.4 0.796734813495E-03
 3659.3 0.806582804443E-03
 3660.2 0.810259881565E-03
 3661.1 0.804381838426E-03
 3662.0 0.793780056686E-03
 3662.9 0.782401174845E-03
 3663.8 0.771204430046E-03
 3664.7 0.760759268602E-03
 3665.6 0.751624278183E-03
 3666.5 0.745522899973E-03
 3667.4 0.740927673100E-03
 3668.3 0.736746998565E-03
 3669.2 0.732187353339E-03
 3670.1 0.730930393590E-03
 3671.0 0.733420785080E-03
 3671.9 0.747305686578E-03
 3672.8 0.759731590068E-03
 3673.7 0.769333069481E-03
 3674.6 0.763568009043E-03
 3675.5 0.752819195272E-03
 3676.4 0.738126687018E-03
 3677.3 0.716459975946E-03
 3678.2 0.695795976485E-03
 3679.1 0.676161273035E-03
 3680.0 0.669203188831E-03
 3680.9 0.665653266540E-03
 3681.8 0.665682302433E-03
 3682.7 0.673323101437E-03
 3683.6 0.680030010831E-03
 3684.5 0.685146598217E-03
 3685.4 0.673227238806E-03
 3686.3 0.660639770435E-03
 3687.2 0.649636295869E-03
 3688.1 0.656430320581E-03
 3689.0 0.669504215258E-03
 3689.9 0.689309601575E-03
 3690.8 0.717167128013E-03
 3691.7 0.745529122032E-03
 3692.6 0.770355096718E-03
 3693.5 0.776815514739E-03
 3694.4 0.776154734756E-03
 3695.3 0.771358922090E-03
 3696.2 0.771904793921E-03
 3697.1 0.775167693144E-03
 3698.0 0.780690082412E-03
 3698.9 0.790431066014E-03
 3699.8 0.801235297867E-03
 3700.7 0.804321282464E-03
 3701.6 0.791401252165E-03
 3702.5 0.767202701350E-03
 3703.4 0.733616647249E-03
 3704.3 0.698005777852E-03
 3705.2 0.660989042854E-03
 3706.1 0.631974142902E-03
 3707.0 0.614412091410E-03
 3707.9 0.608201535742E-03
 3708.8 0.619727164468E-03
 3709.7 0.641880994249E-03
 3710.6 0.676451099954E-03
 3711.5 0.717415835793E-03
 3712.4 0.757533416869E-03
 3713.3 0.795608764805E-03
 3714.2 0.820405456614E-03
 3715.1 0.832109139999E-03
 3716.0 0.822936263359E-03
 3716.9 0.795182944990E-03
 3717.8 0.755518775587E-03
 3718.7 0.697168265410E-03
 3719.6 0.641456431643E-03
 3720.5 0.594349395650E-03
 3721.4 0.571144862264E-03
 3722.3 0.566355620047E-03
 3723.2 0.576108255605E-03
 3724.1 0.616383189351E-03
 3725.0 0.656890589326E-03
 3725.9 0.692244082507E-03
 3726.8 0.696392407071E-03
 3727.7 0.693846631672E-03
 3728.6 0.687666344569E-03
 3729.5 0.686223790792E-03
 3730.4 0.677188197517E-03
 3731.3 0.661000591647E-03
 3732.2 0.613694951297E-03
 3733.1 0.565264278119E-03
 3734.0 0.515781154874E-03
 3734.9 0.484515976180E-03
 3735.8 0.464592937559E-03
 3736.7 0.457502784291E-03
 3737.6 0.490963540123E-03
 3738.5 0.531779350746E-03
 3739.4 0.579329880713E-03
 3740.3 0.619194083070E-03
 3741.2 0.650452694397E-03
 3742.1 0.668315371644E-03
 3743.0 0.647362640096E-03
 3743.9 0.614848949477E-03
 3744.8 0.573424791187E-03
 3745.7 0.538988408354E-03
 3746.6 0.509203473271E-03
 3747.5 0.487218727274E-03
 3748.4 0.478529851867E-03
 3749.3 0.479574879436E-03
 3750.2 0.499255693146E-03
 3751.1 0.545237043965E-03
 3752.0 0.604045057347E-03
 3752.9 0.666564436630E-03
 3753.8 0.716178580194E-03
 3754.7 0.755385873506E-03
 3755.6 0.770292913320E-03
 3756.5 0.755605613053E-03
 3757.4 0.719374964092E-03
 3758.3 0.678021759704E-03
 3759.2 0.653882745569E-03
 3760.1 0.645000667879E-03
 3761.0 0.646763971887E-03
 3761.9 0.650348695233E-03
 3762.8 0.655906622867E-03
 3763.7 0.662701078274E-03
 3764.6 0.667854710239E-03
 3765.5 0.670744820948E-03
 3766.4 0.673566721619E-03
 3767.3 0.676718711683E-03
 3768.2 0.680426400649E-03
 3769.1 0.688580842701E-03
 3770.0 0.701019954056E-03
 3770.9 0.720701362265E-03
 3771.8 0.743552921669E-03
 3772.7 0.767279711361E-03
 3773.6 0.791238351701E-03
 3774.5 0.812791424460E-03
 3775.4 0.831519008794E-03
 3776.3 0.843254040999E-03
 3777.2 0.854406824881E-03
 3778.1 0.866392896515E-03
 3779.0 0.883549506495E-03
 3779.9 0.899097626576E-03
 3780.8 0.912856161924E-03
 3781.7 0.920043437101E-03
 3782.6 0.921224993470E-03
 3783.5 0.917292706183E-03
 3784.4 0.899591081583E-03
 3785.3 0.876114220529E-03
 3786.2 0.847599889923E-03
 3787.1 0.807975648512E-03
 3788.0 0.770994246259E-03
 3788.9 0.736715072805E-03
 3789.8 0.724433904425E-03
 3790.7 0.715607607437E-03
 3791.6 0.710232451372E-03
 3792.5 0.702196863355E-03
 3793.4 0.692985339983E-03
 3794.3 0.682320948083E-03
 3795.2 0.665944811604E-03
 3796.1 0.649764785886E-03
 3797.0 0.635660918262E-03
 3797.9 0.628946492088E-03
 3798.8 0.628912167508E-03
 3799.7 0.641141060893E-03
 3800.6 0.677152526145E-03
 3801.5 0.721116996627E-03
 3802.4 0.767071645700E-03
 3803.3 0.799747455814E-03
 3804.2 0.824495122456E-03
 3805.1 0.838032157408E-03
 3806.0 0.838777263763E-03
 3806.9 0.832983918951E-03
 3807.8 0.827103973012E-03
 3808.7 0.833022338579E-03
 3809.6 0.845631904467E-03
 3810.5 0.849511085316E-03
 3811.4 0.835778267564E-03
 3812.3 0.807785341070E-03
 3813.2 0.767959722737E-03
 3814.1 0.725572805201E-03
 3815.0 0.680714066164E-03
 3815.9 0.646707030904E-03
 3816.8 0.627333814248E-03
 3817.7 0.625076002967E-03
 3818.6 0.624302158175E-03
 3819.5 0.615179001513E-03
 3820.4 0.593716644770E-03
 3821.3 0.573313053593E-03
 3822.2 0.558642835659E-03
 3823.1 0.554105423134E-03
 3824.0 0.546394389288E-03
 3824.9 0.532170913304E-03
 3825.8 0.504553725660E-03
 3826.7 0.480261076277E-03
 3827.6 0.462510514289E-03
 3828.5 0.461260254766E-03
 3829.4 0.462209937961E-03
 3830.3 0.462205233082E-03
 3831.2 0.455189110608E-03
 3832.1 0.448193652086E-03
 3833.0 0.441803713638E-03
 3833.9 0.438759905114E-03
 3834.8 0.437426422589E-03
 3835.7 0.437386759887E-03
 3836.6 0.439777587915E-03
 3837.5 0.444376560859E-03
 3838.4 0.450778296823E-03
 3839.3 0.460427812136E-03
 3840.2 0.477837732999E-03
 3841.1 0.502316048731E-03
 3842.0 0.554691085397E-03
 3842.9 0.607018239201E-03
 3843.8 0.659222436579E-03
 3844.7 0.691551218167E-03
 3845.6 0.718243112305E-03
 3846.5 0.738725420909E-03
 3847.4 0.751518805152E-03
 3848.3 0.760032334082E-03
 3849.2 0.762785394799E-03
 3850.1 0.757185178331E-03
 3851.0 0.749457177611E-03
 3851.9 0.740471090150E-03
 3852.8 0.736296553104E-03
 3853.7 0.731574269853E-03
 3854.6 0.721926781104E-03
 3855.5 0.699900793410E-03
 3856.4 0.673046228405E-03
 3857.3 0.644277469404E-03
 3858.2 0.618602993581E-03
 3859.1 0.597733101991E-03
 3860.0 0.594109037269E-03
 3860.9 0.616219752444E-03
 3861.8 0.653330652538E-03
 3862.7 0.694499065854E-03
 3863.6 0.724223032468E-03
 3864.5 0.745202833405E-03
 3865.4 0.755021813005E-03
 3866.3 0.757567638582E-03
 3867.2 0.753727929591E-03
 3868.1 0.739040106688E-03
 3869.0 0.718937158951E-03
 3869.9 0.693122367208E-03
 3870.8 0.671945986780E-03
 3871.7 0.659045343129E-03
 3872.6 0.656626159021E-03
 3873.5 0.665037550861E-03
 3874.4 0.679482480283E-03
 3875.3 0.701872957317E-03
 3876.2 0.716029404225E-03
 3877.1 0.718725127777E-03
 3878.0 0.701205023825E-03
 3878.9 0.682609586876E-03
 3879.8 0.668635953942E-03
 3880.7 0.667067796800E-03
 3881.6 0.666529929739E-03
 3882.5 0.664972482437E-03
 3883.4 0.658920671432E-03
 3884.3 0.648572587994E-03
 3885.2 0.634583604666E-03
 3886.1 0.612176103633E-03
 3887.0 0.595711395350E-03
 3887.9 0.585520299233E-03
 3888.8 0.596522459252E-03
 3889.7 0.615851832214E-03
 3890.6 0.641544979583E-03
 3891.5 0.677778853603E-03
 3892.4 0.711522667546E-03
 3893.3 0.742741084379E-03
 3894.2 0.755479767576E-03
 3895.1 0.765048278252E-03
 3896.0 0.771460674819E-03
 3896.9 0.777438703624E-03
 3897.8 0.782062691161E-03
 3898.7 0.785045041949E-03
 3899.6 0.785227429339E-03
 3900.5 0.782809356809E-03
 3901.4 0.776817343708E-03
 3902.3 0.762854899688E-03
 3903.2 0.748137672848E-03
 3904.1 0.734172919769E-03
 3905.0 0.726673806858E-03
 3905.9 0.724845543492E-03
 3906.8 0.733147350514E-03
 3907.7 0.759377469667E-03
 3908.6 0.791102725625E-03
 3909.5 0.823360970249E-03
 3910.4 0.845058845626E-03
 3911.3 0.860891091586E-03
 3912.2 0.869436801051E-03
 3913.1 0.871696231430E-03
 3914.0 0.869734859398E-03
 3914.9 0.861145338799E-03
 3915.8 0.848490601831E-03
 3916.7 0.832687923312E-03
 3917.6 0.810656636495E-03
 3918.5 0.784445058096E-03
 3919.4 0.755151849803E-03
 3920.3 0.728542423846E-03
 3921.2 0.707676381757E-03
 3922.1 0.692207140028E-03
 3923.0 0.678710632982E-03
 3923.9 0.664295177452E-03
 3924.8 0.648797095612E-03
 3925.7 0.622212136110E-03
 3926.6 0.586005728313E-03
 3927.5 0.537167321900E-03
 3928.4 0.483708212337E-03
 3929.3 0.431163112730E-03
 3930.2 0.381255778789E-03
 3931.1 0.338277462909E-03
 3932.0 0.300968154713E-03
 3932.9 0.273216436256E-03
 3933.8 0.262024929495E-03
 3934.7 0.262882353381E-03
 3935.6 0.285166336422E-03
 3936.5 0.319360421719E-03
 3937.4 0.359833168910E-03
 3938.3 0.407775424938E-03
 3939.2 0.454241330808E-03
 3940.1 0.497917819058E-03
 3941.0 0.530356394936E-03
 3941.9 0.559236434919E-03
 3942.8 0.585695201016E-03
 3943.7 0.609212716248E-03
 3944.6 0.633444595622E-03
 3945.5 0.658505578410E-03
 3946.4 0.688907285216E-03
 3947.3 0.718377496854E-03
 3948.2 0.746995087914E-03
 3949.1 0.769659275729E-03
 3950.0 0.788856092036E-03
 3950.9 0.804279828904E-03
 3951.8 0.810546250630E-03
 3952.7 0.814236717650E-03
 3953.6 0.815081047841E-03
 3954.5 0.813984250395E-03
 3955.4 0.811559453159E-03
 3956.3 0.807285124516E-03
 3957.2 0.800968713954E-03
 3958.1 0.789909449596E-03
 3959.0 0.769764611809E-03
 3959.9 0.732023848217E-03
 3960.8 0.687832742787E-03
 3961.7 0.638218405242E-03
 3962.6 0.589204532202E-03
 3963.5 0.540135321098E-03
 3964.4 0.490173473905E-03
 3965.3 0.439826676265E-03
 3966.2 0.391595164453E-03
 3967.1 0.354332051922E-03
 3968.0 0.332343655683E-03
 3968.9 0.321490645358E-03
 3969.8 0.330880028282E-03
 3970.7 0.355682149464E-03
 3971.6 0.392039697383E-03
 3972.5 0.442859637764E-03
 3973.4 0.498569552558E-03
 3974.3 0.558401085857E-03
 3975.2 0.619791231449E-03
 3976.1 0.678377362728E-03
 3977.0 0.734083695522E-03
 3977.9 0.782816003027E-03
 3978.8 0.826720321820E-03
 3979.7 0.864827943057E-03
 3980.6 0.890623672373E-03
 3981.5 0.908760524579E-03
 3982.4 0.916716386480E-03
 3983.3 0.919999918594E-03
 3984.2 0.923173256762E-03
 3985.1 0.927541479554E-03
 3986.0 0.935927323091E-03
 3986.9 0.947933815190E-03
 3987.8 0.966599533597E-03
 3988.7 0.984601125063E-03
 3989.6 0.100073987950E-02
 3990.5 0.101156717096E-02
 3991.4 0.101958508334E-02
 3992.3 0.102580846998E-02
 3993.2 0.102915884902E-02
 3994.1 0.102887075179E-02
 3995.0 0.102579231338E-02
 3995.9 0.101681357461E-02
 3996.8 0.101232083329E-02
 3997.7 0.101213863139E-02
 3998.6 0.102759554503E-02
 3999.5 0.104403678062E-02
 4000.4 0.106104356006E-02
 4001.3 0.107192129232E-02
 4002.2 0.107502973432E-02
 4003.1 0.107060689493E-02
 4004.0 0.104277204262E-02
 4004.9 0.101886788677E-02
 4005.8 0.100014456493E-02
 4006.7 0.100982464204E-02
 4007.6 0.102464368341E-02
 4008.5 0.104391497936E-02
 4009.4 0.106080131285E-02
 4010.3 0.107652004324E-02
 4011.2 0.109070453122E-02
 4012.1 0.110070838793E-02
 4013.0 0.110856211630E-02
 4013.9 0.111345975198E-02
 4014.8 0.111494366840E-02
 4015.7 0.111544455255E-02
 4016.6 0.111592265570E-02
 4017.5 0.111852566196E-02
 4018.4 0.112195991423E-02
 4019.3 0.112552116547E-02
 4020.2 0.112844749370E-02
 4021.1 0.113071628266E-02
 4022.0 0.113098695317E-02
 4022.9 0.112905410872E-02
 4023.8 0.112615184464E-02
 4024.7 0.112649199517E-02
 4025.6 0.113131375602E-02
 4026.5 0.113896943997E-02
 4027.4 0.113663551756E-02
 4028.3 0.112308649191E-02
 4029.2 0.109927683991E-02
 4030.1 0.107048977881E-02
 4031.0 0.104335385380E-02
 4031.9 0.101809025114E-02
 4032.8 0.100898096821E-02
 4033.7 0.101265295045E-02
 4034.6 0.103269075189E-02
 4035.5 0.106211395804E-02
 4036.4 0.109305816246E-02
 4037.3 0.112470963627E-02
 4038.2 0.114547922276E-02
 4039.1 0.115637190381E-02
 4040.0 0.115040026109E-02
 4040.9 0.113277907237E-02
 4041.8 0.110919920451E-02
 4042.7 0.107763518364E-02
 4043.6 0.104354106032E-02
 4044.5 0.100931840545E-02
 4045.4 0.977844410038E-03
 4046.3 0.966310146730E-03
 4047.2 0.971302021707E-03
 4048.1 0.101474603422E-02
 4049.0 0.105593420328E-02
 4049.9 0.109229849134E-02
 4050.8 0.110089833273E-02
 4051.7 0.110055925261E-02
 4052.6 0.109322279105E-02
 4053.5 0.107490968810E-02
 4054.4 0.105600432904E-02
 4055.3 0.103666490061E-02
 4056.2 0.102420137311E-02
 4057.1 0.101600276114E-02
 4058.0 0.101232281254E-02
 4058.9 0.101952163240E-02
 4059.8 0.102278967453E-02
 4060.7 0.102035059028E-02
 4061.6 0.997791635351E-03
 4062.5 0.976156994925E-03
 4063.4 0.959253883702E-03
 4064.3 0.962302858884E-03
 4065.2 0.971959420008E-03
 4066.1 0.988248022135E-03
 4067.0 0.100838327366E-02
 4067.9 0.102672700343E-02
 4068.8 0.103813160447E-02
 4069.7 0.103485291671E-02
 4070.6 0.102720338257E-02
 4071.5 0.102082478172E-02
 4072.4 0.102273255432E-02
 4073.3 0.102685935719E-02
 4074.2 0.102521375770E-02
 4075.1 0.101367246315E-02
 4076.0 0.997852584448E-03
 4076.9 0.988668978455E-03
 4077.8 0.991260501444E-03
 4078.7 0.100252702887E-02
 4079.6 0.102460060543E-02
 4080.5 0.105148155336E-02
 4081.4 0.108198030425E-02
 4082.3 0.110112081725E-02
 4083.2 0.110836620406E-02
 4084.1 0.110371646471E-02
 4085.0 0.110440302952E-02
 4085.9 0.111395328113E-02
 4086.8 0.113421386468E-02
 4087.7 0.115165867189E-02
 4088.6 0.116355814813E-02
 4089.5 0.116741614591E-02
 4090.4 0.116293192574E-02
 4091.3 0.115390331280E-02
 4092.2 0.113861347160E-02
 4093.1 0.111961858974E-02
 4094.0 0.109940417030E-02
 4094.9 0.107820693142E-02
 4095.8 0.105484050623E-02
 4096.7 0.103011530415E-02
 4097.6 0.100319296611E-02
 4098.5 0.971689382872E-03
 4099.4 0.937162239714E-03
 4100.3 0.897494139559E-03
 4101.2 0.873538206249E-03
 4102.1 0.863103817200E-03
 4103.0 0.887075754659E-03
 4103.9 0.919581981633E-03
 4104.8 0.957485254803E-03
 4105.7 0.996305758412E-03
 4106.6 0.102956549494E-02
 4107.5 0.105780761872E-02
 4108.4 0.106814616855E-02
 4109.3 0.107763034212E-02
 4110.2 0.108630811735E-02
 4111.1 0.110105539585E-02
 4112.0 0.111691522574E-02
 4112.9 0.113398470389E-02
 4113.8 0.115211533423E-02
 4114.7 0.116678082689E-02
 4115.6 0.117640506950E-02
 4116.5 0.117360814624E-02
 4117.4 0.116736367076E-02
 4118.3 0.115782863056E-02
 4119.2 0.114775959903E-02
 4120.1 0.113934050732E-02
 4121.0 0.113482778131E-02
 4121.9 0.113786319839E-02
 4122.8 0.114235491035E-02
 4123.7 0.114507795369E-02
 4124.6 0.114181046607E-02
 4125.5 0.113576264081E-02
 4126.4 0.112741963129E-02
 4127.3 0.111825696599E-02
 4128.2 0.110841091809E-02
 4129.1 0.109694142558E-02
 4130.0 0.108474632290E-02
 4130.9 0.107275309716E-02
 4131.8 0.106606440787E-02
 4132.7 0.106547328460E-02
 4133.6 0.107002626035E-02
 4134.5 0.108723343593E-02
 4135.4 0.111197237874E-02
 4136.3 0.114340498804E-02
 4137.2 0.117026211072E-02
 4138.1 0.118954223139E-02
 4139.0 0.120054051267E-02
 4139.9 0.119239506189E-02
 4140.8 0.117366961887E-02
 4141.7 0.114201803332E-02
 4142.6 0.111540078670E-02
 4143.5 0.109710917196E-02
 4144.4 0.109174215750E-02
 4145.3 0.109740664489E-02
 4146.2 0.110842505201E-02
 4147.1 0.112653786988E-02
 4148.0 0.113947661273E-02
 4148.9 0.114678543351E-02
 4149.8 0.114258968162E-02
 4150.7 0.113525084637E-02
 4151.6 0.112691089842E-02
 4152.5 0.111877757565E-02
 4153.4 0.111040961079E-02
 4154.3 0.110216908733E-02
 4155.2 0.109504081186E-02
 4156.1 0.109395001018E-02
 4157.0 0.109776657878E-02
 4157.9 0.111326129770E-02
 4158.8 0.113112770745E-02
 4159.7 0.115055019650E-02
 4160.6 0.116913481886E-02
 4161.5 0.118547773513E-02
 4162.4 0.119980071967E-02
 4163.3 0.120662084319E-02
 4164.2 0.120756711441E-02
 4165.1 0.120245390369E-02
 4166.0 0.118426131060E-02
 4166.9 0.116643816343E-02
 4167.8 0.114965454003E-02
 4168.7 0.114059696445E-02
 4169.6 0.112875252996E-02
 4170.5 0.111143458804E-02
 4171.4 0.108207847548E-02
 4172.3 0.105529405839E-02
 4173.2 0.103720918345E-02
 4174.1 0.103926177881E-02
 4175.0 0.104740158468E-02
 4175.9 0.105916835166E-02
 4176.8 0.106869566721E-02
 4177.7 0.107732579173E-02
 4178.6 0.108531540441E-02
 4179.5 0.109188146847E-02
 4180.4 0.109702362416E-02
 4181.3 0.109845429032E-02
 4182.2 0.109617936477E-02
 4183.1 0.109186022720E-02
 4184.0 0.108667021394E-02
 4184.9 0.108240332546E-02
 4185.8 0.107893054617E-02
 4186.7 0.107767045091E-02
 4187.6 0.107857435690E-02
 4188.5 0.108144302366E-02
 4189.4 0.109179263474E-02
 4190.3 0.110627187504E-02
 4191.2 0.112477207014E-02
 4192.1 0.113750668596E-02
 4193.0 0.114400447625E-02
 4193.9 0.114318116048E-02
 4194.8 0.112889052755E-02
 4195.7 0.110785163608E-02
 4196.6 0.107836840400E-02
 4197.5 0.105261198721E-02
 4198.4 0.103229541844E-02
 4199.3 0.102099489343E-02
 4200.2 0.101795495845E-02
 4201.1 0.101968085999E-02
 4202.0 0.102844218609E-02
 4202.9 0.104545112669E-02
 4203.8 0.106708789551E-02
 4204.7 0.109545332139E-02
 4205.6 0.112127131213E-02
 4206.5 0.114410436695E-02
 4207.4 0.115885199035E-02
 4208.3 0.116949435279E-02
 4209.2 0.117738206134E-02
 4210.1 0.118085076736E-02
 4211.0 0.118279684995E-02
 4211.9 0.118368096828E-02
 4212.8 0.118325595552E-02
 4213.7 0.117836972343E-02
 4214.6 0.116975173706E-02
 4215.5 0.115303039014E-02
 4216.4 0.114066021903E-02
 4217.3 0.113228867644E-02
 4218.2 0.113822709499E-02
 4219.1 0.114352529744E-02
 4220.0 0.114802951492E-02
 4220.9 0.114320740862E-02
 4221.8 0.112874564153E-02
 4222.7 0.110167214771E-02
 4223.6 0.105272740704E-02
 4224.5 0.100347266210E-02
 4225.4 0.958174251264E-03
 4226.3 0.932706192114E-03
 4227.2 0.923363630358E-03
 4228.1 0.940801786593E-03
 4229.0 0.991566412331E-03
 4229.9 0.104717312264E-02
 4230.8 0.109183433336E-02
 4231.7 0.110707669158E-02
 4232.6 0.110868348101E-02
 4233.5 0.109820454427E-02
 4234.4 0.108319721668E-02
 4235.3 0.106700051078E-02
 4236.2 0.105518709179E-02
 4237.1 0.105155646691E-02
 4238.0 0.105365095814E-02
 4238.9 0.106427137451E-02
 4239.8 0.107962283781E-02
 4240.7 0.109828598627E-02
 4241.6 0.111661801108E-02
 4242.5 0.113173845372E-02
 4243.4 0.114395667555E-02
 4244.3 0.114458469158E-02
 4245.2 0.113829958404E-02
 4246.1 0.112465739087E-02
 4247.0 0.110457942474E-02
 4247.9 0.108378382487E-02
 4248.8 0.106241060636E-02
 4249.7 0.105379170531E-02
 4250.6 0.105380924660E-02
 4251.5 0.106569143368E-02
 4252.4 0.107523340812E-02
 4253.3 0.108088086842E-02
 4254.2 0.107945187721E-02
 4255.1 0.107983808980E-02
 4256.0 0.108185243959E-02
 4256.9 0.108692674966E-02
 4257.8 0.108175307819E-02
 4258.7 0.106967784163E-02
 4259.6 0.104558877122E-02
 4260.5 0.103665207825E-02
 4261.4 0.103999572417E-02
 4262.3 0.107057623438E-02
 4263.2 0.110170462498E-02
 4264.1 0.113139436933E-02
 4265.0 0.114915079328E-02
 4265.9 0.115471868910E-02
 4266.8 0.115037112453E-02
 4267.7 0.112366570929E-02
 4268.6 0.108951590154E-02
 4269.5 0.104917125096E-02
 4270.4 0.100467700253E-02
 4271.3 0.970656295856E-03
 4272.2 0.947155783675E-03
 4273.1 0.955120596862E-03
 4274.0 0.972366609119E-03
 4274.9 0.999995525286E-03
 4275.8 0.103718165211E-02
 4276.7 0.107033347926E-02
 4277.6 0.109612312457E-02
 4278.5 0.110253826478E-02
 4279.4 0.110331686104E-02
 4280.3 0.109884955439E-02
 4281.2 0.109212008298E-02
 4282.1 0.108538705626E-02
 4283.0 0.107983541096E-02
 4283.9 0.107649300830E-02
 4284.8 0.107150671615E-02
 4285.7 0.105934368125E-02
 4286.6 0.103865647531E-02
 4287.5 0.101517185940E-02
 4288.4 0.994016160937E-03
 4289.3 0.979410551472E-03
 4290.2 0.970184550618E-03
 4291.1 0.973768219532E-03
 4292.0 0.985629426333E-03
 4292.9 0.100151395260E-02
 4293.8 0.100580703675E-02
 4294.7 0.997098099263E-03
 4295.6 0.977826333282E-03
 4296.5 0.945461620515E-03
 4297.4 0.909022641733E-03
 4298.3 0.868721047121E-03
 4299.2 0.836757477047E-03
 4300.1 0.812366727225E-03
 4301.0 0.796666627995E-03
 4301.9 0.791913303184E-03
 4302.8 0.791394093014E-03
 4303.7 0.795879717653E-03
 4304.6 0.794967312051E-03
 4305.5 0.789755265074E-03
 4306.4 0.778139611103E-03
 4307.3 0.770608527674E-03
 4308.2 0.767721539838E-03
 4309.1 0.773412129108E-03
 4310.0 0.795110981936E-03
 4310.9 0.827010357478E-03
 4311.8 0.875531142628E-03
 4312.7 0.930738556808E-03
 4313.6 0.988605321689E-03
 4314.5 0.104729362004E-02
 4315.4 0.110115257260E-02
 4316.3 0.115044379912E-02
 4317.2 0.118721305761E-02
 4318.1 0.120838270384E-02
 4319.0 0.121742155547E-02
 4319.9 0.120100180314E-02
 4320.8 0.117219128902E-02
 4321.7 0.113369408372E-02
 4322.6 0.108324995695E-02
 4323.5 0.103942913876E-02
 4324.4 0.100159314795E-02
 4325.3 0.990117569010E-03
 4326.2 0.994643608660E-03
 4327.1 0.101673785893E-02
 4328.0 0.106735421137E-02
 4328.9 0.111431478745E-02
 4329.8 0.115436151344E-02
 4330.7 0.116926092947E-02
 4331.6 0.117751686530E-02
 4332.5 0.117934201359E-02
 4333.4 0.117395413227E-02
 4334.3 0.116034486144E-02
 4335.2 0.113221712538E-02
 4336.1 0.108664398210E-02
 4337.0 0.103471714158E-02
 4337.9 0.977626221255E-03
 4338.8 0.925479440087E-03
 4339.7 0.883850340899E-03
 4340.6 0.873361867546E-03
 4341.5 0.896195895333E-03
 4342.4 0.935291187953E-03
 4343.3 0.982569385784E-03
 4344.2 0.102609507440E-02
 4345.1 0.106674099205E-02
 4346.0 0.110138811644E-02
 4346.9 0.112872593558E-02
 4347.8 0.114957024002E-02
 4348.7 0.115000667906E-02
 4349.6 0.113928309619E-02
 4350.5 0.111922229500E-02
 4351.4 0.110416276857E-02
 4352.3 0.109677539411E-02
 4353.2 0.109733789658E-02
 4354.1 0.111223343568E-02
 4355.0 0.113280757627E-02
 4355.9 0.115995827590E-02
 4356.8 0.117765986585E-02
 4357.7 0.118859930308E-02
 4358.6 0.119030173757E-02
 4359.5 0.119809816851E-02
 4360.4 0.121090474267E-02
 4361.3 0.123164254073E-02
 4362.2 0.125316318439E-02
 4363.1 0.127318424486E-02
 4364.0 0.128902342334E-02
 4364.9 0.128853642541E-02
 4365.8 0.127762206316E-02
 4366.7 0.124949767305E-02
 4367.6 0.122470524120E-02
 4368.5 0.120365382095E-02
 4369.4 0.119312632873E-02
 4370.3 0.118358311651E-02
 4371.2 0.117440245887E-02
 4372.1 0.116426621249E-02
 4373.0 0.115338345876E-02
 4373.9 0.114208007302E-02
 4374.8 0.113145889306E-02
 4375.7 0.112895411598E-02
 4376.6 0.113330751188E-02
 4377.5 0.114993777661E-02
 4378.4 0.115748338756E-02
 4379.3 0.115614400742E-02
 4380.2 0.112850796770E-02
 4381.1 0.109187507705E-02
 4382.0 0.104508582807E-02
 4382.9 0.993158716948E-03
 4383.8 0.958133472587E-03
 4384.7 0.948693683361E-03
 4385.6 0.983471616165E-03
 4386.5 0.102264592187E-02
 4387.4 0.105858241640E-02
 4388.3 0.107737235415E-02
 4389.2 0.109213924673E-02
 4390.1 0.110591320272E-02
 4391.0 0.112063445380E-02
 4391.9 0.113398732717E-02
 4392.8 0.114241263075E-02
 4393.7 0.114644952487E-02
 4394.6 0.115035672642E-02
 4395.5 0.116046500473E-02
 4396.4 0.117551516838E-02
 4397.3 0.119064327930E-02
 4398.2 0.119239444272E-02
 4399.1 0.118173114977E-02
 4400.0 0.116287442713E-02
 4400.9 0.113788673887E-02
 4401.8 0.111511573403E-02
 4402.7 0.109552639897E-02
 4403.6 0.110772008335E-02
 4404.5 0.113634686598E-02
 4405.4 0.118014266240E-02
 4406.3 0.119592470471E-02
 4407.2 0.119433919769E-02
 4408.1 0.117325871223E-02
 4409.0 0.117185591237E-02
 4409.9 0.118355949054E-02
 4410.8 0.121188101270E-02
 4411.7 0.122352329823E-02
 4412.6 0.122337879737E-02
 4413.5 0.120635541430E-02
 4414.4 0.119047925080E-02
 4415.3 0.117838255239E-02
 4416.2 0.117401351156E-02
 4417.1 0.118426409907E-02
 4418.0 0.120219873688E-02
 4418.9 0.123069705889E-02
 4419.8 0.124540480708E-02
 4420.7 0.125008751670E-02
 4421.6 0.123577341412E-02
 4422.5 0.122290834968E-02
 4423.4 0.121227964966E-02
 4424.3 0.120980324923E-02
 4425.2 0.121233247642E-02
 4426.1 0.121825166717E-02
 4427.0 0.122843764876E-02
 4427.9 0.123314040726E-02
 4428.8 0.123324738538E-02
 4429.7 0.122215480605E-02
 4430.6 0.121011959765E-02
 4431.5 0.119728587297E-02
 4432.4 0.118697312461E-02
 4433.3 0.117922376046E-02
 4434.2 0.117421456563E-02
 4435.1 0.117660787263E-02
 4436.0 0.118512858590E-02
 4436.9 0.120126973821E-02
 4437.8 0.122493300568E-02
 4438.7 0.124157883952E-02
 4439.6 0.124557156742E-02
 4440.5 0.123043304377E-02
 4441.4 0.121516418854E-02
 4442.3 0.120618850119E-02
 4443.2 0.121060490539E-02
 4444.1 0.121989216063E-02
 4445.0 0.123335606696E-02
 4445.9 0.124742523926E-02
 4446.8 0.126003416987E-02
 4447.7 0.126702063139E-02
 4448.6 0.126695812404E-02
 4449.5 0.126286604989E-02
 4450.4 0.125392509964E-02
 4451.3 0.124122990175E-02
 4452.2 0.122504306870E-02
 4453.1 0.119854880977E-02
 4454.0 0.116771900423E-02
 4454.9 0.113511580412E-02
 4455.8 0.111639970647E-02
 4456.7 0.110803401470E-02
 4457.6 0.110823919616E-02
 4458.5 0.111113430037E-02
 4459.4 0.111415815388E-02
 4460.3 0.111731190626E-02
 4461.2 0.112983259465E-02
 4462.1 0.114630395215E-02
 4463.0 0.116733788452E-02
 4463.9 0.118437261234E-02
 4464.8 0.119790284065E-02
 4465.7 0.120660126978E-02
 4466.6 0.120916179446E-02
 4467.5 0.120962720840E-02
 4468.4 0.120785071256E-02
 4469.3 0.121446756838E-02
 4470.2 0.122635308096E-02
 4471.1 0.124645919524E-02
 4472.0 0.126712894450E-02
 4472.9 0.128695196177E-02
 4473.8 0.130359270096E-02
 4474.7 0.131458697068E-02
 4475.6 0.132130685520E-02
 4476.5 0.131938360171E-02
 4477.4 0.130657667015E-02
 4478.3 0.128677054478E-02
 4479.2 0.125756523278E-02
 4480.1 0.123616079794E-02
 4481.0 0.122131284123E-02
 4481.9 0.122349560295E-02
 4482.8 0.123329000030E-02
 4483.7 0.124921803476E-02
 4484.6 0.127109328682E-02
 4485.5 0.128484327665E-02
 4486.4 0.129085576080E-02
 4487.3 0.127891983511E-02
 4488.2 0.126678963200E-02
 4489.1 0.125471583929E-02
 4490.0 0.124748490330E-02
 4490.9 0.124212941479E-02
 4491.8 0.123899269183E-02
 4492.7 0.123931231409E-02
 4493.6 0.124107507896E-02
 4494.5 0.124460914421E-02
 4495.4 0.125022993058E-02
 4496.3 0.125731506413E-02
 4497.2 0.126675500941E-02
 4498.1 0.127807346255E-02
 4499.0 0.128941804002E-02
 4499.9 0.129932363228E-02
 4500.8 0.130805966115E-02
 4501.7 0.131760181592E-02
 4502.6 0.133192198439E-02
 4503.5 0.134890634837E-02
 4504.4 0.136554764585E-02
 4505.3 0.137344672002E-02
 4506.2 0.137411418294E-02
 4507.1 0.137047477396E-02
 4508.0 0.136649300051E-02
 4508.9 0.136315358995E-02
 4509.8 0.136003702064E-02
 4510.7 0.135244532650E-02
 4511.6 0.134256334193E-02
 4512.5 0.133062365128E-02
 4513.4 0.131927387045E-02
 4514.3 0.130907454914E-02
 4515.2 0.130014395890E-02
 4516.1 0.129397996395E-02
 4517.0 0.128940978894E-02
 4517.9 0.128680341659E-02
 4518.8 0.128935278225E-02
 4519.7 0.129321889942E-02
 4520.6 0.129832180586E-02
 4521.5 0.129359108523E-02
 4522.4 0.128289846145E-02
 4523.3 0.126337928019E-02
 4524.2 0.123937176609E-02
 4525.1 0.121409391185E-02
 4526.0 0.118848057709E-02
 4526.9 0.116863677955E-02
 4527.8 0.115317342510E-02
 4528.7 0.114625960039E-02
 4529.6 0.114810040042E-02
 4530.5 0.115531565033E-02
 4531.4 0.117002278467E-02
 4532.3 0.118097808593E-02
 4533.2 0.118924032455E-02
 4534.1 0.119291061519E-02
 4535.0 0.120483542806E-02
 4535.9 0.122316617020E-02
 4536.8 0.125160818626E-02
 4537.7 0.127196858751E-02
 4538.6 0.128521780628E-02
 4539.5 0.128216621569E-02
 4540.4 0.127994801464E-02
 4541.3 0.127859721901E-02
 4542.2 0.128054165708E-02
 4543.1 0.128004036243E-02
 4544.0 0.127625693084E-02
 4544.9 0.126658200067E-02
 4545.8 0.125494775164E-02
 4546.7 0.124110275872E-02
 4547.6 0.122744285384E-02
 4548.5 0.121714657511E-02
 4549.4 0.121341936561E-02
 4550.3 0.121726413206E-02
 4551.2 0.122212733666E-02
 4552.1 0.122512684525E-02
 4553.0 0.122635518665E-02
 4553.9 0.122911932012E-02
 4554.8 0.123872482525E-02
 4555.7 0.125419488860E-02
 4556.6 0.127197398357E-02
 4557.5 0.128931075138E-02
 4558.4 0.130365055346E-02
 4559.3 0.131527672388E-02
 4560.2 0.131932654126E-02
 4561.1 0.131792618212E-02
 4562.0 0.131235277766E-02
 4562.9 0.129953559668E-02
 4563.8 0.128573011545E-02
 4564.7 0.127162970027E-02
 4565.6 0.127355711993E-02
 4566.5 0.128254809868E-02
 4567.4 0.129847816852E-02
 4568.3 0.130474792422E-02
 4569.2 0.130595938834E-02
 4570.1 0.130132237930E-02
 4571.0 0.130203546741E-02
 4571.9 0.130581373877E-02
 4572.8 0.131352848872E-02
 4573.7 0.132065374368E-02
 4574.6 0.132608033937E-02
 4575.5 0.132852090886E-02
 4576.4 0.132125067751E-02
 4577.3 0.130894002100E-02
 4578.2 0.128965624601E-02
 4579.1 0.127015234960E-02
 4580.0 0.125160645423E-02
 4580.9 0.123614514386E-02
 4581.8 0.122655911278E-02
 4582.7 0.122095794804E-02
 4583.6 0.122240496232E-02
 4584.5 0.122878698295E-02
 4585.4 0.123821018771E-02
 4586.3 0.125132711577E-02
 4587.2 0.126379730436E-02
 4588.1 0.127539712859E-02
 4589.0 0.128249305566E-02
 4589.9 0.128236119965E-02
 4590.8 0.127637677694E-02
 4591.7 0.126179173957E-02
 4592.6 0.125104280470E-02
 4593.5 0.124385068435E-02
 4594.4 0.124526203722E-02
 4595.3 0.124671468280E-02
 4596.2 0.124814861357E-02
 4597.1 0.124857659474E-02
 4598.0 0.124931425295E-02
 4598.9 0.125057181886E-02
 4599.8 0.125326812323E-02
 4600.7 0.125730180758E-02
 4601.6 0.126335147604E-02
 4602.5 0.127143474596E-02
 4603.4 0.127960777003E-02
 4604.3 0.128713196620E-02
 4605.2 0.129393355645E-02
 4606.1 0.130144129493E-02
 4607.0 0.131146541670E-02
 4607.9 0.132164992189E-02
 4608.8 0.132925738618E-02
 4609.7 0.132708716642E-02
 4610.6 0.131824798293E-02
 4611.5 0.130729545170E-02
 4612.4 0.130118414507E-02
 4613.3 0.129966850000E-02
 4614.2 0.130091698959E-02
 4615.1 0.130320807548E-02
 4616.0 0.130538213390E-02
 4616.9 0.130740061402E-02
 4617.8 0.130826256101E-02
 4618.7 0.130891646471E-02
 4619.6 0.130941804483E-02
 4620.5 0.131371032301E-02
 4621.4 0.131910498076E-02
 4622.3 0.132568329953E-02
 4623.2 0.132764546035E-02
 4624.1 0.132760255752E-02
 4625.0 0.132518971566E-02
 4625.9 0.132492437341E-02
 4626.8 0.132571036407E-02
 4627.7 0.132784625880E-02
 4628.6 0.132823462262E-02
 4629.5 0.132749645956E-02
 4630.4 0.132506702905E-02
 4631.3 0.132188784258E-02
 4632.2 0.131808936570E-02
 4633.1 0.131315796430E-02
 4634.0 0.130453578524E-02
 4634.9 0.129403537268E-02
 4635.8 0.128127462487E-02
 4636.7 0.127062791754E-02
 4637.6 0.126177016523E-02
 4638.5 0.125708134372E-02
 4639.4 0.125812178065E-02
 4640.3 0.126272027056E-02
 4641.2 0.127064712946E-02
 4642.1 0.127127769333E-02
 4643.0 0.126623290788E-02
 4643.9 0.125122319424E-02
 4644.8 0.123633160549E-02
 4645.7 0.122166364298E-02
 4646.6 0.121254440262E-02
 4647.5 0.121077583314E-02
 4648.4 0.121645660125E-02
 4649.3 0.123292350457E-02
 4650.2 0.124846740633E-02
 4651.1 0.126246344920E-02
 4652.0 0.127059352841E-02
 4652.9 0.127448680723E-02
 4653.8 0.127265878870E-02
 4654.7 0.126718436852E-02
 4655.6 0.126586358204E-02
 4656.5 0.127353949480E-02
 4657.4 0.128883926569E-02
 4658.3 0.130277228759E-02
 4659.2 0.130928040007E-02
 4660.1 0.130568959611E-02
 4661.0 0.129662560215E-02
 4661.9 0.128000892890E-02
 4662.8 0.125833768523E-02
 4663.7 0.123367420175E-02
 4664.6 0.120482016378E-02
 4665.5 0.117824028770E-02
 4666.4 0.115604077833E-02
 4667.3 0.115387890588E-02
 4668.2 0.116424122063E-02
 4669.1 0.118290271701E-02
 4670.0 0.120575753186E-02
 4670.9 0.122775366988E-02
 4671.8 0.124881592764E-02
 4672.7 0.126290891692E-02
 4673.6 0.127284173374E-02
 4674.5 0.127879525517E-02
 4675.4 0.127880578079E-02
 4676.3 0.127647401974E-02
 4677.2 0.127149486727E-02
 4678.1 0.126141466951E-02
 4679.0 0.125079434955E-02
 4679.9 0.123991054429E-02
 4680.8 0.124000912809E-02
 4681.7 0.124498388572E-02
 4682.6 0.125610782672E-02
 4683.5 0.126432295363E-02
 4684.4 0.127042698376E-02
 4685.3 0.127308392564E-02
 4686.2 0.127418542041E-02
 4687.1 0.127439308662E-02
 4688.0 0.127326672640E-02
 4688.9 0.126955507333E-02
 4689.8 0.126476754557E-02
 4690.7 0.125951434348E-02
 4691.6 0.126027821943E-02
 4692.5 0.126461175759E-02
 4693.4 0.127294090269E-02
 4694.3 0.127537644454E-02
 4695.2 0.127335215796E-02
 4696.1 0.126284921914E-02
 4697.0 0.125002418852E-02
 4697.9 0.123543014797E-02
 4698.8 0.121964138096E-02
 4699.7 0.120440322295E-02
 4700.6 0.118966212633E-02
 4701.5 0.117956477883E-02
 4702.4 0.117562602017E-02
 4703.3 0.117850930491E-02
 4704.2 0.118966322924E-02
 4705.1 0.119885032513E-02
 4706.0 0.120475134791E-02
 4706.9 0.120668505594E-02
 4707.8 0.121046074083E-02
 4708.7 0.121810490621E-02
 4709.6 0.122919454990E-02
 4710.5 0.123896873967E-02
 4711.4 0.124464259471E-02
 4712.3 0.124754340524E-02
 4713.2 0.125158357670E-02
 4714.1 0.126063097201E-02
 4715.0 0.127405073221E-02
 4715.9 0.128912858914E-02
 4716.8 0.130476718896E-02
 4717.7 0.131891881560E-02
 4718.6 0.133135044166E-02
 4719.5 0.133851277380E-02
 4720.4 0.134170019165E-02
 4721.3 0.134231048931E-02
 4722.2 0.134017446652E-02
 4723.1 0.133567815482E-02
 4724.0 0.132899098498E-02
 4724.9 0.131434742660E-02
 4725.8 0.129680611142E-02
 4726.7 0.127680325937E-02
 4727.6 0.125727274200E-02
 4728.5 0.124058166651E-02
 4729.4 0.122685909845E-02
 4730.3 0.122984951881E-02
 4731.2 0.123835551467E-02
 4732.1 0.125312800076E-02
 4733.0 0.126106236771E-02
 4733.9 0.126560431945E-02
 4734.8 0.126580891017E-02
 4735.7 0.126708304803E-02
 4736.6 0.126911717049E-02
 4737.5 0.127231457525E-02
 4738.4 0.127559860486E-02
 4739.3 0.127897184376E-02
 4740.2 0.128251838371E-02
 4741.1 0.128691222753E-02
 4742.0 0.129171237713E-02
 4742.9 0.129696301080E-02
 4743.8 0.130194446917E-02
 4744.7 0.130658496579E-02
 4745.6 0.131019404565E-02
 4746.5 0.131253031992E-02
 4747.4 0.131375476168E-02
 4748.3 0.131202115273E-02
 4749.2 0.130576280519E-02
 4750.1 0.129620540711E-02
 4751.0 0.128260295562E-02
 4751.9 0.127032210034E-02
 4752.8 0.125923757079E-02
 4753.7 0.125266696564E-02
 4754.6 0.125015010145E-02
 4755.5 0.125163328629E-02
 4756.4 0.125794703872E-02
 4757.3 0.126362800874E-02
 4758.2 0.126840950446E-02
 4759.1 0.126912051191E-02
 4760.0 0.126572499481E-02
 4760.9 0.125667908606E-02
 4761.8 0.124313614534E-02
 4762.7 0.123043961462E-02
 4763.6 0.122050202197E-02
 4764.5 0.121643652442E-02
 4765.4 0.121699674835E-02
 4766.3 0.122547456621E-02
 4767.2 0.123955202406E-02
 4768.1 0.125470495405E-02
 4769.0 0.126814018129E-02
 4769.9 0.127927551991E-02
 4770.8 0.128914432539E-02
 4771.7 0.129745291890E-02
 4772.6 0.130498724698E-02
 4773.5 0.131231617061E-02
 4774.4 0.132066673058E-02
 4775.3 0.132868518794E-02
 4776.2 0.133606640036E-02
 4777.1 0.133928921247E-02
 4778.0 0.133974536018E-02
 4778.9 0.133790101367E-02
 4779.8 0.133155559453E-02
 4780.7 0.132353072481E-02
 4781.6 0.131394173160E-02
 4782.5 0.130305475217E-02
 4783.4 0.129250646062E-02
 4784.3 0.128235686902E-02
 4785.2 0.127590316148E-02
 4786.1 0.127134083362E-02
 4787.0 0.126911331878E-02
 4787.9 0.126900348871E-02
 4788.8 0.127043269111E-02
 4789.7 0.127408937333E-02
 4790.6 0.128451987899E-02
 4791.5 0.129740152297E-02
 4792.4 0.131280382975E-02
 4793.3 0.132405770981E-02
 4794.2 0.133237239554E-02
 4795.1 0.133556180291E-02
 4796.0 0.133182061361E-02
 4796.9 0.132457595002E-02
 4797.8 0.131349720724E-02
 4798.7 0.130578802895E-02
 4799.6 0.130035885172E-02
 4800.5 0.129878569231E-02
 4801.4 0.129840879751E-02
 4802.3 0.129871336620E-02
 4803.2 0.129895407935E-02
 4804.1 0.129654587008E-02
 4805.0 0.129214784675E-02
 4805.9 0.128615612750E-02
 4806.8 0.128305906941E-02
 4807.7 0.128253607283E-02
 4808.6 0.128646849400E-02
 4809.5 0.129078461160E-02
 4810.4 0.129551455424E-02
 4811.3 0.130087386087E-02
 4812.2 0.130715555596E-02
 4813.1 0.131462114865E-02
 4814.0 0.132236841238E-02
 4814.9 0.132902573089E-02
 4815.8 0.133384752278E-02
 4816.7 0.133570451249E-02
 4817.6 0.133594581444E-02
 4818.5 0.133391864861E-02
 4819.4 0.132898860627E-02
 4820.3 0.132158987940E-02
 4821.2 0.130960796375E-02
 4822.1 0.129674396162E-02
 4823.0 0.128598050546E-02
 4823.9 0.128343284228E-02
 4824.8 0.128562727229E-02
 4825.7 0.128926258180E-02
 4826.6 0.129009888185E-02
 4827.5 0.128891326274E-02
 4828.4 0.128656171565E-02
 4829.3 0.128369926750E-02
 4830.2 0.128093075925E-02
 4831.1 0.127832727881E-02
 4832.0 0.127703178315E-02
 4832.9 0.127612473315E-02
 4833.8 0.127552537958E-02
 4834.7 0.127425696494E-02
 4835.6 0.127240946671E-02
 4836.5 0.126997249772E-02
 4837.4 0.126512174379E-02
 4838.3 0.125985663186E-02
 4839.2 0.125416688886E-02
 4840.1 0.125072294653E-02
 4841.0 0.124860131517E-02
 4841.9 0.124821342233E-02
 4842.8 0.125171871761E-02
 4843.7 0.125609117228E-02
 4844.6 0.126099019782E-02
 4845.5 0.125991088494E-02
 4846.4 0.125614425473E-02
 4847.3 0.124910180774E-02
 4848.2 0.124480538674E-02
 4849.1 0.124134542020E-02
 4850.0 0.123787123188E-02
 4850.9 0.122869402868E-02
 4851.8 0.121574271376E-02
 4852.7 0.119637306866E-02
 4853.6 0.117229456923E-02
 4854.5 0.114514015187E-02
 4855.4 0.111369272171E-02
 4856.3 0.108078306946E-02
 4857.2 0.104694445999E-02
 4858.1 0.101307639782E-02
 4859.0 0.977486086936E-03
 4859.9 0.940953952251E-03
 4860.8 0.915415081958E-03
 4861.7 0.912444585646E-03
 4862.6 0.931157429025E-03
 4863.5 0.976523501468E-03
 4864.4 0.101913471384E-02
 4865.3 0.105800084058E-02
 4866.2 0.108599208506E-02
 4867.1 0.110704657042E-02
 4868.0 0.111915481513E-02
 4868.9 0.112152534570E-02
 4869.8 0.112031932295E-02
 4870.7 0.111500698854E-02
 4871.6 0.111126131382E-02
 4872.5 0.111361246741E-02
 4873.4 0.112909650659E-02
 4874.3 0.115239667326E-02
 4875.2 0.117557727146E-02
 4876.1 0.119194790166E-02
 4877.0 0.120304791769E-02
 4877.9 0.121231553450E-02
 4878.8 0.122208470708E-02
 4879.7 0.123014929020E-02
 4880.6 0.123591305421E-02
 4881.5 0.123337604366E-02
 4882.4 0.122607524760E-02
 4883.3 0.121549038036E-02
 4884.2 0.120093989021E-02
 4885.1 0.118600548553E-02
 4886.0 0.117102342697E-02
 4886.9 0.116051519517E-02
 4887.8 0.115289646078E-02
 4888.7 0.114789786388E-02
 4889.6 0.114667950880E-02
 4890.5 0.114945199570E-02
 4891.4 0.115666031818E-02
 4892.3 0.118492845780E-02
 4893.2 0.121791588180E-02
 4894.1 0.125577337384E-02
 4895.0 0.127783218174E-02
 4895.9 0.129261613154E-02
 4896.8 0.129815734894E-02
 4897.7 0.129759879554E-02
 4898.6 0.129456401386E-02
 4899.5 0.128863481579E-02
 4900.4 0.128175010316E-02
 4901.3 0.127490575817E-02
 4902.2 0.126884339640E-02
 4903.1 0.126729403983E-02
 4904.0 0.126767201051E-02
 4904.9 0.126937545875E-02
 4905.8 0.126594660488E-02
 4906.7 0.125948046617E-02
 4907.6 0.124923759571E-02
 4908.5 0.123901766398E-02
 4909.4 0.122916375298E-02
 4910.3 0.122201302585E-02
 4911.2 0.122110811738E-02
 4912.1 0.122474421773E-02
 4913.0 0.123129384361E-02
 4913.9 0.123281117082E-02
 4914.8 0.122988107361E-02
 4915.7 0.121648464524E-02
 4916.6 0.119438176785E-02
 4917.5 0.116313612737E-02
 4918.4 0.112992590378E-02
 4919.3 0.110864590366E-02
 4920.2 0.110285630795E-02
 4921.1 0.111484351789E-02
 4922.0 0.113018183099E-02
 4922.9 0.114809674266E-02
 4923.8 0.116774001104E-02
 4924.7 0.118823566176E-02
 4925.6 0.120986766513E-02
 4926.5 0.122983840610E-02
 4927.4 0.124729635001E-02
 4928.3 0.125939117960E-02
 4929.2 0.126536819377E-02
 4930.1 0.126696179450E-02
 4931.0 0.126052833780E-02
 4931.9 0.125021530957E-02
 4932.8 0.123884701278E-02
 4933.7 0.122998867394E-02
 4934.6 0.122236817145E-02
 4935.5 0.121492114993E-02
 4936.4 0.120428251588E-02
 4937.3 0.119545274572E-02
 4938.2 0.118912139838E-02
 4939.1 0.119814034052E-02
 4940.0 0.121260395965E-02
 4940.9 0.123144421137E-02
 4941.8 0.124963807931E-02
 4942.7 0.126591417167E-02
 4943.6 0.128028945989E-02
 4944.5 0.128559975692E-02
 4945.4 0.128812676744E-02
 4946.3 0.128753072855E-02
 4947.2 0.128788144325E-02
 4948.1 0.128813506085E-02
 4949.0 0.128812880857E-02
 4949.9 0.128508590879E-02
 4950.8 0.128062188686E-02
 4951.7 0.127431941034E-02
 4952.6 0.126768399826E-02
 4953.5 0.125999084402E-02
 4954.4 0.124997178230E-02
 4955.3 0.122840228034E-02
 4956.2 0.120388117161E-02
 4957.1 0.118075074972E-02
 4958.0 0.118326878363E-02
 4958.9 0.119918576594E-02
 4959.8 0.122941588988E-02
 4960.7 0.125185970696E-02
 4961.6 0.126886138242E-02
 4962.5 0.127634411085E-02
 4963.4 0.127728019500E-02
 4964.3 0.127366278038E-02
 4965.2 0.126497370934E-02
 4966.1 0.125691700116E-02
 4967.0 0.124947840275E-02
 4967.9 0.124514123529E-02
 4968.8 0.124465141892E-02
 4969.7 0.124776073741E-02
 4970.6 0.125475924754E-02
 4971.5 0.126135783344E-02
 4972.4 0.126745727576E-02
 4973.3 0.127115875788E-02
 4974.2 0.127296911526E-02
 4975.1 0.127232381733E-02
 4976.0 0.126688875958E-02
 4976.9 0.125772624354E-02
 4977.8 0.124308125946E-02
 4978.7 0.122440099241E-02
 4979.6 0.120466655277E-02
 4980.5 0.118433116590E-02
 4981.4 0.116675653631E-02
 4982.3 0.115229906479E-02
 4983.2 0.114454388246E-02
 4984.1 0.114469540508E-02
 4985.0 0.115146861357E-02
 4985.9 0.117245841398E-02
 4986.8 0.119738053488E-02
 4987.7 0.122184810865E-02
 4988.6 0.123431220297E-02
 4989.5 0.124057389676E-02
 4990.4 0.124287519265E-02
 4991.3 0.124211735300E-02
 4992.2 0.124057988442E-02
 4993.1 0.123864690249E-02
 4994.0 0.123944262417E-02
 4994.9 0.124001716618E-02
 4995.8 0.124036332178E-02
 4996.7 0.123478117588E-02
 4997.6 0.122706941568E-02
 4998.5 0.121705057332E-02
 4999.4 0.120390499653E-02
 5000.3 0.119043425720E-02
 5001.2 0.117672925669E-02
 5002.1 0.116689592800E-02
 5003.0 0.115854116942E-02
 5003.9 0.115193930697E-02
 5004.8 0.114393518770E-02
 5005.7 0.113696285978E-02
 5006.6 0.113261848330E-02
 5007.5 0.114229271850E-02
 5008.4 0.115647097251E-02
 5009.3 0.117334048794E-02
 5010.2 0.117512540804E-02
 5011.1 0.116959968747E-02
 5012.0 0.115618711208E-02
 5012.9 0.114571791238E-02
 5013.8 0.113722729530E-02
 5014.7 0.113212498293E-02
 5015.6 0.112943187297E-02
 5016.5 0.112854242121E-02
 5017.4 0.113119849087E-02
 5018.3 0.113745222880E-02
 5019.2 0.114629562809E-02
 5020.1 0.115719921874E-02
 5021.0 0.116606801722E-02
 5021.9 0.117319653599E-02
 5022.8 0.117810485264E-02
 5023.7 0.118303380992E-02
 5024.6 0.118798387164E-02
 5025.5 0.119232457787E-02
 5026.4 0.119519973862E-02
 5027.3 0.119625927157E-02
 5028.2 0.119821431420E-02
 5029.1 0.120427613076E-02
 5030.0 0.121657738365E-02
 5030.9 0.123042071419E-02
 5031.8 0.124100024006E-02
 5032.7 0.124481715654E-02
 5033.6 0.124101890397E-02
 5034.5 0.123239938351E-02
 5035.4 0.121619256750E-02
 5036.3 0.119650791626E-02
 5037.2 0.117634324189E-02
 5038.1 0.115806354544E-02
 5039.0 0.114404631543E-02
 5039.9 0.113379960450E-02
 5040.8 0.113245277652E-02
 5041.7 0.113832770875E-02
 5042.6 0.115022364320E-02
 5043.5 0.117688522979E-02
 5044.4 0.120460447656E-02
 5045.3 0.123103423100E-02
 5046.2 0.123648765187E-02
 5047.1 0.123447848751E-02
 5048.0 0.122648028667E-02
 5048.9 0.121496188887E-02
 5049.8 0.120502513049E-02
 5050.7 0.119661475775E-02
 5051.6 0.120345411049E-02
 5052.5 0.121424489901E-02
 5053.4 0.122940988007E-02
 5054.3 0.124389291750E-02
 5055.2 0.125719919217E-02
 5056.1 0.126886089039E-02
 5057.0 0.127427651458E-02
 5057.9 0.127745003845E-02
 5058.8 0.127808730654E-02
 5059.7 0.128075607797E-02
 5060.6 0.128277942629E-02
 5061.5 0.128237756340E-02
 5062.4 0.126973725976E-02
 5063.3 0.125254771450E-02
 5064.2 0.123218977485E-02
 5065.1 0.122100178029E-02
 5066.0 0.121474127515E-02
 5066.9 0.121438852913E-02
 5067.8 0.121550366570E-02
 5068.7 0.121731135626E-02
 5069.6 0.121906934168E-02
 5070.5 0.121826765230E-02
 5071.4 0.121573948642E-02
 5072.3 0.121146254119E-02
 5073.2 0.120788746242E-02
 5074.1 0.120482202175E-02
 5075.0 0.120155594131E-02
 5075.9 0.119721011037E-02
 5076.8 0.119188081238E-02
 5077.7 0.118481604838E-02
 5078.6 0.117574046949E-02
 5079.5 0.116442182916E-02
 5080.4 0.115594272851E-02
 5081.3 0.115408157137E-02
 5082.2 0.116109799224E-02
 5083.1 0.117505653182E-02
 5084.0 0.118947054540E-02
 5084.9 0.120328154219E-02
 5085.8 0.121540061531E-02
 5086.7 0.122564725014E-02
 5087.6 0.123256025825E-02
 5088.5 0.123752862708E-02
 5089.4 0.124247083691E-02
 5090.3 0.124872674743E-02
 5091.2 0.125380149843E-02
 5092.1 0.125727300087E-02
 5093.0 0.125643125720E-02
 5093.9 0.125145887000E-02
 5094.8 0.124302511074E-02
 5095.7 0.122645030899E-02
 5096.6 0.120837819207E-02
 5097.5 0.119012162283E-02
 5098.4 0.117695492362E-02
 5099.3 0.116897360078E-02
 5100.2 0.116580764668E-02
 5101.1 0.118032086715E-02
 5102.0 0.119741166378E-02
 5102.9 0.121653647235E-02
 5103.8 0.122099880977E-02
 5104.7 0.122132639192E-02
 5105.6 0.121729265691E-02
 5106.5 0.120955188458E-02
 5107.4 0.120197460638E-02
 5108.3 0.119480358546E-02
 5109.2 0.119430725407E-02
 5110.1 0.119686022410E-02
 5111.0 0.120323862386E-02
 5111.9 0.121649462451E-02
 5112.8 0.123133488692E-02
 5113.7 0.124708376256E-02
 5114.6 0.125639346704E-02
 5115.5 0.126272674356E-02
 5116.4 0.126538713995E-02
 5117.3 0.126719089863E-02
 5118.2 0.126766468868E-02
 5119.1 0.126463028486E-02
 5120.0 0.125384901352E-02
 5120.9 0.123900274962E-02
 5121.8 0.122036604563E-02
 5122.7 0.120274177766E-02
 5123.6 0.118625287662E-02
 5124.5 0.117382446666E-02
 5125.4 0.116848868304E-02
 5126.3 0.116821574126E-02
 5127.2 0.117268250180E-02
 5128.1 0.117544633513E-02
 5129.0 0.117680063823E-02
 5129.9 0.117710790918E-02
 5130.8 0.117791455139E-02
 5131.7 0.117921835032E-02
 5132.6 0.118029396197E-02
 5133.5 0.118103147161E-02
 5134.4 0.118136273377E-02
 5135.3 0.117895552631E-02
 5136.2 0.117281558072E-02
 5137.1 0.116138781840E-02
 5138.0 0.114922250867E-02
 5138.9 0.114042456561E-02
 5139.8 0.113814239609E-02
 5140.7 0.114041927211E-02
 5141.6 0.114429104553E-02
 5142.5 0.114960700210E-02
 5143.4 0.115512580866E-02
 5144.3 0.115994059657E-02
 5145.2 0.116240736369E-02
 5146.1 0.116413314144E-02
 5147.0 0.116584980145E-02
 5147.9 0.116872250424E-02
 5148.8 0.117189972376E-02
 5149.7 0.117515515792E-02
 5150.6 0.117797712143E-02
 5151.5 0.118059069307E-02
 5152.4 0.118301476242E-02
 5153.3 0.118484262684E-02
 5154.2 0.118691895186E-02
 5155.1 0.118931345602E-02
 5156.0 0.119469766776E-02
 5156.9 0.119977588503E-02
 5157.8 0.120456657303E-02
 5158.7 0.120571038952E-02
 5159.6 0.120379402011E-02
 5160.5 0.119839139683E-02
 5161.4 0.118272075434E-02
 5162.3 0.116247338113E-02
 5163.2 0.113667860417E-02
 5164.1 0.110015611234E-02
 5165.0 0.106153102821E-02
 5165.9 0.102159151364E-02
 5166.8 0.988882534188E-03
 5167.7 0.961108744412E-03
 5168.6 0.941137324586E-03
 5169.5 0.935671401136E-03
 5170.4 0.937384201411E-03
 5171.3 0.948258625486E-03
 5172.2 0.962483569164E-03
 5173.1 0.979828367228E-03
 5174.0 0.100440070649E-02
 5174.9 0.104468183660E-02
 5175.8 0.109181154881E-02
 5176.7 0.113664002940E-02
 5177.6 0.115932508079E-02
 5178.5 0.116644217631E-02
 5179.4 0.115105875509E-02
 5180.3 0.111948779712E-02
 5181.2 0.107608542705E-02
 5182.1 0.102991601648E-02
 5183.0 0.998429352772E-03
 5183.9 0.980066851663E-03
 5184.8 0.984913776685E-03
 5185.7 0.100584499172E-02
 5186.6 0.104427860121E-02
 5187.5 0.108804141060E-02
 5188.4 0.111850436169E-02
 5189.3 0.113082763738E-02
 5190.2 0.112950706151E-02
 5191.1 0.112527019447E-02
 5192.0 0.111865421223E-02
 5192.9 0.111316216869E-02
 5193.8 0.111136169232E-02
 5194.7 0.111680160988E-02
 5195.6 0.112721392202E-02
 5196.5 0.114024070904E-02
 5197.4 0.115689303728E-02
 5198.3 0.117253507117E-02
 5199.2 0.118570360294E-02
 5200.1 0.119144834187E-02
 5201.0 0.119170312848E-02
 5201.9 0.118790534604E-02
 5202.8 0.117605793321E-02
 5203.7 0.116201314615E-02
 5204.6 0.114699473831E-02
 5205.5 0.113362368874E-02
 5206.4 0.112414499503E-02
 5207.3 0.111843368866E-02
 5208.2 0.112765646894E-02
 5209.1 0.114098039602E-02
 5210.0 0.115778491615E-02
 5210.9 0.117713565907E-02
 5211.8 0.119356541218E-02
 5212.7 0.120699522982E-02
 5213.6 0.119826051317E-02
 5214.5 0.118623669968E-02
 5215.4 0.117099513271E-02
 5216.3 0.116725790677E-02
 5217.2 0.116744489892E-02
 5218.1 0.117211298812E-02
 5219.0 0.118480348478E-02
 5219.9 0.119777376735E-02
 5220.8 0.120886826522E-02
 5221.7 0.120445159898E-02
 5222.6 0.119323153758E-02
 5223.5 0.117396354085E-02
 5224.4 0.114558891117E-02
 5225.3 0.111563181810E-02
 5226.2 0.108965285345E-02
 5227.1 0.108636069693E-02
 5228.0 0.109442894083E-02
 5228.9 0.111205525637E-02
 5229.8 0.112521804163E-02
 5230.7 0.113558939592E-02
 5231.6 0.114275052543E-02
 5232.5 0.114555327029E-02
 5233.4 0.114571729563E-02
 5234.3 0.114748366187E-02
 5235.2 0.115781795209E-02
 5236.1 0.117502251480E-02
 5237.0 0.119535661233E-02
 5237.9 0.121147129446E-02
 5238.8 0.122349582118E-02
 5239.7 0.122937164816E-02
 5240.6 0.123129898410E-02
 5241.5 0.122866088950E-02
 5242.4 0.122352011944E-02
 5243.3 0.122023987903E-02
 5244.2 0.121995811831E-02
 5245.1 0.121957676645E-02
 5246.0 0.121722399140E-02
 5246.9 0.121130536516E-02
 5247.8 0.120384598425E-02
 5248.7 0.119611445037E-02
 5249.6 0.118848836197E-02
 5250.5 0.118304300564E-02
 5251.4 0.118014340527E-02
 5252.3 0.118294411388E-02
 5253.2 0.118836673959E-02
 5254.1 0.119501283683E-02
 5255.0 0.120260136359E-02
 5255.9 0.120921028446E-02
 5256.8 0.121501103995E-02
 5257.7 0.121889818042E-02
 5258.6 0.121670798232E-02
 5259.5 0.120847997752E-02
 5260.4 0.117853947494E-02
 5261.3 0.114421940915E-02
 5262.2 0.110694179605E-02
 5263.1 0.107567638763E-02
 5264.0 0.104902795121E-02
 5264.9 0.102660355300E-02
 5265.8 0.102278248423E-02
 5266.7 0.102275988869E-02
 5267.6 0.102693176779E-02
 5268.5 0.102644175071E-02
 5269.4 0.102775068633E-02
 5270.3 0.103191457732E-02
 5271.2 0.105201322552E-02
 5272.1 0.107522991955E-02
 5273.0 0.110056386188E-02
 5273.9 0.111476695679E-02
 5274.8 0.112608683209E-02
 5275.7 0.113565609089E-02
 5276.6 0.115270901079E-02
 5277.5 0.117092391116E-02
 5278.4 0.118693668038E-02
 5279.3 0.118967421900E-02
 5280.2 0.118648550458E-02
 5281.1 0.117860633492E-02
 5282.0 0.117176050051E-02
 5282.9 0.116649431051E-02
 5283.8 0.116689551943E-02
 5284.7 0.118008548014E-02
 5285.6 0.120093633691E-02
 5286.5 0.122517064464E-02
 5287.4 0.124228500613E-02
 5288.3 0.125397017516E-02
 5289.2 0.125908708625E-02
 5290.1 0.126119317765E-02
 5291.0 0.126064064309E-02
 5291.9 0.125481729702E-02
 5292.8 0.124645815580E-02
 5293.7 0.123541234835E-02
 5294.6 0.122062114992E-02
 5295.5 0.120287750091E-02
 5296.4 0.118149353516E-02
 5297.3 0.116468430053E-02
 5298.2 0.115641070052E-02
 5299.1 0.116113060443E-02
 5300.0 0.117313811213E-02
 5300.9 0.118603118598E-02
 5301.8 0.119827553921E-02
 5302.7 0.121033469466E-02
 5303.6 0.122191159028E-02
 5304.5 0.123236870643E-02
 5305.4 0.124090207931E-02
 5306.3 0.124764131047E-02
 5307.2 0.125045771235E-02
 5308.1 0.125188051893E-02
 5309.0 0.125308617842E-02
 5309.9 0.125597890360E-02
 5310.8 0.125753088598E-02
 5311.7 0.125749894612E-02
 5312.6 0.125151119283E-02
 5313.5 0.124404822554E-02
 5314.4 0.123563929236E-02
 5315.3 0.122757284510E-02
 5316.2 0.122053013896E-02
 5317.1 0.121449997333E-02
 5318.0 0.121528321477E-02
 5318.9 0.121550722535E-02
 5319.8 0.121517200509E-02
 5320.7 0.120504634778E-02
 5321.6 0.119254721232E-02
 5322.5 0.117744933599E-02
 5323.4 0.116010513595E-02
 5324.3 0.114254718493E-02
 5325.2 0.112494800385E-02
 5326.1 0.110681393514E-02
 5327.0 0.109207363363E-02
 5327.9 0.108387695519E-02
 5328.8 0.109857432383E-02
 5329.7 0.112056997134E-02
 5330.6 0.114807268715E-02
 5331.5 0.116845739780E-02
 5332.4 0.118537085670E-02
 5333.3 0.119812675112E-02
 5334.2 0.120613961919E-02
 5335.1 0.121105786719E-02
 5336.0 0.121080262187E-02
 5336.9 0.120440248381E-02
 5337.8 0.119471710598E-02
 5338.7 0.118365581872E-02
 5339.6 0.117609761553E-02
 5340.5 0.117117388783E-02
 5341.4 0.117080784375E-02
 5342.3 0.117607814330E-02
 5343.2 0.118566883583E-02
 5344.1 0.119503648740E-02
 5345.0 0.119769754019E-02
 5345.9 0.119402860669E-02
 5346.8 0.118846868725E-02
 5347.7 0.118603940639E-02
 5348.6 0.118726087078E-02
 5349.5 0.119178559696E-02
 5350.4 0.119783981909E-02
 5351.3 0.120576239817E-02
 5352.2 0.121544407487E-02
 5353.1 0.122605814212E-02
 5354.0 0.123792401706E-02
 5354.9 0.124825322056E-02
 5355.8 0.125643893398E-02
 5356.7 0.126052680396E-02
 5357.6 0.126041742072E-02
 5358.5 0.125734145088E-02
 5359.4 0.124907480766E-02
 5360.3 0.123779219984E-02
 5361.2 0.122481488444E-02
 5362.1 0.120955752013E-02
 5363.0 0.119474096540E-02
 5363.9 0.118115917802E-02
 5364.8 0.117311883932E-02
 5365.7 0.116556459979E-02
 5366.6 0.115763384323E-02
 5367.5 0.114410498605E-02
 5368.4 0.113217180877E-02
 5369.3 0.112193187979E-02
 5370.2 0.112103134505E-02
 5371.1 0.112498087436E-02
 5372.0 0.113330548723E-02
 5372.9 0.115803278251E-02
 5373.8 0.118246795693E-02
 5374.7 0.120658383645E-02
 5375.6 0.121204207848E-02
 5376.5 0.121347852081E-02
 5377.4 0.121076861799E-02
 5378.3 0.120740395015E-02
 5379.2 0.120341445645E-02
 5380.1 0.119850552534E-02
 5381.0 0.119225801244E-02
 5381.9 0.118669879856E-02
 5382.8 0.118306461129E-02
 5383.7 0.118792278721E-02
 5384.6 0.119505036526E-02
 5385.5 0.120252766622E-02
 5386.4 0.120390501261E-02
 5387.3 0.120213952078E-02
 5388.2 0.119657530450E-02
 5389.1 0.118666009496E-02
 5390.0 0.117469841300E-02
 5390.9 0.116200031856E-02
 5391.8 0.115202736927E-02
 5392.7 0.114397162134E-02
 5393.6 0.113900284957E-02
 5394.5 0.113756948878E-02
 5395.4 0.113864660477E-02
 5396.3 0.114105461905E-02
 5397.2 0.114177927233E-02
 5398.1 0.114108255338E-02
 5399.0 0.114002544937E-02
 5399.9 0.114048328906E-02
 5400.8 0.114250394876E-02
 5401.7 0.114056502054E-02
 5402.6 0.113154001130E-02
 5403.5 0.111370991293E-02
 5404.4 0.109823378803E-02
 5405.3 0.109152871644E-02
 5406.2 0.109820288318E-02
 5407.1 0.110938158877E-02
 5408.0 0.111899605694E-02
 5408.9 0.112418098480E-02
 5409.8 0.112893420764E-02
 5410.7 0.113424908026E-02
 5411.6 0.114119919494E-02
 5412.5 0.114810542407E-02
 5413.4 0.115455969219E-02
 5414.3 0.115960038280E-02
 5415.2 0.116435061166E-02
 5416.1 0.116929138272E-02
 5417.0 0.117558641420E-02
 5417.9 0.118019612686E-02
 5418.8 0.118294396510E-02
 5419.7 0.117929447600E-02
 5420.6 0.117401989664E-02
 5421.5 0.116762074938E-02
 5422.4 0.116033374471E-02
 5423.3 0.115501911405E-02
 5424.2 0.115166944783E-02
 5425.1 0.116036990847E-02
 5426.0 0.116837918985E-02
 5426.9 0.117571548090E-02
 5427.8 0.116727253392E-02
 5428.7 0.115800658865E-02
 5429.6 0.114812012679E-02
 5430.5 0.114841475836E-02
 5431.4 0.115032602294E-02
 5432.3 0.115348939849E-02
 5433.2 0.115271951035E-02
 5434.1 0.115238750976E-02
 5435.0 0.115384889692E-02
 5435.9 0.116337190396E-02
 5436.8 0.117520407577E-02
 5437.7 0.118849522777E-02
 5438.6 0.119999599693E-02
 5439.5 0.120981451062E-02
 5440.4 0.121615141363E-02
 5441.3 0.121584739674E-02
 5442.2 0.121176261813E-02
 5443.1 0.120260261637E-02
 5444.0 0.118763263857E-02
 5444.9 0.117049511016E-02
 5445.8 0.115699857037E-02
 5446.7 0.115570399120E-02
 5447.6 0.116233788401E-02
 5448.5 0.117409378705E-02
 5449.4 0.118489991674E-02
 5450.3 0.119476037526E-02
 5451.2 0.119980691367E-02
 5452.1 0.119756765763E-02
 5453.0 0.118863292739E-02
 5453.9 0.117833211329E-02
 5454.8 0.117213088424E-02
 5455.7 0.117055946865E-02
 5456.6 0.117341392514E-02
 5457.5 0.117933928453E-02
 5458.4 0.118916364013E-02
 5459.3 0.119601144766E-02
 5460.2 0.119671771696E-02
 5461.1 0.118747743735E-02
 5462.0 0.117687339698E-02
 5462.9 0.116873044116E-02
 5463.8 0.116644954621E-02
 5464.7 0.116798882424E-02
 5465.6 0.117222680993E-02
 5466.5 0.118113884090E-02
 5467.4 0.118964359357E-02
 5468.3 0.119646448340E-02
 5469.2 0.119764122361E-02
 5470.1 0.119573720722E-02
 5471.0 0.119175062490E-02
 5471.9 0.118422311635E-02
 5472.8 0.117420509777E-02
 5473.7 0.116209638291E-02
 5474.6 0.114463812240E-02
 5475.5 0.112978024564E-02
 5476.4 0.111774110232E-02
 5477.3 0.112086041230E-02
 5478.2 0.112658605070E-02
 5479.1 0.113454361354E-02
 5480.0 0.113969596474E-02
 5480.9 0.114570985697E-02
 5481.8 0.115264061853E-02
 5482.7 0.116487872733E-02
 5483.6 0.117600876825E-02
 5484.5 0.118539223772E-02
 5485.4 0.118372748994E-02
 5486.3 0.118019463782E-02
 5487.2 0.117545652178E-02
 5488.1 0.117544201916E-02
 5489.0 0.117659981276E-02
 5489.9 0.117852922494E-02
 5490.8 0.118010730343E-02
 5491.7 0.118147727115E-02
 5492.6 0.118253016608E-02
 5493.5 0.118290130693E-02
 5494.4 0.118276996760E-02
 5495.3 0.118169336066E-02
 5496.2 0.117888935756E-02
 5497.1 0.117557915407E-02
 5498.0 0.117329762898E-02
 5498.9 0.117477078114E-02
 5499.8 0.117807582316E-02
 5500.7 0.118020753103E-02
 5501.6 0.117762163809E-02
 5502.5 0.117183652447E-02
 5503.4 0.116521100430E-02
 5504.3 0.116061962783E-02
 5505.2 0.115773818175E-02
 5506.1 0.115667782751E-02
 5507.0 0.115670477580E-02
 5507.9 0.115782386980E-02
 5508.8 0.115870858634E-02
 5509.7 0.115819589020E-02
 5510.6 0.115596775310E-02
 5511.5 0.115434167491E-02
 5512.4 0.115410621069E-02
 5513.3 0.115590865118E-02
 5514.2 0.115963491331E-02
 5515.1 0.116454608302E-02
 5516.0 0.117116224771E-02
 5516.9 0.117761971240E-02
 5517.8 0.118326700673E-02
 5518.7 0.118705642581E-02
 5519.6 0.118905394897E-02
 5520.5 0.118979465912E-02
 5521.4 0.118830203617E-02
 5522.3 0.118506320870E-02
 5523.2 0.118066066400E-02
 5524.1 0.117425307404E-02
 5525.0 0.116714359641E-02
 5525.9 0.115959814227E-02
 5526.8 0.115153512708E-02
 5527.7 0.114575537751E-02
 5528.6 0.114220285971E-02
 5529.5 0.114675157738E-02
 5530.4 0.115274532006E-02
 5531.3 0.115980644791E-02
 5532.2 0.116568935908E-02
 5533.1 0.117039146945E-02
 5534.0 0.117397411936E-02
 5534.9 0.117217257874E-02
 5535.8 0.117032624812E-02
 5536.7 0.116850531706E-02
 5537.6 0.117105333314E-02
 5538.5 0.117406506992E-02
 5539.4 0.117731790148E-02
 5540.3 0.117873886402E-02
 5541.2 0.117955210027E-02
 5542.1 0.117970580691E-02
 5543.0 0.117875300050E-02
 5543.9 0.117792486426E-02
 5544.8 0.117786685514E-02
 5545.7 0.118067066543E-02
 5546.6 0.118449779908E-02
 5547.5 0.118899223097E-02
 5548.4 0.119320551320E-02
 5549.3 0.119684355155E-02
 5550.2 0.119866808420E-02
 5551.1 0.119718329816E-02
 5552.0 0.119385779806E-02
 5552.9 0.118895081014E-02
 5553.8 0.118395554858E-02
 5554.7 0.117891636848E-02
 5555.6 0.117394513865E-02
 5556.5 0.116936220430E-02
 5557.4 0.116515029137E-02
 5558.3 0.116251026418E-02
 5559.2 0.116167786047E-02
 5560.1 0.116246019823E-02
 5561.0 0.116207250949E-02
 5561.9 0.115911351270E-02
 5562.8 0.115333147144E-02
 5563.7 0.114728438817E-02
 5564.6 0.114250809259E-02
 5565.5 0.113946558464E-02
 5566.4 0.113786553322E-02
 5567.3 0.113701593853E-02
 5568.2 0.113715231851E-02
 5569.1 0.113774727376E-02
 5570.0 0.113823675085E-02
 5570.9 0.113833464856E-02
 5571.8 0.113921706760E-02
 5572.7 0.114092302459E-02
 5573.6 0.114429903372E-02
 5574.5 0.114775733512E-02
 5575.4 0.115093404404E-02
 5576.3 0.115302045819E-02
 5577.2 0.115449145911E-02
 5578.1 0.115557739366E-02
 5579.0 0.115609843900E-02
 5579.9 0.115508934163E-02
 5580.8 0.115275865692E-02
 5581.7 0.114689007581E-02
 5582.6 0.113969749512E-02
 5583.5 0.113149335603E-02
 5584.4 0.112185744241E-02
 5585.3 0.111240945792E-02
 5586.2 0.110314745990E-02
 5587.1 0.109549763467E-02
 5588.0 0.109059308361E-02
 5588.9 0.108853318313E-02
 5589.8 0.109648174482E-02
 5590.7 0.110597312338E-02
 5591.6 0.111697368045E-02
 5592.5 0.112602884749E-02
 5593.4 0.113373590580E-02
 5594.3 0.113961052479E-02
 5595.2 0.114075660621E-02
 5596.1 0.113988463458E-02
 5597.0 0.113652373545E-02
 5597.9 0.113012751598E-02
 5598.8 0.112337382327E-02
 5599.7 0.111747678485E-02
 5600.6 0.111570365979E-02
 5601.5 0.111634325336E-02
 5602.4 0.112061221460E-02
 5603.3 0.112922411185E-02
 5604.2 0.113983921616E-02
 5605.1 0.115146835378E-02
 5606.0 0.116166404385E-02
 5606.9 0.117061946538E-02
 5607.8 0.117633682539E-02
 5608.7 0.117817725479E-02
 5609.6 0.117719409421E-02
 5610.5 0.117262052890E-02
 5611.4 0.116643621581E-02
 5612.3 0.115892191768E-02
 5613.2 0.114993848946E-02
 5614.1 0.114066136765E-02
 5615.0 0.113109700708E-02
 5615.9 0.112553209452E-02
 5616.8 0.112407457296E-02
 5617.7 0.112744994354E-02
 5618.6 0.113352041681E-02
 5619.5 0.113967713731E-02
 5620.4 0.114565622405E-02
 5621.3 0.114970091404E-02
 5622.2 0.115165116483E-02
 5623.1 0.115024485692E-02
 5624.0 0.114792411094E-02
 5624.9 0.114574428309E-02
 5625.8 0.114433655886E-02
 5626.7 0.114539805927E-02
 5627.6 0.114873642149E-02
 5628.5 0.115676160104E-02
 5629.4 0.116423933877E-02
 5630.3 0.117037258152E-02
 5631.2 0.117192902270E-02
 5632.1 0.117121332030E-02
 5633.0 0.116891447462E-02
 5633.9 0.116384280168E-02
 5634.8 0.115824664608E-02
 5635.7 0.115242487710E-02
 5636.6 0.114747051855E-02
 5637.5 0.114414221088E-02
 5638.4 0.114227263770E-02
 5639.3 0.114538137883E-02
 5640.2 0.114952287956E-02
 5641.1 0.115461769680E-02
 5642.0 0.116001362046E-02
 5642.9 0.116447452862E-02
 5643.8 0.116787443802E-02
 5644.7 0.116721551045E-02
 5645.6 0.116641440080E-02
 5646.5 0.116575493139E-02
 5647.4 0.116631879937E-02
 5648.3 0.116632747503E-02
 5649.2 0.116512193353E-02
 5650.1 0.115493540478E-02
 5651.0 0.114305233552E-02
 5651.9 0.113116926626E-02
 5652.8 0.112147811292E-02
 5653.7 0.111402763629E-02
 5654.6 0.111118895070E-02
 5655.5 0.110835026510E-02
 5656.4 0.110551157950E-02
 5657.3 0.110267289390E-02
 5658.2 0.110461624421E-02
 5659.1 0.110909719155E-02
 5660.0 0.111547219512E-02
 5660.9 0.112184719868E-02
 5661.8 0.112820215759E-02
 5662.7 0.113439675918E-02
 5663.6 0.113996405745E-02
 5664.5 0.114504792965E-02
 5665.4 0.114951401199E-02
 5666.3 0.115358679731E-02
 5667.2 0.115730759021E-02
 5668.1 0.115998132914E-02
 5669.0 0.116221641783E-02
 5669.9 0.116398260451E-02
 5670.8 0.116510714962E-02
 5671.7 0.116600961069E-02
 5672.6 0.116665749361E-02
 5673.5 0.116775208270E-02
 5674.4 0.116851849550E-02
 5675.3 0.116867730613E-02
 5676.2 0.116759859204E-02
 5677.1 0.116517559829E-02
 5678.0 0.116044750625E-02
 5678.9 0.115337628951E-02
 5679.8 0.114553150740E-02
 5680.7 0.113715933918E-02
 5681.6 0.112891398916E-02
 5682.5 0.112117661041E-02
 5683.4 0.111502059984E-02
 5684.3 0.110989615076E-02
 5685.2 0.110553656219E-02
 5686.1 0.110270290322E-02
 5687.0 0.110206587302E-02
 5687.9 0.110304595140E-02
 5688.8 0.110709097985E-02
 5689.7 0.111188350500E-02
 5690.6 0.111720425858E-02
 5691.5 0.112289672038E-02
 5692.4 0.112794066240E-02
 5693.3 0.113242804450E-02
 5694.2 0.113592902494E-02
 5695.1 0.113876559958E-02
 5696.0 0.114093183625E-02
 5696.9 0.114071179102E-02
 5697.8 0.113900298832E-02
 5698.7 0.113553436509E-02
 5699.6 0.113088988298E-02
 5700.5 0.112586489516E-02
 5701.4 0.112041234957E-02
 5702.3 0.111508101149E-02
 5703.2 0.110989590135E-02
 5704.1 0.110495462583E-02
 5705.0 0.110057416389E-02
 5705.9 0.109666930378E-02
 5706.8 0.109361140409E-02
 5707.7 0.109193109074E-02
 5708.6 0.109104432708E-02
 5709.5 0.109133662456E-02
 5710.4 0.109284718984E-02
 5711.3 0.109541608173E-02
 5712.2 0.110042583003E-02
 5713.1 0.110675041444E-02
 5714.0 0.111383387559E-02
 5714.9 0.112152035706E-02
 5715.8 0.112910756009E-02
 5716.7 0.113648740678E-02
 5717.6 0.114238038378E-02
 5718.5 0.114783942517E-02
 5719.4 0.115292805365E-02
 5720.3 0.115714944308E-02
 5721.2 0.116077197981E-02
 5722.1 0.116382424249E-02
 5723.0 0.116569417358E-02
 5723.9 0.116703563145E-02
 5724.8 0.116777814847E-02
 5725.7 0.116743295591E-02
 5726.6 0.116599658021E-02
 5727.5 0.116309778481E-02
 5728.4 0.115982274188E-02
 5729.3 0.115659667384E-02
 5730.2 0.115354590812E-02
 5731.1 0.115231420493E-02
 5732.0 0.115219528107E-02
 5732.9 0.115376085661E-02
 5733.8 0.115575068463E-02
 5734.7 0.115785852203E-02
 5735.6 0.115996605130E-02
 5736.5 0.116093947824E-02
 5737.4 0.116135881292E-02
 5738.3 0.116124869679E-02
 5739.2 0.116076023667E-02
 5740.1 0.115999625963E-02
 5741.0 0.115869863709E-02
 5741.9 0.115700248098E-02
 5742.8 0.115503528809E-02
 5743.7 0.115275692522E-02
 5744.6 0.115035560024E-02
 5745.5 0.114785644343E-02
 5746.4 0.114521255132E-02
 5747.3 0.114260822992E-02
 5748.2 0.114003977499E-02
 5749.1 0.113774364598E-02
 5750.0 0.113572585797E-02
 5750.9 0.113401502544E-02
 5751.8 0.113318443318E-02
 5752.7 0.113261548858E-02
 5753.6 0.113233852137E-02
 5754.5 0.113246229811E-02
 5755.4 0.113273636383E-02
 5756.3 0.113318703453E-02
 5757.2 0.113391793460E-02
 5758.1 0.113482275858E-02
 5759.0 0.113598758451E-02
 5759.9 0.113755464335E-02
 5760.8 0.113947055031E-02
 5761.7 0.114204833485E-02
 5762.6 0.114464584905E-02
 5763.5 0.114718463993E-02
 5764.4 0.114949135708E-02
 5765.3 0.115102813172E-02
 5766.2 0.115205247753E-02
 5767.1 0.115222226216E-02
 5768.0 0.115198188819E-02
 5768.9 0.115145240565E-02
 5769.8 0.115046064324E-02
 5770.7 0.114958282968E-02
 5771.6 0.114872773271E-02
 5772.5 0.114709222713E-02
 5773.4 0.114483314823E-02
 5774.3 0.114199740843E-02
 5775.2 0.113613407893E-02
 5776.1 0.112899787995E-02
 5777.0 0.112053685764E-02
 5777.9 0.111229824078E-02
 5778.8 0.110471141402E-02
 5779.7 0.109794740590E-02
 5780.6 0.109655282278E-02
 5781.5 0.109663348749E-02
 5782.4 0.109823885974E-02
 5783.3 0.110142609058E-02
 5784.2 0.110524305288E-02
 5785.1 0.110980273885E-02
 5786.0 0.111488289897E-02
 5786.9 0.112031518419E-02
 5787.8 0.112632521565E-02
 5788.7 0.113280703878E-02
 5789.6 0.113988145862E-02
 5790.5 0.114840444339E-02
 5791.4 0.115677916938E-02
 5792.3 0.116480916832E-02
 5793.2 0.117157477411E-02
 5794.1 0.117585137655E-02
 5795.0 0.117806087612E-02
 5795.9 0.117520274614E-02
 5796.8 0.117098791772E-02
 5797.7 0.116578209189E-02
 5798.6 0.115931447081E-02
 5799.5 0.115267341894E-02
 5800.4 0.114590341722E-02
 5801.3 0.113945011380E-02
 5802.2 0.113349378975E-02
 5803.1 0.112802568774E-02
 5804.0 0.112482826381E-02
 5804.9 0.112377290137E-02
 5805.8 0.112524156059E-02
 5806.7 0.112797857695E-02
 5807.6 0.113104601825E-02
 5808.5 0.113445779528E-02
 5809.4 0.113648496983E-02
 5810.3 0.113792043893E-02
 5811.2 0.113862237175E-02
 5812.1 0.113926270819E-02
 5813.0 0.113997246426E-02
 5813.9 0.114087456932E-02
 5814.8 0.114277886691E-02
 5815.7 0.114501794226E-02
 5816.6 0.114738645650E-02
 5817.5 0.114971083976E-02
 5818.4 0.115194608141E-02
 5819.3 0.115388821524E-02
 5820.2 0.115545675660E-02
 5821.1 0.115674609217E-02
 5822.0 0.115747082645E-02
 5822.9 0.115767995246E-02
 5823.8 0.115733717637E-02
 5824.7 0.115474764855E-02
 5825.6 0.115191053111E-02
 5826.5 0.114889591663E-02
 5827.4 0.114608084531E-02
 5828.3 0.114420990243E-02
 5829.2 0.114321435056E-02
 5830.1 0.114447094100E-02
 5831.0 0.114594603964E-02
 5831.9 0.114765255233E-02
 5832.8 0.114928409387E-02
 5833.7 0.115014877543E-02
 5834.6 0.114994628920E-02
 5835.5 0.114914823796E-02
 5836.4 0.114817385910E-02
 5837.3 0.114701975780E-02
 5838.2 0.114601123068E-02
 5839.1 0.114519194910E-02
 5840.0 0.114472480910E-02
 5840.9 0.114410903407E-02
 5841.8 0.114335623479E-02
 5842.7 0.114233138541E-02
 5843.6 0.114043733994E-02
 5844.5 0.113810455496E-02
 5845.4 0.113528991594E-02
 5846.3 0.113234303797E-02
 5847.2 0.112935197788E-02
 5848.1 0.112644506072E-02
 5849.0 0.112382751250E-02
 5849.9 0.112140924277E-02
 5850.8 0.111926077765E-02
 5851.7 0.111733498853E-02
 5852.6 0.111559132854E-02
 5853.5 0.111422802875E-02
 5854.4 0.111315042435E-02
 5855.3 0.111232810723E-02
 5856.2 0.111218240346E-02
 5857.1 0.111250715647E-02
 5858.0 0.111333705428E-02
 5858.9 0.111617410076E-02
 5859.8 0.111920090997E-02
 5860.7 0.112235815591E-02
 5861.6 0.112517460038E-02
 5862.5 0.112703176332E-02
 5863.4 0.112738177509E-02
 5864.3 0.112600892247E-02
 5865.2 0.112426644778E-02
 5866.1 0.112236862627E-02
 5867.0 0.112082807215E-02
 5867.9 0.112028668004E-02
 5868.8 0.112211570324E-02
 5869.7 0.112435298799E-02
 5870.6 0.112673178242E-02
 5871.5 0.112913456360E-02
 5872.4 0.113098196258E-02
 5873.3 0.113238075607E-02
 5874.2 0.113278469709E-02
 5875.1 0.113252217327E-02
 5876.0 0.113175035169E-02
 5876.9 0.112992013284E-02
 5877.8 0.112700701660E-02
 5878.7 0.112326521432E-02
 5879.6 0.111821673682E-02
 5880.5 0.111244820850E-02
 5881.4 0.110604616931E-02
 5882.3 0.109792516923E-02
 5883.2 0.108888265040E-02
 5884.1 0.107890624341E-02
 5885.0 0.106867763270E-02
 5885.9 0.105864582353E-02
 5886.8 0.104886824822E-02
 5887.7 0.104029180288E-02
 5888.6 0.103255498426E-02
 5889.5 0.102594682325E-02
 5890.4 0.102148333466E-02
 5891.3 0.101863240370E-02
 5892.2 0.101824672117E-02
 5893.1 0.102219523622E-02
 5894.0 0.102793758420E-02
 5894.9 0.103568553914E-02
 5895.8 0.104514557677E-02
 5896.7 0.105592637667E-02
 5897.6 0.106922418464E-02
 5898.5 0.108320302614E-02
 5899.4 0.109714959344E-02
 5900.3 0.110980444252E-02
 5901.2 0.111946296511E-02
 5902.1 0.112610145433E-02
 5903.0 0.112339754557E-02
 5903.9 0.111898911027E-02
 5904.8 0.111342623269E-02
 5905.7 0.110703352715E-02
 5906.6 0.110278354087E-02
 5907.5 0.110032726392E-02
 5908.4 0.110116211529E-02
 5909.3 0.110248454276E-02
 5910.2 0.110427334736E-02
 5911.1 0.110647312962E-02
 5912.0 0.110813023668E-02
 5912.9 0.110914321932E-02
 5913.8 0.111033236522E-02
 5914.7 0.111167985348E-02
 5915.6 0.111323838343E-02
 5916.5 0.111598001897E-02
 5917.4 0.111928855912E-02
 5918.3 0.112333422045E-02
 5919.2 0.112709835796E-02
 5920.1 0.113050640196E-02
 5921.0 0.113323768249E-02
 5921.9 0.113322371139E-02
 5922.8 0.113207818314E-02
 5923.7 0.112987737025E-02
 5924.6 0.112703295915E-02
 5925.5 0.112383683283E-02
 5926.4 0.112019837402E-02
 5927.3 0.111644881474E-02
 5928.2 0.111271436953E-02
 5929.1 0.110935354738E-02
 5930.0 0.110657749297E-02
 5930.9 0.110449719909E-02
 5931.8 0.110548238574E-02
 5932.7 0.110723562120E-02
 5933.6 0.110956265934E-02
 5934.5 0.111207488494E-02
 5935.4 0.111394431486E-02
 5936.3 0.111523346199E-02
 5937.2 0.111388399595E-02
 5938.1 0.111234060202E-02
 5939.0 0.111058238871E-02
 5939.9 0.110889854940E-02
 5940.8 0.110797572377E-02
 5941.7 0.110808409746E-02
 5942.6 0.110901751997E-02
 5943.5 0.111008192368E-02
 5944.4 0.111120879780E-02
 5945.3 0.111193234202E-02
 5946.2 0.111210048174E-02
 5947.1 0.111124882118E-02
 5948.0 0.111023166295E-02
 5948.9 0.110919014422E-02
 5949.8 0.110819775084E-02
 5950.7 0.110809069730E-02
 5951.6 0.110844581771E-02
 5952.5 0.110936566242E-02
 5953.4 0.111015529413E-02
 5954.3 0.111076123370E-02
 5955.2 0.111074169413E-02
 5956.1 0.110881142299E-02
 5957.0 0.110580180480E-02
 5957.9 0.110267944002E-02
 5958.8 0.109992990314E-02
 5959.7 0.109763316875E-02
 5960.6 0.109811467806E-02
 5961.5 0.110013335406E-02
 5962.4 0.110347092899E-02
 5963.3 0.110745401037E-02
 5964.2 0.111140392642E-02
 5965.1 0.111531916962E-02
 5966.0 0.111737300615E-02
 5966.9 0.111893196960E-02
 5967.8 0.111994637474E-02
 5968.7 0.112000858504E-02
 5969.6 0.111926161370E-02
 5970.5 0.111737644763E-02
 5971.4 0.111384863861E-02
 5972.3 0.110997139796E-02
 5973.2 0.110592685746E-02
 5974.1 0.110223752980E-02
 5975.0 0.109953444030E-02
 5975.9 0.109910275043E-02
 5976.8 0.109952837340E-02
 5977.7 0.110029131891E-02
 5978.6 0.110126764066E-02
 5979.5 0.110171601736E-02
 5980.4 0.110165494078E-02
 5981.3 0.110028576284E-02
 5982.2 0.109878602157E-02
 5983.1 0.109722991170E-02
 5984.0 0.109575263448E-02
 5984.9 0.109495034817E-02
 5985.8 0.109463152941E-02
 5986.7 0.109481634831E-02
 5987.6 0.109506284932E-02
 5988.5 0.109535309735E-02
 5989.4 0.109544766460E-02
 5990.3 0.109521187144E-02
 5991.2 0.109465009351E-02
 5992.1 0.109395900649E-02
 5993.0 0.109324342369E-02
 5993.9 0.109250172892E-02
 5994.8 0.109192546243E-02
 5995.7 0.109141381539E-02
 5996.6 0.109097910346E-02
 5997.5 0.109057052659E-02
 5998.4 0.109017509521E-02
 5999.3 0.108979717834E-02
 6000.2 0.108952928452E-02
 6001.1 0.108924489610E-02
 6002.0 0.108886686005E-02
 6002.9 0.108830007804E-02
 6003.8 0.108749754623E-02
 6004.7 0.108614725862E-02
 6005.6 0.108437002278E-02
 6006.5 0.108241626509E-02
 6007.4 0.108041222009E-02
 6008.3 0.107851409981E-02
 6009.2 0.107678327359E-02
 6010.1 0.107572977735E-02
 6011.0 0.107491540920E-02
 6011.9 0.107428450809E-02
 6012.8 0.107400745754E-02
 6013.7 0.107411546752E-02
 6014.6 0.107454183234E-02
 6015.5 0.107555436473E-02
 6016.4 0.107655132147E-02
 6017.3 0.107753377215E-02
 6018.2 0.107819112783E-02
 6019.1 0.107772008362E-02
 6020.0 0.107596235191E-02
 6020.9 0.107397628997E-02
 6021.8 0.107226784302E-02
 6022.7 0.107096993271E-02
 6023.6 0.107196889248E-02
 6024.5 0.107462326256E-02
 6025.4 0.107966944278E-02
 6026.3 0.108527563226E-02
 6027.2 0.109091226013E-02
 6028.1 0.109637989555E-02
 6029.0 0.109940509934E-02
 6029.9 0.110134069873E-02
 6030.8 0.110206188384E-02
 6031.7 0.110220369944E-02
 6032.6 0.110206143761E-02
 6033.5 0.110163154183E-02
 6034.4 0.110128483349E-02
 6035.3 0.110096014875E-02
 6036.2 0.110055077054E-02
 6037.1 0.110014309356E-02
 6038.0 0.109976628460E-02
 6038.9 0.109963406766E-02
 6039.8 0.109962223886E-02
 6040.7 0.109970268342E-02
 6041.6 0.109988557017E-02
 6042.5 0.110016087056E-02
 6043.4 0.110052101481E-02
 6044.3 0.110142055863E-02
 6045.2 0.110218478985E-02
 6046.1 0.110280308348E-02
 6047.0 0.110285176373E-02
 6047.9 0.110200903539E-02
 6048.8 0.110001979189E-02
 6049.7 0.109667939662E-02
 6050.6 0.109316714805E-02
 6051.5 0.108960719164E-02
 6052.4 0.108655041875E-02
 6053.3 0.108452056918E-02
 6054.2 0.108441941586E-02
 6055.1 0.108496456879E-02
 6056.0 0.108580507116E-02
 6056.9 0.108700116800E-02
 6057.8 0.108821406991E-02
 6058.7 0.108938033937E-02
 6059.6 0.109036737688E-02
 6060.5 0.109120214192E-02
 6061.4 0.109190645056E-02
 6062.3 0.109230221646E-02
 6063.2 0.109151689539E-02
 6064.1 0.109007498739E-02
 6065.0 0.108850864746E-02
 6065.9 0.108725786919E-02
 6066.8 0.108639234052E-02
 6067.7 0.108774816889E-02
 6068.6 0.109084149835E-02
 6069.5 0.109537296968E-02
 6070.4 0.109977865895E-02
 6071.3 0.110355652417E-02
 6072.2 0.110669530390E-02
 6073.1 0.110409114940E-02
 6074.0 0.110015678463E-02
 6074.9 0.109478167770E-02
 6075.8 0.108870598529E-02
 6076.7 0.108292227162E-02
 6077.6 0.107768428033E-02
 6078.5 0.107475846302E-02
 6079.4 0.107246562679E-02
 6080.3 0.107071227557E-02
 6081.2 0.106951452794E-02
 6082.1 0.106859195007E-02
 6083.0 0.106803571674E-02
 6083.9 0.106778773018E-02
 6084.8 0.106770350505E-02
 6085.7 0.106783893146E-02
 6086.6 0.106809128193E-02
 6087.5 0.106839672073E-02
 6088.4 0.106872944900E-02
 6089.3 0.106901272642E-02
 6090.2 0.106924441940E-02
 6091.1 0.106931035946E-02
 6092.0 0.106901086165E-02
 6092.9 0.106843889812E-02
 6093.8 0.106743486182E-02
 6094.7 0.106633290633E-02
 6095.6 0.106515235220E-02
 6096.5 0.106391732086E-02
 6097.4 0.106274873135E-02
 6098.3 0.106164397809E-02
 6099.2 0.106065295558E-02
 6100.1 0.105974780796E-02
 6101.0 0.105894180293E-02
 6101.9 0.105841062418E-02
 6102.8 0.105803769224E-02
 6103.7 0.105786607508E-02
 6104.6 0.105797980183E-02
 6105.5 0.105825624396E-02
 6106.4 0.105875747086E-02
 6107.3 0.106006627007E-02
 6108.2 0.106157780464E-02
 6109.1 0.106317713409E-02
 6110.0 0.106462161699E-02
 6110.9 0.106583070386E-02
 6111.8 0.106647802204E-02
 6112.7 0.106636526978E-02
 6113.6 0.106583896634E-02
 6114.5 0.106480001950E-02
 6115.4 0.106333710123E-02
 6116.3 0.106147426364E-02
 6117.2 0.105850669616E-02
 6118.1 0.105530806128E-02
 6119.0 0.105199116820E-02
 6119.9 0.104884673407E-02
 6120.8 0.104629702394E-02
 6121.7 0.104427556636E-02
 6122.6 0.104395788186E-02
 6123.5 0.104396889700E-02
 6124.4 0.104427797027E-02
 6125.3 0.104498364490E-02
 6126.2 0.104587433350E-02
 6127.1 0.104697039184E-02
 6128.0 0.104797726042E-02
 6128.9 0.104874642288E-02
 6129.8 0.104919702815E-02
 6130.7 0.104842175503E-02
 6131.6 0.104645353709E-02
 6132.5 0.104270314345E-02
 6133.4 0.103861547975E-02
 6134.3 0.103456264300E-02
 6135.2 0.103071472169E-02
 6136.1 0.102843017810E-02
 6137.0 0.102702867841E-02
 6137.9 0.102692831548E-02
 6138.8 0.102770989942E-02
 6139.7 0.102908737468E-02
 6140.6 0.103151137674E-02
 6141.5 0.103590555157E-02
 6142.4 0.104116748577E-02
 6143.3 0.104638829813E-02
 6144.2 0.105089542556E-02
 6145.1 0.105446351710E-02
 6146.0 0.105390219991E-02
 6146.9 0.105086899148E-02
 6147.8 0.104606428718E-02
 6148.7 0.104047941283E-02
 6149.6 0.103508877259E-02
 6150.5 0.102993777301E-02
 6151.4 0.103022135780E-02
 6152.3 0.103088478490E-02
 6153.2 0.103194708966E-02
 6154.1 0.103285499820E-02
 6155.0 0.103273822520E-02
 6155.9 0.103130735497E-02
 6156.8 0.102717492970E-02
 6157.7 0.102250744151E-02
 6158.6 0.101740728010E-02
 6159.5 0.101219680405E-02
 6160.4 0.100724163139E-02
 6161.3 0.100283025835E-02
 6162.2 0.999138567580E-03
 6163.1 0.995956815402E-03
 6164.0 0.993634819816E-03
 6164.9 0.992918856017E-03
 6165.8 0.993358692964E-03
 6166.7 0.995922563881E-03
 6167.6 0.999341481628E-03
 6168.5 0.100325305935E-02
 6169.4 0.100778740151E-02
 6170.3 0.101232034647E-02
 6171.2 0.101684260498E-02
 6172.1 0.102129825940E-02
 6173.0 0.102561486017E-02
 6173.9 0.102979390734E-02
 6174.8 0.103342937254E-02
 6175.7 0.103648722925E-02
 6176.6 0.103905989220E-02
 6177.5 0.104096995315E-02
 6178.4 0.104253319952E-02
 6179.3 0.104375270046E-02
 6180.2 0.104418577589E-02
 6181.1 0.104427996273E-02
 6182.0 0.104398466796E-02
 6182.9 0.104314513235E-02
 6183.8 0.104201482927E-02
 6184.7 0.104051403676E-02
 6185.6 0.103806701647E-02
 6186.5 0.103550303422E-02
 6187.4 0.103297432483E-02
 6188.3 0.103086773122E-02
 6189.2 0.102945545962E-02
 6190.1 0.102946694855E-02
 6191.0 0.103081308518E-02
 6191.9 0.103266745603E-02
 6192.8 0.103487170288E-02
 6193.7 0.103707307668E-02
 6194.6 0.103897404149E-02
 6195.5 0.103964380383E-02
 6196.4 0.104011340735E-02
 6197.3 0.104045971721E-02
 6198.2 0.104065967971E-02
 6199.1 0.104071421285E-02
 6200.0 0.104067509928E-02
 6200.9 0.104059624016E-02
 6201.8 0.104080403850E-02
 6202.7 0.104126521537E-02
 6203.6 0.104252396484E-02
 6204.5 0.104586333244E-02
 6205.4 0.105114908472E-02
 6206.3 0.105676128036E-02
 6207.2 0.106179715312E-02
 6208.1 0.106616806274E-02
 6209.0 0.106631855852E-02
 6209.9 0.106359285163E-02
 6210.8 0.105718405822E-02
 6211.7 0.104946215891E-02
 6212.6 0.104153610956E-02
 6213.5 0.103353994776E-02
 6214.4 0.102870794623E-02
 6215.3 0.102511184972E-02
 6216.2 0.102288860300E-02
 6217.1 0.102157904742E-02
 6218.0 0.102082365286E-02
 6218.9 0.102093524963E-02
 6219.8 0.102197119676E-02
 6220.7 0.102335332866E-02
 6221.6 0.102478762105E-02
 6222.5 0.102585918084E-02
 6223.4 0.102631674260E-02
 6224.3 0.102440926612E-02
 6225.2 0.102147164491E-02
 6226.1 0.101790576332E-02
 6227.0 0.101407612710E-02
 6227.9 0.101053033033E-02
 6228.8 0.100729132151E-02
 6229.7 0.100576890588E-02
 6230.6 0.100466233058E-02
 6231.5 0.100392714690E-02
 6232.4 0.100395611262E-02
 6233.3 0.100466972930E-02
 6234.2 0.100612505115E-02
 6235.1 0.100841049954E-02
 6236.0 0.101066921000E-02
 6236.9 0.101283955533E-02
 6237.8 0.101425134217E-02
 6238.7 0.101423881548E-02
 6239.6 0.101201405923E-02
 6240.5 0.100932702699E-02
 6241.4 0.100660644411E-02
 6242.3 0.100398193353E-02
 6243.2 0.100298398712E-02
 6244.1 0.100298580332E-02
 6245.0 0.100455436904E-02
 6245.9 0.100644797542E-02
 6246.8 0.100843578149E-02
 6247.7 0.101037470267E-02
 6248.6 0.101115106464E-02
 6249.5 0.101132857676E-02
 6250.4 0.101103884820E-02
 6251.3 0.101049783027E-02
 6252.2 0.100975811599E-02
 6253.1 0.100857269494E-02
 6254.0 0.100713791741E-02
 6254.9 0.100555631225E-02
 6255.8 0.100425857851E-02
 6256.7 0.100333454919E-02
 6257.6 0.100276923938E-02
 6258.5 0.100452780379E-02
 6259.4 0.100680785872E-02
 6260.3 0.100962112305E-02
 6261.2 0.101280164719E-02
 6262.1 0.101584945923E-02
 6263.0 0.101871582536E-02
 6263.9 0.102065081969E-02
 6264.8 0.102242498297E-02
 6265.7 0.102407922315E-02
 6266.6 0.102564425501E-02
 6267.5 0.102736243343E-02
 6268.4 0.102940293908E-02
 6269.3 0.103146568408E-02
 6270.2 0.103341617821E-02
 6271.1 0.103507953731E-02
 6272.0 0.103607946379E-02
 6272.9 0.103646038779E-02
 6273.8 0.103552046403E-02
 6274.7 0.103426224275E-02
 6275.6 0.103285601208E-02
 6276.5 0.103136285962E-02
 6277.4 0.103038523460E-02
 6278.3 0.102975709359E-02
 6279.2 0.102967557151E-02
 6280.1 0.102972582203E-02
 6281.0 0.102987128853E-02
 6281.9 0.103013818159E-02
 6282.8 0.103045657894E-02
 6283.7 0.103081271950E-02
 6284.6 0.103109248786E-02
 6285.5 0.103127232123E-02
 6286.4 0.103135571077E-02
 6287.3 0.103103922517E-02
 6288.2 0.103050055265E-02
 6289.1 0.102970673503E-02
 6290.0 0.102852441273E-02
 6290.9 0.102713175410E-02
 6291.8 0.102547342337E-02
 6292.7 0.102310507025E-02
 6293.6 0.102051577827E-02
 6294.5 0.101769967898E-02
 6295.4 0.101471780613E-02
 6296.3 0.101162155211E-02
 6297.2 0.100834154756E-02
 6298.1 0.100498514078E-02
 6299.0 0.100174965641E-02
 6299.9 0.998934500742E-03
 6300.8 0.996805010365E-03
 6301.7 0.995543162900E-03
 6302.6 0.996692425269E-03
 6303.5 0.998597132746E-03
 6304.4 0.100089727297E-02
 6305.3 0.100339097772E-02
 6306.2 0.100534490666E-02
 6307.1 0.100679814727E-02
 6308.0 0.100665307935E-02
 6308.9 0.100613326515E-02
 6309.8 0.100530956486E-02
 6310.7 0.100397480518E-02
 6311.6 0.100211987403E-02
 6312.5 0.999791156143E-03
 6313.4 0.997255376337E-03
 6314.3 0.994939302437E-03
 6315.2 0.992869297616E-03
 6316.1 0.991910911711E-03
 6317.0 0.991908716764E-03
 6317.9 0.993134878346E-03
 6318.8 0.995552491896E-03
 6319.7 0.998598310931E-03
 6320.6 0.100247718071E-02
 6321.5 0.100918904651E-02
 6322.4 0.101686476999E-02
 6323.3 0.102548453481E-02
 6324.2 0.103312647199E-02
 6325.1 0.103959470964E-02
 6326.0 0.104355007546E-02
 6326.9 0.104066538124E-02
 6327.8 0.103485392004E-02
 6328.7 0.102704974094E-02
 6329.6 0.101848214668E-02
 6330.5 0.100988698667E-02
 6331.4 0.100287265187E-02
 6332.3 0.997316545859E-03
 6333.2 0.992704497457E-03
 6334.1 0.989050426981E-03
 6335.0 0.986074368332E-03
 6335.9 0.983689193726E-03
 6336.8 0.983042596220E-03
 6337.7 0.982909344989E-03
 6338.6 0.983225774879E-03
 6339.5 0.984225754772E-03
 6340.4 0.985369239628E-03
 6341.3 0.986664092734E-03
 6342.2 0.988025061074E-03
 6343.1 0.989438302205E-03
 6344.0 0.990915817788E-03
 6344.9 0.992389532683E-03
 6345.8 0.993802775216E-03
 6346.7 0.995119793927E-03
 6347.6 0.996241764164E-03
 6348.5 0.997224450492E-03
 6349.4 0.997992659960E-03
 6350.3 0.998282208701E-03
 6351.2 0.998244963889E-03
 6352.1 0.997666275915E-03
 6353.0 0.996863326524E-03
 6353.9 0.995952171018E-03
 6354.8 0.994920957489E-03
 6355.7 0.993987741304E-03
 6356.6 0.993111460113E-03
 6357.5 0.992308243040E-03
 6358.4 0.991563563111E-03
 6359.3 0.990854339147E-03
 6360.2 0.990175850412E-03
 6361.1 0.989454685734E-03
 6362.0 0.988740849233E-03
 6362.9 0.988446587672E-03
 6363.8 0.988532842189E-03
 6364.7 0.988980405098E-03
 6365.6 0.991353749920E-03
 6366.5 0.994291675117E-03
 6367.4 0.997791677006E-03
 6368.3 0.100140210036E-02
 6369.2 0.100474476540E-02
 6370.1 0.100775678859E-02
 6371.0 0.100893928988E-02
 6371.9 0.100969437729E-02
 6372.8 0.101003070104E-02
 6373.7 0.100988439207E-02
 6374.6 0.100952852563E-02
 6375.5 0.100891093351E-02
 6376.4 0.100807717363E-02
 6377.3 0.100715802010E-02
 6378.2 0.100614722466E-02
 6379.1 0.100514656870E-02
 6380.0 0.100422146141E-02
 6380.9 0.100351922267E-02
 6381.8 0.100296078008E-02
 6382.7 0.100250815263E-02
 6383.6 0.100226223069E-02
 6384.5 0.100252104437E-02
 6385.4 0.100312031786E-02
 6386.3 0.100426112775E-02
 6387.2 0.100525916787E-02
 6388.1 0.100611179864E-02
 6389.0 0.100640259973E-02
 6389.9 0.100543664145E-02
 6390.8 0.100347358819E-02
 6391.7 0.100066983994E-02
 6392.6 0.997609132749E-03
 6393.5 0.994306972757E-03
 6394.4 0.990602503540E-03
 6395.3 0.986821838204E-03
 6396.2 0.982957996284E-03
 6397.1 0.979716522043E-03
 6398.0 0.977002748308E-03
 6398.9 0.974980471996E-03
 6399.8 0.976628722445E-03
 6400.7 0.979296480109E-03
 6401.6 0.982942367641E-03
 6402.5 0.986597985238E-03
 6403.4 0.989672584140E-03
 6404.3 0.991456435633E-03
 6405.2 0.990213377620E-03
 6406.1 0.987919720464E-03
 6407.0 0.984987671155E-03
 6407.9 0.981887617567E-03
 6408.8 0.979011809388E-03
 6409.7 0.977215329901E-03
 6410.6 0.976068591121E-03
 6411.5 0.975307606132E-03
 6412.4 0.974998508936E-03
 6413.3 0.975050765639E-03
 6414.2 0.975392698863E-03
 6415.1 0.976400184073E-03
 6416.0 0.977552707223E-03
 6416.9 0.978812343135E-03
 6417.8 0.980115557272E-03
 6418.7 0.981079181966E-03
 6419.6 0.981739742530E-03
 6420.5 0.981970497546E-03
 6421.4 0.982228999349E-03
 6422.3 0.982517694291E-03
 6423.2 0.983106860432E-03
 6424.1 0.984322296665E-03
 6425.0 0.986355795963E-03
 6425.9 0.988387097551E-03
 6426.8 0.990271148581E-03
 6427.7 0.991911913630E-03
 6428.6 0.992198683736E-03
 6429.5 0.991743747099E-03
 6430.4 0.990242934943E-03
 6431.3 0.988432593980E-03
 6432.2 0.986544207864E-03
 6433.1 0.984654069081E-03
 6434.0 0.983623996011E-03
 6434.9 0.982973671455E-03
 6435.8 0.982641056401E-03
 6436.7 0.982551321032E-03
 6437.6 0.982629831393E-03
 6438.5 0.983011385794E-03
 6439.4 0.983611979998E-03
 6440.3 0.984356385293E-03
 6441.2 0.985275895859E-03
 6442.1 0.986268216208E-03
 6443.0 0.987328916563E-03
 6443.9 0.988641176039E-03
 6444.8 0.989896426676E-03
 6445.7 0.991097262960E-03
 6446.6 0.991949413980E-03
 6447.5 0.992368083607E-03
 6448.4 0.992341556128E-03
 6449.3 0.991032034165E-03
 6450.2 0.989529871076E-03
 6451.1 0.987838608191E-03
 6452.0 0.986099095459E-03
 6452.9 0.984816871538E-03
 6453.8 0.984253391901E-03
 6454.7 0.984016701420E-03
 6455.6 0.983731208366E-03
 6456.5 0.983252448160E-03
 6457.4 0.981870518048E-03
 6458.3 0.979537370320E-03
 6459.2 0.975369274500E-03
 6460.1 0.971240385061E-03
 6461.0 0.967326449803E-03
 6461.9 0.964062606901E-03
 6462.8 0.963382840072E-03
 6463.7 0.964231409980E-03
 6464.6 0.967189816860E-03
 6465.5 0.970666390036E-03
 6466.4 0.974395881131E-03
 6467.3 0.978044404503E-03
 6468.2 0.980393362710E-03
 6469.1 0.981882533492E-03
 6470.0 0.983058173397E-03
 6470.9 0.984150419984E-03
 6471.8 0.985200939800E-03
 6472.7 0.986950145272E-03
 6473.6 0.988945979519E-03
 6474.5 0.991180887174E-03
 6475.4 0.992914553062E-03
 6476.3 0.994215610961E-03
 6477.2 0.995012754076E-03
 6478.1 0.992774475982E-03
 6479.0 0.989988388908E-03
 6479.9 0.986728524481E-03
 6480.8 0.983298472906E-03
 6481.7 0.980327349519E-03
 6482.6 0.978234347575E-03
 6483.5 0.977583074647E-03
 6484.4 0.977231024096E-03
 6485.3 0.976882648352E-03
 6486.2 0.976154417436E-03
 6487.1 0.974684418156E-03
 6488.0 0.971337020707E-03
 6488.9 0.967326467075E-03
 6489.8 0.963002397917E-03
 6490.7 0.958423812856E-03
 6491.6 0.953748834841E-03
 6492.5 0.949048869564E-03
 6493.4 0.944469642384E-03
 6494.3 0.940654861890E-03
 6495.2 0.937488097284E-03
 6496.1 0.936036822705E-03
 6497.0 0.937636439495E-03
 6497.9 0.941635528743E-03
 6498.8 0.948206448539E-03
 6499.7 0.955206406690E-03
 6500.6 0.962598889293E-03
 6501.5 0.969218906953E-03
 6502.4 0.974532628361E-03
 6503.3 0.978382747712E-03
 6504.2 0.981236527293E-03
 6505.1 0.983599317255E-03
 6506.0 0.985363297191E-03
 6506.9 0.985824958061E-03
 6507.8 0.985767874331E-03
 6508.7 0.985086239062E-03
 6509.6 0.984046586192E-03
 6510.5 0.982949433165E-03
 6511.4 0.981871621225E-03
 6512.3 0.981528470288E-03
 6513.2 0.981418312613E-03
 6514.1 0.981419013451E-03
 6515.0 0.981483507787E-03
 6515.9 0.981600042640E-03
 6516.8 0.981824864177E-03
 6517.7 0.982041011370E-03
 6518.6 0.982209473589E-03
 6519.5 0.982155446414E-03
 6520.4 0.981812386003E-03
 6521.3 0.981129396066E-03
 6522.2 0.979065060980E-03
 6523.1 0.976858948749E-03
 6524.0 0.974559869407E-03
 6524.9 0.972358219283E-03
 6525.8 0.970698332584E-03
 6526.7 0.969519047187E-03
 6527.6 0.969484983914E-03
 6528.5 0.969590635692E-03
 6529.4 0.969844315087E-03
 6530.3 0.970148511820E-03
 6531.2 0.970009003575E-03
 6532.1 0.969289144380E-03
 6533.0 0.968504308672E-03
 6533.9 0.967807430748E-03
 6534.8 0.967262528430E-03
 6535.7 0.967696022662E-03
 6536.6 0.968799995056E-03
 6537.5 0.970925580962E-03
 6538.4 0.972857065024E-03
 6539.3 0.974494830200E-03
 6540.2 0.975500431344E-03
 6541.1 0.973906679406E-03
 6542.0 0.971089238142E-03
 6542.9 0.966990509663E-03
 6543.8 0.962439434166E-03
 6544.7 0.957793059422E-03
 6545.6 0.953580384606E-03
 6546.5 0.950589258997E-03
 6547.4 0.948191028310E-03
 6548.3 0.945415492177E-03
 6549.2 0.942021209554E-03
 6550.1 0.938029122871E-03
 6551.0 0.931759473224E-03
 6551.9 0.924298522910E-03
 6552.8 0.915821178552E-03
 6553.7 0.905587529582E-03
 6554.6 0.894178688645E-03
 6555.5 0.881594655743E-03
 6556.4 0.864753304190E-03
 6557.3 0.847857913571E-03
 6558.2 0.831033254996E-03
 6559.1 0.815876104899E-03
 6560.0 0.802944614445E-03
 6560.9 0.793173078243E-03
 6561.8 0.788182981984E-03
 6562.7 0.785467819924E-03
 6563.6 0.785719925371E-03
 6564.5 0.790090893046E-03
 6565.4 0.798012707250E-03
 6566.3 0.812259036263E-03
 6567.2 0.828797035797E-03
 6568.1 0.846271903162E-03
 6569.0 0.864526739395E-03
 6569.9 0.880706475417E-03
 6570.8 0.895322992201E-03
 6571.7 0.906802766385E-03
 6572.6 0.917002179005E-03
 6573.5 0.926289090127E-03
 6574.4 0.933914293586E-03
 6575.3 0.939848225432E-03
 6576.2 0.944582911645E-03
 6577.1 0.947842059205E-03
 6578.0 0.950439647398E-03
 6578.9 0.952512812442E-03
 6579.8 0.954196429198E-03
 6580.7 0.955885842842E-03
 6581.6 0.957580727850E-03
 6582.5 0.958716241875E-03
 6583.4 0.959567808876E-03
 6584.3 0.960097767423E-03
 6585.2 0.959620994336E-03
 6586.1 0.958857978129E-03
 6587.0 0.957782059477E-03
 6587.9 0.956516144000E-03
 6588.8 0.955255474662E-03
 6589.7 0.954047053269E-03
 6590.6 0.953148629894E-03
 6591.5 0.952415348314E-03
 6592.4 0.951913843404E-03
 6593.3 0.951770959107E-03
 6594.2 0.952006638352E-03
 6595.1 0.953043917245E-03
 6596.0 0.954547738859E-03
 6596.9 0.956269348275E-03
 6597.8 0.958174491919E-03
 6598.7 0.960038921913E-03
 6599.6 0.961809713739E-03
 6600.5 0.963178537940E-03
 6601.4 0.964422389306E-03
 6602.3 0.965569259001E-03
 6603.2 0.966513318105E-03
 6604.1 0.967153714831E-03
 6605.0 0.967557256099E-03
 6605.9 0.967666212202E-03
 6606.8 0.967789357016E-03
 6607.7 0.967926068311E-03
 6608.6 0.968340190899E-03
 6609.5 0.969289407911E-03
 6610.4 0.970823495570E-03
 6611.3 0.972457080939E-03
 6612.2 0.974034961176E-03
 6613.1 0.975531279240E-03
 6614.0 0.976310313235E-03
 6614.9 0.976709115522E-03
 6615.8 0.976606580233E-03
 6616.7 0.976240541126E-03
 6617.6 0.975768898563E-03
 6618.5 0.975174192676E-03
 6619.4 0.974953429814E-03
 6620.3 0.974777216870E-03
 6621.2 0.974469177873E-03
 6622.1 0.973904932156E-03
 6623.0 0.973106517067E-03
 6623.9 0.971790970144E-03
 6624.8 0.969926646315E-03
 6625.7 0.967737538404E-03
 6626.6 0.965132593916E-03
 6627.5 0.962237010899E-03
 6628.4 0.959000582535E-03
 6629.3 0.954434846066E-03
 6630.2 0.949893824930E-03
 6631.1 0.945432496839E-03
 6632.0 0.941820403158E-03
 6632.9 0.939649272143E-03
 6633.8 0.938759688833E-03
 6634.7 0.941761465059E-03
 6635.6 0.945224764064E-03
 6636.5 0.949164171218E-03
 6637.4 0.953171068742E-03
 6638.3 0.955968536464E-03
 6639.2 0.957230704947E-03
 6640.1 0.957293276113E-03
 6641.0 0.957130262693E-03
 6641.9 0.956787468015E-03
 6642.8 0.956808489234E-03
 6643.7 0.957379132997E-03
 6644.6 0.958910695361E-03
 6645.5 0.960482053149E-03
 6646.4 0.961989437688E-03
 6647.3 0.963315890383E-03
 6648.2 0.963777945171E-03
 6649.1 0.963762877921E-03
 6650.0 0.963078646179E-03
 6650.9 0.962074474066E-03
 6651.8 0.960883194166E-03
 6652.7 0.959441149207E-03
 6653.6 0.957943741875E-03
 6654.5 0.956397620572E-03
 6655.4 0.954721490246E-03
 6656.3 0.952987979895E-03
 6657.2 0.951189408028E-03
 6658.1 0.949080589142E-03
 6659.0 0.946929838909E-03
 6659.9 0.944761372543E-03
 6660.8 0.943059288915E-03
 6661.7 0.941768453495E-03
 6662.6 0.940878043960E-03
 6663.5 0.942691722392E-03
 6664.4 0.944819863222E-03
 6665.3 0.947261606219E-03
 6666.2 0.949740597421E-03
 6667.1 0.951750391270E-03
 6668.0 0.953065150709E-03
 6668.9 0.953055362278E-03
 6669.8 0.952675974179E-03
 6670.7 0.951954200534E-03
 6671.6 0.950941445274E-03
 6672.5 0.949749106264E-03
 6673.4 0.948281915777E-03
 6674.3 0.946885302620E-03
 6675.2 0.945614047809E-03
 6676.1 0.944656124200E-03
 6677.0 0.944596452456E-03
 6677.9 0.945218879302E-03
 6678.8 0.947210630301E-03
 6679.7 0.949449326021E-03
 6680.6 0.951801019702E-03
 6681.5 0.954117256142E-03
 6682.4 0.955650697912E-03
 6683.3 0.956645820571E-03
 6684.2 0.957038462717E-03
 6685.1 0.957227851954E-03
 6686.0 0.957254159085E-03
 6686.9 0.957052978616E-03
 6687.8 0.956792648485E-03
 6688.7 0.956477961200E-03
 6689.6 0.956058941617E-03
 6690.5 0.955619643793E-03
 6691.4 0.955158004245E-03
 6692.3 0.955193828576E-03
 6693.2 0.955285573057E-03
 6694.1 0.955414298728E-03
 6695.0 0.955127340829E-03
 6695.9 0.954405318935E-03
 6696.8 0.953020729831E-03
 6697.7 0.949484431048E-03
 6698.6 0.945460694753E-03
 6699.5 0.941254946981E-03
 6700.4 0.937360468122E-03
 6701.3 0.934162038544E-03
 6702.2 0.932661356483E-03
 6703.1 0.932631486479E-03
 6704.0 0.933271404632E-03
 6704.9 0.934471854206E-03
 6705.8 0.935893192719E-03
 6706.7 0.937372094801E-03
 6707.6 0.938634866792E-03
 6708.5 0.939690572952E-03
 6709.4 0.940561522042E-03
 6710.3 0.940901213487E-03
 6711.2 0.940302039564E-03
 6712.1 0.938945775487E-03
 6713.0 0.936120489267E-03
 6713.9 0.933113549298E-03
 6714.8 0.929950222458E-03
 6715.7 0.926900436640E-03
 6716.6 0.924357867557E-03
 6717.5 0.922355088758E-03
 6718.4 0.921133913533E-03
 6719.3 0.920366583656E-03
 6720.2 0.920148922776E-03
 6721.1 0.921610010117E-03
 6722.0 0.924052189078E-03
 6722.9 0.927804435915E-03
 6723.8 0.931853259467E-03
 6724.7 0.935842186914E-03
 6725.6 0.939609873529E-03
 6726.5 0.941395157245E-03
 6727.4 0.942345913438E-03
 6728.3 0.942381198688E-03
 6729.2 0.941851617094E-03
 6730.1 0.941014551192E-03
 6731.0 0.939760976763E-03
 6731.9 0.938274317874E-03
 6732.8 0.936664336048E-03
 6733.7 0.934938693664E-03
 6734.6 0.933251296287E-03
 6735.5 0.931671422709E-03
 6736.4 0.930692293116E-03
 6737.3 0.929961953800E-03
 6738.2 0.929407939759E-03
 6739.1 0.928991346941E-03
 6740.0 0.928584605203E-03
 6740.9 0.928181354239E-03
 6741.8 0.927595750622E-03
 6742.7 0.926999160269E-03
 6743.6 0.926391534240E-03
 6744.5 0.925765403742E-03
 6745.4 0.925115265712E-03
 6746.3 0.924436145601E-03
 6747.2 0.923740498370E-03
 6748.1 0.923058048108E-03
 6749.0 0.922397790608E-03
 6749.9 0.921779308094E-03
 6750.8 0.921113097945E-03
 6751.7 0.920344790749E-03
 6752.6 0.919812797800E-03
 6753.5 0.919469882443E-03
 6754.4 0.919455738291E-03
 6755.3 0.920368766146E-03
 6756.2 0.921822892895E-03
 6757.1 0.924093011117E-03
 6758.0 0.926504179836E-03
 6758.9 0.928940918950E-03
 6759.8 0.931252054791E-03
 6760.7 0.932835328751E-03
 6761.6 0.933972308092E-03
 6762.5 0.934607971491E-03
 6763.4 0.934874145619E-03
 6764.3 0.934808369057E-03
 6765.2 0.933719483229E-03
 6766.1 0.931992076559E-03
 6767.0 0.929774967011E-03
 6767.9 0.927632346115E-03
 6768.8 0.925799574939E-03
 6769.7 0.924260557392E-03
 6770.6 0.926079743301E-03
 6771.5 0.928358762411E-03
 6772.4 0.931124434946E-03
 6773.3 0.933609610132E-03
 6774.2 0.935205977717E-03
 6775.1 0.935556355999E-03
 6776.0 0.932681854936E-03
 6776.9 0.929149702433E-03
 6777.8 0.925189309301E-03
 6778.7 0.921309053696E-03
 6779.6 0.918179505442E-03
 6780.5 0.916694023768E-03
 6781.4 0.916293583618E-03
 6782.3 0.916356736125E-03
 6783.2 0.916890583284E-03
 6784.1 0.917686848974E-03
 6785.0 0.918585759489E-03
 6785.9 0.919510300665E-03
 6786.8 0.920459586815E-03
 6787.7 0.921403755188E-03
 6788.6 0.922257249544E-03
 6789.5 0.922774858397E-03
 6790.4 0.923052220970E-03
 6791.3 0.922961051257E-03
 6792.2 0.922762048251E-03
 6793.1 0.922478779191E-03
 6794.0 0.922092151439E-03
 6794.9 0.921712422526E-03
 6795.8 0.921338830087E-03
 6796.7 0.920948997565E-03
 6797.6 0.920567625325E-03
 6798.5 0.920195541647E-03
 6799.4 0.920031266854E-03
 6800.3 0.919939109411E-03
 6801.2 0.919929881985E-03
 6802.1 0.919821539276E-03
 6803.0 0.919617986606E-03
 6803.9 0.919273772223E-03
 6804.8 0.917989178770E-03
 6805.7 0.916516709597E-03
 6806.6 0.915001383566E-03
 6807.5 0.913666415382E-03
 6808.4 0.912671114667E-03
 6809.3 0.912461680328E-03
 6810.2 0.913172835650E-03
 6811.1 0.914236161586E-03
 6812.0 0.915439785077E-03
 6812.9 0.916532877714E-03
 6813.8 0.917254887367E-03
 6814.7 0.916401343841E-03
 6815.6 0.915346495191E-03
 6816.5 0.914220197711E-03
 6817.4 0.913387503403E-03
 6818.3 0.913562594797E-03
 6819.2 0.914601399880E-03
 6820.1 0.918019446130E-03
 6821.0 0.921431704223E-03
 6821.9 0.924825081438E-03
 6822.8 0.927392803639E-03
 6823.7 0.927932219713E-03
 6824.6 0.926369906820E-03
 6825.5 0.922902270344E-03
 6826.4 0.919134102171E-03
 6827.3 0.915069945070E-03
 6828.2 0.911642699024E-03
 6829.1 0.909150619312E-03
 6830.0 0.908034446063E-03
 6830.9 0.907312585374E-03
 6831.8 0.906719764729E-03
 6832.7 0.906257554169E-03
 6833.6 0.905437125697E-03
 6834.5 0.904442774511E-03
 6835.4 0.903221717050E-03
 6836.3 0.901909633159E-03
 6837.2 0.900526516691E-03
 6838.1 0.899005598241E-03
 6839.0 0.897103129343E-03
 6839.9 0.895089694573E-03
 6840.8 0.893274699267E-03
 6841.7 0.891815308940E-03
 6842.6 0.890769903015E-03
 6843.5 0.891218751958E-03
 6844.4 0.892494113782E-03
 6845.3 0.894322798789E-03
 6846.2 0.896374089040E-03
 6847.1 0.898287375990E-03
 6848.0 0.900030551960E-03
 6848.9 0.899898798391E-03
 6849.8 0.899547435350E-03
 6850.7 0.898981289415E-03
 6851.6 0.898204265479E-03
 6852.5 0.897548455160E-03
 6853.4 0.897043326918E-03
 6854.3 0.896904761695E-03
 6855.2 0.896806984099E-03
 6856.1 0.896728031664E-03
 6857.0 0.896624158693E-03
 6857.9 0.896347339323E-03
 6858.8 0.895758832975E-03
 6859.7 0.895182935041E-03
 6860.6 0.894672816418E-03
 6861.5 0.894309237646E-03
 6862.4 0.894436594822E-03
 6863.3 0.894917210316E-03
 6864.2 0.896031372715E-03
 6865.1 0.897296148896E-03
 6866.0 0.898621860324E-03
 6866.9 0.899962259887E-03
 6867.8 0.900879127072E-03
 6868.7 0.901555038655E-03
 6869.6 0.902026342920E-03
 6870.5 0.902473519144E-03
 6871.4 0.902935052792E-03
 6872.3 0.903667648048E-03
 6873.2 0.904795330021E-03
 6874.1 0.906204776800E-03
 6875.0 0.907301326415E-03
 6875.9 0.908042483563E-03
 6876.8 0.908455586124E-03
 6877.7 0.906168296711E-03
 6878.6 0.903270836249E-03
 6879.5 0.899699322095E-03
 6880.4 0.896361784464E-03
 6881.3 0.893710528168E-03
 6882.2 0.891996097755E-03
 6883.1 0.894170007324E-03
 6884.0 0.897098879906E-03
 6884.9 0.900520479779E-03
 6885.8 0.903895759253E-03
 6886.7 0.906540833767E-03
 6887.6 0.907621062515E-03
 6888.5 0.907154245480E-03
 6889.4 0.906080281322E-03
 6890.3 0.904461399075E-03
 6891.2 0.902512489266E-03
 6892.1 0.900410353993E-03
 6893.0 0.898173259235E-03
 6893.9 0.896045352095E-03
 6894.8 0.894042692456E-03
 6895.7 0.892430878067E-03
 6896.6 0.891746520382E-03
 6897.5 0.891750011509E-03
 6898.4 0.893022040511E-03
 6899.3 0.894528054852E-03
 6900.2 0.896202574858E-03
 6901.1 0.897922458455E-03
 6902.0 0.899159698135E-03
 6902.9 0.899973119573E-03
 6903.8 0.900408977276E-03
 6904.7 0.900663545828E-03
 6905.6 0.900724322530E-03
 6906.5 0.900351548835E-03
 6907.4 0.899751800035E-03
 6908.3 0.898878997698E-03
 6909.2 0.897666191636E-03
 6910.1 0.896287695442E-03
 6911.0 0.894696971294E-03
 6911.9 0.892555050985E-03
 6912.8 0.890262340684E-03
 6913.7 0.887852419160E-03
 6914.6 0.885539133546E-03
 6915.5 0.883391268444E-03
 6916.4 0.881610382872E-03
 6917.3 0.880487483369E-03
 6918.2 0.879689211490E-03
 6919.1 0.879261089350E-03
 6920.0 0.879150790260E-03
 6920.9 0.879306245974E-03
 6921.8 0.880072126027E-03
 6922.7 0.881070196354E-03
 6923.6 0.882193180809E-03
 6924.5 0.883319634865E-03
 6925.4 0.884200009697E-03
 6926.3 0.884834128693E-03
 6927.2 0.884446231066E-03
 6928.1 0.883957182646E-03
 6929.0 0.883385473073E-03
 6929.9 0.882833472931E-03
 6930.8 0.882590468516E-03
 6931.7 0.882659218718E-03
 6932.6 0.883180117556E-03
 6933.5 0.883773577719E-03
 6934.4 0.884440923729E-03
 6935.3 0.885109385544E-03
 6936.2 0.885632161880E-03
 6937.1 0.885932171683E-03
 6938.0 0.886250415768E-03
 6938.9 0.886604240902E-03
 6939.8 0.887020599161E-03
 6940.7 0.887895922513E-03
 6941.6 0.888989653154E-03
 6942.5 0.890365005094E-03
 6943.4 0.891565298780E-03
 6944.3 0.892589058043E-03
 6945.2 0.893226185034E-03
 6946.1 0.892249768583E-03
 6947.0 0.890567655842E-03
 6947.9 0.888598644355E-03
 6948.8 0.886736130158E-03
 6949.7 0.885122062026E-03
 6950.6 0.884705425512E-03
 6951.5 0.885365841934E-03
 6952.4 0.886738230265E-03
 6953.3 0.888481010548E-03
 6954.2 0.890250317278E-03
 6955.1 0.892013036702E-03
 6956.0 0.893084249455E-03
 6956.9 0.893885499443E-03
 6957.8 0.894429669920E-03
 6958.7 0.894390973308E-03
 6959.6 0.893825737929E-03
 6960.5 0.892654355183E-03
 6961.4 0.890104654576E-03
 6962.3 0.887393202702E-03
 6963.2 0.884585612834E-03
 6964.1 0.882059199433E-03
 6965.0 0.880382003568E-03
 6965.9 0.880156205489E-03
 6966.8 0.880764274472E-03
 6967.7 0.881564409412E-03
 6968.6 0.882421429753E-03
 6969.5 0.882711067143E-03
 6970.4 0.882369266069E-03
 6971.3 0.880656235419E-03
 6972.2 0.878641528909E-03
 6973.1 0.876487543116E-03
 6974.0 0.874224071161E-03
 6974.9 0.872165298260E-03
 6975.8 0.870266925640E-03
 6976.7 0.868719331937E-03
 6977.6 0.867476535477E-03
 6978.5 0.866489797451E-03
 6979.4 0.866164241881E-03
 6980.3 0.866680402265E-03
 6981.2 0.867837284835E-03
 6982.1 0.869459180658E-03
 6983.0 0.871205541882E-03
 6983.9 0.873063521845E-03
 6984.8 0.874703428541E-03
 6985.7 0.876185715435E-03
 6986.6 0.877494178620E-03
 6987.5 0.878559983498E-03
 6988.4 0.879468751950E-03
 6989.3 0.880181894128E-03
 6990.2 0.880256135564E-03
 6991.1 0.880130712255E-03
 6992.0 0.879790770398E-03
 6992.9 0.879222593151E-03
 6993.8 0.878596733424E-03
 6994.7 0.877935742298E-03
 6995.6 0.877255749707E-03
 6996.5 0.876497245760E-03
 6997.4 0.875540700763E-03
 6998.3 0.874322751497E-03
 6999.2 0.872767731378E-03
 7000.1 0.870333940690E-03
 7001.0 0.867740138901E-03
 7001.9 0.865102654894E-03
 7002.8 0.862596674535E-03
 7003.7 0.860668509800E-03
 7004.6 0.859218205509E-03
 7005.5 0.858947793197E-03
 7006.4 0.858860704660E-03
 7007.3 0.858902657448E-03
 7008.2 0.858983988894E-03
 7009.1 0.858631247498E-03
 7010.0 0.857904906142E-03
 7010.9 0.856831455306E-03
 7011.8 0.855703888891E-03
 7012.7 0.854519998099E-03
 7013.6 0.853270351476E-03
 7014.5 0.851998054657E-03
 7015.4 0.850699899258E-03
 7016.3 0.849666061492E-03
 7017.2 0.848843095825E-03
 7018.1 0.848313456131E-03
 7019.0 0.849044385924E-03
 7019.9 0.850252959516E-03
 7020.8 0.852005753960E-03
 7021.7 0.853834774387E-03
 7022.6 0.855544318037E-03
 7023.5 0.856910524628E-03
 7024.4 0.857006540559E-03
 7025.3 0.856639024927E-03
 7026.2 0.856067687012E-03
 7027.1 0.855511719061E-03
 7028.0 0.855143637576E-03
 7028.9 0.855584388685E-03
 7029.8 0.856510136140E-03
 7030.7 0.857687100179E-03
 7031.6 0.858856762228E-03
 7032.5 0.859819806952E-03
 7033.4 0.860503529441E-03
 7034.3 0.859540484750E-03
 7035.2 0.858509926255E-03
 7036.1 0.857433847215E-03
 7037.0 0.856632294368E-03
 7037.9 0.856641397466E-03
 7038.8 0.857446871822E-03
 7039.7 0.859822409561E-03
 7040.6 0.862295431022E-03
 7041.5 0.864845174464E-03
 7042.4 0.867055609120E-03
 7043.3 0.868304558524E-03
 7044.2 0.868163815303E-03
 7045.1 0.867374614645E-03
 7046.0 0.866371652226E-03
 7046.9 0.865142234735E-03
 7047.8 0.864073428049E-03
 7048.7 0.863189426503E-03
 7049.6 0.862657448405E-03
 7050.5 0.862175423128E-03
 7051.4 0.861715239030E-03
 7052.3 0.861277062688E-03
 7053.2 0.860686308377E-03
 7054.1 0.860040882242E-03
 7055.0 0.859410413219E-03
 7055.9 0.858881271344E-03
 7056.8 0.858457269613E-03
 7057.7 0.858357530816E-03
 7058.6 0.858635642672E-03
 7059.5 0.859154745497E-03
 7060.4 0.859773187659E-03
 7061.3 0.860368193659E-03
 7062.2 0.860921717941E-03
 7063.1 0.860963503364E-03
 7064.0 0.860846876826E-03
 7064.9 0.860583371531E-03
 7065.8 0.860230987619E-03
 7066.7 0.859899718795E-03
 7067.6 0.859593152703E-03
 7068.5 0.859555544760E-03
 7069.4 0.859530969439E-03
 7070.3 0.859501549983E-03
 7071.2 0.859411497943E-03
 7072.1 0.859255249164E-03
 7073.0 0.858996970545E-03
 7073.9 0.858577751675E-03
 7074.8 0.858063393387E-03
 7075.7 0.857408446021E-03
 7076.6 0.856534622858E-03
 7077.5 0.855413323630E-03
 7078.4 0.853763572362E-03
 7079.3 0.852089242692E-03
 7080.2 0.850445994950E-03
 7081.1 0.848950551889E-03
 7082.0 0.848043866012E-03
 7082.9 0.847539113173E-03
 7083.8 0.847728319095E-03
 7084.7 0.848052759753E-03
 7085.6 0.848456308126E-03
 7086.5 0.848872482536E-03
 7087.4 0.848754976100E-03
 7088.3 0.848255950966E-03
 7089.2 0.847724046016E-03
 7090.1 0.847287873774E-03
 7091.0 0.846940634789E-03
 7091.9 0.847252574927E-03
 7092.8 0.847962044870E-03
 7093.7 0.849098355569E-03
 7094.6 0.850480444457E-03
 7095.5 0.851917190392E-03
 7096.4 0.853411370375E-03
 7097.3 0.854727877530E-03
 7098.2 0.855963805013E-03
 7099.1 0.857098494035E-03
 7100.0 0.858051279822E-03
 7100.9 0.858862880731E-03
 7101.8 0.859449619260E-03
 7102.7 0.859682112753E-03
 7103.6 0.859735064417E-03
 7104.5 0.859546689436E-03
 7105.4 0.859108419716E-03
 7106.3 0.858495268638E-03
 7107.2 0.857566299254E-03
 7108.1 0.856416286712E-03
 7109.0 0.855130574961E-03
 7109.9 0.853650126414E-03
 7110.8 0.852004848305E-03
 7111.7 0.850226755693E-03
 7112.6 0.848138668638E-03
 7113.5 0.846122378723E-03
 7114.4 0.844178806116E-03
 7115.3 0.842546473980E-03
 7116.2 0.841549043280E-03
 7117.1 0.841093478887E-03
 7118.0 0.841417527210E-03
 7118.9 0.841855027082E-03
 7119.8 0.842407501342E-03
 7120.7 0.842881516251E-03
 7121.6 0.843004247121E-03
 7122.5 0.842692748433E-03
 7123.4 0.842250901014E-03
 7124.3 0.841772700528E-03
 7125.2 0.841256091520E-03
 7126.1 0.840779009432E-03
 7127.0 0.840343392190E-03
 7127.9 0.839975673824E-03
 7128.8 0.839713664090E-03
 7129.7 0.839527919586E-03
 7130.6 0.839469842931E-03
 7131.5 0.839840518241E-03
 7132.4 0.840369180490E-03
 7133.3 0.840984389264E-03
 7134.2 0.841596013877E-03
 7135.1 0.842157048097E-03
 7136.0 0.842508481459E-03
 7136.9 0.842631964041E-03
 7137.8 0.842619742927E-03
 7138.7 0.842479896424E-03
 7139.6 0.842266450581E-03
 7140.5 0.842018487633E-03
 7141.4 0.841894012240E-03
 7142.3 0.841685128921E-03
 7143.2 0.841400265281E-03
 7144.1 0.840845959767E-03
 7145.0 0.839960821640E-03
 7145.9 0.838759234930E-03
 7146.8 0.836715843182E-03
 7147.7 0.834623600856E-03
 7148.6 0.832488495488E-03
 7149.5 0.830535150246E-03
 7150.4 0.829029466563E-03
 7151.3 0.828152511834E-03
 7152.2 0.827815167430E-03
 7153.1 0.827671193005E-03
 7154.0 0.827746393114E-03
 7154.9 0.828060529631E-03
 7155.8 0.828503315352E-03
 7156.7 0.829128053849E-03
 7157.6 0.829681962605E-03
 7158.5 0.830141223999E-03
 7159.4 0.830382592903E-03
 7160.3 0.829690521162E-03
 7161.2 0.828514044685E-03
 7162.1 0.826796055983E-03
 7163.0 0.825114406303E-03
 7163.9 0.823536349702E-03
 7164.8 0.822435398400E-03
 7165.7 0.822346232247E-03
 7166.6 0.822912857910E-03
 7167.5 0.823970289232E-03
 7168.4 0.825248989190E-03
 7169.3 0.826712718424E-03
 7170.2 0.828595930169E-03
 7171.1 0.830537699387E-03
 7172.0 0.832532331270E-03
 7172.9 0.834127351729E-03
 7173.8 0.835350702923E-03
 7174.7 0.836162345540E-03
 7175.6 0.834920086307E-03
 7176.5 0.833204096322E-03
 7177.4 0.830993491111E-03
 7178.3 0.828213809327E-03
 7179.2 0.825156688906E-03
 7180.1 0.821740932137E-03
 7181.0 0.818084210735E-03
 7181.9 0.814473635509E-03
 7182.8 0.811052883482E-03
 7183.7 0.808163022839E-03
 7184.6 0.806027160374E-03
 7185.5 0.805561018769E-03
 7186.4 0.805781544148E-03
 7187.3 0.806352042915E-03
 7188.2 0.807330252727E-03
 7189.1 0.808300104264E-03
 7190.0 0.809208243321E-03
 7190.9 0.809828609888E-03
 7191.8 0.810496318861E-03
 7192.7 0.811201341004E-03
 7193.6 0.811989187213E-03
 7194.5 0.813184099725E-03
 7195.4 0.814659153385E-03
 7196.3 0.816113701597E-03
 7197.2 0.817305319561E-03
 7198.1 0.818253048927E-03
 7199.0 0.817842237029E-03
 7199.9 0.816279369382E-03
 7200.8 0.813512079817E-03
 7201.7 0.810536375879E-03
 7202.6 0.807750051529E-03
 7203.5 0.805217128270E-03
 7204.4 0.805159362967E-03
 7205.3 0.805977975466E-03
 7206.2 0.807808917755E-03
 7207.1 0.810118685776E-03
 7208.0 0.812511471321E-03
 7208.9 0.814915717018E-03
 7209.8 0.816704236399E-03
 7210.7 0.818230032456E-03
 7211.6 0.819458245942E-03
 7212.5 0.820261530138E-03
 7213.4 0.820657279760E-03
 7214.3 0.820157581046E-03
 7215.2 0.819005955763E-03
 7216.1 0.817513589421E-03
 7217.0 0.815699993706E-03
 7217.9 0.813772049812E-03
 7218.8 0.811775290266E-03
 7219.7 0.809718690822E-03
 7220.6 0.807885681624E-03
 7221.5 0.806252004771E-03
 7222.4 0.805235774302E-03
 7223.3 0.805241941276E-03
 7224.2 0.806118827418E-03
 7225.1 0.808646672991E-03
 7226.0 0.811335686259E-03
 7226.9 0.814183732553E-03
 7227.8 0.816824709145E-03
 7228.7 0.818510569950E-03
 7229.6 0.819045197435E-03
 7230.5 0.818978438337E-03
 7231.4 0.818710519079E-03
 7232.3 0.818213310690E-03
 7233.2 0.817585626674E-03
 7234.1 0.816955886462E-03
 7235.0 0.816356767867E-03
 7235.9 0.815877951645E-03
 7236.8 0.815514017557E-03
 7237.7 0.815359475035E-03
 7238.6 0.816152567659E-03
 7239.5 0.817312070180E-03
 7240.4 0.818740717451E-03
 7241.3 0.820102458641E-03
 7242.2 0.821305208213E-03
 7243.1 0.821963630657E-03
 7244.0 0.821812622448E-03
 7244.9 0.821202203981E-03
 7245.8 0.820223512972E-03
 7246.7 0.819064953422E-03
 7247.6 0.817779197163E-03
 7248.5 0.816330875260E-03
 7249.4 0.814880293406E-03
 7250.3 0.813435273158E-03
 7251.2 0.812150845450E-03
 7252.1 0.811095853026E-03
 7253.0 0.810254540674E-03
 7253.9 0.810293249297E-03
 7254.8 0.810486349818E-03
 7255.7 0.810848014498E-03
 7256.6 0.811394587771E-03
 7257.5 0.811909482214E-03
 7258.4 0.812363550157E-03
 7259.3 0.812766824433E-03
 7260.2 0.813187621806E-03
 7261.1 0.813649925743E-03
 7262.0 0.814206063972E-03
 7262.9 0.814890430401E-03
 7263.8 0.815816314391E-03
 7264.7 0.816713161846E-03
 7265.6 0.817559185928E-03
 7266.5 0.818284223815E-03
 7267.4 0.818676111206E-03
 7268.3 0.818847712233E-03
 7269.2 0.818641158415E-03
 7270.1 0.818214501581E-03
 7271.0 0.817638524373E-03
 7271.9 0.816808628246E-03
 7272.8 0.815711141331E-03
 7273.7 0.814438158578E-03
 7274.6 0.812990742417E-03
 7275.5 0.811483564446E-03
 7276.4 0.809941849568E-03
 7277.3 0.808533043989E-03
 7278.2 0.807232524196E-03
 7279.1 0.806026693519E-03
 7280.0 0.804748624627E-03
 7280.9 0.803397646317E-03
 7281.8 0.801968033597E-03
 7282.7 0.799714674087E-03
 7283.6 0.797388600999E-03
 7284.5 0.795016928214E-03
 7285.4 0.792912425074E-03
 7286.3 0.791147634538E-03
 7287.2 0.789893461539E-03
 7288.1 0.789688202067E-03
 7289.0 0.789885925249E-03
 7289.9 0.790540373479E-03
 7290.8 0.791684659915E-03
 7291.7 0.793166168358E-03
 7292.6 0.795213598605E-03
 7293.5 0.797580398475E-03
 7294.4 0.800082182590E-03
 7295.3 0.802684079342E-03
 7296.2 0.805232130986E-03
 7297.1 0.807710221561E-03
 7298.0 0.809966431552E-03
 7298.9 0.811842058666E-03
 7299.8 0.813407296980E-03
 7300.7 0.814230043861E-03
 7301.6 0.813768298866E-03
 7302.5 0.812342866933E-03
 7303.4 0.809640519785E-03
 7304.3 0.806746484931E-03
 7305.2 0.803699143888E-03
 7306.1 0.800913985992E-03
 7307.0 0.798819109204E-03
 7307.9 0.797426895246E-03
 7308.8 0.796665014479E-03
 7309.7 0.796232796568E-03
 7310.6 0.796188288675E-03
 7311.5 0.797237505778E-03
 7312.4 0.798744702483E-03
 7313.3 0.800809367590E-03
 7314.2 0.803085275490E-03
 7315.1 0.805359575640E-03
 7316.0 0.807568920024E-03
 7316.9 0.809036493152E-03
 7317.8 0.810192512550E-03
 7318.7 0.810995358401E-03
 7319.6 0.811356924985E-03
 7320.5 0.811333189420E-03
 7321.4 0.810517266663E-03
 7322.3 0.808993132014E-03
 7323.2 0.807144588620E-03
 7324.1 0.805118508055E-03
 7325.0 0.803163741279E-03
 7325.9 0.801370960457E-03
 7326.8 0.800365391068E-03
 7327.7 0.799706477333E-03
 7328.6 0.799316987171E-03
 7329.5 0.799452881709E-03
 7330.4 0.800122044374E-03
 7331.3 0.801247160481E-03
 7332.2 0.803425885578E-03
 7333.1 0.805694704978E-03
 7334.0 0.808050085573E-03
 7334.9 0.810220798530E-03
 7335.8 0.811730296775E-03
 7336.7 0.812463546836E-03
 7337.6 0.812547831286E-03
 7338.5 0.812467788395E-03
 7339.4 0.812216411921E-03
 7340.3 0.812098136819E-03
 7341.2 0.812238638331E-03
 7342.1 0.812813854150E-03
 7343.0 0.813107136993E-03
 7343.9 0.813149070470E-03
 7344.8 0.812749962643E-03
 7345.7 0.810778870829E-03
 7346.6 0.808068173919E-03
 7347.5 0.804489498950E-03
 7348.4 0.800748651924E-03
 7349.3 0.797032232368E-03
 7350.2 0.793647856543E-03
 7351.1 0.791310983344E-03
 7352.0 0.789556763147E-03
 7352.9 0.788274043262E-03
 7353.8 0.787292796761E-03
 7354.7 0.786516820629E-03
 7355.6 0.785969046541E-03
 7356.5 0.785594872370E-03
 7357.4 0.785371453607E-03
 7358.3 0.785579977957E-03
 7359.2 0.786067018256E-03
 7360.1 0.786806611151E-03
 7361.0 0.788603485009E-03
 7361.9 0.790548963485E-03
 7362.8 0.792658482185E-03
 7363.7 0.794846167660E-03
 7364.6 0.796919484727E-03
 7365.5 0.798830403918E-03
 7366.4 0.800339667484E-03
 7367.3 0.801651526512E-03
 7368.2 0.802707300898E-03
 7369.1 0.803336802557E-03
 7370.0 0.803551864687E-03
 7370.9 0.803051696571E-03
 7371.8 0.802156404582E-03
 7372.7 0.801072939075E-03
 7373.6 0.799755805618E-03
 7374.5 0.798493298544E-03
 7375.4 0.797300893024E-03
 7376.3 0.796292531518E-03
 7377.2 0.795078586146E-03
 7378.1 0.793697895682E-03
 7379.0 0.791940516124E-03
 7379.9 0.788680383467E-03
 7380.8 0.784550870729E-03
 7381.7 0.780205895479E-03
 7382.6 0.776451895047E-03
 7383.5 0.773317090865E-03
 7384.4 0.773209404916E-03
 7385.3 0.776005736943E-03
 7386.2 0.781297217695E-03
 7387.1 0.787348484269E-03
 7388.0 0.793108900148E-03
 7388.9 0.798563889677E-03
 7389.8 0.799029902474E-03
 7390.7 0.798013523439E-03
 7391.6 0.795337435699E-03
 7392.5 0.791830348927E-03
 7393.4 0.788359952662E-03
 7394.3 0.785077231501E-03
 7395.2 0.783730967052E-03
 7396.1 0.782796927665E-03
 7397.0 0.782055897469E-03
 7397.9 0.781355620558E-03
 7398.8 0.780462951548E-03
 7399.7 0.779059289204E-03
 7400.6 0.777286297753E-03
 7401.5 0.775394681979E-03
 7402.4 0.773501185035E-03
 7403.3 0.771756390456E-03
 7404.2 0.770219138572E-03
 7405.1 0.769341195062E-03
 7406.0 0.768603588292E-03
 7406.9 0.767954383161E-03
 7407.8 0.767403323310E-03
 7408.7 0.766668756819E-03
 7409.6 0.765796484567E-03
 7410.5 0.764718516898E-03
 7411.4 0.763781241314E-03
 7412.3 0.762969899013E-03
 7413.2 0.762591246519E-03
 7414.1 0.762940370313E-03
 7415.0 0.764010829895E-03
 7415.9 0.765504773104E-03
 7416.8 0.767085263351E-03
 7417.7 0.768758749318E-03
 7418.6 0.769939705614E-03
 7419.5 0.770794726339E-03
 7420.4 0.771220266557E-03
 7421.3 0.771825706209E-03
 7422.2 0.772630489578E-03
 7423.1 0.773759090525E-03
 7424.0 0.776875786962E-03
 7424.9 0.780574181704E-03
 7425.8 0.784638341536E-03
 7426.7 0.788395754946E-03
 7427.6 0.791622841128E-03
 7428.5 0.793506607546E-03
 7429.4 0.793303755659E-03
 7430.3 0.792116790168E-03
 7431.2 0.790201232265E-03
 7432.1 0.787982119231E-03
 7433.0 0.785693228835E-03
 7433.9 0.783876614175E-03
 7434.8 0.782279861546E-03
 7435.7 0.780843584842E-03
 7436.6 0.779650992193E-03
 7437.5 0.778745733853E-03
 7438.4 0.778097220511E-03
 7439.3 0.778310957872E-03
 7440.2 0.778600902824E-03
 7441.1 0.778962138746E-03
 7442.0 0.779235771042E-03
 7442.9 0.779001961603E-03
 7443.8 0.778186525529E-03
 7444.7 0.776817475677E-03
 7445.6 0.775475597742E-03
 7446.5 0.774222036762E-03
 7447.4 0.773531040548E-03
 7448.3 0.773601184296E-03
 7449.2 0.774881846382E-03
 7450.1 0.776523210204E-03
 7451.0 0.778269041474E-03
 7451.9 0.780091142681E-03
 7452.8 0.781445473180E-03
 7453.7 0.782502575849E-03
 7454.6 0.783077554202E-03
 7455.5 0.783416344428E-03
 7456.4 0.783606684797E-03
 7457.3 0.783558007648E-03
 7458.2 0.783164546068E-03
 7459.1 0.782588538456E-03
 7460.0 0.781887668320E-03
 7460.9 0.781177559051E-03
 7461.8 0.780483595432E-03
 7462.7 0.779967571829E-03
 7463.6 0.779632805949E-03
 7464.5 0.779442966406E-03
 7465.4 0.779500561192E-03
 7466.3 0.779722906692E-03
 7467.2 0.780096214756E-03
 7468.1 0.781456383840E-03
 7469.0 0.782893491196E-03
 7469.9 0.784413948345E-03
 7470.8 0.785717793103E-03
 7471.7 0.786592698295E-03
 7472.6 0.786910192228E-03
 7473.5 0.785922395316E-03
 7474.4 0.784666070012E-03
 7475.3 0.783197524767E-03
 7476.2 0.781691341930E-03
 7477.1 0.780482376727E-03
 7478.0 0.779899496300E-03
 7478.9 0.779632931225E-03
 7479.8 0.779467194845E-03
 7480.7 0.779360081299E-03
 7481.6 0.779135363977E-03
 7482.5 0.778770143889E-03
 7483.4 0.778054881957E-03
 7484.3 0.777308877888E-03
 7485.2 0.776556426470E-03
 7486.1 0.775836394732E-03
 7487.0 0.775504459376E-03
 7487.9 0.775406907734E-03
 7488.8 0.775477126724E-03
 7489.7 0.775375371789E-03
 7490.6 0.775101507954E-03
 7491.5 0.774097994168E-03
 7492.4 0.771947687897E-03
 7493.3 0.768839661859E-03
 7494.2 0.765611652415E-03
 7495.1 0.762604223685E-03
 7496.0 0.759822332536E-03
 7496.9 0.759326861178E-03
 7497.8 0.759743274851E-03
 7498.7 0.761212501577E-03
 7499.6 0.763022525271E-03
 7500.5 0.764766173907E-03
 7501.4 0.766359658637E-03
 7502.3 0.765848950562E-03
 7503.2 0.764896052079E-03
 7504.1 0.763714320418E-03
 7505.0 0.762542740777E-03
 7505.9 0.761626088373E-03
 7506.8 0.761327947022E-03
 7507.7 0.761814648934E-03
 7508.6 0.762626245903E-03
 7509.5 0.763702456201E-03
 7510.4 0.764924956667E-03
 7511.3 0.766218885458E-03
 7512.2 0.767567482739E-03
 7513.1 0.768861673172E-03
 7514.0 0.770096981709E-03
 7514.9 0.771135635012E-03
 7515.8 0.771844929123E-03
 7516.7 0.772284100011E-03
 7517.6 0.772076296624E-03
 7518.5 0.771660242825E-03
 7519.4 0.771070047639E-03
 7520.3 0.770185063499E-03
 7521.2 0.769090461041E-03
 7522.1 0.767793563176E-03
 7523.0 0.766374773335E-03
 7523.9 0.764993744928E-03
 7524.8 0.763659890718E-03
 7525.7 0.762663660247E-03
 7526.6 0.761955140289E-03
 7527.5 0.761630580010E-03
 7528.4 0.761634834498E-03
 7529.3 0.761813022157E-03
 7530.2 0.762226048164E-03
 7531.1 0.763154724791E-03
 7532.0 0.764287053388E-03
 7532.9 0.765643363834E-03
 7533.8 0.767017953106E-03
 7534.7 0.768332277793E-03
 7535.6 0.769453686654E-03
 7536.5 0.770036810556E-03
 7537.4 0.770367461867E-03
 7538.3 0.770496405030E-03
 7539.2 0.770497581756E-03
 7540.1 0.770459990220E-03
 7541.0 0.770547575007E-03
 7541.9 0.770621845718E-03
 7542.8 0.770653453463E-03
 7543.7 0.770372820258E-03
 7544.6 0.769760518513E-03
 7545.5 0.768820507073E-03
 7546.4 0.766285115216E-03
 7547.3 0.763651183363E-03
 7548.2 0.760927498521E-03
 7549.1 0.758442019896E-03
 7550.0 0.756649790172E-03
 7550.9 0.755631775102E-03
 7551.8 0.756005433624E-03
 7552.7 0.756613442303E-03
 7553.6 0.757435825315E-03
 7554.5 0.758291250988E-03
 7555.4 0.758681726822E-03
 7556.3 0.758273969758E-03
 7557.2 0.757717254214E-03
 7558.1 0.757150095963E-03
 7559.0 0.756619241440E-03
 7559.9 0.756609432288E-03
 7560.8 0.756955485728E-03
 7561.7 0.757903466166E-03
 7562.6 0.758787319593E-03
 7563.5 0.759563200782E-03
 7564.4 0.760029241406E-03
 7565.3 0.759161139077E-03
 7566.2 0.757594899619E-03
 7567.1 0.755515318094E-03
 7568.0 0.753448053891E-03
 7568.9 0.751483959863E-03
 7569.8 0.750264570878E-03
 7570.7 0.749964291271E-03
 7571.6 0.750332455019E-03
 7572.5 0.751096990878E-03
 7573.4 0.751965565259E-03
 7574.3 0.752919840754E-03
 7575.2 0.753573438223E-03
 7576.1 0.754117430361E-03
 7577.0 0.754545811399E-03
 7577.9 0.754796936478E-03
 7578.8 0.754879933365E-03
 7579.7 0.754754344435E-03
 7580.6 0.753958652954E-03
 7581.5 0.753113279303E-03
 7582.4 0.752294471567E-03
 7583.3 0.751742847803E-03
 7584.2 0.751711192604E-03
 7585.1 0.752631680575E-03
 7586.0 0.754283092526E-03
 7586.9 0.756122886289E-03
 7587.8 0.757999425874E-03
 7588.7 0.759538715103E-03
 7589.6 0.760572813707E-03
 7590.5 0.760287003273E-03
 7591.4 0.759700038612E-03
 7592.3 0.758950463096E-03
 7593.2 0.758032640343E-03
 7594.1 0.757364027923E-03
 7595.0 0.756874767385E-03
 7595.9 0.756708335342E-03
 7596.8 0.756514877834E-03
 7597.7 0.756291959094E-03
 7598.6 0.755930393520E-03
 7599.5 0.755187946688E-03
 7600.4 0.754132855194E-03
 7601.3 0.752939015939E-03
 7602.2 0.751736465242E-03
 7603.1 0.750525241733E-03
 7604.0 0.749569070553E-03
 7604.9 0.748776055980E-03
 7605.8 0.748174644020E-03
 7606.7 0.747658752354E-03
 7607.6 0.747165060303E-03
 7608.5 0.746694289134E-03
 7609.4 0.746153927398E-03
 7610.3 0.745587059515E-03
 7611.2 0.744989410970E-03
 7612.1 0.744345288398E-03
 7613.0 0.743610215148E-03
 7613.9 0.742683339963E-03
 7614.8 0.741461041428E-03
 7615.7 0.740217207906E-03
 7616.6 0.739176630480E-03
 7617.5 0.738522272196E-03
 7618.4 0.738363342810E-03
 7619.3 0.739634662613E-03
 7620.2 0.741487642847E-03
 7621.1 0.743661524838E-03
 7622.0 0.746032461183E-03
 7622.9 0.748182759817E-03
 7623.8 0.750093532064E-03
 7624.7 0.750990272233E-03
 7625.6 0.751751911772E-03
 7626.5 0.752405779179E-03
 7627.4 0.752955622868E-03
 7628.3 0.753711242169E-03
 7629.2 0.754660219587E-03
 7630.1 0.755758215598E-03
 7631.0 0.756773940335E-03
 7631.9 0.757693061537E-03
 7632.8 0.758228039228E-03
 7633.7 0.758332307676E-03
 7634.6 0.757860735610E-03
 7635.5 0.757159506648E-03
 7636.4 0.756398130418E-03
 7637.3 0.755581965720E-03
 7638.2 0.755129610816E-03
 7639.1 0.754857986419E-03
 7640.0 0.754829286603E-03
 7640.9 0.754773774956E-03
 7641.8 0.754668701479E-03
 7642.7 0.754443399016E-03
 7643.6 0.753868222287E-03
 7644.5 0.753103766793E-03
 7645.4 0.752101573184E-03
 7646.3 0.750879911585E-03
 7647.2 0.749481349582E-03
 7648.1 0.747681390679E-03
 7649.0 0.745597226393E-03
 7649.9 0.743328675468E-03
 7650.8 0.740900513577E-03
 7651.7 0.738437451839E-03
 7652.6 0.735967752348E-03
 7653.5 0.733812884327E-03
 7654.4 0.731692009893E-03
 7655.3 0.729601294076E-03
 7656.2 0.727513571377E-03
 7657.1 0.725260982724E-03
 7658.0 0.722828992371E-03
 7658.9 0.719967708009E-03
 7659.8 0.717284067455E-03
 7660.7 0.714866164490E-03
 7661.6 0.713209458958E-03
 7662.5 0.712458897791E-03
 7663.4 0.713071368136E-03
 7664.3 0.714836203426E-03
 7665.2 0.717096416888E-03
 7666.1 0.719965265990E-03
 7667.0 0.723495184792E-03
 7667.9 0.727406476046E-03
 7668.8 0.731889089492E-03
 7669.7 0.736317763102E-03
 7670.6 0.740606250826E-03
 7671.5 0.744470124793E-03
 7672.4 0.746859340258E-03
 7673.3 0.748364866927E-03
 7674.2 0.748692893681E-03
 7675.1 0.748590359968E-03
 7676.0 0.748220447865E-03
 7676.9 0.747617417881E-03
 7677.8 0.747271338266E-03
 7678.7 0.747086420318E-03
 7679.6 0.746724344310E-03
 7680.5 0.746230780891E-03
 7681.4 0.745617405275E-03
 7682.3 0.744495415394E-03
 7683.2 0.743183927456E-03
 7684.1 0.741677819893E-03
 7685.0 0.740074398899E-03
 7685.9 0.738489063466E-03
 7686.8 0.736930626176E-03
 7687.7 0.735775773801E-03
 7688.6 0.734710667105E-03
 7689.5 0.733728159169E-03
 7690.4 0.732845094118E-03
 7691.3 0.731995299222E-03
 7692.2 0.731180103772E-03
 7693.1 0.730406995069E-03
 7694.0 0.729676229624E-03
 7694.9 0.729026090890E-03
 7695.8 0.728477610398E-03
 7696.7 0.727971854818E-03
 7697.6 0.727502022608E-03
 7698.5 0.727189243507E-03
 7699.4 0.726996665073E-03
 7700.3 0.727051321342E-03
 7701.2 0.727543688131E-03
 7702.1 0.728361688203E-03
 7703.0 0.729825432520E-03
 7703.9 0.731323720001E-03
 7704.8 0.732826404622E-03
 7705.7 0.734137315882E-03
 7706.6 0.734884184015E-03
 7707.5 0.735166590626E-03
 7708.4 0.734889808991E-03
 7709.3 0.734399958211E-03
 7710.2 0.733703565567E-03
 7711.1 0.732435911042E-03
 7712.0 0.730829419445E-03
 7712.9 0.728832087767E-03
 7713.8 0.727019085559E-03
 7714.7 0.725465583424E-03
 7715.6 0.724272454841E-03
 7716.5 0.725935920162E-03
 7717.4 0.728392190554E-03
 7718.3 0.731582942460E-03
 7719.2 0.734126319457E-03
 7720.1 0.735617030066E-03
 7721.0 0.734997010662E-03
 7721.9 0.728755948681E-03
 7722.8 0.720769534939E-03
 7723.7 0.712370013026E-03
 7724.6 0.704926388532E-03
 7725.5 0.699405400419E-03
 7726.4 0.700093547851E-03
 7727.3 0.704504165757E-03
 7728.2 0.710868712598E-03
 7729.1 0.718174852701E-03
 7730.0 0.724864605654E-03
 7730.9 0.730555679792E-03
 7731.8 0.730524473689E-03
 7732.7 0.729691170628E-03
 7733.6 0.728226597257E-03
 7734.5 0.726077202167E-03
 7735.4 0.724441432256E-03
 7736.3 0.723275574740E-03
 7737.2 0.723163508789E-03
 7738.1 0.722999775420E-03
 7739.0 0.722774081443E-03
 7739.9 0.722191610235E-03
 7740.8 0.720785282049E-03
 7741.7 0.718269615505E-03
 7742.6 0.715508796098E-03
 7743.5 0.712781580674E-03
 7744.4 0.710161352953E-03
 7745.3 0.708299792195E-03
 7746.2 0.706981031855E-03
 7747.1 0.706525010826E-03
 7748.0 0.706771890864E-03
 7748.9 0.707452825140E-03
 7749.8 0.708820442410E-03
 7750.7 0.711557905571E-03
 7751.6 0.714931631135E-03
 7752.5 0.718879402121E-03
 7753.4 0.722928443751E-03
 7754.3 0.726922448497E-03
 7755.2 0.730405625286E-03
 7756.1 0.733096292175E-03
 7757.0 0.735270935095E-03
 7757.9 0.736912924032E-03
 7758.8 0.738206401874E-03
 7759.7 0.739199647916E-03
 7760.6 0.739351714317E-03
 7761.5 0.739224744920E-03
 7762.4 0.738854519229E-03
 7763.3 0.738275178087E-03
 7764.2 0.737804555082E-03
 7765.1 0.737449118569E-03
 7766.0 0.737939424382E-03
 7766.9 0.738384574535E-03
 7767.8 0.738725067361E-03
 7768.7 0.738636789560E-03
 7769.6 0.737889431810E-03
 7770.5 0.736150959805E-03
 7771.4 0.733496416145E-03
 7772.3 0.730595696498E-03
 7773.2 0.727505453899E-03
 7774.1 0.724492877980E-03
 7775.0 0.721684519960E-03
 7775.9 0.719350808229E-03
 7776.8 0.717448280800E-03
 7777.7 0.715859254671E-03
 7778.6 0.714852751936E-03
 7779.5 0.715071724726E-03
 7780.4 0.716050439184E-03
 7781.3 0.718156395636E-03
 7782.2 0.720413016962E-03
 7783.1 0.722712862480E-03
 7784.0 0.724762051111E-03
 7784.9 0.725666043636E-03
 7785.8 0.725759185012E-03
 7786.7 0.725196798586E-03
 7787.6 0.724283210116E-03
 7788.5 0.723059685601E-03
 7789.4 0.720925746781E-03
 7790.3 0.718415725152E-03
 7791.2 0.715529620717E-03
 7792.1 0.712791754692E-03
 7793.0 0.710334908023E-03
 7793.9 0.708218302239E-03
 7794.8 0.708592913017E-03
 7795.7 0.709536984712E-03
 7796.6 0.711030034282E-03
 7797.5 0.712769584581E-03
 7798.4 0.714336494394E-03
 7799.3 0.715509986862E-03
 7800.2 0.715706887726E-03
 7801.1 0.715621643852E-03
 7802.0 0.715371029510E-03
 7802.9 0.715062091892E-03
 7803.8 0.714781583049E-03
 7804.7 0.714642792429E-03
 7805.6 0.714660438053E-03
 7806.5 0.714794093629E-03
 7807.4 0.715156555283E-03
 7808.3 0.715850911189E-03
 7809.2 0.716819128461E-03
 7810.1 0.718443199523E-03
 7811.0 0.720237033759E-03
 7811.9 0.722148873005E-03
 7812.8 0.724185173446E-03
 7813.7 0.726308533769E-03
 7814.6 0.728492928736E-03
 7815.5 0.730537106209E-03
 7816.4 0.732341800510E-03
 7817.3 0.733920459938E-03
 7818.2 0.734627266268E-03
 7819.1 0.734474461875E-03
 7820.0 0.733337339834E-03
 7820.9 0.731662691777E-03
 7821.8 0.729844120485E-03
 7822.7 0.727871186707E-03
 7823.6 0.726429655299E-03
 7824.5 0.725228445447E-03
 7825.4 0.724332247340E-03
 7826.3 0.723388074045E-03
 7827.2 0.722359823112E-03
 7828.1 0.721165447529E-03
 7829.0 0.719028989787E-03
 7829.9 0.716629664806E-03
 7830.8 0.714218904048E-03
 7831.7 0.712029289466E-03
 7832.6 0.710146076079E-03
 7833.5 0.709124503750E-03
 7834.4 0.708924053621E-03
 7835.3 0.709193397931E-03
 7836.2 0.709932769548E-03
 7837.1 0.710928656052E-03
 7838.0 0.712109002995E-03
 7838.9 0.713581909663E-03
 7839.8 0.715097492647E-03
 7840.7 0.716637341892E-03
 7841.6 0.718061919240E-03
 7842.5 0.719205972449E-03
 7843.4 0.720097665936E-03
 7844.3 0.720247517765E-03
 7845.2 0.720248578525E-03
 7846.1 0.720087007187E-03
 7847.0 0.719710259653E-03
 7847.9 0.719236057526E-03
 7848.8 0.718645408551E-03
 7849.7 0.718021250624E-03
 7850.6 0.717430896868E-03
 7851.5 0.716902864388E-03
 7852.4 0.716753590484E-03
 7853.3 0.716930607578E-03
 7854.2 0.717647851929E-03
 7855.1 0.718348852922E-03
 7856.0 0.718968995993E-03
 7856.9 0.719385046283E-03
 7857.8 0.719183119605E-03
 7858.7 0.718601054263E-03
 7859.6 0.717418046989E-03
 7860.5 0.715729298279E-03
 7861.4 0.713626146324E-03
 7862.3 0.710582259128E-03
 7863.2 0.706084718576E-03
 7864.1 0.700811709844E-03
 7865.0 0.695704911641E-03
 7865.9 0.691234675869E-03
 7866.8 0.687488268122E-03
 7867.7 0.687655290153E-03
 7868.6 0.689524809963E-03
 7869.5 0.692840108685E-03
 7870.4 0.696975604756E-03
 7871.3 0.700995393473E-03
 7872.2 0.704895818170E-03
 7873.1 0.705819357799E-03
 7874.0 0.706392376963E-03
 7874.9 0.706651345154E-03
 7875.8 0.706682007855E-03
 7876.7 0.706850027151E-03
 7877.6 0.707265822028E-03
 7878.5 0.708140894895E-03
 7879.4 0.709155418844E-03
 7880.3 0.710301487787E-03
 7881.2 0.711601130670E-03
 7882.1 0.713041890281E-03
 7883.0 0.714744668544E-03
 7883.9 0.716507639578E-03
 7884.8 0.718280034937E-03
 7885.7 0.720022263536E-03
 7886.6 0.721651581139E-03
 7887.5 0.723185103972E-03
 7888.4 0.724499496336E-03
 7889.3 0.725577344419E-03
 7890.2 0.726471557177E-03
 7891.1 0.726968034554E-03
 7892.0 0.726869089803E-03
 7892.9 0.726344088797E-03
 7893.8 0.725339539204E-03
 7894.7 0.724163770236E-03
 7895.6 0.722848704446E-03
 7896.5 0.721427040592E-03
 7897.4 0.720041324009E-03
 7898.3 0.718690608716E-03
 7899.2 0.717357104542E-03
 7900.1 0.716060067203E-03
 7901.0 0.714806216168E-03
 7901.9 0.713963193253E-03
 7902.8 0.713213610211E-03
 7903.7 0.712556085653E-03
 7904.6 0.711825381984E-03
 7905.5 0.710960808110E-03
 7906.4 0.709869682303E-03
 7907.3 0.708131484538E-03
 7908.2 0.706221332757E-03
 7909.1 0.704224996502E-03
 7910.0 0.702264948305E-03
 7910.9 0.700452692793E-03
 7911.8 0.699050079930E-03
 7912.7 0.697942052469E-03
 7913.6 0.696974577284E-03
 7914.5 0.696123598529E-03
 7915.4 0.695268800930E-03
 7916.3 0.694323860501E-03
 7917.2 0.692874163422E-03
 7918.1 0.691604671472E-03
 7919.0 0.690498497861E-03
 7919.9 0.689894512367E-03
 7920.8 0.690353186148E-03
 7921.7 0.691673992510E-03
 7922.6 0.694378168520E-03
 7923.5 0.697049019862E-03
 7924.4 0.699689246619E-03
 7925.3 0.701616196648E-03
 7926.2 0.701816695964E-03
 7927.1 0.700073937384E-03
 7928.0 0.697528865062E-03
 7928.9 0.694812342337E-03
 7929.8 0.691923443976E-03
 7930.7 0.689710517627E-03
 7931.6 0.688010619160E-03
 7932.5 0.687053884207E-03
 7933.4 0.686528515915E-03
 7934.3 0.686239280348E-03
 7935.2 0.686285214626E-03
 7936.1 0.687205807526E-03
 7937.0 0.688412496132E-03
 7937.9 0.689771702934E-03
 7938.8 0.690938096640E-03
 7939.7 0.691740203790E-03
 7940.6 0.691456016752E-03
 7941.5 0.689737176460E-03
 7942.4 0.687368254254E-03
 7943.3 0.684988195864E-03
 7944.2 0.683022124431E-03
 7945.1 0.681665537344E-03
 7946.0 0.683270493814E-03
 7946.9 0.685778558769E-03
 7947.8 0.688943457513E-03
 7948.7 0.692424122196E-03
 7949.6 0.695544096807E-03
 7950.5 0.698331901047E-03
 7951.4 0.699201802441E-03
 7952.3 0.699794955715E-03
 7953.2 0.700093588057E-03
 7954.1 0.699997597786E-03
 7955.0 0.699840767217E-03
 7955.9 0.699626501015E-03
 7956.8 0.699326909497E-03
 7957.7 0.698974462889E-03
 7958.6 0.698550598096E-03
 7959.5 0.698071750510E-03
 7960.4 0.697580327411E-03
 7961.3 0.697082084221E-03
 7962.2 0.696611153407E-03
 7963.1 0.696169835788E-03
 7964.0 0.695787713875E-03
 7964.9 0.695501293001E-03
 7965.8 0.695286741937E-03
 7966.7 0.695209377711E-03
 7967.6 0.695295227614E-03
 7968.5 0.695502439002E-03
 7969.4 0.695952544340E-03
 7970.3 0.696896552162E-03
 7971.2 0.698123534557E-03
 7972.1 0.699485764189E-03
 7973.0 0.700836269825E-03
 7973.9 0.702146112862E-03
 7974.8 0.703053626180E-03
 7975.7 0.703675603952E-03
 7976.6 0.704059591848E-03
 7977.5 0.704269181686E-03
 7978.4 0.704425827853E-03
 7979.3 0.704529294519E-03
 7980.2 0.704696321594E-03
 7981.1 0.704864158486E-03
 7982.0 0.705030846526E-03
 7982.9 0.705203775287E-03
 7983.8 0.705462265224E-03
 7984.7 0.705850093879E-03
 7985.6 0.706472712128E-03
 7986.5 0.707034058229E-03
 7987.4 0.707413569188E-03
 7988.3 0.707377168560E-03
 7989.2 0.706807947187E-03
 7990.1 0.705180736547E-03
 7991.0 0.702966481854E-03
 7991.9 0.700492278726E-03
 7992.8 0.697758437697E-03
 7993.7 0.694951402415E-03
 7994.6 0.692142396384E-03
 7995.5 0.689446047680E-03
 7996.4 0.686998368172E-03
 7997.3 0.684761138089E-03
 7998.2 0.683048055740E-03
 7999.1 0.682435521999E-03
 8000.0 0.682601451398E-03
 8000.9 0.683688673906E-03
 8001.8 0.684889855817E-03
 8002.7 0.686160325120E-03
 8003.6 0.686969878389E-03
 8004.5 0.686845097230E-03
 8005.4 0.685834518499E-03
 8006.3 0.684690456316E-03
 8007.2 0.683653728123E-03
 8008.1 0.682743800533E-03
 8009.0 0.683401684490E-03
 8009.9 0.684640675491E-03
 8010.8 0.686560212895E-03
 8011.7 0.688449471885E-03
 8012.6 0.690102051063E-03
 8013.5 0.691340822610E-03
 8014.4 0.690158819009E-03
 8015.3 0.688376719310E-03
 8016.2 0.686326557401E-03
 8017.1 0.684415849715E-03
 8018.0 0.683031494369E-03
 8018.9 0.683051608716E-03
 8019.8 0.684452631092E-03
 8020.7 0.686402382955E-03
 8021.6 0.688519977294E-03
 8022.5 0.690413182204E-03
 8023.4 0.691782261942E-03
 8024.3 0.690876398652E-03
 8025.2 0.689606431809E-03
 8026.1 0.688118827249E-03
 8027.0 0.686598647209E-03
 8027.9 0.685690127963E-03
 8028.8 0.685306414000E-03
 8029.7 0.686340114561E-03
 8030.6 0.687471876281E-03
 8031.5 0.688691021444E-03
 8032.4 0.689750552968E-03
 8033.3 0.690120764803E-03
 8034.2 0.689734171108E-03
 8035.1 0.688817538874E-03
 8036.0 0.687804158182E-03
 8036.9 0.686696956855E-03
 8037.8 0.685870790939E-03
 8038.7 0.685354741071E-03
 8039.6 0.685304611105E-03
 8040.5 0.685194009161E-03
 8041.4 0.684981452900E-03
 8042.3 0.684578056402E-03
 8043.2 0.683027834208E-03
 8044.1 0.681030529609E-03
 8045.0 0.678615140225E-03
 8045.9 0.676340066244E-03
 8046.8 0.674307687889E-03
 8047.7 0.672962531226E-03
 8048.6 0.673010701485E-03
 8049.5 0.673777653838E-03
 8050.4 0.675076408410E-03
 8051.3 0.676620017171E-03
 8052.2 0.678289978240E-03
 8053.1 0.679895167834E-03
 8054.0 0.681406244026E-03
 8054.9 0.682842013799E-03
 8055.8 0.684129215559E-03
 8056.7 0.685256389690E-03
 8057.6 0.686238383333E-03
 8058.5 0.686625940517E-03
 8059.4 0.686838333394E-03
 8060.3 0.686869221178E-03
 8061.2 0.686571635060E-03
 8062.1 0.686046314092E-03
 8063.0 0.685246062220E-03
 8063.9 0.684105041333E-03
 8064.8 0.682909964733E-03
 8065.7 0.681680044353E-03
 8066.6 0.680546679394E-03
 8067.5 0.679725142271E-03
 8068.4 0.679484985504E-03
 8069.3 0.679369976370E-03
 8070.2 0.679283260787E-03
 8071.1 0.679194954263E-03
 8072.0 0.678859758206E-03
 8072.9 0.678343776151E-03
 8073.8 0.677492572188E-03
 8074.7 0.676535155608E-03
 8075.6 0.675516992272E-03
 8076.5 0.674422050154E-03
 8077.4 0.673255957471E-03
 8078.3 0.672058570549E-03
 8079.2 0.670897199326E-03
 8080.1 0.669825354522E-03
 8081.0 0.668842502239E-03
 8081.9 0.668208107009E-03
 8082.8 0.667879119984E-03
 8083.7 0.667798530581E-03
 8084.6 0.667878897927E-03
 8085.5 0.667989452016E-03
 8086.4 0.668129529403E-03
 8087.3 0.668056672493E-03
 8088.2 0.667924788439E-03
 8089.1 0.667727259794E-03
 8090.0 0.667470049546E-03
 8090.9 0.667137839921E-03
 8091.8 0.666701439791E-03
 8092.7 0.665925459706E-03
 8093.6 0.665189526535E-03
 8094.5 0.664614203793E-03
 8095.4 0.664450742416E-03
 8096.3 0.664891515317E-03
 8097.2 0.666534296190E-03
 8098.1 0.668963782042E-03
 8099.0 0.671634458700E-03
 8099.9 0.674345694567E-03
 8100.8 0.676611951973E-03
 8101.7 0.678267029295E-03
 8102.6 0.678142064475E-03
 8103.5 0.677734101633E-03
 8104.4 0.677180061374E-03
 8105.3 0.676575379813E-03
 8106.2 0.676619439748E-03
 8107.1 0.677142329205E-03
 8108.0 0.678459068838E-03
 8108.9 0.679787790341E-03
 8109.8 0.681113121709E-03
 8110.7 0.682178905415E-03
 8111.6 0.682458404224E-03
 8112.5 0.682012101595E-03
 8113.4 0.681266636814E-03
 8114.3 0.680486969620E-03
 8115.2 0.679670454385E-03
 8116.1 0.679327799092E-03
 8117.0 0.679275007094E-03
 8117.9 0.679586504084E-03
 8118.8 0.679989689457E-03
 8119.7 0.680395354035E-03
 8120.6 0.680786170159E-03
 8121.5 0.680839834886E-03
 8122.4 0.680774491257E-03
 8123.3 0.680589159378E-03
 8124.2 0.680298332300E-03
 8125.1 0.679953408066E-03
 8126.0 0.679536013950E-03
 8126.9 0.679060936535E-03
 8127.8 0.678538294358E-03
 8128.7 0.677915424324E-03
 8129.6 0.677195908471E-03
 8130.5 0.676340972425E-03
 8131.4 0.675013252292E-03
 8132.3 0.673643259657E-03
 8133.2 0.672280490120E-03
 8134.1 0.671168498150E-03
 8135.0 0.670531191546E-03
 8135.9 0.670316745704E-03
 8136.8 0.671463545303E-03
 8137.7 0.672787829610E-03
 8138.6 0.674267009475E-03
 8139.5 0.675778334852E-03
 8140.4 0.676983090861E-03
 8141.3 0.677860134790E-03
 8142.2 0.678211975682E-03
 8143.1 0.678356836100E-03
 8144.0 0.678260215951E-03
 8144.9 0.677650777991E-03
 8145.8 0.676604878156E-03
 8146.7 0.674935931105E-03
 8147.6 0.673119317304E-03
 8148.5 0.671314837309E-03
 8149.4 0.669585609592E-03
 8150.3 0.668474838668E-03
 8151.2 0.667725611670E-03
 8152.1 0.667522477681E-03
 8153.0 0.667680715595E-03
 8153.9 0.668067993736E-03
 8154.8 0.668830622433E-03
 8155.7 0.670286232382E-03
 8156.6 0.672054107220E-03
 8157.5 0.673907759809E-03
 8158.4 0.675620021427E-03
 8159.3 0.677133991975E-03
 8160.2 0.677794599115E-03
 8161.1 0.677794445846E-03
 8162.0 0.677313812415E-03
 8162.9 0.676336198443E-03
 8163.8 0.675124701217E-03
 8164.7 0.673710391954E-03
 8165.6 0.671852723503E-03
 8166.5 0.669923730206E-03
 8167.4 0.667922775234E-03
 8168.3 0.665973259154E-03
 8169.2 0.664217554500E-03
 8170.1 0.662700123945E-03
 8171.0 0.661764941866E-03
 8171.9 0.660991068436E-03
 8172.8 0.660387488055E-03
 8173.7 0.659983835137E-03
 8174.6 0.659658449635E-03
 8175.5 0.659425167314E-03
 8176.4 0.659303984365E-03
 8177.3 0.659241432539E-03
 8178.2 0.659260400623E-03
 8179.1 0.659421581026E-03
 8180.0 0.659687097983E-03
 8180.9 0.660144460251E-03
 8181.8 0.660466520553E-03
 8182.7 0.660661190854E-03
 8183.6 0.660543081340E-03
 8184.5 0.659550592669E-03
 8185.4 0.658020615328E-03
 8186.3 0.655887965399E-03
 8187.2 0.653680236192E-03
 8188.1 0.651453168209E-03
 8189.0 0.649510767853E-03
 8189.9 0.648136564443E-03
 8190.8 0.647215691293E-03
 8191.7 0.646623225157E-03
 8192.6 0.646170774304E-03
 8193.5 0.645851656876E-03
 8194.4 0.645660525356E-03
 8195.3 0.645530295246E-03
 8196.2 0.645469217803E-03
 8197.1 0.645563453546E-03
 8198.0 0.645740740023E-03
 8198.9 0.646022143081E-03
 8199.8 0.646625864821E-03
 8200.7 0.647274421659E-03
 8201.6 0.647927843002E-03
 8202.5 0.648477396377E-03
 8203.4 0.648844696452E-03
 8204.3 0.648848812931E-03
 8205.2 0.648457160311E-03
 8206.1 0.647919023979E-03
 8207.0 0.647275764872E-03
 8207.9 0.646615044933E-03
 8208.8 0.646007144000E-03
 8209.7 0.645628200645E-03
 8210.6 0.645329493630E-03
 8211.5 0.645087948351E-03
 8212.4 0.644952633526E-03
 8213.3 0.644890094510E-03
 8214.2 0.644884199704E-03
 8215.1 0.644997174867E-03
 8216.0 0.645230682714E-03
 8216.9 0.645565385657E-03
 8217.8 0.646138084980E-03
 8218.7 0.646950892270E-03
 8219.6 0.647979805082E-03
 8220.5 0.649289465089E-03
 8221.4 0.650695032545E-03
 8222.3 0.652206367096E-03
 8223.2 0.654071370911E-03
 8224.1 0.656152857854E-03
 8225.0 0.658502659243E-03
 8225.9 0.660488883564E-03
 8226.8 0.662135928365E-03
 8227.7 0.663282284321E-03
 8228.6 0.662003165144E-03
 8229.5 0.659867843980E-03
 8230.4 0.656847607853E-03
 8231.3 0.653780861034E-03
 8232.2 0.651030034414E-03
 8233.1 0.649160482295E-03
 8234.0 0.649625861659E-03
 8234.9 0.650989652587E-03
 8235.8 0.652713456965E-03
 8236.7 0.654337065922E-03
 8237.6 0.655545541610E-03
 8238.5 0.654928074089E-03
 8239.4 0.653395626008E-03
 8240.3 0.651336658468E-03
 8241.2 0.649133494186E-03
 8242.1 0.647211536077E-03
 8243.0 0.645616668440E-03
 8243.9 0.645890303193E-03
 8244.8 0.646421764475E-03
 8245.7 0.647175472548E-03
 8246.6 0.648156831269E-03
 8247.5 0.648981598520E-03
 8248.4 0.649643382812E-03
 8249.3 0.649957159580E-03
 8250.2 0.650220555049E-03
 8251.1 0.650435941599E-03
 8252.0 0.650595780574E-03
 8252.9 0.650717024047E-03
 8253.8 0.650785654817E-03
 8254.7 0.650866684710E-03
 8255.6 0.650971551028E-03
 8256.5 0.651119478428E-03
 8257.4 0.651407173022E-03
 8258.3 0.651786859334E-03
 8259.2 0.652315269280E-03
 8260.1 0.652940552752E-03
 8261.0 0.653623740001E-03
 8261.9 0.654396112381E-03
 8262.8 0.655583960831E-03
 8263.7 0.656926050639E-03
 8264.6 0.658195186831E-03
 8265.5 0.659179478303E-03
 8266.4 0.659839571308E-03
 8267.3 0.659344557269E-03
 8268.2 0.657725262004E-03
 8269.1 0.655366596546E-03
 8270.0 0.652889651846E-03
 8270.9 0.650661506873E-03
 8271.8 0.648724537215E-03
 8272.7 0.649766616324E-03
 8273.6 0.651386216055E-03
 8274.5 0.653573159832E-03
 8275.4 0.655621647741E-03
 8276.3 0.656960259340E-03
 8277.2 0.657446444386E-03
 8278.1 0.654792927626E-03
 8279.0 0.651668997946E-03
 8279.9 0.648209182384E-03
 8280.8 0.644854890955E-03
 8281.7 0.642286148974E-03
 8282.6 0.641141745741E-03
 8283.5 0.641196737114E-03
 8284.4 0.641648351283E-03
 8285.3 0.642434061686E-03
 8286.2 0.643268756595E-03
 8287.1 0.643946011281E-03
 8288.0 0.644105079166E-03
 8288.9 0.644189612422E-03
 8289.8 0.644228112714E-03
 8290.7 0.644195531181E-03
 8291.6 0.644218149565E-03
 8292.5 0.644264404216E-03
 8293.4 0.644291578738E-03
 8294.3 0.644161691133E-03
 8295.2 0.643898320915E-03
 8296.1 0.643278381730E-03
 8297.0 0.641966332294E-03
 8297.9 0.640123284500E-03
 8298.8 0.638089314579E-03
 8299.7 0.636094321881E-03
 8300.6 0.634135468662E-03
 8301.5 0.632794704678E-03
 8302.4 0.631827475457E-03
 8303.3 0.631280522102E-03
 8304.2 0.631197244415E-03
 8305.1 0.631347018140E-03
 8306.0 0.631783257722E-03
 8306.9 0.632962419723E-03
 8307.8 0.634357883354E-03
 8308.7 0.635971195785E-03
 8309.6 0.637688082939E-03
 8310.5 0.639390540147E-03
 8311.4 0.641018524659E-03
 8312.3 0.642405227043E-03
 8313.2 0.643628722600E-03
 8314.1 0.644576280438E-03
 8315.0 0.645146425770E-03
 8315.9 0.645343019381E-03
 8316.8 0.644650908841E-03
 8317.7 0.643509293415E-03
 8318.6 0.642100026154E-03
 8319.5 0.640365130220E-03
 8320.4 0.638507016651E-03
 8321.3 0.636578870189E-03
 8322.2 0.634655767367E-03
 8323.1 0.632730099831E-03
 8324.0 0.630807595680E-03
 8324.9 0.628964788893E-03
 8325.8 0.627328295329E-03
 8326.7 0.625874226492E-03
 8327.6 0.624662627082E-03
 8328.5 0.623498742481E-03
 8329.4 0.622386090832E-03
 8330.3 0.621201927658E-03
 8331.2 0.619791671592E-03
 8332.1 0.618087340548E-03
 8333.0 0.616666655007E-03
 8333.9 0.615499377580E-03
 8334.8 0.614697289048E-03
 8335.7 0.615297294288E-03
 8336.6 0.616550614306E-03
 8337.5 0.618649670132E-03
 8338.4 0.621082099425E-03
 8339.3 0.623604270279E-03
 8340.2 0.626147572140E-03
 8341.1 0.628056986942E-03
 8342.0 0.629693627436E-03
 8342.9 0.631111998670E-03
 8343.8 0.632314208722E-03
 8344.7 0.633367140631E-03
 8345.6 0.634151792482E-03
 8346.5 0.634704973251E-03
 8347.4 0.635083807510E-03
 8348.3 0.635112908820E-03
 8349.2 0.634882044852E-03
 8350.1 0.634403653858E-03
 8351.0 0.632997589652E-03
 8351.9 0.631450835007E-03
 8352.8 0.629788385703E-03
 8353.7 0.628145887422E-03
 8354.6 0.626831523887E-03
 8355.5 0.625849699592E-03
 8356.4 0.625742301104E-03
 8357.3 0.625714724301E-03
 8358.2 0.625754106848E-03
 8359.1 0.625707991258E-03
 8360.0 0.625152017417E-03
 8360.9 0.623824717166E-03
 8361.8 0.622314306976E-03
 8362.7 0.620888463355E-03
 8363.6 0.619677210052E-03
 8364.5 0.619486064058E-03
 8365.4 0.620120416346E-03
 8366.3 0.622203620923E-03
 8367.2 0.624469220143E-03
 8368.1 0.626717879642E-03
 8369.0 0.628738501698E-03
 8369.9 0.628980870808E-03
 8370.8 0.628300217554E-03
 8371.7 0.626698128719E-03
 8372.6 0.625095641161E-03
 8373.5 0.623631020303E-03
 8374.4 0.623022421417E-03
 8375.3 0.624021368035E-03
 8376.2 0.626068489991E-03
 8377.1 0.628476464751E-03
 8378.0 0.630819823378E-03
 8378.9 0.633051313225E-03
 8379.8 0.633665584428E-03
 8380.7 0.633658087225E-03
 8381.6 0.633055855027E-03
 8382.5 0.632135018109E-03
 8383.4 0.631236087118E-03
 8384.3 0.630368353386E-03
 8385.2 0.630464824649E-03
 8386.1 0.630657036228E-03
 8387.0 0.630889866186E-03
 8387.9 0.631045053740E-03
 8388.8 0.630967667770E-03
 8389.7 0.630491212534E-03
 8390.6 0.629563298170E-03
 8391.5 0.628534009817E-03
 8392.4 0.627481301423E-03
 8393.3 0.626545859010E-03
 8394.2 0.625850974155E-03
 8395.1 0.625761117920E-03
 8396.0 0.625874472655E-03
 8396.9 0.626104933802E-03
 8397.8 0.626498620332E-03
 8398.7 0.627061095372E-03
 8399.6 0.627728126274E-03
 8400.5 0.628531653053E-03
 8401.4 0.629229817280E-03
 8402.3 0.629829147769E-03
 8403.2 0.630109123849E-03
 8404.1 0.629551202477E-03
 8405.0 0.628357739139E-03
 8405.9 0.626784838791E-03
 8406.8 0.625245497925E-03
 8407.7 0.623736452827E-03
 8408.6 0.623018503343E-03
 8409.5 0.622926891157E-03
 8410.4 0.623529090539E-03
 8411.3 0.624423644380E-03
 8412.2 0.625364322314E-03
 8413.1 0.626346379485E-03
 8414.0 0.626966555058E-03
 8414.9 0.627414104019E-03
 8415.8 0.627640000495E-03
 8416.7 0.627556847243E-03
 8417.6 0.627196857102E-03
 8418.5 0.626369912321E-03
 8419.4 0.624585847218E-03
 8420.3 0.622557595953E-03
 8421.2 0.620534151104E-03
 8422.1 0.618830968302E-03
 8423.0 0.617702307685E-03
 8423.9 0.618231519051E-03
 8424.8 0.619651037104E-03
 8425.7 0.621488895323E-03
 8426.6 0.623448531388E-03
 8427.5 0.625072873593E-03
 8428.4 0.626289179920E-03
 8429.3 0.625830338941E-03
 8430.2 0.624985731873E-03
 8431.1 0.623840295236E-03
 8432.0 0.622210444651E-03
 8432.9 0.620219500033E-03
 8433.8 0.617916206350E-03
 8434.7 0.615288785964E-03
 8435.6 0.612791923594E-03
 8436.5 0.610431553697E-03
 8437.4 0.608712574057E-03
 8438.3 0.607941752034E-03
 8439.2 0.608357262210E-03
 8440.1 0.609518385343E-03
 8441.0 0.610991417916E-03
 8441.9 0.612845399478E-03
 8442.8 0.615092213936E-03
 8443.7 0.617486051702E-03
 8444.6 0.620045553611E-03
 8445.5 0.622592590263E-03
 8446.4 0.625067229857E-03
 8447.3 0.627367101163E-03
 8448.2 0.628937975322E-03
 8449.1 0.630159717259E-03
 8450.0 0.630995327987E-03
 8450.9 0.631540305374E-03
 8451.8 0.631881681865E-03
 8452.7 0.631847849666E-03
 8453.6 0.631525830137E-03
 8454.5 0.631037954841E-03
 8455.4 0.630449485542E-03
 8456.3 0.629890689878E-03
 8457.2 0.629424349164E-03
 8458.1 0.629798960346E-03
 8459.0 0.630285535548E-03
 8459.9 0.630855086621E-03
 8460.8 0.631189356140E-03
 8461.7 0.631111244911E-03
 8462.6 0.630626214934E-03
 8463.5 0.628681816180E-03
 8464.4 0.626554665574E-03
 8465.3 0.624246323077E-03
 8466.2 0.621913066546E-03
 8467.1 0.619917185670E-03
 8468.0 0.618427975641E-03
 8468.9 0.617417296447E-03
 8469.8 0.616545714195E-03
 8470.7 0.615806142127E-03
 8471.6 0.615151146857E-03
 8472.5 0.614511148209E-03
 8473.4 0.613864081902E-03
 8474.3 0.613163112625E-03
 8475.2 0.612408622516E-03
 8476.1 0.611539614114E-03
 8477.0 0.610290598156E-03
 8477.9 0.608822195453E-03
 8478.8 0.607054666847E-03
 8479.7 0.605274106197E-03
 8480.6 0.603513479548E-03
 8481.5 0.601907360655E-03
 8482.4 0.600987575604E-03
 8483.3 0.600486055674E-03
 8484.2 0.599961609294E-03
 8485.1 0.599254901323E-03
 8486.0 0.598366299836E-03
 8486.9 0.596511316313E-03
 8487.8 0.594075939761E-03
 8488.7 0.591100025496E-03
 8489.6 0.587501265689E-03
 8490.5 0.583647322077E-03
 8491.4 0.579507319635E-03
 8492.3 0.573753081565E-03
 8493.2 0.567986734706E-03
 8494.1 0.562345418396E-03
 8495.0 0.557662257214E-03
 8495.9 0.554117818228E-03
 8496.8 0.552352680324E-03
 8497.7 0.553629260624E-03
 8498.6 0.556055134664E-03
 8499.5 0.559719469081E-03
 8500.4 0.564505276688E-03
 8501.3 0.570081326516E-03
 8502.2 0.577030743913E-03
 8503.1 0.584287944766E-03
 8504.0 0.591524423141E-03
 8504.9 0.598272329523E-03
 8505.8 0.603369788283E-03
 8506.7 0.607049945831E-03
 8507.6 0.607263587342E-03
 8508.5 0.606676457013E-03
 8509.4 0.605562392950E-03
 8510.3 0.603911943879E-03
 8511.2 0.602900488330E-03
 8512.1 0.602379703941E-03
 8513.0 0.602417412590E-03
 8513.9 0.602541433286E-03
 8514.8 0.602742674205E-03
 8515.7 0.603146453670E-03
 8516.6 0.603739401782E-03
 8517.5 0.604536372428E-03
 8518.4 0.605125455660E-03
 8519.3 0.605500434465E-03
 8520.2 0.605604417716E-03
 8521.1 0.604557316516E-03
 8522.0 0.602990893464E-03
 8522.9 0.600772508370E-03
 8523.8 0.598072867977E-03
 8524.7 0.595181773430E-03
 8525.6 0.592067673011E-03
 8526.5 0.589353014568E-03
 8527.4 0.586588513855E-03
 8528.3 0.583436237666E-03
 8529.2 0.579683268041E-03
 8530.1 0.575350161824E-03
 8531.0 0.569708583194E-03
 8531.9 0.562954309906E-03
 8532.8 0.555599780419E-03
 8533.7 0.547661323625E-03
 8534.6 0.539468481713E-03
 8535.5 0.530972597276E-03
 8536.4 0.521301061748E-03
 8537.3 0.512138612553E-03
 8538.2 0.503453865301E-03
 8539.1 0.496505363852E-03
 8540.0 0.491842919982E-03
 8540.9 0.489181701389E-03
 8541.8 0.491410970265E-03
 8542.7 0.494958696940E-03
 8543.6 0.499848530870E-03
 8544.5 0.506798958594E-03
 8545.4 0.514798936211E-03
 8546.3 0.524031189058E-03
 8547.2 0.534029572842E-03
 8548.1 0.544028858502E-03
 8549.0 0.553925229084E-03
 8549.9 0.562160746173E-03
 8550.8 0.569003457366E-03
 8551.7 0.573655492344E-03
 8552.6 0.577325014498E-03
 8553.5 0.580531114591E-03
 8554.4 0.583145827745E-03
 8555.3 0.585873819515E-03
 8556.2 0.588587122739E-03
 8557.1 0.591144058833E-03
 8558.0 0.593391365865E-03
 8558.9 0.595422435372E-03
 8559.8 0.597056375395E-03
 8560.7 0.598310598422E-03
 8561.6 0.599309062805E-03
 8562.5 0.599913031579E-03
 8563.4 0.600252625987E-03
 8564.3 0.600362978153E-03
 8565.2 0.599822167747E-03
 8566.1 0.599061944392E-03
 8567.0 0.598130996259E-03
 8567.9 0.597224331779E-03
 8568.8 0.596529054105E-03
 8569.7 0.596036873556E-03
 8570.6 0.597030049260E-03
 8571.5 0.598107716854E-03
 8572.4 0.599257339291E-03
 8573.3 0.600216589564E-03
 8574.2 0.600625890974E-03
 8575.1 0.600256241423E-03
 8576.0 0.598895411513E-03
 8576.9 0.597345598543E-03
 8577.8 0.595693587140E-03
 8578.7 0.594197382310E-03
 8579.6 0.593215931337E-03
 8580.5 0.593332418146E-03
 8581.4 0.593694292039E-03
 8582.3 0.594152674443E-03
 8583.2 0.594691039953E-03
 8584.1 0.594952444598E-03
 8585.0 0.595007374039E-03
 8585.9 0.594656946663E-03
 8586.8 0.594252283284E-03
 8587.7 0.593823663830E-03
 8588.6 0.593405226548E-03
 8589.5 0.593175296113E-03
 8590.4 0.593069747385E-03
 8591.3 0.593071589031E-03
 8592.2 0.593117753481E-03
 8593.1 0.593196101278E-03
 8594.0 0.593264900096E-03
 8594.9 0.593305936329E-03
 8595.8 0.593321798014E-03
 8596.7 0.593483769062E-03
 8597.6 0.593750537208E-03
 8598.5 0.594133729736E-03
 8599.4 0.595285257523E-03
 8600.3 0.596585427775E-03
 8601.2 0.598031071400E-03
 8602.1 0.599354489794E-03
 8603.0 0.600437750413E-03
 8603.9 0.601137906414E-03
 8604.8 0.600827690031E-03
 8605.7 0.600224785197E-03
 8606.6 0.599392083951E-03
 8607.5 0.598441798824E-03
 8608.4 0.597543840541E-03
 8609.3 0.596870881943E-03
 8610.2 0.596363669425E-03
 8611.1 0.595935533687E-03
 8612.0 0.595585865470E-03
 8612.9 0.595311994584E-03
 8613.8 0.595096836831E-03
 8614.7 0.595006738639E-03
 8615.6 0.594957300784E-03
 8616.5 0.594934239158E-03
 8617.4 0.594938845394E-03
 8618.3 0.594898795591E-03
 8619.2 0.594824501249E-03
 8620.1 0.594703572049E-03
 8621.0 0.594600851329E-03
 8621.9 0.594514786252E-03
 8622.8 0.594508285316E-03
 8623.7 0.594753321748E-03
 8624.6 0.595262501065E-03
 8625.5 0.595663987912E-03
 8626.4 0.595925830549E-03
 8627.3 0.596012976084E-03
 8628.2 0.595137397049E-03
 8629.1 0.593771827679E-03
 8630.0 0.591775063816E-03
 8630.9 0.589702195318E-03
 8631.8 0.587705184490E-03
 8632.7 0.585883787720E-03
 8633.6 0.585382993512E-03
 8634.5 0.585344750344E-03
 8635.4 0.585687286201E-03
 8636.3 0.586214948087E-03
 8637.2 0.586832852354E-03
 8638.1 0.587553471619E-03
 8639.0 0.588232299178E-03
 8639.9 0.588796319131E-03
 8640.8 0.588919675899E-03
 8641.7 0.588476529297E-03
 8642.6 0.587391547444E-03
 8643.5 0.584003200857E-03
 8644.4 0.579945507706E-03
 8645.3 0.575432217527E-03
 8646.2 0.570713793496E-03
 8647.1 0.566568986789E-03
 8648.0 0.562952504706E-03
 8648.9 0.561620967310E-03
 8649.8 0.560242149697E-03
 8650.7 0.558816470277E-03
 8651.6 0.556655083962E-03
 8652.5 0.552930602403E-03
 8653.4 0.547325612964E-03
 8654.3 0.539982607357E-03
 8655.2 0.532360525424E-03
 8656.1 0.524529517624E-03
 8657.0 0.517056712373E-03
 8657.9 0.510067725309E-03
 8658.8 0.503885675749E-03
 8659.7 0.499117094977E-03
 8660.6 0.495351046390E-03
 8661.5 0.493233945375E-03
 8662.4 0.494967931906E-03
 8663.3 0.498798599257E-03
 8664.2 0.505563444530E-03
 8665.1 0.513528020354E-03
 8666.0 0.522077627285E-03
 8666.9 0.531125135213E-03
 8667.8 0.539291376422E-03
 8668.7 0.546938393737E-03
 8669.6 0.554080959448E-03
 8670.5 0.560631960348E-03
 8671.4 0.566627664249E-03
 8672.3 0.570767822751E-03
 8673.2 0.573757891928E-03
 8674.1 0.575829515419E-03
 8675.0 0.576927138339E-03
 8675.9 0.577664447355E-03
 8676.8 0.578064688529E-03
 8677.7 0.578644872346E-03
 8678.6 0.579077386663E-03
 8679.5 0.579338527987E-03
 8680.4 0.579294727971E-03
 8681.3 0.579069908023E-03
 8682.2 0.578616831245E-03
 8683.1 0.577840103690E-03
 8684.0 0.576979856970E-03
 8684.9 0.576044151554E-03
 8685.8 0.575111853486E-03
 8686.7 0.574299473892E-03
 8687.6 0.573749802949E-03
 8688.5 0.573330466288E-03
 8689.4 0.572970611446E-03
 8690.3 0.572679058975E-03
 8691.2 0.572335958775E-03
 8692.1 0.571932969465E-03
 8693.0 0.571374399644E-03
 8693.9 0.571010940536E-03
 8694.8 0.570811957147E-03
 8695.7 0.571007471739E-03
 8696.6 0.572182972564E-03
 8697.5 0.574001140378E-03
 8698.4 0.576442722146E-03
 8699.3 0.578874789414E-03
 8700.2 0.581262218129E-03
 8701.1 0.583020198981E-03
 8702.0 0.583906220147E-03
 8702.9 0.584019407395E-03
 8703.8 0.583590491335E-03
 8704.7 0.582982164236E-03
 8705.6 0.582179475177E-03
 8706.5 0.581339940972E-03
 8707.4 0.580489885603E-03
 8708.3 0.579628161971E-03
 8709.2 0.578708042184E-03
 8710.1 0.577778397582E-03
 8711.0 0.576843357578E-03
 8711.9 0.575997404308E-03
 8712.8 0.575175830932E-03
 8713.7 0.574372668414E-03
 8714.6 0.573593247543E-03
 8715.5 0.572812733173E-03
 8716.4 0.572013847786E-03
 8717.3 0.571225204575E-03
 8718.2 0.570465951452E-03
 8719.1 0.569796457083E-03
 8720.0 0.569245321222E-03
 8720.9 0.568797630611E-03
 8721.8 0.568600092648E-03
 8722.7 0.568555609433E-03
 8723.6 0.568624624270E-03
 8724.5 0.568911077067E-03
 8725.4 0.569406700840E-03
 8726.3 0.570068107325E-03
 8727.2 0.571048079553E-03
 8728.1 0.572104881561E-03
 8729.0 0.573226749052E-03
 8729.9 0.574400887132E-03
 8730.8 0.575593605339E-03
 8731.7 0.576805321204E-03
 8732.6 0.577873361753E-03
 8733.5 0.578809763844E-03
 8734.4 0.579586668338E-03
 8735.3 0.579761607430E-03
 8736.2 0.579532025946E-03
 8737.1 0.578759176661E-03
 8738.0 0.577803202726E-03
 8738.9 0.576820883414E-03
 8739.8 0.575842094376E-03
 8740.7 0.575717800719E-03
 8741.6 0.575863919013E-03
 8742.5 0.576198948612E-03
 8743.4 0.576316380623E-03
 8744.3 0.576138831512E-03
 8745.2 0.575235084585E-03
 8746.1 0.572989534800E-03
 8747.0 0.570148086472E-03
 8747.9 0.567061518010E-03
 8748.8 0.564061677459E-03
 8749.7 0.561290719941E-03
 8750.6 0.559686184569E-03
 8751.5 0.558687980571E-03
 8752.4 0.558115654498E-03
 8753.3 0.557971188898E-03
 8754.2 0.557981809635E-03
 8755.1 0.558110160264E-03
 8756.0 0.558122915479E-03
 8756.9 0.558270122562E-03
 8757.8 0.558547084506E-03
 8758.7 0.559135118785E-03
 8759.6 0.560035531068E-03
 8760.5 0.561299699488E-03
 8761.4 0.563030068537E-03
 8762.3 0.564821945083E-03
 8763.2 0.566654108137E-03
 8764.1 0.568357094642E-03
 8765.0 0.569783898474E-03
 8765.9 0.570741712862E-03
 8766.8 0.571419215144E-03
 8767.7 0.571936501630E-03
 8768.6 0.572218918232E-03
 8769.5 0.572144084419E-03
 8770.4 0.571862705774E-03
 8771.3 0.571271474638E-03
 8772.2 0.570568014493E-03
 8773.1 0.569816624199E-03
 8774.0 0.569041755454E-03
 8774.9 0.568568233241E-03
 8775.8 0.568250114719E-03
 8776.7 0.567996096469E-03
 8777.6 0.567724698621E-03
 8778.5 0.567428759936E-03
 8779.4 0.567005581291E-03
 8780.3 0.566455676859E-03
 8781.2 0.565804193515E-03
 8782.1 0.565002931933E-03
 8783.0 0.564113143536E-03
 8783.9 0.563142722438E-03
 8784.8 0.561419435034E-03
 8785.7 0.559674007479E-03
 8786.6 0.557905709078E-03
 8787.5 0.556551787167E-03
 8788.4 0.555722724474E-03
 8789.3 0.555583078212E-03
 8790.2 0.557274679350E-03
 8791.1 0.559370722451E-03
 8792.0 0.561791764115E-03
 8792.9 0.564302085283E-03
 8793.8 0.566621837449E-03
 8794.7 0.568499428173E-03
 8795.6 0.569829352089E-03
 8796.5 0.570825655594E-03
 8797.4 0.571299815336E-03
 8798.3 0.570947072080E-03
 8799.2 0.569847675441E-03
 8800.1 0.567087134248E-03
 8801.0 0.564046154012E-03
 8801.9 0.560901300727E-03
 8802.8 0.557864651279E-03
 8803.7 0.555815886106E-03
 8804.6 0.554477866158E-03
 8805.5 0.554339681916E-03
 8806.4 0.554551440112E-03
 8807.3 0.555033833847E-03
 8808.2 0.555905724634E-03
 8809.1 0.556887925311E-03
 8810.0 0.557966004925E-03
 8810.9 0.559130328370E-03
 8811.8 0.560261373496E-03
 8812.7 0.561357316835E-03
 8813.6 0.562017874062E-03
 8814.5 0.562444125417E-03
 8815.4 0.562589565395E-03
 8816.3 0.562550886735E-03
 8817.2 0.562441729102E-03
 8818.1 0.562248879939E-03
 8819.0 0.561957634620E-03
 8819.9 0.561655937070E-03
 8820.8 0.561365667037E-03
 8821.7 0.561164616057E-03
 8822.6 0.561088234525E-03
 8823.5 0.561274928872E-03
 8824.4 0.561809950697E-03
 8825.3 0.562480462068E-03
 8826.2 0.563229064107E-03
 8827.1 0.563971326509E-03
 8828.0 0.564610744988E-03
 8828.9 0.564793704784E-03
 8829.8 0.564914191316E-03
 8830.7 0.565019830574E-03
 8831.6 0.565248067544E-03
 8832.5 0.565844611909E-03
 8833.4 0.566764117508E-03
 8834.3 0.568641850803E-03
 8835.2 0.570472827501E-03
 8836.1 0.572253668231E-03
 8837.0 0.573588381471E-03
 8837.9 0.573999934219E-03
 8838.8 0.573492420321E-03
 8839.7 0.571937272829E-03
 8840.6 0.570176724110E-03
 8841.5 0.568197213392E-03
 8842.4 0.566228201295E-03
 8843.3 0.564496340265E-03
 8844.2 0.563120564235E-03
 8845.1 0.561922780852E-03
 8846.0 0.560835797611E-03
 8846.9 0.559908194088E-03
 8847.8 0.559376940109E-03
 8848.7 0.559033569121E-03
 8849.6 0.558932458826E-03
 8850.5 0.558921355953E-03
 8851.4 0.558933920762E-03
 8852.3 0.558937117163E-03
 8853.2 0.558740868784E-03
 8854.1 0.558445292343E-03
 8855.0 0.558059541634E-03
 8855.9 0.557590213701E-03
 8856.8 0.557034864405E-03
 8857.7 0.556212657981E-03
 8858.6 0.555254038298E-03
 8859.5 0.554218350519E-03
 8860.4 0.553254829179E-03
 8861.3 0.552419121420E-03
 8862.2 0.551723618184E-03
 8863.1 0.552018575970E-03
 8864.0 0.552413079597E-03
 8864.9 0.552901121988E-03
 8865.8 0.553365070660E-03
 8866.7 0.553521002851E-03
 8867.6 0.553322038778E-03
 8868.5 0.552374227218E-03
 8869.4 0.551408775244E-03
 8870.3 0.550487466819E-03
 8871.2 0.549892508223E-03
 8872.1 0.550014762138E-03
 8873.0 0.551327202011E-03
 8873.9 0.553080062572E-03
 8874.8 0.554898897869E-03
 8875.7 0.556673439032E-03
 8876.6 0.557663420986E-03
 8877.5 0.557996190758E-03
 8878.4 0.557068001317E-03
 8879.3 0.555961752542E-03
 8880.2 0.554819997348E-03
 8881.1 0.553787598888E-03
 8882.0 0.553872043059E-03
 8882.9 0.554583143512E-03
 8883.8 0.555876596492E-03
 8884.7 0.557170480613E-03
 8885.6 0.558402855320E-03
 8886.5 0.559117988193E-03
 8887.4 0.559028090732E-03
 8888.3 0.558336089096E-03
 8889.2 0.557273401349E-03
 8890.1 0.556097109592E-03
 8891.0 0.554820236526E-03
 8891.9 0.553579622692E-03
 8892.8 0.552407796171E-03
 8893.7 0.551310821739E-03
 8894.6 0.550433610927E-03
 8895.5 0.549745765736E-03
 8896.4 0.549296837688E-03
 8897.3 0.549668413478E-03
 8898.2 0.550245953869E-03
 8899.1 0.551017184893E-03
 8900.0 0.551934830927E-03
 8900.9 0.552842061111E-03
 8901.8 0.553674651178E-03
 8902.7 0.554388141335E-03
 8903.6 0.555058483004E-03
 8904.5 0.555693468795E-03
 8905.4 0.556280547697E-03
 8906.3 0.556797027846E-03
 8907.2 0.557123856365E-03
 8908.1 0.557450233663E-03
 8909.0 0.557789122297E-03
 8909.9 0.558189085395E-03
 8910.8 0.558838473969E-03
 8911.7 0.559671158712E-03
 8912.6 0.560845004982E-03
 8913.5 0.561977696442E-03
 8914.4 0.563065218349E-03
 8915.3 0.563923945147E-03
 8916.2 0.564274861913E-03
 8917.1 0.564193358201E-03
 8918.0 0.563721349943E-03
 8918.9 0.563135388417E-03
 8919.8 0.562432393807E-03
 8920.7 0.561558965990E-03
 8921.6 0.560642882442E-03
 8922.5 0.559680154331E-03
 8923.4 0.558899637121E-03
 8924.3 0.558285476217E-03
 8925.2 0.557904513719E-03
 8926.1 0.559103450254E-03
 8927.0 0.560701033239E-03
 8927.9 0.562596091685E-03
 8928.8 0.564098536815E-03
 8929.7 0.564992129974E-03
 8930.6 0.564607193788E-03
 8931.5 0.561611764643E-03
 8932.4 0.557669206373E-03
 8933.3 0.553285036195E-03
 8934.2 0.549035683322E-03
 8935.1 0.545336515754E-03
 8936.0 0.543797234171E-03
 8936.9 0.543350500892E-03
 8937.8 0.543524762535E-03
 8938.7 0.544087699935E-03
 8939.6 0.544512211213E-03
 8940.5 0.544708557079E-03
 8941.4 0.543390656963E-03
 8942.3 0.542096567904E-03
 8943.2 0.540834495339E-03
 8944.1 0.539955897724E-03
 8945.0 0.539872674967E-03
 8945.9 0.540560461093E-03
 8946.8 0.542502744867E-03
 8947.7 0.544643971905E-03
 8948.6 0.546994882887E-03
 8949.5 0.549378378787E-03
 8950.4 0.551385386202E-03
 8951.3 0.552837020672E-03
 8952.2 0.554122752068E-03
 8953.1 0.555337121303E-03
 8954.0 0.556462721360E-03
 8954.9 0.557665286690E-03
 8955.8 0.558903728097E-03
 8956.7 0.560188075557E-03
 8957.6 0.561278191088E-03
 8958.5 0.562217708589E-03
 8959.4 0.562875268162E-03
 8960.3 0.562950801235E-03
 8961.2 0.562706391328E-03
 8962.1 0.562060709581E-03
 8963.0 0.561114055683E-03
 8963.9 0.559941316543E-03
 8964.8 0.558306520753E-03
 8965.7 0.556345697879E-03
 8966.6 0.554177837353E-03
 8967.5 0.551910129881E-03
 8968.4 0.549694396590E-03
 8969.3 0.547541423648E-03
 8970.2 0.545868408361E-03
 8971.1 0.544421249946E-03
 8972.0 0.543180726541E-03
 8972.9 0.542398782522E-03
 8973.8 0.541926762381E-03
 8974.7 0.541800953840E-03
 8975.6 0.542480157902E-03
 8976.5 0.543379245289E-03
 8977.4 0.544517971071E-03
 8978.3 0.545905338628E-03
 8979.2 0.547336159736E-03
 8980.1 0.548791122095E-03
 8981.0 0.550261828380E-03
 8981.9 0.551734102789E-03
 8982.8 0.553203464693E-03
 8983.7 0.554653680069E-03
 8984.6 0.556110677673E-03
 8985.5 0.557600135808E-03
 8986.4 0.558840272617E-03
 8987.3 0.559881201771E-03
 8988.2 0.560514130625E-03
 8989.1 0.560391505371E-03
 8990.0 0.559775199561E-03
 8990.9 0.558375245167E-03
 8991.8 0.556610555751E-03
 8992.7 0.554585182725E-03
 8993.6 0.552133200199E-03
 8994.5 0.549247552270E-03
 8995.4 0.546061349221E-03
 8996.3 0.542929169849E-03
 8997.2 0.540022399562E-03
 8998.1 0.537329612949E-03
 8999.0 0.536361274983E-03
 8999.9 0.536157916061E-03
 9000.8 0.536765049804E-03
 9001.7 0.537504816137E-03
 9002.6 0.538075711997E-03
 9003.5 0.538419579760E-03
 9004.4 0.536325702404E-03
 9005.3 0.533736997896E-03
 9006.2 0.530745384914E-03
 9007.1 0.527581868926E-03
 9008.0 0.524532951492E-03
 9008.9 0.521771671064E-03
 9009.8 0.519652848503E-03
 9010.7 0.517843887204E-03
 9011.6 0.516433569346E-03
 9012.5 0.515518271126E-03
 9013.4 0.515062983933E-03
 9014.3 0.515611567873E-03
 9015.2 0.516634401967E-03
 9016.1 0.517920416368E-03
 9017.0 0.519501134296E-03
 9017.9 0.521071263101E-03
 9018.8 0.522591942223E-03
 9019.7 0.523813427385E-03
 9020.6 0.525040891453E-03
 9021.5 0.526274485584E-03
 9022.4 0.527534345276E-03
 9023.3 0.528772282205E-03
 9024.2 0.529994398581E-03
 9025.1 0.531294144361E-03
 9026.0 0.532686036533E-03
 9026.9 0.534170075098E-03
 9027.8 0.536086481275E-03
 9028.7 0.538430655753E-03
 9029.6 0.541286089750E-03
 9030.5 0.544044901457E-03
 9031.4 0.546613869247E-03
 9032.3 0.548907565951E-03
 9033.2 0.549650035331E-03
 9034.1 0.549744502040E-03
 9035.0 0.549046011533E-03
 9035.9 0.548095467797E-03
 9036.8 0.547151651351E-03
 9037.7 0.546354751542E-03
 9038.6 0.546740075596E-03
 9039.5 0.547505854569E-03
 9040.4 0.548356086820E-03
 9041.3 0.549090981436E-03
 9042.2 0.549584781539E-03
 9043.1 0.549260816088E-03
 9044.0 0.548333071890E-03
 9044.9 0.547079658983E-03
 9045.8 0.545673738227E-03
 9046.7 0.544308645435E-03
 9047.6 0.543054561649E-03
 9048.5 0.542654683944E-03
 9049.4 0.542385939577E-03
 9050.3 0.542223811664E-03
 9051.2 0.542202884795E-03
 9052.1 0.542227623506E-03
 9053.0 0.542295463422E-03
 9053.9 0.542364099723E-03
 9054.8 0.542369285239E-03
 9055.7 0.542300967032E-03
 9056.6 0.542002786506E-03
 9057.5 0.541295359331E-03
 9058.4 0.540026143967E-03
 9059.3 0.538549854314E-03
 9060.2 0.537075656935E-03
 9061.1 0.535651989521E-03
 9062.0 0.534633964081E-03
 9062.9 0.533941068155E-03
 9063.8 0.533794153025E-03
 9064.7 0.534006779730E-03
 9065.6 0.534434842343E-03
 9066.5 0.535196800842E-03
 9067.4 0.536834666853E-03
 9068.3 0.538847457016E-03
 9069.2 0.541075338048E-03
 9070.1 0.543012497906E-03
 9071.0 0.544598621006E-03
 9071.9 0.545024069462E-03
 9072.8 0.543795282620E-03
 9073.7 0.541524006445E-03
 9074.6 0.538612313314E-03
 9075.5 0.535551187539E-03
 9076.4 0.532429211658E-03
 9077.3 0.530129748764E-03
 9078.2 0.528173172976E-03
 9079.1 0.526523037151E-03
 9080.0 0.525175224014E-03
 9080.9 0.523943899585E-03
 9081.8 0.522839900024E-03
 9082.7 0.521788617413E-03
 9083.6 0.520897037872E-03
 9084.5 0.520216505010E-03
 9085.4 0.519956949163E-03
 9086.3 0.520183329038E-03
 9087.2 0.521140869680E-03
 9088.1 0.522791559359E-03
 9089.0 0.524551194777E-03
 9089.9 0.526282981544E-03
 9090.8 0.527615625596E-03
 9091.7 0.528183119610E-03
 9092.6 0.526983562957E-03
 9093.5 0.525475842112E-03
 9094.4 0.523867937941E-03
 9095.3 0.522273190721E-03
 9096.2 0.521357630254E-03
 9097.1 0.520943509828E-03
 9098.0 0.521525917420E-03
 9098.9 0.522436363859E-03
 9099.8 0.523574615427E-03
 9100.7 0.525062625217E-03
 9101.6 0.526919130217E-03
 9102.5 0.529029535310E-03
 9103.4 0.531173687734E-03
 9104.3 0.533160992213E-03
 9105.2 0.534999111324E-03
 9106.1 0.535878305178E-03
 9107.0 0.536096041765E-03
 9107.9 0.535631417249E-03
 9108.8 0.534708135198E-03
 9109.7 0.533654637897E-03
 9110.6 0.532456196176E-03
 9111.5 0.531145604864E-03
 9112.4 0.529899504745E-03
 9113.3 0.528770454370E-03
 9114.2 0.528050631295E-03
 9115.1 0.527785773749E-03
 9116.0 0.528283284122E-03
 9116.9 0.530332679418E-03
 9117.8 0.532828713034E-03
 9118.7 0.535548646251E-03
 9119.6 0.538137632438E-03
 9120.5 0.540258173841E-03
 9121.4 0.540999569467E-03
 9122.3 0.540992882229E-03
 9123.2 0.540633405281E-03
 9124.1 0.540059378586E-03
 9125.0 0.539607445879E-03
 9125.9 0.539348406165E-03
 9126.8 0.539926283405E-03
 9127.7 0.540626911452E-03
 9128.6 0.541415470541E-03
 9129.5 0.542303951522E-03
 9130.4 0.543337529078E-03
 9131.3 0.544484964922E-03
 9132.2 0.545597007013E-03
 9133.1 0.546463765611E-03
 9134.0 0.547091695546E-03
 9134.9 0.546884553890E-03
 9135.8 0.545646581881E-03
 9136.7 0.543195856176E-03
 9137.6 0.540132002599E-03
 9138.5 0.536902796931E-03
 9139.4 0.533498062039E-03
 9140.3 0.530424256889E-03
 9141.2 0.527603233622E-03
 9142.1 0.525161388262E-03
 9143.0 0.523013641825E-03
 9143.9 0.521055551042E-03
 9144.8 0.519394068551E-03
 9145.7 0.518156579290E-03
 9146.6 0.517176915765E-03
 9147.5 0.516602561657E-03
 9148.4 0.516449633052E-03
 9149.3 0.516649459332E-03
 9150.2 0.517622681256E-03
 9151.1 0.519274156233E-03
 9152.0 0.521272295245E-03
 9152.9 0.523380589955E-03
 9153.8 0.525338546401E-03
 9154.7 0.527032988526E-03
 9155.6 0.527134174066E-03
 9156.5 0.526881435908E-03
 9157.4 0.526360144551E-03
 9158.3 0.525757762714E-03
 9159.2 0.525475220130E-03
 9160.1 0.525486602319E-03
 9161.0 0.526735351264E-03
 9161.9 0.528016683063E-03
 9162.8 0.529328528082E-03
 9163.7 0.530407300866E-03
 9164.6 0.530886467767E-03
 9165.5 0.530552840303E-03
 9166.4 0.529560769092E-03
 9167.3 0.528426857012E-03
 9168.2 0.527184266410E-03
 9169.1 0.526106083063E-03
 9170.0 0.525287455314E-03
 9170.9 0.524962459688E-03
 9171.8 0.524877452347E-03
 9172.7 0.524936695698E-03
 9173.6 0.525219636378E-03
 9174.5 0.525827463558E-03
 9175.4 0.526617689603E-03
 9176.3 0.527657928262E-03
 9177.2 0.528794913951E-03
 9178.1 0.529981383008E-03
 9179.0 0.531197516989E-03
 9179.9 0.532351404497E-03
 9180.8 0.533454224915E-03
 9181.7 0.534432729153E-03
 9182.6 0.535282093961E-03
 9183.5 0.536011535198E-03
 9184.4 0.536296368578E-03
 9185.3 0.536341722359E-03
 9186.2 0.536177208843E-03
 9187.1 0.535796298793E-03
 9188.0 0.535346988646E-03
 9188.9 0.534824885737E-03
 9189.8 0.534354253405E-03
 9190.7 0.533866428831E-03
 9191.6 0.533353236365E-03
 9192.5 0.532811858385E-03
 9193.4 0.532321889233E-03
 9194.3 0.531919639146E-03
 9195.2 0.531628609710E-03
 9196.1 0.531278311841E-03
 9197.0 0.530770691298E-03
 9197.9 0.529944688979E-03
 9198.8 0.528712571504E-03
 9199.7 0.526633774198E-03
 9200.6 0.524183953286E-03
 9201.5 0.521566846729E-03
 9202.4 0.518792999306E-03
 9203.3 0.516084982402E-03
 9204.2 0.513465727869E-03
 9205.1 0.511128575195E-03
 9206.0 0.508919542677E-03
 9206.9 0.506810299413E-03
 9207.8 0.504918054577E-03
 9208.7 0.503221724434E-03
 9209.6 0.501681662200E-03
 9210.5 0.500462919225E-03
 9211.4 0.499450706819E-03
 9212.3 0.498619018910E-03
 9213.2 0.498248079052E-03
 9214.1 0.498187308879E-03
 9215.0 0.498438089988E-03
 9215.9 0.499002480427E-03
 9216.8 0.499676999204E-03
 9217.7 0.500476737687E-03
 9218.6 0.501511558789E-03
 9219.5 0.502581041798E-03
 9220.4 0.503673089972E-03
 9221.3 0.504580953612E-03
 9222.2 0.505296743130E-03
 9223.1 0.505700377177E-03
 9224.0 0.505200896932E-03
 9224.9 0.504381296529E-03
 9225.8 0.503269654699E-03
 9226.7 0.501941662564E-03
 9227.6 0.500484382656E-03
 9228.5 0.498827287949E-03
 9229.4 0.497134757149E-03
 9230.3 0.495480533626E-03
 9231.2 0.494045840368E-03
 9232.1 0.492952944825E-03
 9233.0 0.492217851116E-03
 9233.9 0.492620363701E-03
 9234.8 0.493424852309E-03
 9235.7 0.494532133740E-03
 9236.6 0.496162556038E-03
 9237.5 0.498216145341E-03
 9238.4 0.500619192227E-03
 9239.3 0.503588672394E-03
 9240.2 0.506534046404E-03
 9241.1 0.509456566521E-03
 9242.0 0.511993719879E-03
 9242.9 0.513796718951E-03
 9243.8 0.514751105509E-03
 9244.7 0.515015654621E-03
 9245.6 0.515020928457E-03
 9246.5 0.514721622088E-03
 9247.4 0.514136985241E-03
 9248.3 0.513452603285E-03
 9249.2 0.512656451500E-03
 9250.1 0.511652862523E-03
 9251.0 0.510544078890E-03
 9251.9 0.509292014480E-03
 9252.8 0.507545655525E-03
 9253.7 0.505660025439E-03
 9254.6 0.503767049185E-03
 9255.5 0.502195527983E-03
 9256.4 0.500977694028E-03
 9257.3 0.500666292009E-03
 9258.2 0.501703229194E-03
 9259.1 0.503456800912E-03
 9260.0 0.505673737249E-03
 9260.9 0.508001048762E-03
 9261.8 0.510325404499E-03
 9262.7 0.512068588851E-03
 9263.6 0.513494785987E-03
 9264.5 0.514668829727E-03
 9265.4 0.515460149213E-03
 9266.3 0.515994303485E-03
 9267.2 0.516296915961E-03
 9268.1 0.515950004091E-03
 9269.0 0.515379513070E-03
 9269.9 0.514563554034E-03
 9270.8 0.513332779248E-03
 9271.7 0.511764124962E-03
 9272.6 0.509768159789E-03
 9273.5 0.507378331304E-03
 9274.4 0.504985424292E-03
 9275.3 0.502660485017E-03
 9276.2 0.500727874908E-03
 9277.1 0.499362230121E-03
 9278.0 0.499036963725E-03
 9278.9 0.499177613666E-03
 9279.8 0.499560061543E-03
 9280.7 0.500273208447E-03
 9281.6 0.501291195104E-03
 9282.5 0.502465831103E-03
 9283.4 0.503827946099E-03
 9284.3 0.505150279852E-03
 9285.2 0.506409461495E-03
 9286.1 0.507445324937E-03
 9287.0 0.507908341019E-03
 9287.9 0.507994415613E-03
 9288.8 0.507629237808E-03
 9289.7 0.506982745975E-03
 9290.6 0.506091020545E-03
 9291.5 0.504478265995E-03
 9292.4 0.502440122704E-03
 9293.3 0.500044318807E-03
 9294.2 0.497735779777E-03
 9295.1 0.495664261822E-03
 9296.0 0.493838344888E-03
 9296.9 0.493880107065E-03
 9297.8 0.494409798217E-03
 9298.7 0.495475693068E-03
 9299.6 0.496993956665E-03
 9300.5 0.498624184987E-03
 9301.4 0.500363849230E-03
 9302.3 0.501988072110E-03
 9303.2 0.503567611485E-03
 9304.1 0.505095375313E-03
 9305.0 0.506461309032E-03
 9305.9 0.507588500648E-03
 9306.8 0.508214711862E-03
 9307.7 0.508538506179E-03
 9308.6 0.508740677146E-03
 9309.5 0.508856185501E-03
 9310.4 0.509071282456E-03
 9311.3 0.509439464293E-03
 9312.2 0.510304678420E-03
 9313.1 0.511130231594E-03
 9314.0 0.511904766606E-03
 9314.9 0.512481146359E-03
 9315.8 0.512523870548E-03
 9316.7 0.512171110445E-03
 9317.6 0.511248008884E-03
 9318.5 0.510257268295E-03
 9319.4 0.509216218780E-03
 9320.3 0.508286015460E-03
 9321.2 0.507660674447E-03
 9322.1 0.507333495469E-03
 9323.0 0.507311754529E-03
 9323.9 0.507451749017E-03
 9324.8 0.507778421941E-03
 9325.7 0.508652027535E-03
 9326.6 0.509767640615E-03
 9327.5 0.511179324199E-03
 9328.4 0.512703114655E-03
 9329.3 0.514227466635E-03
 9330.2 0.515724143046E-03
 9331.1 0.516993936357E-03
 9332.0 0.518109529042E-03
 9332.9 0.518977633759E-03
 9333.8 0.519465640607E-03
 9334.7 0.519584824904E-03
 9335.6 0.518927540563E-03
 9336.5 0.517452876698E-03
 9337.4 0.515619881824E-03
 9338.3 0.513595858541E-03
 9339.2 0.511634336964E-03
 9340.1 0.509892709751E-03
 9341.0 0.509244327146E-03
 9341.9 0.508883441171E-03
 9342.8 0.508711732327E-03
 9343.7 0.508676697234E-03
 9344.6 0.508581044484E-03
 9345.5 0.508424741755E-03
 9346.4 0.507951493760E-03
 9347.3 0.507383095493E-03
 9348.2 0.506726866207E-03
 9349.1 0.505852500692E-03
 9350.0 0.504730865207E-03
 9350.9 0.503330527033E-03
 9351.8 0.501698380920E-03
 9352.7 0.500044631903E-03
 9353.6 0.498380182631E-03
 9354.5 0.496892584204E-03
 9355.4 0.495609946935E-03
 9356.3 0.494644433665E-03
 9357.2 0.493837635984E-03
 9358.1 0.493109176068E-03
 9359.0 0.492485600611E-03
 9359.9 0.491997264095E-03
 9360.8 0.491567239396E-03
 9361.7 0.491199415515E-03
 9362.6 0.490817242391E-03
 9363.5 0.490395095557E-03
 9364.4 0.489844244184E-03
 9365.3 0.488822562315E-03
 9366.2 0.487602939080E-03
 9367.1 0.486464891934E-03
 9368.0 0.485538438604E-03
 9368.9 0.484855649138E-03
 9369.8 0.485156150647E-03
 9370.7 0.486029678142E-03
 9371.6 0.487326779295E-03
 9372.5 0.488905839624E-03
 9373.4 0.490516745474E-03
 9374.3 0.492148921916E-03
 9375.2 0.493059682025E-03
 9376.1 0.493905072014E-03
 9377.0 0.494680583604E-03
 9377.9 0.495368625089E-03
 9378.8 0.496086851627E-03
 9379.7 0.496849795320E-03
 9380.6 0.497693559296E-03
 9381.5 0.498486068933E-03
 9382.4 0.499181835837E-03
 9383.3 0.499665261788E-03
 9384.2 0.499867783729E-03
 9385.1 0.499572771313E-03
 9386.0 0.499054949428E-03
 9386.9 0.498457474835E-03
 9387.8 0.497794094214E-03
 9388.7 0.497238075632E-03
 9389.6 0.496789024213E-03
 9390.5 0.496583437122E-03
 9391.4 0.496471744222E-03
 9392.3 0.496423462290E-03
 9393.2 0.496485142318E-03
 9394.1 0.496766175054E-03
 9395.0 0.497175708985E-03
 9395.9 0.497661603367E-03
 9396.8 0.498089156928E-03
 9397.7 0.498455296501E-03
 9398.6 0.498541447254E-03
 9399.5 0.498325606771E-03
 9400.4 0.497854704457E-03
 9401.3 0.497096385654E-03
 9402.2 0.496203360678E-03
 9403.1 0.495174426796E-03
 9404.0 0.493857947496E-03
 9404.9 0.492434102402E-03
 9405.8 0.490887429436E-03
 9406.7 0.489211392391E-03
 9407.6 0.487473215316E-03
 9408.5 0.485657013060E-03
 9409.4 0.483593585442E-03
 9410.3 0.481570446094E-03
 9411.2 0.479694292860E-03
 9412.1 0.478185726911E-03
 9413.0 0.477122123662E-03
 9413.9 0.476934621396E-03
 9414.8 0.477538501896E-03
 9415.7 0.478471886341E-03
 9416.6 0.479687275141E-03
 9417.5 0.480980617367E-03
 9418.4 0.482205899269E-03
 9419.3 0.483012669555E-03
 9420.2 0.483713998339E-03
 9421.1 0.484334770737E-03
 9422.0 0.484786174792E-03
 9422.9 0.484998125100E-03
 9423.8 0.485027268952E-03
 9424.7 0.484722749907E-03
 9425.6 0.484372081790E-03
 9426.5 0.483986979036E-03
 9427.4 0.483635948762E-03
 9428.3 0.483515191129E-03
 9429.2 0.483613716990E-03
 9430.1 0.483853923469E-03
 9431.0 0.484129519490E-03
 9431.9 0.484444236825E-03
 9432.8 0.484781996979E-03
 9433.7 0.485112455040E-03
 9434.6 0.485430121088E-03
 9435.5 0.485692942031E-03
 9436.4 0.485910725465E-03
 9437.3 0.486060855528E-03
 9438.2 0.485898454226E-03
 9439.1 0.485633457931E-03
 9440.0 0.485278298199E-03
 9440.9 0.484935245976E-03
 9441.8 0.484640809740E-03
 9442.7 0.484477408145E-03
 9443.6 0.484566126320E-03
 9444.5 0.484778404044E-03
 9445.4 0.485109853522E-03
 9446.3 0.485527871072E-03
 9447.2 0.485976587602E-03
 9448.1 0.486370342759E-03
 9449.0 0.486825208353E-03
 9449.9 0.487343035710E-03
 9450.8 0.488094286779E-03
 9451.7 0.489172318150E-03
 9452.6 0.490559596776E-03
 9453.5 0.493225400151E-03
 9454.4 0.495806286362E-03
 9455.3 0.498310109144E-03
 9456.2 0.500143753092E-03
 9457.1 0.500743364434E-03
 9458.0 0.499982080013E-03
 9458.9 0.497414166620E-03
 9459.8 0.494590672233E-03
 9460.7 0.491549542907E-03
 9461.6 0.488841857878E-03
 9462.5 0.487152242917E-03
 9463.4 0.487108572540E-03
 9464.3 0.487420991645E-03
 9465.2 0.487810968289E-03
 9466.1 0.488229594124E-03
 9467.0 0.487739639658E-03
 9467.9 0.486720284132E-03
 9468.8 0.484901081796E-03
 9469.7 0.483131337002E-03
 9470.6 0.481478585455E-03
 9471.5 0.480180784584E-03
 9472.4 0.480377681994E-03
 9473.3 0.481337585745E-03
 9474.2 0.482815868763E-03
 9475.1 0.484454715631E-03
 9476.0 0.486155289283E-03
 9476.9 0.487651441770E-03
 9477.8 0.488829523128E-03
 9478.7 0.489761707342E-03
 9479.6 0.490317465649E-03
 9480.5 0.490595087291E-03
 9481.4 0.490613152277E-03
 9482.3 0.489132418151E-03
 9483.2 0.487433301755E-03
 9484.1 0.485506889529E-03
 9485.0 0.483713359440E-03
 9485.9 0.482389819289E-03
 9486.8 0.481660889223E-03
 9487.7 0.482635078783E-03
 9488.6 0.483910505203E-03
 9489.5 0.485406374205E-03
 9490.4 0.486887080669E-03
 9491.3 0.487991021309E-03
 9492.2 0.488357395169E-03
 9493.1 0.488183395725E-03
 9494.0 0.487792810653E-03
 9494.9 0.487175185852E-03
 9495.8 0.486388568231E-03
 9496.7 0.485517827381E-03
 9497.6 0.484546652297E-03
 9498.5 0.483565823755E-03
 9499.4 0.482597931665E-03
 9500.3 0.481705324627E-03
 9501.2 0.481011595428E-03
 9502.1 0.480462501772E-03
 9503.0 0.480183577116E-03
 9503.9 0.480073731261E-03
 9504.8 0.480099925333E-03
 9505.7 0.480425396057E-03
 9506.6 0.481035153452E-03
 9507.5 0.481879561357E-03
 9508.4 0.482957453835E-03
 9509.3 0.484116135600E-03
 9510.2 0.485354183052E-03
 9511.1 0.486783087373E-03
 9512.0 0.488234987741E-03
 9512.9 0.489709655108E-03
 9513.8 0.490960193374E-03
 9514.7 0.492021919332E-03
 9515.6 0.492828964514E-03
 9516.5 0.492421457002E-03
 9517.4 0.491700687103E-03
 9518.3 0.490716759115E-03
 9519.2 0.489587601369E-03
 9520.1 0.488501297363E-03
 9521.0 0.487586590399E-03
 9521.9 0.487000168455E-03
 9522.8 0.486549910726E-03
 9523.7 0.486222032505E-03
 9524.6 0.486009645483E-03
 9525.5 0.485925355924E-03
 9526.4 0.486181474799E-03
 9527.3 0.486474424097E-03
 9528.2 0.486764856630E-03
 9529.1 0.486936159567E-03
 9530.0 0.486833049357E-03
 9530.9 0.486498661290E-03
 9531.8 0.485559632808E-03
 9532.7 0.484432166635E-03
 9533.6 0.483150215267E-03
 9534.5 0.481603159359E-03
 9535.4 0.480023460228E-03
 9536.3 0.478413494467E-03
 9537.2 0.476600894183E-03
 9538.1 0.474645671349E-03
 9539.0 0.472529724577E-03
 9539.9 0.469848978417E-03
 9540.8 0.466680423635E-03
 9541.7 0.462877424279E-03
 9542.6 0.459238576493E-03
 9543.5 0.455858449028E-03
 9544.4 0.452892534160E-03
 9545.3 0.451836208780E-03
 9546.2 0.451644130482E-03
 9547.1 0.452543282647E-03
 9548.0 0.453954620832E-03
 9548.9 0.455545793836E-03
 9549.8 0.457256617232E-03
 9550.7 0.458372773883E-03
 9551.6 0.459283200739E-03
 9552.5 0.460214517719E-03
 9553.4 0.461211052377E-03
 9554.3 0.462309273782E-03
 9555.2 0.463782012795E-03
 9556.1 0.465451066190E-03
 9557.0 0.467223918917E-03
 9557.9 0.468925793761E-03
 9558.8 0.470471641940E-03
 9559.7 0.471842850335E-03
 9560.6 0.472196049863E-03
 9561.5 0.472417685366E-03
 9562.4 0.472523633533E-03
 9563.3 0.472557017314E-03
 9564.2 0.472818988258E-03
 9565.1 0.473326400719E-03
 9566.0 0.474329296112E-03
 9566.9 0.475302621938E-03
 9567.8 0.476207311996E-03
 9568.7 0.476809096799E-03
 9569.6 0.476859842781E-03
 9570.5 0.476063069205E-03
 9571.4 0.474901197992E-03
 9572.3 0.473643181424E-03
 9573.2 0.472315887341E-03
 9574.1 0.471287139416E-03
 9575.0 0.470517535264E-03
 9575.9 0.470231675950E-03
 9576.8 0.470097991602E-03
 9577.7 0.470045162746E-03
 9578.6 0.470097177122E-03
 9579.5 0.470237545519E-03
 9580.4 0.470413391490E-03
 9581.3 0.470578960293E-03
 9582.2 0.470660881022E-03
 9583.1 0.470643824931E-03
 9584.0 0.470247293714E-03
 9584.9 0.469373831573E-03
 9585.8 0.468183666457E-03
 9586.7 0.467027944425E-03
 9587.6 0.466042278507E-03
 9588.5 0.465227688104E-03
 9589.4 0.465763209626E-03
 9590.3 0.466699044932E-03
 9591.2 0.468040567357E-03
 9592.1 0.469553555675E-03
 9593.0 0.470953289245E-03
 9593.9 0.472205742451E-03
 9594.8 0.472414143085E-03
 9595.7 0.472483857121E-03
 9596.6 0.472480035428E-03
 9597.5 0.472543749650E-03
 9598.4 0.472896682581E-03
 9599.3 0.473783290172E-03
 9600.2 0.475139845596E-03
 9601.1 0.476594331056E-03
 9602.0 0.478032379015E-03
 9602.9 0.479235348697E-03
 9603.8 0.480051783257E-03
 9604.7 0.479876799069E-03
 9605.6 0.479512820023E-03
 9606.5 0.479063608381E-03
 9607.4 0.478571320903E-03
 9608.3 0.478362481685E-03
 9609.2 0.478367636306E-03
 9610.1 0.478812046836E-03
 9611.0 0.479371156089E-03
 9611.9 0.480014486024E-03
 9612.8 0.480781595936E-03
 9613.7 0.481702599577E-03
 9614.6 0.482741527829E-03
 9615.5 0.483730388534E-03
 9616.4 0.484607977967E-03
 9617.3 0.485379134011E-03
 9618.2 0.485524294920E-03
 9619.1 0.485292732709E-03
 9620.0 0.484629700585E-03
 9620.9 0.483752392762E-03
 9621.8 0.482835481597E-03
 9622.7 0.481883049429E-03
 9623.6 0.481380909842E-03
 9624.5 0.480994348706E-03
 9625.4 0.480708499305E-03
 9626.3 0.480427366094E-03
 9627.2 0.480118319959E-03
 9628.1 0.479744016720E-03
 9629.0 0.479220409076E-03
 9629.9 0.478617891823E-03
 9630.8 0.477907386891E-03
 9631.7 0.477074304252E-03
 9632.6 0.476105647838E-03
 9633.5 0.474785852517E-03
 9634.4 0.473342236448E-03
 9635.3 0.471848816830E-03
 9636.2 0.470403784521E-03
 9637.1 0.469179832826E-03
 9638.0 0.468179455625E-03
 9638.9 0.467991393291E-03
 9639.8 0.467826275885E-03
 9640.7 0.467667822918E-03
 9641.6 0.467320384893E-03
 9642.5 0.466320498413E-03
 9643.4 0.464731615127E-03
 9644.3 0.462382226502E-03
 9645.2 0.460081549580E-03
 9646.1 0.457834831996E-03
 9647.0 0.456194937232E-03
 9647.9 0.455617265164E-03
 9648.8 0.456442032829E-03
 9649.7 0.457520824651E-03
 9650.6 0.458540993970E-03
 9651.5 0.459413511009E-03
 9652.4 0.458607111421E-03
 9653.3 0.456925250417E-03
 9654.2 0.454035331106E-03
 9655.1 0.451098877717E-03
 9656.0 0.448300743745E-03
 9656.9 0.445908916677E-03
 9657.8 0.445763007310E-03
 9658.7 0.446582444574E-03
 9659.6 0.448095460787E-03
 9660.5 0.449941211560E-03
 9661.4 0.451909227221E-03
 9662.3 0.453753701695E-03
 9663.2 0.455296812305E-03
 9664.1 0.456653978849E-03
 9665.0 0.457874433866E-03
 9665.9 0.458974123009E-03
 9666.8 0.459971031266E-03
 9667.7 0.460693636821E-03
 9668.6 0.461259899382E-03
 9669.5 0.461688506598E-03
 9670.4 0.461811830370E-03
 9671.3 0.461700438385E-03
 9672.2 0.461343661748E-03
 9673.1 0.460416614082E-03
 9674.0 0.459422320399E-03
 9674.9 0.458369541082E-03
 9675.8 0.457394931877E-03
 9676.7 0.456595196758E-03
 9677.6 0.456060916906E-03
 9678.5 0.455902612945E-03
 9679.4 0.455963990747E-03
 9680.3 0.456340289781E-03
 9681.2 0.457386127274E-03
 9682.1 0.459001077189E-03
 9683.0 0.461652616022E-03
 9683.9 0.464318938213E-03
 9684.8 0.466877241718E-03
 9685.7 0.469065193980E-03
 9686.6 0.469805965338E-03
 9687.5 0.469672193706E-03
 9688.4 0.468295114784E-03
 9689.3 0.466470595108E-03
 9690.2 0.464355495694E-03
 9691.1 0.461865045318E-03
 9692.0 0.459154237364E-03
 9692.9 0.456327440122E-03
 9693.8 0.453817426250E-03
 9694.7 0.451741566032E-03
 9695.6 0.450086102480E-03
 9696.5 0.450834396171E-03
 9697.4 0.452615083097E-03
 9698.3 0.455414489170E-03
 9699.2 0.458598164038E-03
 9700.1 0.461666159362E-03
 9701.0 0.464583453035E-03
 9701.9 0.464973085411E-03
 9702.8 0.464910431414E-03
 9703.7 0.464471140898E-03
 9704.6 0.463730815763E-03
 9705.5 0.463031403110E-03
 9706.4 0.462487431692E-03
 9707.3 0.462304699200E-03
 9708.2 0.462213855370E-03
 9709.1 0.462158120385E-03
 9710.0 0.462116177907E-03
 9710.9 0.462088948239E-03
 9711.8 0.462094111895E-03
 9712.7 0.462049325458E-03
 9713.6 0.461957697732E-03
 9714.5 0.461753209644E-03
 9715.4 0.461307156837E-03
 9716.3 0.460673336242E-03
 9717.2 0.459632209345E-03
 9718.1 0.458561743153E-03
 9719.0 0.457482812270E-03
 9719.9 0.456495137036E-03
 9720.8 0.455925508415E-03
 9721.7 0.455684956546E-03
 9722.6 0.455715416696E-03
 9723.5 0.455744055755E-03
 9724.4 0.455770998776E-03
 9725.3 0.455445991588E-03
 9726.2 0.454745673071E-03
 9727.1 0.453619580292E-03
 9728.0 0.452489773780E-03
 9728.9 0.451449973675E-03
 9729.8 0.450537086948E-03
 9730.7 0.450578502141E-03
 9731.6 0.450969550969E-03
 9732.5 0.451764637938E-03
 9733.4 0.452656025358E-03
 9734.3 0.453509132161E-03
 9735.2 0.454237816270E-03
 9736.1 0.454423256922E-03
 9737.0 0.454376210466E-03
 9737.9 0.454086801623E-03
 9738.8 0.453546638375E-03
 9739.7 0.452720655526E-03
 9740.6 0.451161566249E-03
 9741.5 0.449265803953E-03
 9742.4 0.447277277737E-03
 9743.3 0.445612457192E-03
 9744.2 0.444545578120E-03
 9745.1 0.444201302108E-03
 9746.0 0.446951108238E-03
 9746.9 0.450036757176E-03
 9747.8 0.453355012124E-03
 9748.7 0.456554519274E-03
 9749.6 0.458700433608E-03
 9750.5 0.459905698988E-03
 9751.4 0.458930937598E-03
 9752.3 0.457705540364E-03
 9753.2 0.456209826873E-03
 9754.1 0.454646799465E-03
 9755.0 0.453789602902E-03
 9755.9 0.453872192802E-03
 9756.8 0.454209628781E-03
 9757.7 0.454550569905E-03
 9758.6 0.454853119332E-03
 9759.5 0.454614397016E-03
 9760.4 0.453981758916E-03
 9761.3 0.452732052184E-03
 9762.2 0.451303961636E-03
 9763.1 0.449817597613E-03
 9764.0 0.448293859413E-03
 9764.9 0.446968841372E-03
 9765.8 0.445765714499E-03
 9766.7 0.444755011367E-03
 9767.6 0.443953481336E-03
 9768.5 0.443319289093E-03
 9769.4 0.443052773826E-03
 9770.3 0.443172645570E-03
 9771.2 0.443551344059E-03
 9772.1 0.444283701639E-03
 9773.0 0.445239734530E-03
 9773.9 0.446402960126E-03
 9774.8 0.448294433980E-03
 9775.7 0.450334482459E-03
 9776.6 0.452492810052E-03
 9777.5 0.454422582640E-03
 9778.4 0.455964974372E-03
 9779.3 0.457113036714E-03
 9780.2 0.456526660841E-03
 9781.1 0.455656396661E-03
 9782.0 0.454498325118E-03
 9782.9 0.453115708293E-03
 9783.8 0.451777239465E-03
 9784.7 0.450537434381E-03
 9785.6 0.449576383219E-03
 9786.5 0.448796653040E-03
 9787.4 0.448283798756E-03
 9788.3 0.448290630601E-03
 9789.2 0.448857514875E-03
 9790.1 0.450504100171E-03
 9791.0 0.452484718597E-03
 9791.9 0.454606149372E-03
 9792.8 0.456849552964E-03
 9793.7 0.458921995376E-03
 9794.6 0.460841474195E-03
 9795.5 0.462397531969E-03
 9796.4 0.463628632558E-03
 9797.3 0.464605416271E-03
 9798.2 0.465022798749E-03
 9799.1 0.464466927032E-03
 9800.0 0.463242778253E-03
 9800.9 0.461472485688E-03
 9801.8 0.459529759749E-03
 9802.7 0.457458034433E-03
 9803.6 0.455545648131E-03
 9804.5 0.453841810457E-03
 9805.4 0.452338343030E-03
 9806.3 0.450944447609E-03
 9807.2 0.449606146704E-03
 9808.1 0.448331359953E-03
 9809.0 0.447114826521E-03
 9809.9 0.445963485313E-03
 9810.8 0.444900780801E-03
 9811.7 0.444016580171E-03
 9812.6 0.443260713067E-03
 9813.5 0.442693342082E-03
 9814.4 0.442433377734E-03
 9815.3 0.442305792873E-03
 9816.2 0.442337098534E-03
 9817.1 0.442520208823E-03
 9818.0 0.442739252486E-03
 9818.9 0.442938127130E-03
 9819.8 0.443250622187E-03
 9820.7 0.443668259495E-03
 9821.6 0.444332266604E-03
 9822.5 0.445397636093E-03
 9823.4 0.446824990410E-03
 9824.3 0.449205667027E-03
 9825.2 0.451604544800E-03
 9826.1 0.453980069188E-03
 9827.0 0.456051581804E-03
 9827.9 0.457224720949E-03
 9828.8 0.457679129845E-03
 9829.7 0.457065298426E-03
 9830.6 0.456256721610E-03
 9831.5 0.455271553629E-03
 9832.4 0.454242548929E-03
 9833.3 0.453485129253E-03
 9834.2 0.453029949982E-03
 9835.1 0.452782307566E-03
 9836.0 0.452660331759E-03
 9836.9 0.452694672608E-03
 9837.8 0.453506693062E-03
 9838.7 0.454618385676E-03
 9839.6 0.456086033132E-03
 9840.5 0.457277143393E-03
 9841.4 0.458173808569E-03
 9842.3 0.458552113263E-03
 9843.2 0.456038722627E-03
 9844.1 0.452671986871E-03
 9845.0 0.449019363064E-03
 9845.9 0.445708848652E-03
 9846.8 0.443123806126E-03
 9847.7 0.442720245598E-03
 9848.6 0.444588473571E-03
 9849.5 0.447566782923E-03
 9850.4 0.451045054459E-03
 9851.3 0.454392230005E-03
 9852.2 0.457329061959E-03
 9853.1 0.457686876137E-03
 9854.0 0.457395644503E-03
 9854.9 0.456617163939E-03
 9855.8 0.455312911028E-03
 9856.7 0.453908443201E-03
 9857.6 0.452420069424E-03
 9858.5 0.451068222293E-03
 9859.4 0.449772207420E-03
 9860.3 0.448534822774E-03
 9861.2 0.447554541824E-03
 9862.1 0.446884285355E-03
 9863.0 0.446600961915E-03
 9863.9 0.446787781138E-03
 9864.8 0.447183130936E-03
 9865.7 0.447837710238E-03
 9866.6 0.448948398451E-03
 9867.5 0.450375841028E-03
 9868.4 0.452285874775E-03
 9869.3 0.454237308697E-03
 9870.2 0.456134843290E-03
 9871.1 0.457871303197E-03
 9872.0 0.458941604352E-03
 9872.9 0.459619453461E-03
 9873.8 0.459703784254E-03
 9874.7 0.459370356019E-03
 9875.6 0.458740381762E-03
 9876.5 0.457553648687E-03
 9877.4 0.455637762046E-03
 9878.3 0.453309053167E-03
 9879.2 0.450781531519E-03
 9880.1 0.448311532138E-03
 9881.0 0.445962435582E-03
 9881.9 0.444585482494E-03
 9882.8 0.443709994402E-03
 9883.7 0.443245292176E-03
 9884.6 0.442990198727E-03
 9885.5 0.442730341377E-03
 9886.4 0.442465762284E-03
 9887.3 0.441659129447E-03
 9888.2 0.440727727608E-03
 9889.1 0.439660270244E-03
 9890.0 0.438330481287E-03
 9890.9 0.436649859539E-03
 9891.8 0.434474638453E-03
 9892.7 0.431710289851E-03
 9893.6 0.428991585055E-03
 9894.5 0.426515925874E-03
 9895.4 0.424745444070E-03
 9896.3 0.424114758378E-03
 9897.2 0.425815121542E-03
 9898.1 0.428287604995E-03
 9899.0 0.431037059014E-03
 9899.9 0.433936842297E-03
 9900.8 0.435929272533E-03
 9901.7 0.437170640331E-03
 9902.6 0.436765958359E-03
 9903.5 0.436271548591E-03
 9904.4 0.435784339221E-03
 9905.3 0.435601544520E-03
 9906.2 0.437114650599E-03
 9907.1 0.439750192855E-03
 9908.0 0.443144443263E-03
 9908.9 0.446372470497E-03
 9909.8 0.449401410557E-03
 9910.7 0.450784625279E-03
 9911.6 0.450458385295E-03
 9912.5 0.448532978018E-03
 9913.4 0.446008386549E-03
 9914.3 0.443515592641E-03
 9915.2 0.441065470449E-03
 9916.1 0.440791432779E-03
 9917.0 0.441209029498E-03
 9917.9 0.442407568692E-03
 9918.8 0.443858597697E-03
 9919.7 0.445228915550E-03
 9920.6 0.446402499233E-03
 9921.5 0.446401525499E-03
 9922.4 0.446104203034E-03
 9923.3 0.445655072389E-03
 9924.2 0.445185246083E-03
 9925.1 0.444878860321E-03
 9926.0 0.445050858371E-03
 9926.9 0.445549645929E-03
 9927.8 0.446152276884E-03
 9928.7 0.446703584690E-03
 9929.6 0.447057824985E-03
 9930.5 0.447174020473E-03
 9931.4 0.446511040601E-03
 9932.3 0.445617876299E-03
 9933.2 0.444560099342E-03
 9934.1 0.443242812797E-03
 9935.0 0.441717466500E-03
 9935.9 0.440030574594E-03
 9936.8 0.438139742457E-03
 9937.7 0.436317333968E-03
 9938.6 0.434557198796E-03
 9939.5 0.433131047116E-03
 9940.4 0.432122660540E-03
 9941.3 0.431566852822E-03
 9942.2 0.431584449375E-03
 9943.1 0.431892163220E-03
 9944.0 0.432549754936E-03
 9944.9 0.433990529444E-03
 9945.8 0.435854807066E-03
 9946.7 0.438278580501E-03
 9947.6 0.440979390117E-03
 9948.5 0.443755821411E-03
 9949.4 0.446589107068E-03
 9950.3 0.449303687807E-03
 9951.2 0.451878759606E-03
 9952.1 0.454164536615E-03
 9953.0 0.455965584308E-03
 9953.9 0.457341539002E-03
 9954.8 0.457806926570E-03
 9955.7 0.457112421552E-03
 9956.6 0.455781845572E-03
 9957.5 0.453801033522E-03
 9958.4 0.451450211495E-03
 9959.3 0.448830419519E-03
 9960.2 0.445723836792E-03
 9961.1 0.442549356725E-03
 9962.0 0.439350814486E-03
 9962.9 0.436437490774E-03
 9963.8 0.434039519837E-03
 9964.7 0.432111724193E-03
 9965.6 0.432187517978E-03
 9966.5 0.432503960708E-03
 9967.4 0.433066460221E-03
 9968.3 0.433732391299E-03
 9969.2 0.433929717169E-03
 9970.1 0.433534473795E-03
 9971.0 0.432473306139E-03
 9971.9 0.431339153865E-03
 9972.8 0.430184352664E-03
 9973.7 0.429246477693E-03
 9974.6 0.428664254082E-03
 9975.5 0.428704541575E-03
 9976.4 0.429013328156E-03
 9977.3 0.429457423865E-03
 9978.2 0.430084126430E-03
 9979.1 0.430969530859E-03
 9980.0 0.431976172707E-03
 9980.9 0.433115102874E-03
 9981.8 0.434130315681E-03
 9982.7 0.435023430752E-03
 9983.6 0.435603472177E-03
 9984.5 0.435049283938E-03
 9985.4 0.433881092384E-03
 9986.3 0.432488833807E-03
 9987.2 0.431180980812E-03
 9988.1 0.430012380989E-03
 9989.0 0.429758064989E-03
 9989.9 0.430228293010E-03
 9990.8 0.431284101451E-03
 9991.7 0.432796718938E-03
 9992.6 0.434460268646E-03
 9993.5 0.436269477832E-03
 9994.4 0.438238698981E-03
 9995.3 0.440177849529E-03
 9996.2 0.442078170125E-03
 9997.1 0.443718229223E-03
 9998.0 0.445094054463E-03
 9998.9 0.446111966366E-03
 9999.8 0.446361680086E-03
10000.7 0.446279554491E-03
10001.6 0.445783842060E-03
10002.5 0.444739504266E-03
10003.4 0.443113051060E-03
10004.3 0.440413381720E-03
10005.2 0.437296730717E-03
10006.1 0.434129937695E-03
10007.0 0.431164245994E-03
10007.9 0.429120114219E-03
10008.8 0.427964104430E-03
10009.7 0.428951902050E-03
10010.6 0.430391271327E-03
10011.5 0.432077784681E-03
10012.4 0.433940514957E-03
10013.3 0.435352386071E-03
10014.2 0.436422266278E-03
10015.1 0.436843101933E-03
10016.0 0.436922407936E-03
10016.9 0.436708969492E-03
10017.8 0.435722503671E-03
10018.7 0.433936648755E-03
10019.6 0.431422687854E-03
10020.5 0.428457254937E-03
10021.4 0.425427961362E-03
10022.3 0.422328417911E-03
10023.2 0.419515356423E-03
10024.1 0.416945886138E-03
10025.0 0.414689086474E-03
10025.9 0.413030019981E-03
10026.8 0.411774658500E-03
10027.7 0.411087989837E-03
10028.6 0.412503843460E-03
10029.5 0.414494846948E-03
10030.4 0.416887062418E-03
10031.3 0.419343916574E-03
10032.2 0.421535754666E-03
10033.1 0.422956878010E-03
10034.0 0.423365130570E-03
10034.9 0.423318037740E-03
10035.8 0.422896499853E-03
10036.7 0.422250130953E-03
10037.6 0.421537119053E-03
10038.5 0.420994690869E-03
10039.4 0.420343278920E-03
10040.3 0.419599600717E-03
10041.2 0.418616335882E-03
10042.1 0.417258277237E-03
10043.0 0.415588767448E-03
10043.9 0.413182702890E-03
10044.8 0.410839184267E-03
10045.7 0.408555209053E-03
10046.6 0.406738760465E-03
10047.5 0.405804726473E-03
10048.4 0.405801458554E-03
10049.3 0.406710256100E-03
10050.2 0.407846982487E-03
10051.1 0.409231260975E-03
10052.0 0.410673240922E-03
10052.9 0.411982587918E-03
10053.8 0.413070431486E-03
10054.7 0.414117779395E-03
10055.6 0.415132923137E-03
10056.5 0.416096965011E-03
10057.4 0.416800020811E-03
10058.3 0.417405581171E-03
10059.2 0.417921133668E-03
10060.1 0.418509266016E-03
10061.0 0.419195016113E-03
10061.9 0.420127880377E-03
10062.8 0.421664963774E-03
10063.7 0.423470339670E-03
10064.6 0.425349233393E-03
10065.5 0.427151578786E-03
10066.4 0.428847718454E-03
10067.3 0.430099227622E-03
10068.2 0.431007631817E-03
10069.1 0.431652233537E-03
10070.0 0.431843593924E-03
10070.9 0.431712692200E-03
10071.8 0.431282539564E-03
10072.7 0.429467584822E-03
10073.6 0.427563114908E-03
10074.5 0.425569526782E-03
10075.4 0.423791278190E-03
10076.3 0.422592583092E-03
10077.2 0.422095636340E-03
10078.1 0.422878594793E-03
10079.0 0.423946233677E-03
10079.9 0.425285235746E-03
10080.8 0.426800035339E-03
10081.7 0.428136849903E-03
10082.6 0.429092053747E-03
10083.5 0.429995131712E-03
10084.4 0.430892094012E-03
10085.3 0.431801277232E-03
10086.2 0.432909827274E-03
10087.1 0.434155584688E-03
10088.0 0.435641079252E-03
10088.9 0.436982714624E-03
10089.8 0.438189481067E-03
10090.7 0.439069277944E-03
10091.6 0.439122000883E-03
10092.5 0.438674080533E-03
10093.4 0.437680914055E-03
10094.3 0.436482352482E-03
10095.2 0.435149335352E-03
10096.1 0.433743707804E-03
10097.0 0.432435730297E-03
10097.9 0.431202596067E-03
10098.8 0.429973420412E-03
10099.7 0.428763285693E-03
10100.6 0.427571042886E-03
10101.5 0.426578931699E-03
10102.4 0.425629744079E-03
10103.3 0.424727721007E-03
10104.2 0.423806322249E-03
10105.1 0.422730196076E-03
10106.0 0.421436246799E-03
10106.9 0.418992115325E-03
10107.8 0.416670572021E-03
10108.7 0.414820871518E-03
10109.6 0.414205589271E-03
10110.5 0.415460152878E-03
10111.4 0.420321486310E-03
10112.3 0.427791271072E-03
10113.2 0.435926365036E-03
10114.1 0.443928380195E-03
10115.0 0.450292300927E-03
10115.9 0.454357693865E-03
10116.8 0.451961170023E-03
10117.7 0.448048927832E-03
10118.6 0.443250273472E-03
10119.5 0.437469389321E-03
10120.4 0.432179528844E-03
10121.3 0.427317131063E-03
10122.2 0.423642503121E-03
10123.1 0.420388488727E-03
10124.0 0.417490062650E-03
10124.9 0.415482312465E-03
10125.8 0.414645453544E-03
10126.7 0.414850850068E-03
10127.6 0.415933859871E-03
10128.5 0.417260112048E-03
10129.4 0.418851052559E-03
10130.3 0.420414944101E-03
10131.2 0.421829503950E-03
10132.1 0.423046079584E-03
10133.0 0.424107786149E-03
10133.9 0.425048961627E-03
10134.8 0.425818449187E-03
10135.7 0.426519590614E-03
10136.6 0.427018735830E-03
10137.5 0.427124180232E-03
10138.4 0.426499322658E-03
10139.3 0.425103330587E-03
10140.2 0.422151350549E-03
10141.1 0.416906900823E-03
10142.0 0.410932965748E-03
10142.9 0.405095374831E-03
10143.8 0.400210238978E-03
10144.7 0.396807584237E-03
10145.6 0.398547605828E-03
10146.5 0.402313666754E-03
10147.4 0.407272554709E-03
10148.3 0.412854198079E-03
10149.2 0.417746557335E-03
10150.1 0.421905273553E-03
10151.0 0.422536006798E-03
10151.9 0.422562734534E-03
10152.8 0.422068688498E-03
10153.7 0.420775713941E-03
10154.6 0.419290866580E-03
10155.5 0.417608960663E-03
10156.4 0.415716242642E-03
10157.3 0.413776202218E-03
10158.2 0.411785326851E-03
10159.1 0.409883812753E-03
10160.0 0.408083314472E-03
10160.9 0.406427432244E-03
10161.8 0.405242197583E-03
10162.7 0.404395377933E-03
10163.6 0.404063572924E-03
10164.5 0.405364326452E-03
10165.4 0.407494971413E-03
10166.3 0.410752863793E-03
10167.2 0.414114137044E-03
10168.1 0.417388164047E-03
10169.0 0.420279765830E-03
10169.9 0.421028950204E-03
10170.8 0.420760274027E-03
10171.7 0.419828425014E-03
10172.6 0.418578511976E-03
10173.5 0.417134044616E-03
10174.4 0.415488616672E-03
10175.3 0.413914983953E-03
10176.2 0.412440927325E-03
10177.1 0.411548812301E-03
10178.0 0.411245460458E-03
10178.9 0.411537967354E-03
10179.8 0.415634372516E-03
