 7150.00 0.244780596716E-02
 7152.00 0.250564641455E-02
 7154.00 0.251794810217E-02
 7156.00 0.252428959134E-02
 7158.00 0.252217353191E-02
 7160.00 0.252504994534E-02
 7162.00 0.248722621674E-02
 7164.00 0.236982839151E-02
 7166.00 0.236869789421E-02
 7168.00 0.249581978224E-02
 7170.00 0.253730034736E-02
 7172.00 0.253961039672E-02
 7174.00 0.253842861381E-02
 7176.00 0.247242494812E-02
 7178.00 0.249009148106E-02
 7180.00 0.241737172291E-02
 7182.00 0.238639787451E-02
 7184.00 0.241477180153E-02
 7186.00 0.237392003521E-02
 7188.00 0.230004971067E-02
 7190.00 0.234427736316E-02
 7192.00 0.233726694040E-02
 7194.00 0.232354042517E-02
 7196.00 0.239188089845E-02
 7198.00 0.242632651342E-02
 7200.00 0.242386706721E-02
 7202.00 0.243525900400E-02
 7204.00 0.245061102758E-02
 7206.00 0.237458004883E-02
 7208.00 0.231966952963E-02
 7210.00 0.241611635785E-02
 7212.00 0.248036518912E-02
 7214.00 0.245565478606E-02
 7216.00 0.244953627419E-02
 7218.00 0.244154698011E-02
 7220.00 0.242231291186E-02
 7222.00 0.240911708420E-02
 7224.00 0.240716156903E-02
 7226.00 0.245756793560E-02
 7228.00 0.246526290106E-02
 7230.00 0.247564697747E-02
 7232.00 0.248417364994E-02
 7234.00 0.247423998812E-02
 7236.00 0.246322711291E-02
 7238.00 0.246302420301E-02
 7240.00 0.248499643867E-02
 7242.00 0.248597976996E-02
 7244.00 0.246746369177E-02
 7246.00 0.246557506962E-02
 7248.00 0.249549869370E-02
 7250.00 0.245244613498E-02
 7252.00 0.241650211025E-02
 7254.00 0.244424947101E-02
 7256.00 0.247649875357E-02
 7258.00 0.250321372657E-02
 7260.00 0.243388100202E-02
 7262.00 0.238642686188E-02
 7264.00 0.243089309909E-02
 7266.00 0.249604053039E-02
 7268.00 0.248382357573E-02
 7270.00 0.248821623887E-02
 7272.00 0.247894481981E-02
 7274.00 0.245505497633E-02
 7276.00 0.244857524113E-02
 7278.00 0.243703390750E-02
 7280.00 0.243517873271E-02
 7282.00 0.237206262957E-02
 7284.00 0.233275163864E-02
 7286.00 0.238535433763E-02
 7288.00 0.234820400261E-02
 7290.00 0.228865108475E-02
 7292.00 0.229850224444E-02
 7294.00 0.237001346316E-02
 7296.00 0.244432974230E-02
 7298.00 0.246902007796E-02
 7300.00 0.246345901018E-02
 7302.00 0.243379627075E-02
 7304.00 0.244446353004E-02
 7306.00 0.242376003770E-02
 7308.00 0.239767832179E-02
 7310.00 0.238724295978E-02
 7312.00 0.240477347583E-02
 7314.00 0.247009482966E-02
 7316.00 0.246832661699E-02
 7318.00 0.243626909352E-02
 7320.00 0.243731263040E-02
 7322.00 0.245516200584E-02
 7324.00 0.241453321682E-02
 7326.00 0.235696480150E-02
 7328.00 0.236287148350E-02
 7330.00 0.239519657904E-02
 7332.00 0.241596919354E-02
 7334.00 0.241091205680E-02
 7336.00 0.246071861363E-02
 7338.00 0.248494069477E-02
 7340.00 0.248220029652E-02
 7342.00 0.246501985467E-02
 7344.00 0.240894985080E-02
 7346.00 0.241574398540E-02
 7348.00 0.245653331869E-02
 7350.00 0.239923693713E-02
 7352.00 0.237874750552E-02
 7354.00 0.236035852423E-02
 7356.00 0.234344565616E-02
 7358.00 0.236495632642E-02
 7360.00 0.239182515455E-02
 7362.00 0.232215573236E-02
 7364.00 0.233421214445E-02
 7366.00 0.239102912405E-02
 7368.00 0.240476232841E-02
 7370.00 0.243219082978E-02
 7372.00 0.244182793215E-02
 7374.00 0.241455105337E-02
 7376.00 0.239137696911E-02
 7378.00 0.243605726534E-02
 7380.00 0.243585658458E-02
 7382.00 0.239019741535E-02
 7384.00 0.233025651763E-02
 7386.00 0.226527854887E-02
 7388.00 0.218940209365E-02
 7390.00 0.227110495959E-02
 7392.00 0.234960207368E-02
 7394.00 0.237118186780E-02
 7396.00 0.239126771045E-02
 7398.00 0.240255484687E-02
 7400.00 0.234829542301E-02
 7402.00 0.235981891669E-02
 7404.00 0.240614925036E-02
 7406.00 0.239141041477E-02
 7408.00 0.232075097216E-02
 7410.00 0.225938301599E-02
 7412.00 0.230137642873E-02
 7414.00 0.229191547973E-02
 7416.00 0.228361401540E-02
 7418.00 0.232684272750E-02
 7420.00 0.234361957869E-02
 7422.00 0.226979385063E-02
 7424.00 0.228378793793E-02
 7426.00 0.238627523589E-02
 7428.00 0.242539669518E-02
 7430.00 0.238937685746E-02
 7432.00 0.237325333076E-02
 7434.00 0.240442786161E-02
 7436.00 0.241909757164E-02
 7438.00 0.238907583802E-02
 7440.00 0.234961545195E-02
 7442.00 0.231076602642E-02
 7444.00 0.229695477992E-02
 7446.00 0.227740631397E-02
 7448.00 0.232087807076E-02
 7450.00 0.238805237024E-02
 7452.00 0.239163339377E-02
 7454.00 0.240961655525E-02
 7456.00 0.242134518797E-02
 7458.00 0.240515253911E-02
 7460.00 0.236203977649E-02
 7462.00 0.230091486503E-02
 7464.00 0.232398861061E-02
 7466.00 0.240467313715E-02
 7468.00 0.241604054655E-02
 7470.00 0.240776137876E-02
 7472.00 0.237169917541E-02
 7474.00 0.235120082382E-02
 7476.00 0.234959092456E-02
 7478.00 0.235467927782E-02
 7480.00 0.235903626446E-02
 7482.00 0.235123204203E-02
 7484.00 0.236515477633E-02
 7486.00 0.238709802462E-02
 7488.00 0.240064169734E-02
 7490.00 0.235255430011E-02
 7492.00 0.230550820892E-02
 7494.00 0.221438163123E-02
 7496.00 0.225409398198E-02
 7498.00 0.235936627296E-02
 7500.00 0.238121587000E-02
 7502.00 0.238926313882E-02
 7504.00 0.238116458439E-02
 7506.00 0.233613198311E-02
 7508.00 0.230797434256E-02
 7510.00 0.223707854438E-02
 7512.00 0.225038363070E-02
 7514.00 0.234578692204E-02
 7516.00 0.239081952501E-02
 7518.00 0.239684215480E-02
 7520.00 0.238018571139E-02
 7522.00 0.233182405125E-02
 7524.00 0.228254372199E-02
 7526.00 0.232344677393E-02
 7528.00 0.235585883159E-02
 7530.00 0.232333082614E-02
 7532.00 0.230516482215E-02
 7534.00 0.235819563917E-02
 7536.00 0.238170865022E-02
 7538.00 0.237989361023E-02
 7540.00 0.236592182116E-02
 7542.00 0.235823577397E-02
 7544.00 0.235945100423E-02
 7546.00 0.230848050274E-02
 7548.00 0.231673960144E-02
 7550.00 0.235718331881E-02
 7552.00 0.235160887446E-02
 7554.00 0.229598482519E-02
 7556.00 0.228414916296E-02
 7558.00 0.231114731714E-02
 7560.00 0.230559294019E-02
 7562.00 0.234871462108E-02
 7564.00 0.235874416499E-02
 7566.00 0.233554332081E-02
 7568.00 0.227609743415E-02
 7570.00 0.228927319272E-02
 7572.00 0.233034570889E-02
 7574.00 0.229476959662E-02
 7576.00 0.234668998375E-02
 7578.00 0.238749715529E-02
 7580.00 0.236552491963E-02
 7582.00 0.230878821301E-02
 7584.00 0.223521444962E-02
 7586.00 0.221480707226E-02
 7588.00 0.227522781980E-02
 7590.00 0.236174098620E-02
 7592.00 0.235783218501E-02
 7594.00 0.227236255549E-02
 7596.00 0.221710218262E-02
 7598.00 0.218421094694E-02
 7600.00 0.211118771627E-02
 7602.00 0.204633662218E-02
 7604.00 0.205565263602E-02
 7606.00 0.205939866381E-02
 7608.00 0.209110209755E-02
 7610.00 0.210931960769E-02
 7612.00 0.220444774548E-02
 7614.00 0.222043748614E-02
 7616.00 0.220038375234E-02
 7618.00 0.217002866650E-02
 7620.00 0.215676260040E-02
 7622.00 0.216381115275E-02
 7624.00 0.220714555416E-02
 7626.00 0.221597324607E-02
 7628.00 0.221890741200E-02
 7630.00 0.224160499356E-02
 7632.00 0.224988415965E-02
 7634.00 0.222960900929E-02
 7636.00 0.225154757536E-02
 7638.00 0.223751558070E-02
 7640.00 0.223238040182E-02
 7642.00 0.229529805335E-02
 7644.00 0.226157265758E-02
 7646.00 0.230383141495E-02
 7648.00 0.224074429918E-02
 7650.00 0.224864217455E-02
 7652.00 0.224398416678E-02
 7654.00 0.218170690595E-02
 7656.00 0.218370880057E-02
 7658.00 0.208259036409E-02
 7660.00 0.206893966185E-02
 7662.00 0.212987682635E-02
 7664.00 0.205759499686E-02
 7666.00 0.214096930444E-02
 7668.00 0.224439221573E-02
 7670.00 0.223894932828E-02
 7672.00 0.229545859761E-02
 7674.00 0.233275386949E-02
 7676.00 0.231442509209E-02
 7678.00 0.230135190135E-02
 7680.00 0.226360398575E-02
 7682.00 0.225470048084E-02
 7684.00 0.232201302635E-02
 7686.00 0.231753786278E-02
 7688.00 0.226394960166E-02
 7690.00 0.219061777009E-02
 7692.00 0.218344813986E-02
 7694.00 0.224824750217E-02
 7696.00 0.224861764547E-02
 7698.00 0.218750700630E-02
 7700.00 0.221045209254E-02
 7702.00 0.228955860475E-02
 7704.00 0.228403767346E-02
 7706.00 0.230905801593E-02
 7708.00 0.227358893318E-02
 7710.00 0.222032198283E-02
 7712.00 0.219751937867E-02
 7714.00 0.215659068478E-02
 7716.00 0.220924734299E-02
 7718.00 0.228002184276E-02
 7720.00 0.223597257447E-02
 7722.00 0.220771905353E-02
 7724.00 0.223708077353E-02
 7726.00 0.222793935232E-02
 7728.00 0.224622063399E-02
 7730.00 0.227245174675E-02
 7732.00 0.224862656545E-02
 7734.00 0.225811650181E-02
 7736.00 0.226892423628E-02
 7738.00 0.231491787231E-02
 7740.00 0.229443066984E-02
 7742.00 0.222807782058E-02
 7744.00 0.220301444407E-02
 7746.00 0.219995407356E-02
 7748.00 0.212402923197E-02
 7750.00 0.215895960122E-02
 7752.00 0.224542014351E-02
 7754.00 0.228056367944E-02
 7756.00 0.228237425945E-02
 7758.00 0.226682155511E-02
 7760.00 0.224971023712E-02
 7762.00 0.227445185670E-02
 7764.00 0.228583710435E-02
 7766.00 0.228636556277E-02
 7768.00 0.227022196697E-02
 7770.00 0.225605841543E-02
 7772.00 0.224694977148E-02
 7774.00 0.224600434583E-02
 7776.00 0.227825362838E-02
 7778.00 0.226510908633E-02
 7780.00 0.219713853242E-02
 7782.00 0.222215932106E-02
 7784.00 0.227131455862E-02
 7786.00 0.228311454605E-02
 7788.00 0.222975461455E-02
 7790.00 0.222795919748E-02
 7792.00 0.228362739367E-02
 7794.00 0.228932001834E-02
 7796.00 0.225092992568E-02
 7798.00 0.218518915154E-02
 7800.00 0.217683461862E-02
 7802.00 0.222452043210E-02
 7804.00 0.224929549904E-02
 7806.00 0.224108545511E-02
 7808.00 0.219554312600E-02
 7810.00 0.215859770780E-02
 7812.00 0.217251353073E-02
 7814.00 0.224266636869E-02
 7816.00 0.227184747533E-02
 7818.00 0.228174992064E-02
 7820.00 0.227222430777E-02
 7822.00 0.226667661995E-02
 7824.00 0.226446245098E-02
 7826.00 0.227221761863E-02
 7828.00 0.225901064185E-02
 7830.00 0.221123073096E-02
 7832.00 0.212553165725E-02
 7834.00 0.208450708127E-02
 7836.00 0.210451644252E-02
 7838.00 0.216536709108E-02
 7840.00 0.223064117312E-02
 7842.00 0.222352305244E-02
 7844.00 0.221488154675E-02
 7846.00 0.221852634352E-02
 7848.00 0.222315424764E-02
 7850.00 0.219200045429E-02
 7852.00 0.220716406251E-02
 7854.00 0.221001929228E-02
 7856.00 0.220069859621E-02
 7858.00 0.222157177333E-02
 7860.00 0.223463916557E-02
 7862.00 0.222981169696E-02
 7864.00 0.222002408487E-02
 7866.00 0.224412687280E-02
 7868.00 0.222039088275E-02
 7870.00 0.218889905665E-02
 7872.00 0.217363889963E-02
 7874.00 0.217088133324E-02
 7876.00 0.216737768175E-02
 7878.00 0.216198697054E-02
 7880.00 0.215018074015E-02
 7882.00 0.213975964873E-02
 7884.00 0.216233593018E-02
 7886.00 0.217635922879E-02
 7888.00 0.218858086736E-02
 7890.00 0.218878020962E-02
 7892.00 0.217731156750E-02
 7894.00 0.214670875304E-02
 7896.00 0.213837607219E-02
 7898.00 0.215621898074E-02
 7900.00 0.216462836522E-02
 7902.00 0.217712092129E-02
 7904.00 0.215916228719E-02
 7906.00 0.215402978362E-02
 7908.00 0.213102047968E-02
 7910.00 0.212018955464E-02
 7912.00 0.209926643043E-02
 7914.00 0.208460786782E-02
 7916.00 0.207589166540E-02
 7918.00 0.206835345262E-02
 7920.00 0.208826225126E-02
 7922.00 0.211210482465E-02
 7924.00 0.210325394216E-02
 7926.00 0.209376512037E-02
 7928.00 0.207904011090E-02
 7930.00 0.202627040246E-02
 7932.00 0.198224053147E-02
 7934.00 0.202718371925E-02
 7936.00 0.201265872045E-02
 7938.00 0.200471045350E-02
 7940.00 0.204992188346E-02
 7942.00 0.202074501118E-02
 7944.00 0.195708707305E-02
 7946.00 0.195962790512E-02
 7948.00 0.203984350872E-02
 7950.00 0.209936141848E-02
 7952.00 0.212035790261E-02
 7954.00 0.211886149807E-02
 7956.00 0.208777861325E-02
 7958.00 0.209391496168E-02
 7960.00 0.211533978609E-02
 7962.00 0.211049849135E-02
 7964.00 0.210368808093E-02
 7966.00 0.212415008592E-02
 7968.00 0.212275090027E-02
 7970.00 0.210968328579E-02
 7972.00 0.211251109062E-02
 7974.00 0.212936665235E-02
 7976.00 0.213167848639E-02
 7978.00 0.208933209850E-02
 7980.00 0.209288636550E-02
 7982.00 0.213105704682E-02
 7984.00 0.214941146788E-02
 7986.00 0.209627072379E-02
 7988.00 0.209150903193E-02
 7990.00 0.212141147234E-02
 7992.00 0.211272425730E-02
 7994.00 0.206462013640E-02
 7996.00 0.203862047475E-02
 7998.00 0.200790215867E-02
 8000.00 0.202158385518E-02
 8002.00 0.207055647417E-02
 8004.00 0.209726631878E-02
 8006.00 0.210847430018E-02
 8008.00 0.209926865957E-02
 8010.00 0.209958261280E-02
 8012.00 0.211960022393E-02
 8014.00 0.212674443274E-02
 8016.00 0.212718369990E-02
 8018.00 0.212018509466E-02
 8020.00 0.211317578646E-02
 8022.00 0.211377425938E-02
 8024.00 0.208943377739E-02
 8026.00 0.202239660936E-02
 8028.00 0.200478559639E-02
 8030.00 0.206505561198E-02
 8032.00 0.211183992618E-02
 8034.00 0.210100030511E-02
 8036.00 0.211232668737E-02
 8038.00 0.212094656323E-02
 8040.00 0.211344982713E-02
 8042.00 0.208953523234E-02
 8044.00 0.203033283485E-02
 8046.00 0.196111427511E-02
 8048.00 0.195954963905E-02
 8050.00 0.200422391624E-02
 8052.00 0.202935039589E-02
 8054.00 0.203225334362E-02
 8056.00 0.205040953529E-02
 8058.00 0.207977237156E-02
 8060.00 0.207822445918E-02
 8062.00 0.207308727338E-02
 8064.00 0.207524435995E-02
 8066.00 0.206876239391E-02
 8068.00 0.204129732369E-02
 8070.00 0.200254556153E-02
 8072.00 0.200151473621E-02
 8074.00 0.201011766615E-02
 8076.00 0.203317714113E-02
 8078.00 0.205509474576E-02
 8080.00 0.203189078179E-02
 8082.00 0.200391330843E-02
 8084.00 0.198909576229E-02
 8086.00 0.199712809210E-02
 8088.00 0.202695249208E-02
 8090.00 0.200719108168E-02
 8092.00 0.194827900237E-02
 8094.00 0.194834589539E-02
 8096.00 0.196207040371E-02
 8098.00 0.192937761794E-02
 8100.00 0.195840598742E-02
 8102.00 0.201070298304E-02
 8104.00 0.201528673855E-02
 8106.00 0.200053630937E-02
 8108.00 0.200687088548E-02
 8110.00 0.202352621432E-02
 8112.00 0.202737235855E-02
 8114.00 0.201374261605E-02
 8116.00 0.200076106965E-02
 8118.00 0.200740045847E-02
 8120.00 0.203391296774E-02
 8122.00 0.204309430320E-02
 8124.00 0.202907947670E-02
 8126.00 0.200878671202E-02
 8128.00 0.201354661921E-02
 8130.00 0.201147203308E-02
 8132.00 0.201300946475E-02
 8134.00 0.202555129952E-02
 8136.00 0.203248836237E-02
 8138.00 0.202681312978E-02
 8140.00 0.200783816320E-02
 8142.00 0.200524404031E-02
 8144.00 0.201984618892E-02
 8146.00 0.201122073681E-02
 8148.00 0.199835447149E-02
 8150.00 0.200219816264E-02
 8152.00 0.200307156688E-02
 8154.00 0.201021087122E-02
 8156.00 0.201850787557E-02
 8158.00 0.203468268618E-02
 8160.00 0.199731383386E-02
 8162.00 0.196307313570E-02
 8164.00 0.198490556289E-02
 8166.00 0.201629192192E-02
 8168.00 0.199790182606E-02
 8170.00 0.200159567590E-02
 8172.00 0.201242481796E-02
 8174.00 0.200224989272E-02
 8176.00 0.199657332332E-02
 8178.00 0.198965833478E-02
 8180.00 0.195214677644E-02
 8182.00 0.187087113621E-02
 8184.00 0.184377799227E-02
 8186.00 0.190765757089E-02
 8188.00 0.197357093075E-02
 8190.00 0.200580973428E-02
 8192.00 0.194635514989E-02
 8194.00 0.179263981121E-02
 8196.00 0.180663635330E-02
 8198.00 0.189565913524E-02
 8200.00 0.195895830312E-02
 8202.00 0.199153937716E-02
 8204.00 0.199786971721E-02
 8206.00 0.197432682645E-02
 8208.00 0.194659150715E-02
 8210.00 0.195061536379E-02
 8212.00 0.190218034374E-02
 8214.00 0.188174420295E-02
 8216.00 0.193621634902E-02
 8218.00 0.193157818641E-02
 8220.00 0.186867458155E-02
 8222.00 0.190570049498E-02
 8224.00 0.197961496813E-02
 8226.00 0.198567282995E-02
 8228.00 0.197924170335E-02
 8230.00 0.195487959152E-02
 8232.00 0.194094325502E-02
 8234.00 0.197133201046E-02
 8236.00 0.199159578946E-02
 8238.00 0.198288003322E-02
 8240.00 0.198780382839E-02
 8242.00 0.198173325841E-02
 8244.00 0.197822648544E-02
 8246.00 0.197782111180E-02
 8248.00 0.195642192935E-02
 8250.00 0.196670901249E-02
 8252.00 0.198436662545E-02
 8254.00 0.198535174142E-02
 8256.00 0.196204743707E-02
 8258.00 0.197075472120E-02
 8260.00 0.202082394566E-02
 8262.00 0.201303399214E-02
 8264.00 0.198198165543E-02
 8266.00 0.197885060032E-02
 8268.00 0.197636685066E-02
 8270.00 0.198887858179E-02
 8272.00 0.197637487830E-02
 8274.00 0.193352433714E-02
 8276.00 0.193358164178E-02
 8278.00 0.197211733970E-02
 8280.00 0.198888482475E-02
 8282.00 0.197709108198E-02
 8284.00 0.198315228922E-02
 8286.00 0.196006784068E-02
 8288.00 0.193819037085E-02
 8290.00 0.195796136963E-02
 8292.00 0.195586537759E-02
 8294.00 0.193304158977E-02
 8296.00 0.194227287233E-02
 8298.00 0.194489375345E-02
 8300.00 0.195814175736E-02
 8302.00 0.196090021609E-02
 8304.00 0.192701561456E-02
 8306.00 0.189576928623E-02
 8308.00 0.188998903104E-02
 8310.00 0.186865072258E-02
 8312.00 0.189753192605E-02
 8314.00 0.195058347887E-02
 8316.00 0.196650766333E-02
 8318.00 0.195477858274E-02
 8320.00 0.193544729728E-02
 8322.00 0.192779291448E-02
 8324.00 0.193046664194E-02
 8326.00 0.185364119342E-02
 8328.00 0.184898051034E-02
 8330.00 0.187049006602E-02
 8332.00 0.182816865339E-02
 8334.00 0.185252340598E-02
 8336.00 0.188147217088E-02
 8338.00 0.186321117884E-02
 8340.00 0.189724852093E-02
 8342.00 0.192392491818E-02
 8344.00 0.188220264517E-02
 8346.00 0.183952268282E-02
 8348.00 0.185082141623E-02
 8350.00 0.192675138620E-02
 8352.00 0.196804353426E-02
 8354.00 0.196962913006E-02
 8356.00 0.194659775011E-02
 8358.00 0.193846329525E-02
 8360.00 0.194082284725E-02
 8362.00 0.193104883735E-02
 8364.00 0.191233564605E-02
 8366.00 0.192370216312E-02
 8368.00 0.196061814948E-02
 8370.00 0.195382044723E-02
 8372.00 0.193294771628E-02
 8374.00 0.195271715263E-02
 8376.00 0.193912219599E-02
 8378.00 0.193399794230E-02
 8380.00 0.193675595486E-02
 8382.00 0.190369926876E-02
 8384.00 0.188834680070E-02
 8386.00 0.185237512541E-02
 8388.00 0.183165758641E-02
 8390.00 0.188249452410E-02
 8392.00 0.196409927880E-02
 8394.00 0.196734561329E-02
 8396.00 0.194036262035E-02
 8398.00 0.194362590076E-02
 8400.00 0.193694927639E-02
 8402.00 0.194222626895E-02
 8404.00 0.194634957533E-02
 8406.00 0.196039361144E-02
 8408.00 0.196312798726E-02
 8410.00 0.194068058740E-02
 8412.00 0.191193696155E-02
 8414.00 0.191210151963E-02
 8416.00 0.193404744323E-02
 8418.00 0.192299041941E-02
 8420.00 0.191054201196E-02
 8422.00 0.190233687419E-02
 8424.00 0.187273835245E-02
 8426.00 0.185134608306E-02
 8428.00 0.190608379431E-02
 8430.00 0.194961642339E-02
 8432.00 0.192882886989E-02
 8434.00 0.184396417849E-02
 8436.00 0.182210521701E-02
 8438.00 0.183447022830E-02
 8440.00 0.183912935064E-02
 8442.00 0.186916669337E-02
 8444.00 0.188546904876E-02
 8446.00 0.188222316043E-02
 8448.00 0.188576783905E-02
 8450.00 0.190448950246E-02
 8452.00 0.193186738833E-02
 8454.00 0.194736367867E-02
 8456.00 0.192013630252E-02
 8458.00 0.191255527963E-02
 8460.00 0.192871091519E-02
 8462.00 0.193761174308E-02
 8464.00 0.190558075561E-02
 8466.00 0.185437523706E-02
 8468.00 0.180077671916E-02
 8470.00 0.183478418154E-02
 8472.00 0.187595391491E-02
 8474.00 0.191908852959E-02
 8476.00 0.192535153046E-02
 8478.00 0.190926501876E-02
 8480.00 0.189291896093E-02
 8482.00 0.187684092134E-02
 8484.00 0.191085061456E-02
 8486.00 0.191526312286E-02
 8488.00 0.191365723573E-02
 8490.00 0.191301394409E-02
 8492.00 0.189757674476E-02
 8494.00 0.184482933286E-02
 8496.00 0.163682335381E-02
 8498.00 0.148840106296E-02
 8500.00 0.159874342448E-02
 8502.00 0.175830189586E-02
 8504.00 0.183409874820E-02
 8506.00 0.189899443706E-02
 8508.00 0.191324539520E-02
 8510.00 0.191951129531E-02
 8512.00 0.185525287735E-02
 8514.00 0.178552392137E-02
 8516.00 0.177079110651E-02
 8518.00 0.183752123437E-02
 8520.00 0.187566984138E-02
 8522.00 0.187597822005E-02
 8524.00 0.185975279223E-02
 8526.00 0.182948957296E-02
 8528.00 0.182321475457E-02
 8530.00 0.184889332599E-02
 8532.00 0.183510950612E-02
 8534.00 0.180357040823E-02
 8536.00 0.170328189407E-02
 8538.00 0.156516318611E-02
 8540.00 0.132158109480E-02
 8542.00 0.114737097388E-02
 8544.00 0.130001668755E-02
 8546.00 0.154691401160E-02
 8548.00 0.167443859794E-02
 8550.00 0.175912936681E-02
 8552.00 0.182060992704E-02
 8554.00 0.181513872062E-02
 8556.00 0.178462888730E-02
 8558.00 0.179717049814E-02
 8560.00 0.182791557245E-02
 8562.00 0.184124384934E-02
 8564.00 0.184705799636E-02
 8566.00 0.185451905764E-02
 8568.00 0.185435360722E-02
 8570.00 0.185094873537E-02
 8572.00 0.184466856635E-02
 8574.00 0.184509913578E-02
 8576.00 0.184250434279E-02
 8578.00 0.185995012757E-02
 8580.00 0.184233064250E-02
 8582.00 0.180836955957E-02
 8584.00 0.181026308787E-02
 8586.00 0.182989606117E-02
 8588.00 0.184314027519E-02
 8590.00 0.183204668253E-02
 8592.00 0.182319803089E-02
 8594.00 0.181004791428E-02
 8596.00 0.179747865288E-02
 8598.00 0.179252631650E-02
 8600.00 0.182403219097E-02
 8602.00 0.183377431595E-02
 8604.00 0.182190676709E-02
 8606.00 0.181221704230E-02
 8608.00 0.179812796524E-02
 8610.00 0.175315200020E-02
 8612.00 0.174803934180E-02
 8614.00 0.177031571837E-02
 8616.00 0.181433600098E-02
 8618.00 0.183668863503E-02
 8620.00 0.182083201370E-02
 8622.00 0.178782906458E-02
 8624.00 0.179166606830E-02
 8626.00 0.181978490917E-02
 8628.00 0.182655139490E-02
 8630.00 0.182397109475E-02
 8632.00 0.181346460366E-02
 8634.00 0.182134820673E-02
 8636.00 0.186011223258E-02
 8638.00 0.187055807531E-02
 8640.00 0.186646866246E-02
 8642.00 0.185215883724E-02
 8644.00 0.184845205362E-02
 8646.00 0.182195693643E-02
 8648.00 0.175782918303E-02
 8650.00 0.174937520207E-02
 8652.00 0.180157587114E-02
 8654.00 0.178261651196E-02
 8656.00 0.175338010589E-02
 8658.00 0.165405731041E-02
 8660.00 0.140607051450E-02
 8662.00 0.121810756630E-02
 8664.00 0.133955243875E-02
 8666.00 0.160195229780E-02
 8668.00 0.174412117446E-02
 8670.00 0.176444047513E-02
 8672.00 0.176796620092E-02
 8674.00 0.173061786046E-02
 8676.00 0.176225261652E-02
 8678.00 0.181834625713E-02
 8680.00 0.179305566556E-02
 8682.00 0.180898408607E-02
 8684.00 0.182446855889E-02
 8686.00 0.177197578866E-02
 8688.00 0.166591727779E-02
 8690.00 0.169420513673E-02
 8692.00 0.179807288975E-02
 8694.00 0.182667916021E-02
 8696.00 0.182277593358E-02
 8698.00 0.179321063527E-02
 8700.00 0.177766796547E-02
 8702.00 0.178584746129E-02
 8704.00 0.179736248286E-02
 8706.00 0.180270948992E-02
 8708.00 0.178296123724E-02
 8710.00 0.173661819371E-02
 8712.00 0.169757366198E-02
 8714.00 0.173662153912E-02
 8716.00 0.175078263759E-02
 8718.00 0.174893370577E-02
 8720.00 0.179108565586E-02
 8722.00 0.181773106053E-02
 8724.00 0.182893190493E-02
 8726.00 0.178918945224E-02
 8728.00 0.176072611003E-02
 8730.00 0.177038417213E-02
 8732.00 0.178905589013E-02
 8734.00 0.175126226348E-02
 8736.00 0.170028328819E-02
 8738.00 0.173242598740E-02
 8740.00 0.177646990675E-02
 8742.00 0.176056132971E-02
 8744.00 0.177522903453E-02
 8746.00 0.180018136771E-02
 8748.00 0.180475241337E-02
 8750.00 0.178107417583E-02
 8752.00 0.175174634766E-02
 8754.00 0.176626108968E-02
 8756.00 0.177488765467E-02
 8758.00 0.178490404255E-02
 8760.00 0.180461171426E-02
 8762.00 0.178475353283E-02
 8764.00 0.175802451146E-02
 8766.00 0.175542927231E-02
 8768.00 0.180173864455E-02
 8770.00 0.178580375715E-02
 8772.00 0.171026266106E-02
 8774.00 0.170418250270E-02
 8776.00 0.176935133821E-02
 8778.00 0.180737039523E-02
 8780.00 0.179838416597E-02
 8782.00 0.180761678704E-02
 8784.00 0.179891217822E-02
 8786.00 0.181301441131E-02
 8788.00 0.178876490355E-02
 8790.00 0.173840736782E-02
 8792.00 0.170704219245E-02
 8794.00 0.172555738000E-02
 8796.00 0.176957498560E-02
 8798.00 0.181514607815E-02
 8800.00 0.182566015241E-02
 8802.00 0.179539715538E-02
 8804.00 0.168286493003E-02
 8806.00 0.151283764929E-02
 8808.00 0.154590748972E-02
 8810.00 0.172542069302E-02
 8812.00 0.181521074203E-02
 8814.00 0.181956839707E-02
 8816.00 0.181328109275E-02
 8818.00 0.180401770133E-02
 8820.00 0.178612217036E-02
 8822.00 0.174078587264E-02
 8824.00 0.170245910704E-02
 8826.00 0.174154845748E-02
 8828.00 0.180666489450E-02
 8830.00 0.182659086129E-02
 8832.00 0.182266355344E-02
 8834.00 0.181443990732E-02
 8836.00 0.180163406812E-02
 8838.00 0.178411960564E-02
 8840.00 0.180112880027E-02
 8842.00 0.182293134945E-02
 8844.00 0.183303090786E-02
 8846.00 0.182396395945E-02
 8848.00 0.182619440763E-02
 8850.00 0.184644190912E-02
 8852.00 0.186044848405E-02
 8854.00 0.183807667155E-02
 8856.00 0.183408492376E-02
 8858.00 0.184025382721E-02
 8860.00 0.180014346207E-02
 8862.00 0.176373764970E-02
 8864.00 0.173693861384E-02
 8866.00 0.170646847084E-02
 8868.00 0.171562081894E-02
 8870.00 0.177298231054E-02
 8872.00 0.183000442918E-02
 8874.00 0.181330450556E-02
 8876.00 0.177671451219E-02
 8878.00 0.177080872253E-02
 8880.00 0.178853791243E-02
 8882.00 0.178711018558E-02
 8884.00 0.179302021130E-02
 8886.00 0.178509491099E-02
 8888.00 0.179551756315E-02
 8890.00 0.176808259488E-02
 8892.00 0.173495433353E-02
 8894.00 0.175257760850E-02
 8896.00 0.177992985240E-02
 8898.00 0.178883692496E-02
 8900.00 0.178307205664E-02
 8902.00 0.178444738330E-02
 8904.00 0.176841460860E-02
 8906.00 0.175173564471E-02
 8908.00 0.175422006447E-02
 8910.00 0.175412173100E-02
 8912.00 0.176572683447E-02
 8914.00 0.177100739468E-02
 8916.00 0.178079255369E-02
 8918.00 0.175333818643E-02
 8920.00 0.171521968136E-02
 8922.00 0.170175293620E-02
 8924.00 0.168618484668E-02
 8926.00 0.168490316956E-02
 8928.00 0.170274251046E-02
 8930.00 0.172081597947E-02
 8932.00 0.173149304937E-02
 8934.00 0.174271284660E-02
 8936.00 0.175863390957E-02
 8938.00 0.175210890949E-02
 8940.00 0.172589251521E-02
 8942.00 0.170346206126E-02
 8944.00 0.168223234135E-02
 8946.00 0.166238909892E-02
 8948.00 0.171597468473E-02
 8950.00 0.175673770596E-02
 8952.00 0.178290303857E-02
 8954.00 0.180034793271E-02
 8956.00 0.179179115829E-02
 8958.00 0.179097216115E-02
 8960.00 0.175748445945E-02
 8962.00 0.174437826922E-02
 8964.00 0.172862733720E-02
 8966.00 0.169719905870E-02
 8968.00 0.168996030800E-02
 8970.00 0.170572773808E-02
 8972.00 0.172839856310E-02
 8974.00 0.172523383839E-02
 8976.00 0.170719470908E-02
 8978.00 0.172221248811E-02
 8980.00 0.173393376499E-02
 8982.00 0.174169317040E-02
 8984.00 0.171567656284E-02
 8986.00 0.169634527739E-02
 8988.00 0.171886581493E-02
 8990.00 0.171731701020E-02
 8992.00 0.171652053353E-02
 8994.00 0.175505266381E-02
 8996.00 0.173773397593E-02
 8998.00 0.167116662149E-02
 9000.00 0.164373544310E-02
 9002.00 0.168346050371E-02
 9004.00 0.172715835928E-02
 9006.00 0.170812185200E-02
 9008.00 0.165260996063E-02
 9010.00 0.161030549222E-02
 9012.00 0.162802910756E-02
 9014.00 0.159484443390E-02
 9016.00 0.160337623477E-02
 9018.00 0.167854807989E-02
 9020.00 0.168303372417E-02
 9022.00 0.166776687803E-02
 9024.00 0.168034661844E-02
 9026.00 0.171979853071E-02
 9028.00 0.173866780629E-02
 9030.00 0.173690784179E-02
 9032.00 0.174026276654E-02
 9034.00 0.175851818402E-02
 9036.00 0.175303716699E-02
 9038.00 0.174815239204E-02
 9040.00 0.174109848736E-02
 9042.00 0.173565782906E-02
 9044.00 0.175157086439E-02
 9046.00 0.173323227638E-02
 9048.00 0.173151356294E-02
 9050.00 0.171686927093E-02
 9052.00 0.170879033943E-02
 9054.00 0.171419063901E-02
 9056.00 0.170574067017E-02
 9058.00 0.168051942640E-02
 9060.00 0.163010659294E-02
 9062.00 0.162722014496E-02
 9064.00 0.167729003782E-02
 9066.00 0.172227447667E-02
 9068.00 0.170916471878E-02
 9070.00 0.168384580995E-02
 9072.00 0.168386164129E-02
 9074.00 0.168355348485E-02
 9076.00 0.165894765992E-02
 9078.00 0.160482982581E-02
 9080.00 0.157929908879E-02
 9082.00 0.164778672807E-02
 9084.00 0.165189999991E-02
 9086.00 0.160286784544E-02
 9088.00 0.153702182477E-02
 9090.00 0.154464699627E-02
 9092.00 0.158772876460E-02
 9094.00 0.162853058552E-02
 9096.00 0.164249412641E-02
 9098.00 0.164565394496E-02
 9100.00 0.163575060732E-02
 9102.00 0.166643191008E-02
 9104.00 0.167001092670E-02
 9106.00 0.165025063257E-02
 9108.00 0.165710117948E-02
 9110.00 0.165514008975E-02
 9112.00 0.166842087261E-02
 9114.00 0.166614783656E-02
 9116.00 0.163426758274E-02
 9118.00 0.161888880092E-02
 9120.00 0.164145616409E-02
 9122.00 0.169008629034E-02
 9124.00 0.170611616580E-02
 9126.00 0.169885355443E-02
 9128.00 0.168133931588E-02
 9130.00 0.167853871375E-02
 9132.00 0.169642621877E-02
 9134.00 0.167385595636E-02
 9136.00 0.166702993684E-02
 9138.00 0.167489637176E-02
 9140.00 0.164410870789E-02
 9142.00 0.160405899279E-02
 9144.00 0.160851832502E-02
 9146.00 0.160866861250E-02
 9148.00 0.160188585095E-02
 9150.00 0.162469269116E-02
 9152.00 0.162860595234E-02
 9154.00 0.160606423113E-02
 9156.00 0.160178417207E-02
 9158.00 0.161651252694E-02
 9160.00 0.163112337159E-02
 9162.00 0.163118379941E-02
 9164.00 0.161940878554E-02
 9166.00 0.160128626346E-02
 9168.00 0.157546922208E-02
 9170.00 0.154925037471E-02
 9172.00 0.152223527291E-02
 9174.00 0.153822345114E-02
 9176.00 0.157597471216E-02
 9178.00 0.159608307529E-02
 9180.00 0.159222801108E-02
 9182.00 0.159060696271E-02
 9184.00 0.160249614140E-02
 9186.00 0.161157936563E-02
 9188.00 0.159355807456E-02
 9190.00 0.155402655941E-02
 9192.00 0.154259894613E-02
 9194.00 0.155145027308E-02
 9196.00 0.156929006015E-02
 9198.00 0.157425666882E-02
 9200.00 0.157640104553E-02
 9202.00 0.157180435792E-02
 9204.00 0.156226113072E-02
 9206.00 0.155359576606E-02
 9208.00 0.153793848528E-02
 9210.00 0.151087522105E-02
 9212.00 0.148108226153E-02
 9214.00 0.147995577805E-02
 9216.00 0.149713666606E-02
 9218.00 0.152034709693E-02
 9220.00 0.156504054919E-02
 9222.00 0.157129775157E-02
 9224.00 0.152377448926E-02
 9226.00 0.150253362023E-02
 9228.00 0.151922061176E-02
 9230.00 0.151514658408E-02
 9232.00 0.152124703546E-02
 9234.00 0.153582956115E-02
 9236.00 0.152365541829E-02
 9238.00 0.151851644783E-02
 9240.00 0.151976913758E-02
 9242.00 0.152236905895E-02
 9244.00 0.151208108517E-02
 9246.00 0.151566344721E-02
 9248.00 0.151456728791E-02
 9250.00 0.153607037839E-02
 9252.00 0.152965508314E-02
 9254.00 0.147912429328E-02
 9256.00 0.142908918459E-02
 9258.00 0.143231032329E-02
 9260.00 0.147477176663E-02
 9262.00 0.149630741044E-02
 9264.00 0.151427763983E-02
 9266.00 0.154960468497E-02
 9268.00 0.156946376044E-02
 9270.00 0.155535372365E-02
 9272.00 0.154972286360E-02
 9274.00 0.156432679689E-02
 9276.00 0.155479271021E-02
 9278.00 0.152032702784E-02
 9280.00 0.151872827771E-02
 9282.00 0.153892114987E-02
 9284.00 0.153622891405E-02
 9286.00 0.152514714061E-02
 9288.00 0.151262359026E-02
 9290.00 0.151529553305E-02
 9292.00 0.153798553484E-02
 9294.00 0.153066138107E-02
 9296.00 0.150853105593E-02
 9298.00 0.151345618961E-02
 9300.00 0.154347168026E-02
 9302.00 0.157371884595E-02
 9304.00 0.158002711170E-02
 9306.00 0.155111982010E-02
 9308.00 0.151533990560E-02
 9310.00 0.154184639583E-02
 9312.00 0.155610783468E-02
 9314.00 0.153203760008E-02
 9316.00 0.151317434523E-02
 9318.00 0.156259983357E-02
 9320.00 0.158732539788E-02
 9322.00 0.153088948846E-02
 9324.00 0.150764427343E-02
 9326.00 0.154725829070E-02
 9328.00 0.158505392257E-02
 9330.00 0.158310576663E-02
 9332.00 0.154483117559E-02
 9334.00 0.152542385490E-02
 9336.00 0.155572542769E-02
 9338.00 0.159542729772E-02
 9340.00 0.157312215771E-02
 9342.00 0.148561874525E-02
 9344.00 0.147132631382E-02
 9346.00 0.157563890686E-02
 9348.00 0.160126173607E-02
 9350.00 0.156147803232E-02
 9352.00 0.152590638004E-02
 9354.00 0.152587137194E-02
 9356.00 0.150935941752E-02
 9358.00 0.149775877403E-02
 9360.00 0.155643137460E-02
 9362.00 0.155459827411E-02
 9364.00 0.155232702273E-02
 9366.00 0.157550043859E-02
 9368.00 0.154630126977E-02
 9370.00 0.150999758076E-02
 9372.00 0.153568083610E-02
 9374.00 0.154307589500E-02
 9376.00 0.153552096024E-02
 9378.00 0.150551305105E-02
 9380.00 0.149313376746E-02
 9382.00 0.151143511822E-02
 9384.00 0.150405968055E-02
 9386.00 0.148211353471E-02
 9388.00 0.150785431693E-02
 9390.00 0.153145161478E-02
 9392.00 0.152218532581E-02
 9394.00 0.152496362971E-02
 9396.00 0.151628377220E-02
 9398.00 0.151585788331E-02
 9400.00 0.150384339238E-02
 9402.00 0.149051266411E-02
 9404.00 0.144866842089E-02
 9406.00 0.143675382418E-02
 9408.00 0.143888571495E-02
 9410.00 0.143185790010E-02
 9412.00 0.139396081159E-02
 9414.00 0.132083099758E-02
 9416.00 0.133482686956E-02
 9418.00 0.142949054440E-02
 9420.00 0.147836683853E-02
 9422.00 0.150677555141E-02
 9424.00 0.149330479244E-02
 9426.00 0.143966034125E-02
 9428.00 0.144413795789E-02
 9430.00 0.144277890874E-02
 9432.00 0.144421154174E-02
 9434.00 0.145977182586E-02
 9436.00 0.145149042893E-02
 9438.00 0.136047600914E-02
 9440.00 0.136711539797E-02
 9442.00 0.141368877464E-02
 9444.00 0.145096598602E-02
 9446.00 0.144999201747E-02
 9448.00 0.145290767676E-02
 9450.00 0.146671535561E-02
 9452.00 0.143237966939E-02
 9454.00 0.139253776866E-02
 9456.00 0.145589513352E-02
 9458.00 0.145376814720E-02
 9460.00 0.144705138633E-02
 9462.00 0.145930357133E-02
 9464.00 0.146560849336E-02
 9466.00 0.146030273566E-02
 9468.00 0.145863709081E-02
 9470.00 0.147667309864E-02
 9472.00 0.148303889296E-02
 9474.00 0.146773503181E-02
 9476.00 0.148411587551E-02
 9478.00 0.144789468863E-02
 9480.00 0.140716265998E-02
 9482.00 0.146436293891E-02
 9484.00 0.149795655555E-02
 9486.00 0.147506386779E-02
 9488.00 0.148692004529E-02
 9490.00 0.150709307060E-02
 9492.00 0.146142654383E-02
 9494.00 0.141672350319E-02
 9496.00 0.146387885473E-02
 9498.00 0.144693454621E-02
 9500.00 0.141892429559E-02
 9502.00 0.143862572265E-02
 9504.00 0.146474935972E-02
 9506.00 0.147735273519E-02
 9508.00 0.147664611818E-02
 9510.00 0.146358586123E-02
 9512.00 0.146164662357E-02
 9514.00 0.145951785428E-02
 9516.00 0.145677834837E-02
 9518.00 0.144522341424E-02
 9520.00 0.144226516709E-02
 9522.00 0.146901737733E-02
 9524.00 0.149642068461E-02
 9526.00 0.145864957843E-02
 9528.00 0.142660342802E-02
 9530.00 0.145298170508E-02
 9532.00 0.147512273318E-02
 9534.00 0.144864946806E-02
 9536.00 0.142466419036E-02
 9538.00 0.144122207807E-02
 9540.00 0.143523891298E-02
 9542.00 0.139273688698E-02
 9544.00 0.136660767704E-02
 9546.00 0.138508562565E-02
 9548.00 0.142692384645E-02
 9550.00 0.145682829547E-02
 9552.00 0.143541149870E-02
 9554.00 0.143044957225E-02
 9556.00 0.145231410999E-02
 9558.00 0.148275459551E-02
 9560.00 0.149296787256E-02
 9562.00 0.145955954981E-02
 9564.00 0.145162845272E-02
 9566.00 0.146852682626E-02
 9568.00 0.145636427869E-02
 9570.00 0.142584508093E-02
 9572.00 0.143774808236E-02
 9574.00 0.145788766370E-02
 9576.00 0.146266451680E-02
 9578.00 0.143975265399E-02
 9580.00 0.142920914619E-02
 9582.00 0.146017340791E-02
 9584.00 0.148251021231E-02
 9586.00 0.145102440523E-02
 9588.00 0.143517179772E-02
 9590.00 0.144520847524E-02
 9592.00 0.147700600470E-02
 9594.00 0.146517859234E-02
 9596.00 0.142619047291E-02
 9598.00 0.141545208455E-02
 9600.00 0.142671469358E-02
 9602.00 0.143174395923E-02
 9604.00 0.141283031110E-02
 9606.00 0.143566769942E-02
 9608.00 0.144410562680E-02
 9610.00 0.147865336513E-02
 9612.00 0.149046516839E-02
 9614.00 0.146618422187E-02
 9616.00 0.144835915158E-02
 9618.00 0.142978866629E-02
 9620.00 0.142040843475E-02
 9622.00 0.142196682785E-02
 9624.00 0.139788410732E-02
 9626.00 0.138238001327E-02
 9628.00 0.143489864939E-02
 9630.00 0.148994117165E-02
 9632.00 0.147883776668E-02
 9634.00 0.143107190415E-02
 9636.00 0.139038580879E-02
 9638.00 0.140671090689E-02
 9640.00 0.144981876504E-02
 9642.00 0.145817619551E-02
 9644.00 0.143789346368E-02
 9646.00 0.142873687954E-02
 9648.00 0.146029426185E-02
 9650.00 0.146816292762E-02
 9652.00 0.145503042532E-02
 9654.00 0.143560972468E-02
 9656.00 0.142287100243E-02
 9658.00 0.140655370804E-02
 9660.00 0.139225637045E-02
 9662.00 0.142333947920E-02
 9664.00 0.143518205450E-02
 9666.00 0.146154539086E-02
 9668.00 0.146163569669E-02
 9670.00 0.146285003462E-02
 9672.00 0.145962978825E-02
 9674.00 0.142926266095E-02
 9676.00 0.141870287734E-02
 9678.00 0.143998343499E-02
 9680.00 0.146969367016E-02
 9682.00 0.148263374157E-02
 9684.00 0.147605388992E-02
 9686.00 0.145574551444E-02
 9688.00 0.142713411559E-02
 9690.00 0.142843764308E-02
 9692.00 0.144885393871E-02
 9694.00 0.145653418740E-02
 9696.00 0.146892283544E-02
 9698.00 0.145373849142E-02
 9700.00 0.143923423012E-02
 9702.00 0.142787529283E-02
 9704.00 0.142384809077E-02
 9706.00 0.142501337393E-02
 9708.00 0.144740659063E-02
 9710.00 0.147203226072E-02
 9712.00 0.146823985518E-02
 9714.00 0.145554751069E-02
 9716.00 0.144828869091E-02
 9718.00 0.146255124433E-02
 9720.00 0.145543579896E-02
 9722.00 0.144784474152E-02
 9724.00 0.144983927861E-02
 9726.00 0.144056919806E-02
 9728.00 0.142721906909E-02
 9730.00 0.143719710516E-02
 9732.00 0.144983637936E-02
 9734.00 0.142516321355E-02
 9736.00 0.138210017580E-02
 9738.00 0.137238592363E-02
 9740.00 0.140258849284E-02
 9742.00 0.141158074284E-02
 9744.00 0.141958854527E-02
 9746.00 0.142076073979E-02
 9748.00 0.142985087709E-02
 9750.00 0.144386949348E-02
 9752.00 0.143877601013E-02
 9754.00 0.141968531799E-02
 9756.00 0.142525753320E-02
 9758.00 0.142999692682E-02
 9760.00 0.142471525204E-02
 9762.00 0.139169580318E-02
 9764.00 0.138252227312E-02
 9766.00 0.140827688146E-02
 9768.00 0.141125876367E-02
 9770.00 0.141217587035E-02
 9772.00 0.141543580704E-02
 9774.00 0.145425713753E-02
 9776.00 0.145280778255E-02
 9778.00 0.143374273237E-02
 9780.00 0.141154172262E-02
 9782.00 0.138819750401E-02
 9784.00 0.138637733732E-02
 9786.00 0.138767083026E-02
 9788.00 0.139207843410E-02
 9790.00 0.140871949234E-02
 9792.00 0.142586202685E-02
 9794.00 0.142710981044E-02
 9796.00 0.141417732050E-02
 9798.00 0.140702352162E-02
 9800.00 0.138500468427E-02
 9802.00 0.139863420453E-02
 9804.00 0.143307201410E-02
 9806.00 0.144449293826E-02
 9808.00 0.144312140317E-02
 9810.00 0.143214754819E-02
 9812.00 0.144548541346E-02
 9814.00 0.145551250259E-02
 9816.00 0.145281714699E-02
 9818.00 0.145381943281E-02
 9820.00 0.145902730320E-02
 9822.00 0.144979267522E-02
 9824.00 0.142686564947E-02
 9826.00 0.141906098088E-02
 9828.00 0.141833072713E-02
 9830.00 0.143392780402E-02
 9832.00 0.141049818574E-02
 9834.00 0.141112809741E-02
 9836.00 0.143993192715E-02
 9838.00 0.146277622854E-02
 9840.00 0.145825379318E-02
 9842.00 0.145610049480E-02
 9844.00 0.144302529885E-02
 9846.00 0.144651802345E-02
 9848.00 0.143545676188E-02
 9850.00 0.142848692178E-02
 9852.00 0.142785277235E-02
 9854.00 0.142983214650E-02
 9856.00 0.143321360554E-02
 9858.00 0.143640664752E-02
 9860.00 0.142252449418E-02
 9862.00 0.140820641910E-02
 9864.00 0.141113434207E-02
 9866.00 0.141599235880E-02
 9868.00 0.141226528554E-02
 9870.00 0.140949255620E-02
 9872.00 0.140510635826E-02
 9874.00 0.140940001953E-02
 9876.00 0.143026517070E-02
 9878.00 0.143414699143E-02
 9880.00 0.140865326773E-02
 9882.00 0.142239962642E-02
 9884.00 0.141194330467E-02
 9886.00 0.140330358366E-02
 9888.00 0.138643999259E-02
 9890.00 0.136960561282E-02
 9892.00 0.138686521138E-02
 9894.00 0.141849974520E-02
 9896.00 0.142112084855E-02
 9898.00 0.140356937276E-02
 9900.00 0.139953369689E-02
 9902.00 0.140713679579E-02
 9904.00 0.140737069827E-02
 9906.00 0.140900891649E-02
 9908.00 0.141977941541E-02
 9910.00 0.140325229805E-02
 9912.00 0.138867891288E-02
 9914.00 0.139098071406E-02
 9916.00 0.141329522022E-02
 9918.00 0.143116109541E-02
 9920.00 0.141287646662E-02
 9922.00 0.140383382505E-02
 9924.00 0.137588333046E-02
 9926.00 0.138179737169E-02
 9928.00 0.139028145459E-02
 9930.00 0.137752534026E-02
 9932.00 0.138377942115E-02
 9934.00 0.139823306695E-02
 9936.00 0.141208690302E-02
 9938.00 0.140827353605E-02
 9940.00 0.139214778020E-02
 9942.00 0.136894269996E-02
 9944.00 0.136527293134E-02
 9946.00 0.137195290113E-02
 9948.00 0.138028156815E-02
 9950.00 0.138252338769E-02
 9952.00 0.138141786394E-02
 9954.00 0.139080723770E-02
 9956.00 0.138367774397E-02
 9958.00 0.138710959628E-02
 9960.00 0.138370316369E-02
 9962.00 0.138147316168E-02
 9964.00 0.138838770405E-02
 9966.00 0.140415580423E-02
 9968.00 0.141002145909E-02
 9970.00 0.141170360369E-02
 9972.00 0.139801343507E-02
 9974.00 0.139310502337E-02
 9976.00 0.138151352040E-02
 9978.00 0.138724717221E-02
 9980.00 0.138913378914E-02
 9982.00 0.138627945002E-02
 9984.00 0.138438971160E-02
 9986.00 0.137400474286E-02
 9988.00 0.139078181798E-02
 9990.00 0.139013005254E-02
 9992.00 0.138298182991E-02
 9994.00 0.136316356104E-02
 9996.00 0.136390050222E-02
 9998.00 0.137502263608E-02
10000.00 0.137280668244E-02
10002.00 0.137195089422E-02
10004.00 0.137783639425E-02
10006.00 0.138135899687E-02
10008.00 0.136755577800E-02
10010.00 0.137037756211E-02
10012.00 0.136633229956E-02
10014.00 0.137869976394E-02
10016.00 0.138374842857E-02
10018.00 0.138002536743E-02
10020.00 0.137691192833E-02
10022.00 0.137468527174E-02
10024.00 0.138551418987E-02
10026.00 0.137192792757E-02
10028.00 0.137450778156E-02
10030.00 0.135690122857E-02
10032.00 0.135517181219E-02
10034.00 0.134710068439E-02
10036.00 0.134164352464E-02
10038.00 0.135053922583E-02
10040.00 0.135121061251E-02
10042.00 0.135196026355E-02
10044.00 0.134510703964E-02
10046.00 0.132253833966E-02
10048.00 0.130584778049E-02
10050.00 0.129348566674E-02
10052.00 0.131898563340E-02
10054.00 0.132573561770E-02
10056.00 0.131777218781E-02
10058.00 0.132603061810E-02
10060.00 0.134841959875E-02
10062.00 0.135105430429E-02
10064.00 0.131727450144E-02
10066.00 0.131160529127E-02
10068.00 0.132858371386E-02
10070.00 0.135203496028E-02
10072.00 0.136374508804E-02
10074.00 0.137230476001E-02
10076.00 0.136446931937E-02
10078.00 0.136162077704E-02
10080.00 0.134836006327E-02
10082.00 0.135462663178E-02
10084.00 0.134615124492E-02
10086.00 0.134619361056E-02
10088.00 0.136003919505E-02
10090.00 0.136921607053E-02
10092.00 0.136262908358E-02
10094.00 0.136541184577E-02
10096.00 0.136495162057E-02
10098.00 0.136418881350E-02
10100.00 0.136466197249E-02
10102.00 0.136169948928E-02
10104.00 0.135607844154E-02
10106.00 0.136022136916E-02
10108.00 0.136699989465E-02
10110.00 0.135706734740E-02
10112.00 0.134022226468E-02
10114.00 0.133144496605E-02
10116.00 0.134916902756E-02
10118.00 0.135721027565E-02
10120.00 0.134741976601E-02
10122.00 0.134327215448E-02
10124.00 0.134432795505E-02
10126.00 0.134583149489E-02
10128.00 0.135445204085E-02
10130.00 0.135811512033E-02
10132.00 0.135530359301E-02
10134.00 0.135516200157E-02
10136.00 0.135841703211E-02
10138.00 0.136349067030E-02
10140.00 0.135512565666E-02
10142.00 0.133524740614E-02
10144.00 0.130611602267E-02
10146.00 0.130521251649E-02
10148.00 0.133484002559E-02
10150.00 0.135509444015E-02
10152.00 0.136531507474E-02
10154.00 0.135371309275E-02
10156.00 0.135349100609E-02
10158.00 0.136686900616E-02
10160.00 0.137422615941E-02
10162.00 0.136485083402E-02
10164.00 0.136482653057E-02
10166.00 0.136203774596E-02
10168.00 0.135331396208E-02
10170.00 0.134871214608E-02
10172.00 0.135619728858E-02
10174.00 0.136110904399E-02
10176.00 0.136953403758E-02
10178.00 0.136508518437E-02
10180.00 0.135570584517E-02
10182.00 0.135616294888E-02
10184.00 0.137206505903E-02
10186.00 0.135592570098E-02
10188.00 0.137182089806E-02
10190.00 0.135422928578E-02
10192.00 0.134754886983E-02
10194.00 0.133788724007E-02
10196.00 0.133863399357E-02
10198.00 0.136027109233E-02
10200.00 0.137119923626E-02
10202.00 0.136787597420E-02
10204.00 0.136580674039E-02
10206.00 0.136030097204E-02
10208.00 0.136290356873E-02
10210.00 0.136610218526E-02
10212.00 0.134370272560E-02
10214.00 0.131746960763E-02
10216.00 0.129570830952E-02
10218.00 0.129670256770E-02
10220.00 0.133623051520E-02
10222.00 0.135345800490E-02
10224.00 0.134540649833E-02
10226.00 0.133750260393E-02
10228.00 0.133198524030E-02
10230.00 0.133414812535E-02
10232.00 0.133494058821E-02
10234.00 0.133726201062E-02
10236.00 0.134814399734E-02
10238.00 0.135264079243E-02
10240.00 0.134774308369E-02
10242.00 0.134105441786E-02
10244.00 0.133218346798E-02
10246.00 0.134203529777E-02
10248.00 0.134023564295E-02
10250.00 0.132645293765E-02
10252.00 0.133102353714E-02
10254.00 0.132902989239E-02
10256.00 0.132910681995E-02
10258.00 0.132081494400E-02
10260.00 0.132122834528E-02
10262.00 0.132032929739E-02
10264.00 0.132665562532E-02
10266.00 0.132928943853E-02
10268.00 0.132095118312E-02
10270.00 0.131644524751E-02
10272.00 0.130460512529E-02
10274.00 0.131609316470E-02
10276.00 0.131072363546E-02
10278.00 0.133138030217E-02
10280.00 0.132654904198E-02
10282.00 0.132260077270E-02
10284.00 0.132544329430E-02
10286.00 0.132282241319E-02
10288.00 0.130553449566E-02
10290.00 0.129991077261E-02
10292.00 0.130781176946E-02
10294.00 0.132048449103E-02
10296.00 0.130218157952E-02
10298.00 0.129992950320E-02
10300.00 0.129686801642E-02
10302.00 0.129602783731E-02
10304.00 0.129657836834E-02
10306.00 0.130933426213E-02
10308.00 0.130803229368E-02
10310.00 0.131103848103E-02
10312.00 0.129906635575E-02
10314.00 0.130899176769E-02
10316.00 0.131610676689E-02
10318.00 0.131394789565E-02
10320.00 0.131375858795E-02
10322.00 0.131471382421E-02
10324.00 0.131475685995E-02
10326.00 0.128898374495E-02
10328.00 0.126752547318E-02
10330.00 0.127952167968E-02
10332.00 0.127863578951E-02
10334.00 0.128895096599E-02
10336.00 0.129758712105E-02
10338.00 0.129664236381E-02
10340.00 0.128408180015E-02
10342.00 0.124661104500E-02
10344.00 0.123381524035E-02
10346.00 0.125194066168E-02
10348.00 0.128402561008E-02
10350.00 0.130054915809E-02
10352.00 0.129366248851E-02
10354.00 0.129442886324E-02
10356.00 0.129485764969E-02
10358.00 0.129901172642E-02
10360.00 0.130564598516E-02
10362.00 0.130162926212E-02
10364.00 0.128378523900E-02
10366.00 0.129918966277E-02
10368.00 0.128596373316E-02
10370.00 0.125117986151E-02
10372.00 0.124570798499E-02
10374.00 0.127288875944E-02
10376.00 0.127868506821E-02
10378.00 0.126952826014E-02
10380.00 0.127364220038E-02
10382.00 0.129257569366E-02
10384.00 0.129015147949E-02
10386.00 0.129995046293E-02
10388.00 0.129244413677E-02
10390.00 0.129194087583E-02
10392.00 0.128876522594E-02
10394.00 0.127217166172E-02
10396.00 0.124985024420E-02
10398.00 0.124929369074E-02
10400.00 0.128405370511E-02
10402.00 0.128481584209E-02
10404.00 0.128231715342E-02
10406.00 0.126833399130E-02
10408.00 0.126625985133E-02
10410.00 0.127747162262E-02
10412.00 0.129114529150E-02
10414.00 0.129150227877E-02
10416.00 0.128148366174E-02
10418.00 0.128442429288E-02
10420.00 0.128677715575E-02
10422.00 0.126863188926E-02
10424.00 0.126388179268E-02
10426.00 0.127314117028E-02
10428.00 0.128812906960E-02
10430.00 0.129029998230E-02
10432.00 0.127882242191E-02
10434.00 0.126783964864E-02
10436.00 0.127572302948E-02
10438.00 0.127583340440E-02
10440.00 0.127643232180E-02
10442.00 0.128602282248E-02
10444.00 0.128260746991E-02
10446.00 0.128368869020E-02
10448.00 0.126914964303E-02
10450.00 0.126026085490E-02
10452.00 0.125889288746E-02
10454.00 0.124294283712E-02
10456.00 0.123134308428E-02
10458.00 0.123783352243E-02
10460.00 0.125342725391E-02
10462.00 0.125789037771E-02
10464.00 0.127367921539E-02
10466.00 0.127179639003E-02
10468.00 0.125029575432E-02
10470.00 0.123607489644E-02
10472.00 0.124911330301E-02
10474.00 0.126930349816E-02
10476.00 0.127255897487E-02
10478.00 0.127438583239E-02
10480.00 0.127491339678E-02
10482.00 0.127352937407E-02
10484.00 0.126702109767E-02
10486.00 0.126388915022E-02
10488.00 0.125852675798E-02
10490.00 0.126228750084E-02
10492.00 0.126482052920E-02
10494.00 0.125324887139E-02
10496.00 0.123981534966E-02
10498.00 0.124967542933E-02
10500.00 0.126161812108E-02
10502.00 0.126751164874E-02
10504.00 0.125438717409E-02
10506.00 0.124586518384E-02
10508.00 0.125910694479E-02
10510.00 0.125044024331E-02
10512.00 0.124487427108E-02
10514.00 0.124160207069E-02
10516.00 0.125109691322E-02
10518.00 0.125131543053E-02
10520.00 0.125471851940E-02
10522.00 0.126487114471E-02
10524.00 0.125659153245E-02
10526.00 0.125630255277E-02
10528.00 0.124983084520E-02
10530.00 0.123352603674E-02
10532.00 0.122236755797E-02
10534.00 0.121392896218E-02
10536.00 0.124149972510E-02
10538.00 0.124683446847E-02
10540.00 0.124241616338E-02
10542.00 0.123876423301E-02
10544.00 0.124556973896E-02
10546.00 0.125729547414E-02
10548.00 0.125846142401E-02
10550.00 0.125342948475E-02
10552.00 0.125420589233E-02
10554.00 0.125078786614E-02
10556.00 0.124001803733E-02
10558.00 0.124225628751E-02
10560.00 0.123489623671E-02
10562.00 0.124726749267E-02
10564.00 0.124781467998E-02
10566.00 0.124533717329E-02
10568.00 0.124359861469E-02
10570.00 0.124702801392E-02
10572.00 0.125043288578E-02
10574.00 0.124142301977E-02
10576.00 0.123238929648E-02
10578.00 0.122100159575E-02
10580.00 0.120968101197E-02
10582.00 0.117085544372E-02
10584.00 0.111513729874E-02
10586.00 0.112201192855E-02
10588.00 0.118022452615E-02
10590.00 0.122791658429E-02
10592.00 0.123655095468E-02
10594.00 0.124409206501E-02
10596.00 0.124289132928E-02
10598.00 0.123547820819E-02
10600.00 0.120771144843E-02
10602.00 0.115814682342E-02
10604.00 0.115281542377E-02
10606.00 0.119370844115E-02
10608.00 0.122440200761E-02
10610.00 0.122462097279E-02
10612.00 0.122170018511E-02
10614.00 0.122628884678E-02
10616.00 0.122679054698E-02
10618.00 0.121752425631E-02
10620.00 0.122111397758E-02
10622.00 0.123027658245E-02
10624.00 0.121918209746E-02
10626.00 0.119907261806E-02
10628.00 0.119219798994E-02
10630.00 0.120811303218E-02
10632.00 0.121951031959E-02
10634.00 0.121977878571E-02
10636.00 0.123185727210E-02
10638.00 0.122574366469E-02
10640.00 0.122340440571E-02
10642.00 0.122160720397E-02
10644.00 0.121739470633E-02
10646.00 0.121510227128E-02
10648.00 0.121618795156E-02
10650.00 0.122109792231E-02
10652.00 0.122297517310E-02
10654.00 0.123482644444E-02
10656.00 0.121530139130E-02
10658.00 0.119155402990E-02
10660.00 0.112491777553E-02
10662.00 0.112632833253E-02
10664.00 0.116697228449E-02
10666.00 0.120407445707E-02
10668.00 0.121043133142E-02
10670.00 0.121340295854E-02
10672.00 0.121057649051E-02
10674.00 0.119409642271E-02
10676.00 0.119958702812E-02
10678.00 0.120275866589E-02
10680.00 0.118276223673E-02
10682.00 0.115577366923E-02
10684.00 0.113711399438E-02
10686.00 0.113797647173E-02
10688.00 0.112995016265E-02
10690.00 0.110266904781E-02
10692.00 0.110726841244E-02
10694.00 0.112509705038E-02
10696.00 0.117610345061E-02
10698.00 0.121248250474E-02
10700.00 0.122661885359E-02
10702.00 0.121664014913E-02
10704.00 0.120241996134E-02
10706.00 0.119442509271E-02
10708.00 0.119258820064E-02
10710.00 0.122192405475E-02
10712.00 0.122467939200E-02
10714.00 0.122418527328E-02
10716.00 0.122913671901E-02
10718.00 0.122366528866E-02
10720.00 0.120952671067E-02
10722.00 0.120483837872E-02
10724.00 0.117933060835E-02
10726.00 0.112344745911E-02
10728.00 0.110406912580E-02
10730.00 0.115008952006E-02
10732.00 0.118973163237E-02
10734.00 0.120669444754E-02
10736.00 0.121448752255E-02
10738.00 0.121507261551E-02
10740.00 0.120151534059E-02
10742.00 0.118907451630E-02
10744.00 0.118394290507E-02
10746.00 0.116333507089E-02
10748.00 0.111806209853E-02
10750.00 0.109960176594E-02
10752.00 0.112700440142E-02
10754.00 0.115827369809E-02
10756.00 0.117858474719E-02
10758.00 0.119729058095E-02
10760.00 0.119427235215E-02
10762.00 0.120288977662E-02
10764.00 0.119863714248E-02
10766.00 0.119334253391E-02
10768.00 0.119075710706E-02
10770.00 0.118357365241E-02
10772.00 0.117579997809E-02
10774.00 0.119028082659E-02
10776.00 0.117742637709E-02
10778.00 0.118880961784E-02
10780.00 0.116576106974E-02
10782.00 0.114776742754E-02
10784.00 0.110108278361E-02
10786.00 0.107728034671E-02
10788.00 0.110270249517E-02
10790.00 0.115080238003E-02
10792.00 0.117559327661E-02
10794.00 0.117870805421E-02
10796.00 0.118331611318E-02
10798.00 0.118568480738E-02
10800.00 0.118781179201E-02
10802.00 0.118041896225E-02
10804.00 0.118228283478E-02
10806.00 0.117285332453E-02
10808.00 0.111915379954E-02
10810.00 0.105289259292E-02
10812.00 0.105302660290E-02
10814.00 0.110463972592E-02
10816.00 0.114727999795E-02
10818.00 0.114989597460E-02
10820.00 0.114546362114E-02
10822.00 0.114221215825E-02
10824.00 0.110556107035E-02
10826.00 0.102841520340E-02
10828.00 0.999202878550E-03
10830.00 0.103886795750E-02
10832.00 0.108631696925E-02
10834.00 0.110577379087E-02
10836.00 0.112943173877E-02
10838.00 0.114528568479E-02
10840.00 0.115570766854E-02
10842.00 0.112741245207E-02
10844.00 0.111421060368E-02
10846.00 0.112074095439E-02
10848.00 0.114203801349E-02
10850.00 0.115191280823E-02
10852.00 0.115988850350E-02
10854.00 0.116628172276E-02
10856.00 0.116054873936E-02
10858.00 0.115273069080E-02
10860.00 0.115960576679E-02
10862.00 0.113934444086E-02
10864.00 0.112870951266E-02
10866.00 0.109063627247E-02
10868.00 0.101469515338E-02
10870.00 0.988778217787E-03
10872.00 0.104871688805E-02
10874.00 0.112112715296E-02
10876.00 0.114542014093E-02
10878.00 0.114213010229E-02
10880.00 0.112918267165E-02
10882.00 0.108828786960E-02
10884.00 0.107059948628E-02
10886.00 0.109193668018E-02
10888.00 0.111600579851E-02
10890.00 0.112321757044E-02
10892.00 0.111801594301E-02
10894.00 0.111406767373E-02
10896.00 0.111995919449E-02
10898.00 0.112529862178E-02
10900.00 0.113658575989E-02
10902.00 0.115063626120E-02
10904.00 0.113871207611E-02
10906.00 0.113307787235E-02
10908.00 0.114545559350E-02
10910.00 0.115905233651E-02
10912.00 0.114519337205E-02
10914.00 0.111976676530E-02
10916.00 0.112688131833E-02
10918.00 0.113850203091E-02
10920.00 0.112981637491E-02
10922.00 0.111072523661E-02
10924.00 0.109453459465E-02
10926.00 0.107950544257E-02
10928.00 0.106953186819E-02
10930.00 0.107726206229E-02
10932.00 0.109586086655E-02
10934.00 0.107937321727E-02
10936.00 0.105997949709E-02
10938.00 0.104289293042E-02
10940.00 0.105134535064E-02
10942.00 0.106909772942E-02
10944.00 0.108146675623E-02
10946.00 0.109321724103E-02
10948.00 0.109516450632E-02
10950.00 0.109189007679E-02
10952.00 0.106455767804E-02
10954.00 0.104571270761E-02
10956.00 0.104148482480E-02
10958.00 0.105317220816E-02
10960.00 0.107149518706E-02
10962.00 0.104641531080E-02
10964.00 0.984938762692E-03
10966.00 0.963315934534E-03
10968.00 0.100729920214E-02
10970.00 0.104955104814E-02
10972.00 0.105755795823E-02
10974.00 0.105562028131E-02
10976.00 0.104679838620E-02
10978.00 0.100326018255E-02
10980.00 0.995525972933E-03
10982.00 0.998512985223E-03
10984.00 0.103112572194E-02
10986.00 0.105450739833E-02
10988.00 0.107788484036E-02
10990.00 0.107617950519E-02
10992.00 0.106629088432E-02
10994.00 0.105332851467E-02
10996.00 0.104539607907E-02
10998.00 0.104600904483E-02
11000.00 0.105167669595E-02
11002.00 0.105823737254E-02
11004.00 0.105992888158E-02
11006.00 0.106467095052E-02
11008.00 0.107033860164E-02
11010.00 0.107489381595E-02
11012.00 0.104588819089E-02
11014.00 0.102500676390E-02
11016.00 0.100890776458E-02
11018.00 0.100635288415E-02
11020.00 0.101899461313E-02
11022.00 0.104136241011E-02
11024.00 0.106412844543E-02
11026.00 0.107261029919E-02
11028.00 0.105946308182E-02
11030.00 0.104928614967E-02
11032.00 0.105653961883E-02
11034.00 0.106061587566E-02
11036.00 0.106035811419E-02
11038.00 0.105147445445E-02
11040.00 0.106478979755E-02
11042.00 0.108287731323E-02
11044.00 0.108733508641E-02
11046.00 0.108172295695E-02
11048.00 0.108188149431E-02
11050.00 0.109153621100E-02
11052.00 0.109584971743E-02
11054.00 0.108458621605E-02
11056.00 0.106303986760E-02
11058.00 0.106442768189E-02
11060.00 0.108303339751E-02
11062.00 0.109894197455E-02
11064.00 0.110237159603E-02
11066.00 0.109063582630E-02
11068.00 0.108087831785E-02
11070.00 0.108087251936E-02
11072.00 0.109271821614E-02
11074.00 0.110251251737E-02
11076.00 0.109148760240E-02
11078.00 0.107322036740E-02
11080.00 0.106048142122E-02
11082.00 0.107113485438E-02
11084.00 0.109564546902E-02
11086.00 0.110005106595E-02
11088.00 0.107765272086E-02
11090.00 0.106540878404E-02
11092.00 0.107323619874E-02
11094.00 0.109014638980E-02
11096.00 0.110372217307E-02
11098.00 0.110373822665E-02
11100.00 0.109111745910E-02
11102.00 0.108120542542E-02
11104.00 0.107893194320E-02
11106.00 0.108622889257E-02
11108.00 0.108013267893E-02
11110.00 0.107621607403E-02
11112.00 0.108046380201E-02
11114.00 0.108889570866E-02
11116.00 0.107590412771E-02
11118.00 0.105487442015E-02
11120.00 0.104982731796E-02
11122.00 0.106443526336E-02
11124.00 0.107823603084E-02
11126.00 0.107208607852E-02
11128.00 0.105272558346E-02
11130.00 0.103223392100E-02
11132.00 0.101394304925E-02
11134.00 0.102823347547E-02
11136.00 0.107116518025E-02
11138.00 0.109344066449E-02
11140.00 0.110049144599E-02
11142.00 0.109696750486E-02
11144.00 0.106557668754E-02
11146.00 0.102625008750E-02
11148.00 0.102086004471E-02
11150.00 0.105254140414E-02
11152.00 0.108084241742E-02
11154.00 0.108189821799E-02
11156.00 0.106678723389E-02
11158.00 0.102894901076E-02
11160.00 0.997790536874E-03
11162.00 0.100663383619E-02
11164.00 0.106240728061E-02
11166.00 0.108143486961E-02
11168.00 0.105910876986E-02
11170.00 0.104220593464E-02
11172.00 0.105162206493E-02
11174.00 0.107144813920E-02
11176.00 0.107795418646E-02
11178.00 0.106191093104E-02
11180.00 0.105432767901E-02
11182.00 0.106660060150E-02
11184.00 0.103217126404E-02
11186.00 0.981949076784E-03
11188.00 0.950799075012E-03
11190.00 0.973255170916E-03
11192.00 0.102688178385E-02
11194.00 0.104726329532E-02
11196.00 0.102251966883E-02
11198.00 0.996047742221E-03
11200.00 0.100328716301E-02
11202.00 0.103678110768E-02
11204.00 0.106645566634E-02
11206.00 0.106809321446E-02
11208.00 0.104233526239E-02
11210.00 0.104325549225E-02
11212.00 0.105508424312E-02
11214.00 0.102153187755E-02
11216.00 0.101160066710E-02
11218.00 0.101720365435E-02
11220.00 0.991342464359E-03
11222.00 0.979253943419E-03
11224.00 0.101392654951E-02
11226.00 0.105102872209E-02
11228.00 0.106775339703E-02
11230.00 0.102958605943E-02
11232.00 0.947372351089E-03
11234.00 0.967601792092E-03
11236.00 0.103795597752E-02
11238.00 0.104007649694E-02
11240.00 0.103276795229E-02
11242.00 0.103416022656E-02
11244.00 0.104151470451E-02
11246.00 0.104913073380E-02
11248.00 0.101659760166E-02
11250.00 0.929394095762E-03
11252.00 0.875567248237E-03
11254.00 0.932635746339E-03
11256.00 0.961035763182E-03
11258.00 0.963451951416E-03
11260.00 0.979887646677E-03
11262.00 0.101348037098E-02
11264.00 0.104842857678E-02
11266.00 0.107084097024E-02
11268.00 0.105934178171E-02
11270.00 0.104399221120E-02
11272.00 0.102427227410E-02
11274.00 0.100368428678E-02
11276.00 0.100424061630E-02
11278.00 0.101091746461E-02
11280.00 0.999126397151E-03
11282.00 0.101167648010E-02
11284.00 0.100911803202E-02
11286.00 0.989025277998E-03
11288.00 0.989348149507E-03
11290.00 0.966591478638E-03
11292.00 0.940498167440E-03
11294.00 0.933075905838E-03
11296.00 0.951115033456E-03
11298.00 0.981965354295E-03
11300.00 0.101913731915E-02
11302.00 0.104853137024E-02
11304.00 0.104428743384E-02
11306.00 0.104527076514E-02
11308.00 0.104444953885E-02
11310.00 0.102887141478E-02
11312.00 0.102126586451E-02
11314.00 0.102073250163E-02
11316.00 0.101747568811E-02
11318.00 0.101326921120E-02
11320.00 0.101834574694E-02
11322.00 0.103881265808E-02
11324.00 0.105410224863E-02
11326.00 0.104157869828E-02
11328.00 0.100136710042E-02
11330.00 0.949896459473E-03
11332.00 0.929997026975E-03
11334.00 0.952588471356E-03
11336.00 0.987379032141E-03
11338.00 0.101513241363E-02
11340.00 0.993959777820E-03
11342.00 0.882855279327E-03
11344.00 0.884457819347E-03
11346.00 0.942132595774E-03
11348.00 0.979235882931E-03
11350.00 0.992269605586E-03
11352.00 0.985813951601E-03
11354.00 0.955155169309E-03
11356.00 0.930017318305E-03
11358.00 0.984540970525E-03
11360.00 0.104417215446E-02
11362.00 0.105592709924E-02
11364.00 0.104987369741E-02
11366.00 0.105131435636E-02
11368.00 0.103374615689E-02
11370.00 0.100073741098E-02
11372.00 0.971558755717E-03
11374.00 0.982388566182E-03
11376.00 0.101167023713E-02
11378.00 0.999633894142E-03
11380.00 0.951777277917E-03
11382.00 0.941193635326E-03
11384.00 0.100588842120E-02
11386.00 0.102867407944E-02
11388.00 0.101604640052E-02
11390.00 0.100268155479E-02
11392.00 0.983449717382E-03
11394.00 0.967986874398E-03
11396.00 0.979746279168E-03
11398.00 0.101440327615E-02
11400.00 0.102400960647E-02
11402.00 0.987495427794E-03
11404.00 0.953951534331E-03
11406.00 0.974060121390E-03
11408.00 0.100955707695E-02
11410.00 0.994723921704E-03
11412.00 0.987689417721E-03
11414.00 0.101050450950E-02
11416.00 0.991663328958E-03
11418.00 0.100645567761E-02
11420.00 0.101573958259E-02
11422.00 0.101008308059E-02
11424.00 0.100188440972E-02
11426.00 0.101072302681E-02
11428.00 0.103163567201E-02
11430.00 0.103602699664E-02
11432.00 0.101499015378E-02
11434.00 0.993367325626E-03
11436.00 0.984118204807E-03
11438.00 0.948434172389E-03
11440.00 0.978194352960E-03
11442.00 0.101074978504E-02
11444.00 0.100757970801E-02
11446.00 0.994125450478E-03
11448.00 0.994652346461E-03
11450.00 0.100276873914E-02
11452.00 0.101639424559E-02
11454.00 0.101978640758E-02
11456.00 0.100632590369E-02
11458.00 0.100179209698E-02
11460.00 0.979109008260E-03
11462.00 0.966179193634E-03
11464.00 0.966230701480E-03
11466.00 0.100286439730E-02
11468.00 0.988724703032E-03
11470.00 0.966548444597E-03
11472.00 0.972850243449E-03
11474.00 0.100777704335E-02
11476.00 0.103033816355E-02
11478.00 0.103175273437E-02
11480.00 0.101815599306E-02
11482.00 0.981999023889E-03
11484.00 0.945423971220E-03
11486.00 0.962601067654E-03
11488.00 0.101116318462E-02
11490.00 0.100434073275E-02
11492.00 0.954574088469E-03
11494.00 0.937617517952E-03
11496.00 0.984216984444E-03
11498.00 0.101344335597E-02
11500.00 0.100997449034E-02
11502.00 0.986628266522E-03
11504.00 0.971565222613E-03
11506.00 0.973867468271E-03
11508.00 0.982216650561E-03
11510.00 0.100043817452E-02
11512.00 0.101904076865E-02
11514.00 0.997118926271E-03
11516.00 0.967375023210E-03
11518.00 0.992742986814E-03
11520.00 0.979544483839E-03
11522.00 0.957912067303E-03
11524.00 0.987910165875E-03
11526.00 0.101566064812E-02
11528.00 0.101287989114E-02
11530.00 0.100389767570E-02
11532.00 0.100008720797E-02
11534.00 0.993930120348E-03
11536.00 0.992991383833E-03
11538.00 0.987863564185E-03
11540.00 0.988618565858E-03
11542.00 0.100176221727E-02
11544.00 0.101863963107E-02
11546.00 0.102272034958E-02
11548.00 0.102387559650E-02
11550.00 0.100525605645E-02
11552.00 0.989242904670E-03
11554.00 0.996927389421E-03
11556.00 0.101482314262E-02
11558.00 0.102059135636E-02
11560.00 0.101456872487E-02
11562.00 0.101107979185E-02
11564.00 0.101229212287E-02
11566.00 0.100399444843E-02
11568.00 0.101320343275E-02
11570.00 0.100446069435E-02
11572.00 0.983696553661E-03
11574.00 0.974576984523E-03
11576.00 0.990888480427E-03
11578.00 0.100541816146E-02
11580.00 0.101400749089E-02
11582.00 0.101292136614E-02
11584.00 0.100087298169E-02
11586.00 0.989837363774E-03
11588.00 0.980403617473E-03
11590.00 0.952097251876E-03
11592.00 0.922000819835E-03
11594.00 0.931512384343E-03
11596.00 0.973025280552E-03
11598.00 0.978527927420E-03
11600.00 0.975498773427E-03
11602.00 0.982318773916E-03
11604.00 0.972817466191E-03
11606.00 0.952430157932E-03
11608.00 0.921941062116E-03
11610.00 0.904680571218E-03
11612.00 0.926683799459E-03
11614.00 0.962044738132E-03
11616.00 0.981271893318E-03
11618.00 0.978835191519E-03
11620.00 0.992274065573E-03
11622.00 0.100602822967E-02
11624.00 0.100222110566E-02
11626.00 0.993769131611E-03
11628.00 0.978787919728E-03
11630.00 0.979543815435E-03
11632.00 0.987358742508E-03
11634.00 0.989194072138E-03
11636.00 0.977786304012E-03
11638.00 0.956515110801E-03
11640.00 0.944647561948E-03
11642.00 0.957118043711E-03
11644.00 0.982777662307E-03
11646.00 0.989034642444E-03
11648.00 0.988855591522E-03
11650.00 0.991506128410E-03
11652.00 0.978217319604E-03
11654.00 0.962151321474E-03
11656.00 0.956622586480E-03
11658.00 0.958453233887E-03
11660.00 0.966020878513E-03
11662.00 0.977572467226E-03
11664.00 0.984009168387E-03
11666.00 0.978369167828E-03
11668.00 0.968501506689E-03
11670.00 0.966341298641E-03
11672.00 0.974614667936E-03
11674.00 0.992092115405E-03
11676.00 0.998734624017E-03
11678.00 0.997271220664E-03
11680.00 0.992334715629E-03
11682.00 0.981205446466E-03
11684.00 0.983581274277E-03
11686.00 0.974115419123E-03
11688.00 0.948689034609E-03
11690.00 0.934455914728E-03
11692.00 0.946337956418E-03
11694.00 0.974147081808E-03
11696.00 0.975987987694E-03
11698.00 0.973781622427E-03
11700.00 0.970458806532E-03
11702.00 0.984739866608E-03
11704.00 0.996552117730E-03
11706.00 0.996886360594E-03
11708.00 0.988624364350E-03
11710.00 0.988796726140E-03
11712.00 0.986452559318E-03
11714.00 0.987118149193E-03
11716.00 0.992532050971E-03
11718.00 0.992317991950E-03
11720.00 0.993311357793E-03
11722.00 0.989308013017E-03
11724.00 0.977849183213E-03
11726.00 0.981391854925E-03
11728.00 0.988856037691E-03
11730.00 0.992122885753E-03
11732.00 0.987856651120E-03
11734.00 0.980432158676E-03
11736.00 0.972516222820E-03
11738.00 0.971599338376E-03
11740.00 0.977776937869E-03
11742.00 0.981826438167E-03
11744.00 0.978177853214E-03
11746.00 0.966010621731E-03
11748.00 0.943209578316E-03
11750.00 0.931650184201E-03
11752.00 0.924552801018E-03
11754.00 0.923483176012E-03
11756.00 0.946513217454E-03
11758.00 0.969374242521E-03
11760.00 0.983190393479E-03
11762.00 0.994601507019E-03
11764.00 0.991309909337E-03
11766.00 0.974954931529E-03
11768.00 0.953106895230E-03
11770.00 0.933074121164E-03
11772.00 0.927707045009E-03
11774.00 0.942494711436E-03
11776.00 0.960608315240E-03
11778.00 0.958793943648E-03
11780.00 0.941829123258E-03
11782.00 0.933166880074E-03
11784.00 0.933825332952E-03
11786.00 0.965759549397E-03
11788.00 0.977699119662E-03
11790.00 0.978869307282E-03
11792.00 0.967879398719E-03
11794.00 0.960739425967E-03
11796.00 0.964733404600E-03
11798.00 0.966362704543E-03
11800.00 0.969580942309E-03
11802.00 0.971258628615E-03
11804.00 0.975087602996E-03
11806.00 0.979492975993E-03
11808.00 0.972551453156E-03
11810.00 0.959445485157E-03
11812.00 0.948485680235E-03
11814.00 0.949995463042E-03
11816.00 0.958606642852E-03
11818.00 0.962785917068E-03
11820.00 0.963537797260E-03
11822.00 0.950772094551E-03
11824.00 0.905816643075E-03
11826.00 0.835392887618E-03
11828.00 0.782420269268E-03
11830.00 0.808662083276E-03
11832.00 0.886333063232E-03
11834.00 0.931313934428E-03
11836.00 0.943847741561E-03
11838.00 0.927848190283E-03
11840.00 0.927548507653E-03
11842.00 0.940222789958E-03
11844.00 0.948470071128E-03
11846.00 0.953062076516E-03
11848.00 0.960208292232E-03
11850.00 0.968077180229E-03
11852.00 0.970358690086E-03
11854.00 0.967328865992E-03
11856.00 0.969901808605E-03
11858.00 0.963998470324E-03
11860.00 0.959267548808E-03
11862.00 0.948471185701E-03
11864.00 0.949966251739E-03
11866.00 0.961772928300E-03
11868.00 0.956641093136E-03
11870.00 0.953054495047E-03
11872.00 0.948617683298E-03
11874.00 0.943345817433E-03
11876.00 0.940716240280E-03
11878.00 0.933068324369E-03
11880.00 0.909660558158E-03
11882.00 0.875056852000E-03
11884.00 0.866621377698E-03
11886.00 0.895885656567E-03
11888.00 0.923050821915E-03
11890.00 0.922921271930E-03
11892.00 0.925268560234E-03
11894.00 0.923438357299E-03
11896.00 0.934730623805E-03
11898.00 0.947679391255E-03
11900.00 0.958779450810E-03
11902.00 0.960019430696E-03
11904.00 0.955285387698E-03
11906.00 0.957126069652E-03
11908.00 0.954798628206E-03
11910.00 0.963226967207E-03
11912.00 0.969600119066E-03
11914.00 0.963870927248E-03
11916.00 0.962955157376E-03
11918.00 0.957691765317E-03
11920.00 0.955038997588E-03
11922.00 0.945061185456E-03
11924.00 0.947420515217E-03
11926.00 0.948583343603E-03
11928.00 0.947271120070E-03
11930.00 0.954379874609E-03
11932.00 0.964150986952E-03
11934.00 0.961195415111E-03
11936.00 0.947675823605E-03
11938.00 0.953724097045E-03
11940.00 0.946216880239E-03
11942.00 0.954988828247E-03
11944.00 0.954817134862E-03
11946.00 0.945603468310E-03
11948.00 0.937424418665E-03
11950.00 0.935237674627E-03
11952.00 0.937509373869E-03
11954.00 0.943271566877E-03
11956.00 0.944687252270E-03
11958.00 0.945140566101E-03
11960.00 0.951476704647E-03
11962.00 0.951939160688E-03
11964.00 0.957336561023E-03
11966.00 0.955474473167E-03
11968.00 0.943592207544E-03
11970.00 0.891403133767E-03
11972.00 0.863617643425E-03
11974.00 0.862975021890E-03
11976.00 0.900224136543E-03
11978.00 0.924220787299E-03
11980.00 0.911279823554E-03
11982.00 0.865099331198E-03
11984.00 0.828103073551E-03
11986.00 0.834750934487E-03
11988.00 0.856495062757E-03
11990.00 0.856587375497E-03
11992.00 0.849223755346E-03
11994.00 0.883204685129E-03
11996.00 0.925689541279E-03
11998.00 0.943111468779E-03
12000.00 0.943259303185E-03
12002.00 0.935190849004E-03
12004.00 0.923779737160E-03
12006.00 0.922572088363E-03
12008.00 0.928475426644E-03
12010.00 0.936622145200E-03
12012.00 0.940312427385E-03
12014.00 0.937700020079E-03
12016.00 0.940805653774E-03
12018.00 0.944406077993E-03
12020.00 0.942942450708E-03
12022.00 0.933641599807E-03
12024.00 0.930866641325E-03
12026.00 0.919642160176E-03
12028.00 0.878470419895E-03
12030.00 0.818864655683E-03
12032.00 0.798529525371E-03
12034.00 0.834832990445E-03
12036.00 0.886733754644E-03
12038.00 0.916262485807E-03
12040.00 0.921727895431E-03
12042.00 0.919471805295E-03
12044.00 0.921016150034E-03
12046.00 0.923695228124E-03
12048.00 0.932166601166E-03
12050.00 0.937557982469E-03
12052.00 0.928846908449E-03
12054.00 0.929971385019E-03
12056.00 0.929278146277E-03
12058.00 0.933642045975E-03
12060.00 0.934744226002E-03
12062.00 0.931331994916E-03
12064.00 0.931036772273E-03
12066.00 0.934909896963E-03
12068.00 0.937103554066E-03
12070.00 0.936924947615E-03
12072.00 0.935897019842E-03
12074.00 0.927193303358E-03
12076.00 0.919217609783E-03
12078.00 0.914673768523E-03
12080.00 0.870989959619E-03
12082.00 0.824180223992E-03
12084.00 0.813783215489E-03
12086.00 0.850220466603E-03
12088.00 0.891833927123E-03
12090.00 0.916348109416E-03
12092.00 0.920124237445E-03
12094.00 0.919430776468E-03
12096.00 0.925042905925E-03
12098.00 0.917637590238E-03
12100.00 0.898280661134E-03
12102.00 0.858522377101E-03
12104.00 0.850572995584E-03
12106.00 0.866127482904E-03
12108.00 0.879410717151E-03
12110.00 0.886815364434E-03
12112.00 0.898079982074E-03
12114.00 0.911512833703E-03
12116.00 0.914047646735E-03
12118.00 0.916999426993E-03
12120.00 0.924545887953E-03
12122.00 0.929912964108E-03
12124.00 0.931080922582E-03
12126.00 0.925111137450E-03
12128.00 0.923675382963E-03
12130.00 0.925260308664E-03
12132.00 0.917075908391E-03
12134.00 0.912033488419E-03
12136.00 0.911737373439E-03
12138.00 0.918828513659E-03
12140.00 0.929991898584E-03
12142.00 0.927277143990E-03
12144.00 0.921718753221E-03
12146.00 0.918657266442E-03
12148.00 0.920656931921E-03
12150.00 0.927185053485E-03
12152.00 0.928644666952E-03
12154.00 0.926537525794E-03
12156.00 0.926764072440E-03
12158.00 0.937418621869E-03
12160.00 0.926411097291E-03
12162.00 0.927775498770E-03
12164.00 0.928629281778E-03
12166.00 0.914585691837E-03
12168.00 0.914760952873E-03
12170.00 0.916687704604E-03
12172.00 0.915279152815E-03
12174.00 0.907283836314E-03
12176.00 0.901370465183E-03
12178.00 0.905347720138E-03
12180.00 0.908211425406E-03
12182.00 0.911097873386E-03
12184.00 0.916352791639E-03
12186.00 0.909138566633E-03
12188.00 0.900442431619E-03
12190.00 0.892551023148E-03
12192.00 0.896198495225E-03
12194.00 0.906501408011E-03
12196.00 0.911397109847E-03
12198.00 0.909793229625E-03
12200.00 0.911422305635E-03
12202.00 0.915636140086E-03
12204.00 0.915086723628E-03
12206.00 0.912259141031E-03
12208.00 0.914292253868E-03
12210.00 0.914353572328E-03
12212.00 0.902017100538E-03
12214.00 0.899958791912E-03
12216.00 0.908482120665E-03
12218.00 0.906062810949E-03
12220.00 0.905248272096E-03
12222.00 0.908959291779E-03
12224.00 0.900466290599E-03
12226.00 0.895321745575E-03
12228.00 0.888677898458E-03
12230.00 0.888935661620E-03
12232.00 0.898859511131E-03
12234.00 0.906301619591E-03
12236.00 0.914909677919E-03
12238.00 0.912305074317E-03
12240.00 0.907103002415E-03
12242.00 0.906460825352E-03
12244.00 0.898282668043E-03
12246.00 0.906360931142E-03
12248.00 0.903765469750E-03
12250.00 0.903525768772E-03
12252.00 0.905170229957E-03
12254.00 0.909932814157E-03
12256.00 0.911500347775E-03
12258.00 0.907039453113E-03
12260.00 0.899072009412E-03
12262.00 0.888947032975E-03
12264.00 0.882470641493E-03
12266.00 0.886066827960E-03
12268.00 0.870807341046E-03
12270.00 0.841449857100E-03
12272.00 0.846193486780E-03
12274.00 0.874267956800E-03
12276.00 0.896103505474E-03
12278.00 0.892426155385E-03
12280.00 0.898543774923E-03
12282.00 0.895703706399E-03
12284.00 0.890881366175E-03
12286.00 0.891023402088E-03
12288.00 0.886704991205E-03
12290.00 0.880713354002E-03
12292.00 0.879278491852E-03
12294.00 0.877068112767E-03
12296.00 0.878569867937E-03
12298.00 0.884929195362E-03
12300.00 0.894770768376E-03
12302.00 0.895166775868E-03
12304.00 0.901958681323E-03
12306.00 0.903619642254E-03
12308.00 0.898258362895E-03
12310.00 0.892722270365E-03
12312.00 0.884744792116E-03
12314.00 0.880368406490E-03
12316.00 0.884294377531E-03
12318.00 0.887706606921E-03
12320.00 0.888620369884E-03
12322.00 0.890582798118E-03
12324.00 0.897891118841E-03
12326.00 0.894717475856E-03
12328.00 0.895209587673E-03
12330.00 0.883727567293E-03
12332.00 0.880493274253E-03
12334.00 0.881530566473E-03
12336.00 0.880385352406E-03
12338.00 0.882128147059E-03
12340.00 0.881271466502E-03
12342.00 0.875574829706E-03
12344.00 0.875554092208E-03
12346.00 0.883085391926E-03
12348.00 0.885306250030E-03
12350.00 0.885222633331E-03
12352.00 0.879337803403E-03
12354.00 0.881983658068E-03
12356.00 0.876270073660E-03
12358.00 0.880944135006E-03
12360.00 0.886561392854E-03
12362.00 0.893729460641E-03
12364.00 0.891626111066E-03
12366.00 0.885515626829E-03
12368.00 0.887438586976E-03
12370.00 0.893578058585E-03
12372.00 0.895611171422E-03
12374.00 0.893259647063E-03
12376.00 0.889018608218E-03
12378.00 0.895692111111E-03
12380.00 0.890426489907E-03
12382.00 0.888994973171E-03
12384.00 0.888527834907E-03
12386.00 0.889991014328E-03
12388.00 0.874185900842E-03
12390.00 0.870394385942E-03
12392.00 0.869828690277E-03
12394.00 0.864663187215E-03
12396.00 0.862711237999E-03
12398.00 0.865269017674E-03
12400.00 0.870187908390E-03
12402.00 0.878036058889E-03
12404.00 0.880628622730E-03
12406.00 0.877089072500E-03
12408.00 0.873824231348E-03
12410.00 0.882869549928E-03
12412.00 0.883142028164E-03
12414.00 0.875104792196E-03
12416.00 0.868200952771E-03
12418.00 0.869182054922E-03
12420.00 0.862705887372E-03
12422.00 0.857892465426E-03
12424.00 0.853367575294E-03
12426.00 0.857795914934E-03
12428.00 0.864700870628E-03
12430.00 0.851063768895E-03
12432.00 0.832767100350E-03
12434.00 0.826813370493E-03
12436.00 0.837213056006E-03
12438.00 0.858561399019E-03
12440.00 0.866816259962E-03
12442.00 0.871596904651E-03
12444.00 0.875343824769E-03
12446.00 0.874586592254E-03
12448.00 0.873842738004E-03
12450.00 0.872924961222E-03
12452.00 0.872573548511E-03
12454.00 0.871682752191E-03
12456.00 0.865126089424E-03
12458.00 0.856244436592E-03
12460.00 0.857581411441E-03
12462.00 0.864984944151E-03
12464.00 0.874555597974E-03
12466.00 0.875147604000E-03
12468.00 0.876902886278E-03
12470.00 0.871906621827E-03
12472.00 0.872791843587E-03
12474.00 0.870166502488E-03
12476.00 0.870696966121E-03
12478.00 0.870929531798E-03
12480.00 0.869741729859E-03
12482.00 0.866326601223E-03
12484.00 0.864617698400E-03
12486.00 0.869736377536E-03
12488.00 0.874282003469E-03
12490.00 0.871261323281E-03
12492.00 0.871282506948E-03
12494.00 0.865990795922E-03
12496.00 0.864378889759E-03
12498.00 0.868006292743E-03
12500.00 0.867583527024E-03
12502.00 0.869212380798E-03
12504.00 0.870053452249E-03
12506.00 0.871390204862E-03
12508.00 0.870642560726E-03
12510.00 0.868453141374E-03
12512.00 0.866666642580E-03
12514.00 0.868336077316E-03
12516.00 0.872153904274E-03
12518.00 0.861568254774E-03
12520.00 0.849101118425E-03
12522.00 0.839209153835E-03
12524.00 0.847096992959E-03
12526.00 0.864040409144E-03
12528.00 0.872171072425E-03
12530.00 0.869768486389E-03
12532.00 0.867575054915E-03
12534.00 0.870276653480E-03
12536.00 0.870740224094E-03
12538.00 0.870431623186E-03
12540.00 0.873488872214E-03
12542.00 0.875386412641E-03
12544.00 0.873773614142E-03
12546.00 0.873475047781E-03
12548.00 0.867355867502E-03
12550.00 0.871854443880E-03
12552.00 0.867595790716E-03
12554.00 0.860705329557E-03
12556.00 0.853049609941E-03
12558.00 0.850497404826E-03
12560.00 0.855107918566E-03
12562.00 0.858366070587E-03
12564.00 0.863856898235E-03
12566.00 0.862565188267E-03
12568.00 0.856404088521E-03
12570.00 0.855903949067E-03
12572.00 0.855714195194E-03
12574.00 0.854418247475E-03
12576.00 0.859583528301E-03
12578.00 0.854839898621E-03
12580.00 0.846464182038E-03
12582.00 0.834380345018E-03
12584.00 0.832695078939E-03
12586.00 0.832052233471E-03
12588.00 0.850420032787E-03
12590.00 0.856956850393E-03
12592.00 0.856640444084E-03
12594.00 0.851917774138E-03
12596.00 0.849386976622E-03
12598.00 0.850593285217E-03
12600.00 0.846480683481E-03
12602.00 0.843824794270E-03
12604.00 0.842985281864E-03
12606.00 0.852631080277E-03
12608.00 0.847041472991E-03
12610.00 0.838718156591E-03
12612.00 0.820105527906E-03
12614.00 0.812891526833E-03
12616.00 0.817861256990E-03
12618.00 0.825022857880E-03
12620.00 0.829186299057E-03
12622.00 0.836519148861E-03
12624.00 0.839873849677E-03
12626.00 0.835804728150E-03
12628.00 0.831578406075E-03
12630.00 0.827773959078E-03
12632.00 0.832184904938E-03
12634.00 0.830356264441E-03
12636.00 0.826271533807E-03
12638.00 0.810780595789E-03
12640.00 0.821807963832E-03
12642.00 0.841987011562E-03
12644.00 0.835418975743E-03
12646.00 0.826158929737E-03
12648.00 0.814121472172E-03
12650.00 0.817740625282E-03
12652.00 0.829480631060E-03
12654.00 0.835679860387E-03
12656.00 0.838177434478E-03
12658.00 0.838736439314E-03
12660.00 0.843587322437E-03
12662.00 0.835069569941E-03
12664.00 0.834948492065E-03
12666.00 0.837382072381E-03
12668.00 0.830433860412E-03
12670.00 0.828041084990E-03
12672.00 0.827997382546E-03
12674.00 0.829474164163E-03
12676.00 0.815597361453E-03
12678.00 0.790451930676E-03
12680.00 0.765979443919E-03
12682.00 0.762146901888E-03
12684.00 0.784369317541E-03
12686.00 0.809956914725E-03
12688.00 0.823120633534E-03
12690.00 0.826232289653E-03
12692.00 0.831945650129E-03
12694.00 0.835506828497E-03
12696.00 0.835037461088E-03
12698.00 0.841067674040E-03
12700.00 0.839474274533E-03
12702.00 0.840339651132E-03
12704.00 0.835829477770E-03
12706.00 0.841295333562E-03
12708.00 0.845763585760E-03
12710.00 0.838164502382E-03
12712.00 0.831983333542E-03
12714.00 0.835014270512E-03
12716.00 0.836078320958E-03
12718.00 0.838728413373E-03
12720.00 0.840080327229E-03
12722.00 0.834542227789E-03
12724.00 0.829141035872E-03
12726.00 0.839149618351E-03
12728.00 0.838912146518E-03
12730.00 0.833442947008E-03
12732.00 0.830762752649E-03
12734.00 0.824517813967E-03
12736.00 0.813983894549E-03
12738.00 0.811707068612E-03
12740.00 0.818393281365E-03
12742.00 0.823827028304E-03
12744.00 0.826020905946E-03
12746.00 0.824173312624E-03
12748.00 0.825795699502E-03
12750.00 0.832343666227E-03
12752.00 0.833822232518E-03
12754.00 0.828997215285E-03
12756.00 0.819339821584E-03
12758.00 0.822731537409E-03
12760.00 0.822344225958E-03
12762.00 0.822629191818E-03
12764.00 0.822009089061E-03
12766.00 0.820828868591E-03
12768.00 0.822624285662E-03
12770.00 0.825142597251E-03
12772.00 0.824270753756E-03
12774.00 0.822847709130E-03
12776.00 0.822681368068E-03
12778.00 0.825919006523E-03
12780.00 0.828277888418E-03
12782.00 0.832362619052E-03
12784.00 0.822426726388E-03
12786.00 0.822740233451E-03
12788.00 0.818644577630E-03
12790.00 0.819864266187E-03
12792.00 0.818563636245E-03
12794.00 0.816884837062E-03
12796.00 0.816989635731E-03
12798.00 0.816043317747E-03
12800.00 0.814405099527E-03
12802.00 0.813047164943E-03
12804.00 0.808070745654E-03
12806.00 0.793414189953E-03
12808.00 0.781263013745E-03
12810.00 0.778885401261E-03
12812.00 0.773094667051E-03
12814.00 0.749961609917E-03
12816.00 0.717642981266E-03
12818.00 0.697458136741E-03
12820.00 0.715693485129E-03
12822.00 0.741710314928E-03
12824.00 0.763338717646E-03
12826.00 0.784423278465E-03
12828.00 0.795473837084E-03
12830.00 0.795299468385E-03
12832.00 0.800619050512E-03
12834.00 0.810319700489E-03
12836.00 0.804454937958E-03
12838.00 0.800378233265E-03
12840.00 0.802781935571E-03
12842.00 0.807426563377E-03
12844.00 0.804447578725E-03
12846.00 0.808909587959E-03
12848.00 0.800908028495E-03
12850.00 0.811298349562E-03
12852.00 0.817698035714E-03
12854.00 0.813516978521E-03
12856.00 0.813847209263E-03
12858.00 0.815437933456E-03
12860.00 0.816838902079E-03
12862.00 0.812248235196E-03
12864.00 0.819287423098E-03
12866.00 0.812810807683E-03
12868.00 0.814458614282E-03
12870.00 0.813111828818E-03
12872.00 0.818734883462E-03
12874.00 0.810271314125E-03
12876.00 0.806766101893E-03
12878.00 0.797968735861E-03
12880.00 0.796246900941E-03
12882.00 0.799799607200E-03
12884.00 0.805795480458E-03
12886.00 0.812800997069E-03
12888.00 0.810021802533E-03
12890.00 0.808200519572E-03
12892.00 0.817125874849E-03
12894.00 0.811143379856E-03
12896.00 0.790862208771E-03
12898.00 0.764802567167E-03
12900.00 0.762674690208E-03
12902.00 0.780859424783E-03
12904.00 0.805980552108E-03
12906.00 0.809004799946E-03
12908.00 0.802306769669E-03
12910.00 0.798377230978E-03
12912.00 0.801904963684E-03
12914.00 0.804283466808E-03
12916.00 0.797655897202E-03
12918.00 0.797700269748E-03
12920.00 0.809420208128E-03
12922.00 0.814034065586E-03
12924.00 0.813184072465E-03
12926.00 0.804611468405E-03
12928.00 0.802749380549E-03
12930.00 0.800329402429E-03
12932.00 0.794907695250E-03
12934.00 0.789142604693E-03
12936.00 0.794862208132E-03
12938.00 0.807224990284E-03
12940.00 0.813925029166E-03
12942.00 0.817980104024E-03
12944.00 0.822368753342E-03
12946.00 0.819205811612E-03
12948.00 0.814464635010E-03
12950.00 0.816111995440E-03
12952.00 0.820941248729E-03
12954.00 0.812779144998E-03
12956.00 0.820486596393E-03
12958.00 0.816331182853E-03
12960.00 0.813837398648E-03
12962.00 0.812378231350E-03
12964.00 0.812472104832E-03
12966.00 0.814045883110E-03
12968.00 0.812266965785E-03
12970.00 0.809175154826E-03
12972.00 0.803581979890E-03
12974.00 0.789828930369E-03
12976.00 0.779991371174E-03
12978.00 0.792804345675E-03
12980.00 0.807534483528E-03
12982.00 0.805856352750E-03
12984.00 0.813638056397E-03
12986.00 0.811892586430E-03
12988.00 0.812269194930E-03
12990.00 0.813514971612E-03
12992.00 0.810535320251E-03
12994.00 0.814672227135E-03
12996.00 0.813287534326E-03
12998.00 0.806369202064E-03
13000.00 0.806296510552E-03
13002.00 0.808280568620E-03
13004.00 0.804715152501E-03
13006.00 0.806712811071E-03
13008.00 0.805139925129E-03
13010.00 0.804191824168E-03
13012.00 0.798748488851E-03
13014.00 0.799871850847E-03
13016.00 0.804212113801E-03
13018.00 0.802675796700E-03
13020.00 0.804790965495E-03
13022.00 0.805696923056E-03
13024.00 0.804295508264E-03
13026.00 0.801521440423E-03
13028.00 0.786859758028E-03
13030.00 0.770553834987E-03
13032.00 0.771811653125E-03
13034.00 0.778818954410E-03
13036.00 0.781255878444E-03
13038.00 0.788435763754E-03
13040.00 0.798195949214E-03
13042.00 0.798985290583E-03
13044.00 0.803192213665E-03
13046.00 0.799775078120E-03
13048.00 0.793225104485E-03
13050.00 0.796578468492E-03
13052.00 0.798689845704E-03
13054.00 0.801542624089E-03
13056.00 0.800903570204E-03
13058.00 0.796246677009E-03
13060.00 0.791973084839E-03
13062.00 0.789625796535E-03
13064.00 0.791387990181E-03
13066.00 0.792751501021E-03
13068.00 0.790201525051E-03
13070.00 0.797657235707E-03
13072.00 0.805654557420E-03
13074.00 0.793032675298E-03
13076.00 0.788178894625E-03
13078.00 0.785545303653E-03
13080.00 0.792581144444E-03
13082.00 0.791831717330E-03
13084.00 0.788473447167E-03
13086.00 0.788247124454E-03
13088.00 0.785607958922E-03
13090.00 0.784363296813E-03
13092.00 0.790813600171E-03
13094.00 0.792974254387E-03
13096.00 0.792543684963E-03
13098.00 0.777652110508E-03
13100.00 0.758677366160E-03
13102.00 0.756501772938E-03
13104.00 0.773633604490E-03
13106.00 0.780774245646E-03
13108.00 0.792170866350E-03
13110.00 0.790322602927E-03
13112.00 0.783941869599E-03
13114.00 0.778632322018E-03
13116.00 0.768771350012E-03
13118.00 0.755973984618E-03
13120.00 0.730876268408E-03
13122.00 0.688417500383E-03
13124.00 0.682265318914E-03
13126.00 0.711418554454E-03
13128.00 0.763654677786E-03
13130.00 0.763759924320E-03
13132.00 0.764699551475E-03
13134.00 0.761483096686E-03
13136.00 0.768102862587E-03
13138.00 0.775401594932E-03
13140.00 0.775918904233E-03
13142.00 0.772955974855E-03
13144.00 0.766546700325E-03
13146.00 0.750553838179E-03
13148.00 0.719680328461E-03
13150.00 0.690483834949E-03
13152.00 0.696630665791E-03
13154.00 0.731227012715E-03
13156.00 0.761723467765E-03
13158.00 0.781967177673E-03
13160.00 0.780528301704E-03
13162.00 0.774677809775E-03
13164.00 0.768814161816E-03
13166.00 0.767068467917E-03
13168.00 0.773315192968E-03
13170.00 0.776591183241E-03
13172.00 0.771068913447E-03
13174.00 0.751503947746E-03
13176.00 0.732299313034E-03
13178.00 0.731908433933E-03
13180.00 0.748230855024E-03
13182.00 0.770791082888E-03
13184.00 0.776242445843E-03
13186.00 0.772582932309E-03
13188.00 0.772833337935E-03
13190.00 0.774065958587E-03
13192.00 0.776991650720E-03
13194.00 0.769964058106E-03
13196.00 0.767928493888E-03
13198.00 0.767606736952E-03
13200.00 0.767284980016E-03
13202.00 0.766962999147E-03
13204.00 0.766641242211E-03
13206.00 0.766319485275E-03
13208.00 0.765997506103E-03
13210.00 0.765675749167E-03
13212.00 0.765353992231E-03
13214.00 0.765032011362E-03
13216.00 0.764710254426E-03
13218.00 0.764388497490E-03
13220.00 0.764066518318E-03
13222.00 0.763744761382E-03
13224.00 0.763423004445E-03
13226.00 0.763101023577E-03
13228.00 0.762779266641E-03
13230.00 0.762457509705E-03
13232.00 0.762135530533E-03
13234.00 0.761813773596E-03
13236.00 0.761491792728E-03
13238.00 0.761170035792E-03
13240.00 0.760848278856E-03
13242.00 0.760526521919E-03
13244.00 0.760204542747E-03
13246.00 0.759882785811E-03
13248.00 0.759560804943E-03
13250.00 0.759239048006E-03
13252.00 0.758917291070E-03
13254.00 0.758595311898E-03
13256.00 0.758273553266E-03
13258.00 0.757951796329E-03
13260.00 0.757630039393E-03
13262.00 0.757308060221E-03
13264.00 0.756986303285E-03
13266.00 0.756664322417E-03
13268.00 0.756342565480E-03
13270.00 0.756020808544E-03
13272.00 0.755698829372E-03
13274.00 0.755377072436E-03
13276.00 0.755055315500E-03
13278.00 0.754733334631E-03
13280.00 0.754411577695E-03
13282.00 0.754089820759E-03
13284.00 0.753767841587E-03
13286.00 0.753446084651E-03
13288.00 0.753124327715E-03
13290.00 0.752802346846E-03
13292.00 0.752480589910E-03
13294.00 0.752158832974E-03
13296.00 0.751836853802E-03
13298.00 0.751515096866E-03
13300.00 0.751193339929E-03
13302.00 0.750871359061E-03
13304.00 0.750549602125E-03
13306.00 0.750227845189E-03
13308.00 0.749905866016E-03
13310.00 0.749584109080E-03
13312.00 0.749262350448E-03
13314.00 0.748940371276E-03
13316.00 0.748618614339E-03
13318.00 0.748296857403E-03
13320.00 0.747974876535E-03
13322.00 0.747653119599E-03
13324.00 0.747331362662E-03
13326.00 0.747009383490E-03
13328.00 0.746687626554E-03
13330.00 0.746365869618E-03
13332.00 0.746043888749E-03
13334.00 0.745722131813E-03
13336.00 0.745400374877E-03
13338.00 0.745078395705E-03
13340.00 0.744756638769E-03
13342.00 0.744434657900E-03
13344.00 0.744112900964E-03
13346.00 0.743791144028E-03
13348.00 0.743469387092E-03
13350.00 0.743147407920E-03
13352.00 0.742825650984E-03
13354.00 0.742503894048E-03
13356.00 0.742181913179E-03
13358.00 0.741860156243E-03
13360.00 0.741538177071E-03
13362.00 0.741216420135E-03
13364.00 0.740894663198E-03
13366.00 0.740572906262E-03
13368.00 0.740250925394E-03
13370.00 0.739929168458E-03
13372.00 0.739607189286E-03
13374.00 0.739285430653E-03
13376.00 0.738963673717E-03
13378.00 0.738641694545E-03
13380.00 0.738319937609E-03
13382.00 0.737998180672E-03
13384.00 0.737676199804E-03
13386.00 0.737354442868E-03
13388.00 0.737032685932E-03
13390.00 0.736710706759E-03
13392.00 0.736388949823E-03
13394.00 0.736067192887E-03
13396.00 0.735745212019E-03
13398.00 0.735423455082E-03
13400.00 0.735101698146E-03
13402.00 0.734779718974E-03
13404.00 0.734457962038E-03
13406.00 0.734136205102E-03
13408.00 0.733814224233E-03
13410.00 0.733492467297E-03
13412.00 0.733170710361E-03
13414.00 0.732848731189E-03
13416.00 0.732526974253E-03
13418.00 0.732205217317E-03
13420.00 0.731883236448E-03
13422.00 0.731561479512E-03
13424.00 0.731239722576E-03
13426.00 0.730917743404E-03
13428.00 0.730595986468E-03
13430.00 0.730274227835E-03
13432.00 0.729952248663E-03
13434.00 0.729630491727E-03
13436.00 0.729308734791E-03
13438.00 0.728986753922E-03
13440.00 0.728664996986E-03
13442.00 0.728343240050E-03
13444.00 0.728021260878E-03
13446.00 0.727699503942E-03
13448.00 0.727377523073E-03
13450.00 0.727055766137E-03
13452.00 0.726734009201E-03
13454.00 0.726412252265E-03
13456.00 0.726090273092E-03
13458.00 0.725768516156E-03
13460.00 0.725446759220E-03
13462.00 0.725124778352E-03
13464.00 0.724803021415E-03
13466.00 0.724481042243E-03
13468.00 0.724159285307E-03
13470.00 0.723837528371E-03
13472.00 0.723515771435E-03
13474.00 0.723193790566E-03
13476.00 0.722872033630E-03
13478.00 0.722550054458E-03
13480.00 0.722228297522E-03
13482.00 0.721906540586E-03
13484.00 0.721584559717E-03
13486.00 0.721262802781E-03
13488.00 0.720941045845E-03
13490.00 0.720619066673E-03
13492.00 0.720297308040E-03
13494.00 0.719975551104E-03
13496.00 0.719653571932E-03
13498.00 0.719331814996E-03
13500.00 0.719010058060E-03
13502.00 0.718688077191E-03
13504.00 0.718366320255E-03
13506.00 0.718044563319E-03
13508.00 0.717722584147E-03
13510.00 0.717400827211E-03
13512.00 0.717079070275E-03
13514.00 0.716757089406E-03
13516.00 0.716435332470E-03
13518.00 0.716113575534E-03
13520.00 0.715791596362E-03
13522.00 0.715469839425E-03
13524.00 0.715148082489E-03
13526.00 0.714826101621E-03
13528.00 0.714504344685E-03
13530.00 0.714182587748E-03
13532.00 0.713860608576E-03
13534.00 0.713538851640E-03
13536.00 0.713217094704E-03
13538.00 0.712895113835E-03
13540.00 0.712573356899E-03
13542.00 0.712251599963E-03
13544.00 0.711929620791E-03
13546.00 0.711607862158E-03
13548.00 0.711286105222E-03
13550.00 0.710964126050E-03
13552.00 0.710642369114E-03
13554.00 0.710320612178E-03
13556.00 0.709998631309E-03
13558.00 0.709676874373E-03
13560.00 0.709355117437E-03
13562.00 0.709033138265E-03
13564.00 0.708711381329E-03
13566.00 0.708389400460E-03
13568.00 0.708067643524E-03
13570.00 0.707745886588E-03
13572.00 0.707424129652E-03
13574.00 0.707102150480E-03
13576.00 0.706780393544E-03
13578.00 0.706458636607E-03
13580.00 0.706136655739E-03
13582.00 0.705814898803E-03
13584.00 0.705492919631E-03
13586.00 0.705171162695E-03
13588.00 0.704849405758E-03
13590.00 0.704527424890E-03
13592.00 0.704205667954E-03
13594.00 0.703883911018E-03
13596.00 0.703561931845E-03
13598.00 0.703240174909E-03
13600.00 0.702918417973E-03
13602.00 0.702596437105E-03
13604.00 0.702274680168E-03
13606.00 0.701952923232E-03
13608.00 0.701630942364E-03
13610.00 0.701309185428E-03
13612.00 0.700987428491E-03
13614.00 0.700665449319E-03
13616.00 0.700343692383E-03
13618.00 0.700021935447E-03
13620.00 0.699699954579E-03
13622.00 0.699378197642E-03
13624.00 0.699056440706E-03
13626.00 0.698734461534E-03
13628.00 0.698412704598E-03
13630.00 0.698090947662E-03
13632.00 0.697768966793E-03
13634.00 0.697447209857E-03
13636.00 0.697125452921E-03
13638.00 0.696803473749E-03
13640.00 0.696481716813E-03
13642.00 0.696159959877E-03
13644.00 0.695837979008E-03
13646.00 0.695516222072E-03
13648.00 0.695194465136E-03
13650.00 0.694872485964E-03
13652.00 0.694550729028E-03
13654.00 0.694228972091E-03
13656.00 0.693906991223E-03
13658.00 0.693585234287E-03
13660.00 0.693263477351E-03
13662.00 0.692941498178E-03
13664.00 0.692619739546E-03
13666.00 0.692297760374E-03
13668.00 0.691976003438E-03
13670.00 0.691654246501E-03
13672.00 0.691332265633E-03
13674.00 0.691010508697E-03
13676.00 0.690688751761E-03
13678.00 0.690366994824E-03
13680.00 0.690045015652E-03
13682.00 0.689723258716E-03
13684.00 0.689401277848E-03
13686.00 0.689079520911E-03
13688.00 0.688757763975E-03
13690.00 0.688435784803E-03
13692.00 0.688114027867E-03
13694.00 0.687792270931E-03
13696.00 0.687470290062E-03
13698.00 0.687148533126E-03
13700.00 0.686826776190E-03
13702.00 0.686504797018E-03
13704.00 0.686183040082E-03
13706.00 0.685861283146E-03
13708.00 0.685539302277E-03
13710.00 0.685217545341E-03
13712.00 0.684895788405E-03
13714.00 0.684573809233E-03
13716.00 0.684252052297E-03
13718.00 0.683930293664E-03
13720.00 0.683608314492E-03
13722.00 0.683286557556E-03
13724.00 0.682964800620E-03
13726.00 0.682642819751E-03
13728.00 0.682321062815E-03
13730.00 0.681999305879E-03
13732.00 0.681677326707E-03
13734.00 0.681355569771E-03
13736.00 0.681033812834E-03
13738.00 0.680711831966E-03
13740.00 0.680390075030E-03
13742.00 0.680068318094E-03
13744.00 0.679746338921E-03
13746.00 0.679424581985E-03
13748.00 0.679102825049E-03
13750.00 0.678780844181E-03
13752.00 0.678459087244E-03
13754.00 0.678137330308E-03
13756.00 0.677815351136E-03
13758.00 0.677493594200E-03
13760.00 0.677171837264E-03
13762.00 0.676849856395E-03
13764.00 0.676528099459E-03
13766.00 0.676206120287E-03
13768.00 0.675884363351E-03
13770.00 0.675562606415E-03
13772.00 0.675240625546E-03
13774.00 0.674918868610E-03
13776.00 0.674597111674E-03
13778.00 0.674275354738E-03
13780.00 0.673953373869E-03
13782.00 0.673631616933E-03
13784.00 0.673309859997E-03
13786.00 0.672987880825E-03
13788.00 0.672666123889E-03
13790.00 0.672344143020E-03
13792.00 0.672022386084E-03
13794.00 0.671700629148E-03
13796.00 0.671378649976E-03
13798.00 0.671056893040E-03
13800.00 0.670735136104E-03
13802.00 0.670413155235E-03
13804.00 0.670091398299E-03
13806.00 0.669769641363E-03
13808.00 0.669447662191E-03
13810.00 0.669125905254E-03
13812.00 0.668804148318E-03
13814.00 0.668482167450E-03
13816.00 0.668160410514E-03
13818.00 0.667838653577E-03
13820.00 0.667516674405E-03
13822.00 0.667194917469E-03
13824.00 0.666873160533E-03
13826.00 0.666551179665E-03
13828.00 0.666229422728E-03
13830.00 0.665907665792E-03
13832.00 0.665585686620E-03
13834.00 0.665263929684E-03
13836.00 0.664942171051E-03
13838.00 0.664620191879E-03
13840.00 0.664298434943E-03
13842.00 0.663976678007E-03
13844.00 0.663654697138E-03
13846.00 0.663332940202E-03
13848.00 0.663011183266E-03
13850.00 0.662689204094E-03
13852.00 0.662367447158E-03
13854.00 0.662045690222E-03
13856.00 0.661723709353E-03
13858.00 0.661401952417E-03
13860.00 0.661080195481E-03
13862.00 0.660758216309E-03
13864.00 0.660436459373E-03
13866.00 0.660114702437E-03
13868.00 0.659792721568E-03
13870.00 0.659470964632E-03
13872.00 0.659148985460E-03
13874.00 0.658827228524E-03
13876.00 0.658505471587E-03
13878.00 0.658183714651E-03
13880.00 0.657861733783E-03
13882.00 0.657539976847E-03
13884.00 0.657218219910E-03
13886.00 0.656896240738E-03
13888.00 0.656574483802E-03
13890.00 0.656252502934E-03
13892.00 0.655930745997E-03
13894.00 0.655608989061E-03
13896.00 0.655287009889E-03
13898.00 0.654965251257E-03
13900.00 0.654643494320E-03
13902.00 0.654321515148E-03
13904.00 0.653999758212E-03
13906.00 0.653678001276E-03
13908.00 0.653356020408E-03
13910.00 0.653034263471E-03
13912.00 0.652712506535E-03
13914.00 0.652390527363E-03
13916.00 0.652068770427E-03
13918.00 0.651747013491E-03
13920.00 0.651425032622E-03
13922.00 0.651103275686E-03
13924.00 0.650781518750E-03
13926.00 0.650459539578E-03
13928.00 0.650137782642E-03
13930.00 0.649816025706E-03
13932.00 0.649494044837E-03
13934.00 0.649172287901E-03
13936.00 0.648850530965E-03
13938.00 0.648528551793E-03
13940.00 0.648206794857E-03
13942.00 0.647885037920E-03
13944.00 0.647563057052E-03
13946.00 0.647241300116E-03
13948.00 0.646919543180E-03
13950.00 0.646597564007E-03
13952.00 0.646275807071E-03
13954.00 0.645954048439E-03
13956.00 0.645632069267E-03
13958.00 0.645310312330E-03
13960.00 0.644988555394E-03
13962.00 0.644666574526E-03
13964.00 0.644344817590E-03
13966.00 0.644023060653E-03
13968.00 0.643701081481E-03
13970.00 0.643379324545E-03
13972.00 0.643057343677E-03
13974.00 0.642735586741E-03
13976.00 0.642413829804E-03
13978.00 0.642092072868E-03
13980.00 0.641770093696E-03
13982.00 0.641448336760E-03
13984.00 0.641126579824E-03
13986.00 0.640804598955E-03
13988.00 0.640482842019E-03
13990.00 0.640160862847E-03
13992.00 0.639839105911E-03
13994.00 0.639517348975E-03
13996.00 0.639195368106E-03
13998.00 0.638873611170E-03
14000.00 0.638551854234E-03
14002.00 0.638229875062E-03
14004.00 0.637908118126E-03
14006.00 0.637586361190E-03
14008.00 0.637264380321E-03
14010.00 0.636942623385E-03
14012.00 0.636620866449E-03
14014.00 0.636298885580E-03
14016.00 0.635977128644E-03
14018.00 0.635655371708E-03
14020.00 0.635333392536E-03
14022.00 0.635011635600E-03
14024.00 0.634689878663E-03
14026.00 0.634367897795E-03
14028.00 0.634046140859E-03
14030.00 0.633724383923E-03
14032.00 0.633402404750E-03
14034.00 0.633080647814E-03
14036.00 0.632758890878E-03
14038.00 0.632436910010E-03
14040.00 0.632115153073E-03
14042.00 0.631793396137E-03
14044.00 0.631471416965E-03
14046.00 0.631149660029E-03
14048.00 0.630827903093E-03
14050.00 0.630505922224E-03
14052.00 0.630184165288E-03
14054.00 0.629862408352E-03
14056.00 0.629540429180E-03
14058.00 0.629218672244E-03
14060.00 0.628896915308E-03
14062.00 0.628574934439E-03
14064.00 0.628253177503E-03
14066.00 0.627931420567E-03
14068.00 0.627609441395E-03
14070.00 0.627287682762E-03
14072.00 0.626965925826E-03
14074.00 0.626643946654E-03
14076.00 0.626322189718E-03
14078.00 0.626000208849E-03
14080.00 0.625678451913E-03
14082.00 0.625356694977E-03
14084.00 0.625034938041E-03
14086.00 0.624712958869E-03
14088.00 0.624391201933E-03
14090.00 0.624069221064E-03
14092.00 0.623747464128E-03
14094.00 0.623425707192E-03
14096.00 0.623103728020E-03
14098.00 0.621302736388E-03
14100.00 0.616646513294E-03
14102.00 0.617791503429E-03
14104.00 0.610748525640E-03
14106.00 0.600294656967E-03
14108.00 0.593770995390E-03
14110.00 0.618709950310E-03
14112.00 0.627222350483E-03
14114.00 0.613143976376E-03
14116.00 0.569972572313E-03
14118.00 0.570733372479E-03
14120.00 0.595439760026E-03
14122.00 0.632446276152E-03
14124.00 0.642183048800E-03
14126.00 0.635204064786E-03
14128.00 0.620996140694E-03
14130.00 0.605024462214E-03
14132.00 0.611659613289E-03
14134.00 0.605782810998E-03
14136.00 0.585786828009E-03
14138.00 0.549397515394E-03
14140.00 0.543435089495E-03
14142.00 0.557509672019E-03
14144.00 0.579529847871E-03
14146.00 0.593783481318E-03
14148.00 0.595467632824E-03
14150.00 0.612044473359E-03
14152.00 0.634738487263E-03
14154.00 0.637999984698E-03
14156.00 0.638340026054E-03
14158.00 0.634427879447E-03
14160.00 0.627346549841E-03
14162.00 0.623007847628E-03
14164.00 0.627356360456E-03
14166.00 0.624428885345E-03
14168.00 0.610179710190E-03
14170.00 0.602840841354E-03
14172.00 0.612654317637E-03
14174.00 0.630395325063E-03
14176.00 0.650444154404E-03
14178.00 0.651679004202E-03
14180.00 0.630832139148E-03
14182.00 0.590245715761E-03
14184.00 0.530484981843E-03
14186.00 0.512650769339E-03
14188.00 0.531097725367E-03
14190.00 0.570287638421E-03
14192.00 0.602237016108E-03
14194.00 0.624987444014E-03
14196.00 0.626574154388E-03
14198.00 0.609889169770E-03
14200.00 0.590347839116E-03
14202.00 0.593528617402E-03
14204.00 0.608067440641E-03
14206.00 0.626420523187E-03
14208.00 0.616057404817E-03
14210.00 0.617748691624E-03
14212.00 0.626078921089E-03
14214.00 0.638103892727E-03
14216.00 0.641696956016E-03
14218.00 0.631310426531E-03
14220.00 0.612948871876E-03
14222.00 0.591281447240E-03
14224.00 0.577313670294E-03
14226.00 0.573530851435E-03
14228.00 0.578620097031E-03
14230.00 0.591413004135E-03
14232.00 0.563715144311E-03
14234.00 0.557274207096E-03
14236.00 0.576841849807E-03
14238.00 0.620321410305E-03
14240.00 0.632066766710E-03
14242.00 0.632551744922E-03
14244.00 0.626064650488E-03
14246.00 0.611769542046E-03
14248.00 0.587125141364E-03
14250.00 0.569843244564E-03
14252.00 0.568595683209E-03
14254.00 0.596956902066E-03
14256.00 0.617219788732E-03
14258.00 0.628374923783E-03
14260.00 0.629121453348E-03
14262.00 0.627894629491E-03
14264.00 0.618853770897E-03
14266.00 0.604385854497E-03
14268.00 0.586902162368E-03
14270.00 0.590326433214E-03
14272.00 0.594127536493E-03
14274.00 0.596276597118E-03
14276.00 0.595026582686E-03
14278.00 0.591064044501E-03
14280.00 0.585773895913E-03
14282.00 0.582095653487E-03
14284.00 0.590487423649E-03
14286.00 0.611984047235E-03
14288.00 0.618876737540E-03
14290.00 0.603792509966E-03
14292.00 0.576826686869E-03
14294.00 0.585135954904E-03
14296.00 0.610841508482E-03
14298.00 0.643634410697E-03
14300.00 0.639666966357E-03
14302.00 0.624222630029E-03
14304.00 0.598666027125E-03
14306.00 0.563316237572E-03
14308.00 0.546602489515E-03
14310.00 0.552436703934E-03
14312.00 0.573586595336E-03
14314.00 0.600199222744E-03
14316.00 0.586420307335E-03
14318.00 0.574344051784E-03
14320.00 0.575005181672E-03
14322.00 0.608176254825E-03
14324.00 0.630143138157E-03
14326.00 0.637503188962E-03
14328.00 0.631984042347E-03
14330.00 0.625586363105E-03
14332.00 0.614243927258E-03
14334.00 0.599686819599E-03
14336.00 0.583568421286E-03
14338.00 0.577457268645E-03
14340.00 0.602057965186E-03
14342.00 0.626426319982E-03
14344.00 0.631013196979E-03
14346.00 0.625443879326E-03
14348.00 0.626422752332E-03
14350.00 0.627054002512E-03
14352.00 0.619650247566E-03
14354.00 0.595657610630E-03
14356.00 0.589391486586E-03
14358.00 0.600554871511E-03
14360.00 0.627710226245E-03
14362.00 0.629566517305E-03
14364.00 0.622299445949E-03
14366.00 0.607439758111E-03
14368.00 0.582299007861E-03
14370.00 0.548818219228E-03
14372.00 0.548832267593E-03
14374.00 0.587224589405E-03
14376.00 0.627733416820E-03
14378.00 0.640702921768E-03
14380.00 0.641655260481E-03
14382.00 0.637450120375E-03
14384.00 0.636934149579E-03
14386.00 0.606090965737E-03
14388.00 0.572093982376E-03
14390.00 0.554736942683E-03
14392.00 0.577395948488E-03
14394.00 0.588183393317E-03
14396.00 0.582182391668E-03
14398.00 0.551495960510E-03
14400.00 0.539292384119E-03
14402.00 0.549705447897E-03
14404.00 0.569120127811E-03
14406.00 0.569090694272E-03
14408.00 0.567897540009E-03
14410.00 0.581230721361E-03
14412.00 0.604439369252E-03
14414.00 0.612407259123E-03
14416.00 0.605882259040E-03
14418.00 0.593046986300E-03
14420.00 0.575823510411E-03
14422.00 0.552423547905E-03
14424.00 0.569680693389E-03
14426.00 0.598169455322E-03
14428.00 0.623113984802E-03
14430.00 0.624825339007E-03
14432.00 0.614448620136E-03
14434.00 0.598036115450E-03
14436.00 0.579968891101E-03
14438.00 0.575266956956E-03
14440.00 0.577828080349E-03
14442.00 0.585431177546E-03
14444.00 0.595561284070E-03
14446.00 0.597517245408E-03
14448.00 0.565332626730E-03
14450.00 0.525969235618E-03
14452.00 0.544329675700E-03
14454.00 0.602703039799E-03
14456.00 0.633070613268E-03
14458.00 0.629666411515E-03
14460.00 0.612368683373E-03
14462.00 0.592463230147E-03
14464.00 0.580952446329E-03
14466.00 0.583054457399E-03
14468.00 0.610893462496E-03
14470.00 0.624144587890E-03
14472.00 0.628699802202E-03
14474.00 0.626705711283E-03
14476.00 0.612495558045E-03
14478.00 0.604811519462E-03
14480.00 0.601671990543E-03
14482.00 0.601788608432E-03
14484.00 0.609751369911E-03
14486.00 0.613067494977E-03
14488.00 0.614590211578E-03
14490.00 0.618321298658E-03
14492.00 0.614329326934E-03
14494.00 0.600632913650E-03
14496.00 0.576127651332E-03
14498.00 0.537365408456E-03
14500.00 0.517438104856E-03
14502.00 0.518308163678E-03
14504.00 0.537780594402E-03
14506.00 0.567001837534E-03
14508.00 0.590222079017E-03
14510.00 0.594051055094E-03
14512.00 0.577630298839E-03
14514.00 0.566436365801E-03
14516.00 0.580363561785E-03
14518.00 0.599739442017E-03
14520.00 0.613885155313E-03
14522.00 0.601994193648E-03
14524.00 0.594334906382E-03
14526.00 0.594383068813E-03
14528.00 0.605505648843E-03
14530.00 0.612653425300E-03
14532.00 0.612129874732E-03
14534.00 0.606795575834E-03
14536.00 0.600131213455E-03
14538.00 0.592667700790E-03
14540.00 0.585302297662E-03
14542.00 0.575455818493E-03
14544.00 0.557057250525E-03
14546.00 0.544214842485E-03
14548.00 0.550043036176E-03
14550.00 0.569738444199E-03
14552.00 0.579008302515E-03
14554.00 0.573601536038E-03
14556.00 0.577170295875E-03
14558.00 0.593418466409E-03
14560.00 0.602287409381E-03
14562.00 0.596287522305E-03
14564.00 0.586946758846E-03
14566.00 0.579788055505E-03
14568.00 0.579860745321E-03
14570.00 0.585461949591E-03
14572.00 0.595151004280E-03
14574.00 0.608057407790E-03
14576.00 0.609305859785E-03
14578.00 0.607342316978E-03
14580.00 0.605606657626E-03
14582.00 0.608390536082E-03
14584.00 0.610914644466E-03
14586.00 0.612520085429E-03
14588.00 0.611497954451E-03
14590.00 0.604228877882E-03
14592.00 0.595947034780E-03
14594.00 0.580672608861E-03
14596.00 0.564688888925E-03
14598.00 0.570955011273E-03
14600.00 0.588192089359E-03
14602.00 0.598967492732E-03
14604.00 0.599037953403E-03
14606.00 0.589201956645E-03
14608.00 0.589030041024E-03
14610.00 0.592807061390E-03
14612.00 0.597789723643E-03
14614.00 0.597492494091E-03
14616.00 0.596085726976E-03
14618.00 0.596607272332E-03
14620.00 0.600621542295E-03
14622.00 0.582621881066E-03
14624.00 0.566505711899E-03
14626.00 0.560470372252E-03
14628.00 0.574127317449E-03
14630.00 0.591042414666E-03
14632.00 0.601098492870E-03
14634.00 0.604198552005E-03
14636.00 0.600070787332E-03
14638.00 0.607475434614E-03
14640.00 0.606152284198E-03
14642.00 0.594369022144E-03
14644.00 0.572423543017E-03
14646.00 0.551116897236E-03
14648.00 0.546711970407E-03
14650.00 0.555754167506E-03
14652.00 0.547522941610E-03
14654.00 0.546726464941E-03
14656.00 0.553645243371E-03
14658.00 0.567367076375E-03
14660.00 0.577426942768E-03
14662.00 0.581564073584E-03
14664.00 0.586757004973E-03
14666.00 0.596332118783E-03
14668.00 0.598556990705E-03
14670.00 0.592442938818E-03
14672.00 0.588148385218E-03
14674.00 0.594597796239E-03
14676.00 0.592115607322E-03
14678.00 0.590750983606E-03
14680.00 0.590318405577E-03
14682.00 0.590483855998E-03
14684.00 0.593415122691E-03
14686.00 0.586266898369E-03
14688.00 0.574222083267E-03
14690.00 0.570224983152E-03
14692.00 0.592071012541E-03
14694.00 0.609230492959E-03
14696.00 0.610455533839E-03
14698.00 0.571782259987E-03
14700.00 0.529250576517E-03
14702.00 0.511501543150E-03
14704.00 0.524234022433E-03
14706.00 0.553477787737E-03
14708.00 0.570925133261E-03
14710.00 0.583718931005E-03
14712.00 0.592720545445E-03
14714.00 0.574017612624E-03
14716.00 0.553090250657E-03
14718.00 0.545147558272E-03
14720.00 0.561109202204E-03
14722.00 0.590624331171E-03
14724.00 0.596800371619E-03
14726.00 0.590342932961E-03
14728.00 0.581698975894E-03
14730.00 0.573729301350E-03
14732.00 0.575946147332E-03
14734.00 0.584302240990E-03
14736.00 0.592007909407E-03
14738.00 0.594230106016E-03
14740.00 0.593880030113E-03
14742.00 0.593125250676E-03
14744.00 0.596832702708E-03
14746.00 0.586730246747E-03
14748.00 0.566966607199E-03
14750.00 0.543628411018E-03
14752.00 0.539180672385E-03
14754.00 0.563421482409E-03
14756.00 0.588142812355E-03
14758.00 0.602684310907E-03
14760.00 0.595147882798E-03
14762.00 0.579708674861E-03
14764.00 0.568791681743E-03
14766.00 0.568587433336E-03
14768.00 0.573685374973E-03
14770.00 0.558469592200E-03
14772.00 0.543177772501E-03
14774.00 0.543490833395E-03
14776.00 0.562616979799E-03
14778.00 0.570394221763E-03
14780.00 0.572884884485E-03
14782.00 0.577180774894E-03
14784.00 0.579489711381E-03
14786.00 0.578299454668E-03
14788.00 0.577502533527E-03
14790.00 0.584704046975E-03
14792.00 0.596043585272E-03
14794.00 0.591169067102E-03
14796.00 0.573462397674E-03
14798.00 0.559314899705E-03
14800.00 0.565098276379E-03
14802.00 0.576443833708E-03
14804.00 0.587497736045E-03
14806.00 0.585242984414E-03
14808.00 0.572964933534E-03
14810.00 0.564232229680E-03
14812.00 0.563925859614E-03
14814.00 0.571526503734E-03
14816.00 0.579450913395E-03
14818.00 0.586853107600E-03
14820.00 0.592047153561E-03
14822.00 0.570782873416E-03
14824.00 0.555764202052E-03
14826.00 0.551780034033E-03
14828.00 0.563592953559E-03
14830.00 0.572541499411E-03
14832.00 0.576430901612E-03
14834.00 0.572718097255E-03
14836.00 0.557416020773E-03
14838.00 0.555710909533E-03
14840.00 0.565735993456E-03
14842.00 0.580041358681E-03
14844.00 0.584436474895E-03
14846.00 0.578992025005E-03
14848.00 0.577968779454E-03
14850.00 0.582456654577E-03
14852.00 0.590314615691E-03
14854.00 0.589337303426E-03
14856.00 0.581458158646E-03
14858.00 0.568985449434E-03
14860.00 0.561362951548E-03
14862.00 0.561408884834E-03
14864.00 0.560688889563E-03
14866.00 0.556027538078E-03
14868.00 0.546835055193E-03
14870.00 0.525926201577E-03
14872.00 0.498565037695E-03
14874.00 0.467822862636E-03
14876.00 0.444035364747E-03
14878.00 0.451207892520E-03
14880.00 0.478013395284E-03
14882.00 0.516212171640E-03
14884.00 0.540630695777E-03
14886.00 0.556088634302E-03
14888.00 0.562401360037E-03
14890.00 0.558544735094E-03
14892.00 0.566790009355E-03
14894.00 0.573688274219E-03
14896.00 0.575805002059E-03
14898.00 0.567525167563E-03
14900.00 0.572667703982E-03
14902.00 0.573946259617E-03
14904.00 0.569506324690E-03
14906.00 0.560108701061E-03
14908.00 0.558319080785E-03
14910.00 0.561641004343E-03
14912.00 0.569112768578E-03
14914.00 0.578709512222E-03
14916.00 0.579060032597E-03
14918.00 0.583624389119E-03
14920.00 0.594276931639E-03
14922.00 0.587042861473E-03
14924.00 0.586556101980E-03
14926.00 0.586795132858E-03
14928.00 0.585104292219E-03
14930.00 0.590291649047E-03
14932.00 0.585766314444E-03
14934.00 0.575850489177E-03
14936.00 0.563673002607E-03
14938.00 0.569987957487E-03
14940.00 0.572109591482E-03
14942.00 0.573717483826E-03
14944.00 0.579257591872E-03
14946.00 0.575834435598E-03
14948.00 0.573012205325E-03
14950.00 0.571687716404E-03
14952.00 0.572765145114E-03
14954.00 0.561376775981E-03
14956.00 0.555177324417E-03
14958.00 0.556988572832E-03
14960.00 0.569693849417E-03
14962.00 0.584119176249E-03
14964.00 0.590390204752E-03
14966.00 0.587110870762E-03
14968.00 0.576396561917E-03
14970.00 0.573762970944E-03
14972.00 0.572708955045E-03
14974.00 0.572124752724E-03
14976.00 0.578078930446E-03
14978.00 0.576679520867E-03
14980.00 0.571515800783E-03
14982.00 0.564677293637E-03
14984.00 0.563965103768E-03
14986.00 0.565083113441E-03
14988.00 0.569241427923E-03
14990.00 0.577333293219E-03
14992.00 0.582171464785E-03
14994.00 0.589119008350E-03
14996.00 0.593423594800E-03
14998.00 0.589888504557E-03
15000.00 0.581344440003E-03
15002.00 0.580615748691E-03
15004.00 0.583169290615E-03
15006.00 0.581554931374E-03
15008.00 0.574128878190E-03
15010.00 0.568999273867E-03
15012.00 0.565379006184E-03
15014.00 0.559915825706E-03
15016.00 0.551799655262E-03
15018.00 0.533935786983E-03
15020.00 0.505143998701E-03
15022.00 0.464662597916E-03
15024.00 0.447841596417E-03
15026.00 0.451952639107E-03
15028.00 0.474353883447E-03
15030.00 0.503089481659E-03
15032.00 0.518425672207E-03
15034.00 0.519092822823E-03
15036.00 0.503991649334E-03
15038.00 0.472877992469E-03
15040.00 0.459831559955E-03
15042.00 0.460178512679E-03
15044.00 0.471064959382E-03
15046.00 0.472203930485E-03
15048.00 0.474677647292E-03
15050.00 0.483569332975E-03
15052.00 0.503567545110E-03
15054.00 0.539818611698E-03
15056.00 0.560519427020E-03
15058.00 0.569770999220E-03
15060.00 0.572197890405E-03
15062.00 0.572954900684E-03
15064.00 0.575945925096E-03
15066.00 0.579900435643E-03
15068.00 0.582144262087E-03
15070.00 0.581927973921E-03
15072.00 0.580110927014E-03
15074.00 0.575263389306E-03
15076.00 0.562924688370E-03
15078.00 0.560963152472E-03
15080.00 0.560925469059E-03
15082.00 0.562703494048E-03
15084.00 0.572818437634E-03
15086.00 0.579190252683E-03
15088.00 0.578837277534E-03
15090.00 0.570880314548E-03
15092.00 0.556446513910E-03
15094.00 0.549566533466E-03
15096.00 0.548047608448E-03
15098.00 0.551746364439E-03
15100.00 0.567904897546E-03
15102.00 0.571710683047E-03
15104.00 0.573376774066E-03
15106.00 0.579138520905E-03
15108.00 0.577471985414E-03
15110.00 0.578428336249E-03
15112.00 0.579261159522E-03
15114.00 0.577330393973E-03
15116.00 0.566730027703E-03
15118.00 0.561324153562E-03
15120.00 0.558872288825E-03
15122.00 0.556092201952E-03
15124.00 0.565631417023E-03
15126.00 0.571683926518E-03
15128.00 0.572336136432E-03
15130.00 0.565414680991E-03
15132.00 0.562856680777E-03
15134.00 0.556503596316E-03
15136.00 0.549837897128E-03
15138.00 0.556459446007E-03
15140.00 0.561739115576E-03
15142.00 0.563659400410E-03
15144.00 0.563454037431E-03
15146.00 0.568613521461E-03
15148.00 0.577781700894E-03
15150.00 0.582294549570E-03
15152.00 0.579165501367E-03
15154.00 0.567990967322E-03
15156.00 0.554668711158E-03
15158.00 0.542928483144E-03
15160.00 0.535062494394E-03
15162.00 0.536870845258E-03
15164.00 0.544610627742E-03
15166.00 0.552900050615E-03
15168.00 0.558147389096E-03
15170.00 0.562223645923E-03
15172.00 0.566089413077E-03
15174.00 0.566719102516E-03
15176.00 0.560907184639E-03
15178.00 0.558710183819E-03
15180.00 0.558828808617E-03
15182.00 0.560487540403E-03
15184.00 0.562732259183E-03
15186.00 0.568192762652E-03
15188.00 0.572429787678E-03
15190.00 0.574162993952E-03
15192.00 0.571187132478E-03
15194.00 0.565084228014E-03
15196.00 0.560155304448E-03
15198.00 0.556978762217E-03
15200.00 0.555684821408E-03
15202.00 0.559203187972E-03
15204.00 0.555224594512E-03
15206.00 0.543964660792E-03
15208.00 0.537906798973E-03
15210.00 0.545704556199E-03
15212.00 0.551281455320E-03
15214.00 0.548721224264E-03
15216.00 0.533021355616E-03
15218.00 0.528406605821E-03
15220.00 0.528653888268E-03
15222.00 0.531554384612E-03
15224.00 0.542680532293E-03
15226.00 0.546451978100E-03
15228.00 0.549365184305E-03
15230.00 0.555411004667E-03
15232.00 0.556850326804E-03
15234.00 0.562464239238E-03
15236.00 0.565383464475E-03
15238.00 0.558980879077E-03
15240.00 0.546245946716E-03
15242.00 0.540530579331E-03
15244.00 0.540532364005E-03
15246.00 0.544644743504E-03
15248.00 0.551935672144E-03
15250.00 0.556878868007E-03
15252.00 0.560420425147E-03
15254.00 0.564903840283E-03
15256.00 0.564574277945E-03
15258.00 0.560616868152E-03
15260.00 0.554512626879E-03
15262.00 0.549712583198E-03
15264.00 0.549115002612E-03
15266.00 0.554385752207E-03
15268.00 0.563877027082E-03
15270.00 0.569878028731E-03
15272.00 0.571822840949E-03
15274.00 0.572118063592E-03
15276.00 0.571685709495E-03
15278.00 0.572057859704E-03
15280.00 0.565027815709E-03
15282.00 0.558928702827E-03
15284.00 0.556685546484E-03
15286.00 0.552510063851E-03
15288.00 0.540398130100E-03
15290.00 0.522979325778E-03
15292.00 0.502430358680E-03
15294.00 0.498590235180E-03
15296.00 0.506675855815E-03
15298.00 0.523124260937E-03
15300.00 0.545425834999E-03
15302.00 0.556197446790E-03
15304.00 0.559871899329E-03
15306.00 0.559824181369E-03
15308.00 0.559821059887E-03
15310.00 0.565091809483E-03
15312.00 0.565768992949E-03
15314.00 0.563597635782E-03
15316.00 0.561913706511E-03
15318.00 0.558378840200E-03
15320.00 0.555651597982E-03
15322.00 0.555639110358E-03
15324.00 0.562445508650E-03
15326.00 0.559673225482E-03
15328.00 0.555354590666E-03
15330.00 0.551235522034E-03
15332.00 0.548876416206E-03
15334.00 0.539032837980E-03
15336.00 0.535714704308E-03
15338.00 0.540502484297E-03
15340.00 0.544734156999E-03
15342.00 0.544403481785E-03
15344.00 0.546759242198E-03
15346.00 0.553006189486E-03
15348.00 0.552938180197E-03
15350.00 0.552133453654E-03
15352.00 0.553197280167E-03
15354.00 0.556584537701E-03
15356.00 0.550386199014E-03
15358.00 0.551617036689E-03
15360.00 0.554197336839E-03
15362.00 0.554380847748E-03
15364.00 0.562572383321E-03
15366.00 0.562437258776E-03
15368.00 0.561185461367E-03
15370.00 0.565559840083E-03
15372.00 0.552395452871E-03
15374.00 0.544867498567E-03
15376.00 0.540873966102E-03
15378.00 0.537425614040E-03
15380.00 0.541597305090E-03
15382.00 0.544824018358E-03
15384.00 0.546074031094E-03
15386.00 0.544202801029E-03
15388.00 0.542351862292E-03
15390.00 0.537657065145E-03
15392.00 0.529986180894E-03
15394.00 0.519570441802E-03
15396.00 0.517293168000E-03
15398.00 0.522358332380E-03
15400.00 0.532541507491E-03
15402.00 0.540487991459E-03
15404.00 0.545260384578E-03
15406.00 0.550234350790E-03
15408.00 0.555429289087E-03
15410.00 0.556250515377E-03
15412.00 0.555632867394E-03
15414.00 0.553944926001E-03
15416.00 0.551063382480E-03
15418.00 0.545143544453E-03
15420.00 0.543670552722E-03
15422.00 0.542914658711E-03
15424.00 0.541143769024E-03
15426.00 0.540719887036E-03
15428.00 0.548929930962E-03
15430.00 0.555100843019E-03
15432.00 0.551776466383E-03
15434.00 0.549346675952E-03
15436.00 0.549198397075E-03
15438.00 0.551050450384E-03
15440.00 0.554739841929E-03
15442.00 0.555082558599E-03
15444.00 0.554543174991E-03
15446.00 0.553133954798E-03
15448.00 0.550748092441E-03
15450.00 0.549305871057E-03
15452.00 0.548016167999E-03
15454.00 0.546284522465E-03
15456.00 0.543049559324E-03
15458.00 0.539999891765E-03
15460.00 0.541311670826E-03
15462.00 0.545192376985E-03
15464.00 0.546008030411E-03
15466.00 0.548949776123E-03
15468.00 0.548666594936E-03
15470.00 0.545122584719E-03
15472.00 0.541502317036E-03
15474.00 0.538455548723E-03
15476.00 0.536789679940E-03
15478.00 0.536579858670E-03
15480.00 0.537072638891E-03
15482.00 0.542146945481E-03
15484.00 0.546933386965E-03
15486.00 0.549359163577E-03
15488.00 0.547101512700E-03
15490.00 0.540385866408E-03
15492.00 0.535498416141E-03
15494.00 0.534617876604E-03
15496.00 0.523301751118E-03
15498.00 0.517752948728E-03
15500.00 0.518332691062E-03
15502.00 0.525441223365E-03
15504.00 0.533099619991E-03
15506.00 0.536127437176E-03
15508.00 0.538160994485E-03
15510.00 0.542528237900E-03
15512.00 0.539584929751E-03
15514.00 0.538942085980E-03
15516.00 0.539304870047E-03
15518.00 0.538938072161E-03
15520.00 0.543656506053E-03
15522.00 0.544176712903E-03
15524.00 0.543445568513E-03
15526.00 0.547318247035E-03
15528.00 0.538135128596E-03
15530.00 0.528215513442E-03
15532.00 0.518992704681E-03
15534.00 0.510958367959E-03
15536.00 0.515947050941E-03
15538.00 0.518188648239E-03
15540.00 0.516762035963E-03
15542.00 0.516622673666E-03
15544.00 0.521849496885E-03
15546.00 0.530389547620E-03
15548.00 0.538622112021E-03
15550.00 0.532037354219E-03
15552.00 0.518751666894E-03
15554.00 0.509421828622E-03
15556.00 0.506741634263E-03
15558.00 0.505005084270E-03
15560.00 0.516212171640E-03
15562.00 0.525360059744E-03
15564.00 0.526897269181E-03
15566.00 0.533347126371E-03
15568.00 0.535827530614E-03
15570.00 0.536854121579E-03
15572.00 0.537647699002E-03
15574.00 0.533726634117E-03
15576.00 0.535235970756E-03
15578.00 0.536019069160E-03
15580.00 0.531162389242E-03
15582.00 0.530800941983E-03
15584.00 0.530394229843E-03
15586.00 0.523877925802E-03
15588.00 0.504215741205E-03
15590.00 0.495273662249E-03
15592.00 0.495722069924E-03
15594.00 0.504637616284E-03
15596.00 0.521357162832E-03
15598.00 0.525967897112E-03
15600.00 0.524543069509E-03
15602.00 0.518928042503E-03
15604.00 0.511523839692E-03
15606.00 0.512591235552E-03
15608.00 0.516365134437E-03
15610.00 0.519629753353E-03
15612.00 0.515652274467E-03
15614.00 0.516013943961E-03
15616.00 0.516699825165E-03
15618.00 0.514781101072E-03
15620.00 0.502079614373E-03
15622.00 0.502563476316E-03
15624.00 0.509032732498E-03
15626.00 0.517147786673E-03
15628.00 0.513873134905E-03
15630.00 0.504560242548E-03
15632.00 0.499441341177E-03
15634.00 0.502762372399E-03
15636.00 0.518049063707E-03
15638.00 0.527470990788E-03
15640.00 0.530602268136E-03
15642.00 0.527207876998E-03
15644.00 0.520358444666E-03
15646.00 0.519495074977E-03
15648.00 0.519578467743E-03
15650.00 0.517804010405E-03
15652.00 0.524673958000E-03
15654.00 0.530075149917E-03
15656.00 0.530336032865E-03
15658.00 0.522083178831E-03
15660.00 0.507551937061E-03
15662.00 0.501895657295E-03
15664.00 0.504014169808E-03
15666.00 0.513047224697E-03
15668.00 0.516031782213E-03
15670.00 0.514549203799E-03
15672.00 0.509195505909E-03
15674.00 0.500489782516E-03
15676.00 0.496076381882E-03
15678.00 0.490697934372E-03
15680.00 0.487289941037E-03
15682.00 0.492882225332E-03
15684.00 0.488271043187E-03
15686.00 0.481975711233E-03
15688.00 0.475646485751E-03
15690.00 0.470767061425E-03
15692.00 0.466366370652E-03
15694.00 0.469502107987E-03
15696.00 0.480530592300E-03
15698.00 0.496124546010E-03
15700.00 0.504974312225E-03
15702.00 0.509152471869E-03
15704.00 0.510137141670E-03
15706.00 0.512955804293E-03
15708.00 0.515026598846E-03
15710.00 0.517342222769E-03
15712.00 0.519632652599E-03
15714.00 0.517203530573E-03
15716.00 0.515489501055E-03
15718.00 0.514860033852E-03
15720.00 0.514356104512E-03
15722.00 0.500067239034E-03
15724.00 0.499009433248E-03
15726.00 0.501960767338E-03
15728.00 0.503417703795E-03
15730.00 0.505062611148E-03
15732.00 0.507053804517E-03
15734.00 0.505615819188E-03
15736.00 0.497452600886E-03
15738.00 0.475330525611E-03
15740.00 0.463061170772E-03
15742.00 0.456878665124E-03
15744.00 0.452946673355E-03
15746.00 0.445857986213E-03
15748.00 0.441567668667E-03
15750.00 0.444241396131E-03
15752.00 0.460192338809E-03
15754.00 0.483233083202E-03
15756.00 0.495738571368E-03
15758.00 0.495239324251E-03
15760.00 0.478257110081E-03
15762.00 0.443887308105E-03
15764.00 0.413958331698E-03
15766.00 0.394801414946E-03
15768.00 0.396905879094E-03
15770.00 0.419487736792E-03
15772.00 0.443408574554E-03
15774.00 0.466581990414E-03
15776.00 0.492844319683E-03
15778.00 0.508539950581E-03
15780.00 0.515350808860E-03
15782.00 0.514668497002E-03
15784.00 0.511182683763E-03
15786.00 0.503351256943E-03
15788.00 0.501572785787E-03
15790.00 0.507664985604E-03
15792.00 0.511472778015E-03
15794.00 0.509719726579E-03
15796.00 0.504225553516E-03
15798.00 0.497281577601E-03
15800.00 0.504524343809E-03
15802.00 0.512395907119E-03
15804.00 0.514678753785E-03
15806.00 0.508291777493E-03
15808.00 0.503001851141E-03
15810.00 0.498795374227E-03
15812.00 0.493005308421E-03
15814.00 0.483635335355E-03
15816.00 0.470708864447E-03
15818.00 0.459336326656E-03
15820.00 0.454427468791E-03
15822.00 0.460910549406E-03
15824.00 0.471904025619E-03
15826.00 0.484066573183E-03
15828.00 0.491228398005E-03
15830.00 0.485474678804E-03
15832.00 0.468063902119E-03
15834.00 0.459063624488E-03
15836.00 0.459952191662E-03
15838.00 0.472442963059E-03
15840.00 0.491312238637E-03
15842.00 0.504073927528E-03
15844.00 0.510388214003E-03
15846.00 0.511249132311E-03
15848.00 0.509044103853E-03
15850.00 0.504459011530E-03
15852.00 0.499293729008E-03
15854.00 0.498198239810E-03
15856.00 0.500168247816E-03
15858.00 0.500911433663E-03
15860.00 0.499868120715E-03
15862.00 0.497852401658E-03
15864.00 0.487928326517E-03
15866.00 0.482553222725E-03
15868.00 0.484103588192E-03
15870.00 0.488564258921E-03
15872.00 0.495106651087E-03
15874.00 0.495898891701E-03
15876.00 0.488336375466E-03
15878.00 0.473561865068E-03
15880.00 0.458020533776E-03
15882.00 0.442577758189E-03
15884.00 0.426894837153E-03
15886.00 0.403641816715E-03
15888.00 0.395123618051E-03
15890.00 0.395974501812E-03
15892.00 0.403500449206E-03
15894.00 0.416844333509E-03
15896.00 0.429566111538E-03
15898.00 0.440719015748E-03
15900.00 0.449468665517E-03
15902.00 0.452838753204E-03
15904.00 0.454439956416E-03
15906.00 0.456285988997E-03
15908.00 0.460312522652E-03
15910.00 0.461641917729E-03
15912.00 0.468768066048E-03
15914.00 0.478098126556E-03
15916.00 0.485163847054E-03
15918.00 0.482997618278E-03
15920.00 0.481832559050E-03
15922.00 0.483979835002E-03
15924.00 0.492655234215E-03
15926.00 0.497240104302E-03
15928.00 0.501070639423E-03
15930.00 0.503661864760E-03
15932.00 0.503345236215E-03
15934.00 0.503356385335E-03
15936.00 0.497751391179E-03
15938.00 0.489248577688E-03
15940.00 0.486845323247E-03
15942.00 0.485808923364E-03
15944.00 0.486955474240E-03
15946.00 0.491223715782E-03
15948.00 0.501509014249E-03
15950.00 0.491602779057E-03
15952.00 0.477255046499E-03
15954.00 0.462035472144E-03
15956.00 0.444968972870E-03
15958.00 0.432817796662E-03
15960.00 0.429019146461E-03
15962.00 0.434048410405E-03
15964.00 0.442953253813E-03
15966.00 0.453946506094E-03
15968.00 0.462381088060E-03
15970.00 0.467890424061E-03
15972.00 0.485249024495E-03
15974.00 0.488875090670E-03
15976.00 0.484834732582E-03
15978.00 0.476459686099E-03
15980.00 0.470239941510E-03
15982.00 0.471975378626E-03
15984.00 0.482676307510E-03
15986.00 0.502519996107E-03
15988.00 0.503714933347E-03
15990.00 0.503899558829E-03
15992.00 0.503535436257E-03
15994.00 0.502979999071E-03
15996.00 0.495243114137E-03
15998.00 0.493741135034E-03
16000.00 0.491042657951E-03
16002.00 0.478744985842E-03
16004.00 0.462540963921E-03
16006.00 0.446107051637E-03
16008.00 0.438940544591E-03
16010.00 0.455045564639E-03
16012.00 0.465695207913E-03
16014.00 0.474029227265E-03
16016.00 0.479102863754E-03
16018.00 0.478588899867E-03
16020.00 0.482206046068E-03
16022.00 0.486672515289E-03
16024.00 0.491133856119E-03
16026.00 0.494409177987E-03
16028.00 0.495773133299E-03
16030.00 0.495763098752E-03
16032.00 0.493587950001E-03
16034.00 0.486527580130E-03
16036.00 0.475168198368E-03
16038.00 0.461399985909E-03
16040.00 0.450284541179E-03
16042.00 0.459960663772E-03
16044.00 0.474377964663E-03
16046.00 0.489696094723E-03
16048.00 0.502770176104E-03
16050.00 0.502798495071E-03
16052.00 0.505565203679E-03
16054.00 0.501778594934E-03
16056.00 0.489573680038E-03
16058.00 0.479382701222E-03
16060.00 0.476795935873E-03
16062.00 0.481209336507E-03
16064.00 0.491618610399E-03
16066.00 0.498202029696E-03
16068.00 0.486444185667E-03
16070.00 0.472271047437E-03
16072.00 0.464737072405E-03
16074.00 0.467361298932E-03
16076.00 0.473672016061E-03
16078.00 0.479758419082E-03
16080.00 0.482951016588E-03
16082.00 0.487119139988E-03
16084.00 0.484414419941E-03
16086.00 0.476694480922E-03
16088.00 0.465416038849E-03
16090.00 0.459138545146E-03
16092.00 0.449330865659E-03
16094.00 0.440279972518E-03
16096.00 0.436957602792E-03
16098.00 0.440718569580E-03
16100.00 0.444129908329E-03
16102.00 0.449591748606E-03
16104.00 0.461034971000E-03
16106.00 0.471166860501E-03
16108.00 0.476760705538E-03
16110.00 0.478437721744E-03
16112.00 0.477403551006E-03
16114.00 0.466572179799E-03
16116.00 0.463104874913E-03
16118.00 0.465760540192E-03
16120.00 0.468136145767E-03
16122.00 0.465804020401E-03
16124.00 0.461204879712E-03
16126.00 0.456707417907E-03
16128.00 0.458137373901E-03
16130.00 0.470580429034E-03
16132.00 0.478175276358E-03
16134.00 0.479108662246E-03
16136.00 0.478037030331E-03
16138.00 0.486187092605E-03
16140.00 0.493308558701E-03
16142.00 0.496451653574E-03
16144.00 0.494102806225E-03
16146.00 0.489293174166E-03
16148.00 0.480972533079E-03
16150.00 0.468821356870E-03
16152.00 0.453474685607E-03
16154.00 0.449277797072E-03
16156.00 0.452145292227E-03
16158.00 0.459519391397E-03
16160.00 0.461795771166E-03
16162.00 0.454303047197E-03
16164.00 0.449231417617E-03
16166.00 0.453127955118E-03
16168.00 0.466406953311E-03
16170.00 0.473282251532E-03
16172.00 0.474760371655E-03
16174.00 0.471174441970E-03
16176.00 0.460389227983E-03
16178.00 0.453669790107E-03
16180.00 0.450506627838E-03
16182.00 0.450663158285E-03
16184.00 0.457078229611E-03
16186.00 0.464613319216E-03
16188.00 0.471052249521E-03
16190.00 0.474056876131E-03
16192.00 0.466854470346E-03
16194.00 0.453734007814E-03
16196.00 0.441330644699E-03
16198.00 0.438188886636E-03
16200.00 0.442281867142E-03
16202.00 0.447109783622E-03
16204.00 0.451097073123E-03
16206.00 0.452141054475E-03
16208.00 0.451730552449E-03
16210.00 0.452443190183E-03
16212.00 0.452398817638E-03
16214.00 0.447319382656E-03
16216.00 0.454031015130E-03
16218.00 0.465337552238E-03
16220.00 0.477198634195E-03
16222.00 0.481729321122E-03
16224.00 0.474487891723E-03
16226.00 0.469019138381E-03
16228.00 0.467199862329E-03
16230.00 0.468097125545E-03
16232.00 0.466089432429E-03
16234.00 0.465487169620E-03
16236.00 0.466512198148E-03
16238.00 0.466310848987E-03
16240.00 0.460428918305E-03
16242.00 0.454948567979E-03
16244.00 0.453139104238E-03
16246.00 0.463254046127E-03
16248.00 0.467947952635E-03
16250.00 0.472498930892E-03
16252.00 0.478088538177E-03
16254.00 0.480096007361E-03
16256.00 0.478990483616E-03
16258.00 0.480968965428E-03
16260.00 0.487603225863E-03
16262.00 0.486864500004E-03
16264.00 0.487891535441E-03
16266.00 0.490430584528E-03
16268.00 0.493773021652E-03
16270.00 0.488680430641E-03
16272.00 0.483917848137E-03
16274.00 0.481693420686E-03
16276.00 0.483316253732E-03
16278.00 0.480779657724E-03
16280.00 0.476927938936E-03
16282.00 0.474917124338E-03
16284.00 0.477353826137E-03
16286.00 0.473401320802E-03
16288.00 0.477138430307E-03
16290.00 0.481774584308E-03
16292.00 0.480264133096E-03
16294.00 0.478726255254E-03
16296.00 0.480447644005E-03
16298.00 0.482936745986E-03
16300.00 0.482940758109E-03
16302.00 0.483375343047E-03
16304.00 0.485023147950E-03
16306.00 0.485172320860E-03
16308.00 0.479356613097E-03
16310.00 0.473488505152E-03
16312.00 0.464272831691E-03
16314.00 0.452763608614E-03
16316.00 0.441356955061E-03
16318.00 0.447834683352E-03
16320.00 0.457076446634E-03
16322.00 0.465310794012E-03
16324.00 0.467584944635E-03
16326.00 0.472915675882E-03
16328.00 0.474457567543E-03
16330.00 0.471977161603E-03
16332.00 0.467781165405E-03
16334.00 0.474121316073E-03
16336.00 0.477991765449E-03
16338.00 0.478068693016E-03
16340.00 0.479275449476E-03
16342.00 0.477773470373E-03
16344.00 0.474827264675E-03
16346.00 0.471127394111E-03
16348.00 0.468467491081E-03
16350.00 0.471671459942E-03
16352.00 0.473703234274E-03
16354.00 0.472764496062E-03
16356.00 0.472102475534E-03
16358.00 0.461970586033E-03
16360.00 0.450476525894E-03
16362.00 0.440583222799E-03
16364.00 0.429932241019E-03
16366.00 0.430629938051E-03
16368.00 0.440865511648E-03
16370.00 0.458327127774E-03
16372.00 0.461718621363E-03
16374.00 0.455963785892E-03
16376.00 0.443431095028E-03
16378.00 0.425750291490E-03
16380.00 0.412128352695E-03
16382.00 0.413888763364E-03
16384.00 0.426137604637E-03
16386.00 0.445326184074E-03
16388.00 0.458325790966E-03
16390.00 0.457846835178E-03
16392.00 0.448800624261E-03
16394.00 0.435380480796E-03
16396.00 0.424714782247E-03
16398.00 0.427365543067E-03
16400.00 0.434290788393E-03
16402.00 0.435343465787E-03
16404.00 0.438504176675E-03
16406.00 0.438268267280E-03
16408.00 0.439318269360E-03
16410.00 0.448445643899E-03
16412.00 0.454427914959E-03
16414.00 0.457665107246E-03
16416.00 0.457217814143E-03
16418.00 0.451184479709E-03
16420.00 0.452464372153E-03
16422.00 0.448801961070E-03
16424.00 0.446074050447E-03
16426.00 0.458740529047E-03
16428.00 0.460668619283E-03
16430.00 0.462004924032E-03
16432.00 0.461515489225E-03
16434.00 0.452730162952E-03
16436.00 0.450449099264E-03
16438.00 0.450322892997E-03
16440.00 0.449123941938E-03
16442.00 0.438953922856E-03
16444.00 0.431794104943E-03
16446.00 0.431172889309E-03
16448.00 0.438148081741E-03
16450.00 0.454072712361E-03
16452.00 0.460652787940E-03
16454.00 0.464795047148E-03
16456.00 0.468026887111E-03
16458.00 0.468935075513E-03
16460.00 0.473652394832E-03
16462.00 0.474310847710E-03
16464.00 0.469022037627E-03
16466.00 0.462721797820E-03
16468.00 0.456921699164E-03
16470.00 0.450833735401E-03
16472.00 0.444754467681E-03
16474.00 0.443861442216E-03
16476.00 0.443883070354E-03
16478.00 0.447988538485E-03
16480.00 0.456290895152E-03
16482.00 0.450076280650E-03
16484.00 0.439942830408E-03
16486.00 0.431920533446E-03
16488.00 0.430175285715E-03
16490.00 0.442859156399E-03
16492.00 0.450606075880E-03
16494.00 0.456417769824E-03
16496.00 0.462348088566E-03
16498.00 0.466726034933E-03
16500.00 0.465860212166E-03
16502.00 0.462186428031E-03
16504.00 0.457762102210E-03
16506.00 0.455519168103E-03
16508.00 0.458666500726E-03
16510.00 0.462419217641E-03
16512.00 0.461621626399E-03
16514.00 0.453821862264E-03
16516.00 0.442333598921E-03
16518.00 0.430145629940E-03
16520.00 0.421047242772E-03
16522.00 0.420702519193E-03
16524.00 0.425765230495E-03
16526.00 0.434007829443E-03
16528.00 0.442372172974E-03
16530.00 0.444988371863E-03
16532.00 0.445341123080E-03
16534.00 0.443951971980E-03
16536.00 0.441168315760E-03
16538.00 0.429441466012E-03
16540.00 0.425109676863E-03
16542.00 0.428609090603E-03
16544.00 0.437358740372E-03
16546.00 0.446157222674E-03
16548.00 0.449803800718E-03
16550.00 0.449023825492E-03
16552.00 0.447747276766E-03
16554.00 0.449340676273E-03
16556.00 0.444240503794E-03
16558.00 0.434302828153E-03
16560.00 0.431931682566E-03
16562.00 0.440253884393E-03
16564.00 0.448823590904E-03
16566.00 0.456115411880E-03
16568.00 0.466067134190E-03
16570.00 0.470256219021E-03
16572.00 0.469233197402E-03
16574.00 0.464758032139E-03
16576.00 0.465714384670E-03
16578.00 0.465500101716E-03
16580.00 0.463072766060E-03
16582.00 0.458382204967E-03
16584.00 0.453965012750E-03
16586.00 0.450344968999E-03
16588.00 0.450815228745E-03
16590.00 0.456130128650E-03
16592.00 0.459085698795E-03
16594.00 0.460649220290E-03
16596.00 0.461606241225E-03
16598.00 0.462256220297E-03
16600.00 0.461527082817E-03
16602.00 0.461593531365E-03
16604.00 0.461491852481E-03
16606.00 0.460491797506E-03
16608.00 0.456213967585E-03
16610.00 0.450306171014E-03
16612.00 0.447092837707E-03
16614.00 0.449783287153E-03
16616.00 0.452999741942E-03
16618.00 0.453368548433E-03
16620.00 0.452177399383E-03
16622.00 0.450535169041E-03
16624.00 0.448388561493E-03
16626.00 0.448642309140E-03
16628.00 0.449092279253E-03
16630.00 0.447328078698E-03
16632.00 0.446072043537E-03
16634.00 0.445571459612E-03
16636.00 0.448603511155E-03
16638.00 0.458986028517E-03
16640.00 0.455658752635E-03
16642.00 0.452051417048E-03
16644.00 0.446390678992E-03
16646.00 0.434753690603E-03
16648.00 0.428276852952E-03
16650.00 0.424577650792E-03
16652.00 0.424451446221E-03
16654.00 0.430004262431E-03
16656.00 0.432380090241E-03
16658.00 0.431268991936E-03
16660.00 0.428229581160E-03
16662.00 0.426700399360E-03
16664.00 0.430946788832E-03
16666.00 0.437428086470E-03
16668.00 0.443551056635E-03
16670.00 0.443591861530E-03
16672.00 0.444598383402E-03
16674.00 0.440997292476E-03
16676.00 0.433035423334E-03
16678.00 0.424597942122E-03
16680.00 0.415422627388E-03
16682.00 0.417421400530E-03
16684.00 0.429630997649E-03
16686.00 0.437651956106E-03
16688.00 0.446521567482E-03
16690.00 0.450221884214E-03
16692.00 0.448728825086E-03
16694.00 0.450276069070E-03
16696.00 0.451393856507E-03
16698.00 0.453379919789E-03
16700.00 0.456048294928E-03
16702.00 0.455490626900E-03
16704.00 0.452340620659E-03
16706.00 0.446772195344E-03
16708.00 0.440431150642E-03
16710.00 0.446420112531E-03
16712.00 0.445029400690E-03
16714.00 0.437005320751E-03
16716.00 0.422888593130E-03
16718.00 0.407167320276E-03
16720.00 0.402491252021E-03
16722.00 0.408121441965E-03
16724.00 0.422888148659E-03
16726.00 0.428867744405E-03
16728.00 0.436378975030E-03
16730.00 0.443647607127E-03
16732.00 0.449268654862E-03
16734.00 0.448338614388E-03
16736.00 0.446505513904E-03
16738.00 0.443882625882E-03
16740.00 0.440596823299E-03
16742.00 0.440961169804E-03
16744.00 0.435089271972E-03
16746.00 0.421943167483E-03
16748.00 0.400293358863E-03
16750.00 0.388119662180E-03
16752.00 0.390899302885E-03
16754.00 0.403238449989E-03
16756.00 0.419195189463E-03
16758.00 0.420491805586E-03
16760.00 0.417526645367E-03
16762.00 0.413933804314E-03
16764.00 0.414254224441E-03
16766.00 0.420979235180E-03
16768.00 0.426569066398E-03
16770.00 0.431210348790E-03
16772.00 0.435808374906E-03
16774.00 0.440849680306E-03
16776.00 0.440246749093E-03
16778.00 0.437364537168E-03
16780.00 0.439493974868E-03
16782.00 0.434622802112E-03
16784.00 0.431411697951E-03
16786.00 0.430578430205E-03
16788.00 0.431726319586E-03
16790.00 0.430228578235E-03
16792.00 0.428002143874E-03
16794.00 0.425024721659E-03
16796.00 0.420426919476E-03
16798.00 0.413339569142E-03
16800.00 0.411566002444E-03
16802.00 0.415265204604E-03
16804.00 0.420552009474E-03
16806.00 0.427330088799E-03
16808.00 0.428927948293E-03
16810.00 0.425586847978E-03
16812.00 0.424131472262E-03
16814.00 0.420120323781E-03
16816.00 0.413443475474E-03
16818.00 0.406345868358E-03
16820.00 0.409998914995E-03
16822.00 0.415501115695E-03
16824.00 0.418143848878E-03
16826.00 0.416965411385E-03
16828.00 0.415694661151E-03
16830.00 0.414214980288E-03
16832.00 0.415113802548E-03
16834.00 0.418669184120E-03
16836.00 0.418895506834E-03
16838.00 0.422027454283E-03
16840.00 0.425772143560E-03
16842.00 0.428874657470E-03
16844.00 0.429171216921E-03
16846.00 0.429411588000E-03
16848.00 0.430259126347E-03
16850.00 0.431462759628E-03
16852.00 0.424232481045E-03
16854.00 0.421307903484E-03
16856.00 0.419897792651E-03
16858.00 0.418392245898E-03
16860.00 0.419507358021E-03
16862.00 0.414291683922E-03
16864.00 0.408806875305E-03
16866.00 0.407697115506E-03
16868.00 0.412664168653E-03
16870.00 0.418357461731E-03
16872.00 0.422914236784E-03
16874.00 0.424637854680E-03
16876.00 0.425331539590E-03
16878.00 0.426367271068E-03
16880.00 0.426539632858E-03
16882.00 0.424530379001E-03
16884.00 0.420164027922E-03
16886.00 0.414022549404E-03
16888.00 0.407321843814E-03
16890.00 0.401559650807E-03
16892.00 0.406295030613E-03
16894.00 0.413530215352E-03
16896.00 0.420548887992E-03
16898.00 0.423792769411E-03
16900.00 0.429246583747E-03
16902.00 0.430922485380E-03
16904.00 0.429965018277E-03
16906.00 0.428890933284E-03
16908.00 0.430079405324E-03
16910.00 0.428787917592E-03
16912.00 0.427171105274E-03
16914.00 0.430567727254E-03
16916.00 0.428898960922E-03
16918.00 0.429074668126E-03
16920.00 0.430871199770E-03
16922.00 0.431800571839E-03
16924.00 0.424150202851E-03
16926.00 0.414122443614E-03
16928.00 0.406495933606E-03
16930.00 0.412461482683E-03
16932.00 0.416938206991E-03
16934.00 0.420618010157E-03
16936.00 0.423138328655E-03
16938.00 0.422749232531E-03
16940.00 0.423059840347E-03
16942.00 0.423230641396E-03
16944.00 0.422883242503E-03
16946.00 0.421246138856E-03
16948.00 0.422981575972E-03
16950.00 0.424339510555E-03
16952.00 0.423843384920E-03
16954.00 0.419337449309E-03
16956.00 0.415866576772E-03
16958.00 0.412748677689E-03
16960.00 0.410018313988E-03
16962.00 0.409230309428E-03
16964.00 0.411549502698E-03
16966.00 0.413507248709E-03
16968.00 0.413857100679E-03
16970.00 0.413571688651E-03
16972.00 0.416679777121E-03
16974.00 0.420850353599E-03
16976.00 0.424715450651E-03
16978.00 0.425066641127E-03
16980.00 0.426503510186E-03
16982.00 0.428808208922E-03
16984.00 0.431314480751E-03
16986.00 0.426140948355E-03
16988.00 0.426670521349E-03
16990.00 0.425591754133E-03
16992.00 0.418625257743E-03
16994.00 0.415116701794E-03
16996.00 0.408838315754E-03
16998.00 0.405206898952E-03
17000.00 0.408122778774E-03
17002.00 0.407930349587E-03
17004.00 0.407765345334E-03
17006.00 0.405625428616E-03
17008.00 0.399771145103E-03
17010.00 0.402631951126E-03
17012.00 0.408491361333E-03
17014.00 0.415389850130E-03
17016.00 0.421331762464E-03
17018.00 0.424723478289E-03
17020.00 0.423424409088E-03
17022.00 0.422273398225E-03
17024.00 0.427207005710E-03
17026.00 0.424974996790E-03
17028.00 0.421370560450E-03
17030.00 0.419173559629E-03
17032.00 0.422121327765E-03
17034.00 0.419214588456E-03
17036.00 0.418083867226E-03
17038.00 0.419277691590E-03
17040.00 0.423118261258E-03
17042.00 0.427971373526E-03
17044.00 0.425956100638E-03
17046.00 0.421631221161E-03
17048.00 0.424947571857E-03
17050.00 0.419901582537E-03
17052.00 0.418706645297E-03
17054.00 0.419506465684E-03
17056.00 0.415177574086E-03
17058.00 0.415813062017E-03
17060.00 0.414330481907E-03
17062.00 0.409855540577E-03
17064.00 0.402509980913E-03
17066.00 0.400702746317E-03
17068.00 0.402305734202E-03
17070.00 0.405781735130E-03
17072.00 0.407551288010E-03
17074.00 0.408707873432E-03
17076.00 0.409630110200E-03
17078.00 0.410666956252E-03
17080.00 0.412830955883E-03
17082.00 0.414834857416E-03
17084.00 0.414454011165E-03
17086.00 0.411522522236E-03
17088.00 0.407815292439E-03
17090.00 0.409472241248E-03
17092.00 0.410924941650E-03
17094.00 0.410290569988E-03
17096.00 0.406357463646E-03
17098.00 0.403116257541E-03
17100.00 0.399494206881E-03
17102.00 0.393329537787E-03
17104.00 0.372983926760E-03
17106.00 0.348189238594E-03
17108.00 0.331766921597E-03
17110.00 0.330596957910E-03
17112.00 0.355775389876E-03
17114.00 0.377190181438E-03
17116.00 0.393272233146E-03
17118.00 0.403011681108E-03
17120.00 0.405774153661E-03
17122.00 0.410128687217E-03
17124.00 0.412843443507E-03
17126.00 0.412267268823E-03
17128.00 0.411751074094E-03
17130.00 0.407004099000E-03
17132.00 0.402922267613E-03
17134.00 0.402451337766E-03
17136.00 0.399271005649E-03
17138.00 0.401557866133E-03
17140.00 0.405305676892E-03
17142.00 0.407559313950E-03
17144.00 0.410195358001E-03
17146.00 0.412774543578E-03
17148.00 0.413313257085E-03
17150.00 0.410002258713E-03
17152.00 0.404813565076E-03
17154.00 0.405051036909E-03
17156.00 0.404807768280E-03
17158.00 0.397921543175E-03
17160.00 0.398915132951E-03
17162.00 0.398955045509E-03
17164.00 0.399654973382E-03
17166.00 0.403153272549E-03
17168.00 0.403360864674E-03
17170.00 0.405496993203E-03
17172.00 0.407791657392E-03
17174.00 0.407506915464E-03
17176.00 0.406168378177E-03
17178.00 0.404687360505E-03
17180.00 0.404402840813E-03
17182.00 0.407495542412E-03
17184.00 0.406290570626E-03
17186.00 0.405954096920E-03
17188.00 0.405237447064E-03
17190.00 0.400954488752E-03
17192.00 0.401301665409E-03
17194.00 0.401646611224E-03
17196.00 0.401862899390E-03
17198.00 0.402742770523E-03
17200.00 0.396293805670E-03
17202.00 0.387797235143E-03
17204.00 0.379883306197E-03
17206.00 0.377553857841E-03
17208.00 0.388721924989E-03
17210.00 0.396881351709E-03
17212.00 0.400106058068E-03
17214.00 0.400515891690E-03
17216.00 0.397970599640E-03
17218.00 0.395489747532E-03
17220.00 0.392440526141E-03
17222.00 0.384424696076E-03
17224.00 0.377034765563E-03
17226.00 0.372981251446E-03
17228.00 0.373488526201E-03
17230.00 0.381018263481E-03
17232.00 0.382448889577E-03
17234.00 0.384333275672E-03
17236.00 0.388045856096E-03
17238.00 0.391264095558E-03
17240.00 0.395234215212E-03
17242.00 0.398907997650E-03
17244.00 0.401530885671E-03
17246.00 0.400672422138E-03
17248.00 0.401012239561E-03
17250.00 0.400226465843E-03
17252.00 0.397860893119E-03
17254.00 0.397389072632E-03
17256.00 0.394749907100E-03
17258.00 0.393897240362E-03
17260.00 0.395885086620E-03
17262.00 0.393410256937E-03
17264.00 0.393889881129E-03
17266.00 0.395888432035E-03
17268.00 0.398292802745E-03
17270.00 0.396001704509E-03
17272.00 0.389865354383E-03
17274.00 0.383820648593E-03
17276.00 0.380226915204E-03
17278.00 0.378668077628E-03
17280.00 0.382456024878E-03
17282.00 0.387027516700E-03
17284.00 0.389383723282E-03
17286.00 0.393993566922E-03
17288.00 0.394099257927E-03
17290.00 0.391258297066E-03
17292.00 0.386738314786E-03
17294.00 0.386960177512E-03
17296.00 0.386425253891E-03
17298.00 0.383785418258E-03
17300.00 0.377730009517E-03
17302.00 0.376948027382E-03
17304.00 0.379156621794E-03
17306.00 0.382198039479E-03
17308.00 0.383738592635E-03
17310.00 0.383227527994E-03
17312.00 0.382912014022E-03
17314.00 0.381913965956E-03
17316.00 0.379040227837E-03
17318.00 0.377422077014E-03
17320.00 0.373381272758E-03
17322.00 0.365337793826E-03
17324.00 0.350978691610E-03
17326.00 0.345360541425E-03
17328.00 0.348573874732E-03
17330.00 0.357914639887E-03
17332.00 0.369226305386E-03
17334.00 0.370507534639E-03
17336.00 0.367239125836E-03
17338.00 0.363485740517E-03
17340.00 0.366214989644E-03
17342.00 0.372335062260E-03
17344.00 0.375972944263E-03
17346.00 0.375891112237E-03
17348.00 0.370496831688E-03
17350.00 0.366951708594E-03
17352.00 0.367460544090E-03
17354.00 0.369613170669E-03
17356.00 0.366407196595E-03
17358.00 0.362035047024E-03
17360.00 0.358734305435E-03
17362.00 0.358504192836E-03
17364.00 0.366445548412E-03
17366.00 0.370596725898E-03
17368.00 0.374116654899E-03
17370.00 0.376630060332E-03
17372.00 0.374505304855E-03
17374.00 0.376869315142E-03
17376.00 0.378747904441E-03
17378.00 0.379428431625E-03
17380.00 0.380877118208E-03
17382.00 0.380783914827E-03
17384.00 0.381676271888E-03
17386.00 0.382374415088E-03
17388.00 0.373466896366E-03
17390.00 0.374365498087E-03
17392.00 0.376228922751E-03
17394.00 0.376533287604E-03
17396.00 0.377369900764E-03
17398.00 0.374306631008E-03
17400.00 0.370563502472E-03
17402.00 0.366285450315E-03
17404.00 0.353776170566E-03
17406.00 0.344575213875E-03
17408.00 0.342529168942E-03
17410.00 0.349620757026E-03
17412.00 0.366421467197E-03
17414.00 0.373693665248E-03
17416.00 0.377619412356E-03
17418.00 0.381037886407E-03
17420.00 0.381569242377E-03
17422.00 0.381464888180E-03
17424.00 0.382055333465E-03
17426.00 0.383772262229E-03
17428.00 0.380584126407E-03
17430.00 0.378215656134E-03
17432.00 0.377479829521E-03
17434.00 0.378700854885E-03
17436.00 0.374933645133E-03
17438.00 0.378629279642E-03
17440.00 0.381797794236E-03
17442.00 0.378396713965E-03
17444.00 0.377549620090E-03
17446.00 0.374012078466E-03
17448.00 0.370750803267E-03
17450.00 0.370418343380E-03
17452.00 0.368998198000E-03
17454.00 0.370336065186E-03
17456.00 0.370200494472E-03
17458.00 0.364133714376E-03
17460.00 0.362941674686E-03
17462.00 0.359464335253E-03
17464.00 0.355942401039E-03
17466.00 0.355190743083E-03
17468.00 0.355970942242E-03
17470.00 0.362691492993E-03
17472.00 0.369767025803E-03
17474.00 0.369302786785E-03
17476.00 0.367196984132E-03
17478.00 0.365236116639E-03
17480.00 0.364799526487E-03
17482.00 0.368019548926E-03
17484.00 0.372297601083E-03
17486.00 0.375247820601E-03
17488.00 0.376703866417E-03
17490.00 0.376591484582E-03
17492.00 0.377733577168E-03
17494.00 0.376329709298E-03
17496.00 0.373532452578E-03
17498.00 0.372464834481E-03
17500.00 0.369403349399E-03
17502.00 0.367703588786E-03
17504.00 0.366991397220E-03
17506.00 0.365403796206E-03
17508.00 0.363341027593E-03
17510.00 0.363989669857E-03
17512.00 0.367680846075E-03
17514.00 0.374147425247E-03
17516.00 0.370709776136E-03
17518.00 0.369206460225E-03
17520.00 0.369802924542E-03
17522.00 0.366010741238E-03
17524.00 0.366668303475E-03
17526.00 0.370003383063E-03
17528.00 0.374512886324E-03
17530.00 0.375918761103E-03
17532.00 0.373072225682E-03
17534.00 0.368003939820E-03
17536.00 0.363190517874E-03
17538.00 0.367487300619E-03
17540.00 0.366387127502E-03
17542.00 0.364832525981E-03
17544.00 0.363906945494E-03
17546.00 0.361547617431E-03
17548.00 0.364776335912E-03
17550.00 0.367698906563E-03
17552.00 0.368469963511E-03
17554.00 0.368374529288E-03
17556.00 0.370732074375E-03
17558.00 0.372145084455E-03
17560.00 0.371805489267E-03
17562.00 0.374229703441E-03
17564.00 0.371944849866E-03
17566.00 0.369997362335E-03
17568.00 0.370410093506E-03
17570.00 0.369969489536E-03
17572.00 0.373059961990E-03
17574.00 0.373178586788E-03
17576.00 0.367102218314E-03
17578.00 0.359294872709E-03
17580.00 0.358912687953E-03
17582.00 0.362602971835E-03
17584.00 0.368289798017E-03
17586.00 0.372745564287E-03
17588.00 0.374775776181E-03
17590.00 0.375672147060E-03
17592.00 0.376352675941E-03
17594.00 0.378251778806E-03
17596.00 0.378040172862E-03
17598.00 0.376526822404E-03
17600.00 0.374223014309E-03
17602.00 0.365596225392E-03
17604.00 0.358093244641E-03
17606.00 0.353123292248E-03
17608.00 0.352049431188E-03
17610.00 0.350974455555E-03
17612.00 0.349948310758E-03
17614.00 0.348992182160E-03
17616.00 0.348131041616E-03
17618.00 0.349416508619E-03
17620.00 0.352731743046E-03
17622.00 0.356370517385E-03
17624.00 0.358240632878E-03
17626.00 0.364359813157E-03
17628.00 0.364912798962E-03
17630.00 0.362230375457E-03
17632.00 0.359931473517E-03
17634.00 0.360846352748E-03
17636.00 0.360719700313E-03
17638.00 0.360622483113E-03
17640.00 0.362677000155E-03
17642.00 0.365711950945E-03
17644.00 0.369408923959E-03
17646.00 0.370408086597E-03
17648.00 0.362321349693E-03
17650.00 0.351366895398E-03
17652.00 0.351523649777E-03
17654.00 0.360482228480E-03
17656.00 0.370877677939E-03
17658.00 0.376704758753E-03
17660.00 0.374638200255E-03
17662.00 0.369170337553E-03
17664.00 0.372165375784E-03
17666.00 0.369138450936E-03
17668.00 0.367390305655E-03
17670.00 0.366975789810E-03
17672.00 0.364914135770E-03
17674.00 0.362925843344E-03
17676.00 0.364124348234E-03
17678.00 0.366310870036E-03
17680.00 0.360358253054E-03
17682.00 0.358094359214E-03
17684.00 0.357495441819E-03
17686.00 0.357774609187E-03
17688.00 0.357609382698E-03
17690.00 0.358320235758E-03
17692.00 0.357156515035E-03
17694.00 0.354582013378E-03
17696.00 0.355908285276E-03
17698.00 0.351276367330E-03
17700.00 0.349336683503E-03
17702.00 0.351583183564E-03
17704.00 0.352017544571E-03
17706.00 0.347617523897E-03
17708.00 0.343934375316E-03
17710.00 0.343097763853E-03
17712.00 0.346322468515E-03
17714.00 0.349170564677E-03
17716.00 0.348552692762E-03
17718.00 0.343659444003E-03
17720.00 0.338480114812E-03
17722.00 0.339613957524E-03
17724.00 0.341146260806E-03
17726.00 0.340628283100E-03
17728.00 0.340641216893E-03
17730.00 0.341005115533E-03
17732.00 0.340837882135E-03
17734.00 0.339598348417E-03
17736.00 0.336592607235E-03
17738.00 0.333910407663E-03
17740.00 0.332718591905E-03
17742.00 0.333761236449E-03
17744.00 0.336702982160E-03
17746.00 0.338488810854E-03
17748.00 0.339520306278E-03
17750.00 0.339811739034E-03
17752.00 0.333228764209E-03
17754.00 0.333111031748E-03
17756.00 0.336521255925E-03
17758.00 0.341092523815E-03
17760.00 0.339667472279E-03
17762.00 0.338115546072E-03
17764.00 0.337023178355E-03
17766.00 0.336926405628E-03
17768.00 0.332932873162E-03
17770.00 0.331780746030E-03
17772.00 0.333985996725E-03
17774.00 0.340186564557E-03
17776.00 0.344803321262E-03
17778.00 0.345103894532E-03
17780.00 0.343301788328E-03
17782.00 0.342061584510E-03
17784.00 0.347382727378E-03
17786.00 0.349337351907E-03
17788.00 0.348152669754E-03
17790.00 0.344449899944E-03
17792.00 0.346064705353E-03
17794.00 0.347842061937E-03
17796.00 0.350106625879E-03
17798.00 0.353845740596E-03
17800.00 0.351441369887E-03
17802.00 0.345094976254E-03
17804.00 0.338184446001E-03
17806.00 0.336541545558E-03
17808.00 0.343548178438E-03
17810.00 0.347125858249E-03
17812.00 0.347565792119E-03
17814.00 0.347736817100E-03
17816.00 0.348772548579E-03
17818.00 0.351092632489E-03
17820.00 0.352504527996E-03
17822.00 0.347533461030E-03
17824.00 0.343731243179E-03
17826.00 0.341168336809E-03
17828.00 0.340240971649E-03
17830.00 0.342122012330E-03
17832.00 0.340310317747E-03
17834.00 0.336245432275E-03
17836.00 0.329286071186E-03
17838.00 0.316414675774E-03
17840.00 0.312797083405E-03
17842.00 0.316169176304E-03
17844.00 0.324551582020E-03
17846.00 0.332439646773E-03
17848.00 0.333445498544E-03
17850.00 0.335364446570E-03
17852.00 0.339851205424E-03
17854.00 0.345655541832E-03
17856.00 0.352356693590E-03
17858.00 0.355142578955E-03
17860.00 0.352630510331E-03
17862.00 0.345139793271E-03
17864.00 0.343154176158E-03
17866.00 0.346282778193E-03
17868.00 0.353122399911E-03
17870.00 0.355275028187E-03
17872.00 0.353383506791E-03
17874.00 0.350673658353E-03
17876.00 0.348051214803E-03
17878.00 0.343024626173E-03
17880.00 0.341311041127E-03
17882.00 0.341662455535E-03
17884.00 0.343568469767E-03
17886.00 0.346919380697E-03
17888.00 0.345550965399E-03
17890.00 0.343527664873E-03
17892.00 0.342777567658E-03
17894.00 0.341567465784E-03
17896.00 0.340137509789E-03
17898.00 0.337640157934E-03
17900.00 0.333836379342E-03
17902.00 0.333546507327E-03
17904.00 0.334629066125E-03
17906.00 0.338840447498E-03
17908.00 0.346985159144E-03
17910.00 0.347158857743E-03
17912.00 0.344385682238E-03
17914.00 0.340479780291E-03
17916.00 0.336829410664E-03
17918.00 0.334313552153E-03
17920.00 0.336865755572E-03
17922.00 0.338956395286E-03
17924.00 0.335637370974E-03
17926.00 0.323856114133E-03
17928.00 0.314021900352E-03
17930.00 0.309729131426E-03
17932.00 0.314808344171E-03
17934.00 0.320907233121E-03
17936.00 0.321884991554E-03
17938.00 0.320414228968E-03
17940.00 0.319652982634E-03
17942.00 0.320370524827E-03
17944.00 0.323546620889E-03
17946.00 0.328991070779E-03
17948.00 0.336514789028E-03
17950.00 0.338382227511E-03
17952.00 0.333590879872E-03
17954.00 0.327717867467E-03
17956.00 0.329421864135E-03
17958.00 0.329993578832E-03
17960.00 0.327051386952E-03
17962.00 0.324422924371E-03
17964.00 0.329231441858E-03
17966.00 0.336504978414E-03
17968.00 0.336663960242E-03
17970.00 0.330919383251E-03
17972.00 0.323171126961E-03
17974.00 0.325018944216E-03
17976.00 0.328037841427E-03
17978.00 0.330353911518E-03
17980.00 0.329861131297E-03
17982.00 0.326721380143E-03
17984.00 0.324011530008E-03
17986.00 0.320963423190E-03
17988.00 0.314263162071E-03
17990.00 0.307325876985E-03
17992.00 0.304876687562E-03
17994.00 0.307371810272E-03
17996.00 0.313882985921E-03
17998.00 0.318753266340E-03
18000.00 0.315293989091E-03
18002.00 0.304621601410E-03
18004.00 0.295656555811E-03
18006.00 0.300542221404E-03
18008.00 0.309694123327E-03
18010.00 0.317075581730E-03
18012.00 0.306736324037E-03
18014.00 0.305959468596E-03
18016.00 0.303745744096E-03
18018.00 0.300107862094E-03
18020.00 0.310894636822E-03
18022.00 0.314622380185E-03
18024.00 0.316200394517E-03
18026.00 0.315976971050E-03
18028.00 0.306587819530E-03
18030.00 0.306825513599E-03
18032.00 0.314143646633E-03
18034.00 0.325251287657E-03
18036.00 0.322187571733E-03
18038.00 0.317726454835E-03
18040.00 0.316735764306E-03
18042.00 0.321486307051E-03
18044.00 0.332102949135E-03
18046.00 0.328062814979E-03
18048.00 0.318410995839E-03
18050.00 0.307145487558E-03
18052.00 0.289684539837E-03
18054.00 0.275335916639E-03
18056.00 0.275505156947E-03
18058.00 0.296552926690E-03
18060.00 0.325601808032E-03
18062.00 0.330277207883E-03
18064.00 0.321920890293E-03
18066.00 0.308352466254E-03
18068.00 0.306367517545E-03
18070.00 0.314681691735E-03
18072.00 0.323858791143E-03
18074.00 0.326768650237E-03
18076.00 0.326482569805E-03
18078.00 0.322048655605E-03
18080.00 0.316264166055E-03
18082.00 0.311597686178E-03
18084.00 0.316478893481E-03
18086.00 0.321894578236E-03
18088.00 0.324858177714E-03
18090.00 0.322258700808E-03
18092.00 0.319580068886E-03
18094.00 0.309392881652E-03
18096.00 0.298440210334E-03
18098.00 0.294710683995E-03
18100.00 0.285390878573E-03
18102.00 0.284578570562E-03
18104.00 0.293832819772E-03
18106.00 0.315205021765E-03
18108.00 0.329788885953E-03
18110.00 0.325188406760E-03
18112.00 0.310489709355E-03
18114.00 0.300053901170E-03
18116.00 0.299251849941E-03
18118.00 0.289795359233E-03
18120.00 0.278708901875E-03
18122.00 0.280642342738E-03
18124.00 0.303491772517E-03
18126.00 0.313837721039E-03
18128.00 0.314684590982E-03
18130.00 0.317879193700E-03
18132.00 0.323221074066E-03
18134.00 0.326315782575E-03
18136.00 0.325798251038E-03
18138.00 0.319445390509E-03
18140.00 0.306742120832E-03
18142.00 0.297398680363E-03
18144.00 0.289297450621E-03
18146.00 0.272907464714E-03
18148.00 0.266281009680E-03
18150.00 0.275692013270E-03
18152.00 0.294899099363E-03
18154.00 0.301176594763E-03
18156.00 0.305631468696E-03
18158.00 0.306507102077E-03
18160.00 0.303400128180E-03
18162.00 0.296060144773E-03
18164.00 0.294155691281E-03
18166.00 0.299375379199E-03
18168.00 0.309640832504E-03
18170.00 0.314093921764E-03
18172.00 0.312565410064E-03
18174.00 0.304136624894E-03
18176.00 0.288427167867E-03
18178.00 0.265153411629E-03
18180.00 0.281182840918E-03
18182.00 0.304912141830E-03
18184.00 0.322932762792E-03
18186.00 0.317372589046E-03
18188.00 0.307471480549E-03
18190.00 0.298617032111E-03
18192.00 0.292279556756E-03
18194.00 0.283582083237E-03
18196.00 0.281526673857E-03
18198.00 0.281493450432E-03
18200.00 0.281460003073E-03
18202.00 0.281426779648E-03
18204.00 0.281393332289E-03
18206.00 0.281360108863E-03
18208.00 0.281326661505E-03
18210.00 0.281293438079E-03
18212.00 0.281260214654E-03
18214.00 0.281226768992E-03
18216.00 0.281193321634E-03
18218.00 0.281160098208E-03
18220.00 0.281126650849E-03
18222.00 0.281093427424E-03
18224.00 0.281060203998E-03
18226.00 0.281026756640E-03
18228.00 0.280993533214E-03
18230.00 0.280960085855E-03
18232.00 0.280926862430E-03
18234.00 0.280893416768E-03
18236.00 0.280860193342E-03
18238.00 0.280826745984E-03
18240.00 0.280793522558E-03
18242.00 0.280760075200E-03
18244.00 0.280726851774E-03
18246.00 0.280693404416E-03
18248.00 0.280660180990E-03
18250.00 0.280626735328E-03
18252.00 0.280593511902E-03
18254.00 0.280560064544E-03
18256.00 0.280526841118E-03
18258.00 0.280493393760E-03
18260.00 0.280460170334E-03
18262.00 0.280426722976E-03
18264.00 0.280393499550E-03
18266.00 0.280360053888E-03
18268.00 0.280326830462E-03
18270.00 0.280293383104E-03
18272.00 0.280260159678E-03
18274.00 0.280226712320E-03
18276.00 0.280193488894E-03
18278.00 0.280160041536E-03
18280.00 0.280126818110E-03
18282.00 0.280093372448E-03
18284.00 0.280060147326E-03
18286.00 0.280026701664E-03
18288.00 0.279993478238E-03
18290.00 0.279960030880E-03
18292.00 0.279926807454E-03
18294.00 0.279893584029E-03
18296.00 0.279860136670E-03
18298.00 0.279826691009E-03
18300.00 0.279793465886E-03
18302.00 0.279760020224E-03
18304.00 0.279726796799E-03
18306.00 0.279693573373E-03
18308.00 0.279660126015E-03
18310.00 0.279626902589E-03
18312.00 0.279593455230E-03
18314.00 0.279560231805E-03
18316.00 0.279526784446E-03
18318.00 0.279493561021E-03
18320.00 0.279460115359E-03
18322.00 0.279426891933E-03
18324.00 0.279393444575E-03
18326.00 0.279360221149E-03
18328.00 0.279326773791E-03
18330.00 0.279293550365E-03
18332.00 0.279260103007E-03
18334.00 0.279226879581E-03
18336.00 0.279193433919E-03
18338.00 0.279160210493E-03
18340.00 0.279126763135E-03
18342.00 0.279093539709E-03
18344.00 0.279060092351E-03
18346.00 0.279026868925E-03
18348.00 0.278993421567E-03
18350.00 0.278960198141E-03
18352.00 0.278926752479E-03
18354.00 0.278893527357E-03
18356.00 0.278860081695E-03
18358.00 0.278826858269E-03
18360.00 0.278793410911E-03
18362.00 0.278760187485E-03
18364.00 0.278726740127E-03
18366.00 0.278693516701E-03
18368.00 0.278660071039E-03
18370.00 0.278626845917E-03
18372.00 0.278593400255E-03
18374.00 0.278560176829E-03
18376.00 0.278526729471E-03
18378.00 0.278493506045E-03
18380.00 0.278460058687E-03
18382.00 0.278426835261E-03
18384.00 0.278393389599E-03
18386.00 0.278360164477E-03
18388.00 0.278326941051E-03
18390.00 0.278293495389E-03
18392.00 0.278260271964E-03
18394.00 0.278226824605E-03
18396.00 0.278193601180E-03
18398.00 0.278160153821E-03
18400.00 0.278126930396E-03
18402.00 0.278093483037E-03
18404.00 0.278060259611E-03
18406.00 0.278026813950E-03
18408.00 0.277993590524E-03
18410.00 0.277960143166E-03
18412.00 0.277926919740E-03
18414.00 0.277893472382E-03
18416.00 0.277860248956E-03
18418.00 0.277826801597E-03
18420.00 0.277793578172E-03
18422.00 0.277760132510E-03
18424.00 0.277726907388E-03
18426.00 0.277693461726E-03
18428.00 0.277660238300E-03
18430.00 0.277626790942E-03
18432.00 0.277593567516E-03
18434.00 0.277560120158E-03
18436.00 0.277526896732E-03
18438.00 0.277493451070E-03
18440.00 0.277460225948E-03
18442.00 0.277426780286E-03
18444.00 0.277393556860E-03
18446.00 0.277360109502E-03
18448.00 0.277326886076E-03
18450.00 0.277293438718E-03
18452.00 0.277260215292E-03
18454.00 0.277226769630E-03
18456.00 0.277193544508E-03
18458.00 0.277160098846E-03
18460.00 0.277126875420E-03
18462.00 0.277093428062E-03
18464.00 0.277060204636E-03
18466.00 0.277026981210E-03
18468.00 0.276993533852E-03
18470.00 0.276960310426E-03
18472.00 0.276926863068E-03
18474.00 0.276893639642E-03
18476.00 0.276860193980E-03
18478.00 0.276826970555E-03
18480.00 0.276793523196E-03
18482.00 0.276760299770E-03
18484.00 0.276726852412E-03
18486.00 0.276693628986E-03
18488.00 0.276660181628E-03
18490.00 0.276626958202E-03
18492.00 0.276593512541E-03
18494.00 0.276560287418E-03
18496.00 0.276526841756E-03
18498.00 0.276493618331E-03
18500.00 0.276460170972E-03
18502.00 0.276426947547E-03
18504.00 0.276393500188E-03
18506.00 0.276360276763E-03
18508.00 0.276326831101E-03
18510.00 0.276293605978E-03
18512.00 0.276260160317E-03
18514.00 0.276226936891E-03
18516.00 0.276193489533E-03
18518.00 0.276160266107E-03
18520.00 0.276126818749E-03
18522.00 0.276093595323E-03
18524.00 0.276060149661E-03
18526.00 0.276026924539E-03
18528.00 0.275993478877E-03
18530.00 0.275960255451E-03
18532.00 0.275926808093E-03
18534.00 0.275893584667E-03
18536.00 0.275860137309E-03
18538.00 0.275826913883E-03
18540.00 0.275793468221E-03
18542.00 0.275760243099E-03
18544.00 0.275726797437E-03
18546.00 0.275693574011E-03
18548.00 0.275660348889E-03
18550.00 0.275626903227E-03
18552.00 0.275593679801E-03
18554.00 0.275560232443E-03
18556.00 0.275526786781E-03
18558.00 0.275493561659E-03
18560.00 0.275460338233E-03
18562.00 0.275426892571E-03
18564.00 0.275393667449E-03
18566.00 0.275360221787E-03
18568.00 0.275326998361E-03
18570.00 0.275293551003E-03
18572.00 0.275260327577E-03
18574.00 0.275226880219E-03
18576.00 0.275193656793E-03
18578.00 0.275160211131E-03
18580.00 0.275126986009E-03
18582.00 0.275093540347E-03
18584.00 0.275060316922E-03
18586.00 0.275026869563E-03
18588.00 0.274993646137E-03
18590.00 0.274960198779E-03
18592.00 0.274926975353E-03
18594.00 0.274893529692E-03
18596.00 0.274860304569E-03
18598.00 0.274826858908E-03
18600.00 0.274793635482E-03
18602.00 0.274760188123E-03
18604.00 0.274726964698E-03
18606.00 0.274693517339E-03
18608.00 0.274660293914E-03
18610.00 0.274626848252E-03
18612.00 0.274593623129E-03
18614.00 0.274560177468E-03
18616.00 0.274526954042E-03
18618.00 0.274493506684E-03
18620.00 0.274460283258E-03
18622.00 0.274426835900E-03
18624.00 0.274393612474E-03
18626.00 0.274360389048E-03
18628.00 0.274326941690E-03
18630.00 0.274293718264E-03
18632.00 0.274260272602E-03
18634.00 0.274227047480E-03
18636.00 0.274193601818E-03
18638.00 0.274160154460E-03
18640.00 0.274126931034E-03
18642.00 0.274093707608E-03
18644.00 0.274060260250E-03
18646.00 0.274027036824E-03
18648.00 0.273993591162E-03
18650.00 0.273960366040E-03
18652.00 0.273926920378E-03
18654.00 0.273893696952E-03
18656.00 0.273860249594E-03
18658.00 0.273827026168E-03
18660.00 0.273793578810E-03
18662.00 0.273760355384E-03
18664.00 0.273726909722E-03
18666.00 0.273693684600E-03
18668.00 0.273660238938E-03
18670.00 0.273627015512E-03
18672.00 0.273593568154E-03
18674.00 0.273560344728E-03
18676.00 0.273526897370E-03
18678.00 0.273493673944E-03
18680.00 0.273460228283E-03
18682.00 0.273427003160E-03
18684.00 0.273393557498E-03
18686.00 0.273360334073E-03
18688.00 0.273326886714E-03
18690.00 0.273293663289E-03
18692.00 0.273260215930E-03
18694.00 0.273226992504E-03
18696.00 0.273193546843E-03
18698.00 0.273160321720E-03
18700.00 0.273126876059E-03
18702.00 0.273093652633E-03
18704.00 0.273060205275E-03
18706.00 0.273026981849E-03
18708.00 0.272993758423E-03
18710.00 0.272960311065E-03
18712.00 0.272927087639E-03
18714.00 0.272893640281E-03
18716.00 0.272860194619E-03
18718.00 0.272826971193E-03
18720.00 0.272793523835E-03
18722.00 0.272760300409E-03
18724.00 0.272727076983E-03
18726.00 0.272693629625E-03
18728.00 0.272660406199E-03
18730.00 0.272626958841E-03
18732.00 0.272593735415E-03
18734.00 0.272560289753E-03
18736.00 0.272527064631E-03
18738.00 0.272493618969E-03
18740.00 0.272460395543E-03
18742.00 0.272426948185E-03
18744.00 0.272393724759E-03
18746.00 0.272360277401E-03
18748.00 0.272327053975E-03
18750.00 0.272293608313E-03
18752.00 0.272260383191E-03
18754.00 0.272226937529E-03
18756.00 0.272193714103E-03
18758.00 0.272160266745E-03
18760.00 0.272127043319E-03
18762.00 0.272093595961E-03
18764.00 0.272060372535E-03
18766.00 0.272026926873E-03
18768.00 0.271993701751E-03
18770.00 0.271960256089E-03
18772.00 0.271927032664E-03
18774.00 0.271893585305E-03
18776.00 0.271860361879E-03
18778.00 0.271826914521E-03
18780.00 0.271793691095E-03
18782.00 0.271760245434E-03
18784.00 0.271727020311E-03
18786.00 0.271693574650E-03
18788.00 0.271660351224E-03
18790.00 0.271627126101E-03
18792.00 0.271593680440E-03
18794.00 0.271560457014E-03
18796.00 0.271527009656E-03
18798.00 0.271493562297E-03
18800.00 0.271460338871E-03
18802.00 0.271426893210E-03
18804.00 0.271393669784E-03
18806.00 0.271360444662E-03
18808.00 0.271326999000E-03
18810.00 0.271293775574E-03
18812.00 0.271260328216E-03
18814.00 0.271227104790E-03
18816.00 0.271193657432E-03
18818.00 0.271160434006E-03
18820.00 0.271126988344E-03
18822.00 0.271093763222E-03
18824.00 0.271060317560E-03
18826.00 0.271027094134E-03
18828.00 0.270993646776E-03
18830.00 0.270960423350E-03
18832.00 0.270926975992E-03
18834.00 0.270893752566E-03
18836.00 0.270860306904E-03
18838.00 0.270827081782E-03
18840.00 0.270793636120E-03
18842.00 0.270760412694E-03
18844.00 0.270726965336E-03
18846.00 0.270693741910E-03
18848.00 0.270660294552E-03
18850.00 0.270627071126E-03
18852.00 0.270593623768E-03
18854.00 0.270560400342E-03
18856.00 0.270526954680E-03
18858.00 0.270493731254E-03
18860.00 0.270460283896E-03
18862.00 0.270427060470E-03
18864.00 0.270393613112E-03
18866.00 0.270360389686E-03
18868.00 0.270326942328E-03
18870.00 0.270293718902E-03
18872.00 0.270260495476E-03
18874.00 0.270227049815E-03
18876.00 0.270193602456E-03
18878.00 0.270160379031E-03
18880.00 0.270126931672E-03
18882.00 0.270093708246E-03
18884.00 0.270060260888E-03
18886.00 0.270027037462E-03
18888.00 0.269993814037E-03
18890.00 0.269960368375E-03
18892.00 0.269927143252E-03
18894.00 0.269893697591E-03
18896.00 0.269860474165E-03
18898.00 0.269827026807E-03
18900.00 0.269793803381E-03
18902.00 0.269760356023E-03
18904.00 0.269727132597E-03
18906.00 0.269693686935E-03
18908.00 0.269660461813E-03
18910.00 0.269627016151E-03
18912.00 0.269593792725E-03
18914.00 0.269560345367E-03
18916.00 0.269527121941E-03
18918.00 0.269493674583E-03
18920.00 0.269460451157E-03
18922.00 0.269427003799E-03
18924.00 0.269393780373E-03
18926.00 0.269360334711E-03
18928.00 0.269327111285E-03
18930.00 0.269293663927E-03
18932.00 0.269260440501E-03
18934.00 0.269226993143E-03
18936.00 0.269193769717E-03
18938.00 0.269160322359E-03
18940.00 0.269127098933E-03
18942.00 0.269093653271E-03
18944.00 0.269060429845E-03
18946.00 0.269026982487E-03
18948.00 0.268993759061E-03
18950.00 0.268960311703E-03
18952.00 0.268927088277E-03
18954.00 0.268893864851E-03
18956.00 0.268860417493E-03
18958.00 0.268826971831E-03
18960.00 0.268793748405E-03
18962.00 0.268760301047E-03
18964.00 0.268727077621E-03
18966.00 0.268693854196E-03
18968.00 0.268660406837E-03
18970.00 0.268627183412E-03
18972.00 0.268593736053E-03
18974.00 0.268560512627E-03
18976.00 0.268527066966E-03
18978.00 0.268493841843E-03
18980.00 0.268460396182E-03
18982.00 0.268427172756E-03
18984.00 0.268393725397E-03
18986.00 0.268360501972E-03
18988.00 0.268327054613E-03
18990.00 0.268293831188E-03
18992.00 0.268260383829E-03
18994.00 0.268227160404E-03
18996.00 0.268193714742E-03
18998.00 0.268160491316E-03
19000.00 0.268127043958E-03
19002.00 0.268093820532E-03
19004.00 0.268060373174E-03
19006.00 0.268027149748E-03
19008.00 0.267993702390E-03
19010.00 0.267960478964E-03
19012.00 0.267927033302E-03
19014.00 0.267893809876E-03
19016.00 0.267860362518E-03
19018.00 0.267827139092E-03
19020.00 0.267793691734E-03
19022.00 0.267760468308E-03
19024.00 0.267727020950E-03
19026.00 0.267693797524E-03
19028.00 0.267660351862E-03
19030.00 0.267627128436E-03
19032.00 0.267593681078E-03
19034.00 0.267560457652E-03
19036.00 0.267527234226E-03
19038.00 0.267493786868E-03
19040.00 0.267460339510E-03
19042.00 0.267427116084E-03
19044.00 0.267393670422E-03
19046.00 0.267360446996E-03
19048.00 0.267327221874E-03
19050.00 0.267293776212E-03
19052.00 0.267260552786E-03
19054.00 0.267227105428E-03
19056.00 0.267193882002E-03
19058.00 0.267160434644E-03
19060.00 0.267127211218E-03
19062.00 0.267093763860E-03
19064.00 0.267060540434E-03
19066.00 0.267027094772E-03
19068.00 0.266993871347E-03
19070.00 0.266960423988E-03
19072.00 0.266927200563E-03
19074.00 0.266893753204E-03
19076.00 0.266860529778E-03
19078.00 0.266827082420E-03
19080.00 0.266793858994E-03
19082.00 0.266760413333E-03
19084.00 0.266727189907E-03
19086.00 0.266693742549E-03
19088.00 0.266660519123E-03
19090.00 0.266627071764E-03
19092.00 0.266593848339E-03
19094.00 0.266560400980E-03
19096.00 0.266527177555E-03
19098.00 0.266493731893E-03
19100.00 0.266460508467E-03
19102.00 0.266427061109E-03
19104.00 0.266393837683E-03
19106.00 0.266360390325E-03
19108.00 0.266327166899E-03
19110.00 0.266293719541E-03
19112.00 0.266260496115E-03
19114.00 0.266227050453E-03
19116.00 0.266193825331E-03
19118.00 0.266160379669E-03
19120.00 0.266127156243E-03
19122.00 0.266093708885E-03
19124.00 0.266060485459E-03
19126.00 0.266027262033E-03
19128.00 0.265993814675E-03
19130.00 0.265960591249E-03
19132.00 0.265927143891E-03
19134.00 0.265893920465E-03
19136.00 0.265860474803E-03
19138.00 0.265827251377E-03
19140.00 0.265793804019E-03
19142.00 0.265760580593E-03
19144.00 0.265727133235E-03
19146.00 0.265693909809E-03
19148.00 0.265660462451E-03
19150.00 0.265627239025E-03
19152.00 0.265593793363E-03
19154.00 0.265560569938E-03
19156.00 0.265527122579E-03
19158.00 0.265493899153E-03
19160.00 0.265460451795E-03
19162.00 0.265427228369E-03
19164.00 0.265393781011E-03
19166.00 0.265360557585E-03
19168.00 0.265327111924E-03
19170.00 0.265293888498E-03
19172.00 0.265260441139E-03
19174.00 0.265227217714E-03
19176.00 0.265193770355E-03
19178.00 0.265160546930E-03
19180.00 0.265127099571E-03
19182.00 0.265093876145E-03
19184.00 0.265060430484E-03
19186.00 0.265027205361E-03
19188.00 0.264993759700E-03
19190.00 0.264960536274E-03
19192.00 0.264927088916E-03
19194.00 0.264893865490E-03
19196.00 0.264860418131E-03
19198.00 0.264827194706E-03
19200.00 0.264793749044E-03
19202.00 0.264760523922E-03
19204.00 0.264727078260E-03
19206.00 0.264693854834E-03
19208.00 0.264660631408E-03
19210.00 0.264627184050E-03
19212.00 0.264593960624E-03
19214.00 0.264560513266E-03
19216.00 0.264527067604E-03
19218.00 0.264493842482E-03
19220.00 0.264460619056E-03
19222.00 0.264427173394E-03
19224.00 0.264393949968E-03
19226.00 0.264360502610E-03
19228.00 0.264327279184E-03
19230.00 0.264293831826E-03
19232.00 0.264260608400E-03
19234.00 0.264227161042E-03
19236.00 0.264193937616E-03
19238.00 0.264160491954E-03
19240.00 0.264127268528E-03
19242.00 0.264093821170E-03
19244.00 0.264060597744E-03
19246.00 0.264027150386E-03
19248.00 0.263993926960E-03
19250.00 0.263960479602E-03
19252.00 0.263927256176E-03
19254.00 0.263893810514E-03
19256.00 0.263860585392E-03
19258.00 0.263827139730E-03
19260.00 0.263793916305E-03
19262.00 0.263760468946E-03
19264.00 0.263727245520E-03
19266.00 0.263693798162E-03
19268.00 0.263660574736E-03
19270.00 0.263627129075E-03
19272.00 0.263593903952E-03
19274.00 0.263560458291E-03
19276.00 0.263527234865E-03
19278.00 0.263493787506E-03
19280.00 0.263460564081E-03
19282.00 0.263427116722E-03
19284.00 0.263393893297E-03
19286.00 0.263360447635E-03
19288.00 0.263327222512E-03
19290.00 0.263293999087E-03
19292.00 0.263260553425E-03
19294.00 0.263227329999E-03
19296.00 0.263193882641E-03
19298.00 0.263160435283E-03
19300.00 0.263127211857E-03
19302.00 0.263093988431E-03
19304.00 0.263060541073E-03
19306.00 0.263027317647E-03
19308.00 0.262993871985E-03
19310.00 0.262960646863E-03
19312.00 0.262927201201E-03
19314.00 0.262893977775E-03
19316.00 0.262860530417E-03
19318.00 0.262827306991E-03
19320.00 0.262793859633E-03
19322.00 0.262760636207E-03
19324.00 0.262727190545E-03
19326.00 0.262693965423E-03
19328.00 0.262660519761E-03
19330.00 0.262627296335E-03
19332.00 0.262593848977E-03
19334.00 0.262560625551E-03
19336.00 0.262527178193E-03
19338.00 0.262493954767E-03
19340.00 0.262460509105E-03
19342.00 0.262427283983E-03
19344.00 0.262393838321E-03
19346.00 0.262360614895E-03
19348.00 0.262327167537E-03
19350.00 0.262293944111E-03
19352.00 0.262260496753E-03
19354.00 0.262227273327E-03
19356.00 0.262193827666E-03
19358.00 0.262160602543E-03
19360.00 0.262127156881E-03
19362.00 0.262093933456E-03
19364.00 0.262060486097E-03
19366.00 0.262027262672E-03
19368.00 0.261994039246E-03
19370.00 0.261960591887E-03
19372.00 0.261927368462E-03
19374.00 0.261893921103E-03
19376.00 0.261860475442E-03
19378.00 0.261827252016E-03
19380.00 0.261793804658E-03
19382.00 0.261760581232E-03
19384.00 0.261727357806E-03
19386.00 0.261693910448E-03
19388.00 0.261660687022E-03
19390.00 0.261627239664E-03
19392.00 0.261594016238E-03
19394.00 0.261560570576E-03
19396.00 0.260257041388E-03
19398.00 0.257869394358E-03
19400.00 0.249542734239E-03
19402.00 0.239088641634E-03
19404.00 0.234677918010E-03
19406.00 0.232356049426E-03
19408.00 0.241061548887E-03
19410.00 0.249870065735E-03
19412.00 0.258890410763E-03
19414.00 0.263927033940E-03
19416.00 0.265353646217E-03
19418.00 0.262592734404E-03
19420.00 0.258218355688E-03
19422.00 0.249528463638E-03
19424.00 0.240577242472E-03
19426.00 0.232528188980E-03
19428.00 0.225845988350E-03
19430.00 0.222156174387E-03
19432.00 0.219800502189E-03
19434.00 0.218722627311E-03
19436.00 0.216457528985E-03
19438.00 0.213702771920E-03
19440.00 0.217022556246E-03
19442.00 0.221560845000E-03
19444.00 0.231169138128E-03
19446.00 0.236882498603E-03
19448.00 0.233520884722E-03
19450.00 0.229957699445E-03
19452.00 0.226191158097E-03
19454.00 0.228428517645E-03
19456.00 0.233303705916E-03
19458.00 0.238650044573E-03
19460.00 0.243367363891E-03
19462.00 0.241137361881E-03
19464.00 0.240074203772E-03
19466.00 0.241900837360E-03
19468.00 0.243096222465E-03
19470.00 0.243621557707E-03
19472.00 0.241780429585E-03
19474.00 0.238839576210E-03
19476.00 0.240435651030E-03
19478.00 0.242583150914E-03
19480.00 0.243932165524E-03
19482.00 0.244013553077E-03
19484.00 0.240764319335E-03
19486.00 0.238725633634E-03
19488.00 0.238032841061E-03
19490.00 0.238522055328E-03
19492.00 0.239591680334E-03
19494.00 0.238466311428E-03
19496.00 0.236993095764E-03
19498.00 0.235299133643E-03
19500.00 0.233385760177E-03
19502.00 0.230861875725E-03
19504.00 0.228106760708E-03
19506.00 0.225082959039E-03
19508.00 0.225383532309E-03
19510.00 0.227397690625E-03
19512.00 0.232770341339E-03
19514.00 0.238619718696E-03
19516.00 0.243101573092E-03
19518.00 0.246087693045E-03
19520.00 0.244665540755E-03
19522.00 0.242932778953E-03
19524.00 0.240822294077E-03
19526.00 0.241819227570E-03
19528.00 0.244491840461E-03
19530.00 0.246262061744E-03
19532.00 0.247621779304E-03
19534.00 0.243818893049E-03
19536.00 0.241227667712E-03
19538.00 0.242397633096E-03
19540.00 0.242803452900E-03
19542.00 0.242242663390E-03
19544.00 0.239242050599E-03
19546.00 0.234868564219E-03
19548.00 0.235937741360E-03
19550.00 0.238038639554E-03
19552.00 0.239676411606E-03
19554.00 0.240468652220E-03
19556.00 0.238503770908E-03
19558.00 0.237795370925E-03
19560.00 0.238735890417E-03
19562.00 0.240636330090E-03
19564.00 0.243098451610E-03
19566.00 0.242016562912E-03
19568.00 0.240203307589E-03
19570.00 0.238330962950E-03
19572.00 0.237319312687E-03
19574.00 0.239251638977E-03
19576.00 0.240380351601E-03
19578.00 0.240419373519E-03
19580.00 0.237295899876E-03
19582.00 0.232258608294E-03
19584.00 0.233874306040E-03
19586.00 0.237023197708E-03
19588.00 0.244477347623E-03
19590.00 0.250981610208E-03
19592.00 0.254084124118E-03
19594.00 0.254215457080E-03
19596.00 0.250188255021E-03
19598.00 0.246105085129E-03
19600.00 0.241986907137E-03
19602.00 0.242549703556E-03
19604.00 0.244198400795E-03
19606.00 0.246875027504E-03
19608.00 0.248803786144E-03
19610.00 0.247937071041E-03
19612.00 0.245880547089E-03
19614.00 0.242108207249E-03
19616.00 0.239675519269E-03
19618.00 0.238104418001E-03
19620.00 0.235684215949E-03
19622.00 0.233083848402E-03
19624.00 0.234353037895E-03
19626.00 0.235684215949E-03
19628.00 0.237256655722E-03
19630.00 0.237819005973E-03
19632.00 0.236886958590E-03
19634.00 0.236319033779E-03
19636.00 0.235991256115E-03
19638.00 0.238638673217E-03
19640.00 0.242026151291E-03
19642.00 0.244580363315E-03
19644.00 0.246600986831E-03
19646.00 0.246471883014E-03
19648.00 0.247201690596E-03
19650.00 0.249231011850E-03
19652.00 0.249750104128E-03
19654.00 0.249249518506E-03
19656.00 0.251631367044E-03
19658.00 0.254754840688E-03
19660.00 0.254139645783E-03
19662.00 0.253408055224E-03
19664.00 0.252278894735E-03
19666.00 0.250590283242E-03
19668.00 0.248035180577E-03
19670.00 0.246204755406E-03
19672.00 0.244873355116E-03
19674.00 0.248371654283E-03
19676.00 0.253145387603E-03
19678.00 0.252602436345E-03
19680.00 0.251912543018E-03
19682.00 0.250819282965E-03
19684.00 0.249975980673E-03
19686.00 0.249527349065E-03
19688.00 0.249477624196E-03
19690.00 0.249707738492E-03
19692.00 0.250470545567E-03
19694.00 0.251377619397E-03
19696.00 0.252337761814E-03
19698.00 0.252732208566E-03
19700.00 0.250638223437E-03
19702.00 0.248254145754E-03
19704.00 0.245406941928E-03
19706.00 0.243967619791E-03
19708.00 0.243531474111E-03
19710.00 0.242164843486E-03
19712.00 0.240541342036E-03
19714.00 0.241211836370E-03
19716.00 0.240919289041E-03
19718.00 0.236127719165E-03
19720.00 0.231911877806E-03
19722.00 0.228627413728E-03
19724.00 0.228534432583E-03
19726.00 0.230738122536E-03
19728.00 0.230602105654E-03
19730.00 0.229808750467E-03
19732.00 0.230547252394E-03
19734.00 0.231912100042E-03
19736.00 0.235992148452E-03
19738.00 0.240589059995E-03
19740.00 0.246031279044E-03
19742.00 0.247981665822E-03
19744.00 0.247393673614E-03
19746.00 0.246757295043E-03
19748.00 0.246107092038E-03
19750.00 0.245300804754E-03
19752.00 0.245239038429E-03
19754.00 0.248632538927E-03
19756.00 0.251622224834E-03
19758.00 0.253947883304E-03
19760.00 0.253776637783E-03
19762.00 0.251780986123E-03
19764.00 0.251464579814E-03
19766.00 0.251629137899E-03
19768.00 0.246852283097E-03
19770.00 0.241274715571E-03
19772.00 0.232518376669E-03
19774.00 0.225401594493E-03
19776.00 0.220996199442E-03
19778.00 0.221462579389E-03
19780.00 0.225508624003E-03
19782.00 0.231440279555E-03
19784.00 0.237914440196E-03
19786.00 0.235415081431E-03
19788.00 0.232578580557E-03
19790.00 0.229160330439E-03
19792.00 0.228484261545E-03
19794.00 0.232345346475E-03
19796.00 0.237661583189E-03
19798.00 0.244047444907E-03
19800.00 0.246754619729E-03
19802.00 0.248403094732E-03
19804.00 0.248274437083E-03
19806.00 0.247961598425E-03
19808.00 0.246988968383E-03
19810.00 0.245344731131E-03
19812.00 0.242588055373E-03
19814.00 0.240362959518E-03
19816.00 0.238528076056E-03
19818.00 0.240653499938E-03
19820.00 0.243915443541E-03
19822.00 0.243214623330E-03
19824.00 0.242998781332E-03
19826.00 0.245459118179E-03
19828.00 0.247291104091E-03
19830.00 0.248087134591E-03
19832.00 0.248560961988E-03
19834.00 0.248799326157E-03
19836.00 0.248582591822E-03
19838.00 0.248235861334E-03
19840.00 0.244117237174E-03
19842.00 0.240189036987E-03
19844.00 0.237505722842E-03
19846.00 0.235408838467E-03
19848.00 0.234271428105E-03
19850.00 0.232540006504E-03
19852.00 0.230377789850E-03
19854.00 0.228790411071E-03
19856.00 0.227364913367E-03
19858.00 0.224850839530E-03
19860.00 0.222988973910E-03
19862.00 0.224168303740E-03
19864.00 0.228213567983E-03
19866.00 0.236903682269E-03
19868.00 0.241988021710E-03
19870.00 0.244486934305E-03
19872.00 0.245984453421E-03
19874.00 0.247203697505E-03
19876.00 0.247969626062E-03
19878.00 0.247906969097E-03
19880.00 0.244194388673E-03
19882.00 0.243038916126E-03
19884.00 0.245977318120E-03
19886.00 0.243921016404E-03
19888.00 0.238325166155E-03
19890.00 0.237011157948E-03
19892.00 0.236862653442E-03
19894.00 0.237441058968E-03
19896.00 0.238464304518E-03
19898.00 0.241375279882E-03
19900.00 0.243518095847E-03
19902.00 0.244448806421E-03
19904.00 0.245003129034E-03
19906.00 0.245294784026E-03
19908.00 0.244576571733E-03
19910.00 0.243589448854E-03
19912.00 0.241186640581E-03
19914.00 0.238759080993E-03
19916.00 0.236285588118E-03
19918.00 0.235606173809E-03
19920.00 0.237709747317E-03
19922.00 0.236216910424E-03
19924.00 0.232253479903E-03
19926.00 0.230780934340E-03
19928.00 0.229954131795E-03
19930.00 0.224990646298E-03
19932.00 0.221707230631E-03
19934.00 0.225410736703E-03
19936.00 0.228664874905E-03
19938.00 0.231237815821E-03
19940.00 0.233461573171E-03
19942.00 0.235450981867E-03
19944.00 0.235018850006E-03
19946.00 0.233976651631E-03
19948.00 0.232165180981E-03
19950.00 0.231061886381E-03
19952.00 0.232773464518E-03
19954.00 0.233410957662E-03
19956.00 0.232454158963E-03
19958.00 0.230041093908E-03
19960.00 0.226670337817E-03
19962.00 0.227302256402E-03
19964.00 0.228886069227E-03
19966.00 0.227169362699E-03
19968.00 0.225282747459E-03
19970.00 0.222744456689E-03
19972.00 0.221676304208E-03
19974.00 0.222738994095E-03
19976.00 0.224152026229E-03
19978.00 0.225789352112E-03
19980.00 0.227703171747E-03
19982.00 0.229659355320E-03
19984.00 0.229880325710E-03
19986.00 0.229406276077E-03
19988.00 0.226369986783E-03
19990.00 0.225118857778E-03
19992.00 0.226387601103E-03
19994.00 0.225813433328E-03
19996.00 0.224091376173E-03
19998.00 0.221543720957E-03
20000.00 0.218848765720E-03
20002.00 0.218040025358E-03
20004.00 0.217342618421E-03
20006.00 0.217037807400E-03
20008.00 0.216974191936E-03
20010.00 0.217241273740E-03
20012.00 0.216299415743E-03
20014.00 0.214628286245E-03
20016.00 0.210728225201E-03
20018.00 0.206429569566E-03
20020.00 0.204762609961E-03
20022.00 0.203808376306E-03
20024.00 0.205259940081E-03
20026.00 0.207570391505E-03
20028.00 0.211016804516E-03
20030.00 0.212827472741E-03
20032.00 0.213683106584E-03
20034.00 0.213775195392E-03
20036.00 0.213694790087E-03
20038.00 0.213074264912E-03
20040.00 0.212299438435E-03
20042.00 0.211028890080E-03
20044.00 0.209437675610E-03
20046.00 0.207435311068E-03
20048.00 0.206571384940E-03
20050.00 0.206347291372E-03
20052.00 0.209293519125E-03
20054.00 0.212854119001E-03
20056.00 0.216854096309E-03
20058.00 0.220351771179E-03
20060.00 0.222311478295E-03
20062.00 0.223207937390E-03
20064.00 0.222795406400E-03
20066.00 0.222309805588E-03
20068.00 0.221784692582E-03
20070.00 0.223312737755E-03
20072.00 0.225137364434E-03
20074.00 0.225837516240E-03
20076.00 0.227309615635E-03
20078.00 0.231037805165E-03
20080.00 0.232633211581E-03
20082.00 0.231694697302E-03
20084.00 0.228764322946E-03
20086.00 0.224803343806E-03
20088.00 0.220936395918E-03
20090.00 0.217222142787E-03
20092.00 0.215553956643E-03
20094.00 0.214339330316E-03
20096.00 0.214382654451E-03
20098.00 0.215495135368E-03
20100.00 0.217821976269E-03
20102.00 0.217809064530E-03
20104.00 0.216644831477E-03
20106.00 0.217777982034E-03
20108.00 0.219024851234E-03
20110.00 0.217491187392E-03
20112.00 0.216806734605E-03
20114.00 0.218347467585E-03
20116.00 0.218718123216E-03
20118.00 0.217812075742E-03
20120.00 0.217170256631E-03
20122.00 0.216652703040E-03
20124.00 0.217428464265E-03
20126.00 0.218315849008E-03
20128.00 0.218570512742E-03
20130.00 0.218418062276E-03
20132.00 0.217256192388E-03
20134.00 0.218368115171E-03
20136.00 0.221840860597E-03
20138.00 0.221120285137E-03
20140.00 0.218538626125E-03
20142.00 0.219280451412E-03
20144.00 0.220258075825E-03
20146.00 0.219779586563E-03
20148.00 0.219391985018E-03
20150.00 0.219216679874E-03
20152.00 0.218840493792E-03
20154.00 0.218264853493E-03
20156.00 0.217905190908E-03
20158.00 0.217635900316E-03
20160.00 0.216644005302E-03
20162.00 0.216018485755E-03
20164.00 0.218949864414E-03
20166.00 0.220643180185E-03
20168.00 0.219608941589E-03
20170.00 0.219757178055E-03
20172.00 0.221022643823E-03
20174.00 0.221356420162E-03
20176.00 0.221323172985E-03
20178.00 0.221972307222E-03
20180.00 0.222513451752E-03
20182.00 0.221853392329E-03
20184.00 0.221705825964E-03
20186.00 0.222618830610E-03
20188.00 0.223013725226E-03
20190.00 0.222945091641E-03
20192.00 0.224558738369E-03
20194.00 0.226791413997E-03
20196.00 0.223905412186E-03
20198.00 0.221166220120E-03
20200.00 0.221690685080E-03
20202.00 0.222228217852E-03
20204.00 0.222791236507E-03
20206.00 0.223764937014E-03
20208.00 0.225086748925E-03
20210.00 0.225336484450E-03
20212.00 0.225218529752E-03
20214.00 0.224838574141E-03
20216.00 0.224605340060E-03
20218.00 0.225277172899E-03
20220.00 0.225650213749E-03
20222.00 0.225475622814E-03
20224.00 0.225739182771E-03
20226.00 0.226352148532E-03
20228.00 0.224945827584E-03
20230.00 0.222899202462E-03
20232.00 0.224982618660E-03
20234.00 0.226754176752E-03
20236.00 0.226144778643E-03
20238.00 0.225142494522E-03
20240.00 0.223464808216E-03
20242.00 0.223757133309E-03
20244.00 0.225530474377E-03
20246.00 0.226321822655E-03
20248.00 0.226826646029E-03
20250.00 0.226593410251E-03
20252.00 0.226544131550E-03
20254.00 0.227408393576E-03
20256.00 0.227984792192E-03
20258.00 0.228098733071E-03
20260.00 0.226666992403E-03
20262.00 0.224147344006E-03
20264.00 0.224445688130E-03
20266.00 0.225493014897E-03
20268.00 0.225211616687E-03
20270.00 0.224976151764E-03
20272.00 0.224964112004E-03
20274.00 0.224262177221E-03
20276.00 0.222523508353E-03
20278.00 0.222222777313E-03
20280.00 0.222869302397E-03
20282.00 0.221799967486E-03
20284.00 0.220345482411E-03
20286.00 0.221869447604E-03
20288.00 0.222938558583E-03
20290.00 0.222321176943E-03
20292.00 0.221108579580E-03
20294.00 0.219063204747E-03
20296.00 0.217905725292E-03
20298.00 0.217292447383E-03
20300.00 0.217430449121E-03
20302.00 0.217850761762E-03
20304.00 0.222733107387E-03
20306.00 0.226112223621E-03
20308.00 0.224446356535E-03
20310.00 0.224825642045E-03
20312.00 0.227872412054E-03
20314.00 0.226035966155E-03
20316.00 0.221419099181E-03
20318.00 0.222697631066E-03
20320.00 0.224991760871E-03
20322.00 0.224990200130E-03
20324.00 0.224821182058E-03
20326.00 0.224143998591E-03
20328.00 0.224082011727E-03
20330.00 0.224768337403E-03
20332.00 0.224717497962E-03
20334.00 0.224277116227E-03
20336.00 0.223705847699E-03
20338.00 0.223144165852E-03
20340.00 0.223055420762E-03
20342.00 0.222587770167E-03
20344.00 0.221075980450E-03
20346.00 0.220217739153E-03
20348.00 0.220098043890E-03
20350.00 0.221588293684E-03
20352.00 0.223861931977E-03
20354.00 0.224829433628E-03
20356.00 0.225333809136E-03
20358.00 0.222626746281E-03
20360.00 0.220975996328E-03
20362.00 0.221980222893E-03
20364.00 0.223147511266E-03
20366.00 0.224486270789E-03
20368.00 0.224563866760E-03
20370.00 0.224080895458E-03
20372.00 0.219976275555E-03
20374.00 0.215849245448E-03
20376.00 0.215337912767E-03
20378.00 0.215419234159E-03
20380.00 0.216856325454E-03
20382.00 0.218277140935E-03
20384.00 0.219682191236E-03
20386.00 0.220086604676E-03
20388.00 0.220085780197E-03
20390.00 0.221409532856E-03
20392.00 0.222517129672E-03
20394.00 0.221120487016E-03
20396.00 0.220762941610E-03
20398.00 0.222576196934E-03
20400.00 0.222456547475E-03
20402.00 0.220609666665E-03
20404.00 0.220719037287E-03
20406.00 0.221547198695E-03
20408.00 0.221066101978E-03
20410.00 0.220659523858E-03
20412.00 0.221263415266E-03
20414.00 0.221363531712E-03
20416.00 0.220504866300E-03
20418.00 0.220414806454E-03
20420.00 0.220959652656E-03
20422.00 0.221358047064E-03
20424.00 0.221708167075E-03
20426.00 0.222926406857E-03
20428.00 0.223686670942E-03
20430.00 0.221850828982E-03
20432.00 0.220836389742E-03
20434.00 0.221250081109E-03
20436.00 0.221081666976E-03
20438.00 0.220473315581E-03
20440.00 0.219099793945E-03
20442.00 0.217501221939E-03
20444.00 0.218234373239E-03
20446.00 0.218909193540E-03
20448.00 0.219075000217E-03
20450.00 0.218920654807E-03
20452.00 0.218256871660E-03
20454.00 0.218503485702E-03
20456.00 0.219382018330E-03
20458.00 0.219649011918E-03
20460.00 0.219758002533E-03
20462.00 0.218249134116E-03
20464.00 0.216976867249E-03
20466.00 0.216636981967E-03
20468.00 0.216617939231E-03
20470.00 0.217064697949E-03
20472.00 0.216280887033E-03
20474.00 0.214717611524E-03
20476.00 0.215598909377E-03
20478.00 0.216983980496E-03
20480.00 0.216373802016E-03
20482.00 0.215864876608E-03
20484.00 0.215701568813E-03
20486.00 0.215427506086E-03
20488.00 0.215007193445E-03
20490.00 0.213388240197E-03
20492.00 0.211081266512E-03
20494.00 0.210455256689E-03
20496.00 0.210246750174E-03
20498.00 0.212133275501E-03
20500.00 0.213449002219E-03
20502.00 0.213049357521E-03
20504.00 0.213359943284E-03
20506.00 0.214524468128E-03
20508.00 0.213304243492E-03
20510.00 0.210847006073E-03
20512.00 0.211655880455E-03
20514.00 0.212809924584E-03
20516.00 0.211593869840E-03
20518.00 0.211354190916E-03
20520.00 0.213717376724E-03
20522.00 0.214401205215E-03
20524.00 0.213244999799E-03
20526.00 0.212320421919E-03
20528.00 0.211503453739E-03
20530.00 0.210771483174E-03
20532.00 0.210179945369E-03
20534.00 0.210874990838E-03
20536.00 0.211179399799E-03
20538.00 0.210559632940E-03
20540.00 0.210950289806E-03
20542.00 0.212345373418E-03
20544.00 0.212603022917E-03
20546.00 0.212386690643E-03
20548.00 0.212299126287E-03
20550.00 0.212021453498E-03
20552.00 0.210196758961E-03
20554.00 0.209435178425E-03
20556.00 0.210918180952E-03
20558.00 0.211333433060E-03
20560.00 0.210785665559E-03
20562.00 0.210489684600E-03
20564.00 0.210286172456E-03
20566.00 0.209966800739E-03
20568.00 0.210002210899E-03
20570.00 0.212241443335E-03
20572.00 0.213220738759E-03
20574.00 0.211815444168E-03
20576.00 0.211360323610E-03
20578.00 0.211678579058E-03
20580.00 0.211354346990E-03
20582.00 0.210823705228E-03
20584.00 0.210577827448E-03
20586.00 0.210776857551E-03
20588.00 0.213140555690E-03
20590.00 0.214089014603E-03
20592.00 0.212652391530E-03
20594.00 0.211290887600E-03
20596.00 0.209984528721E-03
20598.00 0.208504958127E-03
20600.00 0.206977203048E-03
20602.00 0.203527090063E-03
20604.00 0.201442002854E-03
20606.00 0.205188028940E-03
20608.00 0.207587249204E-03
20610.00 0.207948428422E-03
20612.00 0.209405052731E-03
20614.00 0.211581450074E-03
20616.00 0.210365597208E-03
20618.00 0.208397460394E-03
20620.00 0.209981273219E-03
20622.00 0.210136821417E-03
20624.00 0.205199312079E-03
20626.00 0.202635379353E-03
20628.00 0.203288125347E-03
20630.00 0.202772422591E-03
20632.00 0.201570972651E-03
20634.00 0.203157638917E-03
20636.00 0.205279875155E-03
20638.00 0.207114446468E-03
20640.00 0.208750747691E-03
20642.00 0.209778317513E-03
20644.00 0.209568986519E-03
20646.00 0.207855669513E-03
20648.00 0.207869739932E-03
20650.00 0.208786200262E-03
20652.00 0.208636202874E-03
20654.00 0.208435746049E-03
20656.00 0.209875134348E-03
20658.00 0.210515014409E-03
20660.00 0.209032145901E-03
20662.00 0.208785285872E-03
20664.00 0.209881957501E-03
20666.00 0.209706162081E-03
20668.00 0.208944515383E-03
20670.00 0.209051700968E-03
20672.00 0.208915483904E-03
20674.00 0.205475135729E-03
20676.00 0.204536421268E-03
20678.00 0.209394261564E-03
20680.00 0.210441120108E-03
20682.00 0.207782845677E-03
20684.00 0.207328617456E-03
20686.00 0.207763222752E-03
20688.00 0.208599501710E-03
20690.00 0.208901033478E-03
20692.00 0.205207405879E-03
20694.00 0.202400874624E-03
20696.00 0.201391007338E-03
20698.00 0.201283553713E-03
20700.00 0.201956881132E-03
20702.00 0.202803749378E-03
20704.00 0.203711047140E-03
20706.00 0.204798242357E-03
20708.00 0.205620250713E-03
20710.00 0.204916999479E-03
20712.00 0.204463441358E-03
20714.00 0.204454521384E-03
20716.00 0.204640195277E-03
20718.00 0.204975576464E-03
20720.00 0.205275057215E-03
20722.00 0.205563858766E-03
20724.00 0.205249839373E-03
20726.00 0.205045078636E-03
20728.00 0.205392923697E-03
20730.00 0.204808901200E-03
20732.00 0.202759288617E-03
20734.00 0.202840252056E-03
20736.00 0.204375900753E-03
20738.00 0.203940245349E-03
20740.00 0.203036695061E-03
20742.00 0.205405277301E-03
20744.00 0.207483497250E-03
20746.00 0.208483530171E-03
20748.00 0.209316553626E-03
20750.00 0.209917969903E-03
20752.00 0.209355997962E-03
20754.00 0.208094612174E-03
20756.00 0.208506608780E-03
20758.00 0.209169433430E-03
20760.00 0.207513399011E-03
20762.00 0.206622958948E-03
20764.00 0.208109418856E-03
20766.00 0.208625835821E-03
20768.00 0.207952888409E-03
20770.00 0.207937123229E-03
20772.00 0.208266015466E-03
20774.00 0.209082783464E-03
20776.00 0.209927334349E-03
20778.00 0.210081991907E-03
20780.00 0.210131068729E-03
20782.00 0.209900153705E-03
20784.00 0.209596525115E-03
20786.00 0.209214340359E-03
20788.00 0.208039158368E-03
20790.00 0.206501436600E-03
20792.00 0.207798699074E-03
20794.00 0.208980458231E-03
20796.00 0.206000672850E-03
20798.00 0.203362197776E-03
20800.00 0.201500177778E-03
20802.00 0.200377238200E-03
20804.00 0.199958420138E-03
20806.00 0.200290723951E-03
20808.00 0.200918450589E-03
20810.00 0.203714792919E-03
20812.00 0.206214307757E-03
20814.00 0.205576190316E-03
20816.00 0.204996670218E-03
20818.00 0.204532609328E-03
20820.00 0.205013594079E-03
20822.00 0.206288113842E-03
20824.00 0.206612546091E-03
20826.00 0.206620885877E-03
20828.00 0.206484422827E-03
20830.00 0.206037039812E-03
20832.00 0.204023728028E-03
20834.00 0.202292572771E-03
20836.00 0.201042984149E-03
20838.00 0.200599234946E-03
20840.00 0.200748117762E-03
20842.00 0.200749166173E-03
20844.00 0.200709251919E-03
20846.00 0.202097556486E-03
20848.00 0.203220094004E-03
20850.00 0.203179959210E-03
20852.00 0.203482785376E-03
20854.00 0.204295561610E-03
20856.00 0.204679795687E-03
20858.00 0.204788765945E-03
20860.00 0.205632848607E-03
20862.00 0.206607907976E-03
20864.00 0.206048144823E-03
20866.00 0.205546332662E-03
20868.00 0.205239448570E-03
20870.00 0.204885024646E-03
20872.00 0.204469126188E-03
20874.00 0.205099730018E-03
20876.00 0.206312127199E-03
20878.00 0.205233383734E-03
20880.00 0.203890410210E-03
20882.00 0.204925183191E-03
20884.00 0.205378430860E-03
20886.00 0.204202200458E-03
20888.00 0.203522920170E-03
20890.00 0.203404541358E-03
20892.00 0.203896831302E-03
20894.00 0.204681112138E-03
20896.00 0.203733233413E-03
20898.00 0.202708717215E-03
20900.00 0.203221276435E-03
20902.00 0.203283731522E-03
20904.00 0.202280020681E-03
20906.00 0.202142933334E-03
20908.00 0.202860029359E-03
20910.00 0.200847499642E-03
20912.00 0.197722175163E-03
20914.00 0.196016505788E-03
20916.00 0.194651680194E-03
20918.00 0.194790038187E-03
20920.00 0.195448492762E-03
20922.00 0.197159556872E-03
20924.00 0.199200741454E-03
20926.00 0.201524659358E-03
20928.00 0.200929577654E-03
20930.00 0.199337626922E-03
20932.00 0.201819035468E-03
20934.00 0.204088838071E-03
20936.00 0.204156891468E-03
20938.00 0.204094612813E-03
20940.00 0.203806325289E-03
20942.00 0.202817575507E-03
20944.00 0.201308327084E-03
20946.00 0.201809492894E-03
20948.00 0.202876194903E-03
20950.00 0.202272951542E-03
20952.00 0.201755107856E-03
20954.00 0.201682038034E-03
20956.00 0.201586535953E-03
20958.00 0.201457656068E-03
20960.00 0.200500188965E-03
20962.00 0.199010073190E-03
20964.00 0.200216984028E-03
20966.00 0.201979667950E-03
20968.00 0.201472327034E-03
20970.00 0.201127827387E-03
20972.00 0.201327815989E-03
20974.00 0.201547871988E-03
20976.00 0.201793839680E-03
20978.00 0.201905661683E-03
20980.00 0.201943635191E-03
20982.00 0.202432491505E-03
20984.00 0.202889909067E-03
20986.00 0.201614186516E-03
20988.00 0.200694424879E-03
20990.00 0.200754740733E-03
20992.00 0.201235815396E-03
20994.00 0.202183135987E-03
20996.00 0.202103220958E-03
20998.00 0.201542475556E-03
21000.00 0.202692461758E-03
21002.00 0.203624599053E-03
21004.00 0.200491068809E-03
21006.00 0.198601176013E-03
21008.00 0.199560626275E-03
21010.00 0.199900757544E-03
21012.00 0.199647320348E-03
21014.00 0.198884045051E-03
21016.00 0.197921093300E-03
21018.00 0.198782389918E-03
21020.00 0.199619449246E-03
21022.00 0.199341908781E-03
21024.00 0.199340526168E-03
21026.00 0.199875047729E-03
21028.00 0.199583972925E-03
21030.00 0.198611989234E-03
21032.00 0.199182345068E-03
21034.00 0.200250497548E-03
21036.00 0.198263809970E-03
21038.00 0.196402258195E-03
21040.00 0.195722821833E-03
21042.00 0.195544483423E-03
21044.00 0.196188333194E-03
21046.00 0.195784474495E-03
21048.00 0.194638703990E-03
21050.00 0.193018568311E-03
21052.00 0.191271135543E-03
21054.00 0.186745534595E-03
21056.00 0.182096937078E-03
21058.00 0.176980353068E-03
21060.00 0.174581424594E-03
21062.00 0.175996285509E-03
21064.00 0.178643590645E-03
21066.00 0.182033365722E-03
21068.00 0.187376850937E-03
21070.00 0.192937382636E-03
21072.00 0.194098740194E-03
21074.00 0.194985478586E-03
21076.00 0.195033909058E-03
21078.00 0.195281861606E-03
21080.00 0.195769089321E-03
21082.00 0.195380105163E-03
21084.00 0.194545030690E-03
21086.00 0.191889497735E-03
21088.00 0.189164530466E-03
21090.00 0.188798334823E-03
21092.00 0.188579749653E-03
21094.00 0.188730795452E-03
21096.00 0.188902755182E-03
21098.00 0.189096166617E-03
21100.00 0.191482475143E-03
21102.00 0.194802994034E-03
21104.00 0.195512352516E-03
21106.00 0.195624734350E-03
21108.00 0.193203663712E-03
21110.00 0.192102486291E-03
21112.00 0.193740950498E-03
21114.00 0.194444021907E-03
21116.00 0.194327850187E-03
21118.00 0.194176515989E-03
21120.00 0.194012872295E-03
21122.00 0.193307169680E-03
21124.00 0.192555065556E-03
21126.00 0.191710202523E-03
21128.00 0.191255728315E-03
21130.00 0.191480646361E-03
21132.00 0.191719477057E-03
21134.00 0.191968678197E-03
21136.00 0.190794744799E-03
21138.00 0.189221368582E-03
21140.00 0.190426496442E-03
21142.00 0.191145511161E-03
21144.00 0.189751788107E-03
21146.00 0.189372146341E-03
21148.00 0.190484025016E-03
21150.00 0.190913635941E-03
21152.00 0.190911941180E-03
21154.00 0.189903434453E-03
21156.00 0.188604545077E-03
21158.00 0.184916246051E-03
21160.00 0.181945066800E-03
21162.00 0.181272921812E-03
21164.00 0.181580810208E-03
21166.00 0.183107426964E-03
21168.00 0.185642662414E-03
21170.00 0.188712242992E-03
21172.00 0.190515241533E-03
21174.00 0.192060522716E-03
21176.00 0.192879743792E-03
21178.00 0.193757116042E-03
21180.00 0.194785758025E-03
21182.00 0.194458426529E-03
21184.00 0.192701027072E-03
21186.00 0.192202514521E-03
21188.00 0.192257345728E-03
21190.00 0.190504316346E-03
21192.00 0.188856107687E-03
21194.00 0.189619628970E-03
21196.00 0.190058672200E-03
21198.00 0.189807331826E-03
21200.00 0.188790129057E-03
21202.00 0.187087470895E-03
21204.00 0.186809238275E-03
21206.00 0.187042896471E-03
21208.00 0.185442517738E-03
21210.00 0.184314919686E-03
21212.00 0.186403776424E-03
21214.00 0.188200866203E-03
21216.00 0.189480892667E-03
21218.00 0.190507013713E-03
21220.00 0.191341463890E-03
21222.00 0.191729243563E-03
21224.00 0.191989437749E-03
21226.00 0.193055851360E-03
21228.00 0.193828893164E-03
21230.00 0.193342199833E-03
21232.00 0.192789882433E-03
21234.00 0.192140259616E-03
21236.00 0.190929489338E-03
21238.00 0.189363026185E-03
21240.00 0.190733358481E-03
21242.00 0.192671393351E-03
21244.00 0.192048883320E-03
21246.00 0.191795714165E-03
21248.00 0.192730860976E-03
21250.00 0.192539500557E-03
21252.00 0.190950404964E-03
21254.00 0.190716991058E-03
21256.00 0.191200050576E-03
21258.00 0.189688238805E-03
21260.00 0.188070133787E-03
21262.00 0.189177620333E-03
21264.00 0.190028302216E-03
21266.00 0.190220219072E-03
21268.00 0.190515909937E-03
21270.00 0.190920236858E-03
21272.00 0.192710391518E-03
21274.00 0.195101294051E-03
21276.00 0.193539511425E-03
21278.00 0.191762288861E-03
21280.00 0.191503747025E-03
21282.00 0.192054145732E-03
21284.00 0.194302676452E-03
21286.00 0.194241290134E-03
21288.00 0.192146436419E-03
21290.00 0.191455270748E-03
21292.00 0.191254813924E-03
21294.00 0.190835861842E-03
21296.00 0.190575935697E-03
21298.00 0.191225492351E-03
21300.00 0.191691449880E-03
21302.00 0.191841067263E-03
21304.00 0.192166191667E-03
21306.00 0.192620888111E-03
21308.00 0.192895753263E-03
21310.00 0.193121161585E-03
21312.00 0.191824367334E-03
21314.00 0.190868460972E-03
21316.00 0.191303200288E-03
21318.00 0.191051681787E-03
21320.00 0.189815113477E-03
21322.00 0.189386483104E-03
21324.00 0.189453578003E-03
21326.00 0.189888585360E-03
21328.00 0.190334763890E-03
21330.00 0.189144084759E-03
21332.00 0.188666665962E-03
21334.00 0.190375256637E-03
21336.00 0.191068025459E-03
21338.00 0.190544809092E-03
21340.00 0.190171030284E-03
21342.00 0.189872730267E-03
21344.00 0.189347551099E-03
21346.00 0.188608781132E-03
21348.00 0.185863590392E-03
21350.00 0.183046086450E-03
21352.00 0.180052118683E-03
21354.00 0.178662877671E-03
21356.00 0.178880102283E-03
21358.00 0.182104450689E-03
21360.00 0.186563718447E-03
21362.00 0.188626997694E-03
21364.00 0.189954898191E-03
21366.00 0.187704338507E-03
21368.00 0.186614467977E-03
21370.00 0.187814891560E-03
21372.00 0.187993808462E-03
21374.00 0.187321619367E-03
21376.00 0.188439764756E-03
21378.00 0.190140013949E-03
21380.00 0.189412036845E-03
21382.00 0.188573038466E-03
21384.00 0.187639586417E-03
21386.00 0.187316468922E-03
21388.00 0.187980384393E-03
21390.00 0.188496801358E-03
21392.00 0.188911273095E-03
21394.00 0.188840366256E-03
21396.00 0.188650300235E-03
21398.00 0.188657011422E-03
21400.00 0.188696923980E-03
21402.00 0.188855349370E-03
21404.00 0.188578613026E-03
21406.00 0.187719923863E-03
21408.00 0.187732813548E-03
21410.00 0.188242383610E-03
21412.00 0.187685942121E-03
21414.00 0.186966929099E-03
21416.00 0.186782257813E-03
21418.00 0.186292643182E-03
21420.00 0.184954843854E-03
21422.00 0.184098921614E-03
21424.00 0.183778591399E-03
21426.00 0.183137106490E-03
21428.00 0.182346404562E-03
21430.00 0.182450624739E-03
21432.00 0.182661584332E-03
21434.00 0.182857469203E-03
21436.00 0.182962982081E-03
21438.00 0.182868618323E-03
21440.00 0.182074260529E-03
21442.00 0.180635206432E-03
21444.00 0.180258239980E-03
21446.00 0.180274717672E-03
21448.00 0.179003431358E-03
21450.00 0.177900582927E-03
21452.00 0.178236744484E-03
21454.00 0.178923160073E-03
21456.00 0.180236700057E-03
21458.00 0.181200722273E-03
21460.00 0.181898353143E-03
21462.00 0.183099043070E-03
21464.00 0.184444403510E-03
21466.00 0.183540161068E-03
21468.00 0.182898029808E-03
21470.00 0.183463099481E-03
21472.00 0.183538890421E-03
21474.00 0.182896669249E-03
21476.00 0.182805203041E-03
21478.00 0.183059330694E-03
21480.00 0.182044737077E-03
21482.00 0.180788793525E-03
21484.00 0.180335501749E-03
21486.00 0.180092499464E-03
21488.00 0.180504339996E-03
21490.00 0.180716948546E-03
21492.00 0.180689345484E-03
21494.00 0.182034682173E-03
21496.00 0.184079208777E-03
21498.00 0.183929657556E-03
21500.00 0.183497415425E-03
21502.00 0.183514519111E-03
21504.00 0.183490882367E-03
21506.00 0.183368065622E-03
21508.00 0.183436119019E-03
21510.00 0.183693882181E-03
21512.00 0.183720104326E-03
21514.00 0.183652072983E-03
21516.00 0.182702365477E-03
21518.00 0.181702354609E-03
21520.00 0.180879343647E-03
21522.00 0.180538209772E-03
21524.00 0.181135188115E-03
21526.00 0.181814646532E-03
21528.00 0.182561666372E-03
21530.00 0.182814635345E-03
21532.00 0.182910605648E-03
21534.00 0.183068518709E-03
21536.00 0.182901217452E-03
21538.00 0.181226542358E-03
21540.00 0.180536939125E-03
21542.00 0.181396675002E-03
21544.00 0.181829229281E-03
21546.00 0.181974454535E-03
21548.00 0.182950228112E-03
21550.00 0.184064827906E-03
21552.00 0.181873423698E-03
21554.00 0.180520461432E-03
21556.00 0.182011825800E-03
21558.00 0.182511385065E-03
21560.00 0.181732234317E-03
21562.00 0.181116213237E-03
21564.00 0.180589139126E-03
21566.00 0.181133739341E-03
21568.00 0.181792684191E-03
21570.00 0.181558780009E-03
21572.00 0.181704763579E-03
21574.00 0.182842374123E-03
21576.00 0.182887973208E-03
21578.00 0.181779394142E-03
21580.00 0.180986707360E-03
21582.00 0.180331710166E-03
21584.00 0.181243333895E-03
21586.00 0.182073056044E-03
21588.00 0.181051727490E-03
21590.00 0.180578948505E-03
21592.00 0.181238605868E-03
21594.00 0.181715064470E-03
21596.00 0.182033409830E-03
21598.00 0.180572035440E-03
21600.00 0.178504094329E-03
21602.00 0.179155635838E-03
21604.00 0.179805728573E-03
21606.00 0.179824325141E-03
21608.00 0.179220567753E-03
21610.00 0.177587700160E-03
21612.00 0.176715412193E-03
21614.00 0.176380453424E-03
21616.00 0.176882555679E-03
21618.00 0.177590153238E-03
21620.00 0.177022474414E-03
21622.00 0.176232330621E-03
21624.00 0.174639599518E-03
21626.00 0.173865397338E-03
21628.00 0.174193264914E-03
21630.00 0.175537777125E-03
21632.00 0.177462856148E-03
21634.00 0.178118989969E-03
21636.00 0.178527284904E-03
21638.00 0.178632195539E-03
21640.00 0.178443155875E-03
21642.00 0.177449410025E-03
21644.00 0.176056735383E-03
21646.00 0.174228249263E-03
21648.00 0.172313538989E-03
21650.00 0.170359562506E-03
21652.00 0.169736384071E-03
21654.00 0.169238741803E-03
21656.00 0.168520419240E-03
21658.00 0.168531678629E-03
21660.00 0.170107217830E-03
21662.00 0.171407401603E-03
21664.00 0.172461819562E-03
21666.00 0.173325835602E-03
21668.00 0.174122536204E-03
21670.00 0.176162938719E-03
21672.00 0.177659299154E-03
21674.00 0.175935569291E-03
21676.00 0.175206854228E-03
21678.00 0.176173999622E-03
21680.00 0.176966862837E-03
21682.00 0.177633589339E-03
21684.00 0.177163373701E-03
21686.00 0.176392851136E-03
21688.00 0.176984144651E-03
21690.00 0.177135122592E-03
21692.00 0.175641082911E-03
21694.00 0.175237848509E-03
21696.00 0.176331844824E-03
21698.00 0.176350753541E-03
21700.00 0.175743206266E-03
21702.00 0.175518734388E-03
21704.00 0.175360130870E-03
21706.00 0.175094452036E-03
21708.00 0.175124576034E-03
21710.00 0.175984221999E-03
21712.00 0.176760743237E-03
21714.00 0.177444749856E-03
21716.00 0.177224670107E-03
21718.00 0.176586018282E-03
21720.00 0.176165569925E-03
21722.00 0.175967744306E-03
21724.00 0.177460781381E-03
21726.00 0.177863925871E-03
21728.00 0.175892245157E-03
21730.00 0.175169126708E-03
21732.00 0.175576039030E-03
21734.00 0.175156752746E-03
21736.00 0.174439945119E-03
21738.00 0.175470526152E-03
21740.00 0.176463579847E-03
21742.00 0.176716080598E-03
21744.00 0.177146784042E-03
21746.00 0.177884195146E-03
21748.00 0.177283381112E-03
21750.00 0.175704786591E-03
21752.00 0.174847615758E-03
21754.00 0.174184344940E-03
21756.00 0.173206700170E-03
21758.00 0.172786273866E-03
21760.00 0.174463402038E-03
21762.00 0.175214347482E-03
21764.00 0.174688298031E-03
21766.00 0.175069812686E-03
21768.00 0.175982683312E-03
21770.00 0.174256790466E-03
21772.00 0.172122870725E-03
21774.00 0.171661396933E-03
21776.00 0.170419298172E-03
21778.00 0.166988828469E-03
21780.00 0.165544021685E-03
21782.00 0.166309035851E-03
21784.00 0.167853960778E-03
21786.00 0.169759818937E-03
21788.00 0.171764835043E-03
21790.00 0.173633167559E-03
21792.00 0.174243122107E-03
21794.00 0.175108142449E-03
21796.00 0.176525680374E-03
21798.00 0.176821303381E-03
21800.00 0.176106636684E-03
21802.00 0.176565927135E-03
21804.00 0.177442608927E-03
21806.00 0.177026086172E-03
21808.00 0.176362303024E-03
21810.00 0.174761211779E-03
21812.00 0.173166251531E-03
21814.00 0.171581770302E-03
21816.00 0.169655822692E-03
21818.00 0.167482858979E-03
21820.00 0.166698511982E-03
21822.00 0.166290685269E-03
21824.00 0.169935057919E-03
21826.00 0.172808952112E-03
21828.00 0.172827502875E-03
21830.00 0.172874216532E-03
21832.00 0.172959127629E-03
21834.00 0.173514654727E-03
21836.00 0.174341389414E-03
21838.00 0.173288264155E-03
21840.00 0.172013053934E-03
21842.00 0.172757554535E-03
21844.00 0.173737408093E-03
21846.00 0.175364813093E-03
21848.00 0.175906559866E-03
21850.00 0.175263358142E-03
21852.00 0.174559484308E-03
21854.00 0.173828205898E-03
21856.00 0.173720284050E-03
21858.00 0.173704340742E-03
21860.00 0.173871730214E-03
21862.00 0.174098008819E-03
21864.00 0.174448329012E-03
21866.00 0.174073547597E-03
21868.00 0.173061451166E-03
21870.00 0.171843079061E-03
21872.00 0.170553664400E-03
21874.00 0.168341746628E-03
21876.00 0.166243235350E-03
21878.00 0.164939617946E-03
21880.00 0.164618997637E-03
21882.00 0.165929974273E-03
21884.00 0.168456067513E-03
21886.00 0.171835341517E-03
21888.00 0.172110785161E-03
21890.00 0.171598873988E-03
21892.00 0.170370443585E-03
21894.00 0.169557689405E-03
21896.00 0.170210813710E-03
21898.00 0.170965549040E-03
21900.00 0.171854294342E-03
21902.00 0.172970744970E-03
21904.00 0.174213712318E-03
21906.00 0.174945435200E-03
21908.00 0.175450168661E-03
21910.00 0.173933094479E-03
21912.00 0.173009230808E-03
21914.00 0.173639966961E-03
21916.00 0.173991759679E-03
21918.00 0.174049198341E-03
21920.00 0.173963374551E-03
21922.00 0.173815584253E-03
21924.00 0.173225138968E-03
21926.00 0.172763843304E-03
21928.00 0.173572761793E-03
21930.00 0.173891843415E-03
21932.00 0.173223110004E-03
21934.00 0.173033446044E-03
21936.00 0.173246991038E-03
21938.00 0.172839188076E-03
21940.00 0.172227983238E-03
21942.00 0.172197523342E-03
21944.00 0.172374769233E-03
21946.00 0.173422942532E-03
21948.00 0.173932782330E-03
21950.00 0.173593387325E-03
21952.00 0.172679178194E-03
21954.00 0.171379062279E-03
21956.00 0.171979318178E-03
21958.00 0.173000422800E-03
21960.00 0.172860682193E-03
21962.00 0.172807189492E-03
21964.00 0.173037704152E-03
21966.00 0.173106828014E-03
21968.00 0.172973196351E-03
21970.00 0.172243546541E-03
21972.00 0.171199721262E-03
21974.00 0.171255755257E-03
21976.00 0.171447760330E-03
21978.00 0.171240146151E-03
21980.00 0.170748882563E-03
21982.00 0.169561145090E-03
21984.00 0.168145593716E-03
21986.00 0.166503093637E-03
21988.00 0.166156229128E-03
21990.00 0.166335325855E-03
21992.00 0.166632399333E-03
21994.00 0.167130397857E-03
21996.00 0.168859858353E-03
21998.00 0.170271553678E-03
22000.00 0.171082278895E-03
22002.00 0.170814995213E-03
22004.00 0.169691721432E-03
22006.00 0.169272991586E-03
22008.00 0.169065979649E-03
22010.00 0.169920741513E-03
22012.00 0.170334611008E-03
22014.00 0.168789039730E-03
22016.00 0.168596476524E-03
22018.00 0.170413723612E-03
22020.00 0.170632576822E-03
22022.00 0.169846066842E-03
22024.00 0.170929204132E-03
22026.00 0.172328077630E-03
22028.00 0.171650113793E-03
22030.00 0.171096393422E-03
22032.00 0.170918589397E-03
22034.00 0.170443357333E-03
22036.00 0.169619007866E-03
22038.00 0.169194547386E-03
22040.00 0.168965639271E-03
22042.00 0.168855978555E-03
22044.00 0.168729371923E-03
22046.00 0.168289682344E-03
22048.00 0.166954780565E-03
22050.00 0.163591025755E-03
22052.00 0.159829100469E-03
22054.00 0.155696161599E-03
22056.00 0.153692059884E-03
22058.00 0.152478436164E-03
22060.00 0.153670832110E-03
22062.00 0.155013493485E-03
22064.00 0.156348973756E-03
22066.00 0.158593178510E-03
22068.00 0.162426368587E-03
22070.00 0.164297308559E-03
22072.00 0.164720030170E-03
22074.00 0.165826914474E-03
22076.00 0.167119070610E-03
22078.00 0.164512080092E-03
22080.00 0.161940699917E-03
22082.00 0.159526452431E-03
22084.00 0.158986132379E-03
22086.00 0.161017794744E-03
22088.00 0.163523686567E-03
22090.00 0.166304487648E-03
22092.00 0.166095847113E-03
22094.00 0.165475187917E-03
22096.00 0.167047093306E-03
22098.00 0.168242276532E-03
22100.00 0.168412721325E-03
22102.00 0.167869368006E-03
22104.00 0.166553777005E-03
22106.00 0.166648988992E-03
22108.00 0.167372462000E-03
22110.00 0.168686984234E-03
22112.00 0.169754512417E-03
22114.00 0.168434059368E-03
22116.00 0.167751947693E-03
22118.00 0.168386609449E-03
22120.00 0.168716884299E-03
22122.00 0.168787010767E-03
22124.00 0.168322793803E-03
22126.00 0.167681152820E-03
22128.00 0.167067048737E-03
22130.00 0.166815240141E-03
22132.00 0.168280406113E-03
22134.00 0.168837047784E-03
22136.00 0.167944556704E-03
22138.00 0.167644093704E-03
22140.00 0.167741534836E-03
22142.00 0.166707742408E-03
22144.00 0.165442878882E-03
22146.00 0.165796142429E-03
22148.00 0.165716071326E-03
22150.00 0.164207046835E-03
22152.00 0.163217358913E-03
22154.00 0.162874330094E-03
22156.00 0.163760310171E-03
22158.00 0.165288109358E-03
22160.00 0.165643759821E-03
22162.00 0.165793845425E-03
22164.00 0.165621305508E-03
22166.00 0.165499247079E-03
22168.00 0.165499158863E-03
22170.00 0.165598628959E-03
22172.00 0.165796032159E-03
22174.00 0.165880919505E-03
22176.00 0.165921144212E-03
22178.00 0.167137711286E-03
22180.00 0.168009933091E-03
22182.00 0.166201984287E-03
22184.00 0.165408853032E-03
22186.00 0.166487218187E-03
22188.00 0.165927276906E-03
22190.00 0.164096293600E-03
22192.00 0.164523229212E-03
22194.00 0.165602464650E-03
22196.00 0.165734333692E-03
22198.00 0.165642935342E-03
22200.00 0.164701165561E-03
22202.00 0.164135225606E-03
22204.00 0.164106438417E-03
22206.00 0.164342261293E-03
22208.00 0.164738068604E-03
22210.00 0.164960823666E-03
22212.00 0.165109816752E-03
22214.00 0.164459903842E-03
22216.00 0.164436759071E-03
22218.00 0.166207112678E-03
22220.00 0.166420123288E-03
22222.00 0.164888890471E-03
22224.00 0.164713273179E-03
22226.00 0.165166162896E-03
22228.00 0.164980757043E-03
22230.00 0.164589922050E-03
22232.00 0.163116818352E-03
22234.00 0.162492905351E-03
22236.00 0.163681577573E-03
22238.00 0.164306851133E-03
22240.00 0.164436000754E-03
22242.00 0.164161559717E-03
22244.00 0.163747690222E-03
22246.00 0.164091031189E-03
22248.00 0.164202164430E-03
22250.00 0.162986465942E-03
22252.00 0.161491511871E-03
22254.00 0.159541437241E-03
22256.00 0.157234953832E-03
22258.00 0.154682616393E-03
22260.00 0.156135650997E-03
22262.00 0.158550434564E-03
22264.00 0.160266359025E-03
22266.00 0.161653883222E-03
22268.00 0.161934300879E-03
22270.00 0.162293049073E-03
22272.00 0.162751358972E-03
22274.00 0.162792698251E-03
22276.00 0.162612464898E-03
22278.00 0.161958716297E-03
22280.00 0.161472915303E-03
22282.00 0.163876928060E-03
22284.00 0.165242243930E-03
22286.00 0.164050114328E-03
22288.00 0.163301689820E-03
22290.00 0.162994225540E-03
22292.00 0.162515091624E-03
22294.00 0.161966877954E-03
22296.00 0.162516740581E-03
22298.00 0.163028163174E-03
22300.00 0.162745738608E-03
22302.00 0.162384136972E-03
22304.00 0.161875501658E-03
22306.00 0.161995999346E-03
22308.00 0.162605195577E-03
22310.00 0.162097922519E-03
22312.00 0.161265255319E-03
22314.00 0.161495057467E-03
22316.00 0.161774514929E-03
22318.00 0.162198284951E-03
22320.00 0.162383578837E-03
22322.00 0.162227560720E-03
22324.00 0.161736609281E-03
22326.00 0.161043882869E-03
22328.00 0.161970111402E-03
22330.00 0.163141391541E-03
22332.00 0.162864875736E-03
22334.00 0.162437673781E-03
22336.00 0.161583868720E-03
22338.00 0.161344992220E-03
22340.00 0.161792465147E-03
22342.00 0.161770679239E-03
22344.00 0.161533431338E-03
22346.00 0.161289070191E-03
22348.00 0.160987558780E-03
22350.00 0.160228341410E-03
22352.00 0.159921881432E-03
22354.00 0.160567468375E-03
22356.00 0.160720008754E-03
22358.00 0.160444006976E-03
22360.00 0.160392209036E-03
22362.00 0.160416512488E-03
22364.00 0.159780535977E-03
22366.00 0.159301422418E-03
22368.00 0.159712660708E-03
22370.00 0.160010916616E-03
22372.00 0.160127578613E-03
22374.00 0.159469616012E-03
22376.00 0.158287140950E-03
22378.00 0.155509907518E-03
22380.00 0.152470028520E-03
22382.00 0.154565664302E-03
22384.00 0.156118705082E-03
22386.00 0.155887834166E-03
22388.00 0.156162519493E-03
22390.00 0.157065289410E-03
22392.00 0.156989990442E-03
22394.00 0.156407884943E-03
22396.00 0.157474632756E-03
22398.00 0.158651397542E-03
22400.00 0.158354123882E-03
22402.00 0.158309885357E-03
22404.00 0.158868399917E-03
22406.00 0.159263784810E-03
22408.00 0.159501456825E-03
22410.00 0.158785809575E-03
22412.00 0.157701489853E-03
22414.00 0.157347713976E-03
22416.00 0.157026491424E-03
22418.00 0.156586511750E-03
22420.00 0.156166979480E-03
22422.00 0.155784036407E-03
22424.00 0.155737680703E-03
22426.00 0.155944358437E-03
22428.00 0.157226770120E-03
22430.00 0.158806367248E-03
22432.00 0.159219746467E-03
22434.00 0.159446961517E-03
22436.00 0.158981048095E-03
22438.00 0.158861264616E-03
22440.00 0.159218385908E-03
22442.00 0.159150154383E-03
22444.00 0.158835554801E-03
22446.00 0.157967256903E-03
22448.00 0.157091089137E-03
22450.00 0.157704455261E-03
22452.00 0.158205308924E-03
22454.00 0.158404093041E-03
22456.00 0.157910264409E-03
22458.00 0.156678534397E-03
22460.00 0.156252847378E-03
22462.00 0.156177726539E-03
22464.00 0.155885827257E-03
22466.00 0.155624942612E-03
22468.00 0.155747691499E-03
22470.00 0.155149754657E-03
22472.00 0.153113944453E-03
22474.00 0.152682392780E-03
22476.00 0.153581572993E-03
22478.00 0.155104111465E-03
22480.00 0.156824205819E-03
22482.00 0.156820192000E-03
22484.00 0.156847306482E-03
22486.00 0.157230493845E-03
22488.00 0.157295581834E-03
22490.00 0.156878568803E-03
22492.00 0.156811251669E-03
22494.00 0.156967335948E-03
22496.00 0.156301635803E-03
22498.00 0.155487744996E-03
22500.00 0.155447228499E-03
22502.00 0.155528571945E-03
22504.00 0.155978518307E-03
22506.00 0.156101825329E-03
22508.00 0.155843393762E-03
22510.00 0.155636626116E-03
22512.00 0.155454855772E-03
22514.00 0.155582599030E-03
22516.00 0.155627439798E-03
22518.00 0.154561472355E-03
22520.00 0.154121158479E-03
22522.00 0.155060317412E-03
22524.00 0.155275848958E-03
22526.00 0.154836025358E-03
22528.00 0.154361171605E-03
22530.00 0.153873852281E-03
22532.00 0.152958372504E-03
22534.00 0.151985208078E-03
22536.00 0.150831075733E-03
22538.00 0.150965486070E-03
22540.00 0.153241399313E-03
22542.00 0.153689695022E-03
22544.00 0.152859438489E-03
22546.00 0.153325952457E-03
22548.00 0.154101869756E-03
22550.00 0.153985609819E-03
22552.00 0.153884667199E-03
22554.00 0.153836014491E-03
22556.00 0.153728204610E-03
22558.00 0.153544937991E-03
22560.00 0.153981059920E-03
22562.00 0.154747792598E-03
22564.00 0.154728771915E-03
22566.00 0.154633137510E-03
22568.00 0.155088480305E-03
22570.00 0.155278680346E-03
22572.00 0.154820372144E-03
22574.00 0.154088401579E-03
22576.00 0.153086005492E-03
22578.00 0.153961104489E-03
22580.00 0.155582220720E-03
22582.00 0.155023438120E-03
22584.00 0.154472169130E-03
22586.00 0.154980180147E-03
22588.00 0.155191317868E-03
22590.00 0.154863116090E-03
22592.00 0.154782152650E-03
22594.00 0.154889472255E-03
22596.00 0.153768563336E-03
22598.00 0.152302194576E-03
22600.00 0.152000482982E-03
22602.00 0.151572877270E-03
22604.00 0.150628856290E-03
22606.00 0.149627352540E-03
22608.00 0.148545998226E-03
22610.00 0.148588921997E-03
22612.00 0.149284946322E-03
22614.00 0.148670531787E-03
22616.00 0.147740869623E-03
22618.00 0.145587172580E-03
22620.00 0.143490043915E-03
22622.00 0.141545253750E-03
22624.00 0.141220753642E-03
22626.00 0.142627452900E-03
22628.00 0.144705740706E-03
22630.00 0.147077110226E-03
22632.00 0.149633863544E-03
22634.00 0.151879517073E-03
22636.00 0.151772555420E-03
22638.00 0.151754493236E-03
22640.00 0.151912472458E-03
22642.00 0.151374829416E-03
22644.00 0.150264065313E-03
22646.00 0.149117044519E-03
22648.00 0.147958630315E-03
22650.00 0.145959411005E-03
22652.00 0.144501804448E-03
22654.00 0.145487278370E-03
22656.00 0.147055592358E-03
22658.00 0.149496820305E-03
22660.00 0.149958005700E-03
22662.00 0.149169690688E-03
22664.00 0.148837541253E-03
22666.00 0.148604531103E-03
22668.00 0.148442492258E-03
22670.00 0.148583101451E-03
22672.00 0.149619927145E-03
22674.00 0.150134447470E-03
22676.00 0.150048511713E-03
22678.00 0.150784762441E-03
22680.00 0.151911625926E-03
22682.00 0.152496072537E-03
22684.00 0.152966980330E-03
22686.00 0.153028901033E-03
22688.00 0.152656326709E-03
22690.00 0.151348829507E-03
22692.00 0.150922608104E-03
22694.00 0.151277878560E-03
22696.00 0.151749811013E-03
22698.00 0.152261924065E-03
22700.00 0.152032413708E-03
22702.00 0.151631476309E-03
22704.00 0.150554649841E-03
22706.00 0.149980013844E-03
22708.00 0.150213359892E-03
22710.00 0.149939833246E-03
22712.00 0.149322719647E-03
22714.00 0.150176969180E-03
22716.00 0.151346890456E-03
22718.00 0.151124781743E-03
22720.00 0.151181552000E-03
22722.00 0.152144325623E-03
22724.00 0.152524791868E-03
22726.00 0.152188095926E-03
22728.00 0.151753600899E-03
22730.00 0.151268936532E-03
22732.00 0.150958106479E-03
22734.00 0.150513688872E-03
22736.00 0.148415957965E-03
22738.00 0.146826148162E-03
22740.00 0.146420284251E-03
22742.00 0.145605367087E-03
22744.00 0.144403850985E-03
22746.00 0.145474546455E-03
22748.00 0.147399157256E-03
22750.00 0.148806080446E-03
22752.00 0.149942508559E-03
22754.00 0.149766669032E-03
22756.00 0.149334046894E-03
22758.00 0.148457030900E-03
22760.00 0.148465949178E-03
22762.00 0.149116063966E-03
22764.00 0.149610606807E-03
22766.00 0.150060397095E-03
22768.00 0.149778976832E-03
22770.00 0.149644030414E-03
22772.00 0.150029871037E-03
22774.00 0.150455758238E-03
22776.00 0.150934203391E-03
22778.00 0.150406525341E-03
22780.00 0.149327870092E-03
22782.00 0.149631878689E-03
22784.00 0.150025122652E-03
22786.00 0.148628746339E-03
22788.00 0.147729788362E-03
22790.00 0.148075670622E-03
22792.00 0.147102127886E-03
22794.00 0.144799770262E-03
22796.00 0.144025323792E-03
22798.00 0.143868437088E-03
22800.00 0.143196024061E-03
22802.00 0.142015289564E-03
22804.00 0.137911181992E-03
22806.00 0.134506534071E-03
22808.00 0.132392169397E-03
22810.00 0.133510024692E-03
22812.00 0.137124025661E-03
22814.00 0.138580583807E-03
22816.00 0.139422125176E-03
22818.00 0.141101660622E-03
22820.00 0.142786458479E-03
22822.00 0.144461713761E-03
22824.00 0.145621732814E-03
22826.00 0.146062984831E-03
22828.00 0.146370359200E-03
22830.00 0.146599603213E-03
22832.00 0.146355620376E-03
22834.00 0.146151171787E-03
22836.00 0.148004451635E-03
22838.00 0.149042547976E-03
22840.00 0.147885716567E-03
22842.00 0.146747459673E-03
22844.00 0.145628980081E-03
22846.00 0.145718505542E-03
22848.00 0.146332007383E-03
22850.00 0.148134157695E-03
22852.00 0.149643049862E-03
22854.00 0.148254053140E-03
22856.00 0.147566188776E-03
22858.00 0.148258713309E-03
22860.00 0.148218934771E-03
22862.00 0.147581797883E-03
22864.00 0.148236995259E-03
22866.00 0.149292617703E-03
22868.00 0.148622703557E-03
22870.00 0.147964248983E-03
22872.00 0.147524737531E-03
22874.00 0.147301626212E-03
22876.00 0.147397752590E-03
22878.00 0.147125606860E-03
22880.00 0.146625803304E-03
22882.00 0.145592077039E-03
22884.00 0.144496097564E-03
22886.00 0.144398476607E-03
22888.00 0.144449137921E-03
22890.00 0.144927759507E-03
22892.00 0.145718149286E-03
22894.00 0.146858391036E-03
22896.00 0.147298080616E-03
22898.00 0.147414052154E-03
22900.00 0.147140301576E-03
22902.00 0.146751941714E-03
22904.00 0.145798108422E-03
22906.00 0.145014409472E-03
22908.00 0.144584774796E-03
22910.00 0.144448735861E-03
22912.00 0.144565575986E-03
22914.00 0.144792858894E-03
22916.00 0.145056729303E-03
22918.00 0.145421544030E-03
22920.00 0.145400986357E-03
22922.00 0.143581420211E-03
22924.00 0.140877122582E-03
22926.00 0.136798880899E-03
22928.00 0.133898874830E-03
22930.00 0.131769927406E-03
22932.00 0.130220632405E-03
22934.00 0.128914941930E-03
22936.00 0.131192414217E-03
22938.00 0.132969236417E-03
22940.00 0.133203228816E-03
22942.00 0.133889598600E-03
22944.00 0.135109355014E-03
22946.00 0.135583138303E-03
22948.00 0.135692240885E-03
22950.00 0.136904616012E-03
22952.00 0.138067312075E-03
22954.00 0.137466453933E-03
22956.00 0.137553704444E-03
22958.00 0.139156892511E-03
22960.00 0.139454612340E-03
22962.00 0.138576481773E-03
22964.00 0.138949634589E-03
22966.00 0.139765042028E-03
22968.00 0.139299666384E-03
22970.00 0.138760951180E-03
22972.00 0.138172914865E-03
22974.00 0.137806651363E-03
22976.00 0.137803149875E-03
22978.00 0.138710089685E-03
22980.00 0.140241078212E-03
22982.00 0.141035145912E-03
22984.00 0.141604029221E-03
22986.00 0.139823373027E-03
22988.00 0.138721595060E-03
22990.00 0.139843686410E-03
22992.00 0.139886097850E-03
22994.00 0.138590684516E-03
22996.00 0.138534338373E-03
22998.00 0.139114839024E-03
23000.00 0.140714549353E-03
23002.00 0.142299162905E-03
23004.00 0.142193225913E-03
23006.00 0.142139979198E-03
23008.00 0.142209147168E-03
23010.00 0.142286877159E-03
23012.00 0.142372656842E-03
23014.00 0.141823462620E-03
23016.00 0.141036706653E-03
23018.00 0.140972600913E-03
23020.00 0.141005401920E-03
23022.00 0.141321048216E-03
23024.00 0.141029617156E-03
23026.00 0.139696922469E-03
23028.00 0.139143424334E-03
23030.00 0.139149066752E-03
23032.00 0.139630253382E-03
23034.00 0.140225937328E-03
23036.00 0.140008154582E-03
23038.00 0.139959277942E-03
23040.00 0.140499709961E-03
23042.00 0.140720948391E-03
23044.00 0.140530392093E-03
23046.00 0.140653185088E-03
23048.00 0.140945152228E-03
23050.00 0.141042593361E-03
23052.00 0.141074680160E-03
23054.00 0.140693567565E-03
23056.00 0.140420195296E-03
23058.00 0.140409226001E-03
23060.00 0.140414666541E-03
23062.00 0.140436272625E-03
23064.00 0.140638246082E-03
23066.00 0.140911104324E-03
23068.00 0.141259283588E-03
23070.00 0.141584966127E-03
23072.00 0.141744596002E-03
23074.00 0.141706778569E-03
23076.00 0.141315473657E-03
23078.00 0.140778320891E-03
23080.00 0.140132153759E-03
23082.00 0.140101895741E-03
23084.00 0.140239137465E-03
23086.00 0.140837210024E-03
23088.00 0.141408054438E-03
23090.00 0.141876375133E-03
23092.00 0.141867299084E-03
23094.00 0.141216895898E-03
23096.00 0.141081437150E-03
23098.00 0.141234800311E-03
23100.00 0.141341273384E-03
23102.00 0.141441011520E-03
23104.00 0.141559434440E-03
23106.00 0.141306621541E-03
23108.00 0.140105017223E-03
23110.00 0.140023629669E-03
23112.00 0.141084492471E-03
23114.00 0.141717035352E-03
23116.00 0.142172846368E-03
23118.00 0.141711058731E-03
23120.00 0.141194821591E-03
23122.00 0.140827777719E-03
23124.00 0.141105764353E-03
23126.00 0.142583682597E-03
23128.00 0.141840320319E-03
23130.00 0.139368232111E-03
23132.00 0.139493254251E-03
23134.00 0.140366882419E-03
23136.00 0.139605992341E-03
23138.00 0.138879598033E-03
23140.00 0.138350895322E-03
23142.00 0.137292329524E-03
23144.00 0.135496020115E-03
23146.00 0.135501506459E-03
23148.00 0.136561809430E-03
23150.00 0.136721797258E-03
23152.00 0.136668660813E-03
23154.00 0.135851648524E-03
23156.00 0.134673767469E-03
23158.00 0.132532332421E-03
23160.00 0.131436352947E-03
23162.00 0.131449531029E-03
23164.00 0.131792581901E-03
23166.00 0.132277580471E-03
23168.00 0.133613730842E-03
23170.00 0.134903858015E-03
23172.00 0.135320380770E-03
23174.00 0.135702653742E-03
23176.00 0.136018680044E-03
23178.00 0.136502385913E-03
23180.00 0.137121350347E-03
23182.00 0.137534639654E-03
23184.00 0.137885629947E-03
23186.00 0.136881203201E-03
23188.00 0.136365278209E-03
23190.00 0.137966859731E-03
23192.00 0.138739969393E-03
23194.00 0.138317313944E-03
23196.00 0.137946145983E-03
23198.00 0.137606082573E-03
23200.00 0.138119154123E-03
23202.00 0.138761531369E-03
23204.00 0.138676331875E-03
23206.00 0.138418368531E-03
23208.00 0.137678170146E-03
23210.00 0.137074970892E-03
23212.00 0.136621545095E-03
23214.00 0.134500335215E-03
23216.00 0.131635383050E-03
23218.00 0.128367108267E-03
23220.00 0.125058919229E-03
23222.00 0.121771379474E-03
23224.00 0.120254103413E-03
23226.00 0.122296290601E-03
23228.00 0.124075297839E-03
23230.00 0.125635518028E-03
23232.00 0.126915700566E-03
23234.00 0.128107472215E-03
23236.00 0.128543193781E-03
23238.00 0.128882408962E-03
23240.00 0.128891863321E-03
23242.00 0.128585023336E-03
23244.00 0.127804802124E-03
23246.00 0.128545310960E-03
23248.00 0.130240053451E-03
23250.00 0.130873310541E-03
23252.00 0.131293959081E-03
23254.00 0.131879320082E-03
23256.00 0.132207788205E-03
23258.00 0.131790418918E-03
23260.00 0.132371141805E-03
23262.00 0.134076855287E-03
23264.00 0.134324427829E-03
23266.00 0.133898474466E-03
23268.00 0.133614645233E-03
23270.00 0.133257992164E-03
23272.00 0.132185023440E-03
23274.00 0.131174153548E-03
23276.00 0.130292521492E-03
23278.00 0.130281616663E-03
23280.00 0.131016908892E-03
23282.00 0.132311117742E-03
23284.00 0.133789214114E-03
23286.00 0.133586572252E-03
23288.00 0.133494303619E-03
23290.00 0.134170082419E-03
23292.00 0.134292787198E-03
23294.00 0.133561242444E-03
23296.00 0.133247066977E-03
23298.00 0.133203184708E-03
23300.00 0.133061371030E-03
23302.00 0.132889231476E-03
23304.00 0.132467892479E-03
23306.00 0.132215281458E-03
23308.00 0.132472530594E-03
23310.00 0.132806797208E-03
23312.00 0.133230565533E-03
23314.00 0.133882597319E-03
23316.00 0.134643821599E-03
23318.00 0.135026384666E-03
23320.00 0.135204745129E-03
23322.00 0.134030031361E-03
23324.00 0.132882430378E-03
23326.00 0.131793206198E-03
23328.00 0.131233665281E-03
23330.00 0.131141954782E-03
23332.00 0.131507772115E-03
23334.00 0.132030275970E-03
23336.00 0.131885853141E-03
23338.00 0.131828436533E-03
23340.00 0.132324896370E-03
23342.00 0.132072241242E-03
23344.00 0.130631158182E-03
23346.00 0.128960384940E-03
23348.00 0.127136827029E-03
23350.00 0.127249409046E-03
23352.00 0.127892922918E-03
23354.00 0.131612192474E-03
23356.00 0.134326122590E-03
23358.00 0.133896511665E-03
23360.00 0.133778957331E-03
23362.00 0.134035137698E-03
23364.00 0.133696098949E-03
23366.00 0.133062529711E-03
23368.00 0.131868661239E-03
23370.00 0.130568501216E-03
23372.00 0.128970373682E-03
23374.00 0.127307516112E-03
23376.00 0.125501128049E-03
23378.00 0.124579941388E-03
23380.00 0.124460870421E-03
23382.00 0.125532992612E-03
23384.00 0.127026854165E-03
23386.00 0.127777175312E-03
23388.00 0.128621726197E-03
23390.00 0.130124395757E-03
23392.00 0.131095775510E-03
23394.00 0.131201356246E-03
23396.00 0.131048951583E-03
23398.00 0.130720393548E-03
23400.00 0.131651280554E-03
23402.00 0.132840756897E-03
23404.00 0.132130550186E-03
23406.00 0.131749970279E-03
23408.00 0.132443967337E-03
23410.00 0.132785079158E-03
23412.00 0.132692586593E-03
23414.00 0.133066209327E-03
23416.00 0.133677190232E-03
23418.00 0.133301094062E-03
23420.00 0.132809382610E-03
23422.00 0.132553337959E-03
23424.00 0.132417433043E-03
23426.00 0.132556191401E-03
23428.00 0.132671872845E-03
23430.00 0.132766080529E-03
23432.00 0.132903680206E-03
23434.00 0.133057179083E-03
23436.00 0.131489175547E-03
23438.00 0.130316490742E-03
23440.00 0.131733960809E-03
23442.00 0.131999171420E-03
23444.00 0.130335221330E-03
23446.00 0.130418013551E-03
23448.00 0.131725488699E-03
23450.00 0.131954106720E-03
23452.00 0.131920615254E-03
23454.00 0.132201077019E-03
23456.00 0.132327907582E-03
23458.00 0.131935756138E-03
23460.00 0.131835951840E-03
23462.00 0.132104728405E-03
23464.00 0.131818781993E-03
23466.00 0.131242273107E-03
23468.00 0.130938242456E-03
23470.00 0.130720237474E-03
23472.00 0.130996105232E-03
23474.00 0.131444156652E-03
23476.00 0.132297893854E-03
23478.00 0.132557930270E-03
23480.00 0.132251938514E-03
23482.00 0.132279655239E-03
23484.00 0.132433420460E-03
23486.00 0.131269899919E-03
23488.00 0.130176728082E-03
23490.00 0.129936314592E-03
23492.00 0.129624168088E-03
23494.00 0.129188602596E-03
23496.00 0.129220599483E-03
23498.00 0.129589092130E-03
23500.00 0.129976517244E-03
23502.00 0.130363694675E-03
23504.00 0.130210309460E-03
23506.00 0.129747719399E-03
23508.00 0.128209149402E-03
23510.00 0.126643288492E-03
23512.00 0.125042217604E-03
23514.00 0.122581122441E-03
23516.00 0.119659109925E-03
23518.00 0.116563597295E-03
23520.00 0.113656235387E-03
23522.00 0.113302479867E-03
23524.00 0.113907976124E-03
23526.00 0.116843390656E-03
23528.00 0.119072210236E-03
23530.00 0.120609998165E-03
23532.00 0.121489289109E-03
23534.00 0.122111843248E-03
23536.00 0.122302801606E-03
23538.00 0.122543685015E-03
23540.00 0.123251728742E-03
23542.00 0.123765068332E-03
23544.00 0.123934174620E-03
23546.00 0.123240423548E-03
23548.00 0.121909291299E-03
23550.00 0.121605036716E-03
23552.00 0.121582382221E-03
23554.00 0.123930026781E-03
23556.00 0.125838606057E-03
23558.00 0.126161923735E-03
23560.00 0.126001045266E-03
23562.00 0.125200420758E-03
23564.00 0.124151042975E-03
23566.00 0.122964577844E-03
23568.00 0.122928611246E-03
23570.00 0.123027837052E-03
23572.00 0.122434202426E-03
23574.00 0.121779807475E-03
23576.00 0.120974032522E-03
23578.00 0.121672399654E-03
23580.00 0.123872544011E-03
23582.00 0.126127093763E-03
23584.00 0.128403453175E-03
23586.00 0.128539134158E-03
23588.00 0.128381110828E-03
23590.00 0.127449531668E-03
23592.00 0.127112299645E-03
23594.00 0.127849888878E-03
23596.00 0.127904004179E-03
23598.00 0.127442484583E-03
23600.00 0.126732233765E-03
23602.00 0.125953439273E-03
23604.00 0.124875520286E-03
23606.00 0.124321732057E-03
23608.00 0.125737061194E-03
23610.00 0.127036866658E-03
23612.00 0.128180029707E-03
23614.00 0.128544642556E-03
23616.00 0.128468249373E-03
23618.00 0.128119133665E-03
23620.00 0.127735500134E-03
23622.00 0.127531185565E-03
23624.00 0.127038159358E-03
23626.00 0.125803197594E-03
23628.00 0.125697394622E-03
23630.00 0.126747976891E-03
23632.00 0.127025049134E-03
23634.00 0.126983017700E-03
23636.00 0.126973407268E-03
23638.00 0.127015638883E-03
23640.00 0.127370262989E-03
23642.00 0.127717483754E-03
23644.00 0.128050902140E-03
23646.00 0.127420500189E-03
23648.00 0.126043857071E-03
23650.00 0.126065218865E-03
23652.00 0.126486579917E-03
23654.00 0.126676936032E-03
23656.00 0.126689466068E-03
23658.00 0.126021692852E-03
23660.00 0.125042909759E-03
23662.00 0.123633467329E-03
23664.00 0.123336259831E-03
23666.00 0.123683302468E-03
23668.00 0.124941230875E-03
23670.00 0.126354464887E-03
23672.00 0.127628382408E-03
23674.00 0.128102299716E-03
23676.00 0.126466734756E-03
23678.00 0.125365847429E-03
23680.00 0.124823900474E-03
23682.00 0.124658161655E-03
23684.00 0.124651472523E-03
23686.00 0.124752859615E-03
23688.00 0.124490392176E-03
23690.00 0.121741365746E-03
23692.00 0.118754779266E-03
23694.00 0.115313940815E-03
23696.00 0.114834248765E-03
23698.00 0.116707061626E-03
23700.00 0.118836945494E-03
23702.00 0.121043110579E-03
23704.00 0.121819273865E-03
23706.00 0.122716492973E-03
23708.00 0.124187856105E-03
23710.00 0.125299490490E-03
23712.00 0.125899768444E-03
23714.00 0.125928533579E-03
23716.00 0.125617099587E-03
23718.00 0.124052999600E-03
23720.00 0.122457705150E-03
23722.00 0.124423543264E-03
23724.00 0.125589406613E-03
23726.00 0.124576974283E-03
23728.00 0.124389227320E-03
23730.00 0.125085855583E-03
23732.00 0.125277414487E-03
23734.00 0.125248829176E-03
23736.00 0.125288897809E-03
23738.00 0.125333226246E-03
23740.00 0.125359984472E-03
23742.00 0.125541264539E-03
23744.00 0.126024970408E-03
23746.00 0.125995092397E-03
23748.00 0.125548577968E-03
23750.00 0.125039186034E-03
23752.00 0.124510595290E-03
23754.00 0.123554510799E-03
23756.00 0.122941008959E-03
23758.00 0.123788369177E-03
23760.00 0.124730919329E-03
23762.00 0.125811715508E-03
23764.00 0.126266812316E-03
23766.00 0.126339257841E-03
23768.00 0.125309991563E-03
23770.00 0.124097126159E-03
23772.00 0.123573195584E-03
23774.00 0.123667471126E-03
23776.00 0.125500771793E-03
23778.00 0.126554899658E-03
23780.00 0.126751900798E-03
23782.00 0.126081584592E-03
23784.00 0.125021748147E-03
23786.00 0.124181747161E-03
23788.00 0.123419140268E-03
23790.00 0.123060748330E-03
23792.00 0.123133930118E-03
23794.00 0.124076054459E-03
23796.00 0.124654303910E-03
23798.00 0.124929703446E-03
23800.00 0.125316346493E-03
23802.00 0.125738199517E-03
23804.00 0.125565435667E-03
23806.00 0.125401547683E-03
23808.00 0.125345891999E-03
23810.00 0.125461171383E-03
23812.00 0.125831402898E-03
23814.00 0.124820578810E-03
23816.00 0.122946449498E-03
23818.00 0.120191024030E-03
23820.00 0.117207759214E-03
23822.00 0.113165126177E-03
23824.00 0.109863292069E-03
23826.00 0.108715492601E-03
23828.00 0.108136953055E-03
23830.00 0.108200858613E-03
23832.00 0.109575806970E-03
23834.00 0.111557165974E-03
23836.00 0.112020758642E-03
23838.00 0.112260771768E-03
23840.00 0.112098222289E-03
23842.00 0.111731288687E-03
23844.00 0.110940832746E-03
23846.00 0.110401561104E-03
23848.00 0.110076816706E-03
23850.00 0.109764380108E-03
23852.00 0.109455957329E-03
23854.00 0.110386532186E-03
23856.00 0.111099750109E-03
23858.00 0.110640771806E-03
23860.00 0.110907185206E-03
23862.00 0.112284340654E-03
23864.00 0.113212842440E-03
23866.00 0.113851853914E-03
23868.00 0.114764880613E-03
23870.00 0.115747009121E-03
23872.00 0.116990578711E-03
23874.00 0.118351968979E-03
23876.00 0.120067627096E-03
23878.00 0.121319290485E-03
23880.00 0.122033779054E-03
23882.00 0.121385270811E-03
23884.00 0.120087584223E-03
23886.00 0.118890974276E-03
23888.00 0.117976452997E-03
23890.00 0.119355725624E-03
23892.00 0.120443300848E-03
23894.00 0.120908588276E-03
23896.00 0.120823611018E-03
23898.00 0.120256624349E-03
23900.00 0.118640480435E-03
23902.00 0.116668977849E-03
23904.00 0.116675465103E-03
23906.00 0.117248274015E-03
23908.00 0.120121409891E-03
23910.00 0.122134899803E-03
23912.00 0.122789830835E-03
23914.00 0.122181235150E-03
23916.00 0.120735356204E-03
23918.00 0.119932280315E-03
23920.00 0.119285889250E-03
23922.00 0.119007612523E-03
23924.00 0.118978290950E-03
23926.00 0.119723639779E-03
23928.00 0.120339414873E-03
23930.00 0.120801246618E-03
23932.00 0.121041237690E-03
23934.00 0.121172460383E-03
23936.00 0.120565225256E-03
23938.00 0.119903649200E-03
23940.00 0.119637369820E-03
23942.00 0.119320517343E-03
23944.00 0.118891976883E-03
23946.00 0.118916460159E-03
23948.00 0.119349994991E-03
23950.00 0.118704608229E-03
23952.00 0.117678999513E-03
23954.00 0.116881096123E-03
23956.00 0.116329202837E-03
23958.00 0.116946496260E-03
23960.00 0.117965816208E-03
23962.00 0.119641093545E-03
23964.00 0.120886468166E-03
23966.00 0.121837870433E-03
23968.00 0.121644414890E-03
23970.00 0.121168758712E-03
23972.00 0.120250313527E-03
23974.00 0.119760676842E-03
23976.00 0.120661863964E-03
23978.00 0.121221024875E-03
23980.00 0.121361501743E-03
23982.00 0.121754900084E-03
23984.00 0.122276623568E-03
23986.00 0.121793363868E-03
23988.00 0.121167510119E-03
23990.00 0.120535413407E-03
23992.00 0.119696235203E-03
23994.00 0.118383119333E-03
23996.00 0.118322647405E-03
23998.00 0.119427993022E-03
24000.00 0.120114474773E-03
24002.00 0.120647525504E-03
24004.00 0.121022084684E-03
24006.00 0.121258462301E-03
24008.00 0.120815607131E-03
24010.00 0.120798415230E-03
24012.00 0.121498499178E-03
24014.00 0.121865855198E-03
24016.00 0.121998482557E-03
24018.00 0.121611503612E-03
24020.00 0.121088665555E-03
24022.00 0.120138087766E-03
24024.00 0.119273647612E-03
24026.00 0.118700640215E-03
24028.00 0.117587935365E-03
24030.00 0.115793945014E-03
24032.00 0.114670270869E-03
24034.00 0.113900060453E-03
24036.00 0.116622576341E-03
24038.00 0.119648206792E-03
24040.00 0.120175080721E-03
24042.00 0.120226966877E-03
24044.00 0.119151925082E-03
24046.00 0.118429587004E-03
24048.00 0.118045597217E-03
24050.00 0.118084841370E-03
24052.00 0.118286168477E-03
24054.00 0.118926382740E-03
24056.00 0.119363151019E-03
24058.00 0.118489924911E-03
24060.00 0.117388549005E-03
24062.00 0.115890071391E-03
24064.00 0.116179719474E-03
24066.00 0.117770531883E-03
24068.00 0.118356406912E-03
24070.00 0.118680616926E-03
24072.00 0.119553016859E-03
24074.00 0.120095678022E-03
24076.00 0.119464985977E-03
24078.00 0.119045117808E-03
24080.00 0.118900963019E-03
24082.00 0.118376698241E-03
24084.00 0.117645263757E-03
24086.00 0.116991603372E-03
24088.00 0.116420557079E-03
24090.00 0.116726438565E-03
24092.00 0.117507619972E-03
24094.00 0.119465230267E-03
24096.00 0.120389540106E-03
24098.00 0.120287482913E-03
24100.00 0.119592216905E-03
24102.00 0.118661217933E-03
24104.00 0.118154321488E-03
24106.00 0.117748391415E-03
24108.00 0.117753675880E-03
24110.00 0.118050325244E-03
24112.00 0.118873736571E-03
24114.00 0.119753719669E-03
24116.00 0.120676400909E-03
24118.00 0.120542548707E-03
24120.00 0.120115523184E-03
24122.00 0.119105165621E-03
24124.00 0.117883314082E-03
24126.00 0.115876068830E-03
24128.00 0.113258085268E-03
24130.00 0.109812298250E-03
24132.00 0.107626556818E-03
24134.00 0.106158047128E-03
24136.00 0.105947021373E-03
24138.00 0.106045555024E-03
24140.00 0.107432008756E-03
24142.00 0.108133229330E-03
24144.00 0.107063872365E-03
24146.00 0.105564636435E-03
24148.00 0.103621116917E-03
24150.00 0.103999689915E-03
24152.00 0.105346765473E-03
24154.00 0.108875054618E-03
24156.00 0.112226723864E-03
24158.00 0.113194379892E-03
24160.00 0.113792786653E-03
24162.00 0.113693940853E-03
24164.00 0.113936183125E-03
24166.00 0.114446267213E-03
24168.00 0.114527542801E-03
24170.00 0.114483682586E-03
24172.00 0.112254506750E-03
24174.00 0.110076192410E-03
24176.00 0.108216957996E-03
24178.00 0.107096539353E-03
24180.00 0.107019255530E-03
24182.00 0.108143442005E-03
24184.00 0.109977658759E-03
24186.00 0.112518780917E-03
24188.00 0.115036690445E-03
24190.00 0.114873760959E-03
24192.00 0.114628039253E-03
24194.00 0.114157489413E-03
24196.00 0.114235909863E-03
24198.00 0.114904731489E-03
24200.00 0.115651440878E-03
24202.00 0.116432242279E-03
24204.00 0.116036567292E-03
24206.00 0.115513149047E-03
24208.00 0.114911710716E-03
24210.00 0.114844349474E-03
24212.00 0.115831004130E-03
24214.00 0.116172428100E-03
24216.00 0.115986375897E-03
24218.00 0.115703550967E-03
24220.00 0.115390622396E-03
24222.00 0.115471363599E-03
24224.00 0.115233223362E-03
24226.00 0.113602942867E-03
24228.00 0.112525558265E-03
24230.00 0.112265543903E-03
24232.00 0.113188739170E-03
24234.00 0.114845107790E-03
24236.00 0.115967511288E-03
24238.00 0.116885644326E-03
24240.00 0.115722391825E-03
24242.00 0.114848229272E-03
24244.00 0.114805595596E-03
24246.00 0.114300461771E-03
24248.00 0.113277752301E-03
24250.00 0.112487740832E-03
24252.00 0.111804960752E-03
24254.00 0.112764992899E-03
24256.00 0.113905054824E-03
24258.00 0.115002306642E-03
24260.00 0.115532905992E-03
24262.00 0.114887651554E-03
24264.00 0.114547320104E-03
24266.00 0.114467673115E-03
24268.00 0.114842654713E-03
24270.00 0.115367701557E-03
24272.00 0.114865979308E-03
24274.00 0.114313661908E-03
24276.00 0.113696704383E-03
24278.00 0.113503940994E-03
24280.00 0.113968069742E-03
24282.00 0.114094274313E-03
24284.00 0.114001069236E-03
24286.00 0.114935435676E-03
24288.00 0.116056634689E-03
24290.00 0.116050749677E-03
24292.00 0.116078486759E-03
24294.00 0.116208750953E-03
24296.00 0.116245095861E-03
24298.00 0.116170979325E-03
24300.00 0.115567020058E-03
24302.00 0.114706215413E-03
24304.00 0.114746061809E-03
24306.00 0.114887651554E-03
24308.00 0.114904777294E-03
24310.00 0.115121465824E-03
24312.00 0.115773943779E-03
24314.00 0.116243446905E-03
24316.00 0.116548592128E-03
24318.00 0.115162004375E-03
24320.00 0.113183208718E-03
24322.00 0.112904599485E-03
24324.00 0.112844595779E-03
24326.00 0.113459100226E-03
24328.00 0.113911521721E-03
24330.00 0.114099604583E-03
24332.00 0.113523362041E-03
24334.00 0.112424683502E-03
24336.00 0.110995976100E-03
24338.00 0.109451697524E-03
24340.00 0.106147344177E-03
24342.00 0.103273473734E-03
24344.00 0.101804450017E-03
24346.00 0.101802777310E-03
24348.00 0.103614383677E-03
24350.00 0.105339920267E-03
24352.00 0.107021350655E-03
24354.00 0.108641596604E-03
24356.00 0.110356810249E-03
24358.00 0.113149897077E-03
24360.00 0.115099101424E-03
24362.00 0.115084474566E-03
24364.00 0.114622308619E-03
24366.00 0.113737755264E-03
24368.00 0.113425206700E-03
24370.00 0.113327209130E-03
24372.00 0.112374022189E-03
24374.00 0.111614070252E-03
24376.00 0.112211048595E-03
24378.00 0.112931556196E-03
24380.00 0.113864429754E-03
24382.00 0.114469523951E-03
24384.00 0.114837726503E-03
24386.00 0.115093728742E-03
24388.00 0.115317552574E-03
24390.00 0.115102758986E-03
24392.00 0.114917931626E-03
24394.00 0.114838730806E-03
24396.00 0.114832978118E-03
24398.00 0.114923105822E-03
24400.00 0.114364167147E-03
24402.00 0.113452209216E-03
24404.00 0.113040882711E-03
24406.00 0.112764524677E-03
24408.00 0.113157276667E-03
24410.00 0.113598706813E-03
24412.00 0.114161011259E-03
24414.00 0.113908756495E-03
24416.00 0.112845108109E-03
24418.00 0.112899180999E-03
24420.00 0.113401593706E-03
24422.00 0.113960130321E-03
24424.00 0.114560209789E-03
24426.00 0.115387344840E-03
24428.00 0.115807569265E-03
24430.00 0.115482288786E-03
24432.00 0.114517620220E-03
24434.00 0.113064719636E-03
24436.00 0.112427648910E-03
24438.00 0.112021092844E-03
24440.00 0.111856312523E-03
24442.00 0.111545460417E-03
24444.00 0.110666927789E-03
24446.00 0.107952929816E-03
24448.00 0.102694689899E-03
24450.00 0.999692086031E-04
24452.00 0.987121945865E-04
24454.00 0.100054698191E-03
24456.00 0.101752719935E-03
24458.00 0.101579688045E-03
24460.00 0.101433170091E-03
24462.00 0.101357491117E-03
24464.00 0.101555650937E-03
24466.00 0.102044508948E-03
24468.00 0.102831263218E-03
24470.00 0.103746252720E-03
24472.00 0.105298066961E-03
24474.00 0.106883884999E-03
24476.00 0.108277295903E-03
24478.00 0.109494955496E-03
24480.00 0.110369050191E-03
24482.00 0.110067250382E-03
24484.00 0.108807671321E-03
24486.00 0.106530487432E-03
24488.00 0.103940756674E-03
24490.00 0.102524133140E-03
24492.00 0.101679114033E-03
24494.00 0.103150076801E-03
24496.00 0.103792454046E-03
24498.00 0.103214384419E-03
24500.00 0.101845010622E-03
24502.00 0.999846616354E-04
24504.00 0.101434128589E-03
24506.00 0.103642768806E-03
24508.00 0.107611127536E-03
24510.00 0.110596399261E-03
24512.00 0.110731858008E-03
24514.00 0.110881231101E-03
24516.00 0.111046279461E-03
24518.00 0.110795385256E-03
24520.00 0.110351547837E-03
24522.00 0.109594113444E-03
24524.00 0.108785462995E-03
24526.00 0.107855354663E-03
24528.00 0.107096183097E-03
24530.00 0.106696093927E-03
24532.00 0.105739295228E-03
24534.00 0.104299036646E-03
24536.00 0.104444797980E-03
24538.00 0.105125058821E-03
24540.00 0.107209877989E-03
24542.00 0.108901276763E-03
24544.00 0.108460672792E-03
24546.00 0.107787903509E-03
24548.00 0.106747913921E-03
24550.00 0.106501321932E-03
24552.00 0.106783612479E-03
24554.00 0.106642557118E-03
24556.00 0.106390256549E-03
24558.00 0.105637840277E-03
24560.00 0.104982441023E-03
24562.00 0.104635398386E-03
24564.00 0.104463750805E-03
24566.00 0.104504645612E-03
24568.00 0.104785685869E-03
24570.00 0.105187759894E-03
24572.00 0.106997515426E-03
24574.00 0.108886716067E-03
24576.00 0.109636791228E-03
24578.00 0.109993177953E-03
24580.00 0.109449178284E-03
24582.00 0.109385628982E-03
24584.00 0.109771047187E-03
24586.00 0.109464919714E-03
24588.00 0.108904108151E-03
24590.00 0.109856893031E-03
24592.00 0.110732950527E-03
24594.00 0.110706506145E-03
24596.00 0.110825175052E-03
24598.00 0.111191950883E-03
24600.00 0.111161246697E-03
24602.00 0.110844796280E-03
24604.00 0.110848185803E-03
24606.00 0.110934099506E-03
24608.00 0.111061552669E-03
24610.00 0.110336607135E-03
24612.00 0.106609443962E-03
24614.00 0.102869080651E-03
24616.00 0.991115254398E-04
24618.00 0.989413707415E-04
24620.00 0.100732037732E-03
24622.00 0.104813602776E-03
24624.00 0.108971337069E-03
24626.00 0.109279491808E-03
24628.00 0.109448620150E-03
24630.00 0.109270551477E-03
24632.00 0.108878288066E-03
24634.00 0.108270672933E-03
24636.00 0.108554746456E-03
24638.00 0.109200557332E-03
24640.00 0.109191795129E-03
24642.00 0.109068109797E-03
24644.00 0.108558604201E-03
24646.00 0.108358415417E-03
24648.00 0.108733753270E-03
24650.00 0.108970198746E-03
24652.00 0.109098523889E-03
24654.00 0.110110196206E-03
24656.00 0.111378227018E-03
24658.00 0.111477004959E-03
24660.00 0.111206287647E-03
24662.00 0.109524789400E-03
24664.00 0.107752472991E-03
24666.00 0.105851809386E-03
24668.00 0.105643214655E-03
24670.00 0.106440649822E-03
24672.00 0.108376855911E-03
24674.00 0.110361180324E-03
24676.00 0.109299895104E-03
24678.00 0.108560923258E-03
24680.00 0.108714622318E-03
24682.00 0.109086928601E-03
24684.00 0.109697931560E-03
24686.00 0.110230738002E-03
24688.00 0.110728536344E-03
24690.00 0.110594570479E-03
24692.00 0.110441473662E-03
24694.00 0.110655956798E-03
24696.00 0.110761201635E-03
24698.00 0.110643537032E-03
24700.00 0.110404726694E-03
24702.00 0.110063392637E-03
24704.00 0.108396967416E-03
24706.00 0.106299082131E-03
24708.00 0.101556901226E-03
24710.00 0.967420729171E-04
24712.00 0.920061587266E-04
24714.00 0.898163814223E-04
24716.00 0.915664453963E-04
24718.00 0.954104944992E-04
24720.00 0.100620013850E-03
24722.00 0.102876126040E-03
24724.00 0.104448543759E-03
24726.00 0.105181292998E-03
24728.00 0.105820570816E-03
24730.00 0.106169464288E-03
24732.00 0.106908368275E-03
24734.00 0.108112181381E-03
24736.00 0.108266860993E-03
24738.00 0.107902246448E-03
24740.00 0.107421039461E-03
24742.00 0.106926250635E-03
24744.00 0.106451418935E-03
24746.00 0.106201439121E-03
24748.00 0.106458710310E-03
24750.00 0.106729161279E-03
24752.00 0.107011786027E-03
24754.00 0.107534110057E-03
24756.00 0.108143932281E-03
24758.00 0.108006222335E-03
24760.00 0.107958616341E-03
24762.00 0.108621751442E-03
24764.00 0.109097029310E-03
24766.00 0.109253403683E-03
24768.00 0.109210279731E-03
24770.00 0.109024025650E-03
24772.00 0.107276148410E-03
24774.00 0.105138683072E-03
24776.00 0.104696562469E-03
24778.00 0.103990457793E-03
24780.00 0.102350856959E-03
24782.00 0.100466382649E-03
24784.00 0.982614661570E-04
24786.00 0.975803587841E-04
24788.00 0.977347262479E-04
24790.00 0.966361817296E-04
24792.00 0.952716903376E-04
24794.00 0.931311696800E-04
24796.00 0.916260249876E-04
24798.00 0.917316718853E-04
24800.00 0.921912744845E-04
24802.00 0.930110961068E-04
24804.00 0.945247366590E-04
24806.00 0.963241234416E-04
24808.00 0.986723261362E-04
24810.00 0.100628843912E-03
24812.00 0.997442464488E-04
24814.00 0.984995402322E-04
24816.00 0.965756419433E-04
24818.00 0.956669191564E-04
24820.00 0.955622528112E-04
24822.00 0.964336501378E-04
24824.00 0.975953418977E-04
24826.00 0.960320680853E-04
24828.00 0.941248035632E-04
24830.00 0.909958452721E-04
24832.00 0.908071398099E-04
24834.00 0.948683456656E-04
24836.00 0.996043277145E-04
24838.00 0.104753086740E-03
24840.00 0.106513853665E-03
24842.00 0.107470072175E-03
24844.00 0.105803134624E-03
24846.00 0.104406446163E-03
24848.00 0.103784426409E-03
24850.00 0.102643360181E-03
24852.00 0.100917445281E-03
24854.00 0.985247580746E-04
24856.00 0.958224690511E-04
24858.00 0.932554589504E-04
24860.00 0.909024620665E-04
24862.00 0.901809959670E-04
24864.00 0.893938396360E-04
24866.00 0.884669868066E-04
24868.00 0.885887330870E-04
24870.00 0.896306634219E-04
24872.00 0.942300942048E-04
24874.00 0.100045043651E-03
24876.00 0.103042779250E-03
24878.00 0.105377603680E-03
24880.00 0.105088221940E-03
24882.00 0.104468321062E-03
24884.00 0.103314388899E-03
24886.00 0.103330734268E-03
24888.00 0.104147412354E-03
24890.00 0.104606300745E-03
24892.00 0.104968840522E-03
24894.00 0.104795162281E-03
24896.00 0.104760177932E-03
24898.00 0.105187357834E-03
24900.00 0.104932249628E-03
24902.00 0.103821195431E-03
24904.00 0.102309695808E-03
24906.00 0.100588463132E-03
24908.00 0.988268276201E-04
24910.00 0.973362639809E-04
24912.00 0.990103147788E-04
24914.00 0.100874209362E-03
24916.00 0.103195585972E-03
24918.00 0.103824472987E-03
24920.00 0.102793179442E-03
24922.00 0.102463617104E-03
24924.00 0.102410348335E-03
24926.00 0.103036870488E-03
24928.00 0.103343086176E-03
24930.00 0.101396601250E-03
24932.00 0.982296473981E-04
24934.00 0.928405189906E-04
24936.00 0.899602919214E-04
24938.00 0.890034491143E-04
24940.00 0.931731128980E-04
24942.00 0.987990209835E-04
24944.00 0.103409466866E-03
24946.00 0.106978070629E-03
24948.00 0.106496283453E-03
24950.00 0.105729016391E-03
24952.00 0.104558628590E-03
24954.00 0.103241653279E-03
24956.00 0.101837629335E-03
24958.00 0.102627438926E-03
24960.00 0.103798562990E-03
24962.00 0.104230292791E-03
24964.00 0.104363300157E-03
24966.00 0.103659626505E-03
24968.00 0.102953611741E-03
24970.00 0.102244965772E-03
24972.00 0.102876706228E-03
24974.00 0.104118134889E-03
24976.00 0.103709549859E-03
24978.00 0.103597057755E-03
24980.00 0.103297867098E-03
24982.00 0.102992922057E-03
24984.00 0.102679124900E-03
24986.00 0.102372575010E-03
24988.00 0.102148170990E-03
24990.00 0.102033872159E-03
24992.00 0.102031196845E-03
24994.00 0.102109573187E-03
24996.00 0.102233616471E-03
24998.00 0.102372418936E-03
25000.00 0.102551069494E-03
25002.00 0.102838376465E-03
25004.00 0.103222121962E-03
25006.00 0.103669124971E-03
25008.00 0.104165562754E-03
25010.00 0.104629445516E-03
25012.00 0.104763521650E-03
25014.00 0.104145783755E-03
25016.00 0.103042334778E-03
25018.00 0.101104634110E-03
25020.00 0.992951924229E-04
25022.00 0.990024211615E-04
25024.00 0.100505582695E-03
25026.00 0.102340087847E-03
25028.00 0.103110364424E-03
25030.00 0.102954213984E-03
25032.00 0.102184449736E-03
25034.00 0.101117366024E-03
25036.00 0.100462146594E-03
25038.00 0.101349307405E-03
25040.00 0.102923732033E-03
25042.00 0.103702014195E-03
25044.00 0.103005988173E-03
25046.00 0.101853348711E-03
25048.00 0.100776768230E-03
25050.00 0.999743149405E-04
25052.00 0.999802915606E-04
25054.00 0.101544145562E-03
25056.00 0.103063672822E-03
25058.00 0.103444608985E-03
25060.00 0.102611987590E-03
25062.00 0.101516898756E-03
25064.00 0.100478402051E-03
25066.00 0.998235829854E-04
25068.00 0.999054370650E-04
25070.00 0.100548148513E-03
25072.00 0.101136498673E-03
25074.00 0.101246247605E-03
25076.00 0.101191394345E-03
25078.00 0.100853315790E-03
25080.00 0.100422054212E-03
25082.00 0.100282447626E-03
25084.00 0.100748315243E-03
25086.00 0.101515782487E-03
25088.00 0.102202532278E-03
25090.00 0.102743232337E-03
25092.00 0.102419222505E-03
25094.00 0.101315637811E-03
25096.00 0.996113069411E-04
25098.00 0.977428421011E-04
25100.00 0.959960336292E-04
25102.00 0.956771979930E-04
25104.00 0.976373733314E-04
25106.00 0.100454743253E-03
25108.00 0.101405655245E-03
25110.00 0.100418844514E-03
25112.00 0.990003701443E-04
25114.00 0.975328647568E-04
25116.00 0.962797288424E-04
25118.00 0.958854364682E-04
25120.00 0.965250942923E-04
25122.00 0.974080411023E-04
25124.00 0.982243408787E-04
25126.00 0.988530938733E-04
25128.00 0.992369716942E-04
25130.00 0.993740369868E-04
25132.00 0.988839541337E-04
25134.00 0.977487288090E-04
25136.00 0.963445928991E-04
25138.00 0.952147419521E-04
25140.00 0.944864747540E-04
25142.00 0.941852975452E-04
25144.00 0.949015249835E-04
25146.00 0.959978624105E-04
25148.00 0.964503076551E-04
25150.00 0.960034590241E-04
25152.00 0.959812727515E-04
25154.00 0.970701186216E-04
25156.00 0.984774659258E-04
25158.00 0.989425073681E-04
25160.00 0.982616442851E-04
25162.00 0.974243186131E-04
25164.00 0.970886473317E-04
25166.00 0.971433665719E-04
25168.00 0.976394480991E-04
25170.00 0.986118321543E-04
25172.00 0.996928726230E-04
25174.00 0.100309964168E-03
25176.00 0.100516373862E-03
25178.00 0.999970814016E-04
25180.00 0.985345703854E-04
25182.00 0.972074943660E-04
25184.00 0.969617726599E-04
25186.00 0.976843550285E-04
25188.00 0.985465660371E-04
25190.00 0.995868236649E-04
25192.00 0.100444798619E-03
25194.00 0.100870061523E-03
25196.00 0.100907008673E-03
25198.00 0.100929418878E-03
25200.00 0.101097810957E-03
25202.00 0.101211575405E-03
25204.00 0.100884666327E-03
25206.00 0.100271144128E-03
25208.00 0.995660437556E-04
25210.00 0.988457346402E-04
25212.00 0.982798184354E-04
25214.00 0.982884245649E-04
25216.00 0.987580159066E-04
25218.00 0.993883958040E-04
25220.00 0.100149329990E-03
25222.00 0.100657407169E-03
25224.00 0.100572319641E-03
25226.00 0.996843326554E-04
25228.00 0.981274341306E-04
25230.00 0.960480775557E-04
25232.00 0.948343418693E-04
25234.00 0.962842329373E-04
25236.00 0.995051477132E-04
25238.00 0.101817383810E-03
25240.00 0.100828766352E-03
25242.00 0.993531875228E-04
25244.00 0.984515559287E-04
25246.00 0.980716461221E-04
25248.00 0.977260743140E-04
25250.00 0.974354677325E-04
25252.00 0.972990945946E-04
25254.00 0.973632902471E-04
25256.00 0.974943789195E-04
25258.00 0.973468108578E-04
25260.00 0.968673206860E-04
25262.00 0.965907166656E-04
25264.00 0.970864402403E-04
25266.00 0.982154887629E-04
25268.00 0.988341631028E-04
25270.00 0.984756591984E-04
25272.00 0.976969766731E-04
25274.00 0.977766236614E-04
25276.00 0.986325017938E-04
25278.00 0.994587462047E-04
25280.00 0.997647600142E-04
25282.00 0.995554510743E-04
25284.00 0.991948079368E-04
25286.00 0.991015129470E-04
25288.00 0.990775878053E-04
25290.00 0.990655242952E-04
25292.00 0.990638973924E-04
25294.00 0.990707425988E-04
25296.00 0.990770975291E-04
25298.00 0.990807092873E-04
25300.00 0.990820919003E-04
25302.00 0.990825160147E-04
25304.00 0.990793046204E-04
25306.00 0.990655684031E-04
25308.00 0.990354002975E-04
25310.00 0.989900234493E-04
25312.00 0.989371787948E-04
25314.00 0.988952813812E-04
25316.00 0.988780894797E-04
25318.00 0.988829277768E-04
25320.00 0.988904193336E-04
25322.00 0.988832399250E-04
25324.00 0.988574639481E-04
25326.00 0.988245085626E-04
25328.00 0.987990888418E-04
25330.00 0.987887642007E-04
25332.00 0.987910832583E-04
25334.00 0.988002254684E-04
25336.00 0.988084532878E-04
25338.00 0.988117308439E-04
25340.00 0.988096577727E-04
25342.00 0.988045293813E-04
25344.00 0.987934243698E-04
25346.00 0.987717962317E-04
25348.00 0.987426968943E-04
25350.00 0.987172110117E-04
25352.00 0.987013118109E-04
25354.00 0.986881795326E-04
25356.00 0.986616893470E-04
25358.00 0.986181633341E-04
25360.00 0.985643822350E-04
25362.00 0.985214364106E-04
25364.00 0.984966189322E-04
25366.00 0.984864961696E-04
25368.00 0.984815238524E-04
25370.00 0.984759272387E-04
25372.00 0.984661149279E-04
25374.00 0.984504396596E-04
25376.00 0.984310627208E-04
25378.00 0.984104371891E-04
25380.00 0.983890092331E-04
25382.00 0.983675371691E-04
25384.00 0.983476479001E-04
25386.00 0.983325748742E-04
25388.00 0.983250375130E-04
25390.00 0.983231205159E-04
25392.00 0.983234326641E-04
25394.00 0.983210236943E-04
25396.00 0.983134422253E-04
25398.00 0.983008222771E-04
25400.00 0.982842105642E-04
25402.00 0.982663723124E-04
25404.00 0.982485781686E-04
25406.00 0.982315881456E-04
25408.00 0.982153767967E-04
25410.00 0.981993673262E-04
25412.00 0.981831797277E-04
25414.00 0.981666782845E-04
25416.00 0.981501785378E-04
25418.00 0.981337449529E-04
25420.00 0.981169771659E-04
25422.00 0.980996732983E-04
25424.00 0.980819029048E-04
25426.00 0.980644209092E-04
25428.00 0.980483215264E-04
25430.00 0.980338948509E-04
25432.00 0.980200263100E-04
25434.00 0.980053315941E-04
25436.00 0.979897462381E-04
25438.00 0.979737588216E-04
25440.00 0.979576373849E-04
25442.00 0.979415159482E-04
25444.00 0.979253504037E-04
25446.00 0.979088269065E-04
25448.00 0.978918809915E-04
25450.00 0.978747331980E-04
25452.00 0.978577211210E-04
25454.00 0.978410415498E-04
25456.00 0.978244739448E-04
25458.00 0.978077960700E-04
25460.00 0.977909604247E-04
25462.00 0.977741705837E-04
25464.00 0.977576029787E-04
25466.00 0.977412813601E-04
25468.00 0.977250479572E-04
25470.00 0.977083259745E-04
25472.00 0.976908660328E-04
25474.00 0.976728717069E-04
25476.00 0.976551013135E-04
25478.00 0.976380875401E-04
25480.00 0.976214537732E-04
25482.00 0.976045519661E-04
25484.00 0.975872260445E-04
25486.00 0.975697440488E-04
25488.00 0.975525758978E-04
25490.00 0.975360982050E-04
25492.00 0.975208674086E-04
25494.00 0.975057282209E-04
25496.00 0.974896067842E-04
25498.00 0.974725047951E-04
25500.00 0.974551110152E-04
25502.00 0.974378750059E-04
25504.00 0.974207730167E-04
25506.00 0.974034470951E-04
25508.00 0.973856325938E-04
25510.00 0.973674363895E-04
25512.00 0.973492198276E-04
25514.00 0.973316038118E-04
25516.00 0.973142795867E-04
25518.00 0.972970656313E-04
25520.00 0.972797397098E-04
25522.00 0.972622136062E-04
25524.00 0.972444652667E-04
25526.00 0.972266490689E-04
25528.00 0.972088990329E-04
25530.00 0.971909284574E-04
25532.00 0.971725100171E-04
25534.00 0.971538235366E-04
25536.00 0.971351608064E-04
25538.00 0.971167881705E-04
25540.00 0.970986157166E-04
25542.00 0.970802413842E-04
25544.00 0.970615107957E-04
25546.00 0.970426020792E-04
25548.00 0.970236713087E-04
25550.00 0.970050306325E-04
25552.00 0.969871703268E-04
25554.00 0.969705586139E-04
25556.00 0.969545050355E-04
25558.00 0.969379153765E-04
25560.00 0.969199210507E-04
25562.00 0.969017248463E-04
25564.00 0.968835303385E-04
25566.00 0.968650898443E-04
25568.00 0.968462269321E-04
25570.00 0.968271400875E-04
25572.00 0.968081194048E-04
25574.00 0.967894566746E-04
25576.00 0.967707260862E-04
25578.00 0.967517054034E-04
25580.00 0.967324404308E-04
25582.00 0.967130634920E-04
25584.00 0.966936865532E-04
25586.00 0.966745114928E-04
25588.00 0.966556468842E-04
25590.00 0.966366940598E-04
25592.00 0.966174290871E-04
25594.00 0.965979622361E-04
25596.00 0.965785852973E-04
25598.00 0.965594984527E-04
25600.00 0.965404794664E-04
25602.00 0.965211686894E-04
25604.00 0.965015254068E-04
25606.00 0.964817022996E-04
25608.00 0.964619233003E-04
25610.00 0.964423919839E-04
25612.00 0.964232152270E-04
25614.00 0.964044184767E-04
25616.00 0.963863121846E-04
25618.00 0.963689421552E-04
25620.00 0.963515059639E-04
25622.00 0.963333097595E-04
25624.00 0.963143128272E-04
25626.00 0.962948239222E-04
25628.00 0.962749125992E-04
25630.00 0.962548672561E-04
25632.00 0.962349779871E-04
25634.00 0.962154890821E-04
25636.00 0.961960222310E-04
25638.00 0.961762449282E-04
25640.00 0.961561537807E-04
25642.00 0.961359523635E-04
25644.00 0.961158629125E-04
25646.00 0.960961059671E-04
25648.00 0.960766849204E-04
25650.00 0.960571977118E-04
25652.00 0.960372846924E-04
25654.00 0.960171053291E-04
25656.00 0.959970599860E-04
25658.00 0.959773267911E-04
25660.00 0.959576818120E-04
25662.00 0.959377925430E-04
25664.00 0.959175911257E-04
25666.00 0.958971878301E-04
25668.00 0.958767862308E-04
25670.00 0.958565831172E-04
25672.00 0.958367379560E-04
25674.00 0.958173847676E-04
25676.00 0.957988543612E-04
25678.00 0.957810619137E-04
25680.00 0.957630896418E-04
25682.00 0.957442029793E-04
25684.00 0.957244477304E-04
25686.00 0.957042225628E-04
25688.00 0.956836428355E-04
25690.00 0.956629952499E-04
25692.00 0.956425478463E-04
25694.00 0.956224566989E-04
25696.00 0.956022332277E-04
25698.00 0.955815856421E-04
25700.00 0.955606038544E-04
25702.00 0.955395321544E-04
25704.00 0.955186165286E-04
25706.00 0.954980130509E-04
25708.00 0.954776335056E-04
25710.00 0.954570961898E-04
25712.00 0.954360702942E-04
25714.00 0.954148425201E-04
25716.00 0.953938607324E-04
25718.00 0.953732352008E-04
25720.00 0.953525876152E-04
25722.00 0.953316041310E-04
25724.00 0.953102219793E-04
25726.00 0.952886362527E-04
25728.00 0.952671200808E-04
25730.00 0.952458923067E-04
25732.00 0.952249325729E-04
25734.00 0.952039049809E-04
25736.00 0.951828332809E-04
25738.00 0.951623197155E-04
25740.00 0.951434568033E-04
25742.00 0.951249043429E-04
25744.00 0.951051711480E-04
25746.00 0.950839654278E-04
25748.00 0.950619352293E-04
25750.00 0.950397930646E-04
25752.00 0.950178527783E-04
25754.00 0.949962466942E-04
25756.00 0.949745065899E-04
25758.00 0.949523864791E-04
25760.00 0.949299779706E-04
25762.00 0.949074337454E-04
25764.00 0.948849794325E-04
25766.00 0.948628389642E-04
25768.00 0.948409190354E-04
25770.00 0.948188667829E-04
25772.00 0.947964141665E-04
25774.00 0.947737817255E-04
25776.00 0.947513274126E-04
25778.00 0.947291852479E-04
25780.00 0.947070210292E-04
25782.00 0.946845005544E-04
25784.00 0.946616679314E-04
25786.00 0.946386792344E-04
25788.00 0.946157566991E-04
25790.00 0.945931463121E-04
25792.00 0.945708039654E-04
25794.00 0.945483055446E-04
25796.00 0.945254729216E-04
25798.00 0.945025062785E-04
25800.00 0.944803641137E-04
25802.00 0.944606750267E-04
25804.00 0.944413438922E-04
25806.00 0.944206742527E-04
25808.00 0.943983081556E-04
25810.00 0.943752974046E-04
25812.00 0.943523748693E-04
25814.00 0.943298764485E-04
25816.00 0.943071778457E-04
25818.00 0.942840771824E-04
25820.00 0.942606643709E-04
25822.00 0.942372074516E-04
25824.00 0.942139507142E-04
25826.00 0.941910502329E-04
25828.00 0.941683957380E-04
25830.00 0.941454511488E-04
25832.00 0.941220620878E-04
25834.00 0.940985814180E-04
25836.00 0.940753925389E-04
25838.00 0.940526040238E-04
25840.00 0.940298155087E-04
25842.00 0.940067148455E-04
25844.00 0.939832579261E-04
25846.00 0.939597110945E-04
25848.00 0.939363440874E-04
25850.00 0.939133536938E-04
25852.00 0.938906991989E-04
25854.00 0.938679344342E-04
25856.00 0.938447879666E-04
25858.00 0.938213089933E-04
25860.00 0.937980302019E-04
25862.00 0.937759779495E-04
25864.00 0.937553744718E-04
25866.00 0.937354410949E-04
25868.00 0.937145254690E-04
25870.00 0.936920711561E-04
25872.00 0.936687024525E-04
25874.00 0.936453354454E-04
25876.00 0.936224129102E-04
25878.00 0.935994683210E-04
25880.00 0.935761895297E-04
25882.00 0.935525985901E-04
25884.00 0.935290297046E-04
25886.00 0.935058170751E-04
25888.00 0.934827842701E-04
25890.00 0.934594834248E-04
25892.00 0.934358466810E-04
25894.00 0.934120996673E-04
25896.00 0.933886648019E-04
25898.00 0.933655641386E-04
25900.00 0.933423532056E-04
25902.00 0.933187402121E-04
25904.00 0.932947251582E-04
25906.00 0.932706659964E-04
25908.00 0.932468070166E-04
25910.00 0.932233263468E-04
25912.00 0.932001374677E-04
25914.00 0.931766584944E-04
25916.00 0.931527774606E-04
25918.00 0.931286283865E-04
25920.00 0.931048813729E-04
25922.00 0.930824050060E-04
25924.00 0.930614673262E-04
25926.00 0.930410877809E-04
25928.00 0.930195037508E-04
25930.00 0.929960688853E-04
25932.00 0.929718977573E-04
25934.00 0.929479946696E-04
25936.00 0.929244257840E-04
25938.00 0.929007228783E-04
25940.00 0.928765958581E-04
25942.00 0.928520464201E-04
25944.00 0.928276089482E-04
25946.00 0.928036821101E-04
25948.00 0.927798248267E-04
25950.00 0.927556757526E-04
25952.00 0.927311263145E-04
25954.00 0.927064649103E-04
25956.00 0.926821156542E-04
25958.00 0.926581226542E-04
25960.00 0.926339752766E-04
25962.00 0.926094020881E-04
25964.00 0.925845184479E-04
25966.00 0.925595228415E-04
25968.00 0.925346833091E-04
25970.00 0.925102441408E-04
25972.00 0.924860730128E-04
25974.00 0.924617017028E-04
25976.00 0.924368621704E-04
25978.00 0.924118665640E-04
25980.00 0.923870490856E-04
25982.00 0.923626319712E-04
25984.00 0.923386186138E-04
25986.00 0.923159183145E-04
25988.00 0.922942460685E-04
25990.00 0.922717917556E-04
25992.00 0.922480888499E-04
25994.00 0.922235614657E-04
25996.00 0.921990340816E-04
25998.00 0.921743726773E-04
26000.00 0.921491989429E-04
26002.00 0.921238233299E-04
26004.00 0.920986716494E-04
26006.00 0.920738762250E-04
26008.00 0.920491707128E-04
26010.00 0.920240851941E-04
26012.00 0.919985552036E-04
26014.00 0.919730676244E-04
26016.00 0.919479838022E-04
26018.00 0.919231663238E-04
26020.00 0.918981707174E-04
26022.00 0.918727051922E-04
26024.00 0.918469071613E-04
26026.00 0.918210870765E-04
26028.00 0.917955112816E-04
26030.00 0.917703596011E-04
26032.00 0.917453860486E-04
26034.00 0.917201224019E-04
26036.00 0.916944566947E-04
26038.00 0.916685704480E-04
26040.00 0.916429725991E-04
26042.00 0.916178870804E-04
26044.00 0.915927353999E-04
26046.00 0.915674496992E-04
26048.00 0.915431666050E-04
26050.00 0.915205341640E-04
26052.00 0.914979695814E-04
26054.00 0.914743565879E-04
26056.00 0.914497172376E-04
26058.00 0.914244315369E-04
26060.00 0.913986555600E-04
26062.00 0.913725894888E-04
26064.00 0.913466794917E-04
26066.00 0.913212377169E-04
26068.00 0.912958179961E-04
26070.00 0.912700861271E-04
26072.00 0.912439759480E-04
26074.00 0.912178420185E-04
26076.00 0.911920660416E-04
26078.00 0.911664681927E-04
26080.00 0.911404462294E-04
26082.00 0.911137338079E-04
26084.00 0.910870434403E-04
26086.00 0.910607093288E-04
26088.00 0.910348451361E-04
26090.00 0.910093355030E-04
26092.00 0.909838055125E-04
26094.00 0.909577835492E-04
26096.00 0.909312492557E-04
26098.00 0.909046929083E-04
26100.00 0.908784707630E-04
26102.00 0.908525149616E-04
26104.00 0.908262266544E-04
26106.00 0.907992241387E-04
26108.00 0.907721995689E-04
26110.00 0.907466899359E-04
26112.00 0.907233229287E-04
26114.00 0.907008007575E-04
26116.00 0.906770537439E-04
26118.00 0.906512998209E-04
26120.00 0.906244092713E-04
26122.00 0.905976968498E-04
26124.00 0.905713627383E-04
26126.00 0.905450744312E-04
26128.00 0.905182042391E-04
26130.00 0.904908013593E-04
26132.00 0.904632407090E-04
26134.00 0.904363043551E-04
26136.00 0.904098158659E-04
26138.00 0.903834597005E-04
26140.00 0.903568796027E-04
26142.00 0.903297668172E-04
26144.00 0.903022282208E-04
26146.00 0.902746913208E-04
26148.00 0.902476209468E-04
26150.00 0.902205963770E-04
26152.00 0.901932376052E-04
26154.00 0.901652748944E-04
26156.00 0.901371136980E-04
26158.00 0.901094868859E-04
26160.00 0.900826183902E-04
26162.00 0.900558381104E-04
26164.00 0.900282333522E-04
26166.00 0.900001383177E-04
26168.00 0.899720873911E-04
26170.00 0.899445945991E-04
26172.00 0.899178821776E-04
26174.00 0.898931308610E-04
26176.00 0.898690275913E-04
26178.00 0.898439861805E-04
26180.00 0.898173857252E-04
26182.00 0.897901151691E-04
26184.00 0.897632025656E-04
26186.00 0.897364663937E-04
26188.00 0.897087734196E-04
26190.00 0.896805443650E-04
26192.00 0.896522932564E-04
26194.00 0.896245765320E-04
26196.00 0.895971278479E-04
26198.00 0.895695451436E-04
26200.00 0.895417181494E-04
26202.00 0.895136010610E-04
26204.00 0.894855060265E-04
26206.00 0.894577214438E-04
26208.00 0.894304067798E-04
26210.00 0.894032261359E-04
26212.00 0.893756671821E-04
26214.00 0.893477723296E-04
26216.00 0.893199215850E-04
26218.00 0.892924067390E-04
26220.00 0.892652040413E-04
26222.00 0.892379555391E-04
26224.00 0.892102388147E-04
26226.00 0.891821217263E-04
26228.00 0.891540928536E-04
26230.00 0.891265780077E-04
26232.00 0.891002438962E-04
26234.00 0.890759845523E-04
26236.00 0.890527719229E-04
26238.00 0.890280002488E-04
26240.00 0.890015541712E-04
26242.00 0.889745957633E-04
26244.00 0.889479053957E-04
26246.00 0.889213490483E-04
26248.00 0.888944364448E-04
26250.00 0.888671200843E-04
26252.00 0.888396052383E-04
26254.00 0.888121565542E-04
26256.00 0.887849979643E-04
26258.00 0.887582855428E-04
26260.00 0.887319514313E-04
26262.00 0.887054612457E-04
26264.00 0.886787047163E-04
26266.00 0.886519922948E-04
26268.00 0.886255462171E-04
26270.00 0.885991679977E-04
26272.00 0.885725234345E-04
26274.00 0.885454530604E-04
26276.00 0.885181163425E-04
26278.00 0.884910239145E-04
26280.00 0.884643776548E-04
26282.00 0.884380893477E-04
26284.00 0.884116212160E-04
26286.00 0.883847086125E-04
26288.00 0.883575059147E-04
26290.00 0.883302574126E-04
26292.00 0.883032990047E-04
26294.00 0.882773448997E-04
26296.00 0.882534859199E-04
26298.00 0.882309654451E-04
26300.00 0.882073287013E-04
26302.00 0.881816205826E-04
26304.00 0.881553085251E-04
26306.00 0.881289744136E-04
26308.00 0.881024401201E-04
26310.00 0.880754596583E-04
26312.00 0.880481008864E-04
26314.00 0.880206963102E-04
26316.00 0.879935156664E-04
26318.00 0.879668252988E-04
26320.00 0.879404029715E-04
26322.00 0.879136684960E-04
26324.00 0.878864861558E-04
26326.00 0.878591053299E-04
26328.00 0.878320349559E-04
26330.00 0.878054565545E-04
26332.00 0.877787882408E-04
26334.00 0.877517195632E-04
26336.00 0.877242030208E-04
26338.00 0.876967102288E-04
26340.00 0.876696415511E-04
26342.00 0.876426610893E-04
26344.00 0.876153226749E-04
26346.00 0.875874515728E-04
26348.00 0.875592445722E-04
26350.00 0.875309934636E-04
26352.00 0.875030086988E-04
26354.00 0.874755617112E-04
26356.00 0.874486694651E-04
26358.00 0.874226712523E-04
26360.00 0.873982541379E-04
26362.00 0.873736147876E-04
26364.00 0.873478846150E-04
26366.00 0.873210144229E-04
26368.00 0.872933876107E-04
26370.00 0.872652043604E-04
26372.00 0.872367072655E-04
26374.00 0.872080982044E-04
26376.00 0.871797147721E-04
26378.00 0.871518199196E-04
26380.00 0.871241473031E-04
26382.00 0.870961421809E-04
26384.00 0.870677349982E-04
26386.00 0.870391479910E-04
26388.00 0.870108748285E-04
26390.00 0.869830919422E-04
26392.00 0.869551529818E-04
26394.00 0.869267678531E-04
26396.00 0.868980485222E-04
26398.00 0.868694632115E-04
26400.00 0.868414784467E-04
26402.00 0.868135615403E-04
26404.00 0.867852442699E-04
26406.00 0.867564570807E-04
26408.00 0.867274256016E-04
26410.00 0.866984823383E-04
26412.00 0.866698529197E-04
26414.00 0.866417799392E-04
26416.00 0.866135949924E-04
26418.00 0.865853218299E-04
26420.00 0.865576051055E-04
26422.00 0.865322091351E-04
26424.00 0.865078819329E-04
26426.00 0.864825521243E-04
26428.00 0.864551034402E-04
26430.00 0.864263603589E-04
26432.00 0.863971948597E-04
26434.00 0.863680073065E-04
26436.00 0.863391760094E-04
26438.00 0.863108587390E-04
26440.00 0.862827637045E-04
26442.00 0.862543785758E-04
26444.00 0.862255913866E-04
26446.00 0.861966718737E-04
26448.00 0.861681527249E-04
26450.00 0.861401696566E-04
26452.00 0.861120746221E-04
26454.00 0.860835554732E-04
26456.00 0.860545460481E-04
26458.00 0.860254026028E-04
26460.00 0.859964372856E-04
26462.00 0.859680742108E-04
26464.00 0.859400470346E-04
26466.00 0.859117959260E-04
26468.00 0.858830748987E-04
26470.00 0.858540434196E-04
26472.00 0.858253240887E-04
26474.00 0.857970950341E-04
26476.00 0.857688880334E-04
26478.00 0.857407047831E-04
26480.00 0.857131882407E-04
26482.00 0.856879483444E-04
26484.00 0.856635091761E-04
26486.00 0.856378231114E-04
26488.00 0.856101284409E-04
26490.00 0.855813191978E-04
26492.00 0.855521757525E-04
26494.00 0.855230102533E-04
26496.00 0.854941569022E-04
26498.00 0.854657717735E-04
26500.00 0.854374986110E-04
26502.00 0.854088691923E-04
26504.00 0.853798818212E-04
26506.00 0.853508282881E-04
26508.00 0.853221971730E-04
26510.00 0.852939901724E-04
26512.00 0.852655168278E-04
26514.00 0.852365735645E-04
26516.00 0.852072519912E-04
26518.00 0.851779083639E-04
26520.00 0.851487649187E-04
26522.00 0.851202016619E-04
26524.00 0.850918606410E-04
26526.00 0.850632091685E-04
26528.00 0.850341539390E-04
26530.00 0.850049002240E-04
26532.00 0.849760248190E-04
26534.00 0.849476837981E-04
26536.00 0.849191646493E-04
26538.00 0.848901772781E-04
26540.00 0.848609235630E-04
26542.00 0.848326487041E-04
26544.00 0.848072747876E-04
26546.00 0.847830137473E-04
26548.00 0.847570596423E-04
26550.00 0.847289425539E-04
26552.00 0.846995310683E-04
26554.00 0.846697870770E-04
26556.00 0.846404655037E-04
26558.00 0.846118564426E-04
26560.00 0.845833593476E-04
26562.00 0.845543736729E-04
26564.00 0.845249180794E-04
26566.00 0.844953505197E-04
26568.00 0.844663410946E-04
26570.00 0.844377337299E-04
26572.00 0.844088803789E-04
26574.00 0.843796249674E-04
26576.00 0.843499912459E-04
26578.00 0.843202455582E-04
26580.00 0.842906796949E-04
26582.00 0.842617584856E-04
26584.00 0.842330612087E-04
26586.00 0.842041196418E-04
26588.00 0.841747081562E-04
26590.00 0.841451422930E-04
26592.00 0.841159547398E-04
26594.00 0.840871896046E-04
26596.00 0.840583141996E-04
26598.00 0.840290146802E-04
26600.00 0.839994250666E-04
26602.00 0.839700593854E-04
26604.00 0.839419643509E-04
26606.00 0.839156980977E-04
26608.00 0.838906787409E-04
26610.00 0.838645465079E-04
26612.00 0.838364514734E-04
26614.00 0.838071078461E-04
26616.00 0.837778083267E-04
26618.00 0.837489770296E-04
26620.00 0.837201898405E-04
26622.00 0.836910022873E-04
26624.00 0.836613244578E-04
26626.00 0.836317127903E-04
26628.00 0.836026813112E-04
26630.00 0.835739619803E-04
26632.00 0.835449966631E-04
26634.00 0.835155410696E-04
26636.00 0.834857292200E-04
26638.00 0.834559835323E-04
26640.00 0.834265296352E-04
26642.00 0.833976983382E-04
26644.00 0.833690672231E-04
26646.00 0.833400798519E-04
26648.00 0.833104919347E-04
26650.00 0.832809023211E-04
26652.00 0.832517588758E-04
26654.00 0.832231057068E-04
26656.00 0.831943422680E-04
26658.00 0.831650868565E-04
26660.00 0.831354989393E-04
26662.00 0.831060653998E-04
26664.00 0.830772561567E-04
26666.00 0.830490271020E-04
26668.00 0.830217802964E-04
26670.00 0.829964708453E-04
26672.00 0.829705845986E-04
26674.00 0.829430680562E-04
26676.00 0.829143928332E-04
26678.00 0.828856955563E-04
26680.00 0.828569321175E-04
26682.00 0.828278327801E-04
26684.00 0.827983330787E-04
26686.00 0.827689894514E-04
26688.00 0.827400478846E-04
26690.00 0.827113947156E-04
26692.00 0.826824972566E-04
26694.00 0.826531078250E-04
26696.00 0.826234961574E-04
26698.00 0.825939302942E-04
26700.00 0.825646528288E-04
26702.00 0.825358893900E-04
26704.00 0.825073023828E-04
26706.00 0.824783387620E-04
26708.00 0.824489493304E-04
26710.00 0.824196057031E-04
26712.00 0.823906403859E-04
26714.00 0.823621212370E-04
26716.00 0.823333136903E-04
26718.00 0.823040582788E-04
26720.00 0.822744686652E-04
26722.00 0.822448586941E-04
26724.00 0.822155133703E-04
26726.00 0.821871960999E-04
26728.00 0.821607279683E-04
26730.00 0.821360224561E-04
26732.00 0.821103346950E-04
26734.00 0.820830878893E-04
26736.00 0.820544567742E-04
26738.00 0.820260495915E-04
26740.00 0.819974863347E-04
26742.00 0.819684328017E-04
26744.00 0.819390654240E-04
26746.00 0.819097896551E-04
26748.00 0.818810923781E-04
26750.00 0.818527734112E-04
26752.00 0.818239879185E-04
26754.00 0.817947766149E-04
26756.00 0.817652769135E-04
26758.00 0.817357772122E-04
26760.00 0.817065455511E-04
26762.00 0.816780705101E-04
26764.00 0.816496412735E-04
26766.00 0.816208320303E-04
26768.00 0.815915766189E-04
26770.00 0.815622787959E-04
26772.00 0.815334695528E-04
26774.00 0.815051064780E-04
26776.00 0.814764533090E-04
26778.00 0.814473556681E-04
26780.00 0.814179899868E-04
26782.00 0.813885123394E-04
26784.00 0.813593010358E-04
26786.00 0.813305817049E-04
26788.00 0.813024646165E-04
26790.00 0.812753721885E-04
26792.00 0.812500203259E-04
26794.00 0.812247346253E-04
26796.00 0.811981324735E-04
26798.00 0.811704615534E-04
26800.00 0.811420543707E-04
26802.00 0.811130890535E-04
26804.00 0.810838115881E-04
26806.00 0.810547360011E-04
26808.00 0.810262389061E-04
26810.00 0.809978096695E-04
26812.00 0.809689783724E-04
26814.00 0.809397026035E-04
26816.00 0.809102249560E-04
26818.00 0.808808355244E-04
26820.00 0.808518260993E-04
26822.00 0.808233968626E-04
26824.00 0.807949218216E-04
26826.00 0.807660023088E-04
26828.00 0.807366586815E-04
26830.00 0.807074473779E-04
26832.00 0.806787738514E-04
26834.00 0.806504328305E-04
26836.00 0.806217355536E-04
26838.00 0.805925700544E-04
26840.00 0.805630482991E-04
26842.00 0.805335469012E-04
26844.00 0.805043593480E-04
26846.00 0.804757078755E-04
26848.00 0.804472769424E-04
26850.00 0.804185135036E-04
26852.00 0.803903285569E-04
26854.00 0.803640402497E-04
26856.00 0.803392448253E-04
26858.00 0.803137809966E-04
26860.00 0.802863764203E-04
26862.00 0.802573890492E-04
26864.00 0.802280013140E-04
26866.00 0.801988358148E-04
26868.00 0.801701385378E-04
26870.00 0.801416414429E-04
26872.00 0.801127660379E-04
26874.00 0.800834444646E-04
26876.00 0.800539006553E-04
26878.00 0.800244009539E-04
26880.00 0.799951896503E-04
26882.00 0.799666705015E-04
26884.00 0.799380190289E-04
26886.00 0.799090096037E-04
26888.00 0.798796659765E-04
26890.00 0.798504326189E-04
26892.00 0.798216912341E-04
26894.00 0.797932382471E-04
26896.00 0.797644527543E-04
26898.00 0.797352193968E-04
26900.00 0.797057654998E-04
26902.00 0.796762641019E-04
26904.00 0.796471223531E-04
26906.00 0.796185132920E-04
26908.00 0.795900399475E-04
26910.00 0.795611407921E-04
26912.00 0.795318650231E-04
26914.00 0.795033017663E-04
26916.00 0.794771898908E-04
26918.00 0.794528185807E-04
26920.00 0.794275108261E-04
26922.00 0.794001961621E-04
26924.00 0.793710747708E-04
26926.00 0.793420653457E-04
26928.00 0.793135920012E-04
26930.00 0.792851169602E-04
26932.00 0.792562856631E-04
26934.00 0.792269640898E-04
26936.00 0.791974864423E-04
26938.00 0.791681869229E-04
26940.00 0.791393573223E-04
26942.00 0.791110163015E-04
26944.00 0.790825870649E-04
26946.00 0.790536658555E-04
26948.00 0.790244121405E-04
26950.00 0.789953569110E-04
26952.00 0.789669056204E-04
26954.00 0.789386986197E-04
26956.00 0.789101574169E-04
26958.00 0.788810597760E-04
26960.00 0.788516923983E-04
26962.00 0.788223928789E-04
26964.00 0.787934733660E-04
26966.00 0.787651543992E-04
26968.00 0.787369490949E-04
26970.00 0.787082959259E-04
26972.00 0.786793764130E-04
26974.00 0.786511694123E-04
26976.00 0.786251474491E-04
26978.00 0.786012884692E-04
26980.00 0.785761367887E-04
26982.00 0.785487322125E-04
26984.00 0.785198568075E-04
26986.00 0.784906913083E-04
26988.00 0.784616818831E-04
26990.00 0.784333425588E-04
26992.00 0.784051576120E-04
26994.00 0.783766384631E-04
26996.00 0.783477630582E-04
26998.00 0.783188197949E-04
27000.00 0.782902785920E-04
27002.00 0.782622293619E-04
27004.00 0.782339324490E-04
27006.00 0.782052351720E-04
27008.00 0.781762715513E-04
27010.00 0.781475505239E-04
27012.00 0.781194775434E-04
27014.00 0.780914503672E-04
27016.00 0.780629753262E-04
27018.00 0.780340558134E-04
27020.00 0.780049344220E-04
27022.00 0.779759691048E-04
27024.00 0.779474737063E-04
27026.00 0.779194889416E-04
27028.00 0.778915058733E-04
27030.00 0.778629867244E-04
27032.00 0.778340672116E-04
27034.00 0.778053020763E-04
27036.00 0.777776752641E-04
27038.00 0.777518772333E-04
27040.00 0.777277281592E-04
27042.00 0.777025103168E-04
27044.00 0.776752838686E-04
27046.00 0.776468766859E-04
27048.00 0.776182913752E-04
27050.00 0.775902404486E-04
27052.00 0.775624134545E-04
27054.00 0.775341165415E-04
27056.00 0.775054192646E-04
27058.00 0.774766999337E-04
27060.00 0.774484267712E-04
27062.00 0.774207779051E-04
27064.00 0.773927049245E-04
27066.00 0.773642078296E-04
27068.00 0.773355105527E-04
27070.00 0.773070355117E-04
27072.00 0.772791186052E-04
27074.00 0.772513136650E-04
27076.00 0.772231524687E-04
27078.00 0.771945654615E-04
27080.00 0.771658020227E-04
27082.00 0.771370826918E-04
27084.00 0.771087637250E-04
27086.00 0.770810266430E-04
27088.00 0.770532200064E-04
27090.00 0.770249909517E-04
27092.00 0.769964276949E-04
27094.00 0.769679543504E-04
27096.00 0.769400374440E-04
27098.00 0.769125667059E-04
27100.00 0.768859204462E-04
27102.00 0.768611250218E-04
27104.00 0.768365314758E-04
27106.00 0.768101532564E-04
27108.00 0.767826808219E-04
27110.00 0.767550998141E-04
27112.00 0.767274730019E-04
27114.00 0.766994882372E-04
27116.00 0.766710810545E-04
27118.00 0.766427858380E-04
27120.00 0.766149350934E-04
27122.00 0.765875084633E-04
27124.00 0.765597476309E-04
27126.00 0.765314965223E-04
27128.00 0.765030893397E-04
27130.00 0.764750384131E-04
27132.00 0.764475235671E-04
27134.00 0.764201189909E-04
27136.00 0.763922478888E-04
27138.00 0.763638407061E-04
27140.00 0.763353436112E-04
27142.00 0.763070025903E-04
27144.00 0.762790636300E-04
27146.00 0.762513469055E-04
27148.00 0.762233858912E-04
27150.00 0.761952026409E-04
27152.00 0.761671517144E-04
27154.00 0.761395249022E-04
27156.00 0.761124104202E-04
27158.00 0.760852738843E-04
27160.00 0.760578693080E-04
27162.00 0.760308667922E-04
27164.00 0.760054928758E-04
27166.00 0.759812097815E-04
27168.00 0.759560801550E-04
27170.00 0.759295679154E-04
27172.00 0.759020751234E-04
27174.00 0.758741802709E-04
27176.00 0.758461972027E-04
27178.00 0.758187264646E-04
27180.00 0.757914779624E-04
27182.00 0.757641632985E-04
27184.00 0.757363804122E-04
27186.00 0.757084635058E-04
27188.00 0.756808587475E-04
27190.00 0.756536102454E-04
27192.00 0.756263854937E-04
27194.00 0.755986246613E-04
27196.00 0.755703294449E-04
27198.00 0.755421003902E-04
27200.00 0.755145838478E-04
27202.00 0.754874710623E-04
27204.00 0.754605567623E-04
27206.00 0.754335542465E-04
27208.00 0.754059715422E-04
27210.00 0.753782565142E-04
27212.00 0.753507399718E-04
27214.00 0.753235593280E-04
27216.00 0.752966687784E-04
27218.00 0.752692862561E-04
27220.00 0.752414592620E-04
27222.00 0.752145449620E-04
27224.00 0.751900616857E-04
27226.00 0.751667828944E-04
27228.00 0.751423233686E-04
27230.00 0.751159230953E-04
27232.00 0.750886966471E-04
27234.00 0.750613819831E-04
27236.00 0.750343353594E-04
27238.00 0.750073090932E-04
27240.00 0.749802183617E-04
27242.00 0.749529257516E-04
27244.00 0.749252548316E-04
27246.00 0.748976263229E-04
27248.00 0.748706475576E-04
27250.00 0.748443134461E-04
27252.00 0.748180454964E-04
27254.00 0.747910429807E-04
27256.00 0.747633500066E-04
27258.00 0.747356790866E-04
27260.00 0.747085866585E-04
27262.00 0.746816503046E-04
27264.00 0.746546918967E-04
27266.00 0.746276893809E-04
27268.00 0.746002865012E-04
27270.00 0.745729718372E-04
27272.00 0.745459693214E-04
27274.00 0.745192789538E-04
27276.00 0.744928108222E-04
27278.00 0.744660084884E-04
27280.00 0.744388498985E-04
27282.00 0.744119372950E-04
27284.00 0.743860934598E-04
27286.00 0.743620563519E-04
27288.00 0.743392237289E-04
27290.00 0.743153206412E-04
27292.00 0.742894547520E-04
27294.00 0.742625642024E-04
27296.00 0.742355837406E-04
27298.00 0.742090494471E-04
27300.00 0.741827831940E-04
27302.00 0.741563150623E-04
27304.00 0.741293787084E-04
27306.00 0.741024440509E-04
27308.00 0.740757316294E-04
27310.00 0.740489734035E-04
27312.00 0.740221269618E-04
27314.00 0.739955027561E-04
27316.00 0.739690142670E-04
27318.00 0.739423900612E-04
27320.00 0.739155656735E-04
27322.00 0.738888532520E-04
27324.00 0.738626090528E-04
27326.00 0.738366990557E-04
27328.00 0.738105430723E-04
27330.00 0.737841427989E-04
27332.00 0.737578307414E-04
27334.00 0.737317867242E-04
27336.00 0.737059666393E-04
27338.00 0.736796783322E-04
27340.00 0.736529201063E-04
27342.00 0.736259837524E-04
27344.00 0.735991373107E-04
27346.00 0.735728931115E-04
27348.00 0.735486999295E-04
27350.00 0.735268258051E-04
27352.00 0.735041713102E-04
27354.00 0.734796439260E-04
27356.00 0.734535999088E-04
27358.00 0.734273557096E-04
27360.00 0.734016017866E-04
27362.00 0.733760480456E-04
27364.00 0.733501617990E-04
27366.00 0.733238717954E-04
27368.00 0.732973375019E-04
27370.00 0.732709151746E-04
27372.00 0.732448491034E-04
27374.00 0.732193394704E-04
27376.00 0.731938756416E-04
27378.00 0.731679656446E-04
27380.00 0.731417434993E-04
27382.00 0.731155875158E-04
27384.00 0.730898793972E-04
27386.00 0.730645478922E-04
27388.00 0.730389500433E-04
27390.00 0.730129738844E-04
27392.00 0.729868857593E-04
27394.00 0.729610198701E-04
27396.00 0.729357341694E-04
27398.00 0.729102923946E-04
27400.00 0.728845605256E-04
27402.00 0.728584724005E-04
27404.00 0.728322723091E-04
27406.00 0.728061621301E-04
27408.00 0.727808984833E-04
27410.00 0.727571514697E-04
27412.00 0.727349431431E-04
27414.00 0.727126228504E-04
27416.00 0.726887859245E-04
27418.00 0.726636562979E-04
27420.00 0.726385724757E-04
27422.00 0.726135090110E-04
27424.00 0.725880231283E-04
27426.00 0.725620910773E-04
27428.00 0.725360470600E-04
27430.00 0.725101591169E-04
27432.00 0.724846732342E-04
27434.00 0.724596318234E-04
27436.00 0.724345463048E-04
27438.00 0.724090383681E-04
27440.00 0.723832182833E-04
27442.00 0.723574643603E-04
27444.00 0.723322448215E-04
27446.00 0.723073153769E-04
27448.00 0.722819635144E-04
27450.00 0.722562095914E-04
27452.00 0.722303657562E-04
27454.00 0.722049460354E-04
27456.00 0.721801302534E-04
27458.00 0.721550888427E-04
27460.00 0.721296470679E-04
27462.00 0.721039151989E-04
27464.00 0.720780510061E-04
27466.00 0.720523852990E-04
27468.00 0.720271216522E-04
27470.00 0.720024602479E-04
27472.00 0.719783569782E-04
27474.00 0.719557024833E-04
27476.00 0.719336281769E-04
27478.00 0.719106377833E-04
27480.00 0.718868025539E-04
27482.00 0.718622514194E-04
27484.00 0.718371675972E-04
27486.00 0.718117478763E-04
27488.00 0.717862161893E-04
27490.00 0.717607082527E-04
27492.00 0.717356227340E-04
27494.00 0.717111174038E-04
27496.00 0.716865238579E-04
27498.00 0.716615282514E-04
27500.00 0.716363087126E-04
27502.00 0.716111349781E-04
27504.00 0.715865617896E-04
27506.00 0.715621243178E-04
27508.00 0.715373950552E-04
27510.00 0.715123332869E-04
27512.00 0.714872698222E-04
27514.00 0.714626542223E-04
27516.00 0.714384152359E-04
27518.00 0.714140659799E-04
27520.00 0.713892722519E-04
27522.00 0.713642087872E-04
27524.00 0.713391232685E-04
27526.00 0.713143295405E-04
27528.00 0.712899565340E-04
27530.00 0.712661654125E-04
27532.00 0.712430868032E-04
27534.00 0.712211244630E-04
27536.00 0.711996744529E-04
27538.00 0.711774881803E-04
27540.00 0.711544977868E-04
27542.00 0.711307965775E-04
27544.00 0.711066033955E-04
27546.00 0.710820980654E-04
27548.00 0.710574807690E-04
27550.00 0.710331094590E-04
27552.00 0.710092504791E-04
27554.00 0.709857715058E-04
27556.00 0.709621805663E-04
27558.00 0.709381434584E-04
27560.00 0.709139282225E-04
27562.00 0.708899131685E-04
27564.00 0.708664324988E-04
27566.00 0.708431316535E-04
27568.00 0.708195186600E-04
27570.00 0.707955036061E-04
27572.00 0.707713562285E-04
27574.00 0.707472733162E-04
27576.00 0.707234821947E-04
27578.00 0.707003815314E-04
27580.00 0.706772808682E-04
27582.00 0.706538239488E-04
27584.00 0.706300548812E-04
27586.00 0.706063740294E-04
27588.00 0.705832072043E-04
27590.00 0.705602626151E-04
27592.00 0.705372060598E-04
27594.00 0.705143513828E-04
27596.00 0.704927452987E-04
27598.00 0.704731003196E-04
27600.00 0.704525867542E-04
27602.00 0.704308245960E-04
27604.00 0.704078342024E-04
27606.00 0.703843331752E-04
27608.00 0.703607642896E-04
27610.00 0.703373955860E-04
27612.00 0.703144747472E-04
27614.00 0.702918643602E-04
27616.00 0.702691878113E-04
27618.00 0.702460871481E-04
27620.00 0.702228965725E-04
27622.00 0.701999078755E-04
27624.00 0.701773874007E-04
27626.00 0.701549330878E-04
27628.00 0.701321004648E-04
27630.00 0.701089777476E-04
27632.00 0.700857430641E-04
27634.00 0.700626644548E-04
27636.00 0.700399658520E-04
27638.00 0.700177134175E-04
27640.00 0.699953710708E-04
27642.00 0.699726707715E-04
27644.00 0.699496820744E-04
27646.00 0.699269834716E-04
27648.00 0.699046852328E-04
27650.00 0.698825888724E-04
27652.00 0.698601345595E-04
27654.00 0.698373460444E-04
27656.00 0.698149137854E-04
27658.00 0.697942220920E-04
27660.00 0.697753133754E-04
27662.00 0.697559143827E-04
27664.00 0.697346866086E-04
27666.00 0.697123442619E-04
27668.00 0.696896015512E-04
27670.00 0.696669233058E-04
27672.00 0.696447149792E-04
27674.00 0.696228866592E-04
27676.00 0.696009446765E-04
27678.00 0.695786243837E-04
27680.00 0.695561480168E-04
27682.00 0.695339176363E-04
27684.00 0.695121775320E-04
27686.00 0.694904815356E-04
27688.00 0.694685191954E-04
27690.00 0.694461768487E-04
27692.00 0.694237225358E-04
27694.00 0.694013581351E-04
27696.00 0.693793279366E-04
27698.00 0.693578762301E-04
27700.00 0.693363142539E-04
27702.00 0.693144180755E-04
27704.00 0.692923437691E-04
27706.00 0.692703797324E-04
27708.00 0.692488856145E-04
27710.00 0.692275238202E-04
27712.00 0.692058736282E-04
27714.00 0.691839095916E-04
27716.00 0.691619455549E-04
27718.00 0.691406736729E-04
27720.00 0.691208285118E-04
27722.00 0.691020538154E-04
27724.00 0.690831688493E-04
27726.00 0.690628096615E-04
27728.00 0.690413596515E-04
27730.00 0.690197094595E-04
27732.00 0.689984816854E-04
27734.00 0.689775660595E-04
27736.00 0.689563823934E-04
27738.00 0.689347763092E-04
27740.00 0.689131922791E-04
27742.00 0.688918525388E-04
27744.00 0.688710709331E-04
27746.00 0.688502011115E-04
27748.00 0.688289512835E-04
27750.00 0.688074113612E-04
27752.00 0.687858052771E-04
27754.00 0.687643773211E-04
27756.00 0.687433717829E-04
27758.00 0.687227920557E-04
27760.00 0.687020766118E-04
27762.00 0.686809828579E-04
27764.00 0.686596889219E-04
27766.00 0.686386392759E-04
27768.00 0.686180357982E-04
27770.00 0.685976341990E-04
27772.00 0.685768746472E-04
27774.00 0.685558029473E-04
27776.00 0.685347549977E-04
27778.00 0.685144636682E-04
27780.00 0.684953547697E-04
27782.00 0.684774927675E-04
27784.00 0.684591862935E-04
27786.00 0.684396312266E-04
27788.00 0.684190956072E-04
27790.00 0.683983360555E-04
27792.00 0.683780684764E-04
27794.00 0.683580434908E-04
27796.00 0.683377301073E-04
27798.00 0.683171062722E-04
27800.00 0.682964349362E-04
27802.00 0.682760994988E-04
27804.00 0.682561440680E-04
27806.00 0.682361428327E-04
27808.00 0.682158073954E-04
27810.00 0.681952480256E-04
27812.00 0.681747124062E-04
27814.00 0.681543091105E-04
27816.00 0.681341976056E-04
27818.00 0.681145526264E-04
27820.00 0.680946175531E-04
27822.00 0.680744839942E-04
27824.00 0.680542367726E-04
27826.00 0.680342575913E-04
27828.00 0.680147025244E-04
27830.00 0.679951695115E-04
27832.00 0.679753022964E-04
27834.00 0.679551687375E-04
27836.00 0.679349656239E-04
27838.00 0.679149423347E-04
27840.00 0.678953872678E-04
27842.00 0.678768585578E-04
27844.00 0.678596225485E-04
27846.00 0.678425426133E-04
27848.00 0.678243023010E-04
27850.00 0.678052375104E-04
27852.00 0.677860166457E-04
27854.00 0.677669976594E-04
27856.00 0.677476648285E-04
27858.00 0.677280198494E-04
27860.00 0.677083765667E-04
27862.00 0.676890878437E-04
27864.00 0.676702249315E-04
27866.00 0.676512263027E-04
27868.00 0.676319392762E-04
27870.00 0.676123842093E-04
27872.00 0.675927850345E-04
27874.00 0.675734080957E-04
27876.00 0.675544315209E-04
27878.00 0.675358587030E-04
27880.00 0.675170840066E-04
27882.00 0.674979513577E-04
27884.00 0.674787304930E-04
27886.00 0.674597776685E-04
27888.00 0.674412269046E-04
27890.00 0.674227185520E-04
27892.00 0.674039438557E-04
27894.00 0.673849028155E-04
27896.00 0.673657701665E-04
27898.00 0.673467732342E-04
27900.00 0.673281546119E-04
27902.00 0.673099821580E-04
27904.00 0.672921659602E-04
27906.00 0.672751301329E-04
27908.00 0.672588967300E-04
27910.00 0.672421289430E-04
27912.00 0.672246927517E-04
27914.00 0.672068324460E-04
27916.00 0.671885700798E-04
27918.00 0.671699955654E-04
27920.00 0.671515330173E-04
27922.00 0.671333385094E-04
27924.00 0.671155223116E-04
27926.00 0.670975059317E-04
27928.00 0.670792435656E-04
27930.00 0.670607810174E-04
27932.00 0.670423405232E-04
27934.00 0.670240798535E-04
27936.00 0.670062636557E-04
27938.00 0.669886696938E-04
27940.00 0.669709213543E-04
27942.00 0.669528829205E-04
27944.00 0.669348444867E-04
27946.00 0.669171165047E-04
27948.00 0.668997464752E-04
27950.00 0.668823764458E-04
27952.00 0.668646722141E-04
27954.00 0.668467457466E-04
27956.00 0.668287734747E-04
27958.00 0.668108911150E-04
27960.00 0.667934532272E-04
27962.00 0.667764394538E-04
27964.00 0.667592713028E-04
27966.00 0.667421235093E-04
27968.00 0.667256237626E-04
27970.00 0.667103726087E-04
27972.00 0.666952096706E-04
27974.00 0.666792663619E-04
27976.00 0.666623866087E-04
27978.00 0.666449283635E-04
27980.00 0.666275803879E-04
27982.00 0.666105225067E-04
27984.00 0.665938208815E-04
27986.00 0.665769190743E-04
27988.00 0.665597288694E-04
27990.00 0.665423808939E-04
27992.00 0.665250329183E-04
27994.00 0.665078410169E-04
27996.00 0.664911173378E-04
27998.00 0.664745955371E-04
28000.00 0.664578939120E-04
28002.00 0.664409479969E-04
28004.00 0.664239562775E-04
28006.00 0.664073004567E-04
28008.00 0.663909330336E-04
28010.00 0.663744773948E-04
28012.00 0.663577316617E-04
28014.00 0.663407857467E-04
28016.00 0.663238398316E-04
28018.00 0.663070499906E-04
28020.00 0.662905943518E-04
28022.00 0.662744271108E-04
28024.00 0.662581512965E-04
28026.00 0.662420078059E-04
28028.00 0.662265106656E-04
28030.00 0.662121501519E-04
28032.00 0.661977234764E-04
28034.00 0.661824723225E-04
28036.00 0.661663949937E-04
28038.00 0.661498053348E-04
28040.00 0.661332156758E-04
28042.00 0.661168940571E-04
28044.00 0.661007505665E-04
28046.00 0.660843610896E-04
28048.00 0.660676611608E-04
28050.00 0.660516499939E-04
28052.00 0.660356625774E-04
28054.00 0.660129198667E-04
28056.00 0.659479217898E-04
28058.00 0.659081873597E-04
28060.00 0.659490804704E-04
28062.00 0.659968425379E-04
28064.00 0.660386059314E-04
28066.00 0.660961124514E-04
28068.00 0.661468399269E-04
28070.00 0.661207297478E-04
28072.00 0.659115310776E-04
28074.00 0.655231932696E-04
28076.00 0.653040737154E-04
28078.00 0.655394487265E-04
28080.00 0.661260583211E-04
28082.00 0.665413765909E-04
28084.00 0.663911790200E-04
28086.00 0.660231087911E-04
28088.00 0.657704977707E-04
28090.00 0.657368502304E-04
28092.00 0.657858608908E-04
28094.00 0.657551125966E-04
28096.00 0.656452516982E-04
28098.00 0.655156559085E-04
28100.00 0.655176628178E-04
28102.00 0.656246923285E-04
28104.00 0.658001535461E-04
28106.00 0.660281930745E-04
28108.00 0.663128026784E-04
28110.00 0.670253505002E-04
28112.00 0.677216428652E-04
28114.00 0.676552180675E-04
28116.00 0.671549004856E-04
28118.00 0.666546049577E-04
28120.00 0.661389463096E-04
28122.00 0.655993404659E-04
28124.00 0.650712399978E-04
28126.00 0.646833025538E-04
28128.00 0.645968103590E-04
28130.00 0.648098650773E-04
28132.00 0.650728007388E-04
28134.00 0.648002766989E-04
28136.00 0.638584848638E-04
28138.00 0.629753819797E-04
28140.00 0.629624040790E-04
28142.00 0.639087000091E-04
28144.00 0.651411662840E-04
28146.00 0.661063251262E-04
28148.00 0.667372190504E-04
28150.00 0.669583675679E-04
28152.00 0.660395661264E-04
28154.00 0.650308354669E-04
28156.00 0.645386116842E-04
28158.00 0.650725768064E-04
28160.00 0.658412044274E-04
28162.00 0.661266826175E-04
28164.00 0.658385732216E-04
28166.00 0.652939492563E-04
28168.00 0.648902262743E-04
28170.00 0.646987555862E-04
28172.00 0.644839823563E-04
28174.00 0.640882412073E-04
28176.00 0.634994906831E-04
28178.00 0.633041843043E-04
28180.00 0.639113753227E-04
28182.00 0.653285332412E-04
28184.00 0.670387067110E-04
28186.00 0.685416884200E-04
28188.00 0.697712995567E-04
28190.00 0.707132695199E-04
28192.00 0.710796229337E-04
28194.00 0.706526652682E-04
28196.00 0.694975286205E-04
28198.00 0.673008399480E-04
28200.00 0.644822655412E-04
28202.00 0.626762354306E-04
28204.00 0.625245432805E-04
28206.00 0.631241748838E-04
28208.00 0.643104839400E-04
28210.00 0.661636755722E-04
28212.00 0.681741763256E-04
28214.00 0.693228240230E-04
28216.00 0.697716117049E-04
28218.00 0.697036041123E-04
28220.00 0.691581556686E-04
28222.00 0.684406796374E-04
28224.00 0.676874168329E-04
28226.00 0.671196260425E-04
28228.00 0.667353224108E-04
28230.00 0.664119385718E-04
28232.00 0.660673490126E-04
28234.00 0.657094694046E-04
28236.00 0.654171002036E-04
28238.00 0.652948636470E-04
28240.00 0.653186327146E-04
28242.00 0.654460434669E-04
28244.00 0.658186160943E-04
28246.00 0.663623935273E-04
28248.00 0.669629836291E-04
28250.00 0.676060072251E-04
28252.00 0.682088281688E-04
28254.00 0.684158842130E-04
28256.00 0.681072833056E-04
28258.00 0.674686518383E-04
28260.00 0.660663006018E-04
28262.00 0.637991512589E-04
28264.00 0.621060577243E-04
28266.00 0.626422078838E-04
28268.00 0.651857831191E-04
28270.00 0.677836093723E-04
28272.00 0.689207737481E-04
28274.00 0.687359701384E-04
28276.00 0.680361762849E-04
28278.00 0.673651017622E-04
28280.00 0.669060793515E-04
28282.00 0.666747843209E-04
28284.00 0.666792002001E-04
28286.00 0.669339962579E-04
28288.00 0.669733744320E-04
28290.00 0.667184443540E-04
28292.00 0.662909065000E-04
28294.00 0.662519524404E-04
28296.00 0.669487791895E-04
28298.00 0.679309976095E-04
28300.00 0.685452340164E-04
28302.00 0.685644548811E-04
28304.00 0.682496771715E-04
28306.00 0.669873108312E-04
28308.00 0.650435232733E-04
28310.00 0.630035431760E-04
28312.00 0.630563233652E-04
28314.00 0.641973675395E-04
28316.00 0.655389805042E-04
28318.00 0.663927397610E-04
28320.00 0.667322229827E-04
28322.00 0.665303835456E-04
28324.00 0.655627275178E-04
28326.00 0.639378434543E-04
28328.00 0.625134382689E-04
28330.00 0.619986278497E-04
28332.00 0.621156681567E-04
28334.00 0.622682746974E-04
28336.00 0.621893843292E-04
28338.00 0.622829694132E-04
28340.00 0.631301735579E-04
28342.00 0.650256629676E-04
28344.00 0.673119432630E-04
28346.00 0.685851245206E-04
28348.00 0.683087223787E-04
28350.00 0.674576367390E-04
28352.00 0.666736697483E-04
28354.00 0.662102111009E-04
28356.00 0.657561830614E-04
28358.00 0.652223078515E-04
28360.00 0.645657482202E-04
28362.00 0.641649465381E-04
28364.00 0.644512492067E-04
28366.00 0.652343917190E-04
28368.00 0.654375917151E-04
28370.00 0.641279094756E-04
28372.00 0.620312269791E-04
28374.00 0.613423362587E-04
28376.00 0.628510044936E-04
28378.00 0.663702192862E-04
28380.00 0.685830735034E-04
28382.00 0.690698109421E-04
28384.00 0.680912297272E-04
28386.00 0.671479874209E-04
28388.00 0.665505866593E-04
28390.00 0.661433163844E-04
28392.00 0.658466890748E-04
28394.00 0.657012195312E-04
28396.00 0.655215426164E-04
28398.00 0.650360096626E-04
28400.00 0.640687981066E-04
28402.00 0.630851767162E-04
28404.00 0.628001429980E-04
28406.00 0.632299999095E-04
28408.00 0.638671367976E-04
28410.00 0.644249829535E-04
28412.00 0.648714515779E-04
28414.00 0.652508490543E-04
28416.00 0.655559484732E-04
28418.00 0.657940666562E-04
28420.00 0.658114587397E-04
28422.00 0.655945242228E-04
28424.00 0.652557314593E-04
28426.00 0.650800242553E-04
28428.00 0.652092620925E-04
28430.00 0.654565682899E-04
28432.00 0.656370679867E-04
28434.00 0.656713839313E-04
28436.00 0.655469843912E-04
28438.00 0.652615520054E-04
28440.00 0.647276971530E-04
28442.00 0.641511662130E-04
28444.00 0.639376432723E-04
28446.00 0.641841894568E-04
28448.00 0.645234046382E-04
28450.00 0.646072673237E-04
28452.00 0.643724725011E-04
28454.00 0.642370799157E-04
28456.00 0.645791281813E-04
28458.00 0.653072613592E-04
28460.00 0.657507866297E-04
28462.00 0.650710381193E-04
28464.00 0.639139183127E-04
28466.00 0.629762285120E-04
28468.00 0.631732075981E-04
28470.00 0.638185723056E-04
28472.00 0.646696121409E-04
28474.00 0.655760837286E-04
28476.00 0.661860399729E-04
28478.00 0.657174970420E-04
28480.00 0.637497622885E-04
28482.00 0.614644387952E-04
28484.00 0.606479167829E-04
28486.00 0.624747743036E-04
28488.00 0.650208908324E-04
28490.00 0.669570969212E-04
28492.00 0.670904605433E-04
28494.00 0.667299938374E-04
28496.00 0.663327360553E-04
28498.00 0.659417008798E-04
28500.00 0.656032864263E-04
28502.00 0.653741102713E-04
28504.00 0.652226420536E-04
28506.00 0.650249945633E-04
28508.00 0.646343818057E-04
28510.00 0.641479768727E-04
28512.00 0.639685917485E-04
28514.00 0.644161087838E-04
28516.00 0.651618579775E-04
28518.00 0.653030694125E-04
28520.00 0.645264379044E-04
28522.00 0.633438966805E-04
28524.00 0.626282714846E-04
28526.00 0.626513059860E-04
28528.00 0.628815526057E-04
28530.00 0.627442430232E-04
28532.00 0.619567083821E-04
28534.00 0.612079700301E-04
28536.00 0.612242916488E-04
28538.00 0.622419626399E-04
28540.00 0.635413219349E-04
28542.00 0.641551359238E-04
28544.00 0.641145532648E-04
28546.00 0.640400109174E-04
28548.00 0.645205070886E-04
28550.00 0.655412775078E-04
28552.00 0.663452236798E-04
28554.00 0.663454018078E-04
28556.00 0.656326538040E-04
28558.00 0.648804818218E-04
28560.00 0.643066940537E-04
28562.00 0.638656880228E-04
28564.00 0.636741053685E-04
28566.00 0.638255294783E-04
28568.00 0.640919886822E-04
28570.00 0.643369062673E-04
28572.00 0.645252792239E-04
28574.00 0.646878507566E-04
28576.00 0.648656089779E-04
28578.00 0.650372803093E-04
28580.00 0.649457258850E-04
28582.00 0.639689259507E-04
28584.00 0.624002998145E-04
28586.00 0.608730808156E-04
28588.00 0.606724221131E-04
28590.00 0.617956738400E-04
28592.00 0.630117709954E-04
28594.00 0.633930854689E-04
28596.00 0.629678005106E-04
28598.00 0.625665068559E-04
28600.00 0.627827967189E-04
28602.00 0.634196876207E-04
28604.00 0.640854997318E-04
28606.00 0.645227362339E-04
28608.00 0.647864081580E-04
28610.00 0.648002766989E-04
28612.00 0.642533116221E-04
28614.00 0.635925396866E-04
28616.00 0.632249393764E-04
28618.00 0.632369129742E-04
28620.00 0.634559663667E-04
28622.00 0.636933482871E-04
28624.00 0.639088340292E-04
28626.00 0.640018830327E-04
28628.00 0.637419127791E-04
28630.00 0.632530123569E-04
28632.00 0.628339025044E-04
28634.00 0.628564908375E-04
28636.00 0.633057908497E-04
28638.00 0.638851989818E-04
28640.00 0.643154783112E-04
28642.00 0.646060628388E-04
28644.00 0.648561546197E-04
28646.00 0.651125572229E-04
28648.00 0.652413709456E-04
28650.00 0.650379707676E-04
28652.00 0.636005452700E-04
28654.00 0.618034554910E-04
28656.00 0.607249105115E-04
28658.00 0.613338183450E-04
28660.00 0.628264991634E-04
28662.00 0.640211480053E-04
28664.00 0.646882969250E-04
28666.00 0.650285842676E-04
28668.00 0.647869645960E-04
28670.00 0.640633796210E-04
28672.00 0.632710948986E-04
28674.00 0.627298825096E-04
28676.00 0.624538807316E-04
28678.00 0.623497284131E-04
28680.00 0.623803647411E-04
28682.00 0.624991015057E-04
28684.00 0.626111694954E-04
28686.00 0.626435684428E-04
28688.00 0.626059291378E-04
28690.00 0.625411329394E-04
28692.00 0.624849869784E-04
28694.00 0.624325867957E-04
28696.00 0.623499285951E-04
28698.00 0.621415781537E-04
28700.00 0.616667244006E-04
28702.00 0.607448896928E-04
28704.00 0.591615908947E-04
28706.00 0.574080491826E-04
28708.00 0.569296498330E-04
28710.00 0.582330008927E-04
28712.00 0.599563286948E-04
28714.00 0.605349123486E-04
28716.00 0.593075083031E-04
28718.00 0.582668265610E-04
28720.00 0.584639600247E-04
28722.00 0.599813921596E-04
28724.00 0.614974620390E-04
28726.00 0.623082551139E-04
28728.00 0.624773614014E-04
28730.00 0.623411443376E-04
28732.00 0.621227593495E-04
28734.00 0.618856675233E-04
28736.00 0.617056343523E-04
28738.00 0.616239363467E-04
28740.00 0.616298892165E-04
28742.00 0.616875060063E-04
28744.00 0.617957620558E-04
28746.00 0.619580892986E-04
28748.00 0.621709675854E-04
28750.00 0.624501128993E-04
28752.00 0.627823946584E-04
28754.00 0.631931647254E-04
28756.00 0.636739272404E-04
28758.00 0.639932752067E-04
28760.00 0.635872772751E-04
28762.00 0.619000941988E-04
28764.00 0.604012145243E-04
28766.00 0.602127754059E-04
28768.00 0.616325865841E-04
28770.00 0.629804883171E-04
28772.00 0.634863126004E-04
28774.00 0.632352182131E-04
28776.00 0.628074123188E-04
28778.00 0.624684634812E-04
28780.00 0.622719085096E-04
28782.00 0.622937164722E-04
28784.00 0.625425155524E-04
28786.00 0.629434733085E-04
28788.00 0.631824838283E-04
28790.00 0.631994738512E-04
28792.00 0.630253511386E-04
28794.00 0.628752197295E-04
28796.00 0.627666515318E-04
28798.00 0.626402908867E-04
28800.00 0.623690832980E-04
28802.00 0.618789325866E-04
28804.00 0.614590881679E-04
28806.00 0.613805998601E-04
28808.00 0.620117601281E-04
28810.00 0.626403349946E-04
28812.00 0.629280219726E-04
28814.00 0.627227031010E-04
28816.00 0.624720989899E-04
28818.00 0.623693733922E-04
28820.00 0.624004558886E-04
28822.00 0.624511172022E-04
28824.00 0.624411708712E-04
28826.00 0.623457366484E-04
28828.00 0.620061872648E-04
28830.00 0.614113481543E-04
28832.00 0.606984881842E-04
28834.00 0.604140126005E-04
28836.00 0.605573429111E-04
28838.00 0.610326428326E-04
28840.00 0.614949648534E-04
28842.00 0.618046362255E-04
28844.00 0.619913805828E-04
28846.00 0.620574050165E-04
28848.00 0.619004504549E-04
28850.00 0.617233165300E-04
28852.00 0.616232441920E-04
28854.00 0.617487362508E-04
28856.00 0.619283453074E-04
28858.00 0.621054334279E-04
28860.00 0.622580179147E-04
28862.00 0.623074747434E-04
28864.00 0.620422861863E-04
28866.00 0.614979302613E-04
28868.00 0.609284905141E-04
28870.00 0.606273591096E-04
28872.00 0.606039242441E-04
28874.00 0.606400231656E-04
28876.00 0.605587933823E-04
28878.00 0.603889067244E-04
28880.00 0.605453913672E-04
28882.00 0.610712847440E-04
28884.00 0.617923284256E-04
28886.00 0.623819933404E-04
28888.00 0.627328258635E-04
28890.00 0.629069502726E-04
28892.00 0.628941505000E-04
28894.00 0.626075136293E-04
28896.00 0.622409600335E-04
28898.00 0.618585750952E-04
28900.00 0.614856665692E-04
28902.00 0.612110032963E-04
28904.00 0.611075193821E-04
28906.00 0.612310265855E-04
28908.00 0.614128647874E-04
28910.00 0.615846022806E-04
28912.00 0.617432736573E-04
28914.00 0.618326209903E-04
28916.00 0.617108526559E-04
28918.00 0.614573272449E-04
28920.00 0.611170619562E-04
28922.00 0.606800476900E-04
28924.00 0.602593550425E-04
28926.00 0.602566576749E-04
28928.00 0.608031545294E-04
28930.00 0.615419686044E-04
28932.00 0.620134786396E-04
28934.00 0.620942402006E-04
28936.00 0.619766638130E-04
28938.00 0.617855714349E-04
28940.00 0.615844241525E-04
28942.00 0.614094973190E-04
28944.00 0.612791008013E-04
28946.00 0.612168679503E-04
28948.00 0.611967547489E-04
28950.00 0.612105350740E-04
28952.00 0.612693342948E-04
28954.00 0.613234512926E-04
28956.00 0.613400850594E-04
28958.00 0.613244097911E-04
28960.00 0.613001725012E-04
28962.00 0.612809957444E-04
28964.00 0.612610386171E-04
28966.00 0.612188511092E-04
28968.00 0.611070511598E-04
28970.00 0.609789940571E-04
28972.00 0.609632068226E-04
28974.00 0.611475659605E-04
28976.00 0.613960970003E-04
28978.00 0.615967998108E-04
28980.00 0.617197488796E-04
28982.00 0.617694058903E-04
28984.00 0.617001497049E-04
28986.00 0.615133154354E-04
28988.00 0.612385181423E-04
28990.00 0.608945749335E-04
28992.00 0.604332792696E-04
28994.00 0.597661727613E-04
28996.00 0.589849930504E-04
28998.00 0.582296113704E-04
29000.00 0.579177091565E-04
29002.00 0.582881866588E-04
29004.00 0.591979595530E-04
29006.00 0.602520874181E-04
29008.00 0.608103780459E-04
29010.00 0.610876742210E-04
29012.00 0.611829303158E-04
29014.00 0.610418512045E-04
29016.00 0.609105402961E-04
29018.00 0.609676447557E-04
29020.00 0.613686262623E-04
29022.00 0.618598677959E-04
29024.00 0.622721765499E-04
29026.00 0.625898755595E-04
29028.00 0.626695225478E-04
29030.00 0.618317948154E-04
29032.00 0.602419629591E-04
29034.00 0.586573273524E-04
29036.00 0.579954391478E-04
29038.00 0.582870059243E-04
29040.00 0.591605441804E-04
29042.00 0.602981767785E-04
29044.00 0.614136010500E-04
29046.00 0.620747512956E-04
29048.00 0.619346781836E-04
29050.00 0.612415955164E-04
29052.00 0.604405706444E-04
29054.00 0.599020556230E-04
29056.00 0.595891287487E-04
29058.00 0.594770828129E-04
29060.00 0.598562343029E-04
29062.00 0.603633529834E-04
29064.00 0.607135832640E-04
29066.00 0.606165221383E-04
29068.00 0.603384235388E-04
29070.00 0.600556427162E-04
29072.00 0.597879586700E-04
29074.00 0.595803444912E-04
29076.00 0.597025810478E-04
29078.00 0.600481732134E-04
29080.00 0.604595896307E-04
29082.00 0.606175247448E-04
29084.00 0.606387745728E-04
29086.00 0.605676896060E-04
29088.00 0.604307362796E-04
29090.00 0.602888326899E-04
29092.00 0.602245488217E-04
29094.00 0.603112208410E-04
29096.00 0.605094485198E-04
29098.00 0.606823226397E-04
29100.00 0.607652471841E-04
29102.00 0.607517128453E-04
29104.00 0.606815643231E-04
29106.00 0.605468859464E-04
29108.00 0.603604537373E-04
29110.00 0.601476670593E-04
29112.00 0.598899038971E-04
29114.00 0.596081714854E-04
29116.00 0.593250564607E-04
29118.00 0.590573724144E-04
29120.00 0.588960019736E-04
29122.00 0.592780306557E-04
29124.00 0.600695129537E-04
29126.00 0.608448059566E-04
29128.00 0.603794744200E-04
29130.00 0.593791955124E-04
29132.00 0.583523823112E-04
29134.00 0.582132660013E-04
29136.00 0.584951324333E-04
29138.00 0.589444782498E-04
29140.00 0.594442597511E-04
29142.00 0.598679856648E-04
29144.00 0.600978980824E-04
29146.00 0.601190579982E-04
29148.00 0.599323594453E-04
29150.00 0.598437704289E-04
29152.00 0.598494773123E-04
29154.00 0.598811179431E-04
29156.00 0.596511614177E-04
29158.00 0.591691944177E-04
29160.00 0.586765702711E-04
29162.00 0.586474929877E-04
29164.00 0.592885334248E-04
29166.00 0.600054733753E-04
29168.00 0.603846469193E-04
29170.00 0.603173976432E-04
29172.00 0.601667080995E-04
29174.00 0.600544840357E-04
29176.00 0.599916709962E-04
29178.00 0.599580675639E-04
29180.00 0.599643342783E-04
29182.00 0.599901984710E-04
29184.00 0.599969995696E-04
29186.00 0.599665193157E-04
29188.00 0.599102613884E-04
29190.00 0.598482287195E-04
29192.00 0.597884048383E-04
29194.00 0.597459933981E-04
29196.00 0.597690278995E-04
29198.00 0.598627011993E-04
29200.00 0.599686822991E-04
29202.00 0.599318674726E-04
29204.00 0.597286471190E-04
29206.00 0.593702314303E-04
29208.00 0.587868993918E-04
29210.00 0.580500684757E-04
29212.00 0.575081215205E-04
29214.00 0.576706506419E-04
29216.00 0.587788276465E-04
29218.00 0.595796964444E-04
29220.00 0.594202684476E-04
29222.00 0.579358816104E-04
29224.00 0.567979148102E-04
29226.00 0.565552043164E-04
29228.00 0.570907742874E-04
29230.00 0.578679181257E-04
29232.00 0.587554368889E-04
29234.00 0.596054741178E-04
29236.00 0.600130107365E-04
29238.00 0.597343098945E-04
29240.00 0.592977197427E-04
29242.00 0.590235450496E-04
29244.00 0.590658445237E-04
29246.00 0.592067675609E-04
29248.00 0.593157361225E-04
29250.00 0.593463503966E-04
29252.00 0.593156241563E-04
29254.00 0.592646964989E-04
29256.00 0.592041363551E-04
29258.00 0.591447789998E-04
29260.00 0.590947877870E-04
29262.00 0.590476059079E-04
29264.00 0.589849489425E-04
29266.00 0.588807287657E-04
29268.00 0.587363941523E-04
29270.00 0.585418698404E-04
29272.00 0.582071570575E-04
29274.00 0.577978137114E-04
29276.00 0.574993135126E-04
29278.00 0.574383733624E-04
29280.00 0.575058024630E-04
29282.00 0.575241089371E-04
29284.00 0.574804506005E-04
29286.00 0.574127992639E-04
29288.00 0.576180723312E-04
29290.00 0.580195661679E-04
29292.00 0.585008851210E-04
29294.00 0.588431793730E-04
29296.00 0.590296997978E-04
29298.00 0.591354366077E-04
29300.00 0.591845354839E-04
29302.00 0.591609665983E-04
29304.00 0.591194932991E-04
29306.00 0.590921786352E-04
29308.00 0.590978414107E-04
29310.00 0.590721332920E-04
29312.00 0.589812693260E-04
29314.00 0.588094419205E-04
29316.00 0.585622714396E-04
29318.00 0.582103463978E-04
29320.00 0.578053510726E-04
29322.00 0.575256696781E-04
29324.00 0.575257375364E-04
29326.00 0.576776078145E-04
29328.00 0.578916210314E-04
29330.00 0.581613357374E-04
29332.00 0.584152174046E-04
29334.00 0.584485748506E-04
29336.00 0.582110368560E-04
29338.00 0.579407436580E-04
29340.00 0.578236134387E-04
29342.00 0.578686764422E-04
29344.00 0.579557725759E-04
29346.00 0.580294208901E-04
29348.00 0.580916774915E-04
29350.00 0.581594390978E-04
29352.00 0.582356982603E-04
29354.00 0.583128260091E-04
29356.00 0.584157534852E-04
29358.00 0.585483350404E-04
29360.00 0.586418743201E-04
29362.00 0.583648699357E-04
29364.00 0.576184964456E-04
29366.00 0.565726625617E-04
29368.00 0.559301529923E-04
29370.00 0.560932385517E-04
29372.00 0.566733371421E-04
29374.00 0.572334124433E-04
29376.00 0.575505991226E-04
29378.00 0.577452133467E-04
29380.00 0.577952724179E-04
29382.00 0.575700642773E-04
29384.00 0.573781474207E-04
29386.00 0.573537981647E-04
29388.00 0.575377772960E-04
29390.00 0.577595738604E-04
29392.00 0.579677461737E-04
29394.00 0.581526838036E-04
29396.00 0.582785321185E-04
29398.00 0.583328272443E-04
29400.00 0.583502193277E-04
29402.00 0.583261822199E-04
29404.00 0.582467354135E-04
29406.00 0.581484019446E-04
29408.00 0.580933043944E-04
29410.00 0.581337309792E-04
29412.00 0.582293212762E-04
29414.00 0.583089903184E-04
29416.00 0.583154351609E-04
29418.00 0.581447460785E-04
29420.00 0.576471038102E-04
29422.00 0.566892804507E-04
29424.00 0.557002846826E-04
29426.00 0.556068336187E-04
29428.00 0.565796197343E-04
29430.00 0.578531572480E-04
29432.00 0.585073079095E-04
29434.00 0.585435866555E-04
29436.00 0.584047383860E-04
29438.00 0.582880085307E-04
29440.00 0.582097882632E-04
29442.00 0.581335969591E-04
29444.00 0.580494000714E-04
29446.00 0.579726506327E-04
29448.00 0.580331446146E-04
29450.00 0.582471374740E-04
29452.00 0.585313450174E-04
29454.00 0.586232556978E-04
29456.00 0.584223306514E-04
29458.00 0.579559507040E-04
29460.00 0.570769040500E-04
29462.00 0.559534317836E-04
29464.00 0.551175090821E-04
29466.00 0.551738789756E-04
29468.00 0.567015441428E-04
29470.00 0.583329612645E-04
29472.00 0.593785050541E-04
29474.00 0.590903719078E-04
29476.00 0.585670876828E-04
29478.00 0.582043036158E-04
29480.00 0.580696693469E-04
29482.00 0.579748594205E-04
29484.00 0.577998443712E-04
29486.00 0.575665424313E-04
29488.00 0.573270195813E-04
29490.00 0.571363513176E-04
29492.00 0.569735321020E-04
29494.00 0.568614861662E-04
29496.00 0.569120575676E-04
29498.00 0.569988856610E-04
29500.00 0.570889675601E-04
29502.00 0.571546798456E-04
29504.00 0.572122304736E-04
29506.00 0.572760240655E-04
29508.00 0.573467086683E-04
29510.00 0.574432795178E-04
29512.00 0.576097104916E-04
29514.00 0.578313051775E-04
29516.00 0.579606549809E-04
29518.00 0.576898935605E-04
29520.00 0.570513520055E-04
29522.00 0.563455374239E-04
29524.00 0.560877301539E-04
29526.00 0.562632592298E-04
29528.00 0.564899161453E-04
29530.00 0.565006852582E-04
29532.00 0.563051345895E-04
29534.00 0.561766313184E-04
29536.00 0.562955682650E-04
29538.00 0.566054635696E-04
29540.00 0.568271922757E-04
29542.00 0.568297556231E-04
29544.00 0.567149224075E-04
29546.00 0.566433013601E-04
29548.00 0.566779532032E-04
29550.00 0.567909355836E-04
29552.00 0.569586372042E-04
29554.00 0.571418359650E-04
29556.00 0.572848761813E-04
29558.00 0.573353576704E-04
29560.00 0.572892683101E-04
29562.00 0.571597641291E-04
29564.00 0.569490708797E-04
29566.00 0.566567915910E-04
29568.00 0.564328116857E-04
29570.00 0.563991183411E-04
29572.00 0.565550024380E-04
29574.00 0.567301735614E-04
29576.00 0.567927643649E-04
29578.00 0.567733874261E-04
29580.00 0.567278324499E-04
29582.00 0.566653553090E-04
29584.00 0.565971678919E-04
29586.00 0.565343769063E-04
29588.00 0.564756675978E-04
29590.00 0.564136128749E-04
29592.00 0.563597181131E-04
29594.00 0.563321150513E-04
29596.00 0.563375776448E-04
29598.00 0.564132328684E-04
29600.00 0.565624278329E-04
29602.00 0.567066063723E-04
29604.00 0.567456486477E-04
29606.00 0.566887901745E-04
29608.00 0.566118846616E-04
29610.00 0.566022301214E-04
29612.00 0.566291427249E-04
29614.00 0.565834096206E-04
29616.00 0.563562183210E-04
29618.00 0.560329668057E-04
29620.00 0.557667756422E-04
29622.00 0.557608889342E-04
29624.00 0.559372204347E-04
29626.00 0.561193707847E-04
29628.00 0.561901436033E-04
29630.00 0.561835884911E-04
29632.00 0.561513456178E-04
29634.00 0.560626225812E-04
29636.00 0.559652713613E-04
29638.00 0.559617478188E-04
29640.00 0.561151126761E-04
29642.00 0.563115777355E-04
29644.00 0.563588054189E-04
29646.00 0.562459774162E-04
29648.00 0.560599693215E-04
29650.00 0.558548523284E-04
29652.00 0.556670612568E-04
29654.00 0.555446228217E-04
29656.00 0.556901839740E-04
29658.00 0.559184457383E-04
29660.00 0.561031611323E-04
29662.00 0.560947551848E-04
29664.00 0.559532078512E-04
29666.00 0.557363615501E-04
29668.00 0.554403805909E-04
29670.00 0.551248462613E-04
29672.00 0.549963209363E-04
29674.00 0.550671836671E-04
29676.00 0.553054358703E-04
29678.00 0.552959136537E-04
29680.00 0.550369918110E-04
29682.00 0.546525117477E-04
29684.00 0.545592405083E-04
29686.00 0.548184286948E-04
29688.00 0.551768884914E-04
29690.00 0.553137077976E-04
29692.00 0.549877148068E-04
29694.00 0.544520091192E-04
29696.00 0.538138255167E-04
29698.00 0.534341600000E-04
29700.00 0.535352145869E-04
29702.00 0.539098619820E-04
29704.00 0.542973074533E-04
29706.00 0.544113840488E-04
29708.00 0.542993822209E-04
29710.00 0.541425158751E-04
29712.00 0.543612808697E-04
29714.00 0.550188193571E-04
29716.00 0.557989964615E-04
29718.00 0.563953505087E-04
29720.00 0.566255089127E-04
29722.00 0.565753378753E-04
29724.00 0.563516022599E-04
29726.00 0.558670939665E-04
29728.00 0.552002334445E-04
29730.00 0.545965880225E-04
29732.00 0.543044885583E-04
29734.00 0.544251406236E-04
29736.00 0.548153530172E-04
29738.00 0.552162446115E-04
29740.00 0.554669827427E-04
29742.00 0.555638894907E-04
29744.00 0.555033276505E-04
29746.00 0.552178053525E-04
29748.00 0.547507332504E-04
29750.00 0.542491450217E-04
29752.00 0.540051401308E-04
29754.00 0.542515522951E-04
29756.00 0.547773795100E-04
29758.00 0.553050558638E-04
29760.00 0.556992142178E-04
29762.00 0.559275658944E-04
29764.00 0.560502486194E-04
29766.00 0.560061882224E-04
29768.00 0.557528850472E-04
29770.00 0.554063106327E-04
29772.00 0.550564366081E-04
29774.00 0.547611019993E-04
29776.00 0.545354035824E-04
29778.00 0.543453596151E-04
29780.00 0.542198675563E-04
29782.00 0.541418695247E-04
29784.00 0.540734819256E-04
29786.00 0.540346177782E-04
29788.00 0.540990797745E-04
29790.00 0.542569266728E-04
29792.00 0.544668819630E-04
29794.00 0.547818615510E-04
29796.00 0.551221471972E-04
29798.00 0.553715027155E-04
29800.00 0.553424712364E-04
29802.00 0.550478067283E-04
29804.00 0.546944532691E-04
29806.00 0.544185193495E-04
29808.00 0.544700933573E-04
29810.00 0.546912656253E-04
29812.00 0.549387923623E-04
29814.00 0.551393611526E-04
29816.00 0.552539941862E-04
29818.00 0.553072629552E-04
29820.00 0.552711419797E-04
29822.00 0.550252641996E-04
29824.00 0.547117113324E-04
29826.00 0.544585438739E-04
29828.00 0.543915829956E-04
29830.00 0.544858805918E-04
29832.00 0.546213834470E-04
29834.00 0.547454267310E-04
29836.00 0.548394342330E-04
29838.00 0.549144431062E-04
29840.00 0.549431403831E-04
29842.00 0.548970730767E-04
29844.00 0.548026652107E-04
29846.00 0.546915777735E-04
29848.00 0.545776131442E-04
29850.00 0.544646748717E-04
29852.00 0.543603885330E-04
29854.00 0.542947220519E-04
29856.00 0.542771060360E-04
29858.00 0.542731363252E-04
29860.00 0.542556339721E-04
29862.00 0.541682036362E-04
29864.00 0.540467695040E-04
29866.00 0.539202527849E-04
29868.00 0.538171030728E-04
29870.00 0.537285802183E-04
29872.00 0.536617771105E-04
29874.00 0.536426003537E-04
29876.00 0.537780591009E-04
29878.00 0.539567537668E-04
29880.00 0.541170741003E-04
29882.00 0.541367411334E-04
29884.00 0.540785662090E-04
29886.00 0.540068348919E-04
29888.00 0.539549707899E-04
29890.00 0.539545466754E-04
29892.00 0.539653836467E-04
29894.00 0.539860532862E-04
29896.00 0.540284850839E-04
29898.00 0.540686215745E-04
29900.00 0.540865039342E-04
29902.00 0.540487543594E-04
29904.00 0.539411226064E-04
29906.00 0.538312617080E-04
29908.00 0.537962536088E-04
29910.00 0.538932943770E-04
29912.00 0.540309839660E-04
29914.00 0.541548033176E-04
29916.00 0.541876925413E-04
29918.00 0.541537990147E-04
29920.00 0.540956919486E-04
29922.00 0.540160890682E-04
29924.00 0.539277222877E-04
29926.00 0.538497463101E-04
29928.00 0.538049513469E-04
29930.00 0.538361678634E-04
29932.00 0.538929601748E-04
29934.00 0.539558614301E-04
29936.00 0.540181180315E-04
29938.00 0.540957360565E-04
29940.00 0.541866882383E-04
29942.00 0.542839512425E-04
29944.00 0.543665432812E-04
29946.00 0.544209486768E-04
29948.00 0.543824187316E-04
29950.00 0.538099236642E-04
29952.00 0.531232858395E-04
29954.00 0.524925920973E-04
29956.00 0.522723800243E-04
29958.00 0.525789740224E-04
29960.00 0.530740071388E-04
29962.00 0.536190094141E-04
29964.00 0.541199954003E-04
29966.00 0.545119246091E-04
29968.00 0.547057805166E-04
29970.00 0.544281518358E-04
29972.00 0.538165907426E-04
29974.00 0.531162828624E-04
29976.00 0.528078159752E-04
29978.00 0.529162501527E-04
29980.00 0.531812147775E-04
29982.00 0.533742462066E-04
29984.00 0.533165853089E-04
29986.00 0.530919573568E-04
29988.00 0.528022414155E-04
29990.00 0.526255316050E-04
29992.00 0.524996391822E-04
29994.00 0.524122750082E-04
29996.00 0.524403259348E-04
29998.00 0.525937790079E-04
30000.00 0.528101570867E-04
30002.00 0.530363237259E-04
30004.00 0.532011261004E-04
30006.00 0.533441883707E-04
30008.00 0.534702826719E-04
30010.00 0.535372656042E-04
30012.00 0.535537212430E-04
30014.00 0.535408112006E-04
30016.00 0.534841970172E-04
30018.00 0.533465074282E-04
30020.00 0.532002117098E-04
30022.00 0.531158824984E-04
30024.00 0.531951291228E-04
30026.00 0.534007363922E-04
30028.00 0.536587438443E-04
30030.00 0.537868671088E-04
30032.00 0.537551823700E-04
30034.00 0.536329899213E-04
30036.00 0.534382196231E-04
30038.00 0.531845822458E-04
30040.00 0.528847435420E-04
30042.00 0.525763428166E-04
30044.00 0.523660974321E-04
30046.00 0.522381302416E-04
30048.00 0.521811598022E-04
30050.00 0.523401195767E-04
30052.00 0.526615423107E-04
30054.00 0.531095937301E-04
30056.00 0.535257602287E-04
30058.00 0.536655449428E-04
30060.00 0.536293103047E-04
30062.00 0.534707729482E-04
30064.00 0.532269258278E-04
30066.00 0.529696529418E-04
30068.00 0.527172421034E-04
30070.00 0.525343334368E-04
30072.00 0.524849665204E-04
30074.00 0.524904969722E-04
30076.00 0.524778532736E-04
30078.00 0.524371823989E-04
30080.00 0.523969576925E-04
30082.00 0.523812586737E-04
30084.00 0.524713863772E-04
30086.00 0.527001842221E-04
30088.00 0.529952948986E-04
30090.00 0.531901568055E-04
30092.00 0.532617099946E-04
30094.00 0.532126094220E-04
30096.00 0.531190701423E-04
30098.00 0.530329562576E-04
30100.00 0.529565647714E-04
30102.00 0.528852779261E-04
30104.00 0.528586995248E-04
30106.00 0.528754011499E-04
30108.00 0.529380581153E-04
30110.00 0.529890739886E-04
30112.00 0.529839914016E-04
30114.00 0.529262388951E-04
30116.00 0.528334138241E-04
30118.00 0.527237089998E-04
30120.00 0.526097664244E-04
30122.00 0.525014442131E-04
30124.00 0.524099797011E-04
30126.00 0.523488376724E-04
30128.00 0.523088589523E-04
30130.00 0.522699048927E-04
30132.00 0.522343844632E-04
30134.00 0.522292781258E-04
30136.00 0.522582196927E-04
30138.00 0.523044210192E-04
30140.00 0.523675682608E-04
30142.00 0.524251188888E-04
30144.00 0.524556449470E-04
30146.00 0.524593907254E-04
30148.00 0.524380747356E-04
30150.00 0.524280401888E-04
30152.00 0.524568714859E-04
30154.00 0.525501427253E-04
30156.00 0.526711747970E-04
30158.00 0.527314906509E-04
30160.00 0.526983554408E-04
30162.00 0.525338652145E-04
30164.00 0.522566368977E-04
30166.00 0.518596251020E-04
30168.00 0.513387260964E-04
30170.00 0.508919673777E-04
30172.00 0.508201919527E-04
30174.00 0.511884165592E-04
30176.00 0.517403539533E-04
30178.00 0.522371038848E-04
30180.00 0.525117688541E-04
30182.00 0.526006920727E-04
30184.00 0.526071810230E-04
30186.00 0.525101623088E-04
30188.00 0.522933177042E-04
30190.00 0.520592133398E-04
30192.00 0.518807409099E-04
30194.00 0.518579744487E-04
30196.00 0.519405444335E-04
30198.00 0.520778540160E-04
30200.00 0.522739628193E-04
30202.00 0.524635165103E-04
30204.00 0.525817171943E-04
30206.00 0.525874240777E-04
30208.00 0.523969118881E-04
30210.00 0.520952902073E-04
30212.00 0.518184860049E-04
30214.00 0.517064163188E-04
30216.00 0.518523778351E-04
30218.00 0.521620950116E-04
30220.00 0.524211729284E-04
30222.00 0.525606454943E-04
30224.00 0.525894767914E-04
30226.00 0.524646531369E-04
30228.00 0.521857080050E-04
30230.00 0.518739177573E-04
30232.00 0.516138151801E-04
30234.00 0.514927373040E-04
30236.00 0.514717996242E-04
30238.00 0.514918229134E-04
30240.00 0.515470985917E-04
30242.00 0.516353534059E-04
30244.00 0.517259713856E-04
30246.00 0.517852625791E-04
30248.00 0.517944930050E-04
30250.00 0.517664200244E-04
30252.00 0.516916774950E-04
30254.00 0.514909543271E-04
30256.00 0.511960879405E-04
30258.00 0.509071303158E-04
30260.00 0.507640900995E-04
30262.00 0.507854518937E-04
30264.00 0.509628759129E-04
30266.00 0.511890408556E-04
30268.00 0.514631934948E-04
30270.00 0.517470430856E-04
30272.00 0.519754405666E-04
30274.00 0.520966728203E-04
30276.00 0.521149131325E-04
30278.00 0.520620667815E-04
30280.00 0.519635331306E-04
30282.00 0.518053520301E-04
30284.00 0.516205704743E-04
30286.00 0.514783106285E-04
30288.00 0.514196013200E-04
30290.00 0.514678299134E-04
30292.00 0.515693968305E-04
30294.00 0.517199065497E-04
30296.00 0.519316024055E-04
30298.00 0.521343121253E-04
30300.00 0.522439711452E-04
30302.00 0.522360792244E-04
30304.00 0.520461014189E-04
30306.00 0.517745375741E-04
30308.00 0.513634095546E-04
30310.00 0.507969793232E-04
30312.00 0.503223495024E-04
30314.00 0.501476228509E-04
30316.00 0.503291726549E-04
30318.00 0.508603284433E-04
30320.00 0.513652162819E-04
30322.00 0.517764766251E-04
30324.00 0.520685336779E-04
30326.00 0.522800497092E-04
30328.00 0.523859425932E-04
30330.00 0.523593404414E-04
30332.00 0.522721340380E-04
30334.00 0.521389943483E-04
30336.00 0.518972186026E-04
30338.00 0.515992985924E-04
30340.00 0.513245454072E-04
30342.00 0.511213674651E-04
30344.00 0.510395795472E-04
30346.00 0.509646809438E-04
30348.00 0.508531693921E-04
30350.00 0.506306382616E-04
30352.00 0.503408561585E-04
30354.00 0.499909600800E-04
30356.00 0.496269257237E-04
30358.00 0.493484267602E-04
30360.00 0.491570442878E-04
30362.00 0.492163117309E-04
30364.00 0.494929157513E-04
30366.00 0.497792201163E-04
30368.00 0.499320047851E-04
30370.00 0.499748827512E-04
30372.00 0.499937236094E-04
30374.00 0.500290879648E-04
30376.00 0.501413357790E-04
30378.00 0.502853786017E-04
30380.00 0.503907591555E-04
30382.00 0.503289046146E-04
30384.00 0.501053691812E-04
30386.00 0.497901232493E-04
30388.00 0.493742468450E-04
30390.00 0.487963112381E-04
30392.00 0.481101416356E-04
30394.00 0.476764490335E-04
30396.00 0.478121096592E-04
30398.00 0.484747103760E-04
30400.00 0.493246797465E-04
30402.00 0.499920305447E-04
30404.00 0.503842023469E-04
30406.00 0.505921965322E-04
30408.00 0.506893933745E-04
30410.00 0.506907081291E-04
30412.00 0.506314406861E-04
30414.00 0.505662644811E-04
30416.00 0.505439441884E-04
30418.00 0.505717270746E-04
30420.00 0.506220541861E-04
30422.00 0.506862260881E-04
30424.00 0.507667433592E-04
30426.00 0.508455217612E-04
30428.00 0.508801956583E-04
30430.00 0.508272373411E-04
30432.00 0.506630813169E-04
30434.00 0.504749543467E-04
30436.00 0.502938082996E-04
30438.00 0.501300305855E-04
30440.00 0.499733881720E-04
30442.00 0.498249074162E-04
30444.00 0.497077992509E-04
30446.00 0.496410843589E-04
30448.00 0.496743535891E-04
30450.00 0.499467436088E-04
30452.00 0.504049398447E-04
30454.00 0.508498918360E-04
30456.00 0.511825298513E-04
30458.00 0.512629589066E-04
30460.00 0.512446083246E-04
30462.00 0.511678147780E-04
30464.00 0.509546022891E-04
30466.00 0.506695923212E-04
30468.00 0.503304433017E-04
30470.00 0.499133624124E-04
30472.00 0.494240599298E-04
30474.00 0.489637668723E-04
30476.00 0.487306668109E-04
30478.00 0.491250694548E-04
30480.00 0.496327225194E-04
30482.00 0.501044327366E-04
30484.00 0.503870574850E-04
30486.00 0.505278685560E-04
30488.00 0.506139824408E-04
30490.00 0.507095506838E-04
30492.00 0.508199018584E-04
30494.00 0.509362958150E-04
30496.00 0.510279622055E-04
30498.00 0.510308393976E-04
30500.00 0.509695650452E-04
30502.00 0.508532151965E-04
30504.00 0.505881606595E-04
30506.00 0.502391111133E-04
30508.00 0.498626349370E-04
30510.00 0.495369982023E-04
30512.00 0.494226111550E-04
30514.00 0.495048231872E-04
30516.00 0.497566538372E-04
30518.00 0.502495460241E-04
30520.00 0.507899780426E-04
30522.00 0.510967518652E-04
30524.00 0.510957475623E-04
30526.00 0.507971133433E-04
30528.00 0.503154364377E-04
30530.00 0.497724190177E-04
30532.00 0.491880606223E-04
30534.00 0.487029941943E-04
30536.00 0.486270709304E-04
30538.00 0.491619724972E-04
30540.00 0.500967851057E-04
30542.00 0.510540723846E-04
30544.00 0.515327838824E-04
30546.00 0.512858356375E-04
30548.00 0.508270151052E-04
30550.00 0.504072147944E-04
30552.00 0.501556284343E-04
30554.00 0.500408613806E-04
30556.00 0.499523622764E-04
30558.00 0.498724913557E-04
30560.00 0.497993553717E-04
30562.00 0.497410006228E-04
30564.00 0.497395739019E-04
30566.00 0.498222541565E-04
30568.00 0.499459852923E-04
30570.00 0.500658349330E-04
30572.00 0.501242337898E-04
30574.00 0.501434546545E-04
30576.00 0.501370318660E-04
30578.00 0.500983899546E-04
30580.00 0.500584553424E-04
30582.00 0.500250300382E-04
30584.00 0.500181186698E-04
30586.00 0.500575630057E-04
30588.00 0.501132627984E-04
30590.00 0.501608246840E-04
30592.00 0.501677139984E-04
30594.00 0.501375000883E-04
30596.00 0.500797492784E-04
30598.00 0.500014832065E-04
30600.00 0.499089702837E-04
30602.00 0.498144945594E-04
30604.00 0.497243448020E-04
30606.00 0.496327462698E-04
30608.00 0.495341668145E-04
30610.00 0.494279397284E-04
30612.00 0.493297182256E-04
30614.00 0.492467478769E-04
30616.00 0.492027994460E-04
30618.00 0.493181466883E-04
30620.00 0.495523392684E-04
30622.00 0.498005802141E-04
30624.00 0.499170640829E-04
30626.00 0.497858651407E-04
30628.00 0.494299686917E-04
30630.00 0.490794703707E-04
30632.00 0.489023143918E-04
30634.00 0.489395295824E-04
30636.00 0.490702840527E-04
30638.00 0.492399925827E-04
30640.00 0.494394468003E-04
30642.00 0.496576299100E-04
30644.00 0.498363686838E-04
30646.00 0.499104869168E-04
30648.00 0.498862038225E-04
30650.00 0.497730212602E-04
30652.00 0.495030843182E-04
30654.00 0.490495686088E-04
30656.00 0.485451269385E-04
30658.00 0.482107042498E-04
30660.00 0.484353101480E-04
30662.00 0.488432471308E-04
30664.00 0.493038981408E-04
30666.00 0.496139257691E-04
30668.00 0.497766330184E-04
30670.00 0.498630369974E-04
30672.00 0.498655121291E-04
30674.00 0.498016286249E-04
30676.00 0.497110106452E-04
30678.00 0.495590063468E-04
30680.00 0.493291617876E-04
30682.00 0.490175717219E-04
30684.00 0.486828148310E-04
30686.00 0.484513416724E-04
30688.00 0.483168414238E-04
30690.00 0.483107765878E-04
30692.00 0.484830281077E-04
30694.00 0.487849839906E-04
30696.00 0.491757087144E-04
30698.00 0.495145455858E-04
30700.00 0.496902290394E-04
30702.00 0.497413127710E-04
30704.00 0.497476677012E-04
30706.00 0.497043876747E-04
30708.00 0.495582039224E-04
30710.00 0.493161397789E-04
30712.00 0.489314357832E-04
30714.00 0.483294630684E-04
30716.00 0.476413968263E-04
30718.00 0.473002408974E-04
30720.00 0.475088152712E-04
30722.00 0.482468269217E-04
30724.00 0.491373110929E-04
30726.00 0.497211792121E-04
30728.00 0.497789079681E-04
30730.00 0.496332806539E-04
30732.00 0.494314853248E-04
30734.00 0.492638057581E-04
30736.00 0.491232186195E-04
30738.00 0.490064005485E-04
30740.00 0.489333086724E-04
30742.00 0.489055257861E-04
30744.00 0.488919914473E-04
30746.00 0.488825370890E-04
30748.00 0.488760922466E-04
30750.00 0.488723685221E-04
30752.00 0.488629820221E-04
30754.00 0.488432471308E-04
30756.00 0.488150638805E-04
30758.00 0.487838236136E-04
30760.00 0.487605685727E-04
30762.00 0.487458959108E-04
30764.00 0.487411678835E-04
30766.00 0.487414817281E-04
30768.00 0.487448475000E-04
30770.00 0.487459400187E-04
30772.00 0.487190935770E-04
30774.00 0.486514863484E-04
30776.00 0.485477801982E-04
30778.00 0.484536827840E-04
30780.00 0.483995895366E-04
30782.00 0.484201251560E-04
30784.00 0.484877103307E-04
30786.00 0.486062231629E-04
30788.00 0.487877933244E-04
30790.00 0.490036132686E-04
30792.00 0.491288610375E-04
30794.00 0.490019185075E-04
30796.00 0.485564762399E-04
30798.00 0.479949962718E-04
30800.00 0.475911833775E-04
30802.00 0.475365761035E-04
30804.00 0.476992596025E-04
30806.00 0.480050749265E-04
30808.00 0.484634950948E-04
30810.00 0.490519114168E-04
30812.00 0.495945488302E-04
30814.00 0.497481596739E-04
30816.00 0.495166186570E-04
30818.00 0.490908654764E-04
30820.00 0.487149016303E-04
30822.00 0.484448985264E-04
30824.00 0.482744316800E-04
30826.00 0.481504783082E-04
30828.00 0.480699169292E-04
30830.00 0.480080182804E-04
30832.00 0.479500214841E-04
30834.00 0.479209900050E-04
30836.00 0.479351265863E-04
30838.00 0.479842254624E-04
30840.00 0.479828649034E-04
30842.00 0.478646421655E-04
30844.00 0.476309178077E-04
30846.00 0.473600003132E-04
30848.00 0.470893491625E-04
30850.00 0.468668621399E-04
30852.00 0.467119585955E-04
30854.00 0.467558849724E-04
30856.00 0.471145907553E-04
30858.00 0.475645371178E-04
30860.00 0.479374456438E-04
30862.00 0.481417381586E-04
30864.00 0.482036588614E-04
30866.00 0.482127332131E-04
30868.00 0.482235922383E-04
30870.00 0.482487659728E-04
30872.00 0.482557010915E-04
30874.00 0.481552046391E-04
30876.00 0.478524683857E-04
30878.00 0.474152539375E-04
30880.00 0.470108608547E-04
30882.00 0.468267477032E-04
30884.00 0.468609754320E-04
30886.00 0.470625468288E-04
30888.00 0.474029902455E-04
30890.00 0.478085199549E-04
30892.00 0.482280522254E-04
30894.00 0.484482201904E-04
30896.00 0.483400319993E-04
30898.00 0.479922530999E-04
30900.00 0.476930166385E-04
30902.00 0.475785176250E-04
30904.00 0.476544408889E-04
30906.00 0.477997560548E-04
30908.00 0.478969970051E-04
30910.00 0.478837968684E-04
30912.00 0.477690976729E-04
30914.00 0.475492401596E-04
30916.00 0.472058550854E-04
30918.00 0.468164688666E-04
30920.00 0.465432764224E-04
30922.00 0.465792871281E-04
30924.00 0.470447764353E-04
30926.00 0.476321443465E-04
30928.00 0.480968973911E-04
30930.00 0.483342114532E-04
30932.00 0.484239150423E-04
30934.00 0.484471717796E-04
30936.00 0.483963119805E-04
30938.00 0.482761705490E-04
30940.00 0.480790353889E-04
30942.00 0.477030291313E-04
30944.00 0.471772019163E-04
30946.00 0.466585558064E-04
30948.00 0.464274389039E-04
30950.00 0.466156778403E-04
30952.00 0.472390123493E-04
30954.00 0.478676533778E-04
30956.00 0.483043334418E-04
30958.00 0.485462415112E-04
30960.00 0.485818281024E-04
30962.00 0.484296694265E-04
30964.00 0.480112737826E-04
30966.00 0.474144057087E-04
30968.00 0.469063963880E-04
30970.00 0.466113739274E-04
30972.00 0.466011833065E-04
30974.00 0.467187596941E-04
30976.00 0.469534221930E-04
30978.00 0.473680941124E-04
30980.00 0.477711927981E-04
30982.00 0.479978056056E-04
30984.00 0.479207881266E-04
30986.00 0.477387938506E-04
30988.00 0.475721185869E-04
30990.00 0.475053578906E-04
30992.00 0.475217694215E-04
30994.00 0.475648272121E-04
30996.00 0.475636668351E-04
30998.00 0.475107102143E-04
31000.00 0.474414082245E-04
31002.00 0.473995328649E-04
31004.00 0.474093892836E-04
31006.00 0.474616775000E-04
31008.00 0.475168191582E-04
31010.00 0.475568216286E-04
31012.00 0.475775811804E-04
31014.00 0.475458743877E-04
31016.00 0.473936919613E-04
31018.00 0.471068973200E-04
31020.00 0.467171090408E-04
31022.00 0.464507634996E-04
31024.00 0.464708308967E-04
31026.00 0.467458300682E-04
31028.00 0.470476960388E-04
31030.00 0.473041885543E-04
31032.00 0.473891420620E-04
31034.00 0.473951627901E-04
31036.00 0.473022936111E-04
31038.00 0.469405104541E-04
31040.00 0.465043003089E-04
31042.00 0.460510305859E-04
31044.00 0.456350659657E-04
31046.00 0.453167647137E-04
31048.00 0.450997843925E-04
31050.00 0.453590183834E-04
31052.00 0.460567171118E-04
31054.00 0.468889585003E-04
31056.00 0.474981343741E-04
31058.00 0.477235426967E-04
31060.00 0.476736176457E-04
31062.00 0.475308234158E-04
31064.00 0.473775247203E-04
31066.00 0.472209501652E-04
31068.00 0.470353220770E-04
31070.00 0.467630440235E-04
31072.00 0.463916063263E-04
31074.00 0.459949507866E-04
31076.00 0.457619847453E-04
31078.00 0.458238613402E-04
31080.00 0.461811387058E-04
31082.00 0.465876930756E-04
31084.00 0.469979949202E-04
31086.00 0.473274673456E-04
31088.00 0.475493962337E-04
31090.00 0.476148845868E-04
31092.00 0.471478141811E-04
31094.00 0.465424061397E-04
31096.00 0.459295302918E-04
31098.00 0.455085696040E-04
31100.00 0.453584839993E-04
31102.00 0.454331145624E-04
31104.00 0.458573290559E-04
31106.00 0.466119761698E-04
31108.00 0.474446857806E-04
31110.00 0.478500373619E-04
31112.00 0.477944054275E-04
31114.00 0.475088814330E-04
31116.00 0.471851396415E-04
31118.00 0.469420050333E-04
31120.00 0.467788753659E-04
31122.00 0.466499496770E-04
31124.00 0.465514821879E-04
31126.00 0.464859717808E-04
31128.00 0.464113395212E-04
31130.00 0.462972425682E-04
31132.00 0.461078228973E-04
31134.00 0.458220546129E-04
31136.00 0.455401661270E-04
31138.00 0.453269095302E-04
31140.00 0.451855199672E-04
31142.00 0.450681437616E-04
31144.00 0.449824760452E-04
31146.00 0.451321171781E-04
31148.00 0.453733788971E-04
31150.00 0.456653901455E-04
31152.00 0.459285480429E-04
31154.00 0.461043672131E-04
31156.00 0.462113729733E-04
31158.00 0.462750783495E-04
31160.00 0.463053584214E-04
31162.00 0.463184703422E-04
31164.00 0.463153929681E-04
31166.00 0.462989593833E-04
31168.00 0.462840644855E-04
31170.00 0.462789802020E-04
31172.00 0.462800065589E-04
31174.00 0.462837523373E-04
31176.00 0.462867618531E-04
31178.00 0.462859153207E-04
31180.00 0.462785577841E-04
31182.00 0.462669624963E-04
31184.00 0.462550109524E-04
31186.00 0.462469392071E-04
31188.00 0.462472293014E-04
31190.00 0.462534281575E-04
31192.00 0.462701280862E-04
31194.00 0.462894829711E-04
31196.00 0.462986031272E-04
31198.00 0.462780895618E-04
31200.00 0.462386893338E-04
31202.00 0.461961438734E-04
31204.00 0.461604894238E-04
31206.00 0.461497423648E-04
31208.00 0.461496762030E-04
31210.00 0.461578141101E-04
31212.00 0.461710821051E-04
31214.00 0.461793540324E-04
31216.00 0.461790198302E-04
31218.00 0.461754962878E-04
31220.00 0.461735351828E-04
31222.00 0.461806704835E-04
31224.00 0.461993773216E-04
31226.00 0.462137157813E-04
31228.00 0.461940266943E-04
31230.00 0.461183697742E-04
31232.00 0.459380482055E-04
31234.00 0.455948616168E-04
31236.00 0.452598383822E-04
31238.00 0.450625692019E-04
31240.00 0.452016193499E-04
31242.00 0.454799181314E-04
31244.00 0.457290734677E-04
31246.00 0.457079559634E-04
31248.00 0.455059604522E-04
31250.00 0.452421341505E-04
31252.00 0.452030901786E-04
31254.00 0.452155998571E-04
31256.00 0.452148415405E-04
31258.00 0.452332141764E-04
31260.00 0.454200704999E-04
31262.00 0.457608464223E-04
31264.00 0.460906309958E-04
31266.00 0.461488958325E-04
31268.00 0.459097970969E-04
31270.00 0.455306456069E-04
31272.00 0.452170265779E-04
31274.00 0.450468939336E-04
31276.00 0.450144949861E-04
31278.00 0.451081021241E-04
31280.00 0.453972378769E-04
31282.00 0.457259502893E-04
31284.00 0.459825768248E-04
31286.00 0.460578316844E-04
31288.00 0.459208563041E-04
31290.00 0.457354725058E-04
31292.00 0.455653619154E-04
31294.00 0.454601391322E-04
31296.00 0.453748276719E-04
31298.00 0.453197080677E-04
31300.00 0.453106320195E-04
31302.00 0.453331762446E-04
31304.00 0.453701013410E-04
31306.00 0.454105041754E-04
31308.00 0.454482537502E-04
31310.00 0.454750781379E-04
31312.00 0.454861152911E-04
31314.00 0.454872536142E-04
31316.00 0.454846665163E-04
31318.00 0.454857369810E-04
31320.00 0.454987810436E-04
31322.00 0.455208791004E-04
31324.00 0.455369326788E-04
31326.00 0.455416369558E-04
31328.00 0.455345695134E-04
31330.00 0.455178017263E-04
31332.00 0.454801844753E-04
31334.00 0.453788855985E-04
31336.00 0.452567830620E-04
31338.00 0.451341461414E-04
31340.00 0.450491688832E-04
31342.00 0.449853973452E-04
31344.00 0.449364307928E-04
31346.00 0.449215358949E-04
31348.00 0.449443244100E-04
31350.00 0.449825880114E-04
31352.00 0.450200932962E-04
31354.00 0.450556357796E-04
31356.00 0.450900857443E-04
31358.00 0.451271669148E-04
31360.00 0.451732121672E-04
31362.00 0.452279975693E-04
31364.00 0.452947124612E-04
31366.00 0.453958773179E-04
31368.00 0.455487722565E-04
31370.00 0.457125720245E-04
31372.00 0.458019414114E-04
31374.00 0.456912119268E-04
31376.00 0.453603568885E-04
31378.00 0.449801128798E-04
31380.00 0.447007215795E-04
31382.00 0.445682282402E-04
31384.00 0.445514604531E-04
31386.00 0.446038368854E-04
31388.00 0.447562873521E-04
31390.00 0.449713048718E-04
31392.00 0.452136591096E-04
31394.00 0.454047514877E-04
31396.00 0.454875437084E-04
31398.00 0.454511971041E-04
31400.00 0.453435670475E-04
31402.00 0.451780725183E-04
31404.00 0.449877605107E-04
31406.00 0.448374730274E-04
31408.00 0.447403219895E-04
31410.00 0.446873433148E-04
31412.00 0.446638626450E-04
31414.00 0.446754138249E-04
31416.00 0.447221715895E-04
31418.00 0.447794779276E-04
31420.00 0.448428694591E-04
31422.00 0.449123495770E-04
31424.00 0.449752966366E-04
31426.00 0.450098127631E-04
31428.00 0.449965244107E-04
31430.00 0.449470455280E-04
31432.00 0.448869739640E-04
31434.00 0.448739977598E-04
31436.00 0.448941771231E-04
31438.00 0.449433438575E-04
31440.00 0.450076955840E-04
31442.00 0.450573067904E-04
31444.00 0.450768618573E-04
31446.00 0.450149411545E-04
31448.00 0.447978946714E-04
31450.00 0.444531049303E-04
31452.00 0.441467331682E-04
31454.00 0.439859429159E-04
31456.00 0.440825816237E-04
31458.00 0.443492410096E-04
31460.00 0.446511527846E-04
31462.00 0.449078234281E-04
31464.00 0.450837969760E-04
31466.00 0.451458737528E-04
31468.00 0.450795168134E-04
31470.00 0.449645258272E-04
31472.00 0.448281526893E-04
31474.00 0.447043774456E-04
31476.00 0.445959890725E-04
31478.00 0.444945341216E-04
31480.00 0.443964686930E-04
31482.00 0.443051144507E-04
31484.00 0.442306179076E-04
31486.00 0.441979288660E-04
31488.00 0.442486783954E-04
31490.00 0.443895335743E-04
31492.00 0.445078004201E-04
31494.00 0.444532152000E-04
31496.00 0.441444802725E-04
31498.00 0.437179467214E-04
31500.00 0.432881339178E-04
31502.00 0.429261743292E-04
31504.00 0.426247307765E-04
31506.00 0.424117863279E-04
31508.00 0.425058616882E-04
31510.00 0.427677048310E-04
31512.00 0.431308231001E-04
31514.00 0.434583564744E-04
31516.00 0.437217586617E-04
31518.00 0.439420623434E-04
31520.00 0.441095179776E-04
31522.00 0.442163914141E-04
31524.00 0.442755248370E-04
31526.00 0.442741201701E-04
31528.00 0.441953417681E-04
31530.00 0.440021983727E-04
31532.00 0.437561204106E-04
31534.00 0.435949959562E-04
31536.00 0.435954200706E-04
31538.00 0.437056151711E-04
31540.00 0.438702852219E-04
31542.00 0.440386993547E-04
31544.00 0.441932245890E-04
31546.00 0.443088161212E-04
31548.00 0.442595594745E-04
31550.00 0.440475752209E-04
31552.00 0.437834350746E-04
31554.00 0.436350204805E-04
31556.00 0.436089323554E-04
31558.00 0.437085822754E-04
31560.00 0.438201599889E-04
31562.00 0.438134250522E-04
31564.00 0.437018032308E-04
31566.00 0.435719631512E-04
31568.00 0.434973546419E-04
31570.00 0.435214799656E-04
31572.00 0.436081299310E-04
31574.00 0.437251040761E-04
31576.00 0.438782008931E-04
31578.00 0.440438735504E-04
31580.00 0.441574581732E-04
31582.00 0.441565878905E-04
31584.00 0.440666841194E-04
31586.00 0.439307792038E-04
31588.00 0.438179070932E-04
31590.00 0.437524865984E-04
31592.00 0.437094729157E-04
31594.00 0.436989480927E-04
31596.00 0.437243237056E-04
31598.00 0.437916849479E-04
31600.00 0.438642424399E-04
31602.00 0.439067862038E-04
31604.00 0.439070542441E-04
31606.00 0.438790033176E-04
31608.00 0.438419000932E-04
31610.00 0.438026559393E-04
31612.00 0.437670455976E-04
31614.00 0.437418498092E-04
31616.00 0.437444589610E-04
31618.00 0.437718177328E-04
31620.00 0.437975937098E-04
31622.00 0.438011834141E-04
31624.00 0.437849958156E-04
31626.00 0.437573690034E-04
31628.00 0.437144910373E-04
31630.00 0.436556239582E-04
31632.00 0.435860335706E-04
31634.00 0.435411249447E-04
31636.00 0.435497327707E-04
31638.00 0.435900015849E-04
31640.00 0.436329915172E-04
31642.00 0.436656143971E-04
31644.00 0.436782784531E-04
31646.00 0.436748007150E-04
31648.00 0.436132803763E-04
31650.00 0.434596932830E-04
31652.00 0.432650112006E-04
31654.00 0.431145693397E-04
31656.00 0.431052473052E-04
31658.00 0.432320117072E-04
31660.00 0.434187764219E-04
31662.00 0.435836246008E-04
31664.00 0.437024936891E-04
31666.00 0.437933797091E-04
31668.00 0.438289679968E-04
31670.00 0.438100372263E-04
31672.00 0.437265528509E-04
31674.00 0.436283992065E-04
31676.00 0.435568002131E-04
31678.00 0.435112011290E-04
31680.00 0.434658480312E-04
31682.00 0.433990432270E-04
31684.00 0.433004654682E-04
31686.00 0.431885077482E-04
31688.00 0.430964630477E-04
31690.00 0.430757934081E-04
31692.00 0.431023718095E-04
31694.00 0.431298425476E-04
31696.00 0.431490854663E-04
31698.00 0.431605246799E-04
31700.00 0.431656751252E-04
31702.00 0.431717399612E-04
31704.00 0.431832673907E-04
31706.00 0.431978280863E-04
31708.00 0.431945946381E-04
31710.00 0.431615272864E-04
31712.00 0.430904864275E-04
31714.00 0.430029237680E-04
31716.00 0.429099646768E-04
31718.00 0.428129018546E-04
31720.00 0.427392077360E-04
31722.00 0.427295752497E-04
31724.00 0.428177842596E-04
31726.00 0.429688521133E-04
31728.00 0.431394529800E-04
31730.00 0.432804642330E-04
31732.00 0.433816070357E-04
31734.00 0.434184422198E-04
31736.00 0.432968978178E-04
31738.00 0.430361692477E-04
31740.00 0.426933185577E-04
31742.00 0.424815785940E-04
31744.00 0.424864847494E-04
31746.00 0.427324507454E-04
31748.00 0.430382202650E-04
31750.00 0.433051697451E-04
31752.00 0.434662483952E-04
31754.00 0.435344137584E-04
31756.00 0.435408569044E-04
31758.00 0.434423232535E-04
31760.00 0.433005536840E-04
31762.00 0.431664996036E-04
31764.00 0.430523805967E-04
31766.00 0.429510596659E-04
31768.00 0.428637412963E-04
31770.00 0.428039377726E-04
31772.00 0.427678151007E-04
31774.00 0.427475017173E-04
31776.00 0.427367546583E-04
31778.00 0.427410365173E-04
31780.00 0.427641592346E-04
31782.00 0.427932348215E-04
31784.00 0.428224461251E-04
31786.00 0.428469056509E-04
31788.00 0.428651900711E-04
31790.00 0.428700283682E-04
31792.00 0.428631611078E-04
31794.00 0.428413531452E-04
31796.00 0.427759105964E-04
31798.00 0.426095678384E-04
31800.00 0.423658750956E-04
31802.00 0.421233427299E-04
31804.00 0.419947732970E-04
31806.00 0.419851628646E-04
31808.00 0.420732616048E-04
31810.00 0.422554119548E-04
31812.00 0.425065979508E-04
31814.00 0.428156450266E-04
31816.00 0.430664951240E-04
31818.00 0.431793214303E-04
31820.00 0.431670797921E-04
31822.00 0.430547437621E-04
31824.00 0.427896230633E-04
31826.00 0.423170883677E-04
31828.00 0.418071603534E-04
31830.00 0.415137444381E-04
31832.00 0.416033140070E-04
31834.00 0.419339451129E-04
31836.00 0.423339460669E-04
31838.00 0.427124953145E-04
31840.00 0.430292341290E-04
31842.00 0.432519450841E-04
31844.00 0.433168769991E-04
31846.00 0.431698670720E-04
31848.00 0.429558080508E-04
31850.00 0.427844047597E-04
31852.00 0.426678767829E-04
31854.00 0.426105042830E-04
31856.00 0.425510366579E-04
31858.00 0.424665496760E-04
31860.00 0.423599442798E-04
31862.00 0.422591356793E-04
31864.00 0.422133822175E-04
31866.00 0.422174842520E-04
31868.00 0.422424136966E-04
31870.00 0.422826825109E-04
31872.00 0.423437787353E-04
31874.00 0.424259246056E-04
31876.00 0.424897623055E-04
31878.00 0.425016917954E-04
31880.00 0.424719240537E-04
31882.00 0.424380983855E-04
31884.00 0.424358013819E-04
31886.00 0.424969417141E-04
31888.00 0.425916413708E-04
31890.00 0.427043336569E-04
31892.00 0.428343976690E-04
31894.00 0.428808212315E-04
31896.00 0.427433996828E-04
31898.00 0.422918247209E-04
31900.00 0.416112958401E-04
31902.00 0.409105434880E-04
31904.00 0.407470338142E-04
31906.00 0.411854306933E-04
31908.00 0.418246423491E-04
31910.00 0.422982475095E-04
31912.00 0.425365200702E-04
31914.00 0.424256565653E-04
31916.00 0.422231029196E-04
31918.00 0.419354396921E-04
31920.00 0.415948402012E-04
31922.00 0.413846626750E-04
31924.00 0.414240391526E-04
31926.00 0.418520452289E-04
31928.00 0.424463262049E-04
31930.00 0.429757651781E-04
31932.00 0.431153497102E-04
31934.00 0.429654863414E-04
31936.00 0.427615280288E-04
31938.00 0.425824550529E-04
31940.00 0.424351109236E-04
31942.00 0.423175124821E-04
31944.00 0.422184868585E-04
31946.00 0.421508134679E-04
31948.00 0.421120154824E-04
31950.00 0.421010444910E-04
31952.00 0.421360525903E-04
31954.00 0.422359909081E-04
31956.00 0.423356849360E-04
31958.00 0.423879510985E-04
31960.00 0.423494432072E-04
31962.00 0.422496372131E-04
31964.00 0.420037153250E-04
31966.00 0.416057891387E-04
31968.00 0.411588963998E-04
31970.00 0.408118995674E-04
31972.00 0.407281267941E-04
31974.00 0.409658870246E-04
31976.00 0.412389454486E-04
31978.00 0.414202933742E-04
31980.00 0.415091724848E-04
31982.00 0.416002145789E-04
31984.00 0.416992164522E-04
31986.00 0.418063138211E-04
31988.00 0.419133195813E-04
31990.00 0.420182081624E-04
31992.00 0.421308342867E-04
31994.00 0.422487007685E-04
31996.00 0.423818862625E-04
31998.00 0.425553405709E-04
32000.00 0.427725872360E-04
32002.00 0.430082082334E-04
32004.00 0.430754134016E-04
32006.00 0.428636072761E-04
32008.00 0.424220668610E-04
32010.00 0.419158846252E-04
32012.00 0.413932688045E-04
32014.00 0.408860161039E-04
32016.00 0.404628500212E-04
32018.00 0.403390527235E-04
32020.00 0.409133986262E-04
32022.00 0.416468841278E-04
32024.00 0.422154332348E-04
32026.00 0.423761556287E-04
32028.00 0.422034138326E-04
32030.00 0.419193844172E-04
32032.00 0.418037267232E-04
32034.00 0.419050697079E-04
32036.00 0.420706083451E-04
32038.00 0.421791544888E-04
32040.00 0.421838808197E-04
32042.00 0.420099803430E-04
32044.00 0.417251043953E-04
32046.00 0.411395194610E-04
32048.00 0.403409697206E-04
32050.00 0.396983922929E-04
32052.00 0.395447152874E-04
32054.00 0.399298433976E-04
32056.00 0.405183038275E-04
32058.00 0.410893280661E-04
32060.00 0.415219722575E-04
32062.00 0.418568852224E-04
32064.00 0.421371230550E-04
32066.00 0.423066314030E-04
32068.00 0.423089725145E-04
32070.00 0.421458190967E-04
32072.00 0.418543201785E-04
32074.00 0.412876897651E-04
32076.00 0.407388959070E-04
32078.00 0.403776267767E-04
32080.00 0.404268613694E-04
32082.00 0.406741200661E-04
32084.00 0.409655528225E-04
32086.00 0.412303172652E-04
32088.00 0.414608319253E-04
32090.00 0.416463938516E-04
32092.00 0.416926833939E-04
32094.00 0.415842051085E-04
32096.00 0.413705922556E-04
32098.00 0.410776886705E-04
32100.00 0.407043339761E-04
32102.00 0.402276751921E-04
32104.00 0.398623040272E-04
32106.00 0.398390472898E-04
32108.00 0.402608307596E-04
32110.00 0.407299538790E-04
32112.00 0.410645326417E-04
32114.00 0.410043287541E-04
32116.00 0.407580726638E-04
32118.00 0.405735353979E-04
32120.00 0.406803867805E-04
32122.00 0.410405175878E-04
32124.00 0.414256015901E-04
32126.00 0.416322335199E-04
32128.00 0.415696223589E-04
32130.00 0.413120373247E-04
32132.00 0.410101255497E-04
32134.00 0.406621244143E-04
32136.00 0.403087047934E-04
32138.00 0.399984091248E-04
32140.00 0.398208069776E-04
32142.00 0.398201826812E-04
32144.00 0.398927842811E-04
32146.00 0.400698062398E-04
32148.00 0.403237557653E-04
32150.00 0.405752522130E-04
32152.00 0.407037317337E-04
32154.00 0.406460708360E-04
32156.00 0.404140395428E-04
32158.00 0.401224286584E-04
32160.00 0.398003375201E-04
32162.00 0.394372854128E-04
32164.00 0.391168890357E-04
32166.00 0.389337784906E-04
32168.00 0.390611434386E-04
32170.00 0.393226082713E-04
32172.00 0.396552903944E-04
32174.00 0.400620245887E-04
32176.00 0.404885360858E-04
32178.00 0.408428039356E-04
32180.00 0.410588698662E-04
32182.00 0.411412379726E-04
32184.00 0.411642266696E-04
32186.00 0.412307176292E-04
32188.00 0.413744279463E-04
32190.00 0.414940774050E-04
32192.00 0.413931568383E-04
32194.00 0.407512495113E-04
32196.00 0.399280366702E-04
32198.00 0.392521917088E-04
32200.00 0.392068148607E-04
32202.00 0.399409026048E-04
32204.00 0.409022053988E-04
32206.00 0.413704141276E-04
32208.00 0.412752021406E-04
32210.00 0.408788808032E-04
32212.00 0.404554687341E-04
32214.00 0.401679836346E-04
32216.00 0.400349779651E-04
32218.00 0.399578264659E-04
32220.00 0.399689755853E-04
32222.00 0.401580831080E-04
32224.00 0.403750854832E-04
32226.00 0.404564730370E-04
32228.00 0.400601075916E-04
32230.00 0.394613666286E-04
32232.00 0.389371018511E-04
32234.00 0.391462326629E-04
32236.00 0.398939209077E-04
32238.00 0.406876781553E-04
32240.00 0.411124287294E-04
32242.00 0.409764780095E-04
32244.00 0.403968696953E-04
32246.00 0.398874099034E-04
32248.00 0.397641927943E-04
32250.00 0.399350837552E-04
32252.00 0.402096130079E-04
32254.00 0.405170331808E-04
32256.00 0.407640475875E-04
32258.00 0.409674036577E-04
32260.00 0.410123343375E-04
32262.00 0.408944237478E-04
32264.00 0.407116253509E-04
32266.00 0.405476474548E-04
32268.00 0.404188557860E-04
32270.00 0.403211686674E-04
32272.00 0.402631956215E-04
32274.00 0.402856482380E-04
32276.00 0.404590363845E-04
32278.00 0.406454007352E-04
32280.00 0.408061909875E-04
32282.00 0.408733299939E-04
32284.00 0.408723935493E-04
32286.00 0.407962242990E-04
32288.00 0.405182156117E-04
32290.00 0.401725097835E-04
32292.00 0.398665180279E-04
32294.00 0.396338624384E-04
32296.00 0.394672753904E-04
32298.00 0.393905938100E-04
32300.00 0.394651582113E-04
32302.00 0.397901027913E-04
32304.00 0.402083864690E-04
32306.00 0.405088274153E-04
32308.00 0.404581898521E-04
32310.00 0.403247600682E-04
32312.00 0.401869144051E-04
32314.00 0.401063309721E-04
32316.00 0.400913020542E-04
32318.00 0.400991057592E-04
32320.00 0.400727716477E-04
32322.00 0.400049642370E-04
32324.00 0.399141240214E-04
32326.00 0.398293469452E-04
32328.00 0.397765243446E-04
32330.00 0.397692550238E-04
32332.00 0.397781733014E-04
32334.00 0.398114425316E-04
32336.00 0.398859170207E-04
32338.00 0.399681511069E-04
32340.00 0.400273065837E-04
32342.00 0.400171159629E-04
32344.00 0.399658320493E-04
32346.00 0.398951932509E-04
32348.00 0.398384671013E-04
32350.00 0.398012298568E-04
32352.00 0.397822549784E-04
32354.00 0.397812065676E-04
32356.00 0.398056440395E-04
32358.00 0.398491700524E-04
32360.00 0.398911336278E-04
32362.00 0.399031309761E-04
32364.00 0.399038214343E-04
32366.00 0.398909775537E-04
32368.00 0.398294368575E-04
32370.00 0.397216931382E-04
32372.00 0.395910726881E-04
32374.00 0.395181809939E-04
32376.00 0.395275691904E-04
32378.00 0.395860783169E-04
32380.00 0.396182770823E-04
32382.00 0.395687082874E-04
32384.00 0.394187329524E-04
32386.00 0.392146423161E-04
32388.00 0.389328199921E-04
32390.00 0.385692097502E-04
32392.00 0.382808323140E-04
32394.00 0.385019384202E-04
32396.00 0.391636909082E-04
32398.00 0.400390358917E-04
32400.00 0.407960902789E-04
32402.00 0.409878290073E-04
32404.00 0.407155509538E-04
32406.00 0.403231094149E-04
32408.00 0.399757325759E-04
32410.00 0.397174129757E-04
32412.00 0.395158619364E-04
32414.00 0.393627888698E-04
32416.00 0.393335114044E-04
32418.00 0.393398222267E-04
32420.00 0.393253718007E-04
32422.00 0.391506247917E-04
32424.00 0.389155619288E-04
32426.00 0.387219944190E-04
32428.00 0.386903096803E-04
32430.00 0.388602183922E-04
32432.00 0.391606372845E-04
32434.00 0.393340237345E-04
32436.00 0.392136159592E-04
32438.00 0.389513724525E-04
32440.00 0.387326312083E-04
32442.00 0.388061234484E-04
32444.00 0.391806147693E-04
32446.00 0.396677322146E-04
32448.00 0.398538302215E-04
32450.00 0.397428988583E-04
32452.00 0.394078298193E-04
32454.00 0.389983303991E-04
32456.00 0.386395380969E-04
32458.00 0.383754200045E-04
32460.00 0.382653368702E-04
32462.00 0.385052159763E-04
32464.00 0.391752200341E-04
32466.00 0.397953652028E-04
32468.00 0.401317727469E-04
32470.00 0.400699182060E-04
32472.00 0.398115765518E-04
32474.00 0.395264766717E-04
32476.00 0.394119997121E-04
32478.00 0.393774598352E-04
32480.00 0.392691596778E-04
32482.00 0.390010735711E-04
32484.00 0.385981750675E-04
32486.00 0.381894560178E-04
32488.00 0.380149991030E-04
32490.00 0.383513387887E-04
32492.00 0.388604185742E-04
32494.00 0.393585070108E-04
32496.00 0.396654369074E-04
32498.00 0.399043575149E-04
32500.00 0.400782800456E-04
32502.00 0.400749566851E-04
32504.00 0.399099083242E-04
32506.00 0.396528593707E-04
32508.00 0.394542313279E-04
32510.00 0.393529324511E-04
32512.00 0.393203994835E-04
32514.00 0.392992616217E-04
32516.00 0.392556694469E-04
32518.00 0.391795901089E-04
32520.00 0.390943227565E-04
32522.00 0.390289243157E-04
32524.00 0.389872711920E-04
32526.00 0.389678721992E-04
32528.00 0.389635682862E-04
32530.00 0.389710377891E-04
32532.00 0.389859564373E-04
32534.00 0.390024341301E-04
32536.00 0.390195140653E-04
32538.00 0.390340069027E-04
32540.00 0.390425027624E-04
32542.00 0.390449117322E-04
32544.00 0.390440193955E-04
32546.00 0.390423246343E-04
32548.00 0.390338728825E-04
32550.00 0.390032365545E-04
32552.00 0.389609150265E-04
32554.00 0.389264430079E-04
32556.00 0.389133090331E-04
32558.00 0.389231433979E-04
32560.00 0.389473586338E-04
32562.00 0.389884315690E-04
32564.00 0.390568853300E-04
32566.00 0.391366663385E-04
32568.00 0.392207953678E-04
32570.00 0.393081815958E-04
32572.00 0.393995358381E-04
32574.00 0.395011468631E-04
32576.00 0.396859725268E-04
32578.00 0.398994734135E-04
32580.00 0.400464154823E-04
32582.00 0.400369390701E-04
32584.00 0.399324525494E-04
32586.00 0.398098817906E-04
32588.00 0.396688925916E-04
32590.00 0.394603402717E-04
32592.00 0.391900691276E-04
32594.00 0.389648168790E-04
32596.00 0.390763284307E-04
32598.00 0.393512817978E-04
32600.00 0.397053935735E-04
32602.00 0.399332990817E-04
32604.00 0.399325407652E-04
32606.00 0.397695671720E-04
32608.00 0.395244019040E-04
32610.00 0.392221559268E-04
32612.00 0.389140894036E-04
32614.00 0.386262480480E-04
32616.00 0.383436453535E-04
32618.00 0.380496271957E-04
32620.00 0.377791779235E-04
32622.00 0.377852427595E-04
32624.00 0.381819644610E-04
32626.00 0.387851637146E-04
32628.00 0.392998638641E-04
32630.00 0.395163301587E-04
32632.00 0.394331816819E-04
32634.00 0.392276422707E-04
32636.00 0.390458261228E-04
32638.00 0.389277815130E-04
32640.00 0.388438068613E-04
32642.00 0.387729678808E-04
32644.00 0.387013247795E-04
32646.00 0.386267824321E-04
32648.00 0.385586408193E-04
32650.00 0.385600675402E-04
32652.00 0.386007842193E-04
32654.00 0.386516677688E-04
32656.00 0.386714671256E-04
32658.00 0.386361706285E-04
32660.00 0.385528219697E-04
32662.00 0.384156905153E-04
32664.00 0.381834369862E-04
32666.00 0.379355302427E-04
32668.00 0.377595549983E-04
32670.00 0.378744340183E-04
32672.00 0.381855321113E-04
32674.00 0.386095922272E-04
32676.00 0.389599785819E-04
32678.00 0.391949532291E-04
32680.00 0.392814013159E-04
32682.00 0.391268116162E-04
32684.00 0.387199654557E-04
32686.00 0.381707491797E-04
32688.00 0.376579897777E-04
32690.00 0.374102832162E-04
32692.00 0.374905103931E-04
32694.00 0.376338186497E-04
32696.00 0.377261975524E-04
32698.00 0.377631684531E-04
32700.00 0.377365663013E-04
32702.00 0.376737753158E-04
32704.00 0.375879074174E-04
32706.00 0.375163762822E-04
32708.00 0.375356412549E-04
32710.00 0.377008897977E-04
32712.00 0.380049204483E-04
32714.00 0.383318956881E-04
32716.00 0.385684751841E-04
32718.00 0.386152770566E-04
32720.00 0.385635469747E-04
32722.00 0.384675766713E-04
32724.00 0.383636465887E-04
32726.00 0.382504640263E-04
32728.00 0.381351846424E-04
32730.00 0.380292255965E-04
32732.00 0.379398545131E-04
32734.00 0.378619243399E-04
32736.00 0.377928683364E-04
32738.00 0.377399778775E-04
32740.00 0.376927060862E-04
32742.00 0.376336405216E-04
32744.00 0.375389849728E-04
32746.00 0.374118880651E-04
32748.00 0.372725495193E-04
32750.00 0.371927685108E-04
32752.00 0.371693777533E-04
32754.00 0.371805930346E-04
32756.00 0.372141523590E-04
32758.00 0.372739762402E-04
32760.00 0.373513499753E-04
32762.00 0.374338962097E-04
32764.00 0.375329659412E-04
32766.00 0.376472868266E-04
32768.00 0.377787097012E-04
32770.00 0.379296435348E-04
32772.00 0.380987718762E-04
32774.00 0.382813683946E-04
32776.00 0.384394375289E-04
32778.00 0.385356080143E-04
32780.00 0.385404242575E-04
32782.00 0.384401500411E-04
32784.00 0.382024118645E-04
32786.00 0.379308463232E-04
32788.00 0.376628721827E-04
32790.00 0.374329156572E-04
32792.00 0.372420692654E-04
32794.00 0.370712224125E-04
32796.00 0.371329870411E-04
32798.00 0.373926672004E-04
32800.00 0.377749859768E-04
32802.00 0.381095189352E-04
32804.00 0.382239517868E-04
32806.00 0.380493591554E-04
32808.00 0.378213874853E-04
32810.00 0.376420244151E-04
32812.00 0.375310693016E-04
32814.00 0.374639099377E-04
32816.00 0.374234833529E-04
32818.00 0.374019875385E-04
32820.00 0.373999365213E-04
32822.00 0.373977294299E-04
32824.00 0.373711951364E-04
32826.00 0.373120837675E-04
32828.00 0.372451907474E-04
32830.00 0.371902713252E-04
32832.00 0.371617962843E-04
32834.00 0.371497785785E-04
32836.00 0.371531901548E-04
32838.00 0.371869700187E-04
32840.00 0.372421574812E-04
32842.00 0.373109691948E-04
32844.00 0.373832586465E-04
32846.00 0.374559484622E-04
32848.00 0.375250502700E-04
32850.00 0.375659891850E-04
32852.00 0.375524531498E-04
32854.00 0.375157740398E-04
32856.00 0.374789371592E-04
32858.00 0.374734304578E-04
32860.00 0.374974675657E-04
32862.00 0.375380722786E-04
32864.00 0.375611712454E-04
32866.00 0.375623095685E-04
32868.00 0.375503580246E-04
32870.00 0.375436230879E-04
32872.00 0.375524531498E-04
32874.00 0.375740371799E-04
32876.00 0.376036488475E-04
32878.00 0.376483335410E-04
32880.00 0.377061081013E-04
32882.00 0.377710841243E-04
32884.00 0.378476757924E-04
32886.00 0.379278368074E-04
32888.00 0.379830904318E-04
32890.00 0.379227983283E-04
32892.00 0.376192138461E-04
32894.00 0.371123394555E-04
32896.00 0.367060293757E-04
32898.00 0.366649123326E-04
32900.00 0.369474030609E-04
32902.00 0.374241297032E-04
32904.00 0.377684071142E-04
32906.00 0.378896190104E-04
32908.00 0.378427713335E-04
32910.00 0.377397776955E-04
32912.00 0.376236958871E-04
32914.00 0.375098873319E-04
32916.00 0.373910623515E-04
32918.00 0.372453688755E-04
32920.00 0.370598069492E-04
32922.00 0.368557824747E-04
32924.00 0.366688820434E-04
32926.00 0.365373030947E-04
32928.00 0.364779677933E-04
32930.00 0.364960961393E-04
32932.00 0.365625650450E-04
32934.00 0.366716014649E-04
32936.00 0.367142571951E-04
32938.00 0.365393761659E-04
32940.00 0.361274474184E-04
32942.00 0.357408026751E-04
32944.00 0.356171614516E-04
32946.00 0.358471858354E-04
32948.00 0.363371346684E-04
32950.00 0.368058794777E-04
32952.00 0.370570637772E-04
32954.00 0.371887105842E-04
32956.00 0.372871984308E-04
32958.00 0.373430322436E-04
32960.00 0.373073557401E-04
32962.00 0.372030252935E-04
32964.00 0.369718642831E-04
32966.00 0.364852150602E-04
32968.00 0.359326313158E-04
32970.00 0.355683747236E-04
32972.00 0.355406359453E-04
32974.00 0.357944514506E-04
32976.00 0.361346047730E-04
32978.00 0.363727670640E-04
32980.00 0.364628286056E-04
32982.00 0.365289192012E-04
32984.00 0.366669412959E-04
32986.00 0.368997529595E-04
32988.00 0.371649635706E-04
32990.00 0.373889214220E-04
32992.00 0.374586237758E-04
32994.00 0.373766577299E-04
32996.00 0.371795683742E-04
32998.00 0.368841438531E-04
33000.00 0.365062189019E-04
33002.00 0.361419182018E-04
33004.00 0.359292638475E-04
33006.00 0.360892279249E-04
33008.00 0.365430998903E-04
33010.00 0.370174175629E-04
33012.00 0.372329491093E-04
33014.00 0.372850133934E-04
33016.00 0.371930806590E-04
33018.00 0.371037994879E-04
33020.00 0.370442419506E-04
33022.00 0.370145861751E-04
33024.00 0.369804263047E-04
33026.00 0.369157624300E-04
33028.00 0.368118323474E-04
33030.00 0.366651803729E-04
33032.00 0.364551131164E-04
33034.00 0.361872933535E-04
33036.00 0.359148151180E-04
33038.00 0.358793625469E-04
33040.00 0.361327539378E-04
33042.00 0.365952981945E-04
33044.00 0.369928681248E-04
33046.00 0.372005281079E-04
33048.00 0.372194147705E-04
33050.00 0.371566237850E-04
33052.00 0.370806106089E-04
33054.00 0.370090116154E-04
33056.00 0.369504142731E-04
33058.00 0.369260650171E-04
33060.00 0.369248164243E-04
33062.00 0.369435911206E-04
33064.00 0.369312816242E-04
33066.00 0.368212425978E-04
33068.00 0.366213201578E-04
33070.00 0.364286907891E-04
33072.00 0.363155506382E-04
33074.00 0.363061183339E-04
33076.00 0.363685310093E-04
33078.00 0.363599910417E-04
33080.00 0.362009396585E-04
33082.00 0.359245375166E-04
33084.00 0.356944910788E-04
33086.00 0.355825113049E-04
33088.00 0.356480217120E-04
33090.00 0.358056446779E-04
33092.00 0.360429383825E-04
33094.00 0.363714065050E-04
33096.00 0.367144811275E-04
33098.00 0.369542703213E-04
33100.00 0.370628843233E-04
33102.00 0.370856711419E-04
33104.00 0.370785595916E-04
33106.00 0.370622142225E-04
33108.00 0.370382229190E-04
33110.00 0.370134716025E-04
33112.00 0.369895685148E-04
33114.00 0.369652192587E-04
33116.00 0.369397333760E-04
33118.00 0.369128411300E-04
33120.00 0.368849479740E-04
33122.00 0.368561387308E-04
33124.00 0.368263048273E-04
33126.00 0.367958228770E-04
33128.00 0.367642263540E-04
33130.00 0.367316051706E-04
33132.00 0.366982036167E-04
33134.00 0.366640437463E-04
33136.00 0.366293036873E-04
33138.00 0.365937832579E-04
33140.00 0.365573925457E-04
33142.00 0.365204012875E-04
33144.00 0.364825159962E-04
33146.00 0.364441641790E-04
33148.00 0.364053000316E-04
33150.00 0.363660558777E-04
33152.00 0.363266115418E-04
33154.00 0.362868313073E-04
33156.00 0.362466727628E-04
33158.00 0.362059577801E-04
33160.00 0.361648186831E-04
33162.00 0.361234556536E-04
33164.00 0.360820926242E-04
33166.00 0.360406193250E-04
33168.00 0.359988118237E-04
33170.00 0.359560661813E-04
33172.00 0.359125859727E-04
33174.00 0.358686137915E-04
33176.00 0.358245754484E-04
33178.00 0.357807610377E-04
33180.00 0.357373910989E-04
33182.00 0.356945131328E-04
33184.00 0.356524596451E-04
33186.00 0.356112747437E-04
33188.00 0.355714079898E-04
33190.00 0.355337008265E-04
33192.00 0.354969555547E-04
33194.00 0.354555484174E-04
33196.00 0.353943402268E-04
33198.00 0.353241017924E-04
33200.00 0.352653483760E-04
33202.00 0.351959802243E-04
33204.00 0.351603037207E-04
33206.00 0.352684240536E-04
33208.00 0.355830694395E-04
33210.00 0.359698685604E-04
33212.00 0.362097256125E-04
33214.00 0.362029465679E-04
33216.00 0.360577213142E-04
33218.00 0.358736760210E-04
33220.00 0.357166552975E-04
33222.00 0.355920097711E-04
33224.00 0.355155283726E-04
33226.00 0.355207246223E-04
33228.00 0.356011977855E-04
33230.00 0.356780795479E-04
33232.00 0.357115930680E-04
33234.00 0.356754483421E-04
33236.00 0.356015981495E-04
33238.00 0.355378486654E-04
33240.00 0.355379165237E-04
33242.00 0.355915415488E-04
33244.00 0.356666403342E-04
33246.00 0.357457529384E-04
33248.00 0.358174401476E-04
33250.00 0.358721152800E-04
33252.00 0.359058730899E-04
33254.00 0.358862518612E-04
33256.00 0.358314223513E-04
33258.00 0.357618743751E-04
33260.00 0.356818253263E-04
33262.00 0.356023344121E-04
33264.00 0.355291967316E-04
33266.00 0.354642444591E-04
33268.00 0.354107297038E-04
33270.00 0.353551639312E-04
33272.00 0.352928632219E-04
33274.00 0.352254341213E-04
33276.00 0.351645177214E-04
33278.00 0.351341477373E-04
33280.00 0.352194812516E-04
33282.00 0.354331382123E-04
33284.00 0.357036553428E-04
33286.00 0.359060529144E-04
33288.00 0.360276414243E-04
33290.00 0.360400170825E-04
33292.00 0.360274853502E-04
33294.00 0.359767137668E-04
33296.00 0.358978692029E-04
33298.00 0.358256238592E-04
33300.00 0.357976848988E-04
33302.00 0.358105508333E-04
33304.00 0.358443103397E-04
33306.00 0.358562618836E-04
33308.00 0.358376653153E-04
33310.00 0.357919101571E-04
33312.00 0.357658220319E-04
33314.00 0.358005620909E-04
33316.00 0.358809673958E-04
33318.00 0.359551297366E-04
33320.00 0.359643160546E-04
33322.00 0.359004563008E-04
33324.00 0.357677610830E-04
33326.00 0.355919656632E-04
33328.00 0.353629896902E-04
33330.00 0.351464334833E-04
33332.00 0.350400503231E-04
33334.00 0.351222403013E-04
33336.00 0.353954327455E-04
33338.00 0.357335350507E-04
33340.00 0.359164437173E-04
33342.00 0.358934770742E-04
33344.00 0.357663343621E-04
33346.00 0.356447000480E-04
33348.00 0.355466787273E-04
33350.00 0.354933879044E-04
33352.00 0.354550801951E-04
33354.00 0.354499959116E-04
33356.00 0.354693728504E-04
33358.00 0.354813685022E-04
33360.00 0.354521809490E-04
33362.00 0.353775724398E-04
33364.00 0.352578771766E-04
33366.00 0.351521861711E-04
33368.00 0.350853152050E-04
33370.00 0.350608777331E-04
33372.00 0.350291471900E-04
33374.00 0.349557211117E-04
33376.00 0.348319899759E-04
33378.00 0.346892398539E-04
33380.00 0.345731800994E-04
33382.00 0.344939334751E-04
33384.00 0.344538648428E-04
33386.00 0.344790165233E-04
33388.00 0.345937835771E-04
33390.00 0.348009295336E-04
33392.00 0.350023007483E-04
33394.00 0.351307802690E-04
33396.00 0.351749305783E-04
33398.00 0.351693780725E-04
33400.00 0.351205014323E-04
33402.00 0.350198930137E-04
33404.00 0.348748458881E-04
33406.00 0.347610390293E-04
33408.00 0.347129868675E-04
33410.00 0.347742171120E-04
33412.00 0.348704758133E-04
33414.00 0.349884542613E-04
33416.00 0.351063648510E-04
33418.00 0.352056347645E-04
33420.00 0.352758952529E-04
33422.00 0.353202219938E-04
33424.00 0.353346045614E-04
33426.00 0.353648625794E-04
33428.00 0.354490153591E-04
33430.00 0.355802143013E-04
33432.00 0.356820034544E-04
33434.00 0.356815810364E-04
33436.00 0.355599229718E-04
33438.00 0.353650865118E-04
33440.00 0.352398845472E-04
33442.00 0.352392585544E-04
33444.00 0.353126422212E-04
33446.00 0.354093029829E-04
33448.00 0.355475710640E-04
33450.00 0.357683192175E-04
33452.00 0.359856778488E-04
33454.00 0.359688659539E-04
33456.00 0.356871097918E-04
33458.00 0.353043244895E-04
33460.00 0.350669866770E-04
33462.00 0.350286569137E-04
33464.00 0.352366952069E-04
33466.00 0.354299285145E-04
33468.00 0.355034886130E-04
33470.00 0.354339864411E-04
33472.00 0.353185272327E-04
33474.00 0.352201055480E-04
33476.00 0.351578285891E-04
33478.00 0.351215040387E-04
33480.00 0.350902875223E-04
33482.00 0.350594951202E-04
33484.00 0.350266058965E-04
33486.00 0.349869817361E-04
33488.00 0.349339352031E-04
33490.00 0.348645891054E-04
33492.00 0.347925015321E-04
33494.00 0.347392768711E-04
33496.00 0.347153500330E-04
33498.00 0.347248501956E-04
33500.00 0.347630679926E-04
33502.00 0.348350011882E-04
33504.00 0.349194203118E-04
33506.00 0.349721326426E-04
33508.00 0.349585745534E-04
33510.00 0.348629180946E-04
33512.00 0.347283940955E-04
33514.00 0.345916426476E-04
33516.00 0.344609560356E-04
33518.00 0.343481059789E-04
33520.00 0.342676107618E-04
33522.00 0.342158128216E-04
33524.00 0.341970601791E-04
33526.00 0.341872495648E-04
33528.00 0.342365282654E-04
33530.00 0.343397661933E-04
33532.00 0.344494048557E-04
33534.00 0.345152274110E-04
33536.00 0.345344703297E-04
33538.00 0.345172343203E-04
33540.00 0.345536470865E-04
33542.00 0.347336802574E-04
33544.00 0.350386015483E-04
33546.00 0.353184610708E-04
33548.00 0.354425705166E-04
33550.00 0.353802477534E-04
33552.00 0.351923447156E-04
33554.00 0.349519532794E-04
33556.00 0.346525827978E-04
33558.00 0.343316944480E-04
33560.00 0.341600909749E-04
33562.00 0.342821494035E-04
33564.00 0.347267892466E-04
33566.00 0.352207298444E-04
33568.00 0.355103779273E-04
33570.00 0.355637807164E-04
33572.00 0.354745012418E-04
33574.00 0.353579512111E-04
33576.00 0.352250778652E-04
33578.00 0.350667186367E-04
33580.00 0.349224298276E-04
33582.00 0.348228935702E-04
33584.00 0.347723662768E-04
33586.00 0.347402353696E-04
33588.00 0.347025078488E-04
33590.00 0.346466519820E-04
33592.00 0.345658887246E-04
33594.00 0.344726615931E-04
33596.00 0.343733475717E-04
33598.00 0.342773111064E-04
33600.00 0.342116666792E-04
33602.00 0.342805445546E-04
33604.00 0.344430719795E-04
33606.00 0.346174406785E-04
33608.00 0.347293542905E-04
33610.00 0.347603706250E-04
33612.00 0.346962852423E-04
33614.00 0.345814740807E-04
33616.00 0.343633350789E-04
33618.00 0.341144257290E-04
33620.00 0.339459216839E-04
33622.00 0.339737927860E-04
33624.00 0.341901267569E-04
33626.00 0.344986156981E-04
33628.00 0.346979579495E-04
33630.00 0.347247823373E-04
33632.00 0.346358591187E-04
33634.00 0.345216060916E-04
33636.00 0.343880422875E-04
33638.00 0.342508870827E-04
33640.00 0.341291204448E-04
33642.00 0.340972117736E-04
33644.00 0.341452639354E-04
33646.00 0.342240864453E-04
33648.00 0.343078592186E-04
33650.00 0.343936151508E-04
33652.00 0.344799529679E-04
33654.00 0.345745847663E-04
33656.00 0.347121182812E-04
33658.00 0.348766305615E-04
33660.00 0.350042414958E-04
33662.00 0.350065368030E-04
33664.00 0.348854606233E-04
33666.00 0.346949263798E-04
33668.00 0.345477383246E-04
33670.00 0.344732197277E-04
33672.00 0.344434299320E-04
33674.00 0.344350222881E-04
33676.00 0.344920385319E-04
33678.00 0.346313109159E-04
33680.00 0.347613291236E-04
33682.00 0.347082825906E-04
33684.00 0.344383897565E-04
33686.00 0.340366058255E-04
33688.00 0.336913699160E-04
33690.00 0.335013259487E-04
33692.00 0.333779968734E-04
33694.00 0.332731524002E-04
33696.00 0.331872607514E-04
33698.00 0.331165557911E-04
33700.00 0.330844011335E-04
33702.00 0.331583412385E-04
33704.00 0.333839056352E-04
33706.00 0.336504310010E-04
33708.00 0.338639539416E-04
33710.00 0.339449394350E-04
33712.00 0.339510500753E-04
33714.00 0.339329437832E-04
33716.00 0.339227752163E-04
33718.00 0.339242477415E-04
33720.00 0.339314492041E-04
33722.00 0.339382944105E-04
33724.00 0.339419519731E-04
33726.00 0.339432226199E-04
33728.00 0.339450734551E-04
33730.00 0.339519644659E-04
33732.00 0.339641823536E-04
33734.00 0.339813522011E-04
33736.00 0.340014195982E-04
33738.00 0.340216227119E-04
33740.00 0.340346209701E-04
33742.00 0.340328379931E-04
33744.00 0.339846738651E-04
33746.00 0.339178928113E-04
33748.00 0.338314888323E-04
33750.00 0.337269123994E-04
33752.00 0.336195927945E-04
33754.00 0.335381170249E-04
33756.00 0.335173354192E-04
33758.00 0.336020666910E-04
33760.00 0.337112150771E-04
33762.00 0.338022334208E-04
33764.00 0.338407209546E-04
33766.00 0.338530728625E-04
33768.00 0.338766638020E-04
33770.00 0.339476605530E-04
33772.00 0.340633640514E-04
33774.00 0.341761241958E-04
33776.00 0.342559934201E-04
33778.00 0.343043797840E-04
33780.00 0.343512953192E-04
33782.00 0.343875062069E-04
33784.00 0.343626225667E-04
33786.00 0.342953715941E-04
33788.00 0.342333168712E-04
33790.00 0.342139857367E-04
33792.00 0.342539424028E-04
33794.00 0.343356862127E-04
33796.00 0.344369409817E-04
33798.00 0.345786647469E-04
33800.00 0.347216167474E-04
33802.00 0.346941002049E-04
33804.00 0.344402185378E-04
33806.00 0.340667976816E-04
33808.00 0.337214718598E-04
33810.00 0.334585141445E-04
33812.00 0.333249062325E-04
33814.00 0.332260146290E-04
33816.00 0.331829127305E-04
33818.00 0.332105632931E-04
33820.00 0.332654148570E-04
33822.00 0.333562109647E-04
33824.00 0.334796299523E-04
33826.00 0.336145085111E-04
33828.00 0.337015825908E-04
33830.00 0.336987953110E-04
33832.00 0.335472592349E-04
33834.00 0.333961913812E-04
33836.00 0.333039227483E-04
33838.00 0.332872007656E-04
33840.00 0.333054614353E-04
33842.00 0.333122625339E-04
33844.00 0.332919712044E-04
33846.00 0.332506760333E-04
33848.00 0.332390366376E-04
33850.00 0.333029421958E-04
33852.00 0.334114425351E-04
33854.00 0.335152844019E-04
33856.00 0.335778294011E-04
33858.00 0.335921441104E-04
33860.00 0.335752881076E-04
33862.00 0.335654096349E-04
33864.00 0.335744178248E-04
33866.00 0.336018224011E-04
33868.00 0.336269282772E-04
33870.00 0.336377652484E-04
33872.00 0.336324146211E-04
33874.00 0.336196369024E-04
33876.00 0.336064367658E-04
33878.00 0.335957338147E-04
33880.00 0.335894908507E-04
33882.00 0.335882422579E-04
33884.00 0.335998816536E-04
33886.00 0.336298275233E-04
33888.00 0.336738217585E-04
33890.00 0.337827462123E-04
33892.00 0.339401011379E-04
33894.00 0.341038109937E-04
33896.00 0.342341430460E-04
33898.00 0.343020166186E-04
33900.00 0.342921160920E-04
33902.00 0.342698416035E-04
33904.00 0.342216554216E-04
33906.00 0.341779970850E-04
33908.00 0.341365220893E-04
33910.00 0.340892061901E-04
33912.00 0.340365837715E-04
33914.00 0.339838714407E-04
33916.00 0.339362213393E-04
33918.00 0.339091747156E-04
33920.00 0.338929413128E-04
33922.00 0.338379336748E-04
33924.00 0.336771875304E-04
33926.00 0.334285682747E-04
33928.00 0.331584752586E-04
33930.00 0.329658000856E-04
33932.00 0.329089619698E-04
33934.00 0.329010462986E-04
33936.00 0.329112589734E-04
33938.00 0.329366345863E-04
33940.00 0.329586868388E-04
33942.00 0.329518195784E-04
33944.00 0.328765189145E-04
33946.00 0.327379386852E-04
33948.00 0.325388203662E-04
33950.00 0.322471416234E-04
33952.00 0.318202518163E-04
33954.00 0.313828795976E-04
33956.00 0.310136964925E-04
33958.00 0.308186564575E-04
33960.00 0.307119628455E-04
33962.00 0.307406363720E-04
33964.00 0.309551195076E-04
33966.00 0.313478511408E-04
33968.00 0.317439705998E-04
33970.00 0.320648131453E-04
33972.00 0.321950773394E-04
33974.00 0.322805448738E-04
33976.00 0.323605040103E-04
33978.00 0.324519023605E-04
33980.00 0.325454857481E-04
33982.00 0.326134271789E-04
33984.00 0.326421244559E-04
33986.00 0.326085447739E-04
33988.00 0.325577273862E-04
33990.00 0.324230948138E-04
33992.00 0.321964141480E-04
33994.00 0.319442492959E-04
33996.00 0.317365893128E-04
33998.00 0.316005741274E-04
34000.00 0.315426434930E-04
34002.00 0.315428216210E-04
34004.00 0.316951821754E-04
34006.00 0.320050554260E-04
34008.00 0.323411491254E-04
34010.00 0.326439311832E-04
34012.00 0.328972784662E-04
34014.00 0.330887050465E-04
34016.00 0.331535911572E-04
34018.00 0.330068950747E-04
34020.00 0.326792955386E-04
34022.00 0.323890231592E-04
34024.00 0.323505373219E-04
34026.00 0.324590156073E-04
34028.00 0.326327379559E-04
34030.00 0.328330166520E-04
34032.00 0.330550133984E-04
34034.00 0.332752492218E-04
34036.00 0.334389811315E-04
34038.00 0.334416564452E-04
34040.00 0.333989786611E-04
34042.00 0.333326420792E-04
34044.00 0.331935936276E-04
34046.00 0.329775955553E-04
34048.00 0.327324082334E-04
34050.00 0.325388424201E-04
34052.00 0.324670211907E-04
34054.00 0.324450130462E-04
34056.00 0.324422037124E-04
34058.00 0.324779904856E-04
34060.00 0.325380162453E-04
34062.00 0.325924894991E-04
34064.00 0.325954328531E-04
34066.00 0.325242596705E-04
34068.00 0.324136625095E-04
34070.00 0.322832201874E-04
34072.00 0.321293429999E-04
34074.00 0.319745972261E-04
34076.00 0.318790510370E-04
34078.00 0.319442934038E-04
34080.00 0.321282504812E-04
34082.00 0.323190748190E-04
34084.00 0.324716593058E-04
34086.00 0.325333119683E-04
34088.00 0.325595561675E-04
34090.00 0.325580853388E-04
34092.00 0.325101671971E-04
34094.00 0.324573887044E-04
34096.00 0.324437644534E-04
34098.00 0.324775680677E-04
34100.00 0.325549180524E-04
34102.00 0.326369299027E-04
34104.00 0.326980261270E-04
34106.00 0.327008575148E-04
34108.00 0.326889721328E-04
34110.00 0.326500638775E-04
34112.00 0.325864925215E-04
34114.00 0.325104572914E-04
34116.00 0.324445227699E-04
34118.00 0.324048324477E-04
34120.00 0.324168959577E-04
34122.00 0.324337977649E-04
34124.00 0.324338198188E-04
34126.00 0.324129924088E-04
34128.00 0.323745523758E-04
34130.00 0.323139905356E-04
34132.00 0.322262497480E-04
34134.00 0.321056621481E-04
34136.00 0.319753317922E-04
34138.00 0.318086124206E-04
34140.00 0.316363167928E-04
34142.00 0.315112047406E-04
34144.00 0.315066548412E-04
34146.00 0.316362048266E-04
34148.00 0.318603645565E-04
34150.00 0.321044135553E-04
34152.00 0.323976750930E-04
34154.00 0.327058298320E-04
34156.00 0.329777075215E-04
34158.00 0.331407930810E-04
34160.00 0.332123903779E-04
34162.00 0.332200159549E-04
34164.00 0.331644060744E-04
34166.00 0.329930468912E-04
34168.00 0.328015982570E-04
34170.00 0.326259148034E-04
34172.00 0.324984819971E-04
34174.00 0.323983655513E-04
34176.00 0.323186286507E-04
34178.00 0.322645795112E-04
34180.00 0.322348558774E-04
34182.00 0.322129596991E-04
34184.00 0.322040855293E-04
34186.00 0.322286570213E-04
34188.00 0.322652258616E-04
34190.00 0.322971786406E-04
34192.00 0.322989395636E-04
34194.00 0.322825738371E-04
34196.00 0.322694619162E-04
34198.00 0.322670088385E-04
34200.00 0.322746361119E-04
34202.00 0.322801207594E-04
34204.00 0.322738319910E-04
34206.00 0.322415908141E-04
34208.00 0.322009640473E-04
34210.00 0.321756104883E-04
34212.00 0.321736256329E-04
34214.00 0.321879861466E-04
34216.00 0.322008520811E-04
34218.00 0.322030812264E-04
34220.00 0.321910855746E-04
34222.00 0.321767488114E-04
34224.00 0.321640168970E-04
34226.00 0.321519313330E-04
34228.00 0.321376607316E-04
34230.00 0.321185959410E-04
34232.00 0.320927741597E-04
34234.00 0.320579679389E-04
34236.00 0.320199944317E-04
34238.00 0.319566911160E-04
34240.00 0.318724501205E-04
34242.00 0.317800712178E-04
34244.00 0.317038561632E-04
34246.00 0.316655942583E-04
34248.00 0.316775237482E-04
34250.00 0.317011146877E-04
34252.00 0.317849315688E-04
34254.00 0.318791850572E-04
34256.00 0.319368239010E-04
34258.00 0.319132770693E-04
34260.00 0.318048886962E-04
34262.00 0.316421135885E-04
34264.00 0.314909354650E-04
34266.00 0.314041294256E-04
34268.00 0.313417405005E-04
34270.00 0.313171011502E-04
34272.00 0.313503703804E-04
34274.00 0.314309758673E-04
34276.00 0.315623766879E-04
34278.00 0.317633475387E-04
34280.00 0.321130434352E-04
34282.00 0.324679796893E-04
34284.00 0.327040909630E-04
34286.00 0.327127191464E-04
34288.00 0.326023238639E-04
34290.00 0.324436745411E-04
34292.00 0.323077475716E-04
34294.00 0.322070950451E-04
34296.00 0.321214934906E-04
34298.00 0.320513229144E-04
34300.00 0.319935279966E-04
34302.00 0.319392990326E-04
34304.00 0.318958849859E-04
34306.00 0.318732084370E-04
34308.00 0.318694185507E-04
34310.00 0.318793173809E-04
34312.00 0.319110479240E-04
34314.00 0.319531675736E-04
34316.00 0.319873953023E-04
34318.00 0.319940403268E-04
34320.00 0.319764921693E-04
34322.00 0.319490655391E-04
34324.00 0.319311611255E-04
34326.00 0.319279497312E-04
34328.00 0.319291304657E-04
34330.00 0.319302908427E-04
34332.00 0.319367119348E-04
34334.00 0.319473707779E-04
34336.00 0.319576496146E-04
34338.00 0.319378723118E-04
34340.00 0.318783809363E-04
34342.00 0.318041083257E-04
34344.00 0.317375936157E-04
34346.00 0.317009365597E-04
34348.00 0.316853495071E-04
34350.00 0.316802211158E-04
34352.00 0.316927070438E-04
34354.00 0.317185508790E-04
34356.00 0.317444167682E-04
34358.00 0.317623669862E-04
34360.00 0.317689662063E-04
34362.00 0.317717093782E-04
34364.00 0.317661127646E-04
34366.00 0.317272248668E-04
34368.00 0.316679794777E-04
34370.00 0.316098944656E-04
34372.00 0.315696918131E-04
34374.00 0.315515176627E-04
34376.00 0.315353300642E-04
34378.00 0.315018827060E-04
34380.00 0.314136058378E-04
34382.00 0.313059299768E-04
34384.00 0.312021339144E-04
34386.00 0.311167562923E-04
34388.00 0.310548135356E-04
34390.00 0.310074077241E-04
34392.00 0.309685198263E-04
34394.00 0.309408268523E-04
34396.00 0.309185727214E-04
34398.00 0.309626331184E-04
34400.00 0.310751930808E-04
34402.00 0.312314334338E-04
34404.00 0.313910853630E-04
34406.00 0.315245151470E-04
34408.00 0.316146428504E-04
34410.00 0.316916823834E-04
34412.00 0.316863080057E-04
34414.00 0.316330392367E-04
34416.00 0.315631350045E-04
34418.00 0.315069008276E-04
34420.00 0.314805005543E-04
34422.00 0.314807668981E-04
34424.00 0.314835762319E-04
34426.00 0.314795861636E-04
34428.00 0.314708901219E-04
34430.00 0.314585806255E-04
34432.00 0.314457825493E-04
34434.00 0.314340091335E-04
34436.00 0.314212331112E-04
34438.00 0.314029028867E-04
34440.00 0.313312835358E-04
34442.00 0.312508544805E-04
34444.00 0.311887556497E-04
34446.00 0.311659891886E-04
34448.00 0.311844076288E-04
34450.00 0.312343988417E-04
34452.00 0.313009356056E-04
34454.00 0.314208089968E-04
34456.00 0.315446724563E-04
34458.00 0.315867479979E-04
34460.00 0.315133660275E-04
34462.00 0.313569034386E-04
34464.00 0.311760016814E-04
34466.00 0.310313549197E-04
34468.00 0.309554757637E-04
34470.00 0.308950716941E-04
34472.00 0.308909018013E-04
34474.00 0.309350300566E-04
34476.00 0.310079879126E-04
34478.00 0.310854939714E-04
34480.00 0.311517185872E-04
34482.00 0.312046769044E-04
34484.00 0.312554264338E-04
34486.00 0.312988404805E-04
34488.00 0.313368360416E-04
34490.00 0.313668260192E-04
34492.00 0.313772388760E-04
34494.00 0.313602929609E-04
34496.00 0.313170129344E-04
34498.00 0.312661293848E-04
34500.00 0.311927253605E-04
34502.00 0.311125422916E-04
34504.00 0.310367292974E-04
34506.00 0.309894575061E-04
34508.00 0.309749205609E-04
34510.00 0.309864920982E-04
34512.00 0.310063813672E-04
34514.00 0.310392705909E-04
34516.00 0.310633976111E-04
34518.00 0.310479903831E-04
34520.00 0.309499012040E-04
34522.00 0.307947991741E-04
34524.00 0.306365519118E-04
34526.00 0.305715758889E-04
34528.00 0.306764865239E-04
34530.00 0.308166274942E-04
34532.00 0.309588432321E-04
34534.00 0.310670314233E-04
34536.00 0.311475486944E-04
34538.00 0.311803276483E-04
34540.00 0.311266788728E-04
34542.00 0.309796468918E-04
34544.00 0.308445664546E-04
34546.00 0.308085557489E-04
34548.00 0.308757609171E-04
34550.00 0.309877864954E-04
34552.00 0.310698645075E-04
34554.00 0.310807014787E-04
34556.00 0.310300622190E-04
34558.00 0.309746966285E-04
34560.00 0.309253958739E-04
34562.00 0.308751145668E-04
34564.00 0.308193045043E-04
34566.00 0.307537703468E-04
34568.00 0.306825293060E-04
34570.00 0.306147660032E-04
34572.00 0.305667138414E-04
34574.00 0.305622996587E-04
34576.00 0.305754556874E-04
34578.00 0.305996030651E-04
34580.00 0.306406318924E-04
34582.00 0.306914713340E-04
34584.00 0.307413064728E-04
34586.00 0.307747521345E-04
34588.00 0.307825117317E-04
34590.00 0.307814650173E-04
34592.00 0.307729912116E-04
34594.00 0.307581404216E-04
34596.00 0.307407483382E-04
34598.00 0.307201448605E-04
34600.00 0.306936784254E-04
34602.00 0.306596746290E-04
34604.00 0.306269414794E-04
34606.00 0.306135835722E-04
34608.00 0.306312895003E-04
34610.00 0.306632185290E-04
34612.00 0.306910692736E-04
34614.00 0.307050718347E-04
34616.00 0.307096437879E-04
34618.00 0.307174254390E-04
34620.00 0.307317401483E-04
34622.00 0.307473034504E-04
34624.00 0.307623544223E-04
34626.00 0.307612398497E-04
34628.00 0.307432455238E-04
34630.00 0.307130553642E-04
34632.00 0.306775569887E-04
34634.00 0.306299951031E-04
34636.00 0.305744293306E-04
34638.00 0.305157641300E-04
34640.00 0.304422040315E-04
34642.00 0.303583192921E-04
34644.00 0.302814816376E-04
34646.00 0.302386257254E-04
34648.00 0.302585149944E-04
34650.00 0.303123418980E-04
34652.00 0.303807294971E-04
34654.00 0.304701650459E-04
34656.00 0.305718201788E-04
34658.00 0.306578899556E-04
34660.00 0.306947709441E-04
34662.00 0.306633746031E-04
34664.00 0.306053795032E-04
34666.00 0.305580856580E-04
34668.00 0.305507722292E-04
34670.00 0.305633260155E-04
34672.00 0.305840618169E-04
34674.00 0.306051776248E-04
34676.00 0.306227037283E-04
34678.00 0.306350132248E-04
34680.00 0.306382907809E-04
34682.00 0.306322038910E-04
34684.00 0.306227495327E-04
34686.00 0.306104858406E-04
34688.00 0.305956791586E-04
34690.00 0.305805840788E-04
34692.00 0.305697471076E-04
34694.00 0.305727345694E-04
34696.00 0.305854003219E-04
34698.00 0.305996268155E-04
34700.00 0.305664695515E-04
34702.00 0.304987062487E-04
34704.00 0.304187912201E-04
34706.00 0.303499133446E-04
34708.00 0.303090863958E-04
34710.00 0.302863419886E-04
34712.00 0.302701543901E-04
34714.00 0.302635314196E-04
34716.00 0.302616805843E-04
34718.00 0.302525163203E-04
34720.00 0.302266724851E-04
34722.00 0.301808732190E-04
34724.00 0.301323765853E-04
34726.00 0.301126416939E-04
34728.00 0.301777076291E-04
34730.00 0.302808115368E-04
34732.00 0.303654104849E-04
34734.00 0.304063935079E-04
34736.00 0.304029378237E-04
34738.00 0.303824005079E-04
34740.00 0.303578731238E-04
34742.00 0.303343500425E-04
34744.00 0.303125200260E-04
34746.00 0.302942576598E-04
34748.00 0.302801431325E-04
34750.00 0.302679472988E-04
34752.00 0.302527165023E-04
34754.00 0.302181562679E-04
34756.00 0.301677171902E-04
34758.00 0.301114609594E-04
34760.00 0.300788160256E-04
34762.00 0.300708341926E-04
34764.00 0.300728411019E-04
34766.00 0.300697416739E-04
34768.00 0.300472873610E-04
34770.00 0.300153345819E-04
34772.00 0.299944427064E-04
34774.00 0.300332847999E-04
34776.00 0.301177039234E-04
34778.00 0.302067832161E-04
34780.00 0.302676792585E-04
34782.00 0.302619045168E-04
34784.00 0.302277887542E-04
34786.00 0.301787560399E-04
34788.00 0.301212715738E-04
34790.00 0.300623603868E-04
34792.00 0.300147102855E-04
34794.00 0.299879079517E-04
34796.00 0.299813307855E-04
34798.00 0.299812866776E-04
34800.00 0.299899606654E-04
34802.00 0.300071508704E-04
34804.00 0.300288468667E-04
34806.00 0.300467750308E-04
34808.00 0.300569419012E-04
34810.00 0.300623383329E-04
34812.00 0.300666863537E-04
34814.00 0.300688934451E-04
34816.00 0.300699198019E-04
34818.00 0.300750040854E-04
34820.00 0.300932664516E-04
34822.00 0.301303238716E-04
34824.00 0.301750764234E-04
34826.00 0.302116215132E-04
34828.00 0.301885446003E-04
34830.00 0.301330449896E-04
34832.00 0.300618039487E-04
34834.00 0.299873074057E-04
34836.00 0.299095316101E-04
34838.00 0.298323376995E-04
34840.00 0.297681861550E-04
34842.00 0.297376821507E-04
34844.00 0.297241698658E-04
34846.00 0.297364793622E-04
34848.00 0.297807619952E-04
34850.00 0.298562187333E-04
34852.00 0.299367122539E-04
34854.00 0.299897587870E-04
34856.00 0.300015780071E-04
34858.00 0.299945088683E-04
34860.00 0.299576957381E-04
34862.00 0.298923397087E-04
34864.00 0.298099953528E-04
34866.00 0.297379060831E-04
34868.00 0.297175706457E-04
34870.00 0.297387746694E-04
34872.00 0.297753876175E-04
34874.00 0.297746530514E-04
34876.00 0.297434806428E-04
34878.00 0.297037462126E-04
34880.00 0.296786386400E-04
34882.00 0.296939339018E-04
34884.00 0.297359432816E-04
34886.00 0.297807619952E-04
34888.00 0.297818545139E-04
34890.00 0.297473163334E-04
34892.00 0.296958746493E-04
34894.00 0.296390382300E-04
34896.00 0.295867262632E-04
34898.00 0.295413952194E-04
34900.00 0.295059867561E-04
34902.00 0.294869881274E-04
34904.00 0.294766651828E-04
34906.00 0.294582687965E-04
34908.00 0.294199390332E-04
34910.00 0.293582185125E-04
34912.00 0.292878477543E-04
34914.00 0.292480454659E-04
34916.00 0.292485594926E-04
34918.00 0.292728408903E-04
34920.00 0.292873574781E-04
34922.00 0.292845701982E-04
34924.00 0.292794418069E-04
34926.00 0.292770328371E-04
34928.00 0.292800202989E-04
34930.00 0.292860410270E-04
34932.00 0.292962757558E-04
34934.00 0.293208489442E-04
34936.00 0.293669603585E-04
34938.00 0.294200730534E-04
34940.00 0.294714689331E-04
34942.00 0.295149050338E-04
34944.00 0.295527445208E-04
34946.00 0.295866380474E-04
34948.00 0.296166280250E-04
34950.00 0.296413572876E-04
34952.00 0.296618487991E-04
34954.00 0.296640999983E-04
34956.00 0.296394606480E-04
34958.00 0.295966708977E-04
34960.00 0.295496908971E-04
34962.00 0.295049824532E-04
34964.00 0.294634650461E-04
34966.00 0.294226380973E-04
34968.00 0.293757005081E-04
34970.00 0.293200448233E-04
34972.00 0.292586602012E-04
34974.00 0.292001273242E-04
34976.00 0.291487755524E-04
34978.00 0.291100454252E-04
34980.00 0.290866987755E-04
34982.00 0.290988284474E-04
34984.00 0.291255866733E-04
34986.00 0.291581196409E-04
34988.00 0.291687547337E-04
34990.00 0.291561568395E-04
34992.00 0.291369580287E-04
34994.00 0.291224651913E-04
34996.00 0.291100895331E-04
34998.00 0.290926753957E-04
35000.00 0.290731203288E-04
35002.00 0.290584697209E-04
35004.00 0.290522929187E-04
35006.00 0.290561506633E-04
35008.00 0.290801436633E-04
35010.00 0.291198560395E-04
35012.00 0.291673500668E-04
35014.00 0.292048553516E-04
35016.00 0.292185016566E-04
35018.00 0.292100499048E-04
35020.00 0.291971178084E-04
35022.00 0.291825571128E-04
35024.00 0.291706055689E-04
35026.00 0.291692670639E-04
35028.00 0.292073304833E-04
35030.00 0.292983946313E-04
35032.00 0.294240427642E-04
35034.00 0.295258319173E-04
35036.00 0.295431340884E-04
35038.00 0.295230005295E-04
35040.00 0.294830862749E-04
35042.00 0.294474097713E-04
35044.00 0.294198728714E-04
35046.00 0.293972404304E-04
35048.00 0.293770610671E-04
35050.00 0.293625224254E-04
35052.00 0.293517753665E-04
35054.00 0.293404922269E-04
35056.00 0.293221636989E-04
35058.00 0.292954071695E-04
35060.00 0.292689831457E-04
35062.00 0.292542663760E-04
35064.00 0.292550704969E-04
35066.00 0.292603549623E-04
35068.00 0.292562291774E-04
35070.00 0.292405318551E-04
35072.00 0.292147999861E-04
35074.00 0.291723664919E-04
35076.00 0.290915370726E-04
35078.00 0.289836610297E-04
35080.00 0.288845692442E-04
35082.00 0.288547132867E-04
35084.00 0.288988618996E-04
35086.00 0.289891456771E-04
35088.00 0.290744350835E-04
35090.00 0.291268132122E-04
35092.00 0.291611512107E-04
35094.00 0.291637383085E-04
35096.00 0.291319416035E-04
35098.00 0.290711795813E-04
35100.00 0.290066056188E-04
35102.00 0.289682758556E-04
35104.00 0.289791128268E-04
35106.00 0.290023458138E-04
35108.00 0.290089467303E-04
35110.00 0.290014331196E-04
35112.00 0.289800034671E-04
35114.00 0.289530009513E-04
35116.00 0.289183508046E-04
35118.00 0.288721053701E-04
35120.00 0.288235849860E-04
35122.00 0.288048323436E-04
35124.00 0.288093822429E-04
35126.00 0.288302961723E-04
35128.00 0.288472437839E-04
35130.00 0.288462615349E-04
35132.00 0.288315006573E-04
35134.00 0.288174980961E-04
35136.00 0.288191708033E-04
35138.00 0.288321470076E-04
35140.00 0.288486026464E-04
35142.00 0.288579009306E-04
35144.00 0.288500972256E-04
35146.00 0.288315685156E-04
35148.00 0.288199952817E-04
35150.00 0.288255918954E-04
35152.00 0.288438322076E-04
35154.00 0.288591495234E-04
35156.00 0.288621386817E-04
35158.00 0.288496731112E-04
35160.00 0.288322148659E-04
35162.00 0.288338875731E-04
35164.00 0.288560059874E-04
35166.00 0.288856838169E-04
35168.00 0.289038121629E-04
35170.00 0.289041701154E-04
35172.00 0.288927088478E-04
35174.00 0.288752489061E-04
35176.00 0.288430738911E-04
35178.00 0.287986555415E-04
35180.00 0.287541506725E-04
35182.00 0.287275044128E-04
35184.00 0.287306258948E-04
35186.00 0.287497789013E-04
35188.00 0.287692236984E-04
35190.00 0.287802829055E-04
35192.00 0.287865038156E-04
35194.00 0.287944194868E-04
35196.00 0.288071293472E-04
35198.00 0.288252576932E-04
35200.00 0.288445006119E-04
35202.00 0.288473998580E-04
35204.00 0.288249234911E-04
35206.00 0.287855232631E-04
35208.00 0.287449406042E-04
35210.00 0.287064547668E-04
35212.00 0.286693074345E-04
35214.00 0.286319582238E-04
35216.00 0.285881438131E-04
35218.00 0.285328884923E-04
35220.00 0.284700092910E-04
35222.00 0.284020016983E-04
35224.00 0.283281956135E-04
35226.00 0.282551919532E-04
35228.00 0.282044865317E-04
35230.00 0.282050887741E-04
35232.00 0.282656947222E-04
35234.00 0.283510282365E-04
35236.00 0.284398852932E-04
35238.00 0.285298789765E-04
35240.00 0.286163050094E-04
35242.00 0.286812589784E-04
35244.00 0.287207694761E-04
35246.00 0.287336133567E-04
35248.00 0.287307158071E-04
35250.00 0.287064106589E-04
35252.00 0.286594951237E-04
35254.00 0.286063824289E-04
35256.00 0.285378845599E-04
35258.00 0.284578117607E-04
35260.00 0.283698707912E-04
35262.00 0.283054070984E-04
35264.00 0.282875467927E-04
35266.00 0.283015493538E-04
35268.00 0.283283075797E-04
35270.00 0.283708513437E-04
35272.00 0.284283578637E-04
35274.00 0.284903888362E-04
35276.00 0.285406260354E-04
35278.00 0.285709298577E-04
35280.00 0.285938727504E-04
35282.00 0.286177995886E-04
35284.00 0.286423710806E-04
35286.00 0.286611237230E-04
35288.00 0.286646693194E-04
35290.00 0.286245107749E-04
35292.00 0.285282503772E-04
35294.00 0.284217128393E-04
35296.00 0.283524108494E-04
35298.00 0.283129207092E-04
35300.00 0.283046267279E-04
35302.00 0.283147053826E-04
35304.00 0.283516084250E-04
35306.00 0.284124366091E-04
35308.00 0.284652829601E-04
35310.00 0.284602427845E-04
35312.00 0.284075304536E-04
35314.00 0.283239816128E-04
35316.00 0.282317791417E-04
35318.00 0.281414512563E-04
35320.00 0.280573442809E-04
35322.00 0.280214455414E-04
35324.00 0.280719270305E-04
35326.00 0.281890572497E-04
35328.00 0.283084624186E-04
35330.00 0.283924353738E-04
35332.00 0.284263950623E-04
35334.00 0.284319017637E-04
35336.00 0.283807959782E-04
35338.00 0.282652485539E-04
35340.00 0.281085399786E-04
35342.00 0.279765369155E-04
35344.00 0.279221976818E-04
35346.00 0.279402581695E-04
35348.00 0.279955796522E-04
35350.00 0.280735776837E-04
35352.00 0.281716431123E-04
35354.00 0.282601880208E-04
35356.00 0.282972454409E-04
35358.00 0.282351245561E-04
35360.00 0.281055525168E-04
35362.00 0.279679969479E-04
35364.00 0.278856729495E-04
35366.00 0.278498641222E-04
35368.00 0.278279221395E-04
35370.00 0.278126489317E-04
35372.00 0.278049775503E-04
35374.00 0.278011876640E-04
35376.00 0.277919555417E-04
35378.00 0.277734929936E-04
35380.00 0.277529353202E-04
35382.00 0.277492777576E-04
35384.00 0.277783092367E-04
35386.00 0.278298170827E-04
35388.00 0.278861191178E-04
35390.00 0.279021743926E-04
35392.00 0.278454261891E-04
35394.00 0.277521549497E-04
35396.00 0.276699429175E-04
35398.00 0.276220247758E-04
35400.00 0.275920568522E-04
35402.00 0.275817542651E-04
35404.00 0.275892916263E-04
35406.00 0.276227610384E-04
35408.00 0.276684483383E-04
35410.00 0.277213387973E-04
35412.00 0.277817445634E-04
35414.00 0.278412121884E-04
35416.00 0.278851606193E-04
35418.00 0.279056080229E-04
35420.00 0.279050498883E-04
35422.00 0.278945708696E-04
35424.00 0.278743915064E-04
35426.00 0.278459843237E-04
35428.00 0.278170190065E-04
35430.00 0.278049334424E-04
35432.00 0.278320021201E-04
35434.00 0.278838458646E-04
35436.00 0.279332568890E-04
35438.00 0.279588767918E-04
35440.00 0.279708283357E-04
35442.00 0.279912095774E-04
35444.00 0.280329509169E-04
35446.00 0.281067332513E-04
35448.00 0.281937615267E-04
35450.00 0.282636657589E-04
35452.00 0.282984058179E-04
35454.00 0.283181169588E-04
35456.00 0.283094870790E-04
35458.00 0.282593838999E-04
35460.00 0.281644637037E-04
35462.00 0.280505652363E-04
35464.00 0.279615300515E-04
35466.00 0.279053840904E-04
35468.00 0.278738113179E-04
35470.00 0.278683487244E-04
35472.00 0.278981164660E-04
35474.00 0.279478175846E-04
35476.00 0.279958918004E-04
35478.00 0.280143764025E-04
35480.00 0.280023586968E-04
35482.00 0.279776972925E-04
35484.00 0.279458327292E-04
35486.00 0.279054078409E-04
35488.00 0.278629964006E-04
35490.00 0.278363738913E-04
35492.00 0.278396955553E-04
35494.00 0.278681926503E-04
35496.00 0.278905349970E-04
35498.00 0.278933663847E-04
35500.00 0.278789838171E-04
35502.00 0.278579799755E-04
35504.00 0.278377565043E-04
35506.00 0.278203627244E-04
35508.00 0.278061158734E-04
35510.00 0.278063381093E-04
35512.00 0.278280120518E-04
35514.00 0.278604771611E-04
35516.00 0.278953512401E-04
35518.00 0.279312957840E-04
35520.00 0.279755784170E-04
35522.00 0.280156691032E-04
35524.00 0.280146664968E-04
35526.00 0.279524556998E-04
35528.00 0.278642907978E-04
35530.00 0.277984003842E-04
35532.00 0.277713758145E-04
35534.00 0.277970177712E-04
35536.00 0.278296389546E-04
35538.00 0.278376886460E-04
35540.00 0.278186696597E-04
35542.00 0.277877194871E-04
35544.00 0.277559448360E-04
35546.00 0.277267352289E-04
35548.00 0.277001568275E-04
35550.00 0.276795754038E-04
35552.00 0.276717479484E-04
35554.00 0.276730423456E-04
35556.00 0.276705451600E-04
35558.00 0.276595080067E-04
35560.00 0.276396848996E-04
35562.00 0.276188591859E-04
35564.00 0.276132608758E-04
35566.00 0.276341103399E-04
35568.00 0.276672676038E-04
35570.00 0.276826307240E-04
35572.00 0.276737548577E-04
35574.00 0.276428945974E-04
35576.00 0.276057472651E-04
35578.00 0.275747309306E-04
35580.00 0.275514741932E-04
35582.00 0.275312948299E-04
35584.00 0.275082840789E-04
35586.00 0.274856516379E-04
35588.00 0.274677913322E-04
35590.00 0.274594736006E-04
35592.00 0.274668548876E-04
35594.00 0.274908919955E-04
35596.00 0.275186528278E-04
35598.00 0.275441387105E-04
35600.00 0.275682199263E-04
35602.00 0.275914325558E-04
35604.00 0.276117001348E-04
35606.00 0.276295163327E-04
35608.00 0.276457938434E-04
35610.00 0.276620493002E-04
35612.00 0.276778806427E-04
35614.00 0.276939579714E-04
35616.00 0.277102795901E-04
35618.00 0.277218290735E-04
35620.00 0.277255748519E-04
35622.00 0.277215169253E-04
35624.00 0.276954508541E-04
35626.00 0.276317692284E-04
35628.00 0.275488887918E-04
35630.00 0.274807675365E-04
35632.00 0.274459172078E-04
35634.00 0.274378895704E-04
35636.00 0.274419474970E-04
35638.00 0.274593616344E-04
35640.00 0.274899776049E-04
35642.00 0.275231348688E-04
35644.00 0.275397465818E-04
35646.00 0.275345062242E-04
35648.00 0.274927190804E-04
35650.00 0.274402747898E-04
35652.00 0.273989575647E-04
35654.00 0.273797367000E-04
35656.00 0.273965044870E-04
35658.00 0.274317127682E-04
35660.00 0.274775798926E-04
35662.00 0.275226887005E-04
35664.00 0.275600141608E-04
35666.00 0.275846094033E-04
35668.00 0.275994364428E-04
35670.00 0.275978757018E-04
35672.00 0.275709410443E-04
35674.00 0.275135685444E-04
35676.00 0.274433521639E-04
35678.00 0.273746982209E-04
35680.00 0.273171917008E-04
35682.00 0.272759406376E-04
35684.00 0.272422710434E-04
35686.00 0.272116347154E-04
35688.00 0.271847204154E-04
35690.00 0.271625561967E-04
35692.00 0.271456323356E-04
35694.00 0.271314516465E-04
35696.00 0.271148178796E-04
35698.00 0.270963536350E-04
35700.00 0.270766424940E-04
35702.00 0.270607008818E-04
35704.00 0.270575335955E-04
35706.00 0.270704894423E-04
35708.00 0.270996328875E-04
35710.00 0.271379168464E-04
35712.00 0.271722565414E-04
35714.00 0.271957355147E-04
35716.00 0.272082893010E-04
35718.00 0.272086913615E-04
35720.00 0.272003074679E-04
35722.00 0.271781653032E-04
35724.00 0.271507166191E-04
35726.00 0.271218191602E-04
35728.00 0.270975801738E-04
35730.00 0.270848482595E-04
35732.00 0.270781811811E-04
35734.00 0.270753277394E-04
35736.00 0.270728084998E-04
35738.00 0.270705776580E-04
35740.00 0.270700873818E-04
35742.00 0.270723843854E-04
35744.00 0.270811703394E-04
35746.00 0.270952611163E-04
35748.00 0.271123427479E-04
35750.00 0.271281503400E-04
35752.00 0.271344832162E-04
35754.00 0.271277499760E-04
35756.00 0.271063881817E-04
35758.00 0.270791854840E-04
35760.00 0.270456041056E-04
35762.00 0.270048670690E-04
35764.00 0.269603825575E-04
35766.00 0.269159659044E-04
35768.00 0.268724398915E-04
35770.00 0.268256142685E-04
35772.00 0.267756909140E-04
35774.00 0.267214619500E-04
35776.00 0.266784279098E-04
35778.00 0.266637552480E-04
35780.00 0.266721391415E-04
35782.00 0.266969566198E-04
35784.00 0.267227767047E-04
35786.00 0.267372932924E-04
35788.00 0.267414852392E-04
35790.00 0.267411951449E-04
35792.00 0.267401026262E-04
35794.00 0.267420874816E-04
35796.00 0.267450087817E-04
35798.00 0.267467476507E-04
35800.00 0.267433360744E-04
35802.00 0.267315185507E-04
35804.00 0.267090421839E-04
35806.00 0.266871002011E-04
35808.00 0.266690176595E-04
35810.00 0.266648477667E-04
35812.00 0.266699541041E-04
35814.00 0.266777357551E-04
35816.00 0.266854291904E-04
35818.00 0.266952398047E-04
35820.00 0.267077036788E-04
35822.00 0.267229327788E-04
35824.00 0.267405708485E-04
35826.00 0.267662365557E-04
35828.00 0.268012650125E-04
35830.00 0.268437205606E-04
35832.00 0.268866222771E-04
35834.00 0.269004908181E-04
35836.00 0.268864203986E-04
35838.00 0.268562081851E-04
35840.00 0.268239432578E-04
35842.00 0.268007747362E-04
35844.00 0.268024694974E-04
35846.00 0.268096489060E-04
35848.00 0.268182126240E-04
35850.00 0.268204197153E-04
35852.00 0.268084461175E-04
35854.00 0.267888910506E-04
35856.00 0.267647860845E-04
35858.00 0.267471717651E-04
35860.00 0.267435820608E-04
35862.00 0.267478181155E-04
35864.00 0.267527904327E-04
35866.00 0.267522102442E-04
35868.00 0.267378734809E-04
35870.00 0.267198112968E-04
35872.00 0.267021749235E-04
35874.00 0.266880603961E-04
35876.00 0.266778036134E-04
35878.00 0.266680133566E-04
35880.00 0.266556835027E-04
35882.00 0.266413687933E-04
35884.00 0.266279667782E-04
35886.00 0.266215897941E-04
35888.00 0.266221920365E-04
35890.00 0.266230165149E-04
35892.00 0.266148786078E-04
35894.00 0.265966162416E-04
35896.00 0.265720447496E-04
35898.00 0.265500145510E-04
35900.00 0.265400478626E-04
35902.00 0.265429674661E-04
35904.00 0.265553872323E-04
35906.00 0.265697918539E-04
35908.00 0.265918441063E-04
35910.00 0.266225482926E-04
35912.00 0.266606558199E-04
35914.00 0.266984511990E-04
35916.00 0.267193888788E-04
35918.00 0.267219081184E-04
35920.00 0.267086401234E-04
35922.00 0.266898433731E-04
35924.00 0.266728533501E-04
35926.00 0.266616363724E-04
35928.00 0.266559735969E-04
35930.00 0.266529623846E-04
35932.00 0.266501530508E-04
35934.00 0.266493726803E-04
35936.00 0.266513795897E-04
35938.00 0.266547250041E-04
35940.00 0.266551474220E-04
35942.00 0.266415469214E-04
35944.00 0.266134298330E-04
35946.00 0.265762146424E-04
35948.00 0.265380409532E-04
35950.00 0.265038793863E-04
35952.00 0.264773450929E-04
35954.00 0.264558068670E-04
35956.00 0.264589724569E-04
35958.00 0.264862871209E-04
35960.00 0.265332009597E-04
35962.00 0.265833278891E-04
35964.00 0.266153027222E-04
35966.00 0.266200069991E-04
35968.00 0.266060044380E-04
35970.00 0.265883002064E-04
35972.00 0.265737395107E-04
35974.00 0.265653556172E-04
35976.00 0.265612077783E-04
35978.00 0.265577741481E-04
35980.00 0.265554330366E-04
35982.00 0.265534481812E-04
35984.00 0.265491442683E-04
35986.00 0.265395796403E-04
35988.00 0.265291209791E-04
35990.00 0.265190864324E-04
35992.00 0.265144262633E-04
35994.00 0.265150505597E-04
35996.00 0.265163890648E-04
35998.00 0.265155645864E-04
36000.00 0.265138257173E-04
36002.00 0.265123311381E-04
36004.00 0.265087414338E-04
36006.00 0.264983506310E-04
36008.00 0.264796200425E-04
36010.00 0.264543784497E-04
36012.00 0.264341549786E-04
36014.00 0.264294286477E-04
36016.00 0.264393274778E-04
36018.00 0.264531078030E-04
36020.00 0.264611574943E-04
36022.00 0.264585042346E-04
36024.00 0.264355155376E-04
36026.00 0.264115445915E-04
36028.00 0.263859026348E-04
36030.00 0.263574954521E-04
36032.00 0.263259667874E-04
36034.00 0.262936119479E-04
36036.00 0.262647144889E-04
36038.00 0.262454037120E-04
36040.00 0.262346787069E-04
36042.00 0.262272312580E-04
36044.00 0.262178888660E-04
36046.00 0.262022135977E-04
36048.00 0.261798933049E-04
36050.00 0.261521986344E-04
36052.00 0.261290759172E-04
36054.00 0.261266007855E-04
36056.00 0.261467818453E-04
36058.00 0.261860921610E-04
36060.00 0.262286359249E-04
36062.00 0.262657391493E-04
36064.00 0.262955968033E-04
36066.00 0.263208383960E-04
36068.00 0.263433368169E-04
36070.00 0.263586999370E-04
36072.00 0.263650090628E-04
36074.00 0.263693570837E-04
36076.00 0.263719882894E-04
36078.00 0.263700034340E-04
36080.00 0.263582978765E-04
36082.00 0.263380065471E-04
36084.00 0.263147498097E-04
36086.00 0.263023520975E-04
36088.00 0.263128769205E-04
36090.00 0.263359334759E-04
36092.00 0.263574733981E-04
36094.00 0.263662797096E-04
36096.00 0.263410398133E-04
36098.00 0.263020636997E-04
36100.00 0.262612130004E-04
36102.00 0.262310228408E-04
36104.00 0.262208983818E-04
36106.00 0.262301525580E-04
36108.00 0.262448472739E-04
36110.00 0.262550820026E-04
36112.00 0.262555502249E-04
36114.00 0.262460738127E-04
36116.00 0.262327837638E-04
36118.00 0.262133169127E-04
36120.00 0.261877190638E-04
36122.00 0.261528246273E-04
36124.00 0.261161217669E-04
36126.00 0.260863319712E-04
36128.00 0.260692961439E-04
36130.00 0.260728417403E-04
36132.00 0.260839009475E-04
36134.00 0.260954063230E-04
36136.00 0.261016509835E-04
36138.00 0.261020072396E-04
36140.00 0.260976151108E-04
36142.00 0.260901218575E-04
36144.00 0.260810033979E-04
36146.00 0.260712368914E-04
36148.00 0.260614245806E-04
36150.00 0.260545352663E-04
36152.00 0.260558958253E-04
36154.00 0.260622287015E-04
36156.00 0.260734660367E-04
36158.00 0.260804011554E-04
36160.00 0.260772118151E-04
36162.00 0.260651262511E-04
36164.00 0.260475780936E-04
36166.00 0.260331514181E-04
36168.00 0.260257480771E-04
36170.00 0.260252357469E-04
36172.00 0.260271985483E-04
36174.00 0.260266183598E-04
36176.00 0.260201294095E-04
36178.00 0.260068410570E-04
36180.00 0.259917001728E-04
36182.00 0.259764032146E-04
36184.00 0.259628468218E-04
36186.00 0.259518096686E-04
36188.00 0.259415308319E-04
36190.00 0.259316964672E-04
36192.00 0.259223099672E-04
36194.00 0.259112490636E-04
36196.00 0.258998336003E-04
36198.00 0.258908254104E-04
36200.00 0.258852050464E-04
36202.00 0.258861652414E-04
36204.00 0.258900670939E-04
36206.00 0.258894869054E-04
36208.00 0.258782037658E-04
36210.00 0.258549249745E-04
36212.00 0.258209211781E-04
36214.00 0.257860691530E-04
36216.00 0.257606053243E-04
36218.00 0.257444618337E-04
36220.00 0.257369261690E-04
36222.00 0.257329564582E-04
36224.00 0.257315297373E-04
36226.00 0.257333585186E-04
36228.00 0.257387532538E-04
36230.00 0.257450640761E-04
36232.00 0.257493900430E-04
36234.00 0.257489438747E-04
36236.00 0.257408500754E-04
36238.00 0.257283862014E-04
36240.00 0.257150520445E-04
36242.00 0.257052397337E-04
36244.00 0.257013599352E-04
36246.00 0.257014939553E-04
36248.00 0.257011597532E-04
36250.00 0.256929760417E-04
36252.00 0.256792856287E-04
36254.00 0.256627858820E-04
36256.00 0.256482472403E-04
36258.00 0.256429186670E-04
36260.00 0.256453038864E-04
36262.00 0.256554724533E-04
36264.00 0.256720383618E-04
36266.00 0.256939124863E-04
36268.00 0.257174152100E-04
36270.00 0.257377065395E-04
36272.00 0.257418526819E-04
36274.00 0.257239482682E-04
36276.00 0.256873573741E-04
36278.00 0.256405775555E-04
36280.00 0.255925033397E-04
36282.00 0.255466582693E-04
36284.00 0.254973575146E-04
36286.00 0.254472543356E-04
36288.00 0.253972631227E-04
36290.00 0.253506173243E-04
36292.00 0.253161215553E-04
36294.00 0.252862435438E-04
36296.00 0.252758069366E-04
36298.00 0.252859975575E-04
36300.00 0.253163675416E-04
36302.00 0.253550315070E-04
36304.00 0.253894814717E-04
36306.00 0.254045986054E-04
36308.00 0.254034840328E-04
36310.00 0.253943655731E-04
36312.00 0.253897037076E-04
36314.00 0.254006967529E-04
36316.00 0.254211000486E-04
36318.00 0.254439326716E-04
36320.00 0.254600320543E-04
36322.00 0.254603000946E-04
36324.00 0.254469659378E-04
36326.00 0.254283473155E-04
36328.00 0.254089483228E-04
36330.00 0.253881667170E-04
36332.00 0.253680535156E-04
36334.00 0.253493449811E-04
36336.00 0.253310164531E-04
36338.00 0.253094544768E-04
36340.00 0.252819616848E-04
36342.00 0.252466634913E-04
36344.00 0.252125256748E-04
36346.00 0.251891128634E-04
36348.00 0.251816891649E-04
36350.00 0.251890908094E-04
36352.00 0.251992373224E-04
36354.00 0.251997275986E-04
36356.00 0.251856130713E-04
36358.00 0.251608617548E-04
36360.00 0.251327226124E-04
36362.00 0.251093318549E-04
36364.00 0.250965558326E-04
36366.00 0.250874136226E-04
36368.00 0.250766886175E-04
36370.00 0.250572438204E-04
36372.00 0.250191159356E-04
36374.00 0.249773067378E-04
36376.00 0.249327340106E-04
36378.00 0.248797315855E-04
36380.00 0.248153798590E-04
36382.00 0.247439386361E-04
36384.00 0.246641576276E-04
36386.00 0.245614981918E-04
36388.00 0.244268859769E-04
36390.00 0.242767104599E-04
36392.00 0.241339823918E-04
36394.00 0.240401309639E-04
36396.00 0.240388162092E-04
36398.00 0.240906141494E-04
36400.00 0.241550540918E-04
36402.00 0.242462302060E-04
36404.00 0.243687551604E-04
36406.00 0.245109047365E-04
36408.00 0.246545251413E-04
36410.00 0.247767379475E-04
36412.00 0.248728422711E-04
36414.00 0.249480072185E-04
36416.00 0.250179114507E-04
36418.00 0.250685490139E-04
36420.00 0.250814370024E-04
36422.00 0.250672342593E-04
36424.00 0.250460963975E-04
36426.00 0.250249127313E-04
36428.00 0.250067402774E-04
36430.00 0.249919573458E-04
36432.00 0.249788454249E-04
36434.00 0.249684325681E-04
36436.00 0.249623456782E-04
36438.00 0.249586660616E-04
36440.00 0.249527131919E-04
36442.00 0.249487434811E-04
36444.00 0.249622557659E-04
36446.00 0.249868730623E-04
36448.00 0.250176875183E-04
36450.00 0.250417924845E-04
36452.00 0.250264514183E-04
36454.00 0.249903728543E-04
36456.00 0.249437050020E-04
36458.00 0.249054193466E-04
36460.00 0.248932218164E-04
36462.00 0.249080726063E-04
36464.00 0.249418083623E-04
36466.00 0.249746755321E-04
36468.00 0.249933399587E-04
36470.00 0.249991588083E-04
36472.00 0.249969958249E-04
36474.00 0.249941203292E-04
36476.00 0.249958371443E-04
36478.00 0.250000952529E-04
36480.00 0.250019901961E-04
36482.00 0.249999391788E-04
36484.00 0.249943646191E-04
36486.00 0.249823910213E-04
36488.00 0.249688108781E-04
36490.00 0.249569051386E-04
36492.00 0.249494356358E-04
36494.00 0.249504823501E-04
36496.00 0.249586440077E-04
36498.00 0.249665155710E-04
36500.00 0.249649310796E-04
36502.00 0.249452419925E-04
36504.00 0.249131348358E-04
36506.00 0.248789512150E-04
36508.00 0.248567869963E-04
36510.00 0.248643243575E-04
36512.00 0.248838794243E-04
36514.00 0.249054634545E-04
36516.00 0.249196899480E-04
36518.00 0.249187535034E-04
36520.00 0.249105918459E-04
36522.00 0.248999330027E-04
36524.00 0.248904786444E-04
36526.00 0.248843697006E-04
36528.00 0.248825409193E-04
36530.00 0.248820285891E-04
36532.00 0.248739568438E-04
36534.00 0.248564086863E-04
36536.00 0.248323037201E-04
36538.00 0.248094049353E-04
36540.00 0.247970513309E-04
36542.00 0.247974754453E-04
36544.00 0.248109656763E-04
36546.00 0.248251243115E-04
36548.00 0.248331960568E-04
36550.00 0.248315471000E-04
36552.00 0.248142652863E-04
36554.00 0.247898719223E-04
36556.00 0.247554881195E-04
36558.00 0.247105370822E-04
36560.00 0.246593413844E-04
36562.00 0.246073195118E-04
36564.00 0.245517537393E-04
36566.00 0.244900552725E-04
36568.00 0.244243887913E-04
36570.00 0.243641407957E-04
36572.00 0.243221534699E-04
36574.00 0.243132114418E-04
36576.00 0.243315416663E-04
36578.00 0.243610854756E-04
36580.00 0.243907853590E-04
36582.00 0.244178777870E-04
36584.00 0.244421829352E-04
36586.00 0.244632088308E-04
36588.00 0.244818053991E-04
36590.00 0.244943812394E-04
36592.00 0.245026311127E-04
36594.00 0.245071589581E-04
36596.00 0.245099903458E-04
36598.00 0.245118632350E-04
36600.00 0.245150288249E-04
36602.00 0.245206932969E-04
36604.00 0.245262458027E-04
36606.00 0.245278727055E-04
36608.00 0.245243949674E-04
36610.00 0.245165675120E-04
36612.00 0.245099004336E-04
36614.00 0.245078494163E-04
36616.00 0.245106808041E-04
36618.00 0.245159890199E-04
36620.00 0.245158991077E-04
36622.00 0.245054421430E-04
36624.00 0.244845265171E-04
36626.00 0.244607795035E-04
36628.00 0.244426952654E-04
36630.00 0.244344233381E-04
36632.00 0.244381470625E-04
36634.00 0.244440999323E-04
36636.00 0.244527959740E-04
36638.00 0.244655058344E-04
36640.00 0.244841465106E-04
36642.00 0.245056423250E-04
36644.00 0.245146946228E-04
36646.00 0.245030772811E-04
36648.00 0.244630748106E-04
36650.00 0.244058363309E-04
36652.00 0.243400137756E-04
36654.00 0.242747256045E-04
36656.00 0.242158381679E-04
36658.00 0.241639503155E-04
36660.00 0.241384203249E-04
36662.00 0.241575071695E-04
36664.00 0.242326941707E-04
36666.00 0.243308936195E-04
36668.00 0.244213334711E-04
36670.00 0.244806009142E-04
36672.00 0.244995316847E-04
36674.00 0.244956756365E-04
36676.00 0.244859532380E-04
36678.00 0.244716385286E-04
36680.00 0.244548028833E-04
36682.00 0.244363182812E-04
36684.00 0.244154026553E-04
36686.00 0.243796141856E-04
36688.00 0.243327224008E-04
36690.00 0.242763542038E-04
36692.00 0.242167305046E-04
36694.00 0.241571950213E-04
36696.00 0.240986858947E-04
36698.00 0.240425399337E-04
36700.00 0.239937735632E-04
36702.00 0.239840308072E-04
36704.00 0.240158936740E-04
36706.00 0.240815822091E-04
36708.00 0.241536935327E-04
36710.00 0.242179112391E-04
36712.00 0.242724744052E-04
36714.00 0.243186299274E-04
36716.00 0.243584983777E-04
36718.00 0.243812427849E-04
36720.00 0.243855008935E-04
36722.00 0.243795700777E-04
36724.00 0.243714321705E-04
36726.00 0.243640067756E-04
36728.00 0.243573838051E-04
36730.00 0.243491339317E-04
36732.00 0.243394335871E-04
36734.00 0.243278399958E-04
36736.00 0.243138594886E-04
36738.00 0.242978941261E-04
36740.00 0.242784272750E-04
36742.00 0.242473447787E-04
36744.00 0.241930937607E-04
36746.00 0.241288760544E-04
36748.00 0.240626073307E-04
36750.00 0.239939516913E-04
36752.00 0.239084621029E-04
36754.00 0.238161052542E-04
36756.00 0.237192222565E-04
36758.00 0.236283141826E-04
36760.00 0.235549084618E-04
36762.00 0.234891758188E-04
36764.00 0.234271652038E-04
36766.00 0.233646422585E-04
36768.00 0.233000682961E-04
36770.00 0.232336655523E-04
36772.00 0.231691798056E-04
36774.00 0.231180502697E-04
36776.00 0.231332352618E-04
36778.00 0.231840305956E-04
36780.00 0.232485604501E-04
36782.00 0.233201356931E-04
36784.00 0.234114237736E-04
36786.00 0.235162886043E-04
36788.00 0.236264854013E-04
36790.00 0.237206930853E-04
36792.00 0.237723570053E-04
36794.00 0.237778416528E-04
36796.00 0.237693695435E-04
36798.00 0.237338711680E-04
36800.00 0.236403759962E-04
36802.00 0.234805018310E-04
36804.00 0.233074699406E-04
36806.00 0.231433139165E-04
36808.00 0.230146562678E-04
36810.00 0.229183297082E-04
36812.00 0.228375902012E-04
36814.00 0.227934398919E-04
36816.00 0.228185915724E-04
36818.00 0.229746979052E-04
36820.00 0.231582987265E-04
36822.00 0.233410733730E-04
36824.00 0.235038247302E-04
36826.00 0.236185697301E-04
36828.00 0.237236805471E-04
36830.00 0.238174217053E-04
36832.00 0.238885066721E-04
36834.00 0.239336154799E-04
36836.00 0.239690901050E-04
36838.00 0.239972071934E-04
36840.00 0.240153575934E-04
36842.00 0.240215123416E-04
36844.00 0.240222486042E-04
36846.00 0.240222706582E-04
36848.00 0.240213121596E-04
36850.00 0.240160718020E-04
36852.00 0.240054587632E-04
36854.00 0.239937074014E-04
36856.00 0.239859257503E-04
36858.00 0.239866603165E-04
36860.00 0.239942417855E-04
36862.00 0.240044103524E-04
36864.00 0.240180787114E-04
36866.00 0.240365412596E-04
36868.00 0.240602221113E-04
36870.00 0.240853958458E-04
36872.00 0.241061553976E-04
36874.00 0.241203581407E-04
36876.00 0.241274713875E-04
36878.00 0.241305046537E-04
36880.00 0.241268911990E-04
36882.00 0.241156538638E-04
36884.00 0.240992643868E-04
36886.00 0.240835891185E-04
36888.00 0.240740244905E-04
36890.00 0.240713712308E-04
36892.00 0.240741568142E-04
36894.00 0.240743586926E-04
36896.00 0.240698766516E-04
36898.00 0.240617370480E-04
36900.00 0.240510578473E-04
36902.00 0.240408672265E-04
36904.00 0.240245235539E-04
36906.00 0.239995262510E-04
36908.00 0.239679534784E-04
36910.00 0.239372272382E-04
36912.00 0.239197893504E-04
36914.00 0.239161334842E-04
36916.00 0.239252078360E-04
36918.00 0.239368031238E-04
36920.00 0.239439825324E-04
36922.00 0.239438502087E-04
36924.00 0.239352423828E-04
36926.00 0.239230227986E-04
36928.00 0.239134344202E-04
36930.00 0.239095546216E-04
36932.00 0.239119635914E-04
36934.00 0.239149510533E-04
36936.00 0.239029774555E-04
36938.00 0.238657402109E-04
36940.00 0.238099063981E-04
36942.00 0.237451085032E-04
36944.00 0.236813827695E-04
36946.00 0.236220915761E-04
36948.00 0.235651211366E-04
36950.00 0.235028882856E-04
36952.00 0.234210783139E-04
36954.00 0.232893653450E-04
36956.00 0.231276844525E-04
36958.00 0.229518432283E-04
36960.00 0.227887135610E-04
36962.00 0.226544576022E-04
36964.00 0.225413853096E-04
36966.00 0.224498749932E-04
36968.00 0.223993035918E-04
36970.00 0.224244790227E-04
36972.00 0.225077615197E-04
36974.00 0.226297741440E-04
36976.00 0.227590798394E-04
36978.00 0.229047275111E-04
36980.00 0.230594529274E-04
36982.00 0.232180343919E-04
36984.00 0.233652886089E-04
36986.00 0.234573112555E-04
36988.00 0.235175151432E-04
36990.00 0.235540619295E-04
36992.00 0.235801280006E-04
36994.00 0.235988127847E-04
36996.00 0.236150461876E-04
36998.00 0.236319038869E-04
37000.00 0.236493180243E-04
37002.00 0.236655056228E-04
37004.00 0.236786395976E-04
37006.00 0.236867333968E-04
37008.00 0.236923758149E-04
37010.00 0.236925081385E-04
37012.00 0.236926201047E-04
37014.00 0.236940247717E-04
37016.00 0.236916836601E-04
37018.00 0.236730429839E-04
37020.00 0.236380806890E-04
37022.00 0.235945546761E-04
37024.00 0.235538838014E-04
37026.00 0.235265691374E-04
37028.00 0.235157762741E-04
37030.00 0.235109379770E-04
37032.00 0.235023539015E-04
37034.00 0.234811040735E-04
37036.00 0.234449814016E-04
37038.00 0.234043766887E-04
37040.00 0.233654005751E-04
37042.00 0.233327793917E-04
37044.00 0.233079161090E-04
37046.00 0.232878046040E-04
37048.00 0.232739801710E-04
37050.00 0.232723956795E-04
37052.00 0.232886290824E-04
37054.00 0.233080721831E-04
37056.00 0.233245278219E-04
37058.00 0.233345403147E-04
37060.00 0.233287876270E-04
37062.00 0.233207379356E-04
37064.00 0.233084301356E-04
37066.00 0.232797091083E-04
37068.00 0.232241891401E-04
37070.00 0.231580985445E-04
37072.00 0.230897329993E-04
37074.00 0.230419268238E-04
37076.00 0.230256272591E-04
37078.00 0.230301754620E-04
37080.00 0.230506890274E-04
37082.00 0.230825298403E-04
37084.00 0.231357103934E-04
37086.00 0.231905636538E-04
37088.00 0.232372332027E-04
37090.00 0.232731539961E-04
37092.00 0.232692741975E-04
37094.00 0.232608461961E-04
37096.00 0.232504774472E-04
37098.00 0.232401986106E-04
37100.00 0.232297857538E-04
37102.00 0.232155592602E-04
37104.00 0.231980552106E-04
37106.00 0.231775195912E-04
37108.00 0.231539948136E-04
37110.00 0.231294674294E-04
37112.00 0.231082396554E-04
37114.00 0.230868116993E-04
37116.00 0.230623504770E-04
37118.00 0.230348576850E-04
37120.00 0.230035292023E-04
37122.00 0.229639729002E-04
37124.00 0.229037910665E-04
37126.00 0.228324618098E-04
37128.00 0.227572510581E-04
37130.00 0.226773360295E-04
37132.00 0.225876765484E-04
37134.00 0.224916621370E-04
37136.00 0.224007320091E-04
37138.00 0.223471493955E-04
37140.00 0.223603495322E-04
37142.00 0.224547590946E-04
37144.00 0.225618768210E-04
37146.00 0.226676136309E-04
37148.00 0.227601723581E-04
37150.00 0.228385707537E-04
37152.00 0.229102359090E-04
37154.00 0.229684549412E-04
37156.00 0.230046895793E-04
37158.00 0.230212792383E-04
37160.00 0.230304214483E-04
37162.00 0.230359722576E-04
37164.00 0.230359281497E-04
37166.00 0.230230181073E-04
37168.00 0.230059602261E-04
37170.00 0.229876537520E-04
37172.00 0.229720666995E-04
37174.00 0.229663140117E-04
37176.00 0.229641289743E-04
37178.00 0.229655336412E-04
37180.00 0.229670061664E-04
37182.00 0.229656676614E-04
37184.00 0.229612975866E-04
37186.00 0.229534718276E-04
37188.00 0.229462466146E-04
37190.00 0.229418765398E-04
37192.00 0.229396915024E-04
37194.00 0.229351416031E-04
37196.00 0.229225657629E-04
37198.00 0.228927759672E-04
37200.00 0.228560748033E-04
37202.00 0.228200861516E-04
37204.00 0.227902963559E-04
37206.00 0.227792592027E-04
37208.00 0.227723902459E-04
37210.00 0.227716777337E-04
37212.00 0.227770504149E-04
37214.00 0.227903625178E-04
37216.00 0.228072422710E-04
37218.00 0.228243222062E-04
37220.00 0.228388829019E-04
37222.00 0.228503441695E-04
37224.00 0.228604889860E-04
37226.00 0.228725524961E-04
37228.00 0.228868892593E-04
37230.00 0.229028546219E-04
37232.00 0.229173491557E-04
37234.00 0.229283863089E-04
37236.00 0.229379746873E-04
37238.00 0.229472729715E-04
37240.00 0.229583101247E-04
37242.00 0.229679426110E-04
37244.00 0.229733152923E-04
37246.00 0.229717783017E-04
37248.00 0.229684990491E-04
37250.00 0.229673624225E-04
37252.00 0.229699274664E-04
37254.00 0.229752780937E-04
37256.00 0.229799823707E-04
37258.00 0.229826135764E-04
37260.00 0.229831496570E-04
37262.00 0.229824133944E-04
37264.00 0.229810986398E-04
37266.00 0.229787795822E-04
37268.00 0.229734272585E-04
37270.00 0.229672284024E-04
37272.00 0.229618319707E-04
37274.00 0.229562811614E-04
37276.00 0.229469150189E-04
37278.00 0.229280741607E-04
37280.00 0.228978381967E-04
37282.00 0.228637665421E-04
37284.00 0.228328180659E-04
37286.00 0.228125046825E-04
37288.00 0.228069742307E-04
37290.00 0.228095172206E-04
37292.00 0.228277337825E-04
37294.00 0.228582598407E-04
37296.00 0.228922415831E-04
37298.00 0.229242825780E-04
37300.00 0.229419885060E-04
37302.00 0.229503265952E-04
37304.00 0.229541622859E-04
37306.00 0.229578639564E-04
37308.00 0.229590226369E-04
37310.00 0.229540723736E-04
37312.00 0.229397797182E-04
37314.00 0.229204706377E-04
37316.00 0.229020963053E-04
37318.00 0.228899225255E-04
37320.00 0.228913933543E-04
37322.00 0.228979501629E-04
37324.00 0.228986847291E-04
37326.00 0.228844378781E-04
37328.00 0.228538439615E-04
37330.00 0.228173209257E-04
37332.00 0.227782107919E-04
37334.00 0.227385645776E-04
37336.00 0.226986079115E-04
37338.00 0.226587174072E-04
37340.00 0.226234853756E-04
37342.00 0.225936294181E-04
37344.00 0.225681214815E-04
37346.00 0.225448426902E-04
37348.00 0.225290334017E-04
37350.00 0.225258440614E-04
37352.00 0.225322651534E-04
37354.00 0.225383079354E-04
37356.00 0.225344518873E-04
37358.00 0.225173940060E-04
37360.00 0.224854632809E-04
37362.00 0.224521719968E-04
37364.00 0.224311002968E-04
37366.00 0.224304539464E-04
37368.00 0.224574344083E-04
37370.00 0.224881827024E-04
37372.00 0.225117074801E-04
37374.00 0.225161895211E-04
37376.00 0.224964783802E-04
37378.00 0.224691179118E-04
37380.00 0.224413808299E-04
37382.00 0.224166074594E-04
37384.00 0.223960260357E-04
37386.00 0.223776313458E-04
37388.00 0.223593469257E-04
37390.00 0.223424892264E-04
37392.00 0.223319423495E-04
37394.00 0.223272601265E-04
37396.00 0.223287547056E-04
37398.00 0.223333029085E-04
37400.00 0.223463028631E-04
37402.00 0.223681990415E-04
37404.00 0.223955578134E-04
37406.00 0.224250134069E-04
37408.00 0.224575022666E-04
37410.00 0.224833444053E-04
37412.00 0.225053084420E-04
37414.00 0.225301479743E-04
37416.00 0.225604501002E-04
37418.00 0.225933834318E-04
37420.00 0.226180906404E-04
37422.00 0.226220586547E-04
37424.00 0.225956363275E-04
37426.00 0.225502374254E-04
37428.00 0.224938912823E-04
37430.00 0.224308118990E-04
37432.00 0.223526357394E-04
37434.00 0.222721914160E-04
37436.00 0.222002344700E-04
37438.00 0.221406989866E-04
37440.00 0.221310240889E-04
37442.00 0.221281027889E-04
37444.00 0.221390059219E-04
37446.00 0.221716016585E-04
37448.00 0.222437418219E-04
37450.00 0.223310958171E-04
37452.00 0.224153368127E-04
37454.00 0.224789302226E-04
37456.00 0.225097667326E-04
37458.00 0.225188868887E-04
37460.00 0.225154091506E-04
37462.00 0.225096785168E-04
37464.00 0.225047503075E-04
37466.00 0.225024753578E-04
37468.00 0.225031454586E-04
37470.00 0.225044381593E-04
37472.00 0.225000019226E-04
37474.00 0.224922864334E-04
37476.00 0.224823859068E-04
37478.00 0.224715268816E-04
37480.00 0.224565420716E-04
37482.00 0.224424054903E-04
37484.00 0.224332632802E-04
37486.00 0.224320367414E-04
37488.00 0.224442342716E-04
37490.00 0.224636553183E-04
37492.00 0.224809371320E-04
37494.00 0.224940253025E-04
37496.00 0.225034576068E-04
37498.00 0.225119755204E-04
37500.00 0.225192448413E-04
37502.00 0.225180183024E-04
37504.00 0.225002903204E-04
37506.00 0.224709687471E-04
37508.00 0.224369208428E-04
37510.00 0.224057043264E-04
37512.00 0.223863494415E-04
37514.00 0.223746659379E-04
37516.00 0.223700278228E-04
37518.00 0.223692253984E-04
37520.00 0.223701838969E-04
37522.00 0.223666824084E-04
37524.00 0.223612198149E-04
37526.00 0.223611519566E-04
37528.00 0.223781436760E-04
37530.00 0.224061946026E-04
37532.00 0.224384815838E-04
37534.00 0.224594192637E-04
37536.00 0.224596873040E-04
37538.00 0.224462411810E-04
37540.00 0.224243450026E-04
37542.00 0.224059265623E-04
37544.00 0.223976325811E-04
37546.00 0.223988353695E-04
37548.00 0.224074211415E-04
37550.00 0.224150026105E-04
37552.00 0.224138642875E-04
37554.00 0.224040757271E-04
37556.00 0.223869737379E-04
37558.00 0.223687792300E-04
37560.00 0.223524559149E-04
37562.00 0.223391896164E-04
37564.00 0.223290447999E-04
37566.00 0.223214853848E-04
37568.00 0.223193224013E-04
37570.00 0.223197007114E-04
37572.00 0.223212852028E-04
37574.00 0.223224218294E-04
37576.00 0.223224218294E-04
37578.00 0.223216855668E-04
37580.00 0.223205709941E-04
37582.00 0.223180738085E-04
37584.00 0.223114728920E-04
37586.00 0.223005697589E-04
37588.00 0.222851693167E-04
37590.00 0.222697671781E-04
37592.00 0.222622179417E-04
37594.00 0.222615800736E-04
37596.00 0.222659331839E-04
37598.00 0.222707002298E-04
37600.00 0.222506803335E-04
37602.00 0.222196487309E-04
37604.00 0.221803129683E-04
37606.00 0.221441716354E-04
37608.00 0.221366631140E-04
37610.00 0.221468045376E-04
37612.00 0.221702987790E-04
37614.00 0.221935894456E-04
37616.00 0.222060075153E-04
37618.00 0.222064044863E-04
37620.00 0.221965378889E-04
37622.00 0.221871089775E-04
37624.00 0.221851359973E-04
37626.00 0.221919252206E-04
37628.00 0.222041210544E-04
37630.00 0.222162201901E-04
37632.00 0.222245141713E-04
37634.00 0.222285449546E-04
37636.00 0.222285381688E-04
37638.00 0.222274015422E-04
37640.00 0.222120604760E-04
37642.00 0.221922628157E-04
37644.00 0.221715660329E-04
37646.00 0.221521195393E-04
37648.00 0.221312429319E-04
37650.00 0.221091991617E-04
37652.00 0.220842697172E-04
37654.00 0.220604226125E-04
37656.00 0.220459111141E-04
37658.00 0.220411712116E-04
37660.00 0.220430712441E-04
37662.00 0.220448067202E-04
37664.00 0.220472292617E-04
37666.00 0.220521455959E-04
37668.00 0.220531363271E-04
37670.00 0.220544459924E-04
37672.00 0.220555164571E-04
37674.00 0.220563171851E-04
37676.00 0.220573469349E-04
37678.00 0.220571433600E-04
37680.00 0.220476856088E-04
37682.00 0.220302511139E-04
37684.00 0.220074812599E-04
37686.00 0.219866928683E-04
37688.00 0.219742408695E-04
37690.00 0.219659417989E-04
37692.00 0.219615259197E-04
37694.00 0.219586114055E-04
37696.00 0.219548028582E-04
37698.00 0.219564942264E-04
37700.00 0.219620077137E-04
37702.00 0.219704204470E-04
37704.00 0.219852322183E-04
37706.00 0.220099377305E-04
37708.00 0.220396274352E-04
37710.00 0.220638070455E-04
37712.00 0.220705385893E-04
37714.00 0.220513499572E-04
37716.00 0.220086077078E-04
37718.00 0.219612663617E-04
37720.00 0.219159285321E-04
37722.00 0.218750880116E-04
37724.00 0.218404565259E-04
37726.00 0.218132402565E-04
37728.00 0.218032192814E-04
37730.00 0.218138798210E-04
37732.00 0.218385683686E-04
37734.00 0.218659814271E-04
37736.00 0.218887631564E-04
37738.00 0.219059584507E-04
37740.00 0.219196030592E-04
37742.00 0.219285739271E-04
37744.00 0.219297122501E-04
37746.00 0.219201001213E-04
37748.00 0.219040991331E-04
37750.00 0.218877232278E-04
37752.00 0.218751100655E-04
37754.00 0.218692454115E-04
37756.00 0.218645530098E-04
37758.00 0.218598131072E-04
37760.00 0.218546626619E-04
37762.00 0.218480668347E-04
37764.00 0.218391790933E-04
37766.00 0.218286949853E-04
37768.00 0.218065663922E-04
37770.00 0.217737416339E-04
37772.00 0.217359615230E-04
37774.00 0.216992891988E-04
37776.00 0.216717455130E-04
37778.00 0.216559565821E-04
37780.00 0.216454300626E-04
37782.00 0.216388630752E-04
37784.00 0.216384016387E-04
37786.00 0.216577141122E-04
37788.00 0.216900095757E-04
37790.00 0.217272654812E-04
37792.00 0.217589739704E-04
37794.00 0.217635493166E-04
37796.00 0.217523747503E-04
37798.00 0.217312351921E-04
37800.00 0.217097936643E-04
37802.00 0.216931497187E-04
37804.00 0.216800377978E-04
37806.00 0.216688818926E-04
37808.00 0.216543161076E-04
37810.00 0.216335853956E-04
37812.00 0.216086389864E-04
37814.00 0.215824338057E-04
37816.00 0.215640849202E-04
37818.00 0.215629907050E-04
37820.00 0.215756004745E-04
37822.00 0.215963634191E-04
37824.00 0.216163782260E-04
37826.00 0.216311475860E-04
37828.00 0.216429142160E-04
37830.00 0.216526179535E-04
37832.00 0.216610730982E-04
37834.00 0.216656942488E-04
37836.00 0.216710279115E-04
37838.00 0.216782158024E-04
37840.00 0.216853341385E-04
37842.00 0.216824433747E-04
37844.00 0.216707904074E-04
37846.00 0.216512845378E-04
37848.00 0.216329390452E-04
37850.00 0.216263856295E-04
37852.00 0.216332087820E-04
37854.00 0.216540361921E-04
37856.00 0.216760562118E-04
37858.00 0.216923099722E-04
37860.00 0.216985512397E-04
37862.00 0.216919791630E-04
37864.00 0.216809674566E-04
37866.00 0.216668800726E-04
37868.00 0.216528588505E-04
37870.00 0.216426851942E-04
37872.00 0.216348492565E-04
37874.00 0.216194199745E-04
37876.00 0.215963515439E-04
37878.00 0.215664701396E-04
37880.00 0.215363308737E-04
37882.00 0.215281403764E-04
37884.00 0.215421802595E-04
37886.00 0.215693388494E-04
37888.00 0.215951640236E-04
37890.00 0.216037141700E-04
37892.00 0.215834839130E-04
37894.00 0.215542522519E-04
37896.00 0.215275415268E-04
37898.00 0.215099000641E-04
37900.00 0.215124685010E-04
37902.00 0.215204096190E-04
37904.00 0.215283812733E-04
37906.00 0.215373826774E-04
37908.00 0.215495920828E-04
37910.00 0.215581880335E-04
37912.00 0.215662920115E-04
37914.00 0.215641069741E-04
37916.00 0.215492527913E-04
37918.00 0.215293669152E-04
37920.00 0.215087549552E-04
37922.00 0.214840799793E-04
37924.00 0.214542613439E-04
37926.00 0.214215315872E-04
37928.00 0.213904931988E-04
37930.00 0.213690092596E-04
37932.00 0.213738136276E-04
37934.00 0.213921777812E-04
37936.00 0.214128796534E-04
37938.00 0.214314117563E-04
37940.00 0.214345332384E-04
37942.00 0.214310504109E-04
37944.00 0.214236911778E-04
37946.00 0.214164201604E-04
37948.00 0.214159230984E-04
37950.00 0.214206630009E-04
37952.00 0.214313659520E-04
37954.00 0.214443421563E-04
37956.00 0.214548686757E-04
37958.00 0.214607842234E-04
37960.00 0.214577611359E-04
37962.00 0.214464796928E-04
37964.00 0.214251348632E-04
37966.00 0.213980729714E-04
37968.00 0.213769045733E-04
37970.00 0.213603912550E-04
37972.00 0.213536461395E-04
37974.00 0.213555207252E-04
37976.00 0.213556751028E-04
37978.00 0.213585336339E-04
37980.00 0.213605710795E-04
37982.00 0.213619519960E-04
37984.00 0.213639453337E-04
37986.00 0.213639538159E-04
37988.00 0.213608034942E-04
37990.00 0.213558209982E-04
37992.00 0.213490996331E-04
37994.00 0.213401593015E-04
37996.00 0.213283841892E-04
37998.00 0.213139558173E-04
38000.00 0.212984552841E-04
38002.00 0.212841880756E-04
38004.00 0.212731611011E-04
38006.00 0.212649553357E-04
38008.00 0.212589481793E-04
38010.00 0.212525118191E-04
38012.00 0.212454681271E-04
38014.00 0.212433967523E-04
38016.00 0.212428674576E-04
38018.00 0.212495531970E-04
38020.00 0.212597268533E-04
38022.00 0.212668943867E-04
38024.00 0.212704382866E-04
38026.00 0.212762791902E-04
38028.00 0.212918475817E-04
38030.00 0.213209129899E-04
38032.00 0.213578499615E-04
38034.00 0.213811253599E-04
38036.00 0.213817835854E-04
38038.00 0.213554783137E-04
38040.00 0.213159491550E-04
38042.00 0.212816382998E-04
38044.00 0.212637474578E-04
38046.00 0.212681005681E-04
38048.00 0.212831549329E-04
38050.00 0.212978343806E-04
38052.00 0.213037431424E-04
38054.00 0.212924939320E-04
38056.00 0.212757956998E-04
38058.00 0.212630960181E-04
38060.00 0.212622528787E-04
38062.00 0.212777432331E-04
38064.00 0.212964585535E-04
38066.00 0.213105374552E-04
38068.00 0.213157150438E-04
38070.00 0.213122746278E-04
38072.00 0.213078231230E-04
38074.00 0.213014868538E-04
38076.00 0.212912843578E-04
38078.00 0.212753325669E-04
38080.00 0.212557876787E-04
38082.00 0.212326598721E-04
38084.00 0.212039761669E-04
38086.00 0.211708681001E-04
38088.00 0.211372680607E-04
38090.00 0.211092731172E-04
38092.00 0.211022260323E-04
38094.00 0.211109492174E-04
38096.00 0.211274947684E-04
38098.00 0.211424660068E-04
38100.00 0.211374767250E-04
38102.00 0.211176298674E-04
38104.00 0.210889444657E-04
38106.00 0.210601793305E-04
38108.00 0.210478002793E-04
38110.00 0.210492270001E-04
38112.00 0.210596093207E-04
38114.00 0.210733472344E-04
38116.00 0.210898045697E-04
38118.00 0.211074629970E-04
38120.00 0.211209684960E-04
38122.00 0.211307316095E-04
38124.00 0.211294575699E-04
38126.00 0.211142199876E-04
38128.00 0.210979458698E-04
38130.00 0.210811933509E-04
38132.00 0.210604558531E-04
38134.00 0.210352346178E-04
38136.00 0.210071446727E-04
38138.00 0.209787968660E-04
38140.00 0.209685197258E-04
38142.00 0.209747830473E-04
38144.00 0.209918578931E-04
38146.00 0.210087851472E-04
38148.00 0.210085204998E-04
38150.00 0.209915474414E-04
38152.00 0.209608720949E-04
38154.00 0.209291585163E-04
38156.00 0.209035640604E-04
38158.00 0.208908083956E-04
38160.00 0.208880804918E-04
38162.00 0.208900517755E-04
38164.00 0.208923572614E-04
38166.00 0.208867860946E-04
38168.00 0.208724459384E-04
38170.00 0.208559818173E-04
38172.00 0.208463713850E-04
38174.00 0.208602093897E-04
38176.00 0.208874341414E-04
38178.00 0.209153357797E-04
38180.00 0.209317795433E-04
38182.00 0.209214277590E-04
38184.00 0.208988835338E-04
38186.00 0.208771603941E-04
38188.00 0.208663369946E-04
38190.00 0.208717215510E-04
38192.00 0.208867470761E-04
38194.00 0.209005274012E-04
38196.00 0.209088841514E-04
38198.00 0.209098188996E-04
38200.00 0.209062088378E-04
38202.00 0.209018370665E-04
38204.00 0.208988529976E-04
38206.00 0.208997555130E-04
38208.00 0.209033486102E-04
38210.00 0.209055132902E-04
38212.00 0.209032943236E-04
38214.00 0.208868827927E-04
38216.00 0.208626930036E-04
38218.00 0.208368678294E-04
38220.00 0.208159861327E-04
38222.00 0.208100010303E-04
38224.00 0.208130580469E-04
38226.00 0.208219390025E-04
38228.00 0.208319447094E-04
38230.00 0.208401335103E-04
38232.00 0.208451652036E-04
38234.00 0.208469176443E-04
38236.00 0.208458912875E-04
38238.00 0.208432261525E-04
38240.00 0.208408986127E-04
38242.00 0.208382504424E-04
38244.00 0.208328455284E-04
38246.00 0.208235777805E-04
38248.00 0.208097720085E-04
38250.00 0.207961206141E-04
38252.00 0.207891464769E-04
38254.00 0.207901134577E-04
38256.00 0.208000767532E-04
38258.00 0.208122454437E-04
38260.00 0.208130580469E-04
38262.00 0.208020785732E-04
38264.00 0.207800042668E-04
38266.00 0.207544657939E-04
38268.00 0.207396472367E-04
38270.00 0.207326951534E-04
38272.00 0.207312769149E-04
38274.00 0.207299960894E-04
38276.00 0.207287101745E-04
38278.00 0.207298315330E-04
38280.00 0.207350600153E-04
38282.00 0.207433998009E-04
38284.00 0.207540298043E-04
38286.00 0.207679271851E-04
38288.00 0.207867917937E-04
38290.00 0.208068405297E-04
38292.00 0.208201237928E-04
38294.00 0.208131801918E-04
38296.00 0.207871904612E-04
38298.00 0.207531374676E-04
38300.00 0.207226097129E-04
38302.00 0.207087377791E-04
38304.00 0.207080235704E-04
38306.00 0.207132266059E-04
38308.00 0.207091008210E-04
38310.00 0.206867873140E-04
38312.00 0.206506612492E-04
38314.00 0.206107436017E-04
38316.00 0.205793591359E-04
38318.00 0.205644337018E-04
38320.00 0.205626320639E-04
38322.00 0.205631359118E-04
38324.00 0.205547265714E-04
38326.00 0.205176589726E-04
38328.00 0.204558570219E-04
38330.00 0.203801729585E-04
38332.00 0.203104197110E-04
38334.00 0.202852290119E-04
38336.00 0.202930666461E-04
38338.00 0.203239404781E-04
38340.00 0.203573776576E-04
38342.00 0.203847703586E-04
38344.00 0.204047682009E-04
38346.00 0.204184535245E-04
38348.00 0.204306069468E-04
38350.00 0.204428010841E-04
38352.00 0.204555737135E-04
38354.00 0.204686381335E-04
38356.00 0.204775343572E-04
38358.00 0.204741601030E-04
38360.00 0.204538229692E-04
38362.00 0.204289562936E-04
38364.00 0.204063425136E-04
38366.00 0.203892710607E-04
38368.00 0.203856389449E-04
38370.00 0.203858476092E-04
38372.00 0.203866144081E-04
38374.00 0.203852504561E-04
38376.00 0.203784832867E-04
38378.00 0.203692715219E-04
38380.00 0.203606687854E-04
38382.00 0.203565718402E-04
38384.00 0.203597543947E-04
38386.00 0.203659498579E-04
38388.00 0.203724252366E-04
38390.00 0.203767579894E-04
38392.00 0.203774840732E-04
38394.00 0.203755993088E-04
38396.00 0.203747663481E-04
38398.00 0.203791737450E-04
38400.00 0.203903500077E-04
38402.00 0.204055587502E-04
38404.00 0.204164092931E-04
38406.00 0.204160971449E-04
38408.00 0.203996618635E-04
38410.00 0.203734193608E-04
38412.00 0.203457365655E-04
38414.00 0.203201624670E-04
38416.00 0.203011587489E-04
38418.00 0.202888645206E-04
38420.00 0.202823891419E-04
38422.00 0.202857939323E-04
38424.00 0.202923965453E-04
38426.00 0.202976572604E-04
38428.00 0.202968124245E-04
38430.00 0.202841653330E-04
38432.00 0.202646950890E-04
38434.00 0.202437302659E-04
38436.00 0.202296683287E-04
38438.00 0.202291034083E-04
38440.00 0.202390141137E-04
38442.00 0.202543178578E-04
38444.00 0.202661557390E-04
38446.00 0.202723427199E-04
38448.00 0.202745701688E-04
38450.00 0.202761716247E-04
38452.00 0.202784550567E-04
38454.00 0.202788231880E-04
38456.00 0.202759850144E-04
38458.00 0.202705817969E-04
38460.00 0.202649275037E-04
38462.00 0.202648884852E-04
38464.00 0.202715589565E-04
38466.00 0.202839736333E-04
38468.00 0.202966953689E-04
38470.00 0.202904473155E-04
38472.00 0.202570474581E-04
38474.00 0.202043707529E-04
38476.00 0.201426502321E-04
38478.00 0.200922484765E-04
38480.00 0.200642331755E-04
38482.00 0.200505003512E-04
38484.00 0.200468444850E-04
38486.00 0.200470972572E-04
38488.00 0.200518337668E-04
38490.00 0.200576017227E-04
38492.00 0.200644605008E-04
38494.00 0.200730428799E-04
38496.00 0.200873660715E-04
38498.00 0.201040660002E-04
38500.00 0.201185215155E-04
38502.00 0.201228322143E-04
38504.00 0.201041898416E-04
38506.00 0.200744543326E-04
38508.00 0.200414005525E-04
38510.00 0.200136057911E-04
38512.00 0.199967362166E-04
38514.00 0.199868017608E-04
38516.00 0.199791626122E-04
38518.00 0.199702222806E-04
38520.00 0.199579840354E-04
38522.00 0.199389582633E-04
38524.00 0.199166600245E-04
38526.00 0.199004045677E-04
38528.00 0.198943753573E-04
38530.00 0.199034751559E-04
38532.00 0.199186143436E-04
38534.00 0.199304776717E-04
38536.00 0.199346594397E-04
38538.00 0.199298533753E-04
38540.00 0.199230980811E-04
38542.00 0.199192674798E-04
38544.00 0.199196729332E-04
38546.00 0.199234662124E-04
38548.00 0.199264672459E-04
38550.00 0.199244128358E-04
38552.00 0.199121135181E-04
38554.00 0.198918493319E-04
38556.00 0.198686265237E-04
38558.00 0.198472799976E-04
38560.00 0.198408097083E-04
38562.00 0.198449524578E-04
38564.00 0.198549649506E-04
38566.00 0.198666857762E-04
38568.00 0.198724503392E-04
38570.00 0.198736768780E-04
38572.00 0.198722722111E-04
38574.00 0.198709896892E-04
38576.00 0.198738634884E-04
38578.00 0.198790173266E-04
38580.00 0.198847191206E-04
38582.00 0.198893029491E-04
38584.00 0.198917577232E-04
38586.00 0.198939105279E-04
38588.00 0.198978022017E-04
38590.00 0.199056466217E-04
38592.00 0.199212692998E-04
38594.00 0.199445972884E-04
38596.00 0.199666342728E-04
38598.00 0.199768181078E-04
38600.00 0.199617484748E-04
38602.00 0.199092838268E-04
38604.00 0.198439379761E-04
38606.00 0.197625131002E-04
38608.00 0.196599452731E-04
38610.00 0.195348332208E-04
38612.00 0.194076972946E-04
38614.00 0.193035432796E-04
38616.00 0.192381940360E-04
38618.00 0.192123196646E-04
38620.00 0.192013792094E-04
38622.00 0.192090777341E-04
38624.00 0.192371015173E-04
38626.00 0.192900971566E-04
38628.00 0.193545472777E-04
38630.00 0.193900439567E-04
38632.00 0.193755646910E-04
38634.00 0.192959719893E-04
38636.00 0.191692788386E-04
38638.00 0.190045850373E-04
38640.00 0.187898779693E-04
38642.00 0.185135504715E-04
38644.00 0.182125683552E-04
38646.00 0.179236734994E-04
38648.00 0.176857775523E-04
38650.00 0.175040309592E-04
38652.00 0.173617558453E-04
38654.00 0.172681928152E-04
38656.00 0.173275637421E-04
38658.00 0.175072423534E-04
38660.00 0.177669292985E-04
38662.00 0.180351273715E-04
38664.00 0.182620285768E-04
38666.00 0.184438141885E-04
38668.00 0.185859824256E-04
38670.00 0.187029803211E-04
38672.00 0.187871076540E-04
38674.00 0.188457864263E-04
38676.00 0.188867236449E-04
38678.00 0.189266633464E-04
38680.00 0.189689424629E-04
38682.00 0.190142819890E-04
38684.00 0.190610414501E-04
38686.00 0.191048677360E-04
38688.00 0.191445665405E-04
38690.00 0.191812320789E-04
38692.00 0.192178501164E-04
38694.00 0.192458297917E-04
38696.00 0.192405402369E-04
38698.00 0.191957707206E-04
38700.00 0.191259903297E-04
38702.00 0.190434508812E-04
38704.00 0.189615459077E-04
38706.00 0.188831576910E-04
38708.00 0.188086560586E-04
38710.00 0.187489492330E-04
38712.00 0.187290175525E-04
38714.00 0.187581389438E-04
38716.00 0.188181036310E-04
38718.00 0.188874531216E-04
38720.00 0.189380601486E-04
38722.00 0.189618241268E-04
38724.00 0.189697431909E-04
38726.00 0.189690696972E-04
38728.00 0.189636783550E-04
38730.00 0.189531976398E-04
38732.00 0.189397345523E-04
38734.00 0.189311945846E-04
38736.00 0.189559136685E-04
38738.00 0.190184366137E-04
38740.00 0.191055531049E-04
38742.00 0.191962745685E-04
38744.00 0.192742726000E-04
38746.00 0.193339166567E-04
38748.00 0.193818839956E-04
38750.00 0.194222562938E-04
38752.00 0.194411887607E-04
38754.00 0.194273643277E-04
38756.00 0.193928278437E-04
38758.00 0.193533173459E-04
38760.00 0.193105326850E-04
38762.00 0.192649692265E-04
38764.00 0.192135733468E-04
38766.00 0.191648476913E-04
38768.00 0.191332002746E-04
38770.00 0.191321535602E-04
38772.00 0.191517832712E-04
38774.00 0.191772742433E-04
38776.00 0.191862111820E-04
38778.00 0.191665220949E-04
38780.00 0.191242955686E-04
38782.00 0.190665752948E-04
38784.00 0.190082646539E-04
38786.00 0.189532807663E-04
38788.00 0.189029570477E-04
38790.00 0.188661744538E-04
38792.00 0.188419117171E-04
38794.00 0.188409566115E-04
38796.00 0.188590985291E-04
38798.00 0.188795747725E-04
38800.00 0.189054016431E-04
38802.00 0.189484899700E-04
38804.00 0.190043797659E-04
38806.00 0.190593958862E-04
38808.00 0.190932045899E-04
38810.00 0.190676474561E-04
38812.00 0.190010021188E-04
38814.00 0.189225935446E-04
38816.00 0.188567760787E-04
38818.00 0.188221683434E-04
38820.00 0.188134061399E-04
38822.00 0.188168177161E-04
38824.00 0.188390735435E-04
38826.00 0.188886525172E-04
38828.00 0.189656191025E-04
38830.00 0.190505132342E-04
38832.00 0.191210892637E-04
38834.00 0.191608576230E-04
38836.00 0.191654821664E-04
38838.00 0.191551507396E-04
38840.00 0.191330289323E-04
38842.00 0.190915641154E-04
38844.00 0.190312228147E-04
38846.00 0.189639226449E-04
38848.00 0.189004276294E-04
38850.00 0.188542347852E-04
38852.00 0.188212386847E-04
38854.00 0.187909314695E-04
38856.00 0.187531937699E-04
38858.00 0.187010853780E-04
38860.00 0.186414260532E-04
38862.00 0.185836905114E-04
38864.00 0.185357248689E-04
38866.00 0.185007303413E-04
38868.00 0.184705062525E-04
38870.00 0.184418564764E-04
38872.00 0.184145519912E-04
38874.00 0.183921655366E-04
38876.00 0.183787160206E-04
38878.00 0.183698435473E-04
38880.00 0.183685050423E-04
38882.00 0.183767413440E-04
38884.00 0.183961589978E-04
38886.00 0.184208933497E-04
38888.00 0.184381615917E-04
38890.00 0.184435529340E-04
38892.00 0.184349569833E-04
38894.00 0.184189051014E-04
38896.00 0.184121023064E-04
38898.00 0.184226101648E-04
38900.00 0.184560693983E-04
38902.00 0.185045982647E-04
38904.00 0.185611920905E-04
38906.00 0.186183644084E-04
38908.00 0.186706763753E-04
38910.00 0.187129096875E-04
38912.00 0.187399664899E-04
38914.00 0.187325648454E-04
38916.00 0.186994177601E-04
38918.00 0.186523953481E-04
38920.00 0.186019426988E-04
38922.00 0.185426396301E-04
38924.00 0.184799198958E-04
38926.00 0.184170322122E-04
38928.00 0.183584484416E-04
38930.00 0.183572541354E-04
38932.00 0.183793403170E-04
38934.00 0.184195582376E-04
38936.00 0.184587345332E-04
38938.00 0.184667044910E-04
38940.00 0.184543203505E-04
38942.00 0.184289515234E-04
38944.00 0.184066804279E-04
38946.00 0.184030771519E-04
38948.00 0.184186642044E-04
38950.00 0.184415816503E-04
38952.00 0.184554417089E-04
38954.00 0.184500639383E-04
38956.00 0.184084786729E-04
38958.00 0.183603467776E-04
38960.00 0.183200134979E-04
38962.00 0.182972623049E-04
38964.00 0.183180167673E-04
38966.00 0.183478778142E-04
38968.00 0.183840615586E-04
38970.00 0.184239825990E-04
38972.00 0.184690812281E-04
38974.00 0.185119439261E-04
38976.00 0.185507266435E-04
38978.00 0.185804672419E-04
38980.00 0.185981036152E-04
38982.00 0.186137432579E-04
38984.00 0.186257660530E-04
38986.00 0.186197164852E-04
38988.00 0.185936164848E-04
38990.00 0.185500667215E-04
38992.00 0.185093805787E-04
38994.00 0.185027185896E-04
38996.00 0.185300027174E-04
38998.00 0.185873175377E-04
39000.00 0.186469191829E-04
39002.00 0.186882669443E-04
39004.00 0.187107161678E-04
39006.00 0.187152423167E-04
39008.00 0.187157682186E-04
39010.00 0.187135967528E-04
39012.00 0.187097678480E-04
39014.00 0.187051348223E-04
39016.00 0.187035876529E-04
39018.00 0.187126840586E-04
39020.00 0.187377068084E-04
39022.00 0.187721262368E-04
39024.00 0.188055973455E-04
39026.00 0.188321163708E-04
39028.00 0.188466940311E-04
39030.00 0.188563316068E-04
39032.00 0.188630546683E-04
39034.00 0.188585115548E-04
39036.00 0.188225483499E-04
39038.00 0.187675983915E-04
39040.00 0.187000471459E-04
39042.00 0.186316985653E-04
39044.00 0.185647342940E-04
39046.00 0.185020603641E-04
39048.00 0.184486524856E-04
39050.00 0.184230037430E-04
39052.00 0.184366432622E-04
39054.00 0.184815942995E-04
39056.00 0.185379591036E-04
39058.00 0.185921252986E-04
39060.00 0.186348794233E-04
39062.00 0.186634240190E-04
39064.00 0.186782748089E-04
39066.00 0.186683827646E-04
39068.00 0.186315323124E-04
39070.00 0.185668022758E-04
39072.00 0.184958903477E-04
39074.00 0.184258215591E-04
39076.00 0.183603315095E-04
39078.00 0.182986177746E-04
39080.00 0.182370736854E-04
39082.00 0.181735735806E-04
39084.00 0.181066805606E-04
39086.00 0.180403422822E-04
39088.00 0.179788372115E-04
39090.00 0.179266541754E-04
39092.00 0.178908504376E-04
39094.00 0.178666284158E-04
39096.00 0.178498826828E-04
39098.00 0.178393476810E-04
39100.00 0.178363466475E-04
39102.00 0.178363822731E-04
39104.00 0.178409864591E-04
39106.00 0.178745780162E-04
39108.00 0.179436747346E-04
39110.00 0.180439116290E-04
39112.00 0.181526986697E-04
39114.00 0.182553190870E-04
39116.00 0.183480050485E-04
39118.00 0.184284663365E-04
39120.00 0.185040825415E-04
39122.00 0.185741954381E-04
39124.00 0.186438316301E-04
39126.00 0.187165706430E-04
39128.00 0.187928026622E-04
39130.00 0.188403289221E-04
39132.00 0.188567217920E-04
39134.00 0.188402661532E-04
39136.00 0.188093041054E-04
39138.00 0.187825221291E-04
39140.00 0.187710184500E-04
39142.00 0.187734969746E-04
39144.00 0.187862746933E-04
39146.00 0.187968521065E-04
39148.00 0.187957103905E-04
39150.00 0.187855520024E-04
39152.00 0.187688351091E-04
39154.00 0.187517365128E-04
39156.00 0.187373776956E-04
39158.00 0.187233988849E-04
39160.00 0.187091927489E-04
39162.00 0.186969833435E-04
39164.00 0.186958721637E-04
39166.00 0.187010412701E-04
39168.00 0.187105906300E-04
39170.00 0.187259164280E-04
39172.00 0.187556010433E-04
39174.00 0.187972507740E-04
39176.00 0.188428362865E-04
39178.00 0.188787536870E-04
39180.00 0.188878433069E-04
39182.00 0.188716183863E-04
39184.00 0.188469909112E-04
39186.00 0.188254000952E-04
39188.00 0.188151076869E-04
39190.00 0.188186855160E-04
39192.00 0.188255409012E-04
39194.00 0.188263636831E-04
39196.00 0.188079180995E-04
39198.00 0.187708929122E-04
39200.00 0.187277112802E-04
39202.00 0.186902517997E-04
39204.00 0.186796557254E-04
39206.00 0.186907234149E-04
39208.00 0.187106805422E-04
39210.00 0.187231664702E-04
39212.00 0.187084191642E-04
39214.00 0.186663181757E-04
39216.00 0.186120009959E-04
39218.00 0.185616060262E-04
39220.00 0.185268269487E-04
39222.00 0.185117488335E-04
39224.00 0.185060809686E-04
39226.00 0.185043030810E-04
39228.00 0.185061182907E-04
39230.00 0.185134944884E-04
39232.00 0.185188230617E-04
39234.00 0.185249303091E-04
39236.00 0.185345390450E-04
39238.00 0.185530032896E-04
39240.00 0.185763227960E-04
39242.00 0.185971196698E-04
39244.00 0.186081500372E-04
39246.00 0.186001597218E-04
39248.00 0.185838839075E-04
39250.00 0.185664154835E-04
39252.00 0.185552646676E-04
39254.00 0.185548168028E-04
39256.00 0.185626255972E-04
39258.00 0.185721885288E-04
39260.00 0.185777291593E-04
39262.00 0.185777885353E-04
39264.00 0.185717253958E-04
39266.00 0.185669888862E-04
39268.00 0.185689415089E-04
39270.00 0.185783958672E-04
39272.00 0.185965649282E-04
39274.00 0.186129696732E-04
39276.00 0.186207428420E-04
39278.00 0.186188750422E-04
39280.00 0.186077632448E-04
39282.00 0.185926732544E-04
39284.00 0.185751098288E-04
39286.00 0.185558753924E-04
39288.00 0.185358419245E-04
39290.00 0.185189910110E-04
39292.00 0.185036058370E-04
39294.00 0.184891825544E-04
39296.00 0.184748966848E-04
39298.00 0.184608398371E-04
39300.00 0.184544815139E-04
39302.00 0.184581933632E-04
39304.00 0.184697462395E-04
39306.00 0.184849481962E-04
39308.00 0.184980635099E-04
39310.00 0.185074211701E-04
39312.00 0.185122204487E-04
39314.00 0.185110787327E-04
39316.00 0.184823560089E-04
39318.00 0.184381632882E-04
39320.00 0.183851014871E-04
39322.00 0.183315222664E-04
39324.00 0.183100468095E-04
39326.00 0.183003973586E-04
39328.00 0.183001717297E-04
39330.00 0.183032524968E-04
39332.00 0.183155857436E-04
39334.00 0.183373648664E-04
39336.00 0.183661232158E-04
39338.00 0.183963031967E-04
39340.00 0.184206456669E-04
39342.00 0.184343309905E-04
39344.00 0.184425333630E-04
39346.00 0.184468661157E-04
39348.00 0.184488085597E-04
39350.00 0.184463453032E-04
39352.00 0.184435834703E-04
39354.00 0.184400938570E-04
39356.00 0.184339357158E-04
39358.00 0.184190832295E-04
39360.00 0.183992092286E-04
39362.00 0.183788788806E-04
39364.00 0.183684999529E-04
39366.00 0.183783088708E-04
39368.00 0.184015147144E-04
39370.00 0.184275112309E-04
39372.00 0.184454343055E-04
39374.00 0.184468033468E-04
39376.00 0.184378460506E-04
39378.00 0.184287292874E-04
39380.00 0.184303986017E-04
39382.00 0.184526883582E-04
39384.00 0.184863240233E-04
39386.00 0.185175608973E-04
39388.00 0.185305116547E-04
39390.00 0.184992612090E-04
39392.00 0.184472461222E-04
39394.00 0.183923555398E-04
39396.00 0.183524735179E-04
39398.00 0.183617718020E-04
39400.00 0.183894936158E-04
39402.00 0.184214667524E-04
39404.00 0.184367365673E-04
39406.00 0.184084091182E-04
39408.00 0.183614749219E-04
39410.00 0.183112987952E-04
39412.00 0.182735746673E-04
39414.00 0.182593396915E-04
39416.00 0.182616451774E-04
39418.00 0.182659423045E-04
39420.00 0.182638726263E-04
39422.00 0.182532816414E-04
39424.00 0.182303285699E-04
39426.00 0.182074976434E-04
39428.00 0.181911912929E-04
39430.00 0.181834198206E-04
39432.00 0.181895372467E-04
39434.00 0.181963858461E-04
39436.00 0.182019790668E-04
39438.00 0.182040351734E-04
39440.00 0.182006727944E-04
39442.00 0.181973256836E-04
39444.00 0.182019570129E-04
39446.00 0.182209234089E-04
39448.00 0.182546964870E-04
39450.00 0.182926106182E-04
39452.00 0.183203578788E-04
39454.00 0.183287926661E-04
39456.00 0.183202476091E-04
39458.00 0.183041499228E-04
39460.00 0.182942086812E-04
39462.00 0.182949432474E-04
39464.00 0.183065826430E-04
39466.00 0.183215725425E-04
39468.00 0.183266975409E-04
39470.00 0.183167647816E-04
39472.00 0.182892414534E-04
39474.00 0.182555515017E-04
39476.00 0.182121323656E-04
39478.00 0.181625381238E-04
39480.00 0.181077696864E-04
39482.00 0.180519901601E-04
39484.00 0.180065013458E-04
39486.00 0.179686431978E-04
39488.00 0.179369872988E-04
39490.00 0.179067157092E-04
39492.00 0.178843021112E-04
39494.00 0.178767630536E-04
39496.00 0.178826480650E-04
39498.00 0.178991104897E-04
39500.00 0.179106888129E-04
39502.00 0.179095742402E-04
39504.00 0.178987508407E-04
39506.00 0.178846566709E-04
39508.00 0.178840391603E-04
39510.00 0.179144159302E-04
39512.00 0.179655776989E-04
39514.00 0.180260648949E-04
39516.00 0.180780630171E-04
39518.00 0.181096171287E-04
39520.00 0.181271500181E-04
39522.00 0.181388114677E-04
39524.00 0.181503049680E-04
39526.00 0.181640649357E-04
39528.00 0.181801066388E-04
39530.00 0.181965979033E-04
39532.00 0.182050021543E-04
39534.00 0.181957106559E-04
39536.00 0.181701433433E-04
39538.00 0.181369623289E-04
39540.00 0.181077086139E-04
39542.00 0.181005733132E-04
39544.00 0.181105043760E-04
39546.00 0.181302664107E-04
39548.00 0.181510666775E-04
39550.00 0.181556657741E-04
39552.00 0.181497705839E-04
39554.00 0.181348892577E-04
39556.00 0.181180230761E-04
39558.00 0.181106061635E-04
39560.00 0.181102991046E-04
39562.00 0.181157311619E-04
39564.00 0.181193344379E-04
39566.00 0.181046159717E-04
39568.00 0.180764785257E-04
39570.00 0.180426477681E-04
39572.00 0.180101266757E-04
39574.00 0.179853397336E-04
39576.00 0.179688009683E-04
39578.00 0.179560334283E-04
39580.00 0.179482500808E-04
39582.00 0.179517447835E-04
39584.00 0.179669908480E-04
39586.00 0.179859487618E-04
39588.00 0.180052968609E-04
39590.00 0.180266586551E-04
39592.00 0.180494420808E-04
39594.00 0.180717708559E-04
39596.00 0.180916872682E-04
39598.00 0.180975417434E-04
39600.00 0.180930936316E-04
39602.00 0.180825433617E-04
39604.00 0.180719930918E-04
39606.00 0.180646508233E-04
39608.00 0.180611544241E-04
39610.00 0.180585622369E-04
39612.00 0.180522446288E-04
39614.00 0.180373836601E-04
39616.00 0.180065301856E-04
39618.00 0.179722804029E-04
39620.00 0.179434643739E-04
39622.00 0.179236684101E-04
39624.00 0.179308664797E-04
39626.00 0.179432692813E-04
39628.00 0.179574720244E-04
39630.00 0.179717256612E-04
39632.00 0.179852973221E-04
39634.00 0.179962598312E-04
39636.00 0.180003024897E-04
39638.00 0.179871668184E-04
39640.00 0.179546101004E-04
39642.00 0.179174831256E-04
39644.00 0.178867840287E-04
39646.00 0.178742387247E-04
39648.00 0.178784018316E-04
39650.00 0.178885788808E-04
39652.00 0.178938260242E-04
39654.00 0.178842088060E-04
39656.00 0.178582648798E-04
39658.00 0.178216926467E-04
39660.00 0.177796764810E-04
39662.00 0.177332257752E-04
39664.00 0.176798789692E-04
39666.00 0.176243318577E-04
39668.00 0.175713107715E-04
39670.00 0.175233247716E-04
39672.00 0.174890834712E-04
39674.00 0.174592953720E-04
39676.00 0.174367392716E-04
39678.00 0.174226247443E-04
39680.00 0.174188687872E-04
39682.00 0.174192267397E-04
39684.00 0.174236833339E-04
39686.00 0.174357960412E-04
39688.00 0.174584742865E-04
39690.00 0.174953349175E-04
39692.00 0.175400467542E-04
39694.00 0.175939516948E-04
39696.00 0.176550784554E-04
39698.00 0.177188703509E-04
39700.00 0.177713282131E-04
39702.00 0.177975622336E-04
39704.00 0.177841992370E-04
39706.00 0.177489027400E-04
39708.00 0.177122168442E-04
39710.00 0.176854586183E-04
39712.00 0.176836926059E-04
39714.00 0.176902918260E-04
39716.00 0.176941716246E-04
39718.00 0.176829427716E-04
39720.00 0.176354148152E-04
39722.00 0.175734822373E-04
39724.00 0.175054084828E-04
39726.00 0.174395723558E-04
39728.00 0.173802031253E-04
39730.00 0.173256484415E-04
39732.00 0.172787566567E-04
39734.00 0.172602771439E-04
39736.00 0.172779253925E-04
39738.00 0.173333622342E-04
39740.00 0.173936441590E-04
39742.00 0.174580145465E-04
39744.00 0.175236640631E-04
39746.00 0.175848688608E-04
39748.00 0.176415712599E-04
39750.00 0.176801130804E-04
39752.00 0.176858691610E-04
39754.00 0.176829614327E-04
39756.00 0.176777024141E-04
39758.00 0.176676831354E-04
39760.00 0.176457445456E-04
39762.00 0.176130962189E-04
39764.00 0.175728240117E-04
39766.00 0.175278712780E-04
39768.00 0.174784551643E-04
39770.00 0.174299398695E-04
39772.00 0.173827206684E-04
39774.00 0.173223064200E-04
39776.00 0.172422404066E-04
39778.00 0.171373026283E-04
39780.00 0.170295894452E-04
39782.00 0.169424882221E-04
39784.00 0.168844235675E-04
39786.00 0.168708162810E-04
39788.00 0.168652705611E-04
39790.00 0.168735221309E-04
39792.00 0.168982378218E-04
39794.00 0.169362893660E-04
39796.00 0.169746411832E-04
39798.00 0.170099410732E-04
39800.00 0.170412424125E-04
39802.00 0.170700109407E-04
39804.00 0.170974816788E-04
39806.00 0.171169010290E-04
39808.00 0.171197782211E-04
39810.00 0.171063371875E-04
39812.00 0.170890689455E-04
39814.00 0.170790072554E-04
39816.00 0.170815485489E-04
39818.00 0.171024879252E-04
39820.00 0.171249083090E-04
39822.00 0.171379082636E-04
39824.00 0.171372907530E-04
39826.00 0.171098301937E-04
39828.00 0.170747830759E-04
39830.00 0.170207475082E-04
39832.00 0.169425323300E-04
39834.00 0.168330310807E-04
39836.00 0.167217807835E-04
39838.00 0.166273813998E-04
39840.00 0.165603865924E-04
39842.00 0.165193662473E-04
39844.00 0.164870046220E-04
39846.00 0.164634340399E-04
39848.00 0.164572233086E-04
39850.00 0.164691799419E-04
39852.00 0.164978466826E-04
39854.00 0.165337895299E-04
39856.00 0.165764418672E-04
39858.00 0.166233183839E-04
39860.00 0.166680624533E-04
39862.00 0.167094984304E-04
39864.00 0.167485949925E-04
39866.00 0.167858746485E-04
39868.00 0.168227827803E-04
39870.00 0.168439342137E-04
39872.00 0.168452964692E-04
39874.00 0.168198088901E-04
39876.00 0.167878561110E-04
39878.00 0.167678650545E-04
39880.00 0.167673170987E-04
39882.00 0.167858305406E-04
39884.00 0.168144192442E-04
39886.00 0.168384292088E-04
39888.00 0.168528558843E-04
39890.00 0.168594177824E-04
39892.00 0.168618657707E-04
39894.00 0.168757444904E-04
39896.00 0.169078584330E-04
39898.00 0.169580260774E-04
39900.00 0.170150033027E-04
39902.00 0.170664263258E-04
39904.00 0.171104002035E-04
39906.00 0.171464126056E-04
39908.00 0.171823605424E-04
39910.00 0.172165238057E-04
39912.00 0.172468157528E-04
39914.00 0.172692649764E-04
39916.00 0.172873237676E-04
39918.00 0.172985288701E-04
39920.00 0.173011566830E-04
39922.00 0.172931697605E-04
39924.00 0.172770262699E-04
39926.00 0.172541461461E-04
39928.00 0.172227073937E-04
39930.00 0.171842520926E-04
39932.00 0.171487672888E-04
39934.00 0.171126514027E-04
39936.00 0.170723656239E-04
39938.00 0.170247562375E-04
39940.00 0.169700929804E-04
39942.00 0.169201594471E-04
39944.00 0.168847034830E-04
39946.00 0.168748996545E-04
39948.00 0.168722837169E-04
39950.00 0.168751778736E-04
39952.00 0.168840740973E-04
39954.00 0.169026180754E-04
39956.00 0.169229111013E-04
39958.00 0.169373666166E-04
39960.00 0.169335784268E-04
39962.00 0.169021498531E-04
39964.00 0.168633959755E-04
39966.00 0.168209319450E-04
39968.00 0.167691357013E-04
39970.00 0.167064312351E-04
39972.00 0.166388172206E-04
39974.00 0.165771051821E-04
39976.00 0.165395303425E-04
39978.00 0.165354673265E-04
39980.00 0.165424261956E-04
39982.00 0.165506421398E-04
39984.00 0.165580013730E-04
39986.00 0.165641306743E-04
39988.00 0.165716425886E-04
39990.00 0.165856485426E-04
39992.00 0.166145341263E-04
39994.00 0.166710278612E-04
39996.00 0.167361175468E-04
39998.00 0.168012971446E-04
40000.00 0.168583795503E-04
40002.00 0.169020311011E-04
40004.00 0.169390681636E-04
40006.00 0.169714467535E-04
40008.00 0.169947238484E-04
40010.00 0.170079833611E-04
40012.00 0.170118071765E-04
40014.00 0.170127419247E-04
40016.00 0.170064548528E-04
40018.00 0.169906116352E-04
40020.00 0.169669918559E-04
40022.00 0.169429140330E-04
40024.00 0.169219746567E-04
40026.00 0.169083996029E-04
40028.00 0.168996119525E-04
40030.00 0.168973641462E-04
40032.00 0.169025620923E-04
40034.00 0.169202086444E-04
40036.00 0.169436774389E-04
40038.00 0.169649578032E-04
40040.00 0.169773962304E-04
40042.00 0.169754453041E-04
40044.00 0.169607607671E-04
40046.00 0.169435892231E-04
40048.00 0.169298343448E-04
40050.00 0.169214436655E-04
40052.00 0.169210958917E-04
40054.00 0.169236982577E-04
40056.00 0.169316665191E-04
40058.00 0.169462475722E-04
40060.00 0.169670648035E-04
40062.00 0.169874155090E-04
40064.00 0.170041748138E-04
40066.00 0.170136647976E-04
40068.00 0.170210494776E-04
40070.00 0.170301136506E-04
40072.00 0.170422874304E-04
40074.00 0.170590348600E-04
40076.00 0.170763047984E-04
40078.00 0.170913642526E-04
40080.00 0.171021672947E-04
40082.00 0.171070191635E-04
40084.00 0.171071175580E-04
40086.00 0.171062964725E-04
40088.00 0.171070904147E-04
40090.00 0.171106495827E-04
40092.00 0.171186432910E-04
40094.00 0.171264011916E-04
40096.00 0.171301062551E-04
40098.00 0.171256751078E-04
40100.00 0.171137405285E-04
40102.00 0.170988320590E-04
40104.00 0.170831584872E-04
40106.00 0.170689370830E-04
40108.00 0.170579101086E-04
40110.00 0.170510716879E-04
40112.00 0.170494481780E-04
40114.00 0.170599797868E-04
40116.00 0.170721993710E-04
40118.00 0.170820456110E-04
40120.00 0.170809038950E-04
40122.00 0.170594403133E-04
40124.00 0.170226577194E-04
40126.00 0.169795693926E-04
40128.00 0.169264227686E-04
40130.00 0.168589342919E-04
40132.00 0.167814740375E-04
40134.00 0.167051300521E-04
40136.00 0.166453078674E-04
40138.00 0.166261209318E-04
40140.00 0.166325131841E-04
40142.00 0.166483207761E-04
40144.00 0.166642522095E-04
40146.00 0.166682185274E-04
40148.00 0.166668918976E-04
40150.00 0.166618805618E-04
40152.00 0.166553780398E-04
40154.00 0.166463511888E-04
40156.00 0.166368018289E-04
40158.00 0.166271523781E-04
40160.00 0.166176997162E-04
40162.00 0.166084489329E-04
40164.00 0.165978986630E-04
40166.00 0.165868292771E-04
40168.00 0.165770305380E-04
40170.00 0.165709758808E-04
40172.00 0.165693303169E-04
40174.00 0.165685075349E-04
40176.00 0.165644869304E-04
40178.00 0.165484638883E-04
40180.00 0.165228999685E-04
40182.00 0.164929744563E-04
40184.00 0.164633186808E-04
40186.00 0.164493212091E-04
40188.00 0.164424471628E-04
40190.00 0.164414818785E-04
40192.00 0.164420400130E-04
40194.00 0.164415124147E-04
40196.00 0.164389490673E-04
40198.00 0.164358140136E-04
40200.00 0.164362533961E-04
40202.00 0.164455686448E-04
40204.00 0.164670916025E-04
40206.00 0.164952612812E-04
40208.00 0.165274261174E-04
40210.00 0.165612212495E-04
40212.00 0.165948484322E-04
40214.00 0.166267740680E-04
40216.00 0.166558462621E-04
40218.00 0.166802379296E-04
40220.00 0.167017218688E-04
40222.00 0.167188934127E-04
40224.00 0.167317389897E-04
40226.00 0.167230497338E-04
40228.00 0.167046431688E-04
40230.00 0.166791759471E-04
40232.00 0.166540785532E-04
40234.00 0.166295545620E-04
40236.00 0.166039702848E-04
40238.00 0.165790204827E-04
40240.00 0.165630534237E-04
40242.00 0.165623918052E-04
40244.00 0.165788610157E-04
40246.00 0.166057736193E-04
40248.00 0.166383795345E-04
40250.00 0.166802107863E-04
40252.00 0.167312351418E-04
40254.00 0.167852079407E-04
40256.00 0.168329547401E-04
40258.00 0.168510423711E-04
40260.00 0.168526268625E-04
40262.00 0.168417797126E-04
40264.00 0.168309546166E-04
40266.00 0.168244622733E-04
40268.00 0.168212390038E-04
40270.00 0.168218700861E-04
40272.00 0.168292819094E-04
40274.00 0.168471523938E-04
40276.00 0.168710639638E-04
40278.00 0.168953572368E-04
40280.00 0.169088338961E-04
40282.00 0.169118179650E-04
40284.00 0.169079161125E-04
40286.00 0.169038751505E-04
40288.00 0.169022244972E-04
40290.00 0.168963768078E-04
40292.00 0.168842505289E-04
40294.00 0.168639982179E-04
40296.00 0.168417797126E-04
40298.00 0.168231644832E-04
40300.00 0.168095690719E-04
40302.00 0.168023845740E-04
40304.00 0.167957514247E-04
40306.00 0.167835250547E-04
40308.00 0.167646349992E-04
40310.00 0.167403502085E-04
40312.00 0.167185914432E-04
40314.00 0.167096460223E-04
40316.00 0.167159212190E-04
40318.00 0.167301205692E-04
40320.00 0.167437549990E-04
40322.00 0.167457822658E-04
40324.00 0.167352421747E-04
40326.00 0.167168932892E-04
40328.00 0.167021544654E-04
40330.00 0.167173920477E-04
40332.00 0.167590417785E-04
40334.00 0.168178969824E-04
40336.00 0.168735407920E-04
40338.00 0.168991030152E-04
40340.00 0.168924715624E-04
40342.00 0.168775749682E-04
40344.00 0.168606069991E-04
40346.00 0.168366699823E-04
40348.00 0.168022488574E-04
40350.00 0.167615508393E-04
40352.00 0.167224084729E-04
40354.00 0.167008244427E-04
40356.00 0.167059290836E-04
40358.00 0.167167015895E-04
40360.00 0.167245765457E-04
40362.00 0.167156243389E-04
40364.00 0.166869677769E-04
40366.00 0.166490960572E-04
40368.00 0.166130921374E-04
40370.00 0.165894078927E-04
40372.00 0.165824354519E-04
40374.00 0.165843032517E-04
40376.00 0.165902679967E-04
40378.00 0.166022466839E-04
40380.00 0.166249843052E-04
40382.00 0.166541260541E-04
40384.00 0.166849914038E-04
40386.00 0.167156124637E-04
40388.00 0.167455702086E-04
40390.00 0.167730630006E-04
40392.00 0.167949354286E-04
40394.00 0.168048783667E-04
40396.00 0.167952628449E-04
40398.00 0.167711103779E-04
40400.00 0.167400024347E-04
40402.00 0.167004902405E-04
40404.00 0.166517238701E-04
40406.00 0.165967840904E-04
40408.00 0.165449607033E-04
40410.00 0.165033856167E-04
40412.00 0.164803036144E-04
40414.00 0.164699162045E-04
40416.00 0.164524596557E-04
40418.00 0.164168866360E-04
40420.00 0.163150058743E-04
40422.00 0.161920669842E-04
40424.00 0.160748638173E-04
40426.00 0.159981686652E-04
40428.00 0.160019127471E-04
40430.00 0.160502075024E-04
40432.00 0.161236318842E-04
40434.00 0.162184723469E-04
40436.00 0.163382235931E-04
40438.00 0.164799490548E-04
40440.00 0.166218034472E-04
40442.00 0.167370997958E-04
40444.00 0.168158222147E-04
40446.00 0.168652383284E-04
40448.00 0.168950637497E-04
40450.00 0.169097092682E-04
40452.00 0.168919745003E-04
40454.00 0.168609412013E-04
40456.00 0.168254224683E-04
40458.00 0.167977396730E-04
40460.00 0.167917426954E-04
40462.00 0.167959278563E-04
40464.00 0.168047935438E-04
40466.00 0.168050564947E-04
40468.00 0.167932050418E-04
40470.00 0.167713902934E-04
40472.00 0.167448186779E-04
40474.00 0.167164827464E-04
40476.00 0.166860991906E-04
40478.00 0.166528520144E-04
40480.00 0.166170347049E-04
40482.00 0.165809680161E-04
40484.00 0.165425602158E-04
40486.00 0.165013447782E-04
40488.00 0.164539321809E-04
40490.00 0.163974774645E-04
40492.00 0.163249691698E-04
40494.00 0.162437767086E-04
40496.00 0.161608521642E-04
40498.00 0.160887679839E-04
40500.00 0.160355178759E-04
40502.00 0.159964467607E-04
40504.00 0.159630384210E-04
40506.00 0.159494073841E-04
40508.00 0.159550090871E-04
40510.00 0.159817622236E-04
40512.00 0.160170349703E-04
40514.00 0.160506587601E-04
40516.00 0.160844657674E-04
40518.00 0.161212653258E-04
40520.00 0.161717943157E-04
40522.00 0.162298691491E-04
40524.00 0.162990048861E-04
40526.00 0.163752097619E-04
40528.00 0.164463099968E-04
40530.00 0.165065037057E-04
40532.00 0.165483943335E-04
40534.00 0.165683565502E-04
40536.00 0.165832022507E-04
40538.00 0.165888260077E-04
40540.00 0.165842336970E-04
40542.00 0.165662885684E-04
40544.00 0.165483756725E-04
40546.00 0.165361051946E-04
40548.00 0.165323780772E-04
40550.00 0.165382613922E-04
40552.00 0.165425466441E-04
40554.00 0.165427078076E-04
40556.00 0.165347853506E-04
40558.00 0.165177817559E-04
40560.00 0.164955632506E-04
40562.00 0.164641652132E-04
40564.00 0.164159009942E-04
40566.00 0.163413807007E-04
40568.00 0.162615335304E-04
40570.00 0.161881770069E-04
40572.00 0.161258304933E-04
40574.00 0.160942068269E-04
40576.00 0.160668514480E-04
40578.00 0.160469944117E-04
40580.00 0.160379573820E-04
40582.00 0.160430162186E-04
40584.00 0.160522788771E-04
40586.00 0.160630920979E-04
40588.00 0.160764398264E-04
40590.00 0.160929158227E-04
40592.00 0.161144777989E-04
40594.00 0.161388915204E-04
40596.00 0.161640126647E-04
40598.00 0.161877902145E-04
40600.00 0.162088619145E-04
40602.00 0.162273176769E-04
40604.00 0.162442686813E-04
40606.00 0.162589158963E-04
40608.00 0.162712627148E-04
40610.00 0.162776871998E-04
40612.00 0.162738396339E-04
40614.00 0.162576248921E-04
40616.00 0.162371537381E-04
40618.00 0.162154407771E-04
40620.00 0.161861802763E-04
40622.00 0.161510703896E-04
40624.00 0.161111374739E-04
40626.00 0.160691026472E-04
40628.00 0.160238615157E-04
40630.00 0.159731662729E-04
40632.00 0.159206252843E-04
40634.00 0.158776048158E-04
40636.00 0.158595053095E-04
40638.00 0.158738251082E-04
40640.00 0.159063699510E-04
40642.00 0.159470527009E-04
40644.00 0.159928451812E-04
40646.00 0.160469740542E-04
40648.00 0.161062923910E-04
40650.00 0.161640550761E-04
40652.00 0.161984185215E-04
40654.00 0.162158123013E-04
40656.00 0.162160430196E-04
40658.00 0.162103089929E-04
40660.00 0.161918142120E-04
40662.00 0.161651967921E-04
40664.00 0.161327215041E-04
40666.00 0.161008586372E-04
40668.00 0.160730112856E-04
40670.00 0.160494067744E-04
40672.00 0.160282197153E-04
40674.00 0.160081336572E-04
40676.00 0.159879916160E-04
40678.00 0.159669775956E-04
40680.00 0.159445860516E-04
40682.00 0.159256247449E-04
40684.00 0.159222844198E-04
40686.00 0.159335760417E-04
40688.00 0.159607906147E-04
40690.00 0.159865038227E-04
40692.00 0.160011476448E-04
40694.00 0.160008422824E-04
40696.00 0.159913438162E-04
40698.00 0.159822474105E-04
40700.00 0.159803592532E-04
40702.00 0.159897423602E-04
40704.00 0.160020145346E-04
40706.00 0.160139813466E-04
40708.00 0.160229386428E-04
40710.00 0.160270033552E-04
40712.00 0.160312699461E-04
40714.00 0.160337043627E-04
40716.00 0.160297465271E-04
40718.00 0.160170247915E-04
40720.00 0.159959412163E-04
40722.00 0.159771122333E-04
40724.00 0.159695901403E-04
40726.00 0.159844901275E-04
40728.00 0.160098844014E-04
40730.00 0.160359742230E-04
40732.00 0.160576447725E-04
40734.00 0.160576990592E-04
40736.00 0.160553800016E-04
40738.00 0.160484788121E-04
40740.00 0.160336195399E-04
40742.00 0.160003740601E-04
40744.00 0.159641512972E-04
40746.00 0.159323291453E-04
40748.00 0.159170016508E-04
40750.00 0.159250547351E-04
40752.00 0.159422059215E-04
40754.00 0.159587565620E-04
40756.00 0.159712899908E-04
40758.00 0.159772717003E-04
40760.00 0.159789885154E-04
40762.00 0.159753784537E-04
40764.00 0.159641462078E-04
40766.00 0.159273330777E-04
40768.00 0.158831522321E-04
40770.00 0.158408748120E-04
40772.00 0.158081755916E-04
40774.00 0.158047996410E-04
40776.00 0.158167410061E-04
40778.00 0.158326113670E-04
40780.00 0.158397398819E-04
40782.00 0.158309216952E-04
40784.00 0.158070779835E-04
40786.00 0.157795767092E-04
40788.00 0.157606035273E-04
40790.00 0.157573327570E-04
40792.00 0.157665122892E-04
40794.00 0.157787607131E-04
40796.00 0.157858264591E-04
40798.00 0.157840078565E-04
40800.00 0.157752880644E-04
40802.00 0.157650736931E-04
40804.00 0.157562707746E-04
40806.00 0.157495561954E-04
40808.00 0.157453472840E-04
40810.00 0.157421477650E-04
40812.00 0.157421358898E-04
40814.00 0.157446262895E-04
40816.00 0.157494815512E-04
40818.00 0.157544911905E-04
40820.00 0.157632364295E-04
40822.00 0.157769692539E-04
40824.00 0.157952316200E-04
40826.00 0.158130121923E-04
40828.00 0.158263039376E-04
40830.00 0.158330354814E-04
40832.00 0.158362112501E-04
40834.00 0.158393853223E-04
40836.00 0.158417332196E-04
40838.00 0.158422557285E-04
40840.00 0.158391919261E-04
40842.00 0.158363673242E-04
40844.00 0.158381994984E-04
40846.00 0.158470634894E-04
40848.00 0.158633240356E-04
40850.00 0.158770551635E-04
40852.00 0.158812997004E-04
40854.00 0.158604655045E-04
40856.00 0.158272098460E-04
40858.00 0.157849256401E-04
40860.00 0.157355858669E-04
40862.00 0.156635339193E-04
40864.00 0.155800054360E-04
40866.00 0.154940136962E-04
40868.00 0.154217734418E-04
40870.00 0.153786952937E-04
40872.00 0.153626060897E-04
40874.00 0.153636307501E-04
40876.00 0.153942501135E-04
40878.00 0.154751049797E-04
40880.00 0.155957468661E-04
40882.00 0.157263859773E-04
40884.00 0.158417043798E-04
40886.00 0.158795370810E-04
40888.00 0.158814930966E-04
40890.00 0.158593594142E-04
40892.00 0.158350288191E-04
40894.00 0.158129748702E-04
40896.00 0.157937709700E-04
40898.00 0.157774849770E-04
40900.00 0.157628174045E-04
40902.00 0.157510134524E-04
40904.00 0.157426380412E-04
40906.00 0.157370125878E-04
40908.00 0.157383612716E-04
40910.00 0.157511830982E-04
40912.00 0.157730724907E-04
40914.00 0.157942544605E-04
40916.00 0.158079550521E-04
40918.00 0.158005500147E-04
40920.00 0.157761651330E-04
40922.00 0.157465195362E-04
40924.00 0.157219327761E-04
40926.00 0.157096080116E-04
40928.00 0.157122663606E-04
40930.00 0.157162530360E-04
40932.00 0.157213712486E-04
40934.00 0.157270492922E-04
40936.00 0.157327035855E-04
40938.00 0.157366444565E-04
40940.00 0.157345459384E-04
40942.00 0.157239481677E-04
40944.00 0.157037196072E-04
40946.00 0.156878407640E-04
40948.00 0.156773006728E-04
40950.00 0.156752784954E-04
40952.00 0.156823934386E-04
40954.00 0.156882852359E-04
40956.00 0.156929012970E-04
40958.00 0.156973137833E-04
40960.00 0.157016753758E-04
40962.00 0.157057909819E-04
40964.00 0.157035686225E-04
40966.00 0.156903362531E-04
40968.00 0.156527580206E-04
40970.00 0.156117461579E-04
40972.00 0.155752621405E-04
40974.00 0.155589201643E-04
40976.00 0.155618431608E-04
40978.00 0.155743918577E-04
40980.00 0.155860176817E-04
40982.00 0.155813710844E-04
40984.00 0.155627236223E-04
40986.00 0.155358076259E-04
40988.00 0.155106237126E-04
40990.00 0.154941307518E-04
40992.00 0.154891770955E-04
40994.00 0.154895825489E-04
40996.00 0.154886613724E-04
40998.00 0.154832971735E-04
41000.00 0.154734220937E-04
41002.00 0.154616300169E-04
41004.00 0.154518194025E-04
41006.00 0.154535718432E-04
41008.00 0.154631110244E-04
41010.00 0.154794190714E-04
41012.00 0.154953997021E-04
41014.00 0.155111648826E-04
41016.00 0.155286400925E-04
41018.00 0.155494233946E-04
41020.00 0.155758813475E-04
41022.00 0.156061393655E-04
41024.00 0.156391117156E-04
41026.00 0.156715666461E-04
41028.00 0.156966436825E-04
41030.00 0.157111416092E-04
41032.00 0.157142749664E-04
41034.00 0.157072092205E-04
41036.00 0.156987998801E-04
41038.00 0.156902514302E-04
41040.00 0.156825189764E-04
41042.00 0.156778655932E-04
41044.00 0.156721621027E-04
41046.00 0.156628112284E-04
41048.00 0.156442485892E-04
41050.00 0.156203709484E-04
41052.00 0.156000813153E-04
41054.00 0.155887591572E-04
41056.00 0.155971226933E-04
41058.00 0.156128878738E-04
41060.00 0.156229851895E-04
41062.00 0.156116579421E-04
41064.00 0.155756150037E-04
41066.00 0.155223360560E-04
41068.00 0.154712455386E-04
41070.00 0.154457460843E-04
41072.00 0.154523537867E-04
41074.00 0.154813309791E-04
41076.00 0.155102267416E-04
41078.00 0.155176843692E-04
41080.00 0.154762059807E-04
41082.00 0.154152946702E-04
41084.00 0.153425336033E-04
41086.00 0.152709736284E-04
41088.00 0.152002381319E-04
41090.00 0.151294890637E-04
41092.00 0.150588299078E-04
41094.00 0.150108489972E-04
41096.00 0.149785043364E-04
41098.00 0.149613989543E-04
41100.00 0.149542144563E-04
41102.00 0.150054915841E-04
41104.00 0.151109349068E-04
41106.00 0.152543059323E-04
41108.00 0.154037638478E-04
41110.00 0.154999462084E-04
41112.00 0.155350747562E-04
41114.00 0.155275831994E-04
41116.00 0.155115533714E-04
41118.00 0.154923036669E-04
41120.00 0.154690893410E-04
41122.00 0.154369974524E-04
41124.00 0.154023099836E-04
41126.00 0.153846244130E-04
41128.00 0.153895237826E-04
41130.00 0.154105903932E-04
41132.00 0.154336062336E-04
41134.00 0.154522503027E-04
41136.00 0.154635232636E-04
41138.00 0.154744722010E-04
41140.00 0.154862574920E-04
41142.00 0.154945972776E-04
41144.00 0.154924597410E-04
41146.00 0.154820909921E-04
41148.00 0.154698697115E-04
41150.00 0.154617776087E-04
41152.00 0.154620710958E-04
41154.00 0.154684870985E-04
41156.00 0.154730047651E-04
41158.00 0.154674760098E-04
41160.00 0.154367548589E-04
41162.00 0.153931134869E-04
41164.00 0.153470003762E-04
41166.00 0.153056169892E-04
41168.00 0.152992026830E-04
41170.00 0.153037644575E-04
41172.00 0.153163453871E-04
41174.00 0.153300001744E-04
41176.00 0.153439230021E-04
41178.00 0.153596016633E-04
41180.00 0.153772533047E-04
41182.00 0.153970984658E-04
41184.00 0.154165754957E-04
41186.00 0.154338556129E-04
41188.00 0.154450250898E-04
41190.00 0.154470235168E-04
41192.00 0.154339557039E-04
41194.00 0.154117813065E-04
41196.00 0.153897070000E-04
41198.00 0.153731597525E-04
41200.00 0.153645807664E-04
41202.00 0.153629063627E-04
41204.00 0.153607281111E-04
41206.00 0.153538099570E-04
41208.00 0.153405996416E-04
41210.00 0.153172869211E-04
41212.00 0.152911733491E-04
41214.00 0.152604369301E-04
41216.00 0.152264484019E-04
41218.00 0.151917083430E-04
41220.00 0.151616895256E-04
41222.00 0.151436188591E-04
41224.00 0.151462924763E-04
41226.00 0.151656829868E-04
41228.00 0.151907549338E-04
41230.00 0.152133738031E-04
41232.00 0.152305487400E-04
41234.00 0.152407444502E-04
41236.00 0.152490859323E-04
41238.00 0.152543093253E-04
41240.00 0.152546146876E-04
41242.00 0.152470433973E-04
41244.00 0.152370784053E-04
41246.00 0.152276834231E-04
41248.00 0.152279378917E-04
41250.00 0.152374618047E-04
41252.00 0.152548420129E-04
41254.00 0.152748839632E-04
41256.00 0.152960930762E-04
41258.00 0.153112000312E-04
41260.00 0.153200623258E-04
41262.00 0.153207527840E-04
41264.00 0.153113323549E-04
41266.00 0.152966512107E-04
41268.00 0.152832186594E-04
41270.00 0.152755523675E-04
41272.00 0.152810132645E-04
41274.00 0.152924321207E-04
41276.00 0.153026295274E-04
41278.00 0.153119362938E-04
41280.00 0.153204134925E-04
41282.00 0.153294623974E-04
41284.00 0.153408676819E-04
41286.00 0.153391593491E-04
41288.00 0.153140483835E-04
41290.00 0.152582230530E-04
41292.00 0.151925413037E-04
41294.00 0.151432846570E-04
41296.00 0.151236634283E-04
41298.00 0.151454204971E-04
41300.00 0.151806406535E-04
41302.00 0.152022026298E-04
41304.00 0.151930807772E-04
41306.00 0.151510272895E-04
41308.00 0.150985575521E-04
41310.00 0.150562003985E-04
41312.00 0.150346163683E-04
41314.00 0.150438298296E-04
41316.00 0.150575762256E-04
41318.00 0.150688678475E-04
41320.00 0.150748733074E-04
41322.00 0.150693224981E-04
41324.00 0.150600649289E-04
41326.00 0.150504443178E-04
41328.00 0.150497742170E-04
41330.00 0.150606671714E-04
41332.00 0.150822698626E-04
41334.00 0.151104802562E-04
41336.00 0.151480296489E-04
41338.00 0.151870244235E-04
41340.00 0.152238850545E-04
41342.00 0.152479679667E-04
41344.00 0.152487127116E-04
41346.00 0.152272745768E-04
41348.00 0.151937831106E-04
41350.00 0.151592585018E-04
41352.00 0.151167995608E-04
41354.00 0.150666607561E-04
41356.00 0.150100805019E-04
41358.00 0.149565827112E-04
41360.00 0.149256223598E-04
41362.00 0.149161289830E-04
41364.00 0.149231947289E-04
41366.00 0.149343455448E-04
41368.00 0.149512761918E-04
41370.00 0.149753862473E-04
41372.00 0.150023717985E-04
41374.00 0.150212516753E-04
41376.00 0.150225800016E-04
41378.00 0.149936570958E-04
41380.00 0.149522329938E-04
41382.00 0.149144800262E-04
41384.00 0.148908738185E-04
41386.00 0.148850380044E-04
41388.00 0.148882273447E-04
41390.00 0.148906414039E-04
41392.00 0.148889924471E-04
41394.00 0.148853959569E-04
41396.00 0.148848361259E-04
41398.00 0.148974611634E-04
41400.00 0.149291102766E-04
41402.00 0.150054339045E-04
41404.00 0.150913425179E-04
41406.00 0.151715408549E-04
41408.00 0.152028659447E-04
41410.00 0.151825372932E-04
41412.00 0.151257415888E-04
41414.00 0.150588587476E-04
41416.00 0.149947241676E-04
41418.00 0.149319331821E-04
41420.00 0.148703636460E-04
41422.00 0.148142414354E-04
41424.00 0.147761033719E-04
41426.00 0.147697501381E-04
41428.00 0.147910305024E-04
41430.00 0.148228170286E-04
41432.00 0.148564934086E-04
41434.00 0.148895234383E-04
41436.00 0.149188976018E-04
41438.00 0.149454149307E-04
41440.00 0.149598416062E-04
41442.00 0.149586744434E-04
41444.00 0.149371396105E-04
41446.00 0.149141186807E-04
41448.00 0.148973407150E-04
41450.00 0.148929112641E-04
41452.00 0.148951319272E-04
41454.00 0.148967673123E-04
41456.00 0.148920341956E-04
41458.00 0.148753359633E-04
41460.00 0.148534923751E-04
41462.00 0.148349772368E-04
41464.00 0.148290192776E-04
41466.00 0.148419853031E-04
41468.00 0.148702822161E-04
41470.00 0.148985485928E-04
41472.00 0.149156149563E-04
41474.00 0.149032359052E-04
41476.00 0.148777737729E-04
41478.00 0.148464300221E-04
41480.00 0.148184045424E-04
41482.00 0.148022932844E-04
41484.00 0.147923622216E-04
41486.00 0.147872575806E-04
41488.00 0.147915394397E-04
41490.00 0.148074047112E-04
41492.00 0.148347193752E-04
41494.00 0.148666280464E-04
41496.00 0.148840778094E-04
41498.00 0.148835468181E-04
41500.00 0.148677629765E-04
41502.00 0.148460551050E-04
41504.00 0.148295757157E-04
41506.00 0.148169320172E-04
41508.00 0.148040949224E-04
41510.00 0.147859580941E-04
41512.00 0.147757674733E-04
41514.00 0.147766309702E-04
41516.00 0.147990513539E-04
41518.00 0.148274127323E-04
41520.00 0.148700922128E-04
41522.00 0.149310306666E-04
41524.00 0.150030537745E-04
41526.00 0.150732548868E-04
41528.00 0.151199770259E-04
41530.00 0.150937955956E-04
41532.00 0.150378735669E-04
41534.00 0.149701475862E-04
41536.00 0.149120863245E-04
41538.00 0.148800063111E-04
41540.00 0.148657441920E-04
41542.00 0.148579540586E-04
41544.00 0.148541251538E-04
41546.00 0.148580779000E-04
41548.00 0.148670487679E-04
41550.00 0.148790936169E-04
41552.00 0.148939002989E-04
41554.00 0.149278396299E-04
41556.00 0.149698082947E-04
41558.00 0.150122451818E-04
41560.00 0.150407660271E-04
41562.00 0.150222729427E-04
41564.00 0.149711417104E-04
41566.00 0.149103338838E-04
41568.00 0.148680513743E-04
41570.00 0.148539317576E-04
41572.00 0.148750611372E-04
41574.00 0.149042368151E-04
41576.00 0.149225076636E-04
41578.00 0.149193726099E-04
41580.00 0.148935966330E-04
41582.00 0.148561286702E-04
41584.00 0.148225930962E-04
41586.00 0.147977332064E-04
41588.00 0.147847281623E-04
41590.00 0.147763408759E-04
41592.00 0.147704897936E-04
41594.00 0.147657515875E-04
41596.00 0.147610523999E-04
41598.00 0.147567196472E-04
41600.00 0.147565805377E-04
41602.00 0.147719894622E-04
41604.00 0.148054571779E-04
41606.00 0.148470848547E-04
41608.00 0.148864528500E-04
41610.00 0.149055770167E-04
41612.00 0.149073345467E-04
41614.00 0.148958223854E-04
41616.00 0.148731017286E-04
41618.00 0.148326870190E-04
41620.00 0.147718639243E-04
41622.00 0.147007823504E-04
41624.00 0.146434777088E-04
41626.00 0.146254138282E-04
41628.00 0.146419339324E-04
41630.00 0.146881691881E-04
41632.00 0.147233757729E-04
41634.00 0.147272012848E-04
41636.00 0.147010130687E-04
41638.00 0.146545793274E-04
41640.00 0.146236223690E-04
41642.00 0.146125835193E-04
41644.00 0.146256123137E-04
41646.00 0.146438237862E-04
41648.00 0.146561180145E-04
41650.00 0.146615212320E-04
41652.00 0.146630938482E-04
41654.00 0.146666801596E-04
41656.00 0.146524519696E-04
41658.00 0.145999143739E-04
41660.00 0.145087280809E-04
41662.00 0.143961935653E-04
41664.00 0.143202787837E-04
41666.00 0.143240347409E-04
41668.00 0.143643052516E-04
41670.00 0.143991233476E-04
41672.00 0.144234743001E-04
41674.00 0.144531979339E-04
41676.00 0.144838427442E-04
41678.00 0.145117291144E-04
41680.00 0.145355049678E-04
41682.00 0.145324021468E-04
41684.00 0.145259844477E-04
41686.00 0.145191426341E-04
41688.00 0.145137631670E-04
41690.00 0.145087145092E-04
41692.00 0.144987715711E-04
41694.00 0.144823312004E-04
41696.00 0.144652054609E-04
41698.00 0.144591762505E-04
41700.00 0.144688019510E-04
41702.00 0.144943709601E-04
41704.00 0.145071843044E-04
41706.00 0.144972651168E-04
41708.00 0.144689122208E-04
41710.00 0.144447461821E-04
41712.00 0.144222545471E-04
41714.00 0.143977271630E-04
41716.00 0.143630006757E-04
41718.00 0.143283505290E-04
41720.00 0.143067614095E-04
41722.00 0.143131587511E-04
41724.00 0.144007146248E-04
41726.00 0.145145096084E-04
41728.00 0.146239955896E-04
41730.00 0.146721274849E-04
41732.00 0.146260652679E-04
41734.00 0.145247579088E-04
41736.00 0.144164594479E-04
41738.00 0.143422275523E-04
41740.00 0.143535412281E-04
41742.00 0.144061721290E-04
41744.00 0.144703219770E-04
41746.00 0.145332554650E-04
41748.00 0.145930759532E-04
41750.00 0.146490098571E-04
41752.00 0.147008417264E-04
41754.00 0.147267262767E-04
41756.00 0.147324433388E-04
41758.00 0.147181099685E-04
41760.00 0.147088184701E-04
41762.00 0.146951670757E-04
41764.00 0.146735592952E-04
41766.00 0.146447263016E-04
41768.00 0.146184023689E-04
41770.00 0.145975919234E-04
41772.00 0.145868109353E-04
41774.00 0.145863936067E-04
41776.00 0.145877338082E-04
41778.00 0.145806290437E-04
41780.00 0.145581306229E-04
41782.00 0.145221504535E-04
41784.00 0.144837681000E-04
41786.00 0.144431837446E-04
41788.00 0.143893585376E-04
41790.00 0.143259992388E-04
41792.00 0.142684265569E-04
41794.00 0.142306481423E-04
41796.00 0.142761997256E-04
41798.00 0.143455322517E-04
41800.00 0.144066216902E-04
41802.00 0.143537787321E-04
41804.00 0.143272647961E-04
41806.00 0.143382035548E-04
41808.00 0.143669636007E-04
41810.00 0.143967058955E-04
41812.00 0.144376974007E-04
41814.00 0.144894308755E-04
41816.00 0.145254585458E-04
41818.00 0.145229783248E-04
41820.00 0.144434059806E-04
41822.00 0.142702977496E-04
41824.00 0.140824506949E-04
41826.00 0.140167723385E-04
41828.00 0.140737444744E-04
41830.00 0.142391389127E-04
41832.00 0.143778056613E-04
41834.00 0.144921316361E-04
41836.00 0.145812584295E-04
41838.00 0.146127667367E-04
41840.00 0.146135301426E-04
41842.00 0.146033327359E-04
41844.00 0.145864292323E-04
41846.00 0.145747779614E-04
41848.00 0.145727422123E-04
41850.00 0.145857336847E-04
41852.00 0.146050902660E-04
41854.00 0.146219785015E-04
41856.00 0.146329851185E-04
41858.00 0.146352057815E-04
41860.00 0.146349954208E-04
41862.00 0.146337485244E-04
41864.00 0.146314888429E-04
41866.00 0.146264096488E-04
41868.00 0.146160188459E-04
41870.00 0.146020434282E-04
41872.00 0.145876235385E-04
41874.00 0.145716157645E-04
41876.00 0.145479603595E-04
41878.00 0.145094609505E-04
41880.00 0.144618939756E-04
41882.00 0.144326538323E-04
41884.00 0.144322280214E-04
41886.00 0.144622807680E-04
41888.00 0.144970530596E-04
41890.00 0.145226865341E-04
41892.00 0.145275468851E-04
41894.00 0.145120768882E-04
41896.00 0.144646592015E-04
41898.00 0.143712980499E-04
41900.00 0.142218282592E-04
41902.00 0.139261187332E-04
41904.00 0.136276168380E-04
41906.00 0.134530801897E-04
41908.00 0.136208632402E-04
41910.00 0.139202082749E-04
41912.00 0.142093694745E-04
41914.00 0.143943427300E-04
41916.00 0.144675296078E-04
41918.00 0.145028091403E-04
41920.00 0.145148692574E-04
41922.00 0.145126095759E-04
41924.00 0.145037523707E-04
41926.00 0.144934396049E-04
41928.00 0.144880228157E-04
41930.00 0.144886471121E-04
41932.00 0.144884384478E-04
41934.00 0.144853661631E-04
41936.00 0.144807484055E-04
41938.00 0.144785192602E-04
41940.00 0.144792419511E-04
41942.00 0.144818324419E-04
41944.00 0.144835780968E-04
41946.00 0.144826229912E-04
41948.00 0.144790553408E-04
41950.00 0.144736860525E-04
41952.00 0.144684507843E-04
41954.00 0.144627320257E-04
41956.00 0.144553677032E-04
41958.00 0.144479932020E-04
41960.00 0.144397823471E-04
41962.00 0.144306112973E-04
41964.00 0.144215081058E-04
41966.00 0.144162304261E-04
41968.00 0.144145560225E-04
41970.00 0.144155772899E-04
41972.00 0.144150327271E-04
41974.00 0.144130427823E-04
41976.00 0.144098636207E-04
41978.00 0.144046300490E-04
41980.00 0.143910482094E-04
41982.00 0.143687652387E-04
41984.00 0.143311055762E-04
41986.00 0.142841730764E-04
41988.00 0.142015996987E-04
41990.00 0.140459972138E-04
41992.00 0.137726571778E-04
41994.00 0.134037166662E-04
41996.00 0.130499594501E-04
41998.00 0.129431267286E-04
42000.00 0.131269497858E-04
42002.00 0.134696240443E-04
42004.00 0.138135316275E-04
42006.00 0.140393216531E-04
42008.00 0.141425850278E-04
42010.00 0.141794303906E-04
42012.00 0.141854562081E-04
42014.00 0.142123060427E-04
42016.00 0.142466101120E-04
42018.00 0.142774635865E-04
42020.00 0.143012699762E-04
42022.00 0.143150418191E-04
42024.00 0.143155405776E-04
42026.00 0.142948166514E-04
42028.00 0.142455362543E-04
42030.00 0.141867539981E-04
42032.00 0.141296003413E-04
42034.00 0.140870820242E-04
42036.00 0.140160903626E-04
42038.00 0.138736897108E-04
42040.00 0.136263580664E-04
42042.00 0.133178928757E-04
42044.00 0.131068840852E-04
42046.00 0.131365296820E-04
42048.00 0.134225049342E-04
42050.00 0.137598336547E-04
42052.00 0.140236667423E-04
42054.00 0.141555561427E-04
42056.00 0.141943439495E-04
42058.00 0.141844383335E-04
42060.00 0.141030100647E-04
42062.00 0.138515899575E-04
42064.00 0.134826528388E-04
42066.00 0.131577031694E-04
42068.00 0.130951717419E-04
42070.00 0.134359256103E-04
42072.00 0.138228841983E-04
42074.00 0.141105270683E-04
42076.00 0.141860296107E-04
42078.00 0.142144995623E-04
42080.00 0.142155513661E-04
42082.00 0.142172868422E-04
42084.00 0.142335287274E-04
42086.00 0.142564037618E-04
42088.00 0.142797249645E-04
42090.00 0.142877254586E-04
42092.00 0.142897018317E-04
42094.00 0.142848940709E-04
42096.00 0.142723606421E-04
42098.00 0.142463115355E-04
42100.00 0.142114204918E-04
42102.00 0.141756371114E-04
42104.00 0.141624183137E-04
42106.00 0.141564569617E-04
42108.00 0.141555306958E-04
42110.00 0.141670835721E-04
42112.00 0.141888033189E-04
42114.00 0.142163096826E-04
42116.00 0.142410830531E-04
42118.00 0.142546428388E-04
42120.00 0.142583122766E-04
42122.00 0.142552450812E-04
42124.00 0.142452529459E-04
42126.00 0.142330588086E-04
42128.00 0.142201165335E-04
42130.00 0.142101464521E-04
42132.00 0.142065720159E-04
42134.00 0.142083651716E-04
42136.00 0.142129201603E-04
42138.00 0.142168406739E-04
42140.00 0.142185608819E-04
42142.00 0.142171663937E-04
42144.00 0.142103279731E-04
42146.00 0.142027770403E-04
42148.00 0.141968750642E-04
42150.00 0.141933701828E-04
42152.00 0.141899586066E-04
42154.00 0.141869643589E-04
42156.00 0.141854663868E-04
42158.00 0.141886167086E-04
42160.00 0.141925032930E-04
42162.00 0.141948902088E-04
42164.00 0.141929630330E-04
42166.00 0.141851610244E-04
42168.00 0.141670072316E-04
42170.00 0.141419200164E-04
42172.00 0.141135569416E-04
42174.00 0.141008589564E-04
42176.00 0.141041619594E-04
42178.00 0.141188872114E-04
42180.00 0.141207872440E-04
42182.00 0.141124389761E-04
42184.00 0.141047760770E-04
42186.00 0.141134347967E-04
42188.00 0.141251284790E-04
42190.00 0.141333647807E-04
42192.00 0.141343504226E-04
42194.00 0.141371614528E-04
42196.00 0.141401828438E-04
42198.00 0.141395483687E-04
42200.00 0.141303773188E-04
42202.00 0.141145256189E-04
42204.00 0.141011134251E-04
42206.00 0.141002770715E-04
42208.00 0.141113227070E-04
42210.00 0.141235762203E-04
42212.00 0.141297598083E-04
42214.00 0.141271862821E-04
42216.00 0.141176046895E-04
42218.00 0.141044537501E-04
42220.00 0.140890007177E-04
42222.00 0.140788219721E-04
42224.00 0.140752475359E-04
42226.00 0.140777345427E-04
42228.00 0.140773765902E-04
42230.00 0.140730709808E-04
42232.00 0.140691623424E-04
42234.00 0.140697798530E-04
42236.00 0.140762060344E-04
42238.00 0.140821979227E-04
42240.00 0.140841420631E-04
42242.00 0.140793309094E-04
42244.00 0.140739785856E-04
42246.00 0.140704618290E-04
42248.00 0.140692556476E-04
42250.00 0.140654895117E-04
42252.00 0.140604137105E-04
42254.00 0.140552072821E-04
42256.00 0.140559452412E-04
42258.00 0.140586426088E-04
42260.00 0.140615554265E-04
42262.00 0.140621101682E-04
42264.00 0.140595061057E-04
42266.00 0.140545643247E-04
42268.00 0.140478412632E-04
42270.00 0.140396321048E-04
42272.00 0.140329327937E-04
42274.00 0.140284202165E-04
42276.00 0.140245404179E-04
42278.00 0.140179428943E-04
42280.00 0.140075894135E-04
42282.00 0.139939278404E-04
42284.00 0.139784069497E-04
42286.00 0.139649031471E-04
42288.00 0.139546599361E-04
42290.00 0.139504628999E-04
42292.00 0.139510871963E-04
42294.00 0.139581783891E-04
42296.00 0.139710748599E-04
42298.00 0.139788191889E-04
42300.00 0.139779353345E-04
42302.00 0.139693376873E-04
42304.00 0.139654154773E-04
42306.00 0.139649760948E-04
42308.00 0.139662891530E-04
42310.00 0.139629403456E-04
42312.00 0.139614440700E-04
42314.00 0.139646792147E-04
42316.00 0.139726780123E-04
42318.00 0.139768258512E-04
42320.00 0.139763101281E-04
42322.00 0.139720842522E-04
42324.00 0.139660974533E-04
42326.00 0.139605720908E-04
42328.00 0.139567669364E-04
42330.00 0.139554555747E-04
42332.00 0.139512771996E-04
42334.00 0.139375783044E-04
42336.00 0.139156091783E-04
42338.00 0.138979863767E-04
42340.00 0.138973468122E-04
42342.00 0.139100990840E-04
42344.00 0.139245987072E-04
42346.00 0.139306754184E-04
42348.00 0.139283970758E-04
42350.00 0.139203066694E-04
42352.00 0.139091643359E-04
42354.00 0.139001544495E-04
42356.00 0.138948682876E-04
42358.00 0.138999915896E-04
42360.00 0.139051352490E-04
42362.00 0.139071998380E-04
42364.00 0.139027652978E-04
42366.00 0.138980881641E-04
42368.00 0.138954891911E-04
42370.00 0.138952194543E-04
42372.00 0.138973111865E-04
42374.00 0.138986429058E-04
42376.00 0.138987582649E-04
42378.00 0.138967666237E-04
42380.00 0.138941964904E-04
42382.00 0.138907374133E-04
42384.00 0.138860195647E-04
42386.00 0.138793321288E-04
42388.00 0.138697047319E-04
42390.00 0.138581806953E-04
42392.00 0.138462020081E-04
42394.00 0.138410990636E-04
42396.00 0.138428158787E-04
42398.00 0.138500343059E-04
42400.00 0.138554052907E-04
42402.00 0.138569812998E-04
42404.00 0.138551864476E-04
42406.00 0.138507654791E-04
42408.00 0.138417114848E-04
42410.00 0.138235288522E-04
42412.00 0.137813430408E-04
42414.00 0.137104531666E-04
42416.00 0.136367522622E-04
42418.00 0.135950075298E-04
42420.00 0.136220270102E-04
42422.00 0.136814335628E-04
42424.00 0.137392708921E-04
42426.00 0.137532123807E-04
42428.00 0.137446266087E-04
42430.00 0.137303271675E-04
42432.00 0.137273804207E-04
42434.00 0.137418936155E-04
42436.00 0.137610992121E-04
42438.00 0.137751781138E-04
42440.00 0.137771612728E-04
42442.00 0.137660715294E-04
42444.00 0.137329549804E-04
42446.00 0.136531858471E-04
42448.00 0.135439339770E-04
42450.00 0.134784456239E-04
42452.00 0.135026557704E-04
42454.00 0.136062245075E-04
42456.00 0.136949831697E-04
42458.00 0.137453900147E-04
42460.00 0.137455342135E-04
42462.00 0.137385397188E-04
42464.00 0.137339864266E-04
42466.00 0.137356116330E-04
42468.00 0.137367787958E-04
42470.00 0.137316605832E-04
42472.00 0.137188133097E-04
42474.00 0.136989681486E-04
42476.00 0.136668508131E-04
42478.00 0.136325637084E-04
42480.00 0.136070659505E-04
42482.00 0.136083315079E-04
42484.00 0.136145235782E-04
42486.00 0.136150528729E-04
42488.00 0.136105776178E-04
42490.00 0.136285566755E-04
42492.00 0.136585059382E-04
42494.00 0.136848095134E-04
42496.00 0.136594627402E-04
42498.00 0.136013573706E-04
42500.00 0.135159254619E-04
42502.00 0.134568582008E-04
42504.00 0.134678563355E-04
42506.00 0.135345203337E-04
42508.00 0.136110458401E-04
42510.00 0.136447374882E-04
42512.00 0.136560511640E-04
42514.00 0.136586314760E-04
42516.00 0.136616155450E-04
42518.00 0.136622364484E-04
42520.00 0.136589232667E-04
42522.00 0.136531485250E-04
42524.00 0.136470480635E-04
42526.00 0.136437009526E-04
42528.00 0.136455008941E-04
42530.00 0.136531332569E-04
42532.00 0.136607537445E-04
42534.00 0.136654885577E-04
42536.00 0.136674666273E-04
42538.00 0.136674768060E-04
42540.00 0.136656327566E-04
42542.00 0.136623314501E-04
42544.00 0.136585670106E-04
42546.00 0.136545616742E-04
42548.00 0.136502357073E-04
42550.00 0.136456009851E-04
42552.00 0.136416177026E-04
42554.00 0.136381976441E-04
42556.00 0.136328843389E-04
42558.00 0.136262511896E-04
42560.00 0.136200065292E-04
42562.00 0.136159129769E-04
42564.00 0.136092526844E-04
42566.00 0.135989331327E-04
42568.00 0.135846235128E-04
42570.00 0.135783126905E-04
42572.00 0.135803535290E-04
42574.00 0.135890750175E-04
42576.00 0.135927376695E-04
42578.00 0.135836582284E-04
42580.00 0.135688702074E-04
42582.00 0.135554359596E-04
42584.00 0.135492252283E-04
42586.00 0.135449331905E-04
42588.00 0.135422375194E-04
42590.00 0.135489147765E-04
42592.00 0.135604727422E-04
42594.00 0.135728585793E-04
42596.00 0.135790438637E-04
42598.00 0.135769198988E-04
42600.00 0.135709144388E-04
42602.00 0.135635382411E-04
42604.00 0.135577787676E-04
42606.00 0.135557515007E-04
42608.00 0.135581197555E-04
42610.00 0.135591766486E-04
42612.00 0.135577719817E-04
42614.00 0.135549982735E-04
42616.00 0.135530982410E-04
42618.00 0.135526639479E-04
42620.00 0.135514323196E-04
42622.00 0.135484584295E-04
42624.00 0.135444140745E-04
42626.00 0.135411551794E-04
42628.00 0.135387021017E-04
42630.00 0.135354211527E-04
42632.00 0.135312071520E-04
42634.00 0.135259175972E-04
42636.00 0.135196424005E-04
42638.00 0.135053056372E-04
42640.00 0.134853247595E-04
42642.00 0.134608126435E-04
42644.00 0.134481434981E-04
42646.00 0.134497924549E-04
42648.00 0.134663600599E-04
42650.00 0.134864020101E-04
42652.00 0.134989167779E-04
42654.00 0.135043216918E-04
42656.00 0.135054345680E-04
42658.00 0.135044421403E-04
42660.00 0.135018906681E-04
42662.00 0.134969505835E-04
42664.00 0.134838386626E-04
42666.00 0.134694832383E-04
42668.00 0.134577708950E-04
42670.00 0.134538978823E-04
42672.00 0.134486269885E-04
42674.00 0.134343580835E-04
42676.00 0.134087517523E-04
42678.00 0.133613662984E-04
42680.00 0.133268654400E-04
42682.00 0.133182202920E-04
42684.00 0.133627709653E-04
42686.00 0.134098391817E-04
42688.00 0.134437428870E-04
42690.00 0.134525000012E-04
42692.00 0.134533991237E-04
42694.00 0.134521810672E-04
42696.00 0.134503777327E-04
42698.00 0.134358848954E-04
42700.00 0.134119376997E-04
42702.00 0.133795370558E-04
42704.00 0.133534692882E-04
42706.00 0.133499338706E-04
42708.00 0.133677331038E-04
42710.00 0.133951342871E-04
42712.00 0.134111217036E-04
42714.00 0.134186183498E-04
42716.00 0.134207270466E-04
42718.00 0.134201519475E-04
42720.00 0.134172442191E-04
42722.00 0.134115135853E-04
42724.00 0.134037183626E-04
42726.00 0.133973854864E-04
42728.00 0.133933139881E-04
42730.00 0.133913596689E-04
42732.00 0.133910152880E-04
42734.00 0.133914173485E-04
42736.00 0.133922570950E-04
42738.00 0.133922401304E-04
42740.00 0.133914885997E-04
42742.00 0.133899550020E-04
42744.00 0.133880922916E-04
42746.00 0.133859802019E-04
42748.00 0.133823514790E-04
42750.00 0.133762374458E-04
42752.00 0.133659755737E-04
42754.00 0.133566077348E-04
42756.00 0.133495640428E-04
42758.00 0.133509754955E-04
42760.00 0.133508092427E-04
42762.00 0.133453907571E-04
42764.00 0.133278052775E-04
42766.00 0.133027672596E-04
42768.00 0.132831341557E-04
42770.00 0.132785214875E-04
42772.00 0.132974386863E-04
42774.00 0.133167240164E-04
42776.00 0.133304364832E-04
42778.00 0.133276373282E-04
42780.00 0.133227176011E-04
42782.00 0.133166951766E-04
42784.00 0.133109085597E-04
42786.00 0.132985498660E-04
42788.00 0.132748130311E-04
42790.00 0.132396132322E-04
42792.00 0.132129873300E-04
42794.00 0.132095333423E-04
42796.00 0.132297296701E-04
42798.00 0.132492881299E-04
42800.00 0.132569170998E-04
42802.00 0.132514053090E-04
42804.00 0.132381559751E-04
42806.00 0.132188095725E-04
42808.00 0.132012546292E-04
42810.00 0.131910775799E-04
42812.00 0.132030206415E-04
42814.00 0.132080981392E-04
42816.00 0.131970830399E-04
42818.00 0.131268344267E-04
42820.00 0.130468668079E-04
42822.00 0.129845474376E-04
42824.00 0.129923002489E-04
42826.00 0.130534253130E-04
42828.00 0.131267224605E-04
42830.00 0.131833095006E-04
42832.00 0.132145870895E-04
42834.00 0.132358742396E-04
42836.00 0.132496036710E-04
42838.00 0.132533290919E-04
42840.00 0.132538685655E-04
42842.00 0.132516139733E-04
42844.00 0.132481854325E-04
42846.00 0.132446958192E-04
42848.00 0.132418288058E-04
42850.00 0.132396692153E-04
42852.00 0.132308289747E-04
42854.00 0.132109973852E-04
42856.00 0.131798639951E-04
42858.00 0.131494057952E-04
42860.00 0.131382397112E-04
42862.00 0.131504050087E-04
42864.00 0.131786408492E-04
42866.00 0.132001638069E-04
42868.00 0.132117930238E-04
42870.00 0.132151961178E-04
42872.00 0.132140001152E-04
42874.00 0.132102119253E-04
42876.00 0.132037738687E-04
42878.00 0.131928198419E-04
42880.00 0.131799725684E-04
42882.00 0.131679650415E-04
42884.00 0.131629537057E-04
42886.00 0.131638630070E-04
42888.00 0.131646213235E-04
42890.00 0.131609315282E-04
42892.00 0.131468797698E-04
42894.00 0.131302612711E-04
42896.00 0.131131558890E-04
42898.00 0.131039458206E-04
42900.00 0.131031688431E-04
42902.00 0.131100479787E-04
42904.00 0.131169508647E-04
42906.00 0.131205744981E-04
42908.00 0.131207339652E-04
42910.00 0.131181672248E-04
42912.00 0.131040306435E-04
42914.00 0.130840514622E-04
42916.00 0.130604978448E-04
42918.00 0.130571863595E-04
42920.00 0.130681692261E-04
42922.00 0.130900654045E-04
42924.00 0.131022731134E-04
42926.00 0.130633903050E-04
42928.00 0.128952221586E-04
42930.00 0.125559476012E-04
42932.00 0.118252680404E-04
42934.00 0.110919233447E-04
42936.00 0.104861811011E-04
42938.00 0.106178296046E-04
42940.00 0.109741637397E-04
42942.00 0.114240524227E-04
42944.00 0.115596248326E-04
42946.00 0.114374900635E-04
42948.00 0.112421989528E-04
42950.00 0.111605280905E-04
42952.00 0.110660913847E-04
42954.00 0.111501559487E-04
42956.00 0.114985353941E-04
42958.00 0.121119591978E-04
42960.00 0.125390220436E-04
42962.00 0.126263438061E-04
42964.00 0.123356099903E-04
42966.00 0.120408182479E-04
42968.00 0.119080365107E-04
42970.00 0.120175496353E-04
42972.00 0.120844443518E-04
42974.00 0.120925771696E-04
42976.00 0.120523287128E-04
42978.00 0.123551056812E-04
42980.00 0.126617488765E-04
42982.00 0.128545716413E-04
42984.00 0.127294986076E-04
42986.00 0.124808691732E-04
42988.00 0.122108202650E-04
42990.00 0.120152271848E-04
42992.00 0.118844235173E-04
42994.00 0.117986624957E-04
42996.00 0.117549447831E-04
42998.00 0.116663540702E-04
43000.00 0.115585577608E-04
43002.00 0.114491464237E-04
43004.00 0.114352710969E-04
43006.00 0.116861076227E-04
43008.00 0.121502363708E-04
43010.00 0.125839815632E-04
43012.00 0.128171647510E-04
43014.00 0.129190200659E-04
43016.00 0.129460429392E-04
43018.00 0.129421919804E-04
43020.00 0.129152946450E-04
43022.00 0.128358122131E-04
43024.00 0.125760658920E-04
43026.00 0.121727585420E-04
43028.00 0.117386146821E-04
43030.00 0.115452015500E-04
43032.00 0.118447959640E-04
43034.00 0.123349907833E-04
43036.00 0.127185751170E-04
43038.00 0.125069997097E-04
43040.00 0.120563544067E-04
43042.00 0.115242536915E-04
43044.00 0.115210609582E-04
43046.00 0.117665315886E-04
43048.00 0.121097181773E-04
43050.00 0.121961730500E-04
43052.00 0.122032693322E-04
43054.00 0.122191244250E-04
43056.00 0.122763069216E-04
43058.00 0.124428362900E-04
43060.00 0.126417459448E-04
43062.00 0.128228665451E-04
43064.00 0.128873539882E-04
43066.00 0.128691968024E-04
43068.00 0.127482325890E-04
43070.00 0.125581852288E-04
43072.00 0.124193895494E-04
43074.00 0.124038330331E-04
43076.00 0.125432614912E-04
43078.00 0.127138386074E-04
43080.00 0.128352523821E-04
43082.00 0.128557574652E-04
43084.00 0.128231583358E-04
43086.00 0.127721967492E-04
43088.00 0.127114669596E-04
43090.00 0.126706349214E-04
43092.00 0.125961807898E-04
43094.00 0.124358061697E-04
43096.00 0.121525181063E-04
43098.00 0.119115329099E-04
43100.00 0.117348010454E-04
43102.00 0.115909465295E-04
43104.00 0.114681535348E-04
43106.00 0.115013413350E-04
43108.00 0.119117076450E-04
43110.00 0.123637576150E-04
43112.00 0.126956457960E-04
43114.00 0.128065975166E-04
43116.00 0.128100939157E-04
43118.00 0.127671243409E-04
43120.00 0.127252489813E-04
43122.00 0.127129751105E-04
43124.00 0.127363285459E-04
43126.00 0.127759560992E-04
43128.00 0.128182148583E-04
43130.00 0.128452750536E-04
43132.00 0.128468832955E-04
43134.00 0.127902267007E-04
43136.00 0.126429266793E-04
43138.00 0.124237426596E-04
43140.00 0.122195553252E-04
43142.00 0.121958405443E-04
43144.00 0.123678800070E-04
43146.00 0.126092961036E-04
43148.00 0.127463359494E-04
43150.00 0.127773454980E-04
43152.00 0.127416079220E-04
43154.00 0.126278366888E-04
43156.00 0.124948293228E-04
43158.00 0.124199714343E-04
43160.00 0.124632701219E-04
43162.00 0.125627826289E-04
43164.00 0.126632264910E-04
43166.00 0.127366559622E-04
43168.00 0.127767720953E-04
43170.00 0.127879653227E-04
43172.00 0.127668868369E-04
43174.00 0.126512274464E-04
43176.00 0.124030611449E-04
43178.00 0.120719957458E-04
43180.00 0.117593182508E-04
43182.00 0.117002967941E-04
43184.00 0.119237711551E-04
43186.00 0.123420124213E-04
43188.00 0.126308580798E-04
43190.00 0.127184427933E-04
43192.00 0.126423922951E-04
43194.00 0.123616896332E-04
43196.00 0.120110454168E-04
43198.00 0.117155920559E-04
43200.00 0.117509156963E-04
43202.00 0.119816288419E-04
43204.00 0.122894188425E-04
43206.00 0.125246954591E-04
43208.00 0.126483909692E-04
43210.00 0.126946737258E-04
43212.00 0.127005519514E-04
43214.00 0.126883510283E-04
43216.00 0.126567290584E-04
43218.00 0.126057488108E-04
43220.00 0.125061141589E-04
43222.00 0.123941157239E-04
43224.00 0.123044867790E-04
43226.00 0.123186131815E-04
43228.00 0.124251167903E-04
43230.00 0.125623568180E-04
43232.00 0.126688672126E-04
43234.00 0.127018209017E-04
43236.00 0.127085422667E-04
43238.00 0.127002703394E-04
43240.00 0.125857798082E-04
43242.00 0.122507854134E-04
43244.00 0.117468458945E-04
43246.00 0.112937729606E-04
43248.00 0.112968757815E-04
43250.00 0.116724002452E-04
43252.00 0.121828745188E-04
43254.00 0.124725226017E-04
43256.00 0.125992378065E-04
43258.00 0.126381155255E-04
43260.00 0.126547696499E-04
43262.00 0.126481246254E-04
43264.00 0.126092469064E-04
43266.00 0.123940478656E-04
43268.00 0.120794058727E-04
43270.00 0.117468866095E-04
43272.00 0.116402676416E-04
43274.00 0.118525487752E-04
43276.00 0.122205935573E-04
43278.00 0.125512636817E-04
43280.00 0.126486759741E-04
43282.00 0.126656473361E-04
43284.00 0.126608887725E-04
43286.00 0.126562811936E-04
43288.00 0.125990070882E-04
43290.00 0.124373618213E-04
43292.00 0.120083955500E-04
43294.00 0.115742533866E-04
43296.00 0.113487483659E-04
43298.00 0.115741583850E-04
43300.00 0.119326555036E-04
43302.00 0.122010995629E-04
43304.00 0.122859818194E-04
43306.00 0.123134847902E-04
43308.00 0.123678681318E-04
43310.00 0.124632904794E-04
43312.00 0.125074611462E-04
43314.00 0.124530506613E-04
43316.00 0.122642281435E-04
43318.00 0.119675414579E-04
43320.00 0.117768765871E-04
43322.00 0.117892352808E-04
43324.00 0.120403432397E-04
43326.00 0.122974091579E-04
43328.00 0.124582350357E-04
43330.00 0.124833985915E-04
43332.00 0.124794695956E-04
43334.00 0.124843791440E-04
43336.00 0.125072321244E-04
43338.00 0.125272842534E-04
43340.00 0.124751215748E-04
43342.00 0.122689493850E-04
43344.00 0.118309766203E-04
43346.00 0.114116106026E-04
43348.00 0.112606055178E-04
43350.00 0.115770847744E-04
43352.00 0.120273466780E-04
43354.00 0.123888329549E-04
43356.00 0.125378260410E-04
43358.00 0.125611150110E-04
43360.00 0.125541103376E-04
43362.00 0.125382908704E-04
43364.00 0.125222406849E-04
43366.00 0.124785161865E-04
43368.00 0.123560370364E-04
43370.00 0.120901461458E-04
43372.00 0.116902096572E-04
43374.00 0.113511437640E-04
43376.00 0.113115399611E-04
43378.00 0.116678825786E-04
43380.00 0.121080861850E-04
43382.00 0.123758584471E-04
43384.00 0.124689956664E-04
43386.00 0.124880112597E-04
43388.00 0.124791099466E-04
43390.00 0.124660353478E-04
43392.00 0.124494965826E-04
43394.00 0.123972015803E-04
43396.00 0.122412309641E-04
43398.00 0.118795411123E-04
43400.00 0.114410628032E-04
43402.00 0.111679806288E-04
43404.00 0.113555850900E-04
43406.00 0.117599578153E-04
43408.00 0.121916876161E-04
43410.00 0.124061164650E-04
43412.00 0.124838803854E-04
43414.00 0.124864725727E-04
43416.00 0.124874734827E-04
43418.00 0.124854869308E-04
43420.00 0.124775084906E-04
43422.00 0.124578499399E-04
43424.00 0.123956832507E-04
43426.00 0.122777234637E-04
43428.00 0.120396968894E-04
43430.00 0.118359947419E-04
43432.00 0.117279151240E-04
43434.00 0.119065928253E-04
43436.00 0.120929215505E-04
43438.00 0.122282004732E-04
43440.00 0.122279782372E-04
43442.00 0.121909937649E-04
43444.00 0.121730265823E-04
43446.00 0.122083773660E-04
43448.00 0.122864687027E-04
43450.00 0.123522284891E-04
43452.00 0.123904259286E-04
43454.00 0.123466895550E-04
43456.00 0.122443524461E-04
43458.00 0.120967284013E-04
43460.00 0.119302397479E-04
43462.00 0.118267795841E-04
43464.00 0.117993224177E-04
43466.00 0.118578535982E-04
43468.00 0.119589166674E-04
43470.00 0.120824340495E-04
43472.00 0.122064213504E-04
43474.00 0.122633612536E-04
43476.00 0.122810298596E-04
43478.00 0.122742423327E-04
43480.00 0.122929864929E-04
43482.00 0.122275507299E-04
43484.00 0.119999047797E-04
43486.00 0.113249080471E-04
43488.00 0.104485876005E-04
43490.00 0.963170084984E-05
43492.00 0.929267736813E-05
43494.00 0.969199804267E-05
43496.00 0.104841182087E-04
43498.00 0.113940149443E-04
43500.00 0.118874092827E-04
43502.00 0.121440561757E-04
43504.00 0.121999612398E-04
43506.00 0.121227130425E-04
43508.00 0.119880753808E-04
43510.00 0.117972171138E-04
43512.00 0.116075124380E-04
43514.00 0.114602683998E-04
43516.00 0.114073389223E-04
43518.00 0.114955038243E-04
43520.00 0.115167180268E-04
43522.00 0.114745084650E-04
43524.00 0.113947783502E-04
43526.00 0.115401461063E-04
43528.00 0.117024004015E-04
43530.00 0.117870485469E-04
43532.00 0.117897747543E-04
43534.00 0.118335162173E-04
43536.00 0.119282514996E-04
43538.00 0.118994965431E-04
43540.00 0.116764412072E-04
43542.00 0.113664305435E-04
43544.00 0.112123904961E-04
43546.00 0.113969939238E-04
43548.00 0.117159398297E-04
43550.00 0.119351866183E-04
43552.00 0.119158300370E-04
43554.00 0.118514342026E-04
43556.00 0.118860453307E-04
43558.00 0.119608828618E-04
43560.00 0.119225378304E-04
43562.00 0.116665406806E-04
43564.00 0.114167678337E-04
43566.00 0.114046110185E-04
43568.00 0.116806178858E-04
43570.00 0.119785412890E-04
43572.00 0.121462089804E-04
43574.00 0.121817107489E-04
43576.00 0.121587576774E-04
43578.00 0.121381677714E-04
43580.00 0.121169518725E-04
43582.00 0.120619408416E-04
43584.00 0.119050269949E-04
43586.00 0.116832711455E-04
43588.00 0.114430086401E-04
43590.00 0.113902844340E-04
43592.00 0.115465434480E-04
43594.00 0.118818720450E-04
43596.00 0.121080675240E-04
43598.00 0.121903338429E-04
43600.00 0.121540635792E-04
43602.00 0.120997260419E-04
43604.00 0.120782319240E-04
43606.00 0.120868176960E-04
43608.00 0.121179307285E-04
43610.00 0.121076315344E-04
43612.00 0.120299863660E-04
43614.00 0.117544188812E-04
43616.00 0.112937084952E-04
43618.00 0.107070717572E-04
43620.00 0.101543930111E-04
43622.00 0.100013606595E-04
43624.00 0.103216298023E-04
43626.00 0.110202615824E-04
43628.00 0.116385847556E-04
43630.00 0.119862635641E-04
43632.00 0.120913760776E-04
43634.00 0.120841406859E-04
43636.00 0.120878915536E-04
43638.00 0.121069648266E-04
43640.00 0.121363305078E-04
43642.00 0.121579552529E-04
43644.00 0.121634806154E-04
43646.00 0.121350412000E-04
43648.00 0.120359969154E-04
43650.00 0.118091330321E-04
43652.00 0.114238081328E-04
43654.00 0.108477725584E-04
43656.00 0.104306170250E-04
43658.00 0.102869287619E-04
43660.00 0.108101587003E-04
43662.00 0.112672081308E-04
43664.00 0.114986456638E-04
43666.00 0.112088856147E-04
43668.00 0.109816383320E-04
43670.00 0.109997056055E-04
43672.00 0.114110287177E-04
43674.00 0.118217495873E-04
43676.00 0.120884700457E-04
43678.00 0.121534172288E-04
43680.00 0.120844256907E-04
43682.00 0.118833004623E-04
43684.00 0.115144261125E-04
43686.00 0.110378300974E-04
43688.00 0.105825636438E-04
43690.00 0.102270132721E-04
43692.00 0.101191321397E-04
43694.00 0.103504254738E-04
43696.00 0.109756159075E-04
43698.00 0.115324289207E-04
43700.00 0.117454242630E-04
43702.00 0.115603950244E-04
43704.00 0.111424642099E-04
43706.00 0.108683030884E-04
43708.00 0.108920076906E-04
43710.00 0.113088459864E-04
43712.00 0.117400363136E-04
43714.00 0.120511259243E-04
43716.00 0.120911080373E-04
43718.00 0.120763488561E-04
43720.00 0.120267478285E-04
43722.00 0.119281972130E-04
43724.00 0.117985386543E-04
43726.00 0.116867030793E-04
43728.00 0.116391971768E-04
43730.00 0.116498492342E-04
43732.00 0.117070402131E-04
43734.00 0.117928758788E-04
43736.00 0.118810390843E-04
43738.00 0.119232130205E-04
43740.00 0.118857688082E-04
43742.00 0.116334919899E-04
43744.00 0.111977789067E-04
43746.00 0.107341421313E-04
43748.00 0.106364227800E-04
43750.00 0.109335301871E-04
43752.00 0.114451597483E-04
43754.00 0.118460784859E-04
43756.00 0.120145604770E-04
43758.00 0.120285392877E-04
43760.00 0.119644844413E-04
43762.00 0.117603921085E-04
43764.00 0.113633938844E-04
43766.00 0.108280342741E-04
43768.00 0.105211620571E-04
43770.00 0.106205846518E-04
43772.00 0.110579161555E-04
43774.00 0.114693885559E-04
43776.00 0.116895141095E-04
43778.00 0.117299084617E-04
43780.00 0.117288719261E-04
43782.00 0.117809888003E-04
43784.00 0.118653197081E-04
43786.00 0.119232622178E-04
43788.00 0.119180982008E-04
43790.00 0.118864168550E-04
43792.00 0.118607952557E-04
43794.00 0.118820060652E-04
43796.00 0.119037800986E-04
43798.00 0.119104471770E-04
43800.00 0.117989831262E-04
43802.00 0.116625336477E-04
43804.00 0.115290105586E-04
43806.00 0.115473441760E-04
43808.00 0.115808237669E-04
43810.00 0.115366378320E-04
43812.00 0.112567342016E-04
43814.00 0.110084440587E-04
43816.00 0.109543525078E-04
43818.00 0.112147248218E-04
43820.00 0.115596231362E-04
43822.00 0.118354315180E-04
43824.00 0.119517185977E-04
43826.00 0.119763528587E-04
43828.00 0.119757132942E-04
43830.00 0.119696620299E-04
43832.00 0.119097872550E-04
43834.00 0.117536554753E-04
43836.00 0.114291468849E-04
43838.00 0.109986622841E-04
43840.00 0.105913479013E-04
43842.00 0.103126826849E-04
43844.00 0.102033018840E-04
43846.00 0.104464975647E-04
43848.00 0.109711864566E-04
43850.00 0.114651406260E-04
43852.00 0.117473700999E-04
43854.00 0.118536480798E-04
43856.00 0.118567254539E-04
43858.00 0.118433794219E-04
43860.00 0.118243417746E-04
43862.00 0.117930132919E-04
43864.00 0.117680142925E-04
43866.00 0.117596524530E-04
43868.00 0.117896712704E-04
43870.00 0.118274802211E-04
43872.00 0.118549747096E-04
43874.00 0.118497377450E-04
43876.00 0.118175016575E-04
43878.00 0.117618391868E-04
43880.00 0.116880364950E-04
43882.00 0.115949162403E-04
43884.00 0.114904958815E-04
43886.00 0.113726378819E-04
43888.00 0.111568620456E-04
43890.00 0.109976342308E-04
43892.00 0.109275145484E-04
43894.00 0.111761677332E-04
43896.00 0.114180893742E-04
43898.00 0.116149276543E-04
43900.00 0.116944406224E-04
43902.00 0.117568397263E-04
43904.00 0.118078369385E-04
43906.00 0.118431436142E-04
43908.00 0.118341014952E-04
43910.00 0.117796893138E-04
43912.00 0.116823923805E-04
43914.00 0.113696945280E-04
43916.00 0.110044268471E-04
43918.00 0.106245458803E-04
43920.00 0.107192998236E-04
43922.00 0.109093030759E-04
43924.00 0.111432513662E-04
43926.00 0.112711948062E-04
43928.00 0.114070929360E-04
43930.00 0.115651264447E-04
43932.00 0.117003748312E-04
43934.00 0.117736991220E-04
43936.00 0.117940447381E-04
43938.00 0.117842646600E-04
43940.00 0.117445726413E-04
43942.00 0.116888389194E-04
43944.00 0.116245804981E-04
43946.00 0.115910788532E-04
43948.00 0.115880303189E-04
43950.00 0.116331764488E-04
43952.00 0.116958639504E-04
43954.00 0.117542153063E-04
43956.00 0.117869908674E-04
43958.00 0.117905059275E-04
43960.00 0.117028380876E-04
43962.00 0.114179638364E-04
43964.00 0.108471821912E-04
43966.00 0.103041291456E-04
43968.00 0.100263376049E-04
43970.00 0.101343748113E-04
43972.00 0.102184648222E-04
43974.00 0.101803929205E-04
43976.00 0.101028732900E-04
43978.00 0.103073778620E-04
43980.00 0.107023912306E-04
43982.00 0.111243409532E-04
43984.00 0.114039103815E-04
43986.00 0.115722346020E-04
43988.00 0.116509688962E-04
43990.00 0.116823618443E-04
43992.00 0.116783259716E-04
43994.00 0.116605979896E-04
43996.00 0.116470890976E-04
43998.00 0.115673708581E-04
44000.00 0.113463071634E-04
44002.00 0.107941339617E-04
44004.00 0.102045250300E-04
44006.00 0.970903217353E-05
44008.00 0.971287125710E-05
44010.00 0.986780533771E-05
44012.00 0.101195850939E-04
44014.00 0.104028002096E-04
44016.00 0.107183209676E-04
44018.00 0.110560907671E-04
44020.00 0.113253830552E-04
44022.00 0.115177562588E-04
44024.00 0.116279852885E-04
44026.00 0.116792267906E-04
44028.00 0.116842415193E-04
44030.00 0.116375804527E-04
44032.00 0.115288188589E-04
44034.00 0.113886744957E-04
44036.00 0.112978783880E-04
44038.00 0.113162408451E-04
44040.00 0.114324549773E-04
44042.00 0.115554430646E-04
44044.00 0.116365286490E-04
44046.00 0.116179524382E-04
44048.00 0.114756332164E-04
44050.00 0.111109643850E-04
44052.00 0.105006315271E-04
44054.00 0.985183658223E-05
44056.00 0.937426849689E-05
44058.00 0.931935416405E-05
44060.00 0.956068713428E-05
44062.00 0.986826677418E-05
44064.00 0.986566780112E-05
44066.00 0.966335505238E-05
44068.00 0.945452451350E-05
44070.00 0.955516177184E-05
44072.00 0.974585378596E-05
44074.00 0.999870400690E-05
44076.00 0.104496037786E-04
44078.00 0.108875460071E-04
44080.00 0.112221468238E-04
44082.00 0.111336477197E-04
44084.00 0.107834479752E-04
44086.00 0.103007464092E-04
44088.00 0.992568338199E-05
44090.00 0.973592102665E-05
44092.00 0.958378101173E-05
44094.00 0.930292057918E-05
44096.00 0.893137430864E-05
44098.00 0.878315820017E-05
44100.00 0.900867170318E-05
44102.00 0.972520959330E-05
44104.00 0.103891963160E-04
44106.00 0.108770127018E-04
44108.00 0.108393683074E-04
44110.00 0.106695495078E-04
44112.00 0.104013955427E-04
44114.00 0.103018745535E-04
44116.00 0.103744507065E-04
44118.00 0.105823821228E-04
44120.00 0.106534840542E-04
44122.00 0.105425102796E-04
44124.00 0.103308262990E-04
44126.00 0.102016817670E-04
44128.00 0.101468420783E-04
44130.00 0.100797641444E-04
44132.00 0.992367307972E-05
44134.00 0.100526649306E-04
44136.00 0.103633185516E-04
44138.00 0.107862539161E-04
44140.00 0.106208968000E-04
44142.00 0.102251437758E-04
44144.00 0.974775890785E-05
44146.00 0.965482526352E-05
44148.00 0.977125823867E-05
44150.00 0.100931016942E-04
44152.00 0.105348507735E-04
44154.00 0.109402311946E-04
44156.00 0.111584346618E-04
44158.00 0.111097140957E-04
44160.00 0.108606283142E-04
44162.00 0.105327895775E-04
44164.00 0.103557591365E-04
44166.00 0.103942110447E-04
44168.00 0.105877123926E-04
44170.00 0.107561943837E-04
44172.00 0.109478448964E-04
44174.00 0.111543614671E-04
44176.00 0.113293612483E-04
44178.00 0.114157109407E-04
44180.00 0.114309739698E-04
44182.00 0.113338670397E-04
44184.00 0.110442545824E-04
44186.00 0.105393921905E-04
44188.00 0.973854544657E-05
44190.00 0.913395679414E-05
44192.00 0.890299766220E-05
44194.00 0.923378144929E-05
44196.00 0.973720015569E-05
44198.00 0.101656863295E-04
44200.00 0.103695564263E-04
44202.00 0.104018959977E-04
44204.00 0.103552111807E-04
44206.00 0.102614208253E-04
44208.00 0.101847290661E-04
44210.00 0.103004020283E-04
44212.00 0.106705860433E-04
44214.00 0.110694469779E-04
44216.00 0.113524517328E-04
44218.00 0.114624924557E-04
44220.00 0.114811297390E-04
44222.00 0.114742353353E-04
44224.00 0.114582190790E-04
44226.00 0.114429306030E-04
44228.00 0.114123197219E-04
44230.00 0.113283552489E-04
44232.00 0.111366182169E-04
44234.00 0.107673960933E-04
44236.00 0.103300985187E-04
44238.00 0.997334366209E-05
44240.00 0.990204663811E-05
44242.00 0.100093204386E-04
44244.00 0.102085642955E-04
44246.00 0.105418045533E-04
44248.00 0.109144128063E-04
44250.00 0.112264456474E-04
44252.00 0.113857667674E-04
44254.00 0.114415072751E-04
44256.00 0.113913905244E-04
44258.00 0.112495598823E-04
44260.00 0.110205228369E-04
44262.00 0.107337706070E-04
44264.00 0.106029024741E-04
44266.00 0.106821949028E-04
44268.00 0.109636864175E-04
44270.00 0.111516132058E-04
44272.00 0.111814844314E-04
44274.00 0.110729739132E-04
44276.00 0.109918018095E-04
44278.00 0.108873135924E-04
44280.00 0.107358759109E-04
44282.00 0.102078755338E-04
44284.00 0.979537338359E-05
44286.00 0.957110168755E-05
44288.00 0.101149605505E-04
44290.00 0.106752614805E-04
44292.00 0.111595254840E-04
44294.00 0.113265451287E-04
44296.00 0.113265332535E-04
44298.00 0.111609454191E-04
44300.00 0.108444033936E-04
44302.00 0.104613941590E-04
44304.00 0.101534718347E-04
44306.00 0.100614305270E-04
44308.00 0.101712541033E-04
44310.00 0.103177703613E-04
44312.00 0.103900190980E-04
44314.00 0.105781240142E-04
44316.00 0.108255014629E-04
44318.00 0.110967260162E-04
44320.00 0.111246429227E-04
44322.00 0.109835841689E-04
44324.00 0.106159770729E-04
44326.00 0.103526020289E-04
44328.00 0.101748556828E-04
44330.00 0.100707983660E-04
44332.00 0.983358948417E-05
44334.00 0.965813674877E-05
44336.00 0.976710191752E-05
44338.00 0.102627881701E-04
44340.00 0.108037155543E-04
44342.00 0.111294489871E-04
44344.00 0.111997196542E-04
44346.00 0.111518999071E-04
44348.00 0.110729790026E-04
44350.00 0.110157218618E-04
44352.00 0.110211047218E-04
44354.00 0.110769113914E-04
44356.00 0.111427729652E-04
44358.00 0.111581089419E-04
44360.00 0.111331727115E-04
44362.00 0.111296372939E-04
44364.00 0.111422199200E-04
44366.00 0.111378854708E-04
44368.00 0.109581966807E-04
44370.00 0.106822627611E-04
44372.00 0.104222331315E-04
44374.00 0.104295686142E-04
44376.00 0.106233634493E-04
44378.00 0.108181965165E-04
44380.00 0.108013897109E-04
44382.00 0.106872774898E-04
44384.00 0.105629695584E-04
44386.00 0.104704142241E-04
44388.00 0.100923145378E-04
44390.00 0.965307112635E-05
44392.00 0.928703325367E-05
44394.00 0.932756332243E-05
44396.00 0.955545525901E-05
44398.00 0.994947789643E-05
44400.00 0.104002182011E-04
44402.00 0.108222663183E-04
44404.00 0.111330658347E-04
44406.00 0.112646770161E-04
44408.00 0.113063182646E-04
44410.00 0.112979157100E-04
44412.00 0.112601593495E-04
44414.00 0.111516267774E-04
44416.00 0.109675746984E-04
44418.00 0.108163830033E-04
44420.00 0.107761684756E-04
44422.00 0.108543514210E-04
44424.00 0.109227016981E-04
44426.00 0.108080805397E-04
44428.00 0.104616520206E-04
44430.00 0.973337634024E-05
44432.00 0.903646985758E-05
44434.00 0.849469424462E-05
44436.00 0.890226479251E-05
44438.00 0.963825426558E-05
44440.00 0.105644692269E-04
44442.00 0.108585179209E-04
44444.00 0.107868154436E-04
44446.00 0.104006779411E-04
44448.00 0.100561223112E-04
44450.00 0.100450749792E-04
44452.00 0.103139210990E-04
44454.00 0.106234482722E-04
44456.00 0.108412734293E-04
44458.00 0.109719091476E-04
44460.00 0.110488027852E-04
44462.00 0.110675384631E-04
44464.00 0.110154606073E-04
44466.00 0.108698146322E-04
44468.00 0.104229575189E-04
44470.00 0.977854452410E-05
44472.00 0.895173519287E-05
44474.00 0.863012415208E-05
44476.00 0.875977592493E-05
44478.00 0.956940522994E-05
44480.00 0.101434508596E-04
44482.00 0.103304785252E-04
44484.00 0.985212837294E-05
44486.00 0.949970457257E-05
44488.00 0.949364821891E-05
44490.00 0.100483593211E-04
44492.00 0.105985815966E-04
44494.00 0.109955832135E-04
44496.00 0.111176925358E-04
44498.00 0.111280511060E-04
44500.00 0.110654840529E-04
44502.00 0.109604444871E-04
44504.00 0.108357005661E-04
44506.00 0.107015837168E-04
44508.00 0.105654871015E-04
44510.00 0.104395675354E-04
44512.00 0.103925366411E-04
44514.00 0.104254105966E-04
44516.00 0.105820852428E-04
44518.00 0.107487180950E-04
44520.00 0.109137630630E-04
44522.00 0.110108106170E-04
44524.00 0.110332140362E-04
44526.00 0.109396306486E-04
44528.00 0.105804532505E-04
44530.00 0.100996483241E-04
44532.00 0.960654747285E-05
44534.00 0.940668101599E-05
44536.00 0.953959846973E-05
44538.00 0.987635209115E-05
44540.00 0.101607377626E-04
44542.00 0.103524815804E-04
44544.00 0.105134940687E-04
44546.00 0.107185262390E-04
44548.00 0.108701437449E-04
44550.00 0.109377085622E-04
44552.00 0.108880481585E-04
44554.00 0.107567576077E-04
44556.00 0.105600109363E-04
44558.00 0.102627796878E-04
44560.00 0.988757755116E-05
44562.00 0.957954834999E-05
44564.00 0.963956562732E-05
44566.00 0.100409525872E-04
44568.00 0.105507822069E-04
44570.00 0.108697739172E-04
44572.00 0.109795771360E-04
44574.00 0.109645397357E-04
44576.00 0.109246339634E-04
44578.00 0.109278351789E-04
44580.00 0.109608075290E-04
44582.00 0.110009338408E-04
44584.00 0.110008032136E-04
44586.00 0.108617242258E-04
44588.00 0.105135568376E-04
44590.00 0.994805456850E-05
44592.00 0.950453438739E-05
44594.00 0.933635945513E-05
44596.00 0.972469556664E-05
44598.00 0.101601779316E-04
44600.00 0.105114193010E-04
44602.00 0.105683286680E-04
44604.00 0.106219638718E-04
44606.00 0.107245079485E-04
44608.00 0.108390493734E-04
44610.00 0.109243099400E-04
44612.00 0.109619577272E-04
44614.00 0.109847174025E-04
44616.00 0.109888771166E-04
44618.00 0.109320423937E-04
44620.00 0.106946163654E-04
44622.00 0.102934363733E-04
44624.00 0.984366813884E-05
44626.00 0.965988749303E-05
44628.00 0.981514559704E-05
44630.00 0.101614383996E-04
44632.00 0.102773217225E-04
44634.00 0.100530737768E-04
44636.00 0.960868500944E-05
44638.00 0.929489803115E-05
44640.00 0.909714027109E-05
44642.00 0.893271959952E-05
44644.00 0.859330593257E-05
44646.00 0.839149024591E-05
44648.00 0.836406361573E-05
44650.00 0.884969326763E-05
44652.00 0.918378514706E-05
44654.00 0.935096595516E-05
44656.00 0.913672371650E-05
44658.00 0.915256863058E-05
44660.00 0.942821754534E-05
44662.00 0.100397039944E-04
44664.00 0.104887987352E-04
44666.00 0.107303081371E-04
44668.00 0.107852648813E-04
44670.00 0.108377074754E-04
44672.00 0.109005714086E-04
44674.00 0.109514719228E-04
44676.00 0.109311127350E-04
44678.00 0.108525175504E-04
44680.00 0.107313022612E-04
44682.00 0.105690089475E-04
44684.00 0.103319493540E-04
44686.00 0.997088379855E-05
44688.00 0.946094051618E-05
44690.00 0.895126188120E-05
44692.00 0.857420721280E-05
44694.00 0.857662296843E-05
44696.00 0.875360590860E-05
44698.00 0.902803167743E-05
44700.00 0.931142831410E-05
44702.00 0.963316149984E-05
44704.00 0.100465559867E-04
44706.00 0.103018847322E-04
44708.00 0.104343560176E-04
44710.00 0.104501703955E-04
44712.00 0.105035256837E-04
44714.00 0.105687035851E-04
44716.00 0.105899839494E-04
44718.00 0.104826151472E-04
44720.00 0.102060382702E-04
44722.00 0.974708711064E-05
44724.00 0.934470772303E-05
44726.00 0.922240670101E-05
44728.00 0.948840616489E-05
44730.00 0.989638895198E-05
44732.00 0.101389247107E-04
44734.00 0.101047835013E-04
44736.00 0.976697468320E-05
44738.00 0.952785389370E-05
44740.00 0.950658201172E-05
44742.00 0.988285630963E-05
44744.00 0.102132041071E-04
44746.00 0.103518013009E-04
44748.00 0.100757367541E-04
44750.00 0.973771078943E-05
44752.00 0.942388988198E-05
44754.00 0.914461054793E-05
44756.00 0.877751578216E-05
44758.00 0.833071634849E-05
44760.00 0.826396922382E-05
44762.00 0.861767384968E-05
44764.00 0.935790277032E-05
44766.00 0.994085819531E-05
44768.00 0.103257725518E-04
44770.00 0.105033950565E-04
44772.00 0.106169932510E-04
44774.00 0.106881240221E-04
44776.00 0.107316551244E-04
44778.00 0.107592038995E-04
44780.00 0.107470233339E-04
44782.00 0.106829905414E-04
44784.00 0.105180422715E-04
44786.00 0.103303970953E-04
44788.00 0.101540689877E-04
44790.00 0.101633011101E-04
44792.00 0.100920787302E-04
44794.00 0.991792887426E-05
44796.00 0.975188469276E-05
44798.00 0.979566517430E-05
44800.00 0.100826294613E-04
44802.00 0.104082814641E-04
44804.00 0.106535994133E-04
44806.00 0.107709077606E-04
44808.00 0.107230252445E-04
44810.00 0.104725992615E-04
44812.00 0.100059936853E-04
44814.00 0.944375031122E-05
44816.00 0.921068926830E-05
44818.00 0.941819148087E-05
44820.00 0.995421440608E-05
44822.00 0.104130468136E-04
44824.00 0.106605905151E-04
44826.00 0.107466060053E-04
44828.00 0.106771479414E-04
44830.00 0.104594703761E-04
44832.00 0.100661263217E-04
44834.00 0.974669353247E-05
44836.00 0.959061773589E-05
44838.00 0.973464359407E-05
44840.00 0.999928080249E-05
44842.00 0.103019831268E-04
44844.00 0.105037988134E-04
44846.00 0.105759406733E-04
44848.00 0.105496659378E-04
44850.00 0.104259941781E-04
44852.00 0.103958667874E-04
44854.00 0.104535972398E-04
44856.00 0.105779323145E-04
44858.00 0.106720840154E-04
44860.00 0.107289832037E-04
44862.00 0.107471115497E-04
44864.00 0.107301944744E-04
44866.00 0.106362429555E-04
44868.00 0.103744608852E-04
44870.00 0.990674921861E-05
44872.00 0.933910941292E-05
44874.00 0.887392037876E-05
44876.00 0.886062524047E-05
44878.00 0.919148027878E-05
44880.00 0.965331371979E-05
44882.00 0.983681784301E-05
44884.00 0.980341119975E-05
44886.00 0.973976011022E-05
44888.00 0.989572224414E-05
44890.00 0.101422039632E-04
44892.00 0.102112786277E-04
44894.00 0.999300390933E-05
44896.00 0.966885836087E-05
44898.00 0.957430290306E-05
44900.00 0.975624458882E-05
44902.00 0.100621956294E-04
44904.00 0.101357217987E-04
44906.00 0.994787304753E-05
44908.00 0.959240580222E-05
44910.00 0.934920333570E-05
44912.00 0.941382479898E-05
44914.00 0.972185569661E-05
44916.00 0.100315423369E-04
44918.00 0.102037022480E-04
44920.00 0.102707326811E-04
44922.00 0.103540508037E-04
44924.00 0.104047273855E-04
44926.00 0.103299644986E-04
44928.00 0.999335846897E-05
44930.00 0.944189947597E-05
44932.00 0.892574376583E-05
44934.00 0.873351476112E-05
44936.00 0.901384250598E-05
44938.00 0.942830915406E-05
44940.00 0.962560717410E-05
44942.00 0.961572021915E-05
44944.00 0.959996521733E-05
44946.00 0.980166893778E-05
44948.00 0.995732740579E-05
44950.00 0.100292368510E-04
44952.00 0.998061298295E-05
44954.00 0.991648009946E-05
44956.00 0.986689773289E-05
44958.00 0.989276871144E-05
44960.00 0.994505353498E-05
44962.00 0.999010466328E-05
44964.00 0.991077491252E-05
44966.00 0.980781181079E-05
44968.00 0.973810436759E-05
44970.00 0.996398430545E-05
44972.00 0.102182069606E-04
44974.00 0.104556550429E-04
44976.00 0.105288164738E-04
44978.00 0.105292219272E-04
44980.00 0.104395607496E-04
44982.00 0.102194301065E-04
44984.00 0.985724997846E-05
44986.00 0.942236985596E-05
44988.00 0.902853891825E-05
44990.00 0.883342254269E-05
44992.00 0.886877502283E-05
44994.00 0.916981142573E-05
44996.00 0.964913195178E-05
44998.00 0.101033143690E-04
45000.00 0.103413629973E-04
45002.00 0.104131469046E-04
45004.00 0.104296788840E-04
45006.00 0.104829697069E-04
45008.00 0.105373004583E-04
45010.00 0.105765157724E-04
45012.00 0.105732161624E-04
45014.00 0.104831800676E-04
45016.00 0.103349368158E-04
45018.00 0.101206894878E-04
45020.00 0.100312386709E-04
45022.00 0.100479776182E-04
45024.00 0.102614343970E-04
45026.00 0.103439721491E-04
45028.00 0.102620230678E-04
45030.00 0.970622453619E-05
45032.00 0.927206540817E-05
45034.00 0.904993464163E-05
45036.00 0.932822663735E-05
45038.00 0.965685592328E-05
45040.00 0.993713447086E-05
45042.00 0.100193193598E-04
45044.00 0.998016851105E-05
45046.00 0.989136913391E-05
45048.00 0.985828651406E-05
45050.00 0.992913058386E-05
45052.00 0.100534283365E-04
45054.00 0.101627989586E-04
45056.00 0.102565621707E-04
45058.00 0.103379276706E-04
45060.00 0.104080473530E-04
45062.00 0.104703667233E-04
45064.00 0.105153957976E-04
45066.00 0.105198031945E-04
45068.00 0.103695666050E-04
45070.00 0.100781338487E-04
45072.00 0.962979233502E-05
45074.00 0.935827429454E-05
45076.00 0.928823773857E-05
45078.00 0.964828372297E-05
45080.00 0.997750676906E-05
45082.00 0.102301194859E-04
45084.00 0.100349980210E-04
45086.00 0.971458637575E-05
45088.00 0.928834631186E-05
45090.00 0.885276555236E-05
45092.00 0.866762095464E-05
45094.00 0.878694299709E-05
45096.00 0.931915907143E-05
45098.00 0.977968284716E-05
45100.00 0.100678431368E-04
45102.00 0.100862361302E-04
45104.00 0.100887926918E-04
45106.00 0.101349448211E-04
45108.00 0.102323231844E-04
45110.00 0.101868140125E-04
45112.00 0.999122771821E-05
45114.00 0.974834927510E-05
45116.00 0.964301113272E-05
45118.00 0.970917637243E-05
45120.00 0.988403195475E-05
45122.00 0.100891150188E-04
45124.00 0.102668952940E-04
45126.00 0.103550618925E-04
45128.00 0.103286293864E-04
45130.00 0.102088102819E-04
45132.00 0.100496011281E-04
45134.00 0.997189828020E-05
45136.00 0.998489144904E-05
45138.00 0.100797845019E-04
45140.00 0.100679211738E-04
45142.00 0.993247599826E-05
45144.00 0.951724933718E-05
45146.00 0.924202792973E-05
45148.00 0.913309329722E-05
45150.00 0.954915291899E-05
45152.00 0.994420191326E-05
45154.00 0.102737388040E-04
45156.00 0.102952855121E-04
45158.00 0.101255684999E-04
45160.00 0.973215658721E-05
45162.00 0.926254149515E-05
45164.00 0.904139128111E-05
45166.00 0.923871305156E-05
45168.00 0.971687828998E-05
45170.00 0.100936394712E-04
45172.00 0.101809408763E-04
45174.00 0.100945606477E-04
45176.00 0.998515609643E-05
45178.00 0.995918841979E-05
45180.00 0.100429730682E-04
45182.00 0.101686585232E-04
45184.00 0.102711856353E-04
45186.00 0.102837529933E-04
45188.00 0.102176623977E-04
45190.00 0.100886467965E-04
45192.00 0.995589050620E-05
45194.00 0.979730055944E-05
45196.00 0.959096550970E-05
45198.00 0.925417795913E-05
45200.00 0.898554898596E-05
45202.00 0.887321465239E-05
45204.00 0.916266255336E-05
45206.00 0.948933243075E-05
45208.00 0.974005529385E-05
45210.00 0.987199389155E-05
45212.00 0.100055814461E-04
45214.00 0.101793360274E-04
45216.00 0.103210886324E-04
45218.00 0.103973935992E-04
45220.00 0.103582851619E-04
45222.00 0.100968101505E-04
45224.00 0.972249017175E-05
45226.00 0.921442656441E-05
45228.00 0.887301447040E-05
45230.00 0.868632270333E-05
45232.00 0.876846857372E-05
45234.00 0.897155490713E-05
45236.00 0.920310270987E-05
45238.00 0.932736822980E-05
45240.00 0.928999187574E-05
45242.00 0.916942632985E-05
45244.00 0.909830743392E-05
45246.00 0.917760664845E-05
45248.00 0.937152193202E-05
45250.00 0.960351929602E-05
45252.00 0.966854112330E-05
45254.00 0.951173754640E-05
45256.00 0.908262537978E-05
45258.00 0.864234034333E-05
45260.00 0.833620269240E-05
45262.00 0.830220907481E-05
45264.00 0.854990715399E-05
45266.00 0.895524007430E-05
45268.00 0.942623099348E-05
45270.00 0.982972495374E-05
45272.00 0.101184433779E-04
45274.00 0.102440847250E-04
45276.00 0.101834821698E-04
45278.00 0.100296406079E-04
45280.00 0.986888937412E-05
45282.00 0.979576187239E-05
45284.00 0.978814308126E-05
45286.00 0.980758787839E-05
45288.00 0.978070581110E-05
45290.00 0.971183641796E-05
45292.00 0.959752910420E-05
45294.00 0.943573963839E-05
45296.00 0.923757133559E-05
45298.00 0.898329439379E-05
45300.00 0.877089281165E-05
45302.00 0.860702348881E-05
45304.00 0.882345585424E-05
45306.00 0.912357447357E-05
45308.00 0.948923573266E-05
45310.00 0.960759927657E-05
45312.00 0.962434331318E-05
45314.00 0.955860897371E-05
45316.00 0.961238667995E-05
45318.00 0.975197799793E-05
45320.00 0.996164319395E-05
45322.00 0.100973920354E-04
45324.00 0.100928845476E-04
45326.00 0.990209922830E-05
45328.00 0.955662920768E-05
45330.00 0.923720490074E-05
45332.00 0.910379208138E-05
45334.00 0.931909290958E-05
45336.00 0.964099065171E-05
45338.00 0.989431927370E-05
45340.00 0.100188070296E-04
45342.00 0.100744186065E-04
45344.00 0.100799999520E-04
45346.00 0.996240999279E-05
45348.00 0.974261185546E-05
45350.00 0.947324492323E-05
45352.00 0.939832596226E-05
45354.00 0.951827230111E-05
45356.00 0.980332298395E-05
45358.00 0.100086333733E-04
45360.00 0.101098168910E-04
45362.00 0.101036248207E-04
45364.00 0.995038550125E-05
45366.00 0.970533219948E-05
45368.00 0.936771338468E-05
45370.00 0.895708242726E-05
45372.00 0.868790719474E-05
45374.00 0.873419504063E-05
45376.00 0.913866107109E-05
45378.00 0.958658525616E-05
45380.00 0.984901028385E-05
45382.00 0.985046923739E-05
45384.00 0.978881487847E-05
45386.00 0.986528100879E-05
45388.00 0.100037967726E-04
45390.00 0.101414286821E-04
45392.00 0.101329905019E-04
45394.00 0.100120161098E-04
45396.00 0.979748716978E-05
45398.00 0.943101161103E-05
45400.00 0.909917262730E-05
45402.00 0.881493963703E-05
45404.00 0.870098518645E-05
45406.00 0.877233988999E-05
45408.00 0.903450027029E-05
45410.00 0.944508711982E-05
45412.00 0.973768194965E-05
45414.00 0.984910019610E-05
45416.00 0.973454011016E-05
45418.00 0.962338990400E-05
45420.00 0.959874885722E-05
45422.00 0.973690157915E-05
45424.00 0.987950241293E-05
45426.00 0.995503379510E-05
45428.00 0.992021230620E-05
45430.00 0.981877092695E-05
45432.00 0.967298075286E-05
45434.00 0.949802168662E-05
45436.00 0.927798943815E-05
45438.00 0.901572557392E-05
45440.00 0.875960627917E-05
45442.00 0.858622322205E-05
45444.00 0.855006322809E-05
45446.00 0.866968724001E-05
45448.00 0.889807963158E-05
45450.00 0.919873602798E-05
45452.00 0.951165441998E-05
45454.00 0.970808894310E-05
45456.00 0.973756828699E-05
45458.00 0.955595571401E-05
45460.00 0.941112743138E-05
45462.00 0.939472268629E-05
45464.00 0.959568335832E-05
45466.00 0.979894612332E-05
45468.00 0.992128446741E-05
45470.00 0.997694863451E-05
45472.00 0.100157381378E-04
45474.00 0.100558508780E-04
45476.00 0.100446763117E-04
45478.00 0.999310400033E-05
45480.00 0.988110895829E-05
45482.00 0.980081561961E-05
45484.00 0.974638308073E-05
45486.00 0.973736640853E-05
45488.00 0.969994594657E-05
45490.00 0.966006392462E-05
45492.00 0.969035756816E-05
45494.00 0.967338450977E-05
45496.00 0.956316905176E-05
45498.00 0.896596338285E-05
45500.00 0.829926402440E-05
45502.00 0.763540283953E-05
45504.00 0.746311060466E-05
45506.00 0.762634714881E-05
45508.00 0.812151089248E-05
45510.00 0.875440154722E-05
45512.00 0.929567161582E-05
45514.00 0.967129786691E-05
45516.00 0.981233287032E-05
45518.00 0.978096027974E-05
45520.00 0.962039395987E-05
45522.00 0.950405089697E-05
45524.00 0.952168896674E-05
45526.00 0.968266243644E-05
45528.00 0.982527005605E-05
45530.00 0.993150392805E-05
45532.00 0.998767024660E-05
45534.00 0.100108845725E-04
45536.00 0.100172361098E-04
45538.00 0.100155905460E-04
45540.00 0.100023072829E-04
45542.00 0.996744168606E-05
45544.00 0.989826353764E-05
45546.00 0.978636010431E-05
45548.00 0.964481446716E-05
45550.00 0.949255570020E-05
45552.00 0.942442087321E-05
45554.00 0.943173430197E-05
45556.00 0.950429518687E-05
45558.00 0.955352469025E-05
45560.00 0.957549551276E-05
45562.00 0.957064703691E-05
45564.00 0.960168542534E-05
45566.00 0.965667949169E-05
45568.00 0.972598996380E-05
45570.00 0.974246087074E-05
45572.00 0.971597747099E-05
45574.00 0.965144083059E-05
45576.00 0.962328811655E-05
45578.00 0.964093636507E-05
45580.00 0.972717409121E-05
45582.00 0.979752279539E-05
45584.00 0.983976119696E-05
45586.00 0.982550416721E-05
45588.00 0.977506848246E-05
45590.00 0.970730009031E-05
45592.00 0.969517890069E-05
45594.00 0.972164872878E-05
45596.00 0.977923158943E-05
45598.00 0.981958522660E-05
45600.00 0.981182054012E-05
45602.00 0.974997278503E-05
45604.00 0.962101316689E-05
45606.00 0.949398751043E-05
45608.00 0.937693023888E-05
45610.00 0.927643039360E-05
45612.00 0.920550828676E-05
45614.00 0.918592438011E-05
45616.00 0.922216241112E-05
45618.00 0.928076314634E-05
45620.00 0.935486780766E-05
45622.00 0.943151376248E-05
45624.00 0.950655656486E-05
45626.00 0.957170393000E-05
45628.00 0.960711069678E-05
45630.00 0.961122291003E-05
45632.00 0.956395960101E-05
45634.00 0.951989750751E-05
45636.00 0.948503700008E-05
45638.00 0.947573023363E-05
45640.00 0.943280307026E-05
45642.00 0.936218971870E-05
45644.00 0.928443088769E-05
45646.00 0.927576198930E-05
45648.00 0.933474612395E-05
45650.00 0.943184117880E-05
45652.00 0.948187480309E-05
45654.00 0.949612674347E-05
45656.00 0.953789692275E-05
45658.00 0.959785821697E-05
45660.00 0.966106653107E-05
45662.00 0.970132855952E-05
45664.00 0.971047755542E-05
45666.00 0.969387602124E-05
45668.00 0.967561874444E-05
45670.00 0.965635207537E-05
45672.00 0.963358561424E-05
45674.00 0.959899654003E-05
45676.00 0.955342968862E-05
45678.00 0.949805900869E-05
45680.00 0.944217430210E-05
45682.00 0.939708585174E-05
45684.00 0.937014610490E-05
45686.00 0.935882055389E-05
45688.00 0.935863055064E-05
45690.00 0.936840045001E-05
45692.00 0.940556305042E-05
45694.00 0.947003522543E-05
45696.00 0.956361691657E-05
45698.00 0.965552250760E-05
45700.00 0.973460796846E-05
45702.00 0.979332575926E-05
45704.00 0.979494926919E-05
45706.00 0.976569046479E-05
45708.00 0.972247490363E-05
45710.00 0.968118142895E-05
45712.00 0.964919132780E-05
45714.00 0.963735175014E-05
45716.00 0.964212049248E-05
45718.00 0.965627403832E-05
45720.00 0.967157099659E-05
45722.00 0.966313281643E-05
45724.00 0.963136834414E-05
45726.00 0.956667393319E-05
45728.00 0.949625567425E-05
45730.00 0.942509945626E-05
45732.00 0.936378438886E-05
45734.00 0.931397978634E-05
45736.00 0.927577216805E-05
45738.00 0.923898278832E-05
45740.00 0.920640571283E-05
45742.00 0.917960507551E-05
45744.00 0.920325878397E-05
45746.00 0.925100388694E-05
45748.00 0.932755484014E-05
45750.00 0.940705932603E-05
45752.00 0.948572406541E-05
45754.00 0.956082285089E-05
45756.00 0.963120887713E-05
45758.00 0.970258733107E-05
45760.00 0.978215967527E-05
45762.00 0.983710963372E-05
45764.00 0.985941465837E-05
45766.00 0.978238700059E-05
45768.00 0.969174018111E-05
45770.00 0.959231928288E-05
45772.00 0.949405197582E-05
45774.00 0.941490713894E-05
45776.00 0.935315777839E-05
45778.00 0.930719904528E-05
45780.00 0.926390375061E-05
45782.00 0.922634587558E-05
45784.00 0.921646909938E-05
45786.00 0.922464432860E-05
45788.00 0.925203872609E-05
45790.00 0.928716897027E-05
45792.00 0.932370897074E-05
45794.00 0.935935154512E-05
45796.00 0.939119575092E-05
45798.00 0.941525830566E-05
45800.00 0.942765432142E-05
45802.00 0.943599071411E-05
45804.00 0.944972523492E-05
45806.00 0.947987976894E-05
45808.00 0.951906454682E-05
45810.00 0.956348968225E-05
45812.00 0.960515298470E-05
45814.00 0.961557093088E-05
45816.00 0.959372734269E-05
45818.00 0.953000160903E-05
45820.00 0.946010416258E-05
45822.00 0.939267166904E-05
45824.00 0.934368815201E-05
45826.00 0.931453792090E-05
45828.00 0.930300709852E-05
45830.00 0.930302236664E-05
45832.00 0.930308343911E-05
45834.00 0.929344586343E-05
45836.00 0.925869223283E-05
45838.00 0.921204134501E-05
45840.00 0.916084055789E-05
45842.00 0.911201990078E-05
45844.00 0.908227421305E-05
45846.00 0.907903906839E-05
45848.00 0.909212554239E-05
45850.00 0.911023013801E-05
45852.00 0.912761543559E-05
45854.00 0.915088235172E-05
45856.00 0.918470802000E-05
45858.00 0.923336921009E-05
45860.00 0.928974080001E-05
45862.00 0.934130971844E-05
45864.00 0.937443305328E-05
45866.00 0.936062728125E-05
45868.00 0.931633277305E-05
45870.00 0.925585575571E-05
45872.00 0.919075758784E-05
45874.00 0.912819053472E-05
45876.00 0.907338647163E-05
45878.00 0.902486269461E-05
45880.00 0.898138418253E-05
45882.00 0.894351076638E-05
45884.00 0.892604743174E-05
45886.00 0.893222253744E-05
45888.00 0.896592775724E-05
45890.00 0.901177622061E-05
45892.00 0.906290406006E-05
45894.00 0.911641542245E-05
45896.00 0.917216441243E-05
45898.00 0.922934860555E-05
45900.00 0.928472946423E-05
45902.00 0.933535684869E-05
45904.00 0.937781578975E-05
45906.00 0.938559404789E-05
45908.00 0.937652139259E-05
45910.00 0.935778401829E-05
45912.00 0.933232867185E-05
45914.00 0.930052687750E-05
45916.00 0.926063467680E-05
45918.00 0.921060444542E-05
45920.00 0.915525751589E-05
45922.00 0.909600534095E-05
45924.00 0.904464508680E-05
45926.00 0.900140916815E-05
45928.00 0.896825699354E-05
45930.00 0.894208404553E-05
45932.00 0.892194200433E-05
45934.00 0.891108297917E-05
45936.00 0.892178932314E-05
45938.00 0.895083776680E-05
45940.00 0.899398716611E-05
45942.00 0.904539152815E-05
45944.00 0.910339511030E-05
45946.00 0.917300585541E-05
45948.00 0.924651845302E-05
45950.00 0.932241796650E-05
45952.00 0.939407294303E-05
45954.00 0.944977273574E-05
45956.00 0.948312509235E-05
45958.00 0.947770321383E-05
45960.00 0.946079122791E-05
45962.00 0.943940907620E-05
45964.00 0.941890060015E-05
45966.00 0.940046689176E-05
45968.00 0.938613352141E-05
45970.00 0.937248891286E-05
45972.00 0.935866617625E-05
45974.00 0.934360332913E-05
45976.00 0.932703572411E-05
45978.00 0.930966908756E-05
45980.00 0.929269942208E-05
45982.00 0.927886141736E-05
45984.00 0.926801935677E-05
45986.00 0.926486224916E-05
45988.00 0.926344061768E-05
45990.00 0.926322856048E-05
45992.00 0.926059056890E-05
45994.00 0.925122272998E-05
45996.00 0.923317242100E-05
45998.00 0.920661777004E-05
46000.00 0.917642252103E-05
46002.00 0.914204550402E-05
46004.00 0.911031156797E-05
46006.00 0.908549748251E-05
46008.00 0.907601598093E-05
46010.00 0.907587008557E-05
46012.00 0.908217242559E-05
46014.00 0.909999201633E-05
46016.00 0.912971565012E-05
46018.00 0.916674253391E-05
46020.00 0.921220590140E-05
46022.00 0.925222363997E-05
46024.00 0.928742174246E-05
46026.00 0.930733306543E-05
46028.00 0.931769502851E-05
46030.00 0.931928291283E-05
46032.00 0.931918282183E-05
46034.00 0.932238234089E-05
46036.00 0.932983827208E-05
46038.00 0.934831439191E-05
46040.00 0.936898912081E-05
46042.00 0.939134164628E-05
46044.00 0.941134627441E-05
46046.00 0.942823620638E-05
46048.00 0.943904603427E-05
46050.00 0.945047846210E-05
46052.00 0.946323751979E-05
46054.00 0.947925038317E-05
46056.00 0.947583880692E-05
46058.00 0.945444308354E-05
46060.00 0.938727523738E-05
46062.00 0.931458711817E-05
46064.00 0.923832625922E-05
46066.00 0.916357694401E-05
46068.00 0.910109641023E-05
46070.00 0.904970731631E-05
46072.00 0.900136506026E-05
46074.00 0.895868897262E-05
46076.00 0.892455794196E-05
46078.00 0.893221066224E-05
46080.00 0.895253931378E-05
46082.00 0.898551336035E-05
46084.00 0.902780435211E-05
46086.00 0.907606857111E-05
46088.00 0.913296606290E-05
46090.00 0.919716001886E-05
46092.00 0.926381383836E-05
46094.00 0.932922924380E-05
46096.00 0.937176961483E-05
46098.00 0.939483465249E-05
46100.00 0.937912375857E-05
46102.00 0.935894948467E-05
46104.00 0.933541283179E-05
46106.00 0.930797093349E-05
46108.00 0.927229612641E-05
46110.00 0.922849698383E-05
46112.00 0.917231030779E-05
46114.00 0.911425413546E-05
46116.00 0.905619117730E-05
46118.00 0.902152915541E-05
46120.00 0.899899001960E-05
46122.00 0.899088434514E-05
46124.00 0.898960521610E-05
46126.00 0.899094711407E-05
46128.00 0.899419243748E-05
46130.00 0.899412118626E-05
46132.00 0.899313724085E-05
46134.00 0.899283357494E-05
46136.00 0.899132372766E-05
46138.00 0.898696552806E-05
46140.00 0.897180937577E-05
46142.00 0.894729217039E-05
46144.00 0.891592636564E-05
46146.00 0.888042120432E-05
46148.00 0.885109114870E-05
46150.00 0.882782423258E-05
46152.00 0.881099028372E-05
46154.00 0.879448205471E-05
46156.00 0.877932081305E-05
46158.00 0.878305132334E-05
46160.00 0.879992768364E-05
46162.00 0.883459818782E-05
46164.00 0.888769391810E-05
46166.00 0.894766539107E-05
46168.00 0.901158452090E-05
46170.00 0.905955864565E-05
46172.00 0.909904200007E-05
46174.00 0.912970716783E-05
46176.00 0.914393026843E-05
46178.00 0.914233390182E-05
46180.00 0.910338153863E-05
46182.00 0.905252513240E-05
46184.00 0.899278098475E-05
46186.00 0.892938606032E-05
46188.00 0.888490324533E-05
46190.00 0.886016889337E-05
46192.00 0.886254732694E-05
46194.00 0.887365742783E-05
46196.00 0.889478850382E-05
46198.00 0.893382060051E-05
46200.00 0.897411995104E-05
46202.00 0.901179827456E-05
46204.00 0.904920516486E-05
46206.00 0.908109687147E-05
46208.00 0.909987835367E-05
46210.00 0.911634756415E-05
46212.00 0.913286766835E-05
46214.00 0.915296390520E-05
46216.00 0.917312969681E-05
46218.00 0.919189251798E-05
46220.00 0.920086168936E-05
46222.00 0.920292967119E-05
46224.00 0.919903460452E-05
46226.00 0.918183422081E-05
46228.00 0.915045993377E-05
46230.00 0.910360886395E-05
46232.00 0.903821720892E-05
46234.00 0.896977362664E-05
46236.00 0.889982528647E-05
46238.00 0.886321064187E-05
46240.00 0.885064158744E-05
46242.00 0.887527584839E-05
46244.00 0.891798416872E-05
46246.00 0.897026899226E-05
46248.00 0.903556564567E-05
46250.00 0.910654543208E-05
46252.00 0.917908087011E-05
46254.00 0.924697140720E-05
46256.00 0.930209101141E-05
46258.00 0.934655516537E-05
46260.00 0.935944654675E-05
46262.00 0.936408126894E-05
46264.00 0.936160613729E-05
46266.00 0.935367010859E-05
46268.00 0.934144204213E-05
46270.00 0.932412120994E-05
46272.00 0.929119805710E-05
46274.00 0.925475645118E-05
46276.00 0.921508648642E-05
46278.00 0.916673405162E-05
46280.00 0.911530933209E-05
46282.00 0.906107188584E-05
46284.00 0.901364402044E-05
46286.00 0.897398593089E-05
46288.00 0.895316869956E-05
46290.00 0.895932514422E-05
46292.00 0.898203562225E-05
46294.00 0.902014823891E-05
46296.00 0.905755173630E-05
46298.00 0.909377449919E-05
46300.00 0.912753061271E-05
46302.00 0.915891507850E-05
46304.00 0.918801950526E-05
46306.00 0.920773064623E-05
46308.00 0.922633230392E-05
46310.00 0.924446064994E-05
46312.00 0.925659032185E-05
46314.00 0.926839597036E-05
46316.00 0.928182682526E-05
46318.00 0.929328300350E-05
46320.00 0.930035383882E-05
46322.00 0.929762593498E-05
46324.00 0.930104768998E-05
46326.00 0.930856639011E-05
46328.00 0.931808012439E-05
46330.00 0.932749716058E-05
46332.00 0.933588953638E-05
46334.00 0.933868190560E-05
46336.00 0.933279689415E-05
46338.00 0.931877567201E-05
46340.00 0.929340514845E-05
46342.00 0.926123013342E-05
46344.00 0.922253902471E-05
46346.00 0.917999695722E-05
46348.00 0.913917170483E-05
46350.00 0.910223303683E-05
46352.00 0.907118616611E-05
46354.00 0.904490803773E-05
46356.00 0.902504082266E-05
46358.00 0.901314526190E-05
46360.00 0.900865473861E-05
46362.00 0.901535744262E-05
46364.00 0.902811819677E-05
46366.00 0.904318274034E-05
46368.00 0.905428435894E-05
46370.00 0.906088527550E-05
46372.00 0.906360978643E-05
46374.00 0.906392193463E-05
46376.00 0.906414077766E-05
46378.00 0.906504668602E-05
46380.00 0.906984426814E-05
46382.00 0.907449256199E-05
46384.00 0.907724591269E-05
46386.00 0.907485899684E-05
46388.00 0.906955417389E-05
46390.00 0.906194386505E-05
46392.00 0.905817772916E-05
46394.00 0.906080723845E-05
46396.00 0.907417023505E-05
46398.00 0.909423593566E-05
46400.00 0.911393689788E-05
46402.00 0.911880233831E-05
46404.00 0.911121577988E-05
46406.00 0.909203223722E-05
46408.00 0.906112617248E-05
46410.00 0.902923446587E-05
46412.00 0.900210980515E-05
46414.00 0.898254116662E-05
46416.00 0.896704402635E-05
46418.00 0.895401862482E-05
46420.00 0.895440541715E-05
46422.00 0.896798725678E-05
46424.00 0.899668623017E-05
46426.00 0.902929723481E-05
46428.00 0.905871720268E-05
46430.00 0.907782610120E-05
46432.00 0.907689474597E-05
46434.00 0.905727860662E-05
46436.00 0.903000126471E-05
46438.00 0.899968217431E-05
46440.00 0.896963282066E-05
46442.00 0.894377371731E-05
46444.00 0.892296327181E-05
46446.00 0.890920669705E-05
46448.00 0.890287212433E-05
46450.00 0.890314525401E-05
46452.00 0.890956464960E-05
46454.00 0.891501706436E-05
46456.00 0.891644208876E-05
46458.00 0.890963420437E-05
46460.00 0.889040655381E-05
46462.00 0.885821287775E-05
46464.00 0.881221342965E-05
46466.00 0.875626765059E-05
46468.00 0.869346139695E-05
46470.00 0.863145417485E-05
46472.00 0.857996668638E-05
46474.00 0.854869079389E-05
46476.00 0.853198068643E-05
46478.00 0.853063709200E-05
46480.00 0.855378864900E-05
46482.00 0.859163152891E-05
46484.00 0.863952083078E-05
46486.00 0.868936275537E-05
46488.00 0.873416789730E-05
46490.00 0.877046700079E-05
46492.00 0.878753675726E-05
46494.00 0.878953688078E-05
46496.00 0.877730202850E-05
46498.00 0.876143845339E-05
46500.00 0.874330162508E-05
46502.00 0.872237921337E-05
46504.00 0.869648957379E-05
46506.00 0.866891874471E-05
46508.00 0.864192301476E-05
46510.00 0.861913619614E-05
46512.00 0.860375102208E-05
46514.00 0.860913897145E-05
46516.00 0.862145525369E-05
46518.00 0.863926636214E-05
46520.00 0.866346972286E-05
46522.00 0.868621752296E-05
46524.00 0.870777440981E-05
46526.00 0.873187428662E-05
46528.00 0.876057326000E-05
46530.00 0.879575948729E-05
46532.00 0.884554373232E-05
46534.00 0.890211550424E-05
46536.00 0.896697956096E-05
46538.00 0.902214666598E-05
46540.00 0.906698064770E-05
46542.00 0.908800315040E-05
46544.00 0.908790475586E-05
46546.00 0.907611776838E-05
46548.00 0.905242334494E-05
46550.00 0.902765167092E-05
46552.00 0.900430162838E-05
46554.00 0.900483092315E-05
46556.00 0.901344553490E-05
46558.00 0.902882901250E-05
46560.00 0.904673512258E-05
46562.00 0.904932391689E-05
46564.00 0.903072734857E-05
46566.00 0.899184454015E-05
46568.00 0.894861540733E-05
46570.00 0.890511144838E-05
46572.00 0.886178561748E-05
46574.00 0.881775406021E-05
46576.00 0.877159514510E-05
46578.00 0.871705742585E-05
46580.00 0.865981385671E-05
46582.00 0.861282367737E-05
46584.00 0.858193118430E-05
46586.00 0.856615921790E-05
46588.00 0.856694128485E-05
46590.00 0.858951095690E-05
46592.00 0.863636202671E-05
46594.00 0.872597231059E-05
46596.00 0.882906943247E-05
46598.00 0.893494874482E-05
46600.00 0.902030770593E-05
46602.00 0.908376030992E-05
46604.00 0.911806098633E-05
46606.00 0.912784445737E-05
46608.00 0.912256168837E-05
46610.00 0.910788224067E-05
46612.00 0.908509372560E-05
46614.00 0.905635573368E-05
46616.00 0.902585681877E-05
46618.00 0.899679989283E-05
46620.00 0.897318011352E-05
46622.00 0.896344244684E-05
46624.00 0.896726286938E-05
46626.00 0.898524871296E-05
46628.00 0.900626612629E-05
46630.00 0.902452340309E-05
46632.00 0.903294970804E-05
46634.00 0.902045869066E-05
46636.00 0.899165962627E-05
46638.00 0.895536730862E-05
46640.00 0.891822167279E-05
46642.00 0.888244168534E-05
46644.00 0.884872967971E-05
46646.00 0.881610679987E-05
46648.00 0.878436777444E-05
46650.00 0.875399100448E-05
46652.00 0.872586713022E-05
46654.00 0.870212690242E-05
46656.00 0.868076680466E-05
46658.00 0.866174951485E-05
46660.00 0.864724140937E-05
46662.00 0.864234543270E-05
46664.00 0.865069200415E-05
46666.00 0.868812773423E-05
46668.00 0.873068506983E-05
46670.00 0.877475734208E-05
46672.00 0.881235932501E-05
46674.00 0.883962309526E-05
46676.00 0.885163062222E-05
46678.00 0.885789394372E-05
46680.00 0.886205535424E-05
46682.00 0.886553987817E-05
46684.00 0.886849001795E-05
46686.00 0.887014406412E-05
46688.00 0.886641016092E-05
46690.00 0.885749357972E-05
46692.00 0.884547248110E-05
46694.00 0.884276154184E-05
46696.00 0.884557257210E-05
46698.00 0.885395476915E-05
46700.00 0.886255920215E-05
46702.00 0.886560264710E-05
46704.00 0.886053023884E-05
46706.00 0.883378558462E-05
46708.00 0.880083189555E-05
46710.00 0.876478556425E-05
46712.00 0.872716492029E-05
46714.00 0.869199396112E-05
46716.00 0.866613146485E-05
46718.00 0.865025940746E-05
46720.00 0.864432859165E-05
46722.00 0.865776283946E-05
46724.00 0.867767416243E-05
46726.00 0.870065437722E-05
46728.00 0.872344967812E-05
46730.00 0.874842831997E-05
46732.00 0.877675746560E-05
46734.00 0.881805942258E-05
46736.00 0.886593684925E-05
46738.00 0.891859489346E-05
46740.00 0.895921148156E-05
46742.00 0.898626658753E-05
46744.00 0.899558522918E-05
46746.00 0.898759152092E-05
46748.00 0.896963791003E-05
46750.00 0.895366406518E-05
46752.00 0.894104072410E-05
46754.00 0.893177636909E-05
46756.00 0.892181816292E-05
46758.00 0.890905231941E-05
46760.00 0.889089004423E-05
46762.00 0.886656453856E-05
46764.00 0.884101758341E-05
46766.00 0.882037339076E-05
46768.00 0.880216191831E-05
46770.00 0.878586405005E-05
46772.00 0.877128469335E-05
46774.00 0.875392823555E-05
46776.00 0.873326368540E-05
46778.00 0.871141500784E-05
46780.00 0.869542419841E-05
46782.00 0.869108465984E-05
46784.00 0.870025401322E-05
46786.00 0.871922380222E-05
46788.00 0.874728999692E-05
46790.00 0.876451752395E-05
46792.00 0.876907420909E-05
46794.00 0.873950156003E-05
46796.00 0.869378202744E-05
46798.00 0.863462824704E-05
46800.00 0.857871979004E-05
46802.00 0.853730586686E-05
46804.00 0.851665658484E-05
46806.00 0.855689146997E-05
46808.00 0.861906664138E-05
46810.00 0.870470042862E-05
46812.00 0.879173718630E-05
46814.00 0.887075818178E-05
46816.00 0.892327372355E-05
46818.00 0.894803691528E-05
46820.00 0.895613241100E-05
46822.00 0.894657965820E-05
46824.00 0.892988312240E-05
46826.00 0.890805819525E-05
46828.00 0.888090299828E-05
46830.00 0.885102498686E-05
46832.00 0.881883809662E-05
46834.00 0.879849078405E-05
46836.00 0.879431410541E-05
46838.00 0.881219985799E-05
46840.00 0.884307369004E-05
46842.00 0.887782223126E-05
46844.00 0.891279131198E-05
46846.00 0.893531009029E-05
46848.00 0.894830156267E-05
46850.00 0.895665152703E-05
46852.00 0.896073659695E-05
46854.00 0.896012587221E-05
46856.00 0.895316361018E-05
46858.00 0.893897104582E-05
46860.00 0.891604681413E-05
46862.00 0.888318303731E-05
46864.00 0.884776439533E-05
46866.00 0.881646305597E-05
46868.00 0.879488241871E-05
46870.00 0.878366204808E-05
46872.00 0.878495814169E-05
46874.00 0.879402401116E-05
46876.00 0.880560912018E-05
46878.00 0.881026250340E-05
46880.00 0.880668976368E-05
46882.00 0.879309435239E-05
46884.00 0.877234158645E-05
46886.00 0.874723740673E-05
46888.00 0.871856727312E-05
46890.00 0.868579849793E-05
46892.00 0.865086334636E-05
46894.00 0.861861199074E-05
46896.00 0.859734689460E-05
46898.00 0.858863049540E-05
46900.00 0.860424638770E-05
46902.00 0.863542558211E-05
46904.00 0.868426998962E-05
46906.00 0.874018523245E-05
46908.00 0.879644655263E-05
46910.00 0.885055337164E-05
46912.00 0.889424224447E-05
46914.00 0.893018678831E-05
46916.00 0.895004043172E-05
46918.00 0.895434095176E-05
46920.00 0.894866460460E-05
46922.00 0.893230396741E-05
46924.00 0.891168861453E-05
46926.00 0.888781945596E-05
46928.00 0.886051157781E-05
46930.00 0.882981078444E-05
46932.00 0.879541001703E-05
46934.00 0.876052915211E-05
46936.00 0.873019649004E-05
46938.00 0.870797119889E-05
46940.00 0.869338166344E-05
46942.00 0.868411391552E-05
46944.00 0.868068198178E-05
46946.00 0.867749264147E-05
46948.00 0.867407767230E-05
46950.00 0.867272050621E-05
46952.00 0.867463071748E-05
46954.00 0.868085502045E-05
46956.00 0.869193797802E-05
46958.00 0.870595241433E-05
46960.00 0.872057587893E-05
46962.00 0.872405700995E-05
46964.00 0.871654679211E-05
46966.00 0.869737682112E-05
46968.00 0.867289693780E-05
46970.00 0.864504788968E-05
46972.00 0.861501550061E-05
46974.00 0.858511204232E-05
46976.00 0.855669807380E-05
46978.00 0.853167193114E-05
46980.00 0.851357921073E-05
46982.00 0.850982325358E-05
46984.00 0.852417698142E-05
46986.00 0.855474205818E-05
46988.00 0.861374485386E-05
46990.00 0.868077189403E-05
46992.00 0.875331072498E-05
46994.00 0.881677520417E-05
46996.00 0.885693544517E-05
46998.00 0.886922628055E-05
47000.00 0.884447835694E-05
47002.00 0.880962633180E-05
47004.00 0.876452091686E-05
47006.00 0.873738777385E-05
47008.00 0.872429960339E-05
47010.00 0.873687714011E-05
47012.00 0.875171435837E-05
47014.00 0.876565584700E-05
47016.00 0.877319660108E-05
47018.00 0.877143228517E-05
47020.00 0.876318071535E-05
47022.00 0.876104657168E-05
47024.00 0.876882822273E-05
47026.00 0.878749095290E-05
47028.00 0.881093090770E-05
47030.00 0.883340557812E-05
47032.00 0.885224473988E-05
47034.00 0.885537470417E-05
47036.00 0.885023104469E-05
47038.00 0.884335360554E-05
47040.00 0.883898522720E-05
47042.00 0.883913451547E-05
47044.00 0.884613240311E-05
47046.00 0.884230180183E-05
47048.00 0.881279022524E-05
47050.00 0.875635925930E-05
47052.00 0.868573742545E-05
47054.00 0.861398744730E-05
47056.00 0.855521028048E-05
47058.00 0.851353170992E-05
47060.00 0.850060131001E-05
47062.00 0.848984916168E-05
47064.00 0.847722242769E-05
47066.00 0.846197805961E-05
47068.00 0.845905675960E-05
47070.00 0.847878316869E-05
47072.00 0.852473002660E-05
47074.00 0.858523927664E-05
47076.00 0.865910982681E-05
47078.00 0.869702565439E-05
47080.00 0.871125554082E-05
47082.00 0.869240959323E-05
47084.00 0.866134915085E-05
47086.00 0.862078854585E-05
47088.00 0.859682777857E-05
47090.00 0.858348683592E-05
47092.00 0.858240110305E-05
47094.00 0.858478971537E-05
47096.00 0.858058758987E-05
47098.00 0.856340077782E-05
47100.00 0.852718989014E-05
47102.00 0.848253573293E-05
47104.00 0.843579153994E-05
47106.00 0.840104130225E-05
47108.00 0.838144891332E-05
47110.00 0.838323019381E-05
47112.00 0.839073871519E-05
47114.00 0.839706310916E-05
47116.00 0.839571781827E-05
47118.00 0.837892967377E-05
47120.00 0.834001802556E-05
47122.00 0.829927759606E-05
47124.00 0.826638158654E-05
47126.00 0.825282858670E-05
47128.00 0.827224793696E-05
47130.00 0.832188459017E-05
47132.00 0.839407225439E-05
47134.00 0.847178867397E-05
47136.00 0.854405267878E-05
47138.00 0.859527382340E-05
47140.00 0.863016995644E-05
47142.00 0.864460511424E-05
47144.00 0.865078530931E-05
47146.00 0.864957743150E-05
47148.00 0.863281812677E-05
47150.00 0.860875387557E-05
47152.00 0.857753735909E-05
47154.00 0.854380160305E-05
47156.00 0.851084452106E-05
47158.00 0.847938032177E-05
47160.00 0.844787880041E-05
47162.00 0.841673014223E-05
47164.00 0.838644328452E-05
47166.00 0.837488362237E-05
47168.00 0.837909253370E-05
47170.00 0.840967796795E-05
47172.00 0.845695654508E-05
47174.00 0.851328742002E-05
47176.00 0.855956508717E-05
47178.00 0.858271155480E-05
47180.00 0.857936783685E-05
47182.00 0.855334248065E-05
47184.00 0.851929287996E-05
47186.00 0.848284618467E-05
47188.00 0.845315817649E-05
47190.00 0.843025430230E-05
47192.00 0.841551717504E-05
47194.00 0.840674988211E-05
47196.00 0.840419501695E-05
47198.00 0.841099272260E-05
47200.00 0.842845945015E-05
47202.00 0.845858853730E-05
47204.00 0.848999505704E-05
47206.00 0.851989342596E-05
47208.00 0.854178281850E-05
47210.00 0.855641985476E-05
47212.00 0.856540768717E-05
47214.00 0.857362872075E-05
47216.00 0.858206011507E-05
47218.00 0.858982140864E-05
47220.00 0.858639456427E-05
47222.00 0.857528955275E-05
47224.00 0.855315926323E-05
47226.00 0.851826143373E-05
47228.00 0.848061534291E-05
47230.00 0.844806201783E-05
47232.00 0.842289676564E-05
47234.00 0.840470395423E-05
47236.00 0.840486002833E-05
47238.00 0.840681265104E-05
47240.00 0.840843955389E-05
47242.00 0.840225426945E-05
47244.00 0.839106782797E-05
47246.00 0.837480558532E-05
47248.00 0.837412021644E-05
47250.00 0.838766134108E-05
47252.00 0.841941902754E-05
47254.00 0.846093134526E-05
47256.00 0.850604015311E-05
47258.00 0.854897579876E-05
47260.00 0.858327308227E-05
47262.00 0.860559507150E-05
47264.00 0.861985210125E-05
47266.00 0.863090282612E-05
47268.00 0.864359232905E-05
47270.00 0.866286069458E-05
47272.00 0.868879444207E-05
47274.00 0.872324101384E-05
47276.00 0.875742463468E-05
47278.00 0.878678522654E-05
47280.00 0.879370507713E-05
47282.00 0.878892276313E-05
47284.00 0.877242471287E-05
47286.00 0.875293920076E-05
47288.00 0.873182508935E-05
47290.00 0.870870406858E-05
47292.00 0.868494178683E-05
47294.00 0.866086057106E-05
47296.00 0.863687266045E-05
47298.00 0.861360913725E-05
47300.00 0.859107678727E-05
47302.00 0.857116716076E-05
47304.00 0.854890963692E-05
47306.00 0.852313535645E-05
47308.00 0.848274270075E-05
47310.00 0.843316033419E-05
47312.00 0.837334323886E-05
47314.00 0.831441508731E-05
47316.00 0.826121756958E-05
47318.00 0.822034990575E-05
47320.00 0.819916284666E-05
47322.00 0.819785148493E-05
47324.00 0.820181610636E-05
47326.00 0.820978436776E-05
47328.00 0.822345951255E-05
47330.00 0.825268099489E-05
47332.00 0.829508225639E-05
47334.00 0.834929086286E-05
47336.00 0.840226444819E-05
47338.00 0.845190110140E-05
47340.00 0.849651624009E-05
47342.00 0.853608781030E-05
47344.00 0.856953516854E-05
47346.00 0.860045819786E-05
47348.00 0.862365895213E-05
47350.00 0.862656328756E-05
47352.00 0.861161919247E-05
47354.00 0.858750065463E-05
47356.00 0.856582501575E-05
47358.00 0.854756095312E-05
47360.00 0.853226738776E-05
47362.00 0.851898582113E-05
47364.00 0.850306287001E-05
47366.00 0.848334494321E-05
47368.00 0.846141822860E-05
47370.00 0.844444177729E-05
47372.00 0.843860257020E-05
47374.00 0.844096403919E-05
47376.00 0.844402953809E-05
47378.00 0.843722504662E-05
47380.00 0.842302060705E-05
47382.00 0.840302615766E-05
47384.00 0.838235142877E-05
47386.00 0.836757697944E-05
47388.00 0.836541908536E-05
47390.00 0.836845404802E-05
47392.00 0.837359261812E-05
47394.00 0.837610846476E-05
47396.00 0.837152633276E-05
47398.00 0.836087936480E-05
47400.00 0.835234957593E-05
47402.00 0.834982355055E-05
47404.00 0.835658393413E-05
47406.00 0.836944138635E-05
47408.00 0.838550175055E-05
47410.00 0.840470395423E-05
47412.00 0.842323945008E-05
47414.00 0.844168333722E-05
47416.00 0.846312825787E-05
47418.00 0.848229483594E-05
47420.00 0.849897101425E-05
47422.00 0.849047176162E-05
47424.00 0.847194135515E-05
47426.00 0.844300827061E-05
47428.00 0.840660737967E-05
47430.00 0.837461388561E-05
47432.00 0.835748475312E-05
47434.00 0.835329280636E-05
47436.00 0.835746948500E-05
47438.00 0.836476594918E-05
47440.00 0.836682375226E-05
47442.00 0.835853994975E-05
47444.00 0.834196386244E-05
47446.00 0.831941115498E-05
47448.00 0.829231703049E-05
47450.00 0.826844447900E-05
47452.00 0.824915745243E-05
47454.00 0.823805583383E-05
47456.00 0.823581990270E-05
47458.00 0.824498586317E-05
47460.00 0.827293500229E-05
47462.00 0.831212486954E-05
47464.00 0.836317806486E-05
47466.00 0.839743124046E-05
47468.00 0.841980581988E-05
47470.00 0.841784980425E-05
47472.00 0.839888340817E-05
47474.00 0.836858128234E-05
47476.00 0.834259324822E-05
47478.00 0.831952142472E-05
47480.00 0.829935054374E-05
47482.00 0.827217838220E-05
47484.00 0.824208492065E-05
47486.00 0.820942811166E-05
47488.00 0.818103110773E-05
47490.00 0.816309615787E-05
47492.00 0.816675032757E-05
47494.00 0.818576083154E-05
47496.00 0.821700109843E-05
47498.00 0.825659472259E-05
47500.00 0.829859901302E-05
47502.00 0.833850987475E-05
47504.00 0.837501764252E-05
47506.00 0.840521458798E-05
47508.00 0.842041145525E-05
47510.00 0.842474251152E-05
47512.00 0.841771917702E-05
47514.00 0.839606559208E-05
47516.00 0.836597552346E-05
47518.00 0.832669744041E-05
47520.00 0.828741766091E-05
47522.00 0.825030425777E-05
47524.00 0.822030070848E-05
47526.00 0.820140386716E-05
47528.00 0.818993581372E-05
47530.00 0.818875507922E-05
47532.00 0.818674308050E-05
47534.00 0.818360124101E-05
47536.00 0.818650557643E-05
47538.00 0.819343390931E-05
47540.00 0.820456097478E-05
47542.00 0.822755815414E-05
47544.00 0.825423834297E-05
47546.00 0.827931198645E-05
47548.00 0.829699755703E-05
47550.00 0.830707451524E-05
47552.00 0.831068288057E-05
47554.00 0.830946652047E-05
47556.00 0.830322525292E-05
47558.00 0.829271060865E-05
47560.00 0.827915082297E-05
47562.00 0.826309385170E-05
47564.00 0.824890468025E-05
47566.00 0.823859191443E-05
47568.00 0.824417834934E-05
47570.00 0.825819278566E-05
47572.00 0.828167345544E-05
47574.00 0.831083386530E-05
47576.00 0.833565134368E-05
47578.00 0.834599464572E-05
47580.00 0.834169921506E-05
47582.00 0.832963909791E-05
47584.00 0.831250657250E-05
47586.00 0.829823936400E-05
47588.00 0.828785873989E-05
47590.00 0.828604353024E-05
47592.00 0.829225086864E-05
47594.00 0.830714576646E-05
47596.00 0.832976972514E-05
47598.00 0.835679938424E-05
47600.00 0.838744080160E-05
47602.00 0.840433921585E-05
47604.00 0.840602719117E-05
47606.00 0.839263535480E-05
47608.00 0.836099133100E-05
47610.00 0.830631789514E-05
47612.00 0.823708206716E-05
47614.00 0.815939109445E-05
47616.00 0.807856167517E-05
47618.00 0.801383672797E-05
47620.00 0.796564884956E-05
47622.00 0.796449186547E-05
47624.00 0.798220627583E-05
47626.00 0.802139105371E-05
47628.00 0.806704103154E-05
47630.00 0.810815128880E-05
47632.00 0.813779349262E-05
47634.00 0.814550728537E-05
47636.00 0.814230946278E-05
47638.00 0.813483826346E-05
47640.00 0.813012380776E-05
47642.00 0.813025104209E-05
47644.00 0.814046371690E-05
47646.00 0.815145676221E-05
47648.00 0.815889063946E-05
47650.00 0.816219533888E-05
47652.00 0.816746114330E-05
47654.00 0.818209987602E-05
47656.00 0.820264737059E-05
47658.00 0.822652161854E-05
47660.00 0.824950013687E-05
47662.00 0.826348912632E-05
47664.00 0.826338224949E-05
47666.00 0.826212856732E-05
47668.00 0.826260018253E-05
47670.00 0.827182891193E-05
47672.00 0.828253525591E-05
47674.00 0.829421367009E-05
47676.00 0.830259756360E-05
47678.00 0.830901865566E-05
47680.00 0.831315122639E-05
47682.00 0.831019769370E-05
47684.00 0.830330328997E-05
47686.00 0.829150442729E-05
47688.00 0.827872501211E-05
47690.00 0.826776759241E-05
47692.00 0.826267821958E-05
47694.00 0.826558425147E-05
47696.00 0.827557638679E-05
47698.00 0.828521905185E-05
47700.00 0.829230685174E-05
47702.00 0.829390830772E-05
47704.00 0.828820312078E-05
47706.00 0.827669435236E-05
47708.00 0.826105131673E-05
47710.00 0.825246893768E-05
47712.00 0.825319502154E-05
47714.00 0.826257303921E-05
47716.00 0.827904903552E-05
47718.00 0.830448402447E-05
47720.00 0.831216897744E-05
47722.00 0.831081181135E-05
47724.00 0.829960670884E-05
47726.00 0.828346152176E-05
47728.00 0.826403708213E-05
47730.00 0.824669249952E-05
47732.00 0.821837692555E-05
47734.00 0.817632683077E-05
47736.00 0.811485399282E-05
47738.00 0.804704488569E-05
47740.00 0.797665037716E-05
47742.00 0.791429877416E-05
47744.00 0.786422273843E-05
47746.00 0.783497750569E-05
47748.00 0.781560395978E-05
47750.00 0.780557110948E-05
47752.00 0.781816221786E-05
47754.00 0.785635626449E-05
47756.00 0.794374927827E-05
47758.00 0.804673613040E-05
47760.00 0.816016976850E-05
47762.00 0.826073068625E-05
47764.00 0.831552117768E-05
47766.00 0.831118842494E-05
47768.00 0.826871082284E-05
47770.00 0.821289736747E-05
47772.00 0.814190740232E-05
47774.00 0.809815576056E-05
47776.00 0.806994367051E-05
47778.00 0.805069735892E-05
47780.00 0.803706801848E-05
47782.00 0.802702329297E-05
47784.00 0.801437620149E-05
47786.00 0.800303707882E-05
47788.00 0.799551837870E-05
47790.00 0.799674322109E-05
47792.00 0.800767349747E-05
47794.00 0.803241463526E-05
47796.00 0.806804024507E-05
47798.00 0.811256207859E-05
47800.00 0.816367464992E-05
47802.00 0.819626190415E-05
47804.00 0.818153834855E-05
47806.00 0.811617383684E-05
47808.00 0.802006781677E-05
47810.00 0.790318528036E-05
47812.00 0.781660317331E-05
47814.00 0.775629071236E-05
47816.00 0.779684113861E-05
47818.00 0.784762629363E-05
47820.00 0.790579103925E-05
47822.00 0.796462927853E-05
47824.00 0.802724383246E-05
47826.00 0.809836103193E-05
47828.00 0.819059064636E-05
47830.00 0.829394054042E-05
47832.00 0.838395967058E-05
47834.00 0.842586556646E-05
47836.00 0.839520888099E-05
47838.00 0.833571241615E-05
47840.00 0.826053050425E-05
47842.00 0.818327721760E-05
47844.00 0.812164321617E-05
47846.00 0.807464285809E-05
47848.00 0.803203293230E-05
47850.00 0.798796235650E-05
47852.00 0.794049038320E-05
47854.00 0.789691517303E-05
47856.00 0.785989168215E-05
47858.00 0.784289656981E-05
47860.00 0.785320933562E-05
47862.00 0.788342154920E-05
47864.00 0.793911625254E-05
47866.00 0.800084525559E-05
47868.00 0.806573475918E-05
47870.00 0.812741456496E-05
47872.00 0.818118209245E-05
47874.00 0.822241958404E-05
47876.00 0.824528783262E-05
47878.00 0.825063167409E-05
47880.00 0.823243716623E-05
47882.00 0.819015635321E-05
47884.00 0.812317342094E-05
47886.00 0.804510074527E-05
47888.00 0.796930810862E-05
47890.00 0.792124237516E-05
47892.00 0.792280311616E-05
47894.00 0.796429677284E-05
47896.00 0.804156363115E-05
47898.00 0.811156456151E-05
47900.00 0.817083539749E-05
47902.00 0.816753748390E-05
47904.00 0.813051399301E-05
47906.00 0.804575557790E-05
47908.00 0.794965973658E-05
47910.00 0.785603224109E-05
47912.00 0.778411770654E-05
47914.00 0.773701216808E-05
47916.00 0.771483607420E-05
47918.00 0.770980098802E-05
47920.00 0.771249156979E-05
47922.00 0.771713307781E-05
47924.00 0.771553671120E-05
47926.00 0.770827247971E-05
47928.00 0.769653299305E-05
47930.00 0.768584531011E-05
47932.00 0.767898313907E-05
47934.00 0.768352794901E-05
47936.00 0.769448027934E-05
47938.00 0.771279184278E-05
47940.00 0.773231976633E-05
47942.00 0.775456371852E-05
47944.00 0.779407760917E-05
47946.00 0.785168761315E-05
47948.00 0.792616888806E-05
47950.00 0.800585998429E-05
47952.00 0.807918936448E-05
47954.00 0.814091836754E-05
47956.00 0.817316293733E-05
47958.00 0.818858204055E-05
47960.00 0.819530510206E-05
47962.00 0.819269764671E-05
47964.00 0.817998439338E-05
47966.00 0.815724507558E-05
47968.00 0.812859360300E-05
47970.00 0.809603858146E-05
47972.00 0.806643200325E-05
47974.00 0.804330250020E-05
47976.00 0.805147772942E-05
47978.00 0.806350900679E-05
47980.00 0.807814265014E-05
47982.00 0.807083431075E-05
47984.00 0.804825445996E-05
47986.00 0.799970353962E-05
47988.00 0.793586753621E-05
47990.00 0.786864370696E-05
47992.00 0.781379553597E-05
47994.00 0.776677651685E-05
47996.00 0.772554920401E-05
47998.00 0.768513449437E-05
48000.00 0.764541872526E-05
48002.00 0.760803219245E-05
48004.00 0.759086064852E-05
48006.00 0.759322042106E-05
48008.00 0.761721002812E-05
48010.00 0.765182454919E-05
48012.00 0.769451251204E-05
48014.00 0.774251547657E-05
48016.00 0.779400635795E-05
48018.00 0.784996570867E-05
48020.00 0.790044550132E-05
48022.00 0.794487233321E-05
48024.00 0.795864756900E-05
48026.00 0.795767040942E-05
48028.00 0.794254818628E-05
48030.00 0.791491628473E-05
48032.00 0.788948638516E-05
48034.00 0.787153277427E-05
48036.00 0.787201796115E-05
48038.00 0.788560489014E-05
48040.00 0.790983030482E-05
48042.00 0.793778792623E-05
48044.00 0.796151458236E-05
48046.00 0.795949749426E-05
48048.00 0.794191710405E-05
48050.00 0.791335893664E-05
48052.00 0.788822591715E-05
48054.00 0.786908987531E-05
48056.00 0.787876816598E-05
48058.00 0.789917655102E-05
48060.00 0.793158058783E-05
48062.00 0.796128895350E-05
48064.00 0.798157180069E-05
48066.00 0.798011115068E-05
48068.00 0.795796220013E-05
48070.00 0.792226533910E-05
48072.00 0.787858664501E-05
48074.00 0.783995660877E-05
48076.00 0.781118299125E-05
48078.00 0.779626773594E-05
48080.00 0.778894921781E-05
48082.00 0.778572934127E-05
48084.00 0.778381234417E-05
48086.00 0.778276054045E-05
48088.00 0.778281822001E-05
48090.00 0.778492522036E-05
48092.00 0.778975333872E-05
48094.00 0.779468663745E-05
48096.00 0.779970815198E-05
48098.00 0.780492136621E-05
48100.00 0.781033136953E-05
48102.00 0.781587369654E-05
48104.00 0.782145504208E-05
48106.00 0.782700245846E-05
48108.00 0.783250407049E-05
48110.00 0.783802773647E-05
48112.00 0.784364810053E-05
48114.00 0.784946016430E-05
48116.00 0.785552839318E-05
48118.00 0.786178832176E-05
48120.00 0.786808896532E-05
48122.00 0.787432853641E-05
48124.00 0.788039506882E-05
48126.00 0.788629704485E-05
48128.00 0.789210910862E-05
48130.00 0.789796358383E-05
48132.00 0.790409118872E-05
48134.00 0.791051567369E-05
48136.00 0.791764079565E-05
48138.00 0.792498645710E-05
48140.00 0.793260185531E-05
48142.00 0.794001028570E-05
48144.00 0.794709469268E-05
48146.00 0.795346149809E-05
48148.00 0.795842872597E-05
48150.00 0.796157056546E-05
48152.00 0.796149083196E-05
48154.00 0.796068331813E-05
48156.00 0.796035590181E-05
48158.00 0.795774675001E-05
48160.00 0.795214335052E-05
48162.00 0.794108753628E-05
48164.00 0.791970368811E-05
48166.00 0.788755242348E-05
48168.00 0.786070258889E-05
48170.00 0.783936963444E-05
48172.00 0.782912642339E-05
48174.00 0.783675200035E-05
48176.00 0.785566071687E-05
48178.00 0.788845663539E-05
48180.00 0.790882091254E-05
48182.00 0.791318929088E-05
48184.00 0.787268636544E-05
48186.00 0.780777141500E-05
48188.00 0.771964213861E-05
48190.00 0.763016757135E-05
48192.00 0.755292955282E-05
48194.00 0.750959184671E-05
48196.00 0.748856086172E-05
48198.00 0.748697806677E-05
48200.00 0.749395220401E-05
48202.00 0.750623795002E-05
48204.00 0.752263930219E-05
48206.00 0.753421253601E-05
48208.00 0.754164132388E-05
48210.00 0.754342599729E-05
48212.00 0.754493245164E-05
48214.00 0.754633033272E-05
48216.00 0.754754499636E-05
48218.00 0.754858492488E-05
48220.00 0.754933136623E-05
48222.00 0.755964922141E-05
48224.00 0.758174727824E-05
48226.00 0.761863674897E-05
48228.00 0.766494155944E-05
48230.00 0.771695325330E-05
48232.00 0.775236002008E-05
48234.00 0.776843734885E-05
48236.00 0.775115044580E-05
48238.00 0.773056053979E-05
48240.00 0.771208272350E-05
48242.00 0.771103770562E-05
48244.00 0.772152181364E-05
48246.00 0.775172554493E-05
48248.00 0.778070443383E-05
48250.00 0.780744399868E-05
48252.00 0.782619324818E-05
48254.00 0.784303737579E-05
48256.00 0.785916050892E-05
48258.00 0.787699536777E-05
48260.00 0.789345100659E-05
48262.00 0.790595050626E-05
48264.00 0.790427610260E-05
48266.00 0.789184106832E-05
48268.00 0.787342771742E-05
48270.00 0.785413051211E-05
48272.00 0.783710825645E-05
48274.00 0.782920446044E-05
48276.00 0.782824765835E-05
48278.00 0.783996000169E-05
48280.00 0.785644956966E-05
48282.00 0.787650848444E-05
48284.00 0.789138981059E-05
48286.00 0.790029790950E-05
48288.00 0.790141587507E-05
48290.00 0.789640453929E-05
48292.00 0.789020229027E-05
48294.00 0.788575587487E-05
48296.00 0.786974640441E-05
48298.00 0.783750862044E-05
48300.00 0.778465378714E-05
48302.00 0.772116895046E-05
48304.00 0.765339886186E-05
48306.00 0.759838613448E-05
48308.00 0.755434439847E-05
48310.00 0.752439513582E-05
48312.00 0.749201654587E-05
48314.00 0.745541038356E-05
48316.00 0.742136587225E-05
48318.00 0.740333931368E-05
48320.00 0.742154908967E-05
48322.00 0.746353641552E-05
48324.00 0.752245947768E-05
48326.00 0.759815202333E-05
48328.00 0.767489297978E-05
48330.00 0.774643429365E-05
48332.00 0.780677898729E-05
48334.00 0.785447150008E-05
48336.00 0.788339949525E-05
48338.00 0.790729579715E-05
48340.00 0.792790266773E-05
48342.00 0.794347614859E-05
48344.00 0.795315783218E-05
48346.00 0.795286773792E-05
48348.00 0.791912858898E-05
48350.00 0.787276270604E-05
48352.00 0.783418017061E-05
48354.00 0.781818427181E-05
48356.00 0.782514144447E-05
48358.00 0.788036622904E-05
48360.00 0.795402302556E-05
48362.00 0.804012503510E-05
48364.00 0.810659054780E-05
48366.00 0.814418913781E-05
48368.00 0.812984558872E-05
48370.00 0.807271737870E-05
48372.00 0.797634671125E-05
48374.00 0.787050132804E-05
48376.00 0.777220857412E-05
48378.00 0.772006286010E-05
48380.00 0.768646621359E-05
48382.00 0.766738954777E-05
48384.00 0.765836439328E-05
48386.00 0.765121891383E-05
48388.00 0.764639588484E-05
48390.00 0.764468755203E-05
48392.00 0.764513541684E-05
48394.00 0.764838413316E-05
48396.00 0.765251161453E-05
48398.00 0.765608265780E-05
48400.00 0.765614203381E-05
48402.00 0.765044023979E-05
48404.00 0.763445112681E-05
48406.00 0.761751708695E-05
48408.00 0.760111573477E-05
48410.00 0.759167664463E-05
48412.00 0.759030081751E-05
48414.00 0.759889846468E-05
48416.00 0.761324371023E-05
48418.00 0.762940077251E-05
48420.00 0.764730179321E-05
48422.00 0.766796295044E-05
48424.00 0.769052074728E-05
48426.00 0.771400480997E-05
48428.00 0.773748208684E-05
48430.00 0.776056408908E-05
48432.00 0.778280464835E-05
48434.00 0.780507574385E-05
48436.00 0.782841051828E-05
48438.00 0.784905131802E-05
48440.00 0.786736288146E-05
48442.00 0.788899610891E-05
48444.00 0.790919922258E-05
48446.00 0.792341044798E-05
48448.00 0.788609855931E-05
48450.00 0.781887812297E-05
48452.00 0.771730102711E-05
48454.00 0.761682493224E-05
48456.00 0.752343154790E-05
48458.00 0.750011034513E-05
48460.00 0.753028014727E-05
48462.00 0.762443015171E-05
48464.00 0.773829129712E-05
48466.00 0.784526821755E-05
48468.00 0.790758758785E-05
48470.00 0.792818088678E-05
48472.00 0.789951753900E-05
48474.00 0.785925042117E-05
48476.00 0.781813168162E-05
48478.00 0.781246042383E-05
48480.00 0.783011545818E-05
48482.00 0.786990247851E-05
48484.00 0.790713633013E-05
48486.00 0.792586861506E-05
48488.00 0.791389332079E-05
48490.00 0.782659700509E-05
48492.00 0.770229585955E-05
48494.00 0.757592333926E-05
48496.00 0.746282899269E-05
48498.00 0.737392273872E-05
48500.00 0.731652309549E-05
48502.00 0.727360271796E-05
48504.00 0.722622913920E-05
48506.00 0.718160551822E-05
48508.00 0.714140286578E-05
48510.00 0.712554098713E-05
48512.00 0.711554545889E-05
48514.00 0.711102439936E-05
48516.00 0.710927195865E-05
48518.00 0.711494660935E-05
48520.00 0.714111446799E-05
48522.00 0.719014378937E-05
48524.00 0.726014980911E-05
48526.00 0.734032269930E-05
48528.00 0.742465530355E-05
48530.00 0.751013132023E-05
48532.00 0.759763121084E-05
48534.00 0.768596575860E-05
48536.00 0.777121953933E-05
48538.00 0.784068099617E-05
48540.00 0.788418325867E-05
48542.00 0.789538836118E-05
48544.00 0.789057720740E-05
48546.00 0.786643491915E-05
48548.00 0.782877356021E-05
48550.00 0.778016496031E-05
48552.00 0.772286540807E-05
48554.00 0.766433931698E-05
48556.00 0.760665806179E-05
48558.00 0.754587568208E-05
48560.00 0.748422471607E-05
48562.00 0.742503870297E-05
48564.00 0.737488632665E-05
48566.00 0.734027010911E-05
48568.00 0.733700951759E-05
48570.00 0.735752986884E-05
48572.00 0.741916556673E-05
48574.00 0.748529009145E-05
48576.00 0.755505691066E-05
48578.00 0.763445112681E-05
48580.00 0.771380632443E-05
48582.00 0.779210293251E-05
48584.00 0.786776663837E-05
48586.00 0.793731970393E-05
48588.00 0.799396611998E-05
48590.00 0.800880842761E-05
48592.00 0.797498954516E-05
48594.00 0.791453967114E-05
48596.00 0.782889570516E-05
48598.00 0.769937455955E-05
48600.00 0.756654532160E-05
48602.00 0.743240472191E-05
48604.00 0.732662719701E-05
48606.00 0.725065643232E-05
48608.00 0.721851873936E-05
48610.00 0.723080448537E-05
48612.00 0.726137295504E-05
48614.00 0.730159596498E-05
48616.00 0.733720121730E-05
48618.00 0.736145207883E-05
48620.00 0.736110260857E-05
48622.00 0.734652325186E-05
48624.00 0.732176514950E-05
48626.00 0.729428762559E-05
48628.00 0.726777029669E-05
48630.00 0.725677555492E-05
48632.00 0.725321299394E-05
48634.00 0.725801736189E-05
48636.00 0.726384130087E-05
48638.00 0.727604561691E-05
48640.00 0.730912993322E-05
48642.00 0.735708878986E-05
48644.00 0.741904511824E-05
48646.00 0.750290950019E-05
48648.00 0.759080296896E-05
48650.00 0.767392599894E-05
48652.00 0.774281744602E-05
48654.00 0.780067852573E-05
48656.00 0.785090724265E-05
48658.00 0.788035265738E-05
48660.00 0.787965710976E-05
48662.00 0.784505785681E-05
48664.00 0.779253722566E-05
48666.00 0.771753174535E-05
48668.00 0.763661580672E-05
48670.00 0.755195408969E-05
48672.00 0.747723361426E-05
48674.00 0.741107176747E-05
48676.00 0.735513786361E-05
48678.00 0.735173476964E-05
48680.00 0.739095178021E-05
48682.00 0.748145949017E-05
48684.00 0.758810899428E-05
48686.00 0.769417830989E-05
48688.00 0.777460057935E-05
48690.00 0.782439839603E-05
48692.00 0.778882028703E-05
48694.00 0.774371147918E-05
48696.00 0.769053601540E-05
48698.00 0.762896308644E-05
48700.00 0.756428903298E-05
48702.00 0.749576232428E-05
48704.00 0.742786839427E-05
48706.00 0.736693163691E-05
48708.00 0.732417411931E-05
48710.00 0.731965814915E-05
48712.00 0.736278549451E-05
48714.00 0.742523209914E-05
48716.00 0.749502266876E-05
48718.00 0.755256820735E-05
48720.00 0.758350311187E-05
48722.00 0.758869936153E-05
48724.00 0.757607093108E-05
48726.00 0.756403965371E-05
48728.00 0.755632077158E-05
48730.00 0.755726400201E-05
48732.00 0.756109290684E-05
48734.00 0.756145594877E-05
48736.00 0.755455475921E-05
48738.00 0.753468415122E-05
48740.00 0.748635037746E-05
48742.00 0.741821385401E-05
48744.00 0.733295837681E-05
48746.00 0.724804388760E-05
48748.00 0.717124525160E-05
48750.00 0.715754974931E-05
48752.00 0.717572559615E-05
48754.00 0.723988223004E-05
48756.00 0.731379349519E-05
48758.00 0.739245314520E-05
48760.00 0.747153351669E-05
48762.00 0.754510379386E-05
48764.00 0.761176100628E-05
48766.00 0.767293696415E-05
48768.00 0.772137591829E-05
48770.00 0.774371656856E-05
48772.00 0.773681028963E-05
48774.00 0.770449955799E-05
48776.00 0.766297197215E-05
48778.00 0.762426050595E-05
48780.00 0.759923097037E-05
48782.00 0.759503563070E-05
48784.00 0.760190289110E-05
48786.00 0.761155064553E-05
48788.00 0.761836701221E-05
48790.00 0.762226207888E-05
48792.00 0.763982041515E-05
48794.00 0.766533174469E-05
48796.00 0.769760854717E-05
48798.00 0.772766468665E-05
48800.00 0.774976613639E-05
48802.00 0.774931827159E-05
48804.00 0.773436739067E-05
48806.00 0.770226362686E-05
48808.00 0.765959432505E-05
48810.00 0.760850889704E-05
48812.00 0.752408129116E-05
48814.00 0.743265410118E-05
48816.00 0.733371669337E-05
48818.00 0.723915784264E-05
48820.00 0.717024264515E-05
48822.00 0.715738349647E-05
48824.00 0.717293492338E-05
48826.00 0.720649594428E-05
48828.00 0.724838996496E-05
48830.00 0.729351913030E-05
48832.00 0.733712826962E-05
48834.00 0.737600089930E-05
48836.00 0.741037961276E-05
48838.00 0.741695847538E-05
48840.00 0.740212295358E-05
48842.00 0.735634574143E-05
48844.00 0.729311706984E-05
48846.00 0.722901302613E-05
48848.00 0.717898279476E-05
48850.00 0.715192938525E-05
48852.00 0.714988345737E-05
48854.00 0.715893575518E-05
48856.00 0.717523023052E-05
48858.00 0.719867357824E-05
48860.00 0.723260273044E-05
48862.00 0.727716697539E-05
48864.00 0.733778479872E-05
48866.00 0.739959353528E-05
48868.00 0.745932920064E-05
48870.00 0.749713645494E-05
48872.00 0.751852539249E-05
48874.00 0.751691206130E-05
48876.00 0.750504534032E-05
48878.00 0.748725458936E-05
48880.00 0.747561010433E-05
48882.00 0.747182700386E-05
48884.00 0.748113377030E-05
48886.00 0.749070518414E-05
48888.00 0.749624242178E-05
48890.00 0.747762210305E-05
48892.00 0.743125791657E-05
48894.00 0.732648469458E-05
48896.00 0.721577047803E-05
48898.00 0.710779943344E-05
48900.00 0.703167429111E-05
48902.00 0.699921427120E-05
48904.00 0.701742404718E-05
48906.00 0.707714953380E-05
48908.00 0.715840137103E-05
48910.00 0.725020687106E-05
48912.00 0.734938687231E-05
48914.00 0.745240426068E-05
48916.00 0.754082532777E-05
48918.00 0.761874362580E-05
48920.00 0.767806705196E-05
48922.00 0.769529627545E-05
48924.00 0.768372643455E-05
48926.00 0.766008290484E-05
48928.00 0.763458175405E-05
48930.00 0.760880917004E-05
48932.00 0.758605119120E-05
48934.00 0.756725613734E-05
48936.00 0.755566763540E-05
48938.00 0.754775705357E-05
48940.00 0.754287125565E-05
48942.00 0.754210954618E-05
48944.00 0.754537353062E-05
48946.00 0.755911992664E-05
48948.00 0.757579610494E-05
48950.00 0.759494741490E-05
48952.00 0.760930962503E-05
48954.00 0.761032410668E-05
48956.00 0.759009893905E-05
48958.00 0.754953833406E-05
48960.00 0.749869041011E-05
48962.00 0.744697729278E-05
48964.00 0.740495094841E-05
48966.00 0.738139733095E-05
48968.00 0.736854666456E-05
48970.00 0.736252763296E-05
48972.00 0.736077688870E-05
48974.00 0.737038053523E-05
48976.00 0.739301636912E-05
48978.00 0.743886313604E-05
48980.00 0.748887470638E-05
48982.00 0.753802447626E-05
48984.00 0.757612012835E-05
48986.00 0.760226423658E-05
48988.00 0.761417506546E-05
48990.00 0.761989891343E-05
48992.00 0.762295932296E-05
48994.00 0.762335120467E-05
48996.00 0.762115259561E-05
48998.00 0.761356603717E-05
49000.00 0.759976196160E-05
49002.00 0.757697344653E-05
49004.00 0.754920243545E-05
49006.00 0.752324493756E-05
49008.00 0.750687412162E-05
49010.00 0.750432943521E-05
49012.00 0.751540221403E-05
49014.00 0.753302501568E-05
49016.00 0.754973512314E-05
49018.00 0.755691453174E-05
49020.00 0.755346563342E-05
49022.00 0.753966664722E-05
49024.00 0.751353441420E-05
49026.00 0.748666761503E-05
49028.00 0.746313944444E-05
49030.00 0.743931100084E-05
49032.00 0.741512799761E-05
49034.00 0.739000685332E-05
49036.00 0.736556598854E-05
49038.00 0.734228041138E-05
49040.00 0.732047753818E-05
49042.00 0.730011156457E-05
49044.00 0.728176437552E-05
49046.00 0.726199725145E-05
49048.00 0.723949034833E-05
49050.00 0.720944778052E-05
49052.00 0.717245482587E-05
49054.00 0.711987312225E-05
49056.00 0.706492486026E-05
49058.00 0.700866354008E-05
49060.00 0.695377804703E-05
49062.00 0.691556364290E-05
49064.00 0.690166286925E-05
49066.00 0.690695242407E-05
49068.00 0.692648882991E-05
49070.00 0.696263864512E-05
49072.00 0.701334745954E-05
49074.00 0.707901903009E-05
49076.00 0.714383728245E-05
49078.00 0.720831624329E-05
49080.00 0.727304797632E-05
49082.00 0.732511395683E-05
49084.00 0.736555580979E-05
49086.00 0.739425987255E-05
49088.00 0.741342645063E-05
49090.00 0.741981700645E-05
49092.00 0.740511889771E-05
49094.00 0.737565991132E-05
49096.00 0.734024126933E-05
49098.00 0.730545879896E-05
49100.00 0.727796261401E-05
49102.00 0.727162125547E-05
49104.00 0.727906870437E-05
49106.00 0.730150096335E-05
49108.00 0.732131389178E-05
49110.00 0.733788319326E-05
49112.00 0.734388356382E-05
49114.00 0.734547653752E-05
49116.00 0.734427883845E-05
49118.00 0.734014457125E-05
49120.00 0.733065628384E-05
49122.00 0.730677355360E-05
49124.00 0.727312601337E-05
49126.00 0.722738273037E-05
49128.00 0.718431476102E-05
49130.00 0.714358111735E-05
49132.00 0.711327729506E-05
49134.00 0.708584727197E-05
49136.00 0.706197472048E-05
49138.00 0.703984612741E-05
49140.00 0.702244725816E-05
49142.00 0.701767342645E-05
49144.00 0.702366531473E-05
49146.00 0.704166812289E-05
49148.00 0.706145730091E-05
49150.00 0.708173505872E-05
49152.00 0.709825007355E-05
49154.00 0.711139083420E-05
49156.00 0.712047875762E-05
49158.00 0.712719672975E-05
49160.00 0.713261012599E-05
49162.00 0.713615572239E-05
49164.00 0.713431845880E-05
49166.00 0.712799745774E-05
49168.00 0.712124216354E-05
49170.00 0.710904124041E-05
49172.00 0.708349089235E-05
49174.00 0.704801287435E-05
49176.00 0.700453096934E-05
49178.00 0.695873170325E-05
49180.00 0.692501630471E-05
49182.00 0.691577570010E-05
49184.00 0.694760294133E-05
49186.00 0.699987080029E-05
49188.00 0.706153194504E-05
49190.00 0.711872292399E-05
49192.00 0.716654436756E-05
49194.00 0.720267382528E-05
49196.00 0.723195638009E-05
49198.00 0.725789691340E-05
49200.00 0.728203241582E-05
49202.00 0.730440190587E-05
49204.00 0.732453207187E-05
49206.00 0.734484206237E-05
49208.00 0.736750843250E-05
49210.00 0.738605580355E-05
49212.00 0.739810065258E-05
49214.00 0.738894487086E-05
49216.00 0.736766281014E-05
49218.00 0.733548609865E-05
49220.00 0.730097166858E-05
49222.00 0.726866432985E-05
49224.00 0.724959105694E-05
49226.00 0.723729682864E-05
49228.00 0.723178843078E-05
49230.00 0.722392365330E-05
49232.00 0.721108316565E-05
49234.00 0.717676043529E-05
49236.00 0.713468659010E-05
49238.00 0.708836481506E-05
49240.00 0.706598514627E-05
49242.00 0.705144141518E-05
49244.00 0.703346914326E-05
49246.00 0.701855049503E-05
49248.00 0.700716047864E-05
49250.00 0.699497991300E-05
49252.00 0.698039885984E-05
49254.00 0.695837035778E-05
49256.00 0.693621122847E-05
49258.00 0.691469675306E-05
49260.00 0.690207341199E-05
49262.00 0.690363415299E-05
49264.00 0.692473469274E-05
49266.00 0.697075789124E-05
49268.00 0.702909567554E-05
49270.00 0.708783212737E-05
49272.00 0.714072428274E-05
49274.00 0.718198213181E-05
49276.00 0.720958010421E-05
49278.00 0.722875177166E-05
49280.00 0.723538492092E-05
49282.00 0.724240486251E-05
49284.00 0.724986249016E-05
49286.00 0.726062651370E-05
49288.00 0.727304458340E-05
49290.00 0.728717607529E-05
49292.00 0.729801983234E-05
49294.00 0.730432556527E-05
49296.00 0.730615604303E-05
49298.00 0.730814089844E-05
49300.00 0.731807874712E-05
49302.00 0.733277346294E-05
49304.00 0.735141244270E-05
49306.00 0.738044392178E-05
49308.00 0.740829127345E-05
49310.00 0.743271856657E-05
49312.00 0.742525754600E-05
49314.00 0.738478006743E-05
49316.00 0.729566345272E-05
49318.00 0.718238249581E-05
49320.00 0.705631024852E-05
49322.00 0.695987681213E-05
49324.00 0.689195064943E-05
49326.00 0.695853321771E-05
49328.00 0.703317565609E-05
49330.00 0.711624948880E-05
49332.00 0.717677909632E-05
49334.00 0.721399937628E-05
49336.00 0.721075574933E-05
49338.00 0.719474288595E-05
49340.00 0.717424458865E-05
49342.00 0.715478113049E-05
49344.00 0.713539570938E-05
49346.00 0.711414079199E-05
49348.00 0.709051931622E-05
49350.00 0.706451262106E-05
49352.00 0.704156633543E-05
49354.00 0.702395031961E-05
49356.00 0.701650626361E-05
49358.00 0.701368335815E-05
49360.00 0.701436024474E-05
49362.00 0.701919854184E-05
49364.00 0.703208144093E-05
49366.00 0.705975236101E-05
49368.00 0.709311489637E-05
49370.00 0.713049125043E-05
49372.00 0.716742652552E-05
49374.00 0.720014271053E-05
49376.00 0.722546403681E-05
49378.00 0.724517857070E-05
49380.00 0.726155617247E-05
49382.00 0.727439666012E-05
49384.00 0.728109597122E-05
49386.00 0.728031899363E-05
49388.00 0.727625258474E-05
49390.00 0.726952273740E-05
49392.00 0.725882317926E-05
49394.00 0.723929016634E-05
49396.00 0.720910339962E-05
49398.00 0.716714661001E-05
49400.00 0.712078072707E-05
49402.00 0.706931529256E-05
49404.00 0.701187832725E-05
49406.00 0.695039870347E-05
49408.00 0.689172671702E-05
49410.00 0.684146067804E-05
49412.00 0.681051729123E-05
49414.00 0.682962618975E-05
49416.00 0.689612732806E-05
49418.00 0.700208637393E-05
49420.00 0.711600350244E-05
49422.00 0.722897909698E-05
49424.00 0.728962915300E-05
49426.00 0.731486056703E-05
49428.00 0.730287170110E-05
49430.00 0.727950978335E-05
49432.00 0.725027133644E-05
49434.00 0.721390776757E-05
49436.00 0.717309439039E-05
49438.00 0.713058625206E-05
49440.00 0.709097566332E-05
49442.00 0.705677507790E-05
49444.00 0.703900468444E-05
49446.00 0.703015596154E-05
49448.00 0.703461425214E-05
49450.00 0.703877226975E-05
49452.00 0.703974603641E-05
49454.00 0.702259993935E-05
49456.00 0.699133422560E-05
49458.00 0.694298179080E-05
49460.00 0.688921595976E-05
49462.00 0.683452895224E-05
49464.00 0.679342548081E-05
49466.00 0.676406658541E-05
49468.00 0.676267379371E-05
49470.00 0.676984472003E-05
49472.00 0.678486515571E-05
49474.00 0.681544889350E-05
49476.00 0.685729541337E-05
49478.00 0.691259314563E-05
49480.00 0.697547913277E-05
49482.00 0.703910647189E-05
49484.00 0.708844454857E-05
49486.00 0.712627385681E-05
49488.00 0.714736252136E-05
49490.00 0.716238465350E-05
49492.00 0.717420387367E-05
49494.00 0.718782982119E-05
49496.00 0.720484189811E-05
49498.00 0.722612565528E-05
49500.00 0.725090241868E-05
49502.00 0.727563677063E-05
49504.00 0.729601461944E-05
49506.00 0.731071442463E-05
49508.00 0.731736793138E-05
49510.00 0.731215641360E-05
49512.00 0.730099032961E-05
49514.00 0.728959692030E-05
49516.00 0.727567578915E-05
49518.00 0.725887068007E-05
49520.00 0.722519938943E-05
49522.00 0.718443181660E-05
49524.00 0.713846120828E-05
49526.00 0.709901178302E-05
49528.00 0.707266240342E-05
49530.00 0.707564816881E-05
49532.00 0.709448393766E-05
49534.00 0.712670984642E-05
49536.00 0.715552587538E-05
49538.00 0.718117970736E-05
49540.00 0.718198382827E-05
49542.00 0.717747973331E-05
49544.00 0.717017139393E-05
49546.00 0.716474951541E-05
49548.00 0.716245590472E-05
49550.00 0.716575551477E-05
49552.00 0.717062774103E-05
49554.00 0.717408681809E-05
49556.00 0.717820242426E-05
49558.00 0.718288804017E-05
49560.00 0.720420403004E-05
49562.00 0.723165101772E-05
49564.00 0.726732412834E-05
49566.00 0.730043219506E-05
49568.00 0.732012806791E-05
49570.00 0.730291411254E-05
49572.00 0.726458265284E-05
49574.00 0.720826704602E-05
49576.00 0.715230430238E-05
49578.00 0.709844177326E-05
49580.00 0.708874991094E-05
49582.00 0.708691773672E-05
49584.00 0.709553065200E-05
49586.00 0.710274738268E-05
49588.00 0.710679852345E-05
49590.00 0.710432848117E-05
49592.00 0.709869284899E-05
49594.00 0.708992725252E-05
49596.00 0.707470663484E-05
49598.00 0.705581657935E-05
49600.00 0.703621061875E-05
49602.00 0.701884398220E-05
49604.00 0.700412890889E-05
49606.00 0.699967740412E-05
49608.00 0.699890381945E-05
49610.00 0.700095992608E-05
49612.00 0.700368274054E-05
49614.00 0.700689583125E-05
49616.00 0.701184270164E-05
49618.00 0.701830790160E-05
49620.00 0.702767743698E-05
49622.00 0.703753724861E-05
49624.00 0.704786528254E-05
49626.00 0.706973771050E-05
49628.00 0.709482831855E-05
49630.00 0.712326264456E-05
49632.00 0.715012944373E-05
49634.00 0.717184240468E-05
49636.00 0.717838224876E-05
49638.00 0.717342180671E-05
49640.00 0.715267582660E-05
49642.00 0.712815353184E-05
49644.00 0.709985661891E-05
49646.00 0.705318537360E-05
49648.00 0.699841354320E-05
49650.00 0.693173427684E-05
49652.00 0.686027100002E-05
49654.00 0.679016997866E-05
49656.00 0.673373392335E-05
49658.00 0.668828073460E-05
49660.00 0.665720332764E-05
49662.00 0.663451999294E-05
49664.00 0.662106538763E-05
49666.00 0.663666940473E-05
49668.00 0.666696304827E-05
49670.00 0.671816383540E-05
49672.00 0.677020945842E-05
49674.00 0.682010736610E-05
49676.00 0.686177236500E-05
49678.00 0.689609679183E-05
49680.00 0.692183883960E-05
49682.00 0.694455440700E-05
49684.00 0.696388893438E-05
49686.00 0.697464108271E-05
49688.00 0.698113681890E-05
49690.00 0.698246175230E-05
49692.00 0.698244987709E-05
49694.00 0.698124878510E-05
49696.00 0.697767604538E-05
49698.00 0.697161799525E-05
49700.00 0.696312722491E-05
49702.00 0.695504360440E-05
49704.00 0.694725516752E-05
49706.00 0.693965334096E-05
49708.00 0.693188695803E-05
49710.00 0.692387798165E-05
49712.00 0.691741617461E-05
49714.00 0.691638133547E-05
49716.00 0.693065024043E-05
49718.00 0.695846196649E-05
49720.00 0.699837282822E-05
49722.00 0.704194464548E-05
49724.00 0.708435947864E-05
49726.00 0.711874328148E-05
49728.00 0.714275494249E-05
49730.00 0.715566159199E-05
49732.00 0.715884753938E-05
49734.00 0.715264529036E-05
49736.00 0.712550027214E-05
49738.00 0.707323750255E-05
49740.00 0.700107698165E-05
49742.00 0.692545059785E-05
49744.00 0.685831159148E-05
49746.00 0.681473977422E-05
49748.00 0.679812297193E-05
49750.00 0.680644409651E-05
49752.00 0.682807223458E-05
49754.00 0.684947813670E-05
49756.00 0.686148905658E-05
49758.00 0.685829632336E-05
49760.00 0.684396464947E-05
49762.00 0.682501521797E-05
49764.00 0.680625239680E-05
49766.00 0.679081463255E-05
49768.00 0.678168090478E-05
49770.00 0.677844067074E-05
49772.00 0.678142304322E-05
49774.00 0.678662607871E-05
49776.00 0.679395138267E-05
49778.00 0.679955308570E-05
49780.00 0.680243536718E-05
49782.00 0.679594641682E-05
49784.00 0.678650223730E-05
49786.00 0.677603679031E-05
49788.00 0.676706422601E-05
49790.00 0.676014776833E-05
49792.00 0.675797630259E-05
49794.00 0.675940302344E-05
49796.00 0.676645180481E-05
49798.00 0.677875112248E-05
49800.00 0.679486407686E-05
49802.00 0.681708597510E-05
49804.00 0.683440341438E-05
49806.00 0.684162014505E-05
49808.00 0.683180274487E-05
49810.00 0.680917200035E-05
49812.00 0.677596553909E-05
49814.00 0.674667789491E-05
49816.00 0.672940117061E-05
49818.00 0.674105753085E-05
49820.00 0.676852148310E-05
49822.00 0.681075309884E-05
49824.00 0.685282185465E-05
49826.00 0.688976730848E-05
49828.00 0.689951854683E-05
49830.00 0.689091750674E-05
49832.00 0.687087046717E-05
49834.00 0.684871473078E-05
49836.00 0.682734445427E-05
49838.00 0.682339340449E-05
49840.00 0.682806035938E-05
49842.00 0.684005261822E-05
49844.00 0.685274381760E-05
49846.00 0.686518563772E-05
49848.00 0.687664520887E-05
49850.00 0.688796058113E-05
49852.00 0.690039391895E-05
49854.00 0.691284252490E-05
49856.00 0.692467870964E-05
49858.00 0.692845163137E-05
49860.00 0.692752706197E-05
49862.00 0.691906173849E-05
49864.00 0.690062633365E-05
49866.00 0.687165931996E-05
49868.00 0.684152344697E-05
49870.00 0.681019157137E-05
49872.00 0.677576705355E-05
49874.00 0.673435652329E-05
49876.00 0.668385128378E-05
49878.00 0.662806327527E-05
49880.00 0.657183249133E-05
49882.00 0.652560402146E-05
49884.00 0.648966626345E-05
49886.00 0.646465708536E-05
49888.00 0.644968923987E-05
49890.00 0.644071158620E-05
49892.00 0.643757992545E-05
49894.00 0.644182785530E-05
49896.00 0.645463441380E-05
49898.00 0.647544825222E-05
49900.00 0.650001804779E-05
49902.00 0.652718003058E-05
49904.00 0.655393656000E-05
49906.00 0.658011290093E-05
49908.00 0.660539690515E-05
49910.00 0.663025509851E-05
49912.00 0.665486730551E-05
49914.00 0.667662437436E-05
49916.00 0.669436762450E-05
49918.00 0.670572540820E-05
49920.00 0.671376661728E-05
49922.00 0.671776177495E-05
49924.00 0.672363830411E-05
49926.00 0.673188987392E-05
49928.00 0.674728522673E-05
49930.00 0.676730851591E-05
49932.00 0.679256707326E-05
49934.00 0.681940842557E-05
49936.00 0.684625147433E-05
49938.00 0.686709754544E-05
49940.00 0.688263879361E-05
49942.00 0.688058777636E-05
49944.00 0.687140654777E-05
49946.00 0.685547172144E-05
49948.00 0.683875143524E-05
49950.00 0.682433493847E-05
49952.00 0.681578818503E-05
49954.00 0.681223071342E-05
49956.00 0.681316037219E-05
49958.00 0.681476182817E-05
49960.00 0.681637685582E-05
49962.00 0.681626997899E-05
49964.00 0.681330626754E-05
49966.00 0.680727875365E-05
49968.00 0.679516604632E-05
49970.00 0.677880031976E-05
49972.00 0.675694994574E-05
49974.00 0.672997966265E-05
49976.00 0.669781821928E-05
49978.00 0.666072178072E-05
49980.00 0.662085333043E-05
49982.00 0.657646721352E-05
49984.00 0.653464444406E-05
49986.00 0.649576842147E-05
49988.00 0.646678783612E-05
49990.00 0.646789392648E-05
49992.00 0.653371478529E-05
49994.00 0.665158635649E-05
49996.00 0.680342440196E-05
49998.00 0.685272006720E-05
50000.00 0.102834340593E-03
