 3540.5   0.0005469910331409
 3541.4   0.0005367391709431
 3542.3   0.0005404042473956
 3543.2   0.0005525349223911
 3544.1   0.0005580217676943
 3545.0   0.0005542100149771
 3545.9   0.0005521094205296
 3546.8   0.0005514835728226
 3547.7   0.0005458807293910
 3548.6   0.0005439785019234
 3549.5   0.0005488345695134
 3550.4   0.0005498155378094
 3551.3   0.0005417967511086
 3552.2   0.0005290084178554
 3553.1   0.0005174216106254
 3554.0   0.0005151837767001
 3554.9   0.0005274610707676
 3555.8   0.0005411350893655
 3556.7   0.0005443188096166
 3557.6   0.0005422049464748
 3558.5   0.0005396421210474
 3559.4   0.0005385887926133
 3560.3   0.0005353990900112
 3561.2   0.0005364566392627
 3562.1   0.0005556928030039
 3563.0   0.0005714333292312
 3563.9   0.0005436663787670
 3564.8   0.0004808659917891
 3565.7   0.0004391937470976
 3566.6   0.0004501357644156
 3567.5   0.0004805597709139
 3568.4   0.0004811299129818
 3569.3   0.0004534630038973
 3570.2   0.0004418573345320
 3571.1   0.0004584741779483
 3572.0   0.0004759888773046
 3572.9   0.0004866055599646
 3573.8   0.0004942432034216
 3574.7   0.0004962856672618
 3575.6   0.0004980274922293
 3576.5   0.0005078360313366
 3577.4   0.0005197978393200
 3578.3   0.0005238936907962
 3579.2   0.0005126544661643
 3580.1   0.0004705783041166
 3581.0   0.0004194075502234
 3581.9   0.0004142361223731
 3582.8   0.0004441030724813
 3583.7   0.0004454928995783
 3584.6   0.0004063149863992
 3585.5   0.0003743651715644
 3586.4   0.0003754107561139
 3587.3   0.0003923904182496
 3588.2   0.0004100659433318
 3589.1   0.0004292725956667
 3590.0   0.0004643005416862
 3590.9   0.0005138174900970
 3591.8   0.0005459764927606
 3592.7   0.0005490056327231
 3593.6   0.0005469290477492
 3594.5   0.0005526705719133
 3595.4   0.0005619839713910
 3596.3   0.0005753929706972
 3597.2   0.0005899049874100
 3598.1   0.0005997908967313
 3599.0   0.0006066149175799
 3599.9   0.0006086392971048
 3600.8   0.0005930743065524
 3601.7   0.0005571235800368
 3602.6   0.0005268676741691
 3603.5   0.0005199401346279
 3604.4   0.0005227696036182
 3605.3   0.0005278336122373
 3606.2   0.0005409898086014
 3607.1   0.0005472553889978
 3608.0   0.0005239085723232
 3608.9   0.0004883107473219
 3609.8   0.0004792594503108
 3610.7   0.0005002853092658
 3611.6   0.0005188321757765
 3612.5   0.0005114636809204
 3613.4   0.0005006901531429
 3614.3   0.0005178398490207
 3615.2   0.0005500023061202
 3616.1   0.0005630315004906
 3617.0   0.0005377079228895
 3617.9   0.0004821137065947
 3618.8   0.0004444057588508
 3619.7   0.0004633654762093
 3620.6   0.0005107607489626
 3621.5   0.0005466734423674
 3622.4   0.0005611143457418
 3623.3   0.0005530334249483
 3624.2   0.0005449014539974
 3625.1   0.0005667173035587
 3626.0   0.0006027611053894
 3626.9   0.0006156450075572
 3627.8   0.0006059479941132
 3628.7   0.0005890916507648
 3629.6   0.0005510188825588
 3630.5   0.0004874734698343
 3631.4   0.0004476430457359
 3632.3   0.0004630153085036
 3633.2   0.0004932836709300
 3634.1   0.0005015031809478
 3635.0   0.0005006204353052
 3635.9   0.0005096570795599
 3636.8   0.0005267566060470
 3637.7   0.0005488909385871
 3638.6   0.0005742862700842
 3639.5   0.0005930902404241
 3640.4   0.0005937731320780
 3641.3   0.0005746425688418
 3642.2   0.0005460706547360
 3643.1   0.0005207370569831
 3644.0   0.0005031412470135
 3644.9   0.0004960494845032
 3645.8   0.0005026101332085
 3646.7   0.0005068984265062
 3647.6   0.0005019242332213
 3648.5   0.0005056706261805
 3649.4   0.0005181816094072
 3650.3   0.0005285149253741
 3651.2   0.0005377830282747
 3652.1   0.0005535522423341
 3653.0   0.0005716195599311
 3653.9   0.0005809168196436
 3654.8   0.0005841820508564
 3655.7   0.0005896217808563
 3656.6   0.0005978365438843
 3657.5   0.0006031868131445
 3658.4   0.0006041341521635
 3659.3   0.0006005443069200
 3660.2   0.0005961035494617
 3661.1   0.0005942994531392
 3662.0   0.0005908415742113
 3662.9   0.0005826197764876
 3663.8   0.0005742854922641
 3664.7   0.0005786590026071
 3665.6   0.0005934317148474
 3666.5   0.0005996158872288
 3667.4   0.0005902858675677
 3668.3   0.0005670079222795
 3669.2   0.0005438201583585
 3670.1   0.0005453399957826
 3671.0   0.0005717849381917
 3671.9   0.0005968786127869
 3672.8   0.0006003011809740
 3673.7   0.0005938570222539
 3674.6   0.0006004521810028
 3675.5   0.0006084273983445
 3676.4   0.0005936888873077
 3677.3   0.0005669980965826
 3678.2   0.0005504745343750
 3679.1   0.0005438891098148
 3680.0   0.0005489162520530
 3680.9   0.0005654699090319
 3681.8   0.0005727586773370
 3682.7   0.0005726364337715
 3683.6   0.0005809131021215
 3684.5   0.0005811917103862
 3685.4   0.0005600932167685
 3686.3   0.0005318036627652
 3687.2   0.0005208655688628
 3688.1   0.0005454743985051
 3689.0   0.0005878215393183
 3689.9   0.0006160834006415
 3690.8   0.0006242324836327
 3691.7   0.0006229873539347
 3692.6   0.0006175563858485
 3693.5   0.0006121359640865
 3694.4   0.0006192629000752
 3695.3   0.0006311793428503
 3696.2   0.0006233410790232
 3697.1   0.0006067743020509
 3698.0   0.0006199658549100
 3698.9   0.0006657478145755
 3699.8   0.0007056640619613
 3700.7   0.0007122813657035
 3701.6   0.0006876007821653
 3702.5   0.0006367321312765
 3703.4   0.0005732164816060
 3704.3   0.0005266719037355
 3705.2   0.0005115278968254
 3706.1   0.0005253778171310
 3707.0   0.0005536819552594
 3707.9   0.0005716501808748
 3708.8   0.0005735138948134
 3709.7   0.0005732987703878
 3710.6   0.0005766567223213
 3711.5   0.0005837996264973
 3712.4   0.0006125133554926
 3713.3   0.0006640139279475
 3714.2   0.0007012247915118
 3715.1   0.0007055358017293
 3716.0   0.0007027137906602
 3716.9   0.0007051419274020
 3717.8   0.0006849965492607
 3718.7   0.0006190054645287
 3719.6   0.0005321496782847
 3720.5   0.0004700251025110
 3721.4   0.0004501017576672
 3722.3   0.0004798163351230
 3723.2   0.0005490752819297
 3724.1   0.0006204497161494
 3725.0   0.0006696687594960
 3725.9   0.0006786114934230
 3726.8   0.0006452957465794
 3727.7   0.0006217156067785
 3728.6   0.0006394451331587
 3729.5   0.0006543906815808
 3730.4   0.0006401852060220
 3731.3   0.0006159951752629
 3732.2   0.0005785784982360
 3733.1   0.0005137739321764
 3734.0   0.0004468448994580
 3734.9   0.0004226299555815
 3735.8   0.0004428490779229
 3736.7   0.0004744331572133
 3737.6   0.0005181927162194
 3738.5   0.0005783110882917
 3739.4   0.0006303942021806
 3740.3   0.0006605672930942
 3741.2   0.0006665828043571
 3742.1   0.0006507640385876
 3743.0   0.0006260443467167
 3743.9   0.0006041759599891
 3744.8   0.0005761138840234
 3745.7   0.0005461228373079
 3746.6   0.0005344469468097
 3747.5   0.0005111818469903
 3748.4   0.0004555286307599
 3749.3   0.0004213557377029
 3750.2   0.0004599236912926
 3751.1   0.0005480621370500
 3752.0   0.0006228297424358
 3752.9   0.0006638673660681
 3753.8   0.0006949196909958
 3754.7   0.0007256287456510
 3755.6   0.0007348372995666
 3756.5   0.0006952569446016
 3757.4   0.0006170035845914
 3758.3   0.0005571787023108
 3759.2   0.0005552474552936
 3760.1   0.0005880508475206
 3761.0   0.0006204114542680
 3761.9   0.0006469339499075
 3762.8   0.0006607739758850
 3763.7   0.0006643405208438
 3764.6   0.0006776137791196
 3765.5   0.0006828000884969
 3766.4   0.0006609082299066
 3767.3   0.0006425470336078
 3768.2   0.0006457633536682
 3769.1   0.0006352399293399
 3770.0   0.0006002344028383
 3770.9   0.0005928583356756
 3771.8   0.0006369592204041
 3772.7   0.0006881713360203
 3773.6   0.0007048440337764
 3774.5   0.0006934300284127
 3775.4   0.0006831443196058
 3776.3   0.0006875500980407
 3777.2   0.0006986178705529
 3778.1   0.0007081338235122
 3779.0   0.0007248449547277
 3779.9   0.0007510129017046
 3780.8   0.0007681625289512
 3781.7   0.0007676037910973
 3782.6   0.0007618380401275
 3783.5   0.0007625172371364
 3784.4   0.0007576281350730
 3785.3   0.0007217019670804
 3786.2   0.0006738134306164
 3787.1   0.0006552424860009
 3788.0   0.0006591947839310
 3788.9   0.0006615063277408
 3789.8   0.0006631357691553
 3790.7   0.0006736387070772
 3791.6   0.0006821739662652
 3792.5   0.0006709456539906
 3793.4   0.0006466375776063
 3794.3   0.0006298683272221
 3795.2   0.0006264629053908
 3796.1   0.0006130027758574
 3797.0   0.0005713319495436
 3797.9   0.0005368138416641
 3798.8   0.0005547135962415
 3799.7   0.0006158948021659
 3800.6   0.0006744404107378
 3801.5   0.0007073550083493
 3802.4   0.0007313201347400
 3803.3   0.0007533726703552
 3804.2   0.0007592634902072
 3805.1   0.0007437395754145
 3806.0   0.0007141068063222
 3806.9   0.0006886675737487
 3807.8   0.0006900362052504
 3808.7   0.0007153218069332
 3809.6   0.0007402505036164
 3810.5   0.0007483349932311
 3811.4   0.0007348875147114
 3812.3   0.0006996549219594
 3813.2   0.0006569800672739
 3814.1   0.0006278907770372
 3815.0   0.0006138388980535
 3815.9   0.0006201038035766
 3816.8   0.0006539621141934
 3817.7   0.0006829889386201
 3818.6   0.0006642011309225
 3819.5   0.0006031001662830
 3820.4   0.0005646692119619
 3821.3   0.0005945452557011
 3822.2   0.0006463411252354
 3823.1   0.0006487408029156
 3824.0   0.0005980752659965
 3824.9   0.0005459024168431
 3825.8   0.0005303200626028
 3826.7   0.0005473672463785
 3827.6   0.0005692936607667
 3828.5   0.0005844034664734
 3829.4   0.0005972658756440
 3830.3   0.0005995206957857
 3831.2   0.0005713426788843
 3832.1   0.0005231191650819
 3833.0   0.0004910927120989
 3833.9   0.0004815618661740
 3834.8   0.0004851980374624
 3835.7   0.0005038538330902
 3836.6   0.0005233638466679
 3837.5   0.0005226212802052
 3838.4   0.0005183764533199
 3839.3   0.0005324905121504
 3840.2   0.0005525240901036
 3841.1   0.0005817695963387
 3842.0   0.0006265597439822
 3842.9   0.0006643382788920
 3843.8   0.0006825717868852
 3844.7   0.0006829435047807
 3845.6   0.0006736365680722
 3846.5   0.0006704037078980
 3847.4   0.0006730900923219
 3848.3   0.0006623736199300
 3849.2   0.0006331154512426
 3850.1   0.0006111820707900
 3851.0   0.0006218248447359
 3851.9   0.0006495468760945
 3852.8   0.0006622232604587
 3853.7   0.0006563169070835
 3854.6   0.0006451736402762
 3855.5   0.0006342271619316
 3856.4   0.0006286013728097
 3857.3   0.0006216770246183
 3858.2   0.0005891545169234
 3859.1   0.0005392518269799
 3860.0   0.0005184909987550
 3860.9   0.0005552676214212
 3861.8   0.0006272464561050
 3862.7   0.0006866236114611
 3863.6   0.0007062857917976
 3864.5   0.0006973123454188
 3865.4   0.0006821243344854
 3866.3   0.0006716330409866
 3867.2   0.0006621514493701
 3868.1   0.0006448582914545
 3869.0   0.0006114482224960
 3869.9   0.0005577530423191
 3870.8   0.0004986770405696
 3871.7   0.0004673149030685
 3872.6   0.0004875230215445
 3873.5   0.0005517083284902
 3874.4   0.0006234134734769
 3875.3   0.0006640226097915
 3876.2   0.0006562446842078
 3877.1   0.0006082998701783
 3878.0   0.0005583860391070
 3878.9   0.0005476499496369
 3879.8   0.0005589176218918
 3880.7   0.0005444632324910
 3881.6   0.0005076091366640
 3882.5   0.0005033657281564
 3883.4   0.0005614417164581
 3884.3   0.0006287753414060
 3885.2   0.0006425835911484
 3886.1   0.0006205913365840
 3887.0   0.0006061088884702
 3887.9   0.0005869337950383
 3888.8   0.0005594654817041
 3889.7   0.0005707895916640
 3890.6   0.0006262233482660
 3891.5   0.0006798912017958
 3892.4   0.0006987422073693
 3893.3   0.0006868286127880
 3894.2   0.0006662229253398
 3895.1   0.0006583801890476
 3896.0   0.0006804200278949
 3896.9   0.0007076905004216
 3897.8   0.0007067953325359
 3898.7   0.0006955849101215
 3899.6   0.0006975384965870
 3900.5   0.0007073046101880
 3901.4   0.0007075726149359
 3902.3   0.0006998410268355
 3903.2   0.0007046393412897
 3904.1   0.0007069412767347
 3905.0   0.0006774169677798
 3905.9   0.0006474397044925
 3906.8   0.0006604522443638
 3907.7   0.0006994708645801
 3908.6   0.0007259760994785
 3909.5   0.0007282742487702
 3910.4   0.0007324684487236
 3911.3   0.0007600957576188
 3912.2   0.0007771566104374
 3913.1   0.0007543584199565
 3914.0   0.0007231923274138
 3914.9   0.0007109045899688
 3915.8   0.0007078236449058
 3916.7   0.0007107253138948
 3917.6   0.0007136596856398
 3918.5   0.0007012733251928
 3919.4   0.0006720431008332
 3920.3   0.0006371303751221
 3921.2   0.0006221385120938
 3922.1   0.0006372820271471
 3923.0   0.0006615066708967
 3923.9   0.0006721086321691
 3924.8   0.0006547468659531
 3925.7   0.0006125083339782
 3926.6   0.0005537847990788
 3927.5   0.0004769892911009
 3928.4   0.0003964316164315
 3929.3   0.0003257722733265
 3930.2   0.0002597411880565
 3931.1   0.0001983666366667
 3932.0   0.0001469530313521
 3932.9   0.0001111588617031
 3933.8   0.0000997270499804
 3934.7   0.0001194581920679
 3935.6   0.0001661976481667
 3936.5   0.0002322589197162
 3937.4   0.0003103552172770
 3938.3   0.0003949299433923
 3939.2   0.0004741534050955
 3940.1   0.0005305192645953
 3941.0   0.0005628852474515
 3941.9   0.0005837600034309
 3942.8   0.0005941089673062
 3943.7   0.0005982669871906
 3944.6   0.0006248785889755
 3945.5   0.0006788622488682
 3946.4   0.0007175014301816
 3947.3   0.0007155203226140
 3948.2   0.0007028125852401
 3949.1   0.0007129394014327
 3950.0   0.0007384385604627
 3950.9   0.0007458581397919
 3951.8   0.0007227089809082
 3952.7   0.0007077137206367
 3953.6   0.0007385661458215
 3954.5   0.0007774308263068
 3955.4   0.0007710347780421
 3956.3   0.0007391379922304
 3957.2   0.0007320523150178
 3958.1   0.0007548427272986
 3959.0   0.0007744634887196
 3959.9   0.0007566272637355
 3960.8   0.0006949069827894
 3961.7   0.0006195577853675
 3962.6   0.0005613156867393
 3963.5   0.0005142499923386
 3964.4   0.0004541634193785
 3965.3   0.0003694584770425
 3966.2   0.0002722902158325
 3967.1   0.0001871190619082
 3968.0   0.0001351133296719
 3968.9   0.0001308727922351
 3969.8   0.0001740781430450
 3970.7   0.0002509785309006
 3971.6   0.0003403917893401
 3972.5   0.0004265182206230
 3973.4   0.0005038840651239
 3974.3   0.0005786063739326
 3975.2   0.0006489700310482
 3976.1   0.0006986885721042
 3977.0   0.0007311588171574
 3977.9   0.0007636109550184
 3978.8   0.0007986053975848
 3979.7   0.0008247805737124
 3980.6   0.0008244015694736
 3981.5   0.0007944937151837
 3982.4   0.0007685338922523
 3983.3   0.0007769045509998
 3984.2   0.0008088281144093
 3985.1   0.0008320563135323
 3986.0   0.0008307139563330
 3986.9   0.0008258411999283
 3987.8   0.0008385321455408
 3988.7   0.0008513237730904
 3989.6   0.0008509629446751
 3990.5   0.0008560721011704
 3991.4   0.0008759317105274
 3992.3   0.0008944867555868
 3993.2   0.0008906123883587
 3994.1   0.0008624048486125
 3995.0   0.0008344845189052
 3995.9   0.0008200788462019
 3996.8   0.0008061825426589
 3997.7   0.0007965087837456
 3998.6   0.0008128847202905
 3999.5   0.0008448234168746
 4000.4   0.0008626545745901
 4001.3   0.0008730827617212
 4002.2   0.0008928145569488
 4003.1   0.0009009270137683
 4004.0   0.0008707529734567
 4004.9   0.0008184539687607
 4005.8   0.0007936908333545
 4006.7   0.0008169178771861
 4007.6   0.0008607906433194
 4008.5   0.0008911413745973
 4009.4   0.0009038768732823
 4010.3   0.0009121805480007
 4011.2   0.0009116170517184
 4012.1   0.0008998240421159
 4013.0   0.0008917934279755
 4013.9   0.0008942393973848
 4014.8   0.0009038511823449
 4015.7   0.0009073428506892
 4016.6   0.0008940590117735
 4017.5   0.0008831140547534
 4018.4   0.0008914733207254
 4019.3   0.0009014464145191
 4020.2   0.0008978265202583
 4021.1   0.0008931516732923
 4022.0   0.0008971590820579
 4022.9   0.0008972069751812
 4023.8   0.0008830596531067
 4024.7   0.0008750049265460
 4025.6   0.0008945972860981
 4026.5   0.0009246348304363
 4027.4   0.0009379083060441
 4028.3   0.0009288364654339
 4029.2   0.0008977567681050
 4030.1   0.0008533058643716
 4031.0   0.0008253888060838
 4031.9   0.0008234256226920
 4032.8   0.0008287854088088
 4033.7   0.0008352069535559
 4034.6   0.0008502572331547
 4035.5   0.0008818079920084
 4036.4   0.0009232344684535
 4037.3   0.0009573270630329
 4038.2   0.0009704224292968
 4039.1   0.0009549967943502
 4040.0   0.0009217473909781
 4040.9   0.0009042023680798
 4041.8   0.0009162851728290
 4042.7   0.0009238374734169
 4043.6   0.0008932364899891
 4044.5   0.0008315519201323
 4045.4   0.0007880877725909
 4046.3   0.0008130837278280
 4047.2   0.0008768158402321
 4048.1   0.0009138389403335
 4049.0   0.0009204451944561
 4049.9   0.0009268826730749
 4050.8   0.0009374536130551
 4051.7   0.0009370104958581
 4052.6   0.0009235800035548
 4053.5   0.0009072132521491
 4054.4   0.0008969013605481
 4055.3   0.0008987024370988
 4056.2   0.0009052907556070
 4057.1   0.0009026538313850
 4058.0   0.0008988308345932
 4058.9   0.0009115555581834
 4059.8   0.0009379925393759
 4060.7   0.0009559224230401
 4061.6   0.0009406897103332
 4062.5   0.0008914411784573
 4063.4   0.0008527900095650
 4064.3   0.0008621206926609
 4065.2   0.0008841433965909
 4066.1   0.0008798420633695
 4067.0   0.0008793536381568
 4067.9   0.0009146258310983
 4068.8   0.0009575946331166
 4069.7   0.0009647532195167
 4070.6   0.0009319472307434
 4071.5   0.0009010824519466
 4072.4   0.0009078464777076
 4073.3   0.0009284196797319
 4074.2   0.0009260059326604
 4075.1   0.0008982819796288
 4076.0   0.0008538325514657
 4076.9   0.0008079542565041
 4077.8   0.0007979192001958
 4078.7   0.0008409513945450
 4079.6   0.0009034708054826
 4080.5   0.0009523281053315
 4081.4   0.0009741711328391
 4082.3   0.0009615896539547
 4083.2   0.0009253140960763
 4084.1   0.0008933585734152
 4085.0   0.0008916412040239
 4085.9   0.0009219501961074
 4086.8   0.0009629434954376
 4087.7   0.0009967233949342
 4088.6   0.0010140589326019
 4089.5   0.0010143571007522
 4090.4   0.0010047773894290
 4091.3   0.0009902947125446
 4092.2   0.0009802588898548
 4093.1   0.0009843209404761
 4094.0   0.0009868626503779
 4094.9   0.0009688905928552
 4095.8   0.0009443207114061
 4096.7   0.0009356868749702
 4097.6   0.0009384569322379
 4098.5   0.0009310780054428
 4099.4   0.0008928393785580
 4100.3   0.0008119644562709
 4101.2   0.0007293500539149
 4102.1   0.0007206705663075
 4103.0   0.0007897899516149
 4103.9   0.0008714074174876
 4104.8   0.0009251370962697
 4105.7   0.0009503196596782
 4106.6   0.0009559001636616
 4107.5   0.0009518361112976
 4108.4   0.0009403329197188
 4109.3   0.0009235287360653
 4110.2   0.0009192889306944
 4111.1   0.0009357247479416
 4112.0   0.0009594630826065
 4112.9   0.0009793251970015
 4113.8   0.0009911628626234
 4114.7   0.0009988910877961
 4115.6   0.0010090831379228
 4116.5   0.0010098458476361
 4117.4   0.0009836925991697
 4118.3   0.0009425470415723
 4119.2   0.0009222811013293
 4120.1   0.0009275614582967
 4121.0   0.0009316022561301
 4121.9   0.0009274288971775
 4122.8   0.0009276356028454
 4123.7   0.0009399568894977
 4124.6   0.0009558986766527
 4125.5   0.0009600324239774
 4126.4   0.0009499947939999
 4127.3   0.0009339500486402
 4128.2   0.0009248627545765
 4129.1   0.0009282518879416
 4130.0   0.0009350289650649
 4130.9   0.0009292856679287
 4131.8   0.0009060023350931
 4132.7   0.0008837895456787
 4133.6   0.0008774089051133
 4134.5   0.0008939962142461
 4135.4   0.0009306982576996
 4136.3   0.0009602450204880
 4137.2   0.0009728459791882
 4138.1   0.0009844728784644
 4139.0   0.0009950210443322
 4139.9   0.0009951885044051
 4140.8   0.0009815046601104
 4141.7   0.0009466625330037
 4142.6   0.0008993906476690
 4143.5   0.0008763164797851
 4144.4   0.0009009235250168
 4145.3   0.0009469245782777
 4146.2   0.0009762484613174
 4147.1   0.0009807010576539
 4148.0   0.0009659427922765
 4148.9   0.0009405131451907
 4149.8   0.0009265304235568
 4150.7   0.0009333801810969
 4151.6   0.0009403356077732
 4152.5   0.0009346600038550
 4153.4   0.0009189244533882
 4154.3   0.0009058188382017
 4155.2   0.0009076311702655
 4156.1   0.0009163905102479
 4157.0   0.0009295706360159
 4157.9   0.0009504698246944
 4158.8   0.0009709531427533
 4159.7   0.0009813547353033
 4160.6   0.0009770112625389
 4161.5   0.0009700484351340
 4162.4   0.0009734929996134
 4163.3   0.0009795640678145
 4164.2   0.0009848268208849
 4165.1   0.0009915289756394
 4166.0   0.0009877683989035
 4166.9   0.0009703667465349
 4167.8   0.0009627443391993
 4168.7   0.0009730730225617
 4169.6   0.0009782089109006
 4170.5   0.0009581683325673
 4171.4   0.0009121732387803
 4172.3   0.0008630860359255
 4173.2   0.0008442714277531
 4174.1   0.0008624378487703
 4175.0   0.0008926195414581
 4175.9   0.0009104099551313
 4176.8   0.0009057975396597
 4177.7   0.0008966639195513
 4178.6   0.0009109083204262
 4179.5   0.0009400336305926
 4180.4   0.0009537395970035
 4181.3   0.0009446456342771
 4182.2   0.0009334046595502
 4183.1   0.0009334897050176
 4184.0   0.0009416304836363
 4184.9   0.0009489262408829
 4185.8   0.0009374959699301
 4186.7   0.0009084905126766
 4187.6   0.0008976081930444
 4188.5   0.0009200409568211
 4189.4   0.0009481481921015
 4190.3   0.0009544904220846
 4191.2   0.0009464045026537
 4192.1   0.0009546899443559
 4193.0   0.0009781516953757
 4193.9   0.0009784685426448
 4194.8   0.0009475812070677
 4195.7   0.0009207268453697
 4196.6   0.0009114366432300
 4197.5   0.0008972700701103
 4198.4   0.0008814370061788
 4199.3   0.0008885532814580
 4200.2   0.0009039568514811
 4201.1   0.0009065358052353
 4202.0   0.0009082927862545
 4202.9   0.0009162669283744
 4203.8   0.0009162943236527
 4204.7   0.0009100988042499
 4205.6   0.0009142126714102
 4206.5   0.0009307644524702
 4207.4   0.0009544542076999
 4208.3   0.0009707064708631
 4209.2   0.0009658549329308
 4210.1   0.0009522329710811
 4211.0   0.0009496392959393
 4211.9   0.0009573442208273
 4212.8   0.0009622006544502
 4213.7   0.0009527020079861
 4214.6   0.0009194814182700
 4215.5   0.0008806594835697
 4216.4   0.0008772024854086
 4217.3   0.0009082454650576
 4218.2   0.0009405657166726
 4219.1   0.0009659411565668
 4220.0   0.0009892445640217
 4220.9   0.0009974056460304
 4221.8   0.0009772646259689
 4222.7   0.0009403077663923
 4223.6   0.0009058686529980
 4224.5   0.0008699756453027
 4225.4   0.0008168322712308
 4226.3   0.0007691439204728
 4227.2   0.0007895363136602
 4228.1   0.0008781129351699
 4229.0   0.0009508353429069
 4229.9   0.0009712938965493
 4230.8   0.0009693151567573
 4231.7   0.0009582738072485
 4232.6   0.0009431782653881
 4233.5   0.0009444163603904
 4234.4   0.0009504657182623
 4235.3   0.0009220994117256
 4236.2   0.0008793660260844
 4237.1   0.0008729749078259
 4238.0   0.0008971002880159
 4238.9   0.0009206865588686
 4239.8   0.0009408126402105
 4240.7   0.0009567437323404
 4241.6   0.0009456218784604
 4242.5   0.0009176436011624
 4243.4   0.0009212452395299
 4244.3   0.0009540144877462
 4245.2   0.0009662495507625
 4246.1   0.0009375416096631
 4247.0   0.0008899232398291
 4247.9   0.0008556052032704
 4248.8   0.0008474541871677
 4249.7   0.0008639640803324
 4250.6   0.0009038644739163
 4251.5   0.0009510410877383
 4252.4   0.0009686925575927
 4253.3   0.0009431016158015
 4254.2   0.0009041906893411
 4255.1   0.0008945333218407
 4256.0   0.0009279976894990
 4256.9   0.0009631799527209
 4257.8   0.0009525631556757
 4258.7   0.0009126885674145
 4259.6   0.0008817142646971
 4260.5   0.0008706056337573
 4261.4   0.0008872967704231
 4262.3   0.0009280498491938
 4263.2   0.0009607842899646
 4264.1   0.0009721261410838
 4265.0   0.0009810998276718
 4265.9   0.0009794503459535
 4266.8   0.0009494386755692
 4267.7   0.0009204211849825
 4268.6   0.0009156850160595
 4269.5   0.0009047318347366
 4270.4   0.0008683679485329
 4271.3   0.0008360608512269
 4272.2   0.0008337052919553
 4273.1   0.0008346450129137
 4274.0   0.0008222598420737
 4274.9   0.0008337372969610
 4275.8   0.0008857558174734
 4276.7   0.0009429483395052
 4277.6   0.0009663827524394
 4278.5   0.0009404303187981
 4279.4   0.0008810621770033
 4280.3   0.0008435057440221
 4281.2   0.0008576258652732
 4282.1   0.0008921496695404
 4283.0   0.0009162783325884
 4283.9   0.0009099345812809
 4284.8   0.0008643303534878
 4285.7   0.0008184367423352
 4286.6   0.0008146453959547
 4287.5   0.0008322769513292
 4288.4   0.0008227736265065
 4289.3   0.0007869722871871
 4290.2   0.0007675550057686
 4291.1   0.0007893341262115
 4292.0   0.0008396098266043
 4292.9   0.0008790916615141
 4293.8   0.0008780280841575
 4294.7   0.0008512373549995
 4295.6   0.0008205415118460
 4296.5   0.0007796324572860
 4297.4   0.0007319286530746
 4298.3   0.0006820316366418
 4299.2   0.0006327406563827
 4300.1   0.0006121199272680
 4301.0   0.0006227032322987
 4301.9   0.0006278808483935
 4302.8   0.0006201961582644
 4303.7   0.0006249664254441
 4304.6   0.0006448696956684
 4305.5   0.0006635026027986
 4306.4   0.0006602720303304
 4307.3   0.0006205251646904
 4308.2   0.0005731430004921
 4309.1   0.0005558496938755
 4310.0   0.0005622104428380
 4310.9   0.0005772310280140
 4311.8   0.0006083506915652
 4312.7   0.0006662786881714
 4313.6   0.0007413032944396
 4314.5   0.0008281210246957
 4315.4   0.0009298257838565
 4316.3   0.0010173389423949
 4317.2   0.0010575269234892
 4318.1   0.0010602563625384
 4319.0   0.0010518444335762
 4319.9   0.0010344405964485
 4320.8   0.0010058291279075
 4321.7   0.0009617213686227
 4322.6   0.0008838672018559
 4323.5   0.0007986210683703
 4324.4   0.0007633342455495
 4325.3   0.0007879592607111
 4326.2   0.0008534229148447
 4327.1   0.0009329108124745
 4328.0   0.0009902231988577
 4328.9   0.0010100461934815
 4329.8   0.0010062796801488
 4330.7   0.0010061689208669
 4331.6   0.0010196251041076
 4332.5   0.0010282006955509
 4333.4   0.0010245397484076
 4334.3   0.0010235704474117
 4335.2   0.0010230904409568
 4336.1   0.0009927720692791
 4337.0   0.0009255291175552
 4337.9   0.0008535915187706
 4338.8   0.0007886005275560
 4339.7   0.0007269223518372
 4340.6   0.0007183507295637
 4341.5   0.0007962402413868
 4342.4   0.0008895406553305
 4343.3   0.0009357784060839
 4344.2   0.0009620969870567
 4345.1   0.0009957539337989
 4346.0   0.0010141248871634
 4346.9   0.0010083988050142
 4347.8   0.0010068136650247
 4348.7   0.0010208665391605
 4349.6   0.0010152354997535
 4350.5   0.0009580306698639
 4351.4   0.0008852430053157
 4352.3   0.0008655171924391
 4353.2   0.0009050227966133
 4354.1   0.0009441486873599
 4355.0   0.0009530016173912
 4355.9   0.0009576249109044
 4356.8   0.0009715289697705
 4357.7   0.0009704074677002
 4358.6   0.0009476154769023
 4359.5   0.0009403285845161
 4360.4   0.0009707099138605
 4361.3   0.0010057812233456
 4362.2   0.0010075534748018
 4363.1   0.0009934919416991
 4364.0   0.0010015735945585
 4364.9   0.0010201592948771
 4365.8   0.0010092889742625
 4366.7   0.0009727934305834
 4367.6   0.0009542133808984
 4368.5   0.0009635917741011
 4369.4   0.0009677473461402
 4370.3   0.0009587893646533
 4371.2   0.0009568884983706
 4372.1   0.0009602043107612
 4373.0   0.0009450201660509
 4373.9   0.0009070687606436
 4374.8   0.0008803422130750
 4375.7   0.0008968181223684
 4376.6   0.0009424987023463
 4377.5   0.0009814053507966
 4378.4   0.0009973810646304
 4379.3   0.0009979907039409
 4380.2   0.0009970752326652
 4381.1   0.0009890604608883
 4382.0   0.0009458948017760
 4382.9   0.0008712058591580
 4383.8   0.0008224090004994
 4384.7   0.0008339434764565
 4385.6   0.0008833556250594
 4386.5   0.0009293782742641
 4387.4   0.0009506203443051
 4388.3   0.0009537652193098
 4389.2   0.0009462822476496
 4390.1   0.0009386583990593
 4391.0   0.0009473548500060
 4391.9   0.0009715187666021
 4392.8   0.0009833251935998
 4393.7   0.0009635495659270
 4394.6   0.0009363988204893
 4395.5   0.0009401382931381
 4396.4   0.0009749537455938
 4397.3   0.0010033260230429
 4398.2   0.0010004979724303
 4399.1   0.0009730406858386
 4400.0   0.0009479149147294
 4400.9   0.0009569359339528
 4401.8   0.0009968318779486
 4402.7   0.0010213518759702
 4403.6   0.0010004147342506
 4404.5   0.0009676244848940
 4405.4   0.0009717372997096
 4406.3   0.0009946838136034
 4407.2   0.0009917567167632
 4408.1   0.0009747238540265
 4409.0   0.0009829943684476
 4409.9   0.0010187365133764
 4410.8   0.0010542511459521
 4411.7   0.0010763596960466
 4412.6   0.0010837837707180
 4413.5   0.0010656722432042
 4414.4   0.0010229295122843
 4415.3   0.0009882831098571
 4416.2   0.0009846094545074
 4417.1   0.0009970893478107
 4418.0   0.0010202974265602
 4418.9   0.0010588311331924
 4419.8   0.0010881497316315
 4420.7   0.0010842254123447
 4421.6   0.0010619574320251
 4422.5   0.0010537578479258
 4423.4   0.0010657420639887
 4424.3   0.0010733370074148
 4425.2   0.0010640430191218
 4426.1   0.0010494548103635
 4427.0   0.0010439913797304
 4427.9   0.0010547460224955
 4428.8   0.0010647581445520
 4429.7   0.0010577104775733
 4430.6   0.0010540705430087
 4431.5   0.0010674546635131
 4432.4   0.0010740975094919
 4433.3   0.0010535946086703
 4434.2   0.0010154171664802
 4435.1   0.0009940787954588
 4436.0   0.0010197514312282
 4436.9   0.0010736658193859
 4437.8   0.0011123371772829
 4438.7   0.0011215731035998
 4439.6   0.0011102569548565
 4440.5   0.0010836726568417
 4441.4   0.0010427235445512
 4442.3   0.0009998799715546
 4443.2   0.0009821163469177
 4444.1   0.0010040587866858
 4445.0   0.0010461668164768
 4445.9   0.0010725589586334
 4446.8   0.0010728764807757
 4447.7   0.0010688814828148
 4448.6   0.0010701050966386
 4449.5   0.0010634493479985
 4450.4   0.0010545036400539
 4451.3   0.0010609747937037
 4452.2   0.0010724248418742
 4453.1   0.0010621705547081
 4454.0   0.0010280968451410
 4454.9   0.0010013640521353
 4455.8   0.0010073874216680
 4456.7   0.0010320358171841
 4457.6   0.0010461271362178
 4458.5   0.0010420869217494
 4459.4   0.0010348985837340
 4460.3   0.0010302002877823
 4461.2   0.0010235044013420
 4462.1   0.0010299283596188
 4463.0   0.0010529366072568
 4463.9   0.0010684516228735
 4464.8   0.0010710400706072
 4465.7   0.0010698763374857
 4466.6   0.0010637214934941
 4467.5   0.0010483294077546
 4468.4   0.0010280881861741
 4469.3   0.0010223656270920
 4470.2   0.0010379963777510
 4471.1   0.0010636905179560
 4472.0   0.0010907152222363
 4472.9   0.0011130380617438
 4473.8   0.0011252686522951
 4474.7   0.0011217928491914
 4475.6   0.0011111058195745
 4476.5   0.0011143028542741
 4477.4   0.0011294177958806
 4478.3   0.0011334741615527
 4479.2   0.0011186463041614
 4480.1   0.0010933180253247
 4481.0   0.0010657467537858
 4481.9   0.0010495107447731
 4482.8   0.0010611528687321
 4483.7   0.0010903788036431
 4484.6   0.0011132413587299
 4485.5   0.0011240560880909
 4486.4   0.0011254837195281
 4487.3   0.0011143236495208
 4488.2   0.0010889405229348
 4489.1   0.0010634499084865
 4490.0   0.0010609874561560
 4490.9   0.0010836370258221
 4491.8   0.0011077503154863
 4492.7   0.0011118141047641
 4493.6   0.0010952068239586
 4494.5   0.0010774906120268
 4495.4   0.0010724483480524
 4496.3   0.0010771066777817
 4497.2   0.0010929190837288
 4498.1   0.0011163707574041
 4499.0   0.0011276368053878
 4499.9   0.0011149646532795
 4500.8   0.0010940805062673
 4501.7   0.0010961659904173
 4502.6   0.0011236365571418
 4503.5   0.0011489440178547
 4504.4   0.0011577321257389
 4505.3   0.0011545499268122
 4506.2   0.0011460873594796
 4507.1   0.0011360151050731
 4508.0   0.0011298791804093
 4508.9   0.0011349015756578
 4509.8   0.0011457463769131
 4510.7   0.0011480698854248
 4511.6   0.0011389013091700
 4512.5   0.0011280553526233
 4513.4   0.0011215620425417
 4514.3   0.0011158480737953
 4515.2   0.0011124048933779
 4516.1   0.0011122547855544
 4517.0   0.0011053122043468
 4517.9   0.0010959725648822
 4518.8   0.0011003253257326
 4519.7   0.0011131263786306
 4520.6   0.0011182461386429
 4521.5   0.0011057880814925
 4522.4   0.0010848040418016
 4523.3   0.0010786048849464
 4524.2   0.0010834540894187
 4525.1   0.0010814114768776
 4526.0   0.0010705658520483
 4526.9   0.0010537431150998
 4527.8   0.0010361689811437
 4528.7   0.0010297566215359
 4529.6   0.0010396713788287
 4530.5   0.0010534994744199
 4531.4   0.0010625704342633
 4532.3   0.0010585710782226
 4533.2   0.0010327389092812
 4534.1   0.0010049443233296
 4535.0   0.0010018110584324
 4535.9   0.0010328146094699
 4536.8   0.0010857577863973
 4537.7   0.0011266837356654
 4538.6   0.0011370911504269
 4539.5   0.0011284766565445
 4540.4   0.0011180791818652
 4541.3   0.0011148400419383
 4542.2   0.0011168633233645
 4543.1   0.0011103220858439
 4544.0   0.0010907551770201
 4544.9   0.0010763727702859
 4545.8   0.0010789776437481
 4546.7   0.0010841706446652
 4547.6   0.0010713836154044
 4548.5   0.0010380022114010
 4549.4   0.0010156037632131
 4550.3   0.0010353614438331
 4551.2   0.0010678055289692
 4552.1   0.0010719330651723
 4553.0   0.0010538687559086
 4553.9   0.0010369151393047
 4554.8   0.0010359843175223
 4555.7   0.0010540792248527
 4556.6   0.0010852077647028
 4557.5   0.0011130947167808
 4558.4   0.0011269134785318
 4559.3   0.0011341065978527
 4560.2   0.0011392664842266
 4561.1   0.0011374022326771
 4562.0   0.0011233916239081
 4562.9   0.0011008810666918
 4563.8   0.0010876659390233
 4564.7   0.0010946572026127
 4565.6   0.0011118344539082
 4566.5   0.0011276260188544
 4567.4   0.0011358241731375
 4568.3   0.0011370319217208
 4569.2   0.0011327604316230
 4570.1   0.0011120371675293
 4571.0   0.0010788002435930
 4571.9   0.0010687510950162
 4572.8   0.0010949001226652
 4573.7   0.0011236902495996
 4574.6   0.0011319140605045
 4575.5   0.0011300341038539
 4576.4   0.0011304713759623
 4577.3   0.0011323026273540
 4578.2   0.0011284349745427
 4579.1   0.0011159383466707
 4580.0   0.0010989846728742
 4580.9   0.0010863767366709
 4581.8   0.0010819885850100
 4582.7   0.0010793045340462
 4583.6   0.0010794330688030
 4584.5   0.0010901450229757
 4585.4   0.0011046406139601
 4586.3   0.0011174838979093
 4587.2   0.0011287058160459
 4588.1   0.0011317276696651
 4589.0   0.0011242058756356
 4589.9   0.0011127519040495
 4590.8   0.0011025260873835
 4591.7   0.0010921540748711
 4592.6   0.0010888698900147
 4593.5   0.0011003310678744
 4594.4   0.0011164168775553
 4595.3   0.0011279124053193
 4596.2   0.0011363670686280
 4597.1   0.0011420318059431
 4598.0   0.0011441996589444
 4598.9   0.0011413313218307
 4599.8   0.0011288147451630
 4600.7   0.0011118250285599
 4601.6   0.0011007690262946
 4602.5   0.0010996274839205
 4603.4   0.0011099847521683
 4604.3   0.0011241427120753
 4605.2   0.0011315982770186
 4606.1   0.0011327385497159
 4607.0   0.0011328656889721
 4607.9   0.0011379744108033
 4608.8   0.0011464036348222
 4609.7   0.0011485191908664
 4610.6   0.0011420151056899
 4611.5   0.0011340116351802
 4612.4   0.0011285845218784
 4613.3   0.0011274582842568
 4614.2   0.0011322545855298
 4615.1   0.0011331297817429
 4616.0   0.0011266542471362
 4616.9   0.0011241175244332
 4617.8   0.0011249007663070
 4618.7   0.0011227192213858
 4619.6   0.0011256564527632
 4620.5   0.0011384191408330
 4621.4   0.0011508591708608
 4622.3   0.0011549901958154
 4623.2   0.0011523430913020
 4624.1   0.0011447411589343
 4625.0   0.0011353581216886
 4625.9   0.0011326872135952
 4626.8   0.0011368266344305
 4627.7   0.0011346667769613
 4628.6   0.0011214729135193
 4629.5   0.0011134258850889
 4630.4   0.0011229104621617
 4631.3   0.0011351929150060
 4632.2   0.0011332023248974
 4633.1   0.0011266090077517
 4634.0   0.0011295227329508
 4634.9   0.0011353650419990
 4635.8   0.0011331651954304
 4636.7   0.0011244599596930
 4637.6   0.0011192287197715
 4638.5   0.0011239624408493
 4639.4   0.0011344426618515
 4640.3   0.0011460079760843
 4641.2   0.0011554223434626
 4642.1   0.0011577238899976
 4643.0   0.0011539615288510
 4643.9   0.0011479482938555
 4644.8   0.0011364625231572
 4645.7   0.0011172375348594
 4646.6   0.0011017198197497
 4647.5   0.0011013243554668
 4648.4   0.0011140287070359
 4649.3   0.0011294821719250
 4650.2   0.0011349704012903
 4651.1   0.0011285846591407
 4652.0   0.0011235026233990
 4652.9   0.0011215983713116
 4653.8   0.0011103995246891
 4654.7   0.0010963067644007
 4655.6   0.0010925044484704
 4656.5   0.0010973619458766
 4657.4   0.0011139593437925
 4658.3   0.0011411446907822
 4659.2   0.0011626035667126
 4660.1   0.0011691534975156
 4661.0   0.0011638153645354
 4661.9   0.0011528966017480
 4662.8   0.0011449852571554
 4663.7   0.0011450600651388
 4664.6   0.0011469978664334
 4665.5   0.0011361074597608
 4666.4   0.0011058638159968
 4667.3   0.0010752360435327
 4668.2   0.0010708990449761
 4669.1   0.0010886921467037
 4670.0   0.0011088239701875
 4670.9   0.0011276994313372
 4671.8   0.0011418660730881
 4672.7   0.0011459312235509
 4673.6   0.0011460276503552
 4674.5   0.0011487799893406
 4675.4   0.0011541133181385
 4676.3   0.0011579105668002
 4677.2   0.0011543511251682
 4678.1   0.0011423982163608
 4679.0   0.0011301282772678
 4679.9   0.0011232943735297
 4680.8   0.0011183821313209
 4681.7   0.0011162122536998
 4682.6   0.0011248443514792
 4683.5   0.0011411409846986
 4684.4   0.0011519775158969
 4685.3   0.0011547613108387
 4686.2   0.0011552289179275
 4687.1   0.0011564568440770
 4688.0   0.0011582375943606
 4688.9   0.0011569728361459
 4689.8   0.0011489798204522
 4690.7   0.0011386564331290
 4691.6   0.0011382251319330
 4692.5   0.0011503065754972
 4693.4   0.0011629070309021
 4694.3   0.0011701566565590
 4695.2   0.0011745913744738
 4696.1   0.0011752199216737
 4697.0   0.0011680817072948
 4697.9   0.0011542546983640
 4698.8   0.0011448561161565
 4699.7   0.0011465958021190
 4700.6   0.0011484618838332
 4701.5   0.0011369527670961
 4702.4   0.0011167147826195
 4703.3   0.0011104387359685
 4704.2   0.0011257142402145
 4705.1   0.0011414071249661
 4706.0   0.0011390266868927
 4706.9   0.0011219266227947
 4707.8   0.0011072969951209
 4708.7   0.0011054061261131
 4709.6   0.0011164263486578
 4710.5   0.0011374967721240
 4711.4   0.0011581085677471
 4712.3   0.0011658235127869
 4713.2   0.0011585642787652
 4714.1   0.0011462566497172
 4715.0   0.0011442046918975
 4715.9   0.0011553200830082
 4716.8   0.0011674449243536
 4717.7   0.0011719273409366
 4718.6   0.0011717962553878
 4719.5   0.0011719135003159
 4720.4   0.0011713833244702
 4721.3   0.0011679103581219
 4722.2   0.0011653603667246
 4723.1   0.0011690118885196
 4724.0   0.0011757658826901
 4724.9   0.0011792747660214
 4725.8   0.0011751785141966
 4726.7   0.0011627523819823
 4727.6   0.0011503474110477
 4728.5   0.0011476689649634
 4729.4   0.0011523183840782
 4730.3   0.0011544269626193
 4731.2   0.0011518308739478
 4732.1   0.0011491003825539
 4733.0   0.0011474647872105
 4733.9   0.0011498131173315
 4734.8   0.0011540467458963
 4735.7   0.0011492517143001
 4736.6   0.0011414858906808
 4737.5   0.0011478208686361
 4738.4   0.0011625097707701
 4739.3   0.0011683843707873
 4740.2   0.0011642979560980
 4741.1   0.0011604935011626
 4742.0   0.0011643158002041
 4742.9   0.0011727335285008
 4743.8   0.0011771435391917
 4744.7   0.0011750121979767
 4745.6   0.0011722030094993
 4746.5   0.0011736533006636
 4747.4   0.0011765716127131
 4748.3   0.0011781098661698
 4749.2   0.0011798311360997
 4750.1   0.0011819768898620
 4751.0   0.0011819929038034
 4751.9   0.0011779778655386
 4752.8   0.0011703238878614
 4753.7   0.0011624931849023
 4754.6   0.0011597419897698
 4755.5   0.0011599518867874
 4756.4   0.0011595793338793
 4757.3   0.0011618292926460
 4758.2   0.0011674597944420
 4759.1   0.0011737109508527
 4760.0   0.0011757702293314
 4760.9   0.0011660379852164
 4761.8   0.0011443642593850
 4762.7   0.0011236304375285
 4763.6   0.0011169208706067
 4764.5   0.0011256708767489
 4765.4   0.0011412158613132
 4766.3   0.0011551337493615
 4767.2   0.0011642938382274
 4768.1   0.0011701072421113
 4769.0   0.0011769577774714
 4769.9   0.0011813831157919
 4770.8   0.0011761092673479
 4771.7   0.0011648233277612
 4772.6   0.0011599347289931
 4773.5   0.0011683380447425
 4774.4   0.0011818490071013
 4775.3   0.0011891479328207
 4776.2   0.0011906696004095
 4777.1   0.0011909807284139
 4778.0   0.0011871165643542
 4778.9   0.0011755423738223
 4779.8   0.0011657654050567
 4780.7   0.0011680998945568
 4781.6   0.0011729649299540
 4782.5   0.0011687816309193
 4783.4   0.0011643521747282
 4784.3   0.0011673654265731
 4785.2   0.0011646334481703
 4786.1   0.0011516779408075
 4787.0   0.0011452275252117
 4787.9   0.0011475366211762
 4788.8   0.0011486682349067
 4789.7   0.0011546205025396
 4790.6   0.0011679586287166
 4791.5   0.0011780082920273
 4792.4   0.0011829913730496
 4793.3   0.0011883121194649
 4794.2   0.0011935554270350
 4795.1   0.0011964155169690
 4796.0   0.0011951786687665
 4796.9   0.0011862853264102
 4797.8   0.0011717519882783
 4798.7   0.0011636734123834
 4799.6   0.0011684962396065
 4800.5   0.0011788685838363
 4801.4   0.0011871552265841
 4802.3   0.0011894337816747
 4803.2   0.0011823906214765
 4804.1   0.0011679473045724
 4805.0   0.0011591293421260
 4805.9   0.0011649836959458
 4806.8   0.0011752212942972
 4807.7   0.0011804982311443
 4808.6   0.0011821712304794
 4809.5   0.0011798079158847
 4810.4   0.0011745119910785
 4811.3   0.0011737686010417
 4812.2   0.0011797472916779
 4813.1   0.0011865325130342
 4814.0   0.0011896193146243
 4814.9   0.0011907153545278
 4815.8   0.0011935301478847
 4816.7   0.0011970261056775
 4817.6   0.0011978360679564
 4818.5   0.0011955649479101
 4819.4   0.0011920822588116
 4820.3   0.0011899828310941
 4821.2   0.0011868597693653
 4822.1   0.0011725163108243
 4823.0   0.0011493242345776
 4823.9   0.0011400678561698
 4824.8   0.0011539987040722
 4825.7   0.0011741967452036
 4826.6   0.0011848462450049
 4827.5   0.0011835878923668
 4828.4   0.0011773751694155
 4829.3   0.0011758440078471
 4830.2   0.0011782959710460
 4831.1   0.0011769430217683
 4832.0   0.0011748171710475
 4832.9   0.0011791464257196
 4833.8   0.0011862789208337
 4834.7   0.0011879456289775
 4835.6   0.0011845229921592
 4836.5   0.0011820724015839
 4837.4   0.0011804262827933
 4838.3   0.0011743859384827
 4839.2   0.0011643407361986
 4840.1   0.0011572881964062
 4841.0   0.0011590983437108
 4841.9   0.0011660440476370
 4842.8   0.0011714898171805
 4843.7   0.0011781351453202
 4844.6   0.0011869001473747
 4845.5   0.0011908213896969
 4846.4   0.0011861775754617
 4847.3   0.0011747387027346
 4848.2   0.0011645525777663
 4849.1   0.0011669296185964
 4850.0   0.0011793388217870
 4850.9   0.0011870334062442
 4851.8   0.0011858987041107
 4852.7   0.0011804172463549
 4853.6   0.0011680284037470
 4854.5   0.0011474947561580
 4855.4   0.0011343630382471
 4856.3   0.0011405913290371
 4857.2   0.0011481303952463
 4858.1   0.0011265591357628
 4859.0   0.0010560482762101
 4859.9   0.0009353438563455
 4860.8   0.0008244506407654
 4861.7   0.0008286338826075
 4862.6   0.0009451478200409
 4863.5   0.0010601151996450
 4864.4   0.0011152736537173
 4865.3   0.0011337672853115
 4866.2   0.0011454299871851
 4867.1   0.0011581789147039
 4868.0   0.0011690328210287
 4868.9   0.0011721457024662
 4869.8   0.0011573854239076
 4870.7   0.0011258685231014
 4871.6   0.0011063173308172
 4872.5   0.0011199679233065
 4873.4   0.0011470812533140
 4874.3   0.0011621840014480
 4875.2   0.0011634863924249
 4876.1   0.0011582380519018
 4877.0   0.0011491667260254
 4877.9   0.0011444789878366
 4878.8   0.0011585128053821
 4879.7   0.0011800307384407
 4880.6   0.0011838572697382
 4881.5   0.0011722327496762
 4882.4   0.0011634166173945
 4883.3   0.0011597681840025
 4884.2   0.0011556822268544
 4885.1   0.0011522455206448
 4886.0   0.0011526170440853
 4886.9   0.0011555499974526
 4887.8   0.0011538891229589
 4888.7   0.0011430633211013
 4889.6   0.0011241705877719
 4890.5   0.0011036553218999
 4891.4   0.0011055730943292
 4892.3   0.0011406597771981
 4893.2   0.0011803137276623
 4894.1   0.0012025766521519
 4895.0   0.0012106993807710
 4895.9   0.0012116276174457
 4896.8   0.0012090962708516
 4897.7   0.0012022368134383
 4898.6   0.0011868714366654
 4899.5   0.0011681816800433
 4900.4   0.0011635107564929
 4901.3   0.0011715561606521
 4902.2   0.0011700940878023
 4903.1   0.0011585023963202
 4904.0   0.0011580002448720
 4904.9   0.0011735600766476
 4905.8   0.0011894257747040
 4906.7   0.0011939545173318
 4907.6   0.0011884353124284
 4908.5   0.0011757247039837
 4909.4   0.0011573850807517
 4910.3   0.0011447822232555
 4911.2   0.0011497554671424
 4912.1   0.0011648808635649
 4913.0   0.0011755188104514
 4913.9   0.0011820830394164
 4914.8   0.0011908224191646
 4915.7   0.0011964204355367
 4916.6   0.0011885545019065
 4917.5   0.0011627568430089
 4918.4   0.0011261407029125
 4919.3   0.0010935906054843
 4920.2   0.0010786515884627
 4921.1   0.0010912166416186
 4922.0   0.0011185594742834
 4922.9   0.0011305905997560
 4923.8   0.0011259883988913
 4924.7   0.0011327951589988
 4925.6   0.0011574683532470
 4926.5   0.0011789787368761
 4927.4   0.0011873550576957
 4928.3   0.0011907217601044
 4929.2   0.0011938409327331
 4930.1   0.0011947319941867
 4931.0   0.0011927272774941
 4931.9   0.0011798644222208
 4932.8   0.0011477643623000
 4933.7   0.0011170196194325
 4934.6   0.0011210005365636
 4935.5   0.0011485760403584
 4936.4   0.0011611199894272
 4937.3   0.0011457430597395
 4938.2   0.0011171371960780
 4939.1   0.0011044032415944
 4940.0   0.0011250822385787
 4940.9   0.0011604927004656
 4941.8   0.0011831475089783
 4942.7   0.0011920148858724
 4943.6   0.0011963031906086
 4944.5   0.0011944558680829
 4945.4   0.0011852024408157
 4946.3   0.0011789233743929
 4947.2   0.0011840931322179
 4948.1   0.0011923515217977
 4949.0   0.0011935928310267
 4949.9   0.0011913667787869
 4950.8   0.0011926023687512
 4951.7   0.0011950324843586
 4952.6   0.0011951664295398
 4953.5   0.0011951070635714
 4954.4   0.0011936321795685
 4955.3   0.0011791575210933
 4956.2   0.0011392254542210
 4957.1   0.0010946107507441
 4958.0   0.0010946560015671
 4958.9   0.0011392042014331
 4959.8   0.0011797687961135
 4960.7   0.0011953335464569
 4961.6   0.0011967109741878
 4962.5   0.0011962705907993
 4963.4   0.0011956884840295
 4964.3   0.0011886060896749
 4965.2   0.0011753473468931
 4966.1   0.0011672214154858
 4967.0   0.0011697162731705
 4967.9   0.0011747412192111
 4968.8   0.0011760010588581
 4969.7   0.0011747413335964
 4970.6   0.0011756534419444
 4971.5   0.0011802400635319
 4972.4   0.0011845538761890
 4973.3   0.0011893813932092
 4974.2   0.0011959666690686
 4975.1   0.0011985984459524
 4976.0   0.0011954997482915
 4976.9   0.0011897778526442
 4977.8   0.0011825941129176
 4978.7   0.0011749857749734
 4979.6   0.0011652600508202
 4980.5   0.0011467641772743
 4981.4   0.0011198515477067
 4982.3   0.0010982262983636
 4983.2   0.0010929454609780
 4984.1   0.0011009367380152
 4985.0   0.0011158247163179
 4985.9   0.0011386288319571
 4986.8   0.0011643000150333
 4987.7   0.0011779440074911
 4988.6   0.0011752437138152
 4989.5   0.0011622382200781
 4990.4   0.0011466599722699
 4991.3   0.0011423030249177
 4992.2   0.0011501215000887
 4993.1   0.0011512571173045
 4994.0   0.0011489010089835
 4994.9   0.0011600948684071
 4995.8   0.0011752446288976
 4996.7   0.0011797454615132
 4997.6   0.0011742163050891
 4998.5   0.0011598913769660
 4999.4   0.0011440871038135
 5000.3   0.0011384379114601
 5001.2   0.0011408287128413
 5002.1   0.0011470795375346
 5003.0   0.0011562542677183
 5003.9   0.0011554428184305
 5004.8   0.0011320220516621
 5005.7   0.0011006479608977
 5006.6   0.0010942964313901
 5007.5   0.0011218847692150
 5008.4   0.0011579487714889
 5009.3   0.0011763460449100
 5010.2   0.0011715379733900
 5011.1   0.0011482033730649
 5012.0   0.0011193474173929
 5012.9   0.0010976687501167
 5013.8   0.0010861601595520
 5014.7   0.0010940239770542
 5015.6   0.0011178816270210
 5016.5   0.0011318249772362
 5017.4   0.0011243820747451
 5018.3   0.0011159782099463
 5019.2   0.0011275417168915
 5020.1   0.0011481833556382
 5021.0   0.0011566458085855
 5021.9   0.0011515076211021
 5022.8   0.0011498714538323
 5023.7   0.0011578903206028
 5024.6   0.0011645987894257
 5025.5   0.0011668328486363
 5026.4   0.0011656951724851
 5027.3   0.0011628534985838
 5028.2   0.0011665522615059
 5029.1   0.0011745026114843
 5030.0   0.0011753607299727
 5030.9   0.0011733499508594
 5031.8   0.0011807193379209
 5032.7   0.0011915867417105
 5033.6   0.0011898001577768
 5034.5   0.0011696124113220
 5035.4   0.0011453644444107
 5036.3   0.0011403129952971
 5037.2   0.0011508614585667
 5038.1   0.0011495102250684
 5039.0   0.0011263804888079
 5039.9   0.0010908578035074
 5040.8   0.0010623901515988
 5041.7   0.0010702956282257
 5042.6   0.0011136712987409
 5043.5   0.0011551720684356
 5044.4   0.0011771362185327
 5045.3   0.0011888830164758
 5046.2   0.0011940413357712
 5047.1   0.0011881470614832
 5048.0   0.0011709739394969
 5048.9   0.0011489376122781
 5049.8   0.0011331366791762
 5050.7   0.0011290193232644
 5051.6   0.0011362547537061
 5052.5   0.0011564823519979
 5053.4   0.0011794474878179
 5054.3   0.0011923987629248
 5055.2   0.0011964346193134
 5056.1   0.0011969732596709
 5057.0   0.0011963556934593
 5057.9   0.0011942905813306
 5058.8   0.0011892559125398
 5059.7   0.0011836497748117
 5060.6   0.0011840686537646
 5061.5   0.0011889365487942
 5062.4   0.0011877763387398
 5063.3   0.0011714446349887
 5064.2   0.0011457504947837
 5065.1   0.0011358969679397
 5066.0   0.0011494883774770
 5066.9   0.0011623108547409
 5067.8   0.0011607277622483
 5068.7   0.0011579193744680
 5069.6   0.0011660757323639
 5070.5   0.0011744817933605
 5071.4   0.0011713734873348
 5072.3   0.0011652335134316
 5073.2   0.0011640108490058
 5074.1   0.0011622272390897
 5075.0   0.0011611174729507
 5075.9   0.0011668374240481
 5076.8   0.0011713410019108
 5077.7   0.0011560320170887
 5078.6   0.0011166441039452
 5079.5   0.0010838957882381
 5080.4   0.0010890702930528
 5081.3   0.0011175714369761
 5082.2   0.0011337151828093
 5083.1   0.0011339700904407
 5084.0   0.0011423303286878
 5084.9   0.0011625528940266
 5085.8   0.0011754642486653
 5086.7   0.0011747912055854
 5087.6   0.0011733995940777
 5088.5   0.0011781426947497
 5089.4   0.0011813333581883
 5090.3   0.0011800020277315
 5091.2   0.0011810015264454
 5092.1   0.0011863478951670
 5093.0   0.0011918701884733
 5093.9   0.0011951960553314
 5094.8   0.0011942736523068
 5095.7   0.0011855967269300
 5096.6   0.0011684949813682
 5097.5   0.0011465689215745
 5098.4   0.0011295569684699
 5099.3   0.0011327181433792
 5100.2   0.0011555268916229
 5101.1   0.0011786612032952
 5102.0   0.0011890197069042
 5102.9   0.0011895433627880
 5103.8   0.0011875371590865
 5104.7   0.0011829525964344
 5105.6   0.0011686219490465
 5106.5   0.0011401459584497
 5107.4   0.0011172300998152
 5108.3   0.0011213584824695
 5109.2   0.0011330819000581
 5110.1   0.0011372228079022
 5111.0   0.0011503387177653
 5111.9   0.0011726012990990
 5112.8   0.0011869650038373
 5113.7   0.0011894851406724
 5114.6   0.0011870796179036
 5115.5   0.0011879528352511
 5116.4   0.0011939493699935
 5117.3   0.0011986888103360
 5118.2   0.0011984282406323
 5119.1   0.0011953426972805
 5120.0   0.0011907782664405
 5120.9   0.0011825244522725
 5121.8   0.0011673321404520
 5122.7   0.0011454067669701
 5123.6   0.0011295706718283
 5124.5   0.0011314358498987
 5125.4   0.0011408231880315
 5126.3   0.0011428798470869
 5127.2   0.0011383000314246
 5128.1   0.0011366480789839
 5129.0   0.0011412734314325
 5129.9   0.0011509438159796
 5130.8   0.0011588893617756
 5131.7   0.0011609676282134
 5132.6   0.0011612344891083
 5133.5   0.0011651100916975
 5134.4   0.0011744687534368
 5135.3   0.0011769673858363
 5136.2   0.0011617487653978
 5137.1   0.0011396590202459
 5138.0   0.0011214636826259
 5138.9   0.0011087871266837
 5139.8   0.0011132329742877
 5140.7   0.0011256347081184
 5141.6   0.0011203654808403
 5142.5   0.0011121846444910
 5143.4   0.0011278791306368
 5144.3   0.0011530229974997
 5145.2   0.0011627341947203
 5146.1   0.0011591341463084
 5147.0   0.0011541088571119
 5147.9   0.0011544766058376
 5148.8   0.0011581241241473
 5149.7   0.0011516073650800
 5150.6   0.0011334186160531
 5151.5   0.0011229266934351
 5152.4   0.0011291177975655
 5153.3   0.0011397711750283
 5154.2   0.0011490701848358
 5155.1   0.0011622358179869
 5156.0   0.0011766943481354
 5156.9   0.0011865151264693
 5157.8   0.0011899573231731
 5158.7   0.0011901564679730
 5159.6   0.0011912519359500
 5160.5   0.0011891579987267
 5161.4   0.0011791650705228
 5162.3   0.0011703496245529
 5163.2   0.0011700622886901
 5164.1   0.0011632077498446
 5165.0   0.0011293235995895
 5165.9   0.0010647978934423
 5166.8   0.0009977496026146
 5167.7   0.0009738868968178
 5168.6   0.0010051594363167
 5169.5   0.0010605689546746
 5170.4   0.0010856348450814
 5171.3   0.0010483714672279
 5172.2   0.0009962038912366
 5173.1   0.0010049725650591
 5174.0   0.0010747978906575
 5174.9   0.0011444188211710
 5175.8   0.0011796200952291
 5176.7   0.0011906718881155
 5177.6   0.0011940656998392
 5178.5   0.0011933076684845
 5179.4   0.0011887807560215
 5180.3   0.0011799918474402
 5181.2   0.0011547543333356
 5182.1   0.0010926025109844
 5183.0   0.0010156452621984
 5183.9   0.0009974123146932
 5184.8   0.0010526834725973
 5185.7   0.0011156721148949
 5186.6   0.0011437968396871
 5187.5   0.0011394208471832
 5188.4   0.0011270758370206
 5189.3   0.0011309741222140
 5190.2   0.0011343569529494
 5191.1   0.0011118524467152
 5192.0   0.0010869563155257
 5192.9   0.0010910903716907
 5193.8   0.0011084487521019
 5194.7   0.0011148397445366
 5195.6   0.0011211329947360
 5196.5   0.0011339211106571
 5197.4   0.0011408289301734
 5198.3   0.0011445907422705
 5199.2   0.0011538312439992
 5200.1   0.0011620000698925
 5201.0   0.0011596448766538
 5201.9   0.0011483595089936
 5202.8   0.0011342015033325
 5203.7   0.0011121413039025
 5204.6   0.0010863928421205
 5205.5   0.0010798438950311
 5206.4   0.0010948746719369
 5207.3   0.0011039818461650
 5208.2   0.0010984465472505
 5209.1   0.0011037436616637
 5210.0   0.0011244375973676
 5210.9   0.0011473573794179
 5211.8   0.0011680570000710
 5212.7   0.0011806439580110
 5213.6   0.0011770278956577
 5214.5   0.0011549979740155
 5215.4   0.0011281405239145
 5216.3   0.0011179559660247
 5217.2   0.0011320297040384
 5218.1   0.0011583180072235
 5219.0   0.0011789095337722
 5219.9   0.0011885227027943
 5220.8   0.0011926477797136
 5221.7   0.0011936207410389
 5222.6   0.0011897764800206
 5223.5   0.0011767332391360
 5224.4   0.0011477672219324
 5225.3   0.0010991307314583
 5226.2   0.0010495870969580
 5227.1   0.0010427403248741
 5228.0   0.0010862519537518
 5228.9   0.0011325391303914
 5229.8   0.0011549539356766
 5230.7   0.0011636061538295
 5231.6   0.0011578218038107
 5232.5   0.0011379039380226
 5233.4   0.0011251745818279
 5234.3   0.0011299313744198
 5235.2   0.0011453415673515
 5236.1   0.0011637047539544
 5237.0   0.0011768661548496
 5237.9   0.0011818324212335
 5238.8   0.0011804077523754
 5239.7   0.0011779148392407
 5240.6   0.0011789918911851
 5241.5   0.0011789717593730
 5242.4   0.0011766990379325
 5243.3   0.0011794796300860
 5244.2   0.0011858600418808
 5245.1   0.0011843169842416
 5246.0   0.0011683818543108
 5246.9   0.0011495846898959
 5247.8   0.0011448915755982
 5248.7   0.0011449043867513
 5249.6   0.0011334557912742
 5250.5   0.0011260491717989
 5251.4   0.0011384417776831
 5252.3   0.0011546556188254
 5253.2   0.0011569648291752
 5254.1   0.0011484155577885
 5255.0   0.0011452536050591
 5255.9   0.0011581154308648
 5256.8   0.0011766067289989
 5257.7   0.0011873634078223
 5258.6   0.0011891384388411
 5259.5   0.0011825647158966
 5260.4   0.0011638616905802
 5261.3   0.0011323372289059
 5262.2   0.0011021112805472
 5263.1   0.0010848663932263
 5264.0   0.0010759643461491
 5264.9   0.0010706358901648
 5265.8   0.0010743132744752
 5266.7   0.0010944800197897
 5267.6   0.0011098993292295
 5268.5   0.0010860533465629
 5269.4   0.0010438990021655
 5270.3   0.0010458406925602
 5271.2   0.0010934193478196
 5272.1   0.0011276886333653
 5273.0   0.0011303692985244
 5273.9   0.0011289467000402
 5274.8   0.0011314352322181
 5275.7   0.0011361405285498
 5276.6   0.0011524599930742
 5277.5   0.0011743436159233
 5278.4   0.0011858083397271
 5279.3   0.0011832497694326
 5280.2   0.0011705589496441
 5281.1   0.0011521863834469
 5282.0   0.0011353602835707
 5282.9   0.0011245725834551
 5283.8   0.0011264410672606
 5284.7   0.0011474507178192
 5285.6   0.0011733130044089
 5286.5   0.0011873349258837
 5287.4   0.0011898246362301
 5288.3   0.0011882496650935
 5289.2   0.0011880168910167
 5290.1   0.0011890575684371
 5291.0   0.0011885700583068
 5291.9   0.0011854816553225
 5292.8   0.0011822022288945
 5293.7   0.0011813889494420
 5294.6   0.0011792494868710
 5295.5   0.0011676813587598
 5296.4   0.0011468188534456
 5297.3   0.0011295169679319
 5298.2   0.0011303365271372
 5299.1   0.0011480300793419
 5300.0   0.0011616855103292
 5300.9   0.0011583776019626
 5301.8   0.0011496844338738
 5302.7   0.0011534219734112
 5303.6   0.0011692037126605
 5304.5   0.0011815026484259
 5305.4   0.0011811585774564
 5306.3   0.0011707818865854
 5307.2   0.0011624341620897
 5308.1   0.0011669625615616
 5309.0   0.0011785658059585
 5309.9   0.0011856281828864
 5310.8   0.0011871198815277
 5311.7   0.0011872351819058
 5312.6   0.0011868619426859
 5313.5   0.0011848642034963
 5314.4   0.0011785889117883
 5315.3   0.0011624977603141
 5316.2   0.0011432560832016
 5317.1   0.0011420899365503
 5318.0   0.0011592658037838
 5318.9   0.0011737096926144
 5319.8   0.0011775878116802
 5320.7   0.0011754608171065
 5321.6   0.0011699042082114
 5322.5   0.0011597367280462
 5323.4   0.0011448093325706
 5324.3   0.0011366286792378
 5325.2   0.0011422256890193
 5326.1   0.0011381219563962
 5327.0   0.0010994069719474
 5327.9   0.0010530978218925
 5328.8   0.0010576348688928
 5329.7   0.0011100213783400
 5330.6   0.0011536913507826
 5331.5   0.0011634826177102
 5332.4   0.0011553489081027
 5333.3   0.0011539745687748
 5334.2   0.0011636368090888
 5335.1   0.0011680272598941
 5336.0   0.0011601907232849
 5336.9   0.0011528247677823
 5337.8   0.0011537382487538
 5338.7   0.0011483640844054
 5339.6   0.0011289263737731
 5340.5   0.0011155390276034
 5341.4   0.0011269775800516
 5342.3   0.0011520442025243
 5343.2   0.0011685055048154
 5344.1   0.0011695227332502
 5345.0   0.0011600409929328
 5345.9   0.0011524141245707
 5346.8   0.0011522439192506
 5347.7   0.0011491549443400
 5348.6   0.0011428933903060
 5349.5   0.0011463216205652
 5350.4   0.0011603102559189
 5351.3   0.0011721502778780
 5352.2   0.0011736926492054
 5353.1   0.0011708319873449
 5354.0   0.0011736120075719
 5354.9   0.0011811416484327
 5355.8   0.0011864914487131
 5356.7   0.0011887776676185
 5357.6   0.0011898941824899
 5358.5   0.0011896737620251
 5359.4   0.0011879681628807
 5360.3   0.0011844137542018
 5361.2   0.0011768012983869
 5362.1   0.0011654387206521
 5363.0   0.0011561681355906
 5363.9   0.0011503458096536
 5364.8   0.0011465451294330
 5365.7   0.0011488481629769
 5366.6   0.0011540410266316
 5367.5   0.0011569281114953
 5368.4   0.0011549632008856
 5369.3   0.0011397486868792
 5370.2   0.0011144463849431
 5371.1   0.0011004467114084
 5372.0   0.0011162144613360
 5372.9   0.0011503233901356
 5373.8   0.0011759111520157
 5374.7   0.0011873018685332
 5375.6   0.0011905963938203
 5376.5   0.0011895854565768
 5377.4   0.0011879435700421
 5378.3   0.0011854858875785
 5379.2   0.0011784843636280
 5380.1   0.0011675224775841
 5381.0   0.0011596065575797
 5381.9   0.0011562032518764
 5382.8   0.0011529293159425
 5383.7   0.0011564052563086
 5384.6   0.0011694142959899
 5385.5   0.0011802194741786
 5386.4   0.0011840039116873
 5387.3   0.0011839786325369
 5388.2   0.0011802590514910
 5389.1   0.0011741194207437
 5390.0   0.0011700776163197
 5390.9   0.0011660257459897
 5391.8   0.0011568737784799
 5392.7   0.0011471959817656
 5393.6   0.0011475176332171
 5394.5   0.0011544842696524
 5395.4   0.0011494452542205
 5396.3   0.0011277490402400
 5397.2   0.0011153615588171
 5398.1   0.0011316903228660
 5399.0   0.0011551535380177
 5399.9   0.0011638210838002
 5400.8   0.0011657856512540
 5401.7   0.0011679962614789
 5402.6   0.0011595808208882
 5403.5   0.0011366862036030
 5404.4   0.0011130655027763
 5405.3   0.0011033991445916
 5406.2   0.0011165085916854
 5407.1   0.0011430634926792
 5408.0   0.0011554982952989
 5408.9   0.0011441152425962
 5409.8   0.0011289709840385
 5410.7   0.0011325723021272
 5411.6   0.0011529540231664
 5412.5   0.0011701591730355
 5413.4   0.0011709864074941
 5414.3   0.0011605210680189
 5415.2   0.0011554834252105
 5416.1   0.0011640607209947
 5417.0   0.0011734416878666
 5417.9   0.0011718319436000
 5418.8   0.0011669082285461
 5419.7   0.0011680642063446
 5420.6   0.0011719782423932
 5421.5   0.0011733057981353
 5422.4   0.0011671488952083
 5423.3   0.0011519976477090
 5424.2   0.0011423585704173
 5425.1   0.0011514532880867
 5426.0   0.0011689023074063
 5426.9   0.0011769120233532
 5427.8   0.0011649963927136
 5428.7   0.0011343291115684
 5429.6   0.0011124924667603
 5430.5   0.0011252695559389
 5431.4   0.0011509769877153
 5432.3   0.0011575405303686
 5433.2   0.0011430293257914
 5434.1   0.0011251658885454
 5435.0   0.0011255580699703
 5435.9   0.0011448070448647
 5436.8   0.0011653255935947
 5437.7   0.0011784598851747
 5438.6   0.0011847023483029
 5439.5   0.0011865421213991
 5440.4   0.0011864579338214
 5441.3   0.0011855706470826
 5442.2   0.0011836639585884
 5443.1   0.0011780859596430
 5444.0   0.0011651718597572
 5444.9   0.0011436765292330
 5445.8   0.0011173611510485
 5446.7   0.0011032305749813
 5447.6   0.0011202045407293
 5448.5   0.0011534421052232
 5449.4   0.0011746023554622
 5450.3   0.0011806567691642
 5451.2   0.0011815672761180
 5452.1   0.0011803942549105
 5453.0   0.0011721333488542
 5453.9   0.0011482987704016
 5454.8   0.0011144273969841
 5455.7   0.0011023699628934
 5456.6   0.0011272008372717
 5457.5   0.0011596226859064
 5458.4   0.0011752924419512
 5459.3   0.0011783516766850
 5460.2   0.0011766576304555
 5461.1   0.0011698122424336
 5462.0   0.0011567502423605
 5462.9   0.0011464190768371
 5463.8   0.0011503001699206
 5464.7   0.0011619277783856
 5465.6   0.0011671631933703
 5466.5   0.0011668709389397
 5467.4   0.0011691734005571
 5468.3   0.0011741666618708
 5469.2   0.0011771688183420
 5470.1   0.0011770020445809
 5471.0   0.0011755533548107
 5471.9   0.0011724550003058
 5472.8   0.0011666473156866
 5473.7   0.0011601109967338
 5474.6   0.0011508867377170
 5475.5   0.0011301516690608
 5476.4   0.0011074622361191
 5477.3   0.0011104638892950
 5478.2   0.0011365877178634
 5479.1   0.0011574771609147
 5480.0   0.0011615015787737
 5480.9   0.0011575901735869
 5481.8   0.0011563559562462
 5482.7   0.0011585998525921
 5483.6   0.0011625030220377
 5484.5   0.0011681106467746
 5485.4   0.0011718510459444
 5486.3   0.0011694272215283
 5487.2   0.0011638194824060
 5488.1   0.0011627641636678
 5489.0   0.0011662396464927
 5489.9   0.0011684150260465
 5490.8   0.0011694751489672
 5491.7   0.0011714892452541
 5492.6   0.0011729051064444
 5493.5   0.0011732744565642
 5494.4   0.0011729528051127
 5495.3   0.0011678642608477
 5496.2   0.0011528633156269
 5497.1   0.0011369147339853
 5498.0   0.0011385389365532
 5498.9   0.0011523037427603
 5499.8   0.0011545970535540
 5500.7   0.0011426899560575
 5501.6   0.0011371386432017
 5502.5   0.0011481871303529
 5503.4   0.0011627600457972
 5504.3   0.0011666270694893
 5505.2   0.0011548360044368
 5506.1   0.0011357527509588
 5507.0   0.0011314134303807
 5507.9   0.0011470524282195
 5508.8   0.0011620022432131
 5509.7   0.0011649604757308
 5510.6   0.0011610122384787
 5511.5   0.0011536354163730
 5512.4   0.0011470159393102
 5513.3   0.0011476717102105
 5514.2   0.0011547762953124
 5515.1   0.0011639063008455
 5516.0   0.0011720861077271
 5516.9   0.0011777142074320
 5517.8   0.0011804094681548
 5518.7   0.0011800384022555
 5519.6   0.0011782463278276
 5520.5   0.0011772138861485
 5521.4   0.0011771918097865
 5522.3   0.0011769866025660
 5523.2   0.0011753340781988
 5524.1   0.0011706661286661
 5525.0   0.0011612336884112
 5525.9   0.0011458336528937
 5526.8   0.0011268887141153
 5527.7   0.0011127104050643
 5528.6   0.0011161236737268
 5529.5   0.0011380160699280
 5530.4   0.0011598881741777
 5531.3   0.0011704632091515
 5532.2   0.0011720586552561
 5533.1   0.0011669599306998
 5534.0   0.0011576699001380
 5534.9   0.0011525365168371
 5535.8   0.0011582669913816
 5536.7   0.0011684106794053
 5537.6   0.0011732443732315
 5538.5   0.0011731460018772
 5539.4   0.0011732483767168
 5540.3   0.0011748230046976
 5541.2   0.0011756315943530
 5542.1   0.0011732385395814
 5543.0   0.0011685064198978
 5543.9   0.0011656218515106
 5544.8   0.0011661801661389
 5545.7   0.0011681757320079
 5546.6   0.0011713715427848
 5547.5   0.0011757848706492
 5548.4   0.0011785374384052
 5549.3   0.0011781699184501
 5550.2   0.0011765358101156
 5551.1   0.0011756246168499
 5552.0   0.0011755152645072
 5552.9   0.0011744783618016
 5553.8   0.0011713535842934
 5554.7   0.0011682632367591
 5555.6   0.0011683108210421
 5556.5   0.0011702514819692
 5557.4   0.0011708139144682
 5558.3   0.0011702780193578
 5559.2   0.0011706542325954
 5560.1   0.0011716356584326
 5561.0   0.0011711120025488
 5561.9   0.0011677377507106
 5562.8   0.0011628546424367
 5563.7   0.0011596448766538
 5564.6   0.0011583992207835
 5565.5   0.0011575597470982
 5566.4   0.0011582235249692
 5567.3   0.0011591303715936
 5568.2   0.0011548768399873
 5569.1   0.0011458708281148
 5570.0   0.0011428271612197
 5570.9   0.0011462655717703
 5571.8   0.0011439306247289
 5572.7   0.0011401417605094
 5573.6   0.0011473724782769
 5574.5   0.0011552985785726
 5575.4   0.0011519594430202
 5576.3   0.0011482845866249
 5577.2   0.0011531267449629
 5578.1   0.0011606808642770
 5579.0   0.0011673155545842
 5579.9   0.0011705575770205
 5580.8   0.0011658926015055
 5581.7   0.0011584598449902
 5582.6   0.0011592345765980
 5583.5   0.0011659032393380
 5584.4   0.0011664033318509
 5585.3   0.0011541023371501
 5586.2   0.0011325494479451
 5587.1   0.0011140667172696
 5588.0   0.0011059127729034
 5588.9   0.0011087384671789
 5589.8   0.0011232139034741
 5590.7   0.0011422936110079
 5591.6   0.0011541406562241
 5592.5   0.0011535177139037
 5593.4   0.0011432673387147
 5594.3   0.0011359903292180
 5595.2   0.0011439992559064
 5596.1   0.0011558862902220
 5597.0   0.0011527609407873
 5597.9   0.0011395852188531
 5598.8   0.0011364359972072
 5599.7   0.0011426315280485
 5600.6   0.0011403512228629
 5601.5   0.0011275913715483
 5602.4   0.0011175616455948
 5603.3   0.0011247838874119
 5604.2   0.0011466585996464
 5605.1   0.0011648527247822
 5606.0   0.0011724046707756
 5606.9   0.0011748637258629
 5607.8   0.0011762564812234
 5608.7   0.0011772075949573
 5609.6   0.0011782355756098
 5610.5   0.0011795421988427
 5611.4   0.0011807442739154
 5612.3   0.0011802128398315
 5613.2   0.0011720321178675
 5614.1   0.0011486927133600
 5615.0   0.0011204799233287
 5615.9   0.0011155120326736
 5616.8   0.0011368564432386
 5617.7   0.0011585544416297
 5618.6   0.0011676019753646
 5619.5   0.0011699028355879
 5620.4   0.0011717191596985
 5621.3   0.0011733676805802
 5622.2   0.0011709154886108
 5623.1   0.0011599256925547
 5624.0   0.0011458571018793
 5624.9   0.0011436015153561
 5625.8   0.0011547466695208
 5626.7   0.0011657239975796
 5627.6   0.0011705126235993
 5628.5   0.0011731709378716
 5629.4   0.0011758785522064
 5630.3   0.0011772136573779
 5631.2   0.0011771072790529
 5632.1   0.0011761695483987
 5633.0   0.0011741744400709
 5633.9   0.0011720656327592
 5634.8   0.0011711812056527
 5635.7   0.0011702631492693
 5636.6   0.0011674324563564
 5637.5   0.0011637092149810
 5638.4   0.0011624871224816
 5639.3   0.0011628355400923
 5640.2   0.0011600314989533
 5641.1   0.0011571893675107
 5642.0   0.0011601451979372
 5642.9   0.0011650852700884
 5643.8   0.0011671677687821
 5644.7   0.0011683570327016
 5645.6   0.0011707624410851
 5646.5   0.0011733658504155
 5647.4   0.0011744183095214
 5648.3   0.0011726789667148
 5649.2   0.0011687008749005
 5650.1   0.0011658542824314
 5651.0   0.0011665622130266
 5651.9   0.0011687959290813
 5652.8   0.0011691031679855
 5653.7   0.0011661261762794
 5654.6   0.0011617772473364
 5655.5   0.0011581171466442
 5656.4   0.0011494529180353
 5657.3   0.0011284128981807
 5658.2   0.0011094251678632
 5659.1   0.0011159392846301
 5660.0   0.0011394980000651
 5660.9   0.0011525661426287
 5661.8   0.0011486541655153
 5662.7   0.0011443918262412
 5663.6   0.0011512907465815
 5664.5   0.0011608586190265
 5665.4   0.0011630090625859
 5666.3   0.0011592394951658
 5667.2   0.0011559454274199
 5668.1   0.0011557558909849
 5669.0   0.0011578417068522
 5669.9   0.0011621246354795
 5670.8   0.0011665695336855
 5671.7   0.0011690128036019
 5672.6   0.0011703567164412
 5673.5   0.0011706872899458
 5674.4   0.0011688158321227
 5675.3   0.0011666031629625
 5676.2   0.0011671350545875
 5677.1   0.0011689114582299
 5678.0   0.0011689452018922
 5678.9   0.0011678998346747
 5679.8   0.0011673390035698
 5680.7   0.0011659240574618
 5681.6   0.0011616395274404
 5682.5   0.0011554904027135
 5683.4   0.0011505605108537
 5684.3   0.0011497251550391
 5685.2   0.0011525231337575
 5686.1   0.0011539250399417
 5687.0   0.0011526756093567
 5687.9   0.0011522749176658
 5688.8   0.0011548676891637
 5689.7   0.0011589645129149
 5690.6   0.0011624629871842
 5691.5   0.0011653902212867
 5692.4   0.0011669369392554
 5693.3   0.0011666739674605
 5694.2   0.0011662502843252
 5695.1   0.0011665995026330
 5696.0   0.0011673386604139
 5696.9   0.0011674432085742
 5697.8   0.0011662669845784
 5698.7   0.0011645164320128
 5699.6   0.0011607488091427
 5700.5   0.0011523605922523
 5701.4   0.0011454947292625
 5702.3   0.0011485465289521
 5703.2   0.0011566871016773
 5704.1   0.0011605948465346
 5705.0   0.0011583808047509
 5705.9   0.0011538286131374
 5706.8   0.0011489396712134
 5707.7   0.0011379244129905
 5708.6   0.0011197311114288
 5709.5   0.0011076093241708
 5710.4   0.0011094289082624
 5711.3   0.0011193816071578
 5712.2   0.0011344050290892
 5713.1   0.0011510497367634
 5714.0   0.0011610886478562
 5714.9   0.0011638271462208
 5715.8   0.0011647784887253
 5716.7   0.0011655397228682
 5717.6   0.0011659759883861
 5718.5   0.0011673056030634
 5719.4   0.0011690567275555
 5720.3   0.0011698082389483
 5721.2   0.0011700517652429
 5722.1   0.0011709756552763
 5723.0   0.0011720198786409
 5723.9   0.0011720459584883
 5724.8   0.0011705241765142
 5725.7   0.0011667828622620
 5726.6   0.0011626891269138
 5727.5   0.0011623868065773
 5728.4   0.0011661546582180
 5729.3   0.0011695215893972
 5730.2   0.0011687371350393
 5731.1   0.0011647176357480
 5732.0   0.0011620084200190
 5732.9   0.0011626860385108
 5733.8   0.0011646180061554
 5734.7   0.0011656289433989
 5735.6   0.0011651337694538
 5736.5   0.0011646007339757
 5737.4   0.0011654801281292
 5738.3   0.0011668616737308
 5739.2   0.0011676696914597
 5740.1   0.0011675721208024
 5741.0   0.0011664080216480
 5741.9   0.0011648482637557
 5742.8   0.0011647261002598
 5743.7   0.0011671927047766
 5744.6   0.0011698796153728
 5745.5   0.0011693623650656
 5746.4   0.0011656923128527
 5747.3   0.0011621230340853
 5748.2   0.0011618227726841
 5749.1   0.0011649180387860
 5750.0   0.0011679773879051
 5750.9   0.0011667110282963
 5751.8   0.0011600514019947
 5752.7   0.0011510207972836
 5753.6   0.0011447179387193
 5754.5   0.0011452362184942
 5755.4   0.0011519134601313
 5756.3   0.0011590190747009
 5757.2   0.0011625081693760
 5758.1   0.0011633371196140
 5759.0   0.0011630452083394
 5759.9   0.0011611187311890
 5760.8   0.0011562094286824
 5761.7   0.0011480343115979
 5762.6   0.0011408115436084
 5763.5   0.0011422292578405
 5764.4   0.0011518136017682
 5765.3   0.0011609728899370
 5766.2   0.0011646912127447
 5767.1   0.0011640561455829
 5768.0   0.0011616482207228
 5768.9   0.0011586999397259
 5769.8   0.0011561950161351
 5770.7   0.0011544839264966
 5771.6   0.0011527500741842
 5772.5   0.0011513421055793
 5773.4   0.0011512195989275
 5774.3   0.0011521264455519
 5775.2   0.0011540876958322
 5776.1   0.0011562168637266
 5777.0   0.0011563608748139
 5777.9   0.0011545292230737
 5778.8   0.0011524690295126
 5779.7   0.0011501128068062
 5780.6   0.0011475708223797
 5781.5   0.0011470682133903
 5782.4   0.0011493189728540
 5783.3   0.0011520948752103
 5784.2   0.0011525201597398
 5785.1   0.0011512781641990
 5786.0   0.0011517326169788
 5786.9   0.0011539648460246
 5787.8   0.0011555839698854
 5788.7   0.0011556958387046
 5789.6   0.0011535743346251
 5790.5   0.0011499229272154
 5791.4   0.0011490274047352
 5792.3   0.0011517092823785
 5793.2   0.0011544509835314
 5794.1   0.0011572215097788
 5795.0   0.0011604125163733
 5795.9   0.0011608903037535
 5796.8   0.0011573117597771
 5797.7   0.0011536126536991
 5798.6   0.0011540175776459
 5799.5   0.0011570559942559
 5800.4   0.0011599346146078
 5801.3   0.0011630336554245
 5802.2   0.0011655679760363
 5803.1   0.0011645044215568
 5804.0   0.0011602168031323
 5804.9   0.0011567973691023
 5805.8   0.0011565531564960
 5806.7   0.0011586107191952
 5807.6   0.0011607569304987
 5808.5   0.0011617051846001
 5809.4   0.0011627391132880
 5810.3   0.0011646776008945
 5811.2   0.0011658034953601
 5812.1   0.0011653442383979
 5813.0   0.0011645150593893
 5813.9   0.0011639656668140
 5814.8   0.0011628269611951
 5815.7   0.0011612030331519
 5816.6   0.0011620309539223
 5817.5   0.0011664345590366
 5818.4   0.0011707534046468
 5819.3   0.0011718571083651
 5820.2   0.0011706200313920
 5821.1   0.0011697140998499
 5822.0   0.0011699242256381
 5822.9   0.0011703819955916
 5823.8   0.0011709197208667
 5824.7   0.0011711621033083
 5825.6   0.0011703725016120
 5826.5   0.0011691379411154
 5827.4   0.0011686936686269
 5828.3   0.0011694288229224
 5829.2   0.0011702864838697
 5830.1   0.0011699951445215
 5831.0   0.0011691083153238
 5831.9   0.0011688244110199
 5832.8   0.0011692034838899
 5833.7   0.0011699663194270
 5834.6   0.0011707995019209
 5835.5   0.0011712620760568
 5836.4   0.0011711945887323
 5837.3   0.0011705881178945
 5838.2   0.0011700382677780
 5839.1   0.0011702714993959
 5840.0   0.0011705077050316
 5840.9   0.0011698426689223
 5841.8   0.0011689355935273
 5842.7   0.0011687802582957
 5843.6   0.0011688301302847
 5844.5   0.0011678113004558
 5845.4   0.0011662276360366
 5846.3   0.0011652191008844
 5847.2   0.0011653095796533
 5848.1   0.0011668100859624
 5849.0   0.0011684306968320
 5849.9   0.0011679531382225
 5850.8   0.0011641785378493
 5851.7   0.0011548998314318
 5852.6   0.0011396505214184
 5853.5   0.0011287166025793
 5854.4   0.0011322690667082
 5855.3   0.0011395980414447
 5856.2   0.0011352812547699
 5857.1   0.0011252238590133
 5858.0   0.0011256350855899
 5858.9   0.0011361762053235
 5859.8   0.0011458084881286
 5860.7   0.0011498848369119
 5861.6   0.0011479533268085
 5862.5   0.0011453503750193
 5863.4   0.0011478021094476
 5864.3   0.0011514640403045
 5865.2   0.0011508111290366
 5866.1   0.0011481841563353
 5867.0   0.0011487970327497
 5867.9   0.0011515955833946
 5868.8   0.0011527191901543
 5869.7   0.0011525526451638
 5870.6   0.0011531030672067
 5871.5   0.0011542649930406
 5872.4   0.0011549686913798
 5873.3   0.0011551004632404
 5874.2   0.0011548410373898
 5875.1   0.0011540083124370
 5876.0   0.0011531083289303
 5876.9   0.0011525214179780
 5877.8   0.0011514253780745
 5878.7   0.0011497325900833
 5879.6   0.0011483567637465
 5880.5   0.0011479883287090
 5881.4   0.0011485707786348
 5882.3   0.0011482593074745
 5883.2   0.0011455681646223
 5884.1   0.0011433330759441
 5885.0   0.0011443990325149
 5885.9   0.0011463013743678
 5886.8   0.0011444300309300
 5887.7   0.0011310709951209
 5888.6   0.0010969324405297
 5889.5   0.0010563223662557
 5890.4   0.0010502237426369
 5891.3   0.0010821360047792
 5892.2   0.0011120303272886
 5893.1   0.0011227924622906
 5894.0   0.0011153907728216
 5894.9   0.0010869219884985
 5895.8   0.0010620489402617
 5896.7   0.0010750769221479
 5897.6   0.0011096834841765
 5898.5   0.0011314296502156
 5899.4   0.0011379738388768
 5900.3   0.0011407143389841
 5901.2   0.0011428936305151
 5902.1   0.0011440968265636
 5903.0   0.0011450717324390
 5903.9   0.0011451713620315
 5904.8   0.0011434107206829
 5905.7   0.0011416299589607
 5906.6   0.0011428819975305
 5907.5   0.0011463020606796
 5908.4   0.0011478280749097
 5909.3   0.0011463203623269
 5910.2   0.0011450669282565
 5911.1   0.0011454233528380
 5912.0   0.0011439941085681
 5912.9   0.0011378231133727
 5913.8   0.0011303982608813
 5914.7   0.0011283545159257
 5915.6   0.0011313282133354
 5916.5   0.0011360748485130
 5917.4   0.0011415047871316
 5918.3   0.0011457198395245
 5919.2   0.0011477819776355
 5920.1   0.0011476586702868
 5921.0   0.0011459021696858
 5921.9   0.0011444470743391
 5922.8   0.0011446006937912
 5923.7   0.0011455924143050
 5924.6   0.0011461821848897
 5925.5   0.0011453645587960
 5926.4   0.0011427107513043
 5927.3   0.0011397806118152
 5928.2   0.0011376389988007
 5929.1   0.0011348116459384
 5930.0   0.0011328001805133
 5930.9   0.0011354594556221
 5931.8   0.0011400874503710
 5932.7   0.0011407419172789
 5933.6   0.0011367931309774
 5934.5   0.0011332108923561
 5935.4   0.0011344227931256
 5936.3   0.0011386697475774
 5937.2   0.0011420566618678
 5938.1   0.0011437025404493
 5939.0   0.0011441190173110
 5939.9   0.0011432318335189
 5940.8   0.0011411737560858
 5941.7   0.0011397842149520
 5942.6   0.0011406331826168
 5943.5   0.0011429204767440
 5944.4   0.0011445542533612
 5945.3   0.0011433100501841
 5946.2   0.0011385795776488
 5947.1   0.0011314585439413
 5948.0   0.0011253697117039
 5948.9   0.0011254370045733
 5949.8   0.0011311829668869
 5950.7   0.0011360955522515
 5951.6   0.0011363833685326
 5952.5   0.0011347674703372
 5953.4   0.0011364148244889
 5954.3   0.0011405950008051
 5955.2   0.0011410797885654
 5956.1   0.0011366998497688
 5957.0   0.0011340118410737
 5957.9   0.0011370688796098
 5958.8   0.0011424948261816
 5959.7   0.0011464864497763
 5960.6   0.0011481938790854
 5961.5   0.0011484435821859
 5962.4   0.0011483354880815
 5963.3   0.0011480025124857
 5964.2   0.0011466770156790
 5965.1   0.0011442796142662
 5966.0   0.0011424833075823
 5966.9   0.0011428328690460
 5967.8   0.0011449223452428
 5968.7   0.0011469741886772
 5969.6   0.0011478267022862
 5970.5   0.0011481335980346
 5971.4   0.0011486571395330
 5972.3   0.0011495938407196
 5973.2   0.0011501765194160
 5974.1   0.0011486731534744
 5975.0   0.0011454995334449
 5975.9   0.0011429042225935
 5976.8   0.0011421469004276
 5977.7   0.0011429788704374
 5978.6   0.0011442101823917
 5979.5   0.0011451487137430
 5980.4   0.0011453711931431
 5981.3   0.0011442200195271
 5982.2   0.0011411263891349
 5983.1   0.0011365546033203
 5984.0   0.0011332744333878
 5984.9   0.0011342532626788
 5985.8   0.0011382809405188
 5986.7   0.0011421689424741
 5987.6   0.0011451212612720
 5988.5   0.0011464361202462
 5989.4   0.0011451775388375
 5990.3   0.0011422627841707
 5991.2   0.0011400495202069
 5992.1   0.0011404457966254
 5993.0   0.0011428509762383
 5993.9   0.0011456876972564
 5994.8   0.0011474852621785
 5995.7   0.0011470590625666
 5996.6   0.0011452107105732
 5997.5   0.0011439522435498
 5998.4   0.0011442327162949
 5999.3   0.0011455194364864
 6000.2   0.0011466406411549
 6001.1   0.0011456843800828
 6002.0   0.0011416430332000
 6002.9   0.0011384789529042
 6003.8   0.0011405913862298
 6004.7   0.0011446617755391
 6005.6   0.0011452070502438
 6006.5   0.0011410291158794
 6007.4   0.0011345150563051
 6008.3   0.0011314355181813
 6009.2   0.0011361689761729
 6010.1   0.0011434666093384
 6011.0   0.0011451369320575
 6011.9   0.0011420429127553
 6012.8   0.0011397552983493
 6013.7   0.0011401929021751
 6014.6   0.0011412068477519
 6015.5   0.0011404171888629
 6016.4   0.0011389941671531
 6017.3   0.0011391412437663
 6018.2   0.0011384354064221
 6019.1   0.0011333805943808
 6020.0   0.0011276386698681
 6020.9   0.0011275059257325
 6021.8   0.0011309464295339
 6022.7   0.0011311725578250
 6023.6   0.0011281047670711
 6024.5   0.0011290113963634
 6025.4   0.0011342745955365
 6026.3   0.0011372875728567
 6027.2   0.0011381434608318
 6028.1   0.0011402106090189
 6029.0   0.0011422375850901
 6029.9   0.0011423579641753
 6030.8   0.0011417262942568
 6031.7   0.0011422096407623
 6032.6   0.0011435366360164
 6033.5   0.0011437944719115
 6034.4   0.0011428601156234
 6035.3   0.0011425404430375
 6036.2   0.0011435408911494
 6037.1   0.0011446446177448
 6038.0   0.0011446717270598
 6038.9   0.0011439497270733
 6039.8   0.0011433288780038
 6040.7   0.0011424026773874
 6041.6   0.0011406590451322
 6042.5   0.0011395981672686
 6043.4   0.0011403558783444
 6044.3   0.0011420499474510
 6045.2   0.0011440440949423
 6046.1   0.0011459178404713
 6047.0   0.0011463350036448
 6047.9   0.0011446964342837
 6048.8   0.0011425502916115
 6049.7   0.0011416772687190
 6050.6   0.0011419426426051
 6051.5   0.0011426493264005
 6052.4   0.0011434598491674
 6053.3   0.0011430471012663
 6054.2   0.0011400409756253
 6055.1   0.0011355923598972
 6056.0   0.0011336923171886
 6056.9   0.0011363256954665
 6057.8   0.0011398970446077
 6058.7   0.0011411791779488
 6059.6   0.0011407675624622
 6060.5   0.0011399265560140
 6061.4   0.0011396868959425
 6062.3   0.0011399781552209
 6063.2   0.0011374037311245
 6064.1   0.0011272472090706
 6065.0   0.0011146716553445
 6065.9   0.0011143743908380
 6066.8   0.0011267054231175
 6067.7   0.0011382688843086
 6068.6   0.0011440483271982
 6069.5   0.0011463464421744
 6070.4   0.0011459229878096
 6071.3   0.0011429749355833
 6072.2   0.0011396647166336
 6073.1   0.0011380438655549
 6074.0   0.0011379165661593
 6074.9   0.0011380893794640
 6075.8   0.0011377588402750
 6076.7   0.0011360526806427
 6077.6   0.0011325241001635
 6078.5   0.0011295635227473
 6079.4   0.0011302339578425
 6080.3   0.0011326486199965
 6081.2   0.0011333783867446
 6082.1   0.0011328154623888
 6083.0   0.0011322016136993
 6083.9   0.0011307801476295
 6084.8   0.0011288363639839
 6085.7   0.0011290512939546
 6086.6   0.0011318339107278
 6087.5   0.0011344531852987
 6088.4   0.0011346991136844
 6089.3   0.0011324394550447
 6090.2   0.0011302594428864
 6091.1   0.0011305381540979
 6092.0   0.0011318471222294
 6092.9   0.0011319060077796
 6093.8   0.0011312258270572
 6094.7   0.0011310035192350
 6095.6   0.0011306491535889
 6096.5   0.0011300812191572
 6097.4   0.0011304326565397
 6098.3   0.0011316492242293
 6099.2   0.0011321820881294
 6100.1   0.0011284307079712
 6101.0   0.0011151216928520
 6101.9   0.0010947634665524
 6102.8   0.0010861961108504
 6103.7   0.0011004400656227
 6104.6   0.0011208859682514
 6105.5   0.0011312433966386
 6106.4   0.0011310783958496
 6107.3   0.0011256334155646
 6108.2   0.0011226565382437
 6109.1   0.0011258238785205
 6110.0   0.0011296866470796
 6110.9   0.0011307903507979
 6111.8   0.0011313267720807
 6112.7   0.0011319018098393
 6113.6   0.0011318760617092
 6114.5   0.0011316484349708
 6115.4   0.0011315151875398
 6116.3   0.0011319118757453
 6117.2   0.0011333685839247
 6118.1   0.0011343708507628
 6119.0   0.0011323456133481
 6119.9   0.0011248910778725
 6120.8   0.0011089550099822
 6121.7   0.0010905264293058
 6122.6   0.0010893785957404
 6123.5   0.0011080844463736
 6124.4   0.0011247260656449
 6125.3   0.0011296333549703
 6126.2   0.0011296490943870
 6127.1   0.0011289713271943
 6128.0   0.0011278031216078
 6128.9   0.0011278060841869
 6129.8   0.0011298054018936
 6130.7   0.0011318789899728
 6131.6   0.0011331753185291
 6132.5   0.0011344155182208
 6133.4   0.0011340588534302
 6134.3   0.0011269182140831
 6135.2   0.0011058057883363
 6136.1   0.0010725231560358
 6137.0   0.0010517278635214
 6137.9   0.0010654532525556
 6138.8   0.0010969595727219
 6139.7   0.0011127320238851
 6140.6   0.0011020970167008
 6141.5   0.0010858467324032
 6142.4   0.0010904041285476
 6143.3   0.0011104930804225
 6144.2   0.0011245360945458
 6145.1   0.0011287834836617
 6146.0   0.0011290051623648
 6146.9   0.0011271383829003
 6147.8   0.0011254094605941
 6148.7   0.0011266822715336
 6149.6   0.0011289526595141
 6150.5   0.0011284177595557
 6151.4   0.0011265678061682
 6152.3   0.0011269517289747
 6153.2   0.0011278831913148
 6154.1   0.0011261294359609
 6155.0   0.0011239548799812
 6155.9   0.0011244345890344
 6156.8   0.0011255677355278
 6157.7   0.0011260883487627
 6158.6   0.0011266224480240
 6159.5   0.0011220155116080
 6160.4   0.0011045843821487
 6161.3   0.0010782752379627
 6162.2   0.0010648528212613
 6163.1   0.0010772518899146
 6164.0   0.0010992654430211
 6164.9   0.0011125419727163
 6165.8   0.0011150121346157
 6166.7   0.0011126297748693
 6167.6   0.0011058574676129
 6168.5   0.0010917415328636
 6169.4   0.0010820409505984
 6170.3   0.0010909269608572
 6171.2   0.0011090174986693
 6172.1   0.0011183728661120
 6173.0   0.0011180301334504
 6173.9   0.0011189937380586
 6174.8   0.0011238925171180
 6175.7   0.0011273260891705
 6176.6   0.0011277254539920
 6177.5   0.0011271179765635
 6178.4   0.0011258811855536
 6179.3   0.0011232307753052
 6180.2   0.0011218142621187
 6181.1   0.0011239414511475
 6182.0   0.0011269396498875
 6182.9   0.0011286142277397
 6183.8   0.0011295438484764
 6184.7   0.0011299873317064
 6185.6   0.0011297985158988
 6186.5   0.0011292932646091
 6187.4   0.0011284843546749
 6188.3   0.0011260403298156
 6189.2   0.0011177969361481
 6190.1   0.0010986705708522
 6191.0   0.0010784073872949
 6191.9   0.0010794601323639
 6192.8   0.0011000398657886
 6193.7   0.0011178852644734
 6194.6   0.0011255223817581
 6195.5   0.0011282131700158
 6196.4   0.0011295562707195
 6197.3   0.0011300601608242
 6198.2   0.0011284687639591
 6199.1   0.0011230366748969
 6200.0   0.0011172929888507
 6200.9   0.0011182632735602
 6201.8   0.0011244896198001
 6202.7   0.0011289007285898
 6203.6   0.0011300288993229
 6204.5   0.0011303224806229
 6205.4   0.0011308592107459
 6206.3   0.0011312559675826
 6207.2   0.0011310170281384
 6208.1   0.0011301652122798
 6209.0   0.0011294717971787
 6209.9   0.0011287837124323
 6210.8   0.0011264762064234
 6211.7   0.0011202782734909
 6212.6   0.0011106703661923
 6213.5   0.0011053458336237
 6214.4   0.0011096080127584
 6215.3   0.0011173394178423
 6216.2   0.0011215889802788
 6217.1   0.0011199615634841
 6218.0   0.0011113462803432
 6218.9   0.0011012407970083
 6219.8   0.0011012491814505
 6220.7   0.0011118011449101
 6221.6   0.0011222544281752
 6222.5   0.0011275477793122
 6223.4   0.0011288044047323
 6224.3   0.0011281059338011
 6225.2   0.0011270259421546
 6226.1   0.0011259611523139
 6227.0   0.0011249551679537
 6227.9   0.0011217620909854
 6228.8   0.0011115593115179
 6229.7   0.0010939022482225
 6230.6   0.0010810310656996
 6231.5   0.0010845252848360
 6232.4   0.0010973251710040
 6233.3   0.0011097545631992
 6234.2   0.0011190579196480
 6235.1   0.0011234897893689
 6236.0   0.0011229770801579
 6236.9   0.0011195329274655
 6237.8   0.0011166467348070
 6238.7   0.0011153615130630
 6239.6   0.0011139218597311
 6240.5   0.0011132605525825
 6241.4   0.0011149893261878
 6242.3   0.0011162627433693
 6243.2   0.0011143691176759
 6244.1   0.0011087297738964
 6245.0   0.0010987148608387
 6245.9   0.0010892524859518
 6246.8   0.0010900890084964
 6247.7   0.0011017586192420
 6248.6   0.0011147524799945
 6249.5   0.0011212476545564
 6250.4   0.0011176008683127
 6251.3   0.0011024948144437
 6252.2   0.0010839890808853
 6253.1   0.0010753280665031
 6254.0   0.0010772480923228
 6254.9   0.0010813293596738
 6255.8   0.0010822830127612
 6256.7   0.0010832223905637
 6257.6   0.0010874157097504
 6258.5   0.0010936392535506
 6259.4   0.0011014251060353
 6260.3   0.0011075196346605
 6261.2   0.0011108631397312
 6262.1   0.0011143624261361
 6263.0   0.0011156936193305
 6263.9   0.0011098934040712
 6264.8   0.0011021825769020
 6265.7   0.0011042939121288
 6266.6   0.0011144919789220
 6267.5   0.0011219511126865
 6268.4   0.0011228633125428
 6269.3   0.0011192669358988
 6270.2   0.0011157394077644
 6271.1   0.0011157294219281
 6272.0   0.0011180023035080
 6272.9   0.0011202278295755
 6273.8   0.0011220312281476
 6274.7   0.0011235913291959
 6275.6   0.0011240343434461
 6276.5   0.0011213633209675
 6277.4   0.0011142321984769
 6278.3   0.0011037697186341
 6279.2   0.0010933440479794
 6280.1   0.0010876659275847
 6281.0   0.0010915997294125
 6281.9   0.0011026950115882
 6282.8   0.0011123529967693
 6283.7   0.0011171711685108
 6284.6   0.0011186048852458
 6285.5   0.0011190993271250
 6286.4   0.0011204806439560
 6287.3   0.0011221713730120
 6288.2   0.0011228208184054
 6289.1   0.0011220119199097
 6290.0   0.0011199100901010
 6290.9   0.0011179107495173
 6291.8   0.0011177660521182
 6292.7   0.0011185799263743
 6293.6   0.0011191111088105
 6294.5   0.0011192444477497
 6295.4   0.0011167496586961
 6296.3   0.0011091680754725
 6297.2   0.0011003277850164
 6298.1   0.0010979362858849
 6299.0   0.0011003135898012
 6299.9   0.0010973418140645
 6300.8   0.0010879853942771
 6301.7   0.0010829131613553
 6302.6   0.0010888771077269
 6303.5   0.0011000879076128
 6304.4   0.0011086589808369
 6305.3   0.0011133257750781
 6306.2   0.0011155822194910
 6307.1   0.0011165802426346
 6308.0   0.0011165143223887
 6308.9   0.0011146089722025
 6309.8   0.0011118100212091
 6310.7   0.0011103247624598
 6311.6   0.0011104794914494
 6312.5   0.0011098978422207
 6313.4   0.0011052677999750
 6314.3   0.0010978989047702
 6315.2   0.0010942721588303
 6316.1   0.0010940528593414
 6317.0   0.0010894918371831
 6317.9   0.0010841732297728
 6318.8   0.0010893650753984
 6319.7   0.0011009731011007
 6320.6   0.0011066122618637
 6321.5   0.0011034923228535
 6322.4   0.0010985727485473
 6323.3   0.0011001624525100
 6324.2   0.0011067992932607
 6325.1   0.0011111877652004
 6326.0   0.0011112673201736
 6326.9   0.0011098786826836
 6327.8   0.0011100761574581
 6328.7   0.0011114223580034
 6329.6   0.0011114278256205
 6330.5   0.0011106113433797
 6331.4   0.0011109206755349
 6332.3   0.0011114517321473
 6333.2   0.0011084854011507
 6334.1   0.0010979629719744
 6335.0   0.0010832773298212
 6335.9   0.0010757416722939
 6336.8   0.0010806333937806
 6337.7   0.0010926112500210
 6338.6   0.0011028298489748
 6339.5   0.0011083126793542
 6340.4   0.0011105972854269
 6341.3   0.0011098403750481
 6342.2   0.0011065693559393
 6343.1   0.0011024625234747
 6344.0   0.0011007994642218
 6344.9   0.0011036573579581
 6345.8   0.0011071616430005
 6346.7   0.0011078241283176
 6347.6   0.0011076259901084
 6348.5   0.0011084918639199
 6349.4   0.0011094917629824
 6350.3   0.0011095637685260
 6351.2   0.0011090665127685
 6352.1   0.0011081898524236
 6353.0   0.0011047544044522
 6353.9   0.0010967208048556
 6354.8   0.0010891197761318
 6355.7   0.0010892108497042
 6356.6   0.0010926832555646
 6357.5   0.0010902906240187
 6358.4   0.0010846663447827
 6359.3   0.0010854923553186
 6360.2   0.0010921565341549
 6361.1   0.0010968555850495
 6362.0   0.0010975720602263
 6362.9   0.0010973023740146
 6363.8   0.0010984222861293
 6364.7   0.0011006137025016
 6365.6   0.0011022599128004
 6366.5   0.0011030475241926
 6367.4   0.0011030665350287
 6368.3   0.0011013304979572
 6369.2   0.0010985110719958
 6370.1   0.0010968861030464
 6371.0   0.0010973661895711
 6371.9   0.0010993543203958
 6372.8   0.0011014817038796
 6373.7   0.0011021579726249
 6374.6   0.0011011474471684
 6375.5   0.0011002355218369
 6376.4   0.0011005732787381
 6377.3   0.0011008565310459
 6378.2   0.0011000566918656
 6379.1   0.0010986137785529
 6380.0   0.0010973033005355
 6380.9   0.0010975686057904
 6381.8   0.0010997463988739
 6382.7   0.0011017894117636
 6383.6   0.0011025174741708
 6384.5   0.0011027251978678
 6385.4   0.0011033527613542
 6386.3   0.0011042091068705
 6387.2   0.0011042807578198
 6388.1   0.0011034873585316
 6389.0   0.0011022030633085
 6389.9   0.0011003722694579
 6390.8   0.0010973629753443
 6391.7   0.0010892174039816
 6392.6   0.0010738948301864
 6393.5   0.0010629443826721
 6394.4   0.0010693219462730
 6395.3   0.0010849303917993
 6396.2   0.0010948541512149
 6397.1   0.0010960955862678
 6398.0   0.0010883845646436
 6398.9   0.0010699511225920
 6399.8   0.0010533737192258
 6400.7   0.0010589127699780
 6401.6   0.0010799822211692
 6402.5   0.0010947184216230
 6403.4   0.0010987995745887
 6404.3   0.0010984414113507
 6405.2   0.0010960889747977
 6406.1   0.0010910086319584
 6407.0   0.0010836834776907
 6407.9   0.0010794080184232
 6408.8   0.0010826026167160
 6409.7   0.0010857073767974
 6410.6   0.0010802621677419
 6411.5   0.0010738092127926
 6412.4   0.0010773621916553
 6413.3   0.0010860689830328
 6414.2   0.0010899946635045
 6415.1   0.0010889215578528
 6416.0   0.0010871063432796
 6416.9   0.0010866723654677
 6417.8   0.0010868247381201
 6418.7   0.0010836567115315
 6419.6   0.0010745215815372
 6420.5   0.0010635070096261
 6421.4   0.0010620183879492
 6422.3   0.0010750711113748
 6423.2   0.0010897592356889
 6424.1   0.0010950634305519
 6425.0   0.0010942196788566
 6425.9   0.0010934049924650
 6426.8   0.0010944074651966
 6427.7   0.0010952381312141
 6428.6   0.0010918457607450
 6429.5   0.0010800508637851
 6430.4   0.0010651120297799
 6431.3   0.0010615511354547
 6432.2   0.0010712840430044
 6433.1   0.0010839769331669
 6434.0   0.0010934848334014
 6434.9   0.0010980365789122
 6435.8   0.0010978755015387
 6436.7   0.0010924568641874
 6437.6   0.0010786847144443
 6438.5   0.0010614067011418
 6439.4   0.0010588177729899
 6440.3   0.0010748362097316
 6441.2   0.0010903128948357
 6442.1   0.0010953244692353
 6443.0   0.0010950313912306
 6443.9   0.0010945331517595
 6444.8   0.0010953750847286
 6445.7   0.0010970567430306
 6446.6   0.0010979286449471
 6447.5   0.0010947025678210
 6448.4   0.0010838946901393
 6449.3   0.0010696149442079
 6450.2   0.0010657314032791
 6451.1   0.0010759470282153
 6452.0   0.0010875282648813
 6452.9   0.0010922821749638
 6453.8   0.0010906681298101
 6454.7   0.0010840043627608
 6455.6   0.0010763259981385
 6456.5   0.0010747940129960
 6457.4   0.0010809286336673
 6458.3   0.0010886645912860
 6459.2   0.0010929535594569
 6460.1   0.0010905976913450
 6461.0   0.0010761474312534
 6461.9   0.0010524585224748
 6462.8   0.0010424305123007
 6463.7   0.0010581234999990
 6464.6   0.0010793608688043
 6465.5   0.0010898876674989
 6466.4   0.0010925408916256
 6467.3   0.0010925398164038
 6468.2   0.0010914166214311
 6469.1   0.0010891476289513
 6470.0   0.0010840399022722
 6470.9   0.0010759221150979
 6471.8   0.0010726055248873
 6472.7   0.0010787135166618
 6473.6   0.0010854976513578
 6474.5   0.0010857627392806
 6475.4   0.0010831690755774
 6476.3   0.0010835386773449
 6477.2   0.0010863419177869
 6478.1   0.0010881694516565
 6479.0   0.0010879890660451
 6479.9   0.0010851871410340
 6480.8   0.0010789419784129
 6481.7   0.0010730259137261
 6482.6   0.0010738858166251
 6483.5   0.0010803333954655
 6484.4   0.0010855438515787
 6485.3   0.0010873942167533
 6486.2   0.0010876678378192
 6487.1   0.0010875737559135
 6488.0   0.0010877173666522
 6488.9   0.0010876048115212
 6489.8   0.0010846164270396
 6490.7   0.0010770367540505
 6491.6   0.0010671230605409
 6492.5   0.0010536674835422
 6493.4   0.0010332310634546
 6494.3   0.0010143893688441
 6495.2   0.0010081663054621
 6496.1   0.0010115378349303
 6497.0   0.0010209137802877
 6497.9   0.0010353529106900
 6498.8   0.0010455299305889
 6499.7   0.0010522352652546
 6500.6   0.0010626662891411
 6501.5   0.0010733538106147
 6502.4   0.0010796044065374
 6503.3   0.0010818652890998
 6504.2   0.0010822382080409
 6505.1   0.0010822997930841
 6506.0   0.0010824201836078
 6506.9   0.0010816561355866
 6507.8   0.0010800158275690
 6508.7   0.0010790254568017
 6509.6   0.0010792390827800
 6510.5   0.0010796997924355
 6511.4   0.0010797391867314
 6512.3   0.0010793424985258
 6513.2   0.0010781103629975
 6514.1   0.0010748043648652
 6515.0   0.0010689904691245
 6515.9   0.0010637560607304
 6516.8   0.0010624770157923
 6517.7   0.0010633401329182
 6518.6   0.0010650195378298
 6519.5   0.0010687926969483
 6520.4   0.0010728074034957
 6521.3   0.0010745374925318
 6522.2   0.0010740725734974
 6523.1   0.0010730526112541
 6524.0   0.0010727135274835
 6524.9   0.0010722641648493
 6525.8   0.0010704499454281
 6526.7   0.0010686097605448
 6527.6   0.0010690073295171
 6528.5   0.0010708913239687
 6529.4   0.0010723599854115
 6530.3   0.0010728977907563
 6531.2   0.0010720980430843
 6532.1   0.0010699388604883
 6533.0   0.0010677605297939
 6533.9   0.0010672308572436
 6534.8   0.0010680203331160
 6535.7   0.0010682788095687
 6536.6   0.0010678588210785
 6537.5   0.0010677691086911
 6538.4   0.0010680997050727
 6539.3   0.0010683296995868
 6540.2   0.0010677752626200
 6541.1   0.0010662173234538
 6542.0   0.0010643593745341
 6542.9   0.0010625714637310
 6543.8   0.0010595490953780
 6544.7   0.0010517669832925
 6545.6   0.0010403253310028
 6546.5   0.0010364626997061
 6547.4   0.0010449249010057
 6548.3   0.0010556378274535
 6549.2   0.0010610097841657
 6550.1   0.0010621889593021
 6551.0   0.0010618378193214
 6551.9   0.0010606918731133
 6552.8   0.0010585310319306
 6553.7   0.0010552067435896
 6554.6   0.0010514330011061
 6555.5   0.0010483031792063
 6556.4   0.0010457130500088
 6557.3   0.0010413914019588
 6558.2   0.0010321038764350
 6559.1   0.0010134772376190
 6560.0   0.0009720568464717
 6560.9   0.0008772097259979
 6561.8   0.0007345646393372
 6562.7   0.0006464888424063
 6563.6   0.0007053042172596
 6564.5   0.0008509374138771
 6565.4   0.0009639377209894
 6566.3   0.0010145704865213
 6567.2   0.0010318806077763
 6568.1   0.0010368173055613
 6569.0   0.0010393440767436
 6569.9   0.0010439917343248
 6570.8   0.0010489127384472
 6571.7   0.0010502594079721
 6572.6   0.0010482000151081
 6573.5   0.0010445064795940
 6574.4   0.0010417822107602
 6575.3   0.0010441548134409
 6576.2   0.0010511134657825
 6577.1   0.0010577299917047
 6578.0   0.0010614259750641
 6578.9   0.0010623730967512
 6579.8   0.0010617028332339
 6580.7   0.0010611274637579
 6581.6   0.0010618279021162
 6582.5   0.0010627996852730
 6583.4   0.0010626472325509
 6584.3   0.0010614524781372
 6585.2   0.0010596212496225
 6586.1   0.0010582867278160
 6587.0   0.0010592073578685
 6587.9   0.0010619385470128
 6588.8   0.0010645394284281
 6589.7   0.0010654291630123
 6590.6   0.0010617110460981
 6591.5   0.0010487242543569
 6592.4   0.0010288915255444
 6593.3   0.0010179868321483
 6594.2   0.0010269163660122
 6595.1   0.0010457969973773
 6596.0   0.0010590738015973
 6596.9   0.0010632286415704
 6597.8   0.0010631102871050
 6598.7   0.0010629451376150
 6599.6   0.0010641020304958
 6600.5   0.0010656414964367
 6601.4   0.0010659952329637
 6602.3   0.0010643739929749
 6603.2   0.0010608121034977
 6604.1   0.0010571920948516
 6605.0   0.0010566548499947
 6605.9   0.0010583727341198
 6606.8   0.0010585303684959
 6607.7   0.0010557749868616
 6608.6   0.0010522688259004
 6609.5   0.0010527489238636
 6610.4   0.0010578048454422
 6611.3   0.0010624041981131
 6612.2   0.0010636525649149
 6613.1   0.0010627750924344
 6614.0   0.0010623293329370
 6614.9   0.0010632326221787
 6615.8   0.0010638668314508
 6616.7   0.0010631091318135
 6617.6   0.0010620641077519
 6618.5   0.0010619992055351
 6619.4   0.0010627196956357
 6620.3   0.0010637389601287
 6621.2   0.0010646021458858
 6622.1   0.0010646783036156
 6623.0   0.0010639055966275
 6623.9   0.0010623546692800
 6624.8   0.0010605925752381
 6625.7   0.0010601507162793
 6626.6   0.0010610385291905
 6627.5   0.0010618444536685
 6628.4   0.0010623217835075
 6629.3   0.0010625354781170
 6630.2   0.0010617664543354
 6631.1   0.0010600569775295
 6632.0   0.0010582367871959
 6632.9   0.0010560418363180
 6633.8   0.0010540575374006
 6634.7   0.0010542616007682
 6635.6   0.0010564160363743
 6636.5   0.0010589384037227
 6637.4   0.0010603789950140
 6638.3   0.0010600779214771
 6639.2   0.0010590407900009
 6640.1   0.0010585576150733
 6641.0   0.0010574914411705
 6641.9   0.0010518080819293
 6642.8   0.0010416944200457
 6643.7   0.0010363013134923
 6644.6   0.0010413946047471
 6645.5   0.0010499901907401
 6646.4   0.0010547626426790
 6647.3   0.0010559516549508
 6648.2   0.0010561321435089
 6649.1   0.0010564205889091
 6650.0   0.0010562741414150
 6650.9   0.0010552818832903
 6651.8   0.0010541550051111
 6652.7   0.0010534280408027
 6653.6   0.0010529785180291
 6654.5   0.0010525397932274
 6655.4   0.0010520014502717
 6656.3   0.0010515031307309
 6657.2   0.0010512113109645
 6658.1   0.0010508126095777
 6659.0   0.0010501235525564
 6659.9   0.0010497374564292
 6660.8   0.0010489206424711
 6661.7   0.0010442532191108
 6662.6   0.0010355672572956
 6663.5   0.0010307181786472
 6664.4   0.0010349631427949
 6665.3   0.0010419994513138
 6666.2   0.0010456154335974
 6667.1   0.0010469221940927
 6668.0   0.0010478245911291
 6668.9   0.0010489842406955
 6669.8   0.0010505347676945
 6670.7   0.0010511823943617
 6671.6   0.0010504257928232
 6672.5   0.0010489994539398
 6673.4   0.0010473306067910
 6674.3   0.0010459693988950
 6675.2   0.0010440641974096
 6676.1   0.0010372351664851
 6677.0   0.0010240326898302
 6677.9   0.0010150559949090
 6678.8   0.0010210772711908
 6679.7   0.0010343924745546
 6680.6   0.0010426872844125
 6681.5   0.0010455280775471
 6682.4   0.0010470286868030
 6683.3   0.0010485943240995
 6684.2   0.0010495772369455
 6685.1   0.0010491666852422
 6686.0   0.0010478736852980
 6686.9   0.0010470056381659
 6687.8   0.0010469851060053
 6688.7   0.0010474946238665
 6689.6   0.0010485450011600
 6690.5   0.0010496587135917
 6691.4   0.0010498603062368
 6692.3   0.0010491883955713
 6693.2   0.0010485912471350
 6694.1   0.0010483130392188
 6695.0   0.0010477607641341
 6695.9   0.0010471513192785
 6696.8   0.0010472165188971
 6697.7   0.0010477064539956
 6698.6   0.0010480700619737
 6699.5   0.0010483586789518
 6700.4   0.0010484692437786
 6701.3   0.0010481787165661
 6702.2   0.0010474509286836
 6703.1   0.0010462562886552
 6704.0   0.0010454590917752
 6704.9   0.0010459982697436
 6705.8   0.0010474467536203
 6706.7   0.0010490034917408
 6707.6   0.0010501378049642
 6708.5   0.0010502085980237
 6709.4   0.0010489979097383
 6710.3   0.0010476182171785
 6711.2   0.0010472810436424
 6712.1   0.0010474984214583
 6713.0   0.0010476488495607
 6713.9   0.0010476125665449
 6714.8   0.0010464819250895
 6715.7   0.0010424256852412
 6716.6   0.0010346313110520
 6717.5   0.0010284979600574
 6718.4   0.0010313970668158
 6719.3   0.0010398132623495
 6720.2   0.0010455498450688
 6721.1   0.0010475808703795
 6722.0   0.0010483028131734
 6722.9   0.0010489600939596
 6723.8   0.0010495003128342
 6724.7   0.0010489697023244
 6725.6   0.0010473808676899
 6726.5   0.0010462048152721
 6727.4   0.0010465034752792
 6728.3   0.0010476715092878
 6729.2   0.0010490607987739
 6730.1   0.0010506495990928
 6731.0   0.0010514477682478
 6731.9   0.0010503955722281
 6732.8   0.0010482664615264
 6733.7   0.0010471846854693
 6734.6   0.0010482581113998
 6735.5   0.0010502151866168
 6736.4   0.0010504896655724
 6737.3   0.0010482769849736
 6738.2   0.0010455660420267
 6739.1   0.0010443629260479
 6740.0   0.0010449126846561
 6740.9   0.0010457235277018
 6741.8   0.0010451029531570
 6742.7   0.0010437544877829
 6743.6   0.0010438407114188
 6744.5   0.0010453513865808
 6745.4   0.0010465598672300
 6746.3   0.0010468733286943
 6747.2   0.0010462028935991
 6748.1   0.0010434076143737
 6749.0   0.0010374795621079
 6749.9   0.0010321164931331
 6750.8   0.0010331459951101
 6751.7   0.0010382580913075
 6752.6   0.0010415849418792
 6753.5   0.0010427975403990
 6754.4   0.0010435024855380
 6755.3   0.0010441100544747
 6756.2   0.0010445570035791
 6757.1   0.0010451204884229
 6758.0   0.0010460745532973
 6758.9   0.0010466772379819
 6759.8   0.0010462522622927
 6760.7   0.0010451186010655
 6761.6   0.0010440753957301
 6762.5   0.0010435301095869
 6763.4   0.0010436388671260
 6764.3   0.0010440867427514
 6765.2   0.0010427174478150
 6766.1   0.0010368222012519
 6767.0   0.0010279362939399
 6767.9   0.0010235143071086
 6768.8   0.0010274621897662
 6769.7   0.0010338921303941
 6770.6   0.0010372261986779
 6771.5   0.0010379677814270
 6772.4   0.0010382518001163
 6773.3   0.0010388625260871
 6774.2   0.0010394791200237
 6775.1   0.0010398796858907
 6776.0   0.0010401190828761
 6776.9   0.0010405372183246
 6777.8   0.0010411296884023
 6778.7   0.0010414235899811
 6779.6   0.0010413476038291
 6780.5   0.0010410779176174
 6781.4   0.0010409201574176
 6782.3   0.0010409057677474
 6783.2   0.0010406566480118
 6784.1   0.0010399515884876
 6785.0   0.0010387565366721
 6785.9   0.0010377238319069
 6786.8   0.0010379711100391
 6787.7   0.0010390162256090
 6788.6   0.0010390382790940
 6789.5   0.0010379797690060
 6790.4   0.0010372864454131
 6791.3   0.0010374866539962
 6792.2   0.0010381192275585
 6793.1   0.0010385829341088
 6794.0   0.0010386875852159
 6794.9   0.0010386597552734
 6795.8   0.0010387559876227
 6796.7   0.0010386581424408
 6797.6   0.0010377656168554
 6798.5   0.0010367009528385
 6799.4   0.0010366188470732
 6800.3   0.0010372197359087
 6801.2   0.0010377138346320
 6802.1   0.0010379320245836
 6803.0   0.0010376846320660
 6803.9   0.0010370319610072
 6804.8   0.0010365454345904
 6805.7   0.0010362424508192
 6806.6   0.0010359802339673
 6807.5   0.0010362028048757
 6808.4   0.0010364032879835
 6809.3   0.0010356805216155
 6810.2   0.0010351265650669
 6811.1   0.0010361697017711
 6812.0   0.0010378132812081
 6812.9   0.0010385094301178
 6813.8   0.0010379002025943
 6814.7   0.0010367664612973
 6815.6   0.0010367603188070
 6816.5   0.0010380789753730
 6817.4   0.0010388895438940
 6818.3   0.0010379018268655
 6819.2   0.0010356297917368
 6820.1   0.0010337498122091
 6821.0   0.0010337795981401
 6821.9   0.0010354535125576
 6822.8   0.0010372995082139
 6823.7   0.0010384748628814
 6824.6   0.0010389684011168
 6825.5   0.0010387448808105
 6826.4   0.0010374442742441
 6827.3   0.0010350481653852
 6828.2   0.0010328876216042
 6829.1   0.0010328661514842
 6830.0   0.0010343857258221
 6830.9   0.0010354191626533
 6831.8   0.0010356533093536
 6832.7   0.0010356338524148
 6833.6   0.0010357685067849
 6834.5   0.0010363520891251
 6835.4   0.0010368590790713
 6836.3   0.0010363143191005
 6837.2   0.0010345543640636
 6838.1   0.0010321246488047
 6839.0   0.0010296703292688
 6839.9   0.0010271560603993
 6840.8   0.0010243831320607
 6841.7   0.0010227373564260
 6842.6   0.0010233599441520
 6843.5   0.0010255043252907
 6844.4   0.0010278937998026
 6845.3   0.0010294560055402
 6846.2   0.0010301020994445
 6847.1   0.0010307188992746
 6848.0   0.0010313427681159
 6848.9   0.0010316760639905
 6849.8   0.0010323195842257
 6850.7   0.0010334579238115
 6851.6   0.0010342845634666
 6852.5   0.0010340935857769
 6853.4   0.0010318051592353
 6854.3   0.0010267726752037
 6855.2   0.0010223969229089
 6856.1   0.0010222771043117
 6857.0   0.0010246049251491
 6857.9   0.0010269384423742
 6858.8   0.0010291959848860
 6859.7   0.0010305979025088
 6860.6   0.0010302655217165
 6861.5   0.0010292062566855
 6862.4   0.0010293497416005
 6863.3   0.0010312799705886
 6864.2   0.0010332881188401
 6865.1   0.0010337338783374
 6866.0   0.0010330282926409
 6866.9   0.0010310995621002
 6867.8   0.0010259068929005
 6868.7   0.0010178851436205
 6869.6   0.0010124446586776
 6870.5   0.0010127621121888
 6871.4   0.0010154614679052
 6872.3   0.0010177224190988
 6873.2   0.0010202507802367
 6874.1   0.0010229947690955
 6875.0   0.0010250872536255
 6875.9   0.0010267429121498
 6876.8   0.0010283729026136
 6877.7   0.0010293402933751
 6878.6   0.0010290276669233
 6879.5   0.0010276350831407
 6880.4   0.0010257873145123
 6881.3   0.0010244682232822
 6882.2   0.0010243500403946
 6883.1   0.0010252916143948
 6884.0   0.0010262344809488
 6884.9   0.0010260450817762
 6885.8   0.0010254572671801
 6886.7   0.0010261984610192
 6887.6   0.0010286706932925
 6888.5   0.0010310399559226
 6889.4   0.0010310810774364
 6890.3   0.0010296997606054
 6891.2   0.0010293505651746
 6892.1   0.0010294504921689
 6893.0   0.0010282495609493
 6893.9   0.0010269538615121
 6894.8   0.0010276717665050
 6895.7   0.0010293743687547
 6896.6   0.0010295467016412
 6897.5   0.0010287866571053
 6898.4   0.0010291035958826
 6899.3   0.0010294431486330
 6900.2   0.0010280283397874
 6901.1   0.0010261010848170
 6902.0   0.0010259768166317
 6902.9   0.0010275363457535
 6903.8   0.0010284601785943
 6904.7   0.0010274071818775
 6905.6   0.0010257215658443
 6906.5   0.0010255090494034
 6907.4   0.0010266629682666
 6908.3   0.0010272921903398
 6909.2   0.0010264474892465
 6910.1   0.0010252973794137
 6911.0   0.0010256343470564
 6911.9   0.0010263685290769
 6912.8   0.0010238215803285
 6913.7   0.0010174575599466
 6914.6   0.0010133303211452
 6915.5   0.0010157165699917
 6916.4   0.0010206195698686
 6917.3   0.0010246760041718
 6918.2   0.0010276295697695
 6919.1   0.0010285633426925
 6920.0   0.0010277005000913
 6920.9   0.0010268152036566
 6921.8   0.0010267127144317
 6922.7   0.0010264749645945
 6923.6   0.0010255237364754
 6924.5   0.0010246770336395
 6925.4   0.0010247838008745
 6926.3   0.0010259573482544
 6927.2   0.0010274005017763
 6928.1   0.0010279668348139
 6929.0   0.0010277437720487
 6929.9   0.0010276148369434
 6930.8   0.0010276667221135
 6931.7   0.0010269354569180
 6932.6   0.0010252434009927
 6933.5   0.0010243364171059
 6934.4   0.0010254305582135
 6935.3   0.0010273856316878
 6936.2   0.0010286148732682
 6937.1   0.0010288490657226
 6938.0   0.0010285305255511
 6938.9   0.0010278451402978
 6939.8   0.0010268917274195
 6940.7   0.0010258289278829
 6941.6   0.0010246236728991
 6942.5   0.0010227625097525
 6943.4   0.0010189018001287
 6944.3   0.0010123770684064
 6945.2   0.0010084189825803
 6946.1   0.0010128761543286
 6947.0   0.0010210638309186
 6947.9   0.0010259515146043
 6948.8   0.0010272148773184
 6949.7   0.0010269784772277
 6950.6   0.0010262989256244
 6951.5   0.0010258003544360
 6952.4   0.0010254061255144
 6953.3   0.0010245939212836
 6954.2   0.0010238499707589
 6955.1   0.0010239076552635
 6956.0   0.0010246211221070
 6956.9   0.0010257970830166
 6957.8   0.0010275330514569
 6958.7   0.0010284813284354
 6959.6   0.0010272205279520
 6960.5   0.0010251083005199
 6961.4   0.0010245077434018
 6962.3   0.0010252902532098
 6963.2   0.0010257563961669
 6964.1   0.0010250847257105
 6965.0   0.0010236624703821
 6965.9   0.0010229672365548
 6966.8   0.0010239604783930
 6967.7   0.0010256461401804
 6968.6   0.0010264760741319
 6969.5   0.0010259249657772
 6970.4   0.0010246318972018
 6971.3   0.0010239895436967
 6972.2   0.0010250307358509
 6973.1   0.0010268757134781
 6974.0   0.0010277482216367
 6974.9   0.0010270582495330
 6975.8   0.0010244646315839
 6976.7   0.0010188654370432
 6977.6   0.0010100592791594
 6978.5   0.0010032248378103
 6979.4   0.0010060147981195
 6980.3   0.0010156539326038
 6981.2   0.0010227678744229
 6982.1   0.0010249805664602
 6983.0   0.0010249437687106
 6983.9   0.0010243380871312
 6984.8   0.0010237258741515
 6985.7   0.0010233588918073
 6986.6   0.0010230838752408
 6987.5   0.0010220996927180
 6988.4   0.0010207487566215
 6989.3   0.0010208108449600
 6990.2   0.0010220018360975
 6991.1   0.0010223481147032
 6992.0   0.0010210945433705
 6992.9   0.0010195538535069
 6993.8   0.0010198055125960
 6994.7   0.0010216920349626
 6995.6   0.0010228992916891
 6996.5   0.0010222691430951
 6997.4   0.0010202156181968
 6998.3   0.0010170014485799
 6999.2   0.0010141524197040
 7000.1   0.0010139783024069
 7001.0   0.0010162211578467
 7001.9   0.0010186279274152
 7002.8   0.0010190352076991
 7003.7   0.0010170232389787
 7004.6   0.0010140932253135
 7005.5   0.0010123661903647
 7006.4   0.0010137949427779
 7007.3   0.0010174710002188
 7008.2   0.0010206328614399
 7009.1   0.0010222821372647
 7010.0   0.0010222131057387
 7010.9   0.0010207590055440
 7011.8   0.0010192339864660
 7012.7   0.0010185757334048
 7013.6   0.0010180906253657
 7014.5   0.0010150021995044
 7015.4   0.0010087215316875
 7016.3   0.0010048681541612
 7017.2   0.0010082553658534
 7018.1   0.0010152153450644
 7019.0   0.0010197444994793
 7019.9   0.0010207199315270
 7020.8   0.0010198191015692
 7021.7   0.0010175258250910
 7022.6   0.0010142708199236
 7023.5   0.0010122133487326
 7024.4   0.0010126735665314
 7025.3   0.0010147645869296
 7026.2   0.0010169803444929
 7027.1   0.0010183529794799
 7028.0   0.0010187681981034
 7028.9   0.0010189855530423
 7029.8   0.0010193416001522
 7030.7   0.0010192395570299
 7031.6   0.0010189182258572
 7032.5   0.0010190602123248
 7033.4   0.0010192057676136
 7034.3   0.0010188672900850
 7035.2   0.0010187653384710
 7036.1   0.0010182732071747
 7037.0   0.0010154909449959
 7037.9   0.0010117549153445
 7038.8   0.0010111642983086
 7039.7   0.0010142665991062
 7040.6   0.0010173866525018
 7041.5   0.0010183219353107
 7042.4   0.0010177921026209
 7043.3   0.0010169879739921
 7044.2   0.0010161080422278
 7045.1   0.0010152788860962
 7046.0   0.0010152009553942
 7046.9   0.0010156008692651
 7047.8   0.0010154412217079
 7048.7   0.0010145374177323
 7049.6   0.0010137406669551
 7050.5   0.0010132290672815
 7051.4   0.0010119516122990
 7052.3   0.0010098606147778
 7053.2   0.0010088547676799
 7054.1   0.0010096769463085
 7055.0   0.0010111950679531
 7055.9   0.0010130220642118
 7056.8   0.0010147749502374
 7057.7   0.0010149885190230
 7058.6   0.0010131433355023
 7059.5   0.0010104499049442
 7060.4   0.0010085628792823
 7061.3   0.0010081892740295
 7062.2   0.0010089472481915
 7063.1   0.0010101876652153
 7064.0   0.0010106002872925
 7064.9   0.0010089763020566
 7065.8   0.0010059941630121
 7066.7   0.0010030365939292
 7067.6   0.0010008537564541
 7068.5   0.0010007698662782
 7069.4   0.0010031779055235
 7070.3   0.0010058917652954
 7071.2   0.0010072668824434
 7072.1   0.0010074636251520
 7073.0   0.0010069672158457
 7073.9   0.0010063140986842
 7074.8   0.0010059649261306
 7075.7   0.0010058015381742
 7076.6   0.0010055276425836
 7077.5   0.0010051553985158
 7078.4   0.0010048210045423
 7079.3   0.0010046453773592
 7080.2   0.0010044892071150
 7081.1   0.0010039260425501
 7082.0   0.0010024542698272
 7082.9   0.0009999466238664
 7083.8   0.0009970585667276
 7084.7   0.0009952669841565
 7085.6   0.0009959206732444
 7086.5   0.0009979402485870
 7087.4   0.0009990384503726
 7088.3   0.0009981743609717
 7089.2   0.0009957246282861
 7090.1   0.0009938873373508
 7091.0   0.0009947171111630
 7091.9   0.0009968018174929
 7092.8   0.0009977728914608
 7093.7   0.0009973012351325
 7094.6   0.0009958839898801
 7095.5   0.0009946161318239
 7096.4   0.0009946442019755
 7097.3   0.0009959773397199
 7098.2   0.0009976571564186
 7099.1   0.0009988547018336
 7100.0   0.0009991353118410
 7100.9   0.0009981373344515
 7101.8   0.0009965067834997
 7102.7   0.0009956100370969
 7103.6   0.0009956970042372
 7104.5   0.0009957800822775
 7105.4   0.0009950170179698
 7106.3   0.0009936433649536
 7107.2   0.0009926750705483
 7108.1   0.0009925983752076
 7109.0   0.0009922905758153
 7109.9   0.0009905749336420
 7110.8   0.0009887015198303
 7111.7   0.0009888056218880
 7112.6   0.0009905948366835
 7113.5   0.0009920494973661
 7114.4   0.0009919881067779
 7115.3   0.0009911752963051
 7116.2   0.0009909267484960
 7117.1   0.0009910978231443
 7118.0   0.0009905265372234
 7118.9   0.0009886699151731
 7119.8   0.0009858566088251
 7120.7   0.0009812781772248
 7121.6   0.0009755396385170
 7122.5   0.0009743100880963
 7123.4   0.0009795901934160
 7124.3   0.0009856519506540
 7125.2   0.0009886390540203
 7126.1   0.0009891595757470
 7127.0   0.0009884987375781
 7127.9   0.0009871765350679
 7128.8   0.0009846131720295
 7129.7   0.0009803097226802
 7130.6   0.0009770103245795
 7131.5   0.0009787084200485
 7132.4   0.0009837420250559
 7133.3   0.0009878639220640
 7134.2   0.0009898921678119
 7135.1   0.0009900308714215
 7136.0   0.0009892755166827
 7136.9   0.0009884489227818
 7137.8   0.0009870331302227
 7138.7   0.0009851728364044
 7139.6   0.0009847015117934
 7140.5   0.0009861318770392
 7141.4   0.0009871919198902
 7142.3   0.0009864297363493
 7143.2   0.0009847181434154
 7144.1   0.0009831273413538
 7145.0   0.0009818893149828
 7145.9   0.0009787489467587
 7146.8   0.0009694203225982
 7147.7   0.0009575823824515
 7148.6   0.0009566996253703
 7149.5   0.0009680424487646
 7150.4   0.0009783657903337
 7151.3   0.0009825381655727
 7152.2   0.0009841593941229
 7153.1   0.0009850481564321
 7154.0   0.0009847927111897
 7154.9   0.0009837242038269
 7155.8   0.0009837155562985
 7156.7   0.0009854447988835
 7157.6   0.0009869980482525
 7158.5   0.0009869422167896
 7159.4   0.0009854540984080
 7160.3   0.0009836876234093
 7161.2   0.0009830578294096
 7162.1   0.0009823096695060
 7163.0   0.0009778822722502
 7163.9   0.0009704781578129
 7164.8   0.0009672882607558
 7165.7   0.0009719091293008
 7166.6   0.0009793131979839
 7167.5   0.0009842008816697
 7168.4   0.0009853860505956
 7169.3   0.0009843887938335
 7170.2   0.0009837305865264
 7171.1   0.0009845259989957
 7172.0   0.0009858936582224
 7172.9   0.0009863425175613
 7173.8   0.0009849256040263
 7174.7   0.0009824161507778
 7175.6   0.0009811369914544
 7176.5   0.0009818632236968
 7177.4   0.0009827439447197
 7178.3   0.0009821747863653
 7179.2   0.0009801053047182
 7180.1   0.0009768969916285
 7181.0   0.0009740879632906
 7181.9   0.0009742366641750
 7182.8   0.0009775892285611
 7183.7   0.0009812577708881
 7184.6   0.0009816644563685
 7185.5   0.0009760979874609
 7186.4   0.0009653282458367
 7187.3   0.0009575955596375
 7188.2   0.0009605991344864
 7189.1   0.0009697661322242
 7190.0   0.0009771573668771
 7190.9   0.0009802622070283
 7191.8   0.0009794904379996
 7192.7   0.0009774557523595
 7193.6   0.0009776153312856
 7194.5   0.0009801493087415
 7195.4   0.0009817745407771
 7196.3   0.0009801543645715
 7197.2   0.0009776384142383
 7198.1   0.0009778323087530
 7199.0   0.0009795207272259
 7199.9   0.0009785242025297
 7200.8   0.0009714428262043
 7201.7   0.0009619766651642
 7202.6   0.0009614249848829
 7203.5   0.0009706317315109
 7204.4   0.0009775067224473
 7205.3   0.0009755411712799
 7206.2   0.0009666974835805
 7207.1   0.0009586220304042
 7208.0   0.0009597809593433
 7208.9   0.0009673915506778
 7209.8   0.0009741699317935
 7210.7   0.0009790847247943
 7211.6   0.0009820865724252
 7212.5   0.0009824823341099
 7213.4   0.0009809167540060
 7214.3   0.0009788847678589
 7215.2   0.0009781055294704
 7216.1   0.0009789913177618
 7217.0   0.0009804290494207
 7217.9   0.0009811272572657
 7218.8   0.0009807210865191
 7219.7   0.0009799457372307
 7220.6   0.0009791072358205
 7221.5   0.0009776868907266
 7222.4   0.0009754307093998
 7223.3   0.0009733766125751
 7224.2   0.0009739179066714
 7225.1   0.0009767256538941
 7226.0   0.0009787452063596
 7226.9   0.0009790071715638
 7227.8   0.0009783973263597
 7228.7   0.0009782321883083
 7229.6   0.0009792987739982
 7230.5   0.0009805954685874
 7231.4   0.0009807276522351
 7232.3   0.0009797393289646
 7233.2   0.0009785355609896
 7234.1   0.0009770932081648
 7235.0   0.0009752099457791
 7235.9   0.0009739763689961
 7236.8   0.0009744714171174
 7237.7   0.0009756453534073
 7238.6   0.0009754629431762
 7239.5   0.0009741153585689
 7240.4   0.0009736401448578
 7241.3   0.0009745213806145
 7242.2   0.0009752972903909
 7243.1   0.0009744536302039
 7244.0   0.0009718480704299
 7244.9   0.0009701561746440
 7245.8   0.0009719080540790
 7246.7   0.0009751758703995
 7247.6   0.0009768036875428
 7248.5   0.0009761499870163
 7249.4   0.0009739364027737
 7250.3   0.0009714168836192
 7251.2   0.0009705774556881
 7252.1   0.0009716189795597
 7253.0   0.0009722542983691
 7253.9   0.0009717520668512
 7254.8   0.0009720402949194
 7255.7   0.0009740732419030
 7256.6   0.0009761372902485
 7257.5   0.0009765539158111
 7258.4   0.0009759087827433
 7259.3   0.0009745666886302
 7260.2   0.0009710470759582
 7261.1   0.0009657246938331
 7262.0   0.0009631496749332
 7262.9   0.0009653576199807
 7263.8   0.0009686419992920
 7264.7   0.0009704841516024
 7265.6   0.0009710862529220
 7266.5   0.0009712508419240
 7267.4   0.0009716815368779
 7268.3   0.0009721258551206
 7269.2   0.0009724474036253
 7270.1   0.0009728743124260
 7271.0   0.0009732144142257
 7271.9   0.0009730637687913
 7272.8   0.0009722255647828
 7273.7   0.0009705364828752
 7274.6   0.0009685497017969
 7275.5   0.0009678764299464
 7276.4   0.0009686092279048
 7277.3   0.0009689897992222
 7278.2   0.0009687455751773
 7279.1   0.0009688192393077
 7280.0   0.0009686140206487
 7280.9   0.0009665494346923
 7281.8   0.0009629713368186
 7282.7   0.0009607976730442
 7283.6   0.0009616871559807
 7284.5   0.0009642009901860
 7285.4   0.0009672156260930
 7286.3   0.0009694318411974
 7287.2   0.0009674405075844
 7288.1   0.0009602000441897
 7289.0   0.0009536638853763
 7289.9   0.0009524518587829
 7290.8   0.0009524523963938
 7291.7   0.0009516722658000
 7292.6   0.0009533912480240
 7293.5   0.0009583547119681
 7294.4   0.0009640510539404
 7295.3   0.0009681388526918
 7296.2   0.0009700931597846
 7297.1   0.0009701903300933
 7298.0   0.0009693171585000
 7298.9   0.0009686864608565
 7299.8   0.0009687584206460
 7300.7   0.0009688367516965
 7301.6   0.0009685242968227
 7302.5   0.0009681944896996
 7303.4   0.0009677649385986
 7304.3   0.0009670153260017
 7305.2   0.0009657549830595
 7306.1   0.0009634849039193
 7307.0   0.0009604315714668
 7307.9   0.0009585017199502
 7308.8   0.0009590981363205
 7309.7   0.0009599010067111
 7310.6   0.0009594350696476
 7311.5   0.0009604324636721
 7312.4   0.0009631500752817
 7313.3   0.0009649822989484
 7314.2   0.0009659810198423
 7315.1   0.0009673540323008
 7316.0   0.0009685398761000
 7316.9   0.0009686907960592
 7317.8   0.0009680337440436
 7318.7   0.0009664111657468
 7319.6   0.0009638346827151
 7320.5   0.0009621907829992
 7321.4   0.0009626679069447
 7322.3   0.0009626122699368
 7323.2   0.0009596908466073
 7324.1   0.0009553935397483
 7325.0   0.0009509688763011
 7325.9   0.0009485115827474
 7326.8   0.0009525306931287
 7327.7   0.0009604295468470
 7328.6   0.0009648454026265
 7329.5   0.0009647991680900
 7330.4   0.0009636313857290
 7331.3   0.0009633527774642
 7332.2   0.0009638754267574
 7333.1   0.0009644514596681
 7334.0   0.0009649508544306
 7334.9   0.0009657324605947
 7335.8   0.0009666685326622
 7336.7   0.0009668555183051
 7337.6   0.0009658176662015
 7338.5   0.0009643890853663
 7339.4   0.0009641608638243
 7340.3   0.0009656705781497
 7341.2   0.0009673413240945
 7342.1   0.0009675464283682
 7343.0   0.0009661338843515
 7343.9   0.0009638732534368
 7344.8   0.0009624459194013
 7345.7   0.0009627443849534
 7346.6   0.0009638326580953
 7347.5   0.0009650493630473
 7348.4   0.0009660535744354
 7349.3   0.0009657514256768
 7350.2   0.0009638158205798
 7351.1   0.0009618322308513
 7352.0   0.0009614199404914
 7352.9   0.0009619467762864
 7353.8   0.0009608861843860
 7354.7   0.0009568979122805
 7355.6   0.0009531686885541
 7356.5   0.0009536902740640
 7357.4   0.0009573049637938
 7358.3   0.0009611063875188
 7359.2   0.0009637265085409
 7360.1   0.0009645479551035
 7361.0   0.0009635880108249
 7361.9   0.0009614952517701
 7362.8   0.0009598442944815
 7363.7   0.0009597986089944
 7364.6   0.0009608274360982
 7365.5   0.0009614952517701
 7366.4   0.0009612934761085
 7367.3   0.0009609199394868
 7368.2   0.0009606951266266
 7369.1   0.0009604606367704
 7370.0   0.0009604187259980
 7370.9   0.0009605791399368
 7371.8   0.0009604488550849
 7372.7   0.0009600356953968
 7373.6   0.0009596104223059
 7374.5   0.0009589999937368
 7375.4   0.0009585431388657
 7376.3   0.0009588388362937
 7377.2   0.0009597283192302
 7378.1   0.0009609016035239
 7379.0   0.0009619965796441
 7379.9   0.0009619636709946
 7380.8   0.0009603290593647
 7381.7   0.0009584122363333
 7382.6   0.0009577853248431
 7383.5   0.0009576888751618
 7384.4   0.0009557765703495
 7385.3   0.0009522151040979
 7386.2   0.0009498005220136
 7387.1   0.0009489089572647
 7388.0   0.0009472330411046
 7388.9   0.0009452358166489
 7389.8   0.0009468200644330
 7390.7   0.0009516010380764
 7391.6   0.0009537521336319
 7392.5   0.0009509027959158
 7393.4   0.0009476617228774
 7394.3   0.0009494029530413
 7395.2   0.0009543406002242
 7396.1   0.0009577115234503
 7397.0   0.0009586167458035
 7397.9   0.0009579341515514
 7398.8   0.0009553526927592
 7399.7   0.0009514527032249
 7400.6   0.0009499931354131
 7401.5   0.0009527947744609
 7402.4   0.0009567461801857
 7403.3   0.0009583428845285
 7404.2   0.0009558192703804
 7405.1   0.0009504117741569
 7406.0   0.0009474530726595
 7406.9   0.0009483958133897
 7407.8   0.0009472256174989
 7408.7   0.0009419287318563
 7409.6   0.0009378086535745
 7410.5   0.0009378987091178
 7411.4   0.0009416276811965
 7412.3   0.0009471679901870
 7413.2   0.0009488880705097
 7414.1   0.0009446934358922
 7415.0   0.0009400807458959
 7415.9   0.0009404332699387
 7416.8   0.0009448507042353
 7417.7   0.0009486818910142
 7418.6   0.0009500733309439
 7419.5   0.0009503508525484
 7420.4   0.0009488853824553
 7421.3   0.0009432608058175
 7422.2   0.0009356540006362
 7423.1   0.0009327344989797
 7424.0   0.0009374051365668
 7424.9   0.0009456503260835
 7425.8   0.0009513955792082
 7426.7   0.0009527062859962
 7427.6   0.0009517151717244
 7428.5   0.0009505942530191
 7429.4   0.0009498526817085
 7430.3   0.0009491267468678
 7431.2   0.0009485421693755
 7432.1   0.0009485194867714
 7433.0   0.0009489944373962
 7433.9   0.0009497790175780
 7434.8   0.0009505761115112
 7435.7   0.0009509132392933
 7436.6   0.0009507133509890
 7437.5   0.0009504094635739
 7438.4   0.0009500570996704
 7439.3   0.0009493657091891
 7440.2   0.0009484772442817
 7441.1   0.0009478403583937
 7442.0   0.0009473400027947
 7442.9   0.0009463743278127
 7443.8   0.0009435347700393
 7444.7   0.0009370036213018
 7445.6   0.0009310989722675
 7446.5   0.0009329512476765
 7447.4   0.0009395986576286
 7448.3   0.0009438351801414
 7449.2   0.0009451679976070
 7450.1   0.0009465210955856
 7451.0   0.0009483539483714
 7451.9   0.0009492878242412
 7452.8   0.0009490196479154
 7453.7   0.0009482865411167
 7454.6   0.0009476607277253
 7455.5   0.0009472233412316
 7456.4   0.0009473840068179
 7457.3   0.0009485042163344
 7458.2   0.0009496506315221
 7459.1   0.0009493293804191
 7460.0   0.0009462882185621
 7460.9   0.0009399176439027
 7461.8   0.0009334283373064
 7462.7   0.0009326913185306
 7463.6   0.0009376515224938
 7464.5   0.0009425470758879
 7465.4   0.0009444914085829
 7466.3   0.0009447197788258
 7467.2   0.0009448636869663
 7468.1   0.0009454348356249
 7469.0   0.0009459736704374
 7469.9   0.0009456604491821
 7470.8   0.0009445011313330
 7471.7   0.0009434866710224
 7472.6   0.0009433399833192
 7473.5   0.0009434341796102
 7474.4   0.0009427569042743
 7475.3   0.0009419418289727
 7476.2   0.0009423663128051
 7477.1   0.0009434140363597
 7478.0   0.0009435233658253
 7478.9   0.0009430511032549
 7479.8   0.0009433080240676
 7480.7   0.0009436455407596
 7481.6   0.0009424565742419
 7482.5   0.0009402589009939
 7483.4   0.0009389296866651
 7484.3   0.0009390981876442
 7485.2   0.0009398741088592
 7486.1   0.0009406591694592
 7487.0   0.0009413047600682
 7487.9   0.0009410763097556
 7488.8   0.0009399776161133
 7489.7   0.0009391255028529
 7490.6   0.0009383878778349
 7491.5   0.0009374951921101
 7492.4   0.0009366555125314
 7493.3   0.0009326384267698
 7494.2   0.0009241207257247
 7495.1   0.0009194841978327
 7496.0   0.0009249108421548
 7496.9   0.0009334876803978
 7497.8   0.0009379749011633
 7498.7   0.0009390859255405
 7499.6   0.0009391911600126
 7500.5   0.0009389788723423
 7501.4   0.0009384332773588
 7502.3   0.0009375786704989
 7503.2   0.0009365939732423
 7504.1   0.0009354610669580
 7505.0   0.0009345104107653
 7505.9   0.0009339361508267
 7506.8   0.0009336943631887
 7507.7   0.0009342894984437
 7508.6   0.0009336008074553
 7509.5   0.0009271391249079
 7510.4   0.0009171854766145
 7511.3   0.0009149376682914
 7512.2   0.0009239201511087
 7513.1   0.0009339176204088
 7514.0   0.0009377270625431
 7514.9   0.0009372255516526
 7515.8   0.0009361654287319
 7516.7   0.0009361690433072
 7517.6   0.0009367758801781
 7518.5   0.0009372137928442
 7519.4   0.0009372014621093
 7520.3   0.0009363043039194
 7521.2   0.0009338687092564
 7522.1   0.0009302891129353
 7523.0   0.0009282378299888
 7523.9   0.0009286233885051
 7524.8   0.0009295711164341
 7525.7   0.0009312951316111
 7526.6   0.0009337301886633
 7527.5   0.0009351393125597
 7528.4   0.0009351032468759
 7529.3   0.0009331548420644
 7530.2   0.0009288399999395
 7531.1   0.0009252184127764
 7532.0   0.0009260223011962
 7532.9   0.0009295059740082
 7533.8   0.0009324480438836
 7534.7   0.0009344927267986
 7535.6   0.0009356525593815
 7536.5   0.0009358182807979
 7537.4   0.0009354130022567
 7538.3   0.0009347527588913
 7539.2   0.0009337996891689
 7540.1   0.0009326767000898
 7541.0   0.0009320887711083
 7541.9   0.0009324073341569
 7542.8   0.0009332271907639
 7543.7   0.0009339273774745
 7544.6   0.0009336047079939
 7545.5   0.0009321152741814
 7546.4   0.0009309558305084
 7547.3   0.0009307425934402
 7548.2   0.0009307410721157
 7549.1   0.0009307783845992
 7550.0   0.0009306749459763
 7550.9   0.0009301367631600
 7551.8   0.0009293147675479
 7552.7   0.0009283482003606
 7553.6   0.0009267794060300
 7554.5   0.0009236287888834
 7555.4   0.0009206542107070
 7556.3   0.0009217881007048
 7557.2   0.0009258552986644
 7558.1   0.0009283965624637
 7559.0   0.0009285936940823
 7559.9   0.0009284579644904
 7560.8   0.0009291760982539
 7561.7   0.0009300264957349
 7562.6   0.0009301416931662
 7563.5   0.0009295636356358
 7564.4   0.0009288033966449
 7565.3   0.0009284889629055
 7566.2   0.0009280701297068
 7567.1   0.0009257906366568
 7568.0   0.0009217775658191
 7568.9   0.0009193292286341
 7569.8   0.0009205997747447
 7570.7   0.0009233445299850
 7571.6   0.0009246709647512
 7572.5   0.0009237551731966
 7573.4   0.0009210840935253
 7574.3   0.0009188974813354
 7575.2   0.0009191559577882
 7576.1   0.0009208286139673
 7577.0   0.0009221499013952
 7577.9   0.0009227510533168
 7578.8   0.0009228767398797
 7579.7   0.0009227675019223
 7580.6   0.0009221862072880
 7581.5   0.0009197663520417
 7582.4   0.0009142604501482
 7583.3   0.0009074905564215
 7584.2   0.0009036479311130
 7585.1   0.0009022483927044
 7586.0   0.0009018919338073
 7586.9   0.0009046704098328
 7587.8   0.0009067311066892
 7588.7   0.0009035794257594
 7589.6   0.0008994626303355
 7590.5   0.0008989848772709
 7591.4   0.0009011911751702
 7592.3   0.0009057180876333
 7593.2   0.0009123012016106
 7594.1   0.0009176099718854
 7595.0   0.0009193221367458
 7595.9   0.0009185016510196
 7596.8   0.0009178754715953
 7597.7   0.0009184964579272
 7598.6   0.0009179436795471
 7599.5   0.0009137134024714
 7600.4   0.0009068392351092
 7601.3   0.0008999121759862
 7602.2   0.0008945450920876
 7603.1   0.0008904895385511
 7604.0   0.0008873832914608
 7604.9   0.0008836962987856
 7605.8   0.0008792757875246
 7606.7   0.0008762931223077
 7607.6   0.0008741070591673
 7608.5   0.0008719181935871
 7609.4   0.0008699467401384
 7610.3   0.0008684285041085
 7611.2   0.0008693287049472
 7612.1   0.0008733625024004
 7613.0   0.0008762526985442
 7613.9   0.0008771484841105
 7614.8   0.0008796847149568
 7615.7   0.0008816223675505
 7616.6   0.0008801499885856
 7617.5   0.0008806433323660
 7618.4   0.0008862449861905
 7619.3   0.0008924443375007
 7620.2   0.0008963584078649
 7621.1   0.0008990253696656
 7622.0   0.0009008028599683
 7622.9   0.0009004620032256
 7623.8   0.0008963022675618
 7624.7   0.0008895400147729
 7625.6   0.0008866226978755
 7626.5   0.0008897495686346
 7627.4   0.0008913322836558
 7628.3   0.0008874904132902
 7629.2   0.0008859455026093
 7630.1   0.0008908607645898
 7631.0   0.0008935497455599
 7631.9   0.0008878899039355
 7632.8   0.0008815021028506
 7633.7   0.0008836534386153
 7634.6   0.0008905125986267
 7635.5   0.0008904849173852
 7636.4   0.0008825438326157
 7637.3   0.0008783854581369
 7638.2   0.0008846444728173
 7639.1   0.0008931376039010
 7640.0   0.0008937619302835
 7640.9   0.0008887375104152
 7641.8   0.0008882978705312
 7642.7   0.0008959986889870
 7643.6   0.0009031681991828
 7644.5   0.0009015323521917
 7645.4   0.0008949407165099
 7646.3   0.0008935805266430
 7647.2   0.0008999912162256
 7648.1   0.0009061594547353
 7649.0   0.0009057813541403
 7649.9   0.0009013853556482
 7650.8   0.0008997191851153
 7651.7   0.0009040902476130
 7652.6   0.0009095457856607
 7653.5   0.0009095109210226
 7654.4   0.0009047559242799
 7655.3   0.0008999770438874
 7656.2   0.0008972844826576
 7657.1   0.0008959090223537
 7658.0   0.0008952302142548
 7658.9   0.0008948608984505
 7659.8   0.0008944211899353
 7660.7   0.0008951439791804
 7661.6   0.0008984398198984
 7662.5   0.0008982222018733
 7663.4   0.0008834823868441
 7664.3   0.0008616656450775
 7665.2   0.0008586724678519
 7666.1   0.0008788631540088
 7667.0   0.0009004933219196
 7667.9   0.0009114225395231
 7668.8   0.0009138221371335
 7669.7   0.0009122381981897
 7670.6   0.0009103241318439
 7671.5   0.0009091500811687
 7672.4   0.0009092764426049
 7673.3   0.0009114608585971
 7674.2   0.0009143890306591
 7675.1   0.0009157786747396
 7676.0   0.0009146552853119
 7676.9   0.0009118452846989
 7677.8   0.0009093128743216
 7678.7   0.0009078686798935
 7679.6   0.0009068882949625
 7680.5   0.0009067774212954
 7681.4   0.0009078667582206
 7682.3   0.0009084564029814
 7683.2   0.0009078552167442
 7684.1   0.0009077210885465
 7685.0   0.0009091526548379
 7685.9   0.0009113993421851
 7686.8   0.0009130775002970
 7687.7   0.0009134091833390
 7688.6   0.0009123274415974
 7689.5   0.0009097236891112
 7690.4   0.0009061123851861
 7691.3   0.0009038886320907
 7692.2   0.0009052529055127
 7693.1   0.0009084368774115
 7694.0   0.0009103339461023
 7694.9   0.0009106507819329
 7695.8   0.0009101307978171
 7696.7   0.0009064254348634
 7697.6   0.0008957079787579
 7698.5   0.0008831319789292
 7699.4   0.0008828693274132
 7700.3   0.0008959018046415
 7701.2   0.0009079022176622
 7702.1   0.0009125023710302
 7703.0   0.0009133553078647
 7703.9   0.0009134359952523
 7704.8   0.0009133485133781
 7705.7   0.0009131929722530
 7706.6   0.0009130252719710
 7707.5   0.0009126378718515
 7708.4   0.0009112997583466
 7709.3   0.0009080406124315
 7710.2   0.0009036415026594
 7711.1   0.0009006723692230
 7712.0   0.0008996236276393
 7712.9   0.0008969008458143
 7713.8   0.0008917342335849
 7714.7   0.0008912189392663
 7715.6   0.0008982572724049
 7716.5   0.0009060783784377
 7717.4   0.0009094433307514
 7718.3   0.0009095273009969
 7719.2   0.0009093315991945
 7720.1   0.0009095661462434
 7721.0   0.0009089765129210
 7721.9   0.0009067468346673
 7722.8   0.0009045283776111
 7723.7   0.0009047664019730
 7724.6   0.0009067181925893
 7725.5   0.0009073339515132
 7726.4   0.0009048925575156
 7727.3   0.0009017571192978
 7728.2   0.0009024309859519
 7729.1   0.0009062877835986
 7730.0   0.0009089947802528
 7730.9   0.0009092034190321
 7731.8   0.0009083706712023
 7732.7   0.0009079710890488
 7733.6   0.0009081751752934
 7734.5   0.0009086999979072
 7735.4   0.0009095101660796
 7736.3   0.0009100206447773
 7737.2   0.0009096327184855
 7738.1   0.0009089118737904
 7739.0   0.0009086958342824
 7739.9   0.0009087554747756
 7740.8   0.0009078432291652
 7741.7   0.0009053351256632
 7742.6   0.0009032427440800
 7743.5   0.0009036686234130
 7744.4   0.0009052589793719
 7745.3   0.0009055063375739
 7746.2   0.0009022721619688
 7747.1   0.0008934983408080
 7748.0   0.0008836975341468
 7748.9   0.0008838552371540
 7749.8   0.0008941116633251
 7750.7   0.0009030767252618
 7751.6   0.0009058895054374
 7752.5   0.0009058402053750
 7753.4   0.0009056095931803
 7754.3   0.0009055856065838
 7755.2   0.0009058785473261
 7756.1   0.0009064432103384
 7757.0   0.0009066108991819
 7757.9   0.0009057380021133
 7758.8   0.0009043370567655
 7759.7   0.0009038037124472
 7760.6   0.0009046415275456
 7761.5   0.0009059416994479
 7762.4   0.0009066661472797
 7763.3   0.0009064476484879
 7764.2   0.0009055643995500
 7765.1   0.0009047095410425
 7766.0   0.0009045083029917
 7766.9   0.0009044988433278
 7767.8   0.0009036997018978
 7768.7   0.0009024112544884
 7769.6   0.0009011553840112
 7770.5   0.0008994455411724
 7771.4   0.0008974614595871
 7772.3   0.0008965518562770
 7773.2   0.0008966042218654
 7774.1   0.0008965752938241
 7775.0   0.0008972236983114
 7775.9   0.0008991983202327
 7776.8   0.0009010778422192
 7777.7   0.0009012227111962
 7778.6   0.0008986143832981
 7779.5   0.0008930984498142
 7780.4   0.0008887674908012
 7781.3   0.0008904472045532
 7782.2   0.0008954832345289
 7783.1   0.0008989431952692
 7784.0   0.0009003228878290
 7784.9   0.0009006979000210
 7785.8   0.0009004579196706
 7786.7   0.0008989179961885
 7787.6   0.0008942811251407
 7788.5   0.0008884695399830
 7789.4   0.0008883972599146
 7790.3   0.0008943812694671
 7791.2   0.0008989640362701
 7792.1   0.0008992595163659
 7793.0   0.0008980069287467
 7793.9   0.0008973319868709
 7794.8   0.0008971944499913
 7795.7   0.0008962796879044
 7796.6   0.0008937399111140
 7797.5   0.0008917319230020
 7798.4   0.0008927392227930
 7799.3   0.0008950349471165
 7800.2   0.0008965165226592
 7801.1   0.0008974270639287
 7802.0   0.0008975457729885
 7802.9   0.0008967762115961
 7803.8   0.0008960081372124
 7804.7   0.0008956893225162
 7805.6   0.0008954768060753
 7806.5   0.0008948531431275
 7807.4   0.0008940111872814
 7808.3   0.0008938150736919
 7809.2   0.0008941445490976
 7810.1   0.0008941917673477
 7811.0   0.0008944509529892
 7811.9   0.0008955613596859
 7812.8   0.0008964923988003
 7813.7   0.0008964173162922
 7814.6   0.0008960170935811
 7815.5   0.0008959265690580
 7816.4   0.0008963255907236
 7817.3   0.0008971841553147
 7818.2   0.0008977598107539
 7819.1   0.0008972568700472
 7820.0   0.0008961679105935
 7820.9   0.0008957474188079
 7821.8   0.0008962070532417
 7822.7   0.0008961974791924
 7823.6   0.0008949439650523
 7824.5   0.0008934468445479
 7825.4   0.0008925837388606
 7826.3   0.0008921620460294
 7827.2   0.0008920678268613
 7828.1   0.0008925347361999
 7829.0   0.0008932675227198
 7829.9   0.0008922570773331
 7830.8   0.0008867191132412
 7831.7   0.0008789459575244
 7832.6   0.0008771868832543
 7833.5   0.0008829937557379
 7834.4   0.0008884431398567
 7835.3   0.0008898033754777
 7836.2   0.0008902420888409
 7837.1   0.0008914858230382
 7838.0   0.0008921573562323
 7838.9   0.0008921040984386
 7839.8   0.0008921996444761
 7840.7   0.0008918246780382
 7841.6   0.0008906489573377
 7842.5   0.0008899840012982
 7843.4   0.0008902461952730
 7844.3   0.0008903975727734
 7845.2   0.0008902289230934
 7846.1   0.0008901078348193
 7847.0   0.0008898106046284
 7847.9   0.0008890762167144
 7848.8   0.0008879053802660
 7849.7   0.0008868475450513
 7850.6   0.0008873372285022
 7851.5   0.0008894731794446
 7852.4   0.0008909984959244
 7853.3   0.0008908633725746
 7854.2   0.0008900882520567
 7855.1   0.0008892930569194
 7856.0   0.0008888379750205
 7856.9   0.0008889199549619
 7857.8   0.0008890643663977
 7858.7   0.0008890564394967
 7859.6   0.0008888679439679
 7860.5   0.0008886519273370
 7861.4   0.0008885221686575
 7862.3   0.0008878289136958
 7863.2   0.0008867587019921
 7864.1   0.0008862032241190
 7865.0   0.0008860424784630
 7865.9   0.0008859641817281
 7866.8   0.0008859029055252
 7867.7   0.0008858222982073
 7868.6   0.0008856685529313
 7869.5   0.0008854940810398
 7870.4   0.0008853471645659
 7871.3   0.0008846148927799
 7872.2   0.0008830322921440
 7873.1   0.0008816862288611
 7874.0   0.0008816595542102
 7874.9   0.0008823920662054
 7875.8   0.0008825631408536
 7876.7   0.0008823184592676
 7877.6   0.0008827338265919
 7878.5   0.0008835125845621
 7879.4   0.0008833231968280
 7880.3   0.0008818763372226
 7881.2   0.0008804585200437
 7882.1   0.0008805704346170
 7883.0   0.0008818824568359
 7883.9   0.0008826682266248
 7884.8   0.0008826330760234
 7885.7   0.0008828672227237
 7886.6   0.0008832668963855
 7887.5   0.0008831692342200
 7888.4   0.0008829125421779
 7889.3   0.0008829367804221
 7890.2   0.0008830340422390
 7891.1   0.0008827122764022
 7892.0   0.0008814554908426
 7892.9   0.0008790861710199
 7893.8   0.0008765193992997
 7894.7   0.0008753561008423
 7895.6   0.0008760195813116
 7896.5   0.0008770533956142
 7897.4   0.0008772751772641
 7898.3   0.0008773836030859
 7899.2   0.0008780952855187
 7900.1   0.0008786806408310
 7901.0   0.0008783433643481
 7901.9   0.0008778759860298
 7902.8   0.0008783204872889
 7903.7   0.0008790828767234
 7904.6   0.0008794412229778
 7905.5   0.0008796610600776
 7906.4   0.0008795244268419
 7907.3   0.0008778141950930
 7908.2   0.0008746960519320
 7909.1   0.0008728884782965
 7910.0   0.0008736832730852
 7910.9   0.0008739955106269
 7911.8   0.0008705442889232
 7912.7   0.0008662783808279
 7913.6   0.0008673975036841
 7914.5   0.0008729250815911
 7915.4   0.0008765699461619
 7916.3   0.0008758172909161
 7917.2   0.0008722910210199
 7918.1   0.0008698459666929
 7919.0   0.0008714028191987
 7919.9   0.0008749361924218
 7920.8   0.0008771323900994
 7921.7   0.0008774229516276
 7922.6   0.0008766949692901
 7923.5   0.0008761123363479
 7924.4   0.0008761589826715
 7925.3   0.0008764977919174
 7926.2   0.0008768328836411
 7927.1   0.0008768080620320
 7928.0   0.0008765451474298
 7928.9   0.0008765876758827
 7929.8   0.0008760591471854
 7930.7   0.0008736901362029
 7931.6   0.0008702787434592
 7932.5   0.0008685523147525
 7933.4   0.0008705542061284
 7934.3   0.0008738661637345
 7935.2   0.0008727090535216
 7936.1   0.0008646999666939
 7937.0   0.0008568027486853
 7937.9   0.0008579412369720
 7938.8   0.0008651816088585
 7939.7   0.0008700548456814
 7940.6   0.0008706003262796
 7941.5   0.0008694424840008
 7942.4   0.0008673131445285
 7943.3   0.0008627845620401
 7944.2   0.0008570473044475
 7945.1   0.0008530775741984
 7946.0   0.0008542119560530
 7946.9   0.0008614857055688
 7947.8   0.0008690599795720
 7948.7   0.0008722838948160
 7949.6   0.0008724687757695
 7950.5   0.0008718847930807
 7951.4   0.0008718382497039
 7952.3   0.0008726046883778
 7953.2   0.0008733307376038
 7954.1   0.0008732412311099
 7955.0   0.0008723208984592
 7955.9   0.0008708739359069
 7956.8   0.0008698292550012
 7957.7   0.0008699120585168
 7958.6   0.0008705543662678
 7959.5   0.0008712389851397
 7960.4   0.0008720135680466
 7961.3   0.0008725802328016
 7962.2   0.0008726045854311
 7963.1   0.0008728645374541
 7964.0   0.0008740069605950
 7964.9   0.0008748797089627
 7965.8   0.0008746373837138
 7966.7   0.0008734787979306
 7967.6   0.0008714828431516
 7968.5   0.0008698455892214
 7969.4   0.0008700173959356
 7970.3   0.0008713869425197
 7971.2   0.0008724061498201
 7972.1   0.0008725320537150
 7973.0   0.0008721171782475
 7973.9   0.0008716944788257
 7974.8   0.0008718199137410
 7975.7   0.0008720465796430
 7976.6   0.0008714727200529
 7977.5   0.0008705940579654
 7978.4   0.0008702877455820
 7979.3   0.0008702274187770
 7980.2   0.0008695822513936
 7981.1   0.0008692135990241
 7982.0   0.0008706705016585
 7982.9   0.0008728842346020
 7983.8   0.0008735489275554
 7984.7   0.0008723883743451
 7985.6   0.0008701987423834
 7986.5   0.0008673424386027
 7987.4   0.0008654681897784
 7988.3   0.0008665420160575
 7989.2   0.0008693586967717
 7990.1   0.0008711492613137
 7991.0   0.0008712645960074
 7991.9   0.0008707071621458
 7992.8   0.0008699509152017
 7993.7   0.0008682025931494
 7994.6   0.0008660705313071
 7995.5   0.0008661214327637
 7996.4   0.0008677698964528
 7997.3   0.0008662788726847
 7998.2   0.0008601270141493
 7999.1   0.0008559321393226
 8000.0   0.0008590640773503
 8000.9   0.0008651376505894
 8001.8   0.0008682643955247
 8002.7   0.0008684940583214
 8003.6   0.0008687896642411
 8004.5   0.0008700961730888
 8005.4   0.0008709289781112
 8006.3   0.0008704306013778
 8007.2   0.0008692968600808
 8008.1   0.0008682154500567
 8009.0   0.0008675262786500
 8009.9   0.0008674161828029
 8010.8   0.0008674960237393
 8011.7   0.0008672044670590
 8012.6   0.0008669142944409
 8013.5   0.0008669534142120
 8014.4   0.0008666176819306
 8015.3   0.0008655459946565
 8016.2   0.0008643124636276
 8017.1   0.0008635577265694
 8018.0   0.0008637644779914
 8018.9   0.0008648088271798
 8019.8   0.0008657284849573
 8020.7   0.0008658786270965
 8021.6   0.0008657131916433
 8022.5   0.0008654711637961
 8023.4   0.0008644047496842
 8024.3   0.0008624895509239
 8025.2   0.0008609649093174
 8026.1   0.0008605396476650
 8027.0   0.0008607722616024
 8027.9   0.0008612499002817
 8028.8   0.0008623548050456
 8029.7   0.0008639366049844
 8030.6   0.0008647879404248
 8031.5   0.0008642052846055
 8032.4   0.0008627102230364
 8033.3   0.0008615554348451
 8034.2   0.0008612859545269
 8035.1   0.0008622984359719
 8036.0   0.0008649321688442
 8036.9   0.0008676206922731
 8037.8   0.0008684966434291
 8038.7   0.0008678671125156
 8039.6   0.0008669161589212
 8040.5   0.0008662609828244
 8041.4   0.0008660012938876
 8042.3   0.0008653565726068
 8043.2   0.0008630438620670
 8044.1   0.0008583645540744
 8045.0   0.0008512833722040
 8045.9   0.0008440063970229
 8046.8   0.0008412748990384
 8047.7   0.0008446085669736
 8048.6   0.0008505205366669
 8049.5   0.0008549366097784
 8050.4   0.0008575152089382
 8051.3   0.0008597280267993
 8052.2   0.0008606029370491
 8053.1   0.0008592979838415
 8054.0   0.0008577488752203
 8054.9   0.0008575914238607
 8055.8   0.0008584156728631
 8056.7   0.0008592349461051
 8057.6   0.0008596933108620
 8058.5   0.0008597694457149
 8059.4   0.0008592851154958
 8060.3   0.0008585083935838
 8061.2   0.0008581919123476
 8062.1   0.0008585171669360
 8063.0   0.0008590540000058
 8063.9   0.0008595061193256
 8064.8   0.0008599234083229
 8065.7   0.0008600643881999
 8066.6   0.0008594362871026
 8067.5   0.0008581766876647
 8068.4   0.0008569992283077
 8069.3   0.0008561646846288
 8070.2   0.0008553608305246
 8071.1   0.0008544990517067
 8072.0   0.0008539656158802
 8072.9   0.0008537944039696
 8073.8   0.0008529817307591
 8074.7   0.0008516816160495
 8075.6   0.0008522913011142
 8076.5   0.0008549933792007
 8077.4   0.0008569328276436
 8078.3   0.0008571376002000
 8079.2   0.0008566996760953
 8080.1   0.0008557345730398
 8081.0   0.0008544158592812
 8081.9   0.0008539486754179
 8082.8   0.0008537680953516
 8083.7   0.0008508622627378
 8084.6   0.0008457182987970
 8085.5   0.0008444701378888
 8086.4   0.0008487617140445
 8087.3   0.0008528432330431
 8088.2   0.0008534436185832
 8089.1   0.0008526150343781
 8090.0   0.0008526401305120
 8090.9   0.0008524923790255
 8091.8   0.0008500508363271
 8092.7   0.0008466890639247
 8093.6   0.0008462501675450
 8094.5   0.0008488960710128
 8095.4   0.0008506348190158
 8096.3   0.0008496666046803
 8097.2   0.0008479944975505
 8098.1   0.0008476420078233
 8099.0   0.0008489332347954
 8099.9   0.0008509174993971
 8100.8   0.0008522670743086
 8101.7   0.0008526814007267
 8102.6   0.0008523205837499
 8103.5   0.0008510758429620
 8104.4   0.0008495425652656
 8105.3   0.0008487103436081
 8106.2   0.0008489146357463
 8107.1   0.0008497971183027
 8108.0   0.0008503832857506
 8108.9   0.0008498740424141
 8109.8   0.0008490006878043
 8110.7   0.0008489751913218
 8111.6   0.0008495959145675
 8112.5   0.0008501816130357
 8113.4   0.0008500493836339
 8114.3   0.0008486793909471
 8115.2   0.0008473166274111
 8116.1   0.0008472541616011
 8117.0   0.0008479373277797
 8117.9   0.0008484948188340
 8118.8   0.0008490018888499
 8119.7   0.0008500248022338
 8120.6   0.0008510795947997
 8121.5   0.0008510353505673
 8122.4   0.0008498626267616
 8123.3   0.0008483707908578
 8124.2   0.0008471718613808
 8125.1   0.0008467294648111
 8126.0   0.0008474440526305
 8126.9   0.0008487996213314
 8127.8   0.0008496814290146
 8128.7   0.0008494018599134
 8129.6   0.0008478688681802
 8130.5   0.0008460903484099
 8131.4   0.0008455875449655
 8132.3   0.0008463322961874
 8133.2   0.0008472289053278
 8134.1   0.0008476402348512
 8135.0   0.0008472665724057
 8135.9   0.0008468039868313
 8136.8   0.0008474245041835
 8137.7   0.0008489843307070
 8138.6   0.0008500173328740
 8139.5   0.0008494250458128
 8140.4   0.0008477935111474
 8141.3   0.0008461278896639
 8142.2   0.0008449945029614
 8143.1   0.0008447234098105
 8144.0   0.0008446568947611
 8144.9   0.0008438233119186
 8145.8   0.0008424704198336
 8146.7   0.0008415750003002
 8147.6   0.0008412384101290
 8148.5   0.0008404822775703
 8149.4   0.0008392050056042
 8150.3   0.0008389191224347
 8151.2   0.0008401738490589
 8152.1   0.0008415738564472
 8153.0   0.0008421869959478
 8153.9   0.0008422807575747
 8154.8   0.0008422539342229
 8155.7   0.0008429836437784
 8156.6   0.0008449429723857
 8157.5   0.0008468422029586
 8158.4   0.0008471748353985
 8159.3   0.0008460962735682
 8160.2   0.0008445963506241
 8161.1   0.0008425273265182
 8162.0   0.0008401677637612
 8162.9   0.0008389012783285
 8163.8   0.0008389954174269
 8164.7   0.0008395356363015
 8165.6   0.0008397386702014
 8166.5   0.0008398416398446
 8167.4   0.0008400068122116
 8168.3   0.0008399670861984
 8169.2   0.0008399748872756
 8170.1   0.0008401394991546
 8171.0   0.0008405744263645
 8171.9   0.0008417497581550
 8172.8   0.0008431731344592
 8173.7   0.0008438501009548
 8174.6   0.0008439119147686
 8175.5   0.0008437713695558
 8176.4   0.0008428752293951
 8177.3   0.0008405832340323
 8178.2   0.0008378727715036
 8179.1   0.0008363438976411
 8180.0   0.0008357859376072
 8180.9   0.0008338291826691
 8181.8   0.0008275005759747
 8182.7   0.0008190112882370
 8183.6   0.0008182532340053
 8184.5   0.0008274991575970
 8185.4   0.0008364014906375
 8186.3   0.0008387665782043
 8187.2   0.0008369889849548
 8188.1   0.0008358010250277
 8189.0   0.0008375915552541
 8189.9   0.0008404095971534
 8190.8   0.0008416185353438
 8191.7   0.0008404073094475
 8192.6   0.0008350895599269
 8193.5   0.0008223570123825
 8194.4   0.0008074736323686
 8195.3   0.0008059332856610
 8196.2   0.0008188956332645
 8197.1   0.0008307116915041
 8198.0   0.0008337696222456
 8198.9   0.0008327507466626
 8199.8   0.0008327209721701
 8200.7   0.0008331339602802
 8201.6   0.0008329727685215
 8202.5   0.0008335183291894
 8203.4   0.0008347915404775
 8204.3   0.0008358194410603
 8205.2   0.0008364783918718
 8206.1   0.0008364401299904
 8207.0   0.0008351399352111
 8207.9   0.0008337874320361
 8208.8   0.0008341540369089
 8209.7   0.0008356220921096
 8210.6   0.0008358937114328
 8211.5   0.0008328794186817
 8212.4   0.0008275734394081
 8213.3   0.0008248127045420
 8214.2   0.0008266031546987
 8215.1   0.0008299398767213
 8216.0   0.0008326999023986
 8216.9   0.0008342248185299
 8217.8   0.0008327270002752
 8218.7   0.0008256182973026
 8219.6   0.0008146773208907
 8220.5   0.0008097385756090
 8221.4   0.0008162321030227
 8222.3   0.0008262733933297
 8223.2   0.0008324811062050
 8224.1   0.0008353359344153
 8225.0   0.0008366937793837
 8225.9   0.0008368334438297
 8226.8   0.0008353887232293
 8227.7   0.0008321991350125
 8228.6   0.0008285830383436
 8229.5   0.0008266086108773
 8230.4   0.0008264561924707
 8231.3   0.0008261385673816
 8232.2   0.0008257368691001
 8233.1   0.0008277931621226
 8234.0   0.0008312418101571
 8234.9   0.0008326911976776
 8235.8   0.0008316072254228
 8236.7   0.0008294661728962
 8237.6   0.0008279310535966
 8238.5   0.0008281073899684
 8239.4   0.0008298378679146
 8240.3   0.0008319036434781
 8241.2   0.0008332304099616
 8242.1   0.0008338591287395
 8243.0   0.0008338186249063
 8243.9   0.0008332691751383
 8244.8   0.0008329399170646
 8245.7   0.0008325521737892
 8246.6   0.0008310480643432
 8247.5   0.0008285764955047
 8248.4   0.0008273407682781
 8249.3   0.0008286450580509
 8250.2   0.0008302538300425
 8251.1   0.0008301931028890
 8252.0   0.0008294017739747
 8252.9   0.0008289389939453
 8253.8   0.0008288658216717
 8254.7   0.0008291408039226
 8255.6   0.0008291814793337
 8256.5   0.0008283674220612
 8257.4   0.0008276121702692
 8258.3   0.0008283177559658
 8259.2   0.0008300131748188
 8260.1   0.0008308728375087
 8261.0   0.0008307527443868
 8261.9   0.0008307731850391
 8262.8   0.0008306994522775
 8263.7   0.0008300389687030
 8264.6   0.0008292775744206
 8265.5   0.0008284457874273
 8266.4   0.0008274899953348
 8267.3   0.0008272147271207
 8268.2   0.0008279839567958
 8269.1   0.0008289370951494
 8270.0   0.0008290560901725
 8270.9   0.0008282504287807
 8271.8   0.0008269968345709
 8272.7   0.0008259854283477
 8273.6   0.0008259355677973
 8274.5   0.0008265007112278
 8275.4   0.0008265673864167
 8276.3   0.0008267203309956
 8277.2   0.0008277746660203
 8278.1   0.0008285831984830
 8279.0   0.0008287701154947
 8279.9   0.0008287328830810
 8280.8   0.0008280729028018
 8281.7   0.0008269539629621
 8282.6   0.0008263303686455
 8283.5   0.0008265265508661
 8284.4   0.0008267555273511
 8285.3   0.0008264091915527
 8286.2   0.0008258900882037
 8287.1   0.0008253657917623
 8288.0   0.0008245129693131
 8288.9   0.0008236926208493
 8289.8   0.0008236935588087
 8290.7   0.0008242642499261
 8291.6   0.0008241209137120
 8292.5   0.0008228514313846
 8293.4   0.0008218671344765
 8294.3   0.0008225156533491
 8295.2   0.0008240674614633
 8296.1   0.0008251230890419
 8297.0   0.0008249373387602
 8297.9   0.0008237972490793
 8298.8   0.0008233895570083
 8299.7   0.0008244631087627
 8300.6   0.0008252296503834
 8301.5   0.0008243419175419
 8302.4   0.0008228346739388
 8303.3   0.0008221030655874
 8304.2   0.0008222133330125
 8305.1   0.0008221629234127
 8306.0   0.0008216231620793
 8306.9   0.0008212184211489
 8307.8   0.0008210893716583
 8308.7   0.0008206121905202
 8309.6   0.0008197007227299
 8310.5   0.0008196291747274
 8311.4   0.0008212118554330
 8312.3   0.0008230129548607
 8313.2   0.0008232357202241
 8314.1   0.0008223347644424
 8315.0   0.0008219039093491
 8315.9   0.0008223817882375
 8316.8   0.0008231239085975
 8317.7   0.0008235205510490
 8318.6   0.0008234851716770
 8319.5   0.0008229015893368
 8320.4   0.0008215685659776
 8321.3   0.0008199883674330
 8322.2   0.0008188962738222
 8323.1   0.0008181711053630
 8324.0   0.0008171275339946
 8324.9   0.0008128440448793
 8325.8   0.0008012914159757
 8326.7   0.0007885759804715
 8327.6   0.0007899187037037
 8328.5   0.0008047181477876
 8329.4   0.0008160624810677
 8330.3   0.0008158990702342
 8331.2   0.0008094367013751
 8332.1   0.0008058176421270
 8333.0   0.0008081248278571
 8333.9   0.0008115147733579
 8334.8   0.0008130085766887
 8335.7   0.0008140087502758
 8336.6   0.0008146243376218
 8337.5   0.0008134495091266
 8338.4   0.0008111537161719
 8339.3   0.0008102730980959
 8340.2   0.0008121121963188
 8341.1   0.0008146658366071
 8342.0   0.0008156608056633
 8342.9   0.0008155541528136
 8343.8   0.0008150768344131
 8344.7   0.0008133589502880
 8345.6   0.0008106436263843
 8346.5   0.0008096513110669
 8347.4   0.0008112372975075
 8348.3   0.0008132779654986
 8349.2   0.0008148959340679
 8350.1   0.0008166308730406
 8351.0   0.0008180598656629
 8351.9   0.0008183788862526
 8352.8   0.0008175667277760
 8353.7   0.0008163137283697
 8354.6   0.0008154389782593
 8355.5   0.0008150867401797
 8356.4   0.0008148612867618
 8357.3   0.0008141558612047
 8358.2   0.0008127478468456
 8359.1   0.0008114291674026
 8360.0   0.0008108604322737
 8360.9   0.0008110103342038
 8361.8   0.0008115263377113
 8362.7   0.0008115048904683
 8363.6   0.0008103099415996
 8364.5   0.0008086391842163
 8365.4   0.0008084579407153
 8366.3   0.0008111556835990
 8367.2   0.0008145033751716
 8368.1   0.0008153745107066
 8369.0   0.0008143130266010
 8369.9   0.0008136247817152
 8370.8   0.0008138647277500
 8371.7   0.0008140027564863
 8372.6   0.0008136560889706
 8373.5   0.0008132235752905
 8374.4   0.0008129783560935
 8375.3   0.0008126010218801
 8376.2   0.0008113388716501
 8377.1   0.0008096069410107
 8378.0   0.0008094919952270
 8378.9   0.0008115520858413
 8379.8   0.0008132496322609
 8380.7   0.0008122466333569
 8381.6   0.0008088029496442
 8382.5   0.0008059258163012
 8383.4   0.0008067596393528
 8384.3   0.0008102548078871
 8385.2   0.0008112503717468
 8386.1   0.0008035546319981
 8387.0   0.0007882496277843
 8387.9   0.0007801127954583
 8388.8   0.0007887118358872
 8389.7   0.0008024854955162
 8390.6   0.0008093811901911
 8391.5   0.0008108510755566
 8392.4   0.0008114297850831
 8393.3   0.0008120145799075
 8394.2   0.0008123158936534
 8395.1   0.0008123359911499
 8396.0   0.0008118450608992
 8396.9   0.0008113135696227
 8397.8   0.0008116863055473
 8398.7   0.0008127888768512
 8399.6   0.0008137676375110
 8400.5   0.0008138418506909
 8401.4   0.0008129059959555
 8402.3   0.0008120396874799
 8403.2   0.0008121640814890
 8404.1   0.0008128260406338
 8405.0   0.0008134509846969
 8405.9   0.0008143265126273
 8406.8   0.0008153661491415
 8407.7   0.0008160288861063
 8408.6   0.0008162801791625
 8409.5   0.0008157944076887
 8410.4   0.0008134054364721
 8411.3   0.0008090885582891
 8412.2   0.0008056088317697
 8413.1   0.0008057707327172
 8414.0   0.0008088093437822
 8414.9   0.0008118466966090
 8415.8   0.0008130915289051
 8416.7   0.0008128566043848
 8417.6   0.0008122952814231
 8418.5   0.0008118466622934
 8419.4   0.0008114758709188
 8420.3   0.0008114860512101
 8421.2   0.0008119956033869
 8422.1   0.0008124611401019
 8423.0   0.0008121454138087
 8423.9   0.0008107461613633
 8424.8   0.0008080831801709
 8425.7   0.0008045832417698
 8426.6   0.0008035594590576
 8427.5   0.0008071597133631
 8428.4   0.0008115912856822
 8429.3   0.0008132427577046
 8430.2   0.0008131394906596
 8431.1   0.0008131865373317
 8432.0   0.0008129123329009
 8432.9   0.0008096302641725
 8433.8   0.0008012777926870
 8434.7   0.0007910424706029
 8435.6   0.0007877954609677
 8436.5   0.0007939045508410
 8437.4   0.0008007029493834
 8438.3   0.0008023242465648
 8439.2   0.0008013323773501
 8440.1   0.0008021348245151
 8441.0   0.0008053458714134
 8441.9   0.0008087232917243
 8442.8   0.0008104810505635
 8443.7   0.0008104232059194
 8444.6   0.0008090455951720
 8445.5   0.0008064389144221
 8446.4   0.0008044021469696
 8447.3   0.0008052535052871
 8448.2   0.0008075813947557
 8449.1   0.0008086178170431
 8450.0   0.0008085296488572
 8450.9   0.0008090425296461
 8451.8   0.0008100694465154
 8452.7   0.0008105014683387
 8453.6   0.0008099983903697
 8454.5   0.0008088775517341
 8455.4   0.0008077660583771
 8456.3   0.0008069007221765
 8457.2   0.0008063696541256
 8458.1   0.0008060903023564
 8459.0   0.0008056831707734
 8459.9   0.0008056859274590
 8460.8   0.0008065434397054
 8461.7   0.0008071423611137
 8462.6   0.0008066230175556
 8463.5   0.0008055865151985
 8464.4   0.0008046352985179
 8465.3   0.0008028842540956
 8466.2   0.0007977985351473
 8467.1   0.0007871838313530
 8468.0   0.0007764895039543
 8468.9   0.0007771098382900
 8469.8   0.0007879637102991
 8470.7   0.0007970874132024
 8471.6   0.0008002918715077
 8472.5   0.0008013821120767
 8473.4   0.0008028193290017
 8474.3   0.0008040294224836
 8475.2   0.0008046628081815
 8476.1   0.0008049517111229
 8477.0   0.0008049877081755
 8477.9   0.0008051447248709
 8478.8   0.0008052308226830
 8479.7   0.0008041309051179
 8480.6   0.0008019832754368
 8481.5   0.0008004094023990
 8482.4   0.0008002990091501
 8483.3   0.0008011194719992
 8484.2   0.0008018715324414
 8485.1   0.0008020359498655
 8486.0   0.0008016692649230
 8486.9   0.0008012052724095
 8487.8   0.0008010990542239
 8488.7   0.0008013329835922
 8489.6   0.0008013572332749
 8490.5   0.0008008398800209
 8491.4   0.0007996844970260
 8492.3   0.0007977131579626
 8493.2   0.0007953762091786
 8494.1   0.0007919104376653
 8495.0   0.0007805110736194
 8495.9   0.0007457491763592
 8496.8   0.0006815507151045
 8497.7   0.0006240517663040
 8498.6   0.0006293714603746
 8499.5   0.0006907328460168
 8500.4   0.0007473726011071
 8501.3   0.0007726835391330
 8502.2   0.0007800272810112
 8503.1   0.0007833340569635
 8504.0   0.0007870419135166
 8504.9   0.0007912513381529
 8505.8   0.0007950505771188
 8506.7   0.0007974907128781
 8507.6   0.0007986314202395
 8508.5   0.0007989087702661
 8509.4   0.0007984357298756
 8510.3   0.0007967620213517
 8511.2   0.0007935929767340
 8512.1   0.0007875332669929
 8513.0   0.0007765238652971
 8513.9   0.0007650867769807
 8514.8   0.0007640049666080
 8515.7   0.0007746039881783
 8516.6   0.0007862349023783
 8517.5   0.0007921576242893
 8518.4   0.0007939501676970
 8519.3   0.0007940013436783
 8520.2   0.0007932640389392
 8521.1   0.0007931122839674
 8522.0   0.0007944200968073
 8522.9   0.0007959847732674
 8523.8   0.0007961364824851
 8524.7   0.0007945425119508
 8525.6   0.0007920752554379
 8526.5   0.0007904452764125
 8527.4   0.0007908032566340
 8528.3   0.0007918117231551
 8529.2   0.0007911201039031
 8530.1   0.0007886437766363
 8531.0   0.0007862688748111
 8531.9   0.0007851508042997
 8532.8   0.0007847957752188
 8533.7   0.0007836146097783
 8534.6   0.0007802106406402
 8535.5   0.0007742983392296
 8536.4   0.0007665493874414
 8537.3   0.0007558946030394
 8538.2   0.0007373210275621
 8539.1   0.0007004005653865
 8540.0   0.0006330357933227
 8540.9   0.0005385368616890
 8541.8   0.0004655664666309
 8542.7   0.0004759772786356
 8543.6   0.0005582542786849
 8544.5   0.0006474568279712
 8545.4   0.0007064262798178
 8546.3   0.0007389359763596
 8547.2   0.0007578045400760
 8548.1   0.0007689521764016
 8549.0   0.0007753747277393
 8549.9   0.0007790839226004
 8550.8   0.0007817576216950
 8551.7   0.0007843712570709
 8552.6   0.0007866068032902
 8553.5   0.0007870495201388
 8554.4   0.0007847528578559
 8555.3   0.0007801878436508
 8556.2   0.0007763521844068
 8557.1   0.0007773905855598
 8558.0   0.0007829387642586
 8558.9   0.0007881952604533
 8559.8   0.0007904810103789
 8560.7   0.0007905797935203
 8561.6   0.0007899669399829
 8562.5   0.0007892402273222
 8563.4   0.0007883853001836
 8564.3   0.0007877434842893
 8565.2   0.0007876604405646
 8566.1   0.0007876531656598
 8567.0   0.0007871921357255
 8567.9   0.0007865079743947
 8568.8   0.0007862145189186
 8569.7   0.0007866785457477
 8570.6   0.0007876581071046
 8571.5   0.0007883671929912
 8572.4   0.0007884461874765
 8573.3   0.0007883420625418
 8574.2   0.0007884938632677
 8575.1   0.0007891442809362
 8576.0   0.0007902423340209
 8576.9   0.0007910405374914
 8577.8   0.0007910469659450
 8578.7   0.0007906986169655
 8579.6   0.0007898508160307
 8580.5   0.0007870304406714
 8581.4   0.0007824109447500
 8582.3   0.0007797210143820
 8583.2   0.0007811413823529
 8584.1   0.0007836661632310
 8585.0   0.0007846046717053
 8585.9   0.0007848133219232
 8586.8   0.0007856186401591
 8587.7   0.0007869199444758
 8588.6   0.0007876537032707
 8589.5   0.0007872446843303
 8590.4   0.0007862178132151
 8591.3   0.0007850747609551
 8592.2   0.0007839838226358
 8593.1   0.0007835853157040
 8594.0   0.0007840730889205
 8594.9   0.0007839907887003
 8595.8   0.0007821776216238
 8596.7   0.0007788485176619
 8597.6   0.0007751314302154
 8598.5   0.0007736126108204
 8599.4   0.0007759724481021
 8600.3   0.0007797340886213
 8601.2   0.0007813934303520
 8602.1   0.0007807228923100
 8603.0   0.0007797527791786
 8603.9   0.0007800795207758
 8604.8   0.0007815257169465
 8605.7   0.0007829630253798
 8606.6   0.0007840267285602
 8607.5   0.0007846884932500
 8608.4   0.0007845800445511
 8609.3   0.0007829129360588
 8610.2   0.0007778711639412
 8611.1   0.0007703063267249
 8612.0   0.0007674318356822
 8612.9   0.0007726954923964
 8613.8   0.0007794832988604
 8614.7   0.0007829488873572
 8615.6   0.0007842067367000
 8616.5   0.0007851079212523
 8617.4   0.0007858599359404
 8618.3   0.0007852592415600
 8619.2   0.0007830634213538
 8620.1   0.0007798879025284
 8621.0   0.0007768287936184
 8621.9   0.0007764015531004
 8622.8   0.0007792272816915
 8623.7   0.0007824625096413
 8624.6   0.0007840490794470
 8625.5   0.0007842513812810
 8626.4   0.0007840514472226
 8627.3   0.0007838343210543
 8628.2   0.0007834240438756
 8629.1   0.0007831428962573
 8630.0   0.0007830948544331
 8630.9   0.0007826132694611
 8631.8   0.0007819550507154
 8632.7   0.0007820326725771
 8633.6   0.0007825314954132
 8634.5   0.0007828732100456
 8635.4   0.0007829159672691
 8636.3   0.0007824475709217
 8637.2   0.0007817989376638
 8638.1   0.0007814564795270
 8639.0   0.0007813032489849
 8639.9   0.0007810955138493
 8640.8   0.0007807643341027
 8641.7   0.0007801252863326
 8642.6   0.0007794039154652
 8643.5   0.0007790451459852
 8644.4   0.0007788646231115
 8645.3   0.0007781566353237
 8646.2   0.0007760149193624
 8647.1   0.0007718910778043
 8648.0   0.0007677226374195
 8648.9   0.0007675872967376
 8649.8   0.0007714320152971
 8650.7   0.0007746144315558
 8651.6   0.0007748074338653
 8652.5   0.0007733853958690
 8653.4   0.0007723041345457
 8654.3   0.0007718899453899
 8655.2   0.0007706471720291
 8656.1   0.0007670386819823
 8657.0   0.0007608561338721
 8657.9   0.0007504211065002
 8658.8   0.0007289546697017
 8659.7   0.0006822925723784
 8660.6   0.0006016715854478
 8661.5   0.0005147661331084
 8662.4   0.0004882144120258
 8663.3   0.0005474741165603
 8664.2   0.0006350364493373
 8665.1   0.0006978530790272
 8666.0   0.0007321853908708
 8666.9   0.0007501673884758
 8667.8   0.0007597830625359
 8668.7   0.0007649749081615
 8669.6   0.0007683121677951
 8670.5   0.0007704531173749
 8671.4   0.0007712335453705
 8672.3   0.0007696702186569
 8673.2   0.0007638742470921
 8674.1   0.0007557182094749
 8675.0   0.0007538977903707
 8675.9   0.0007612566883006
 8676.8   0.0007690959358413
 8677.7   0.0007719433747615
 8678.6   0.0007715213387745
 8679.5   0.0007703711831876
 8680.4   0.0007699403509713
 8681.3   0.0007702391825563
 8682.2   0.0007706171573275
 8683.1   0.0007710132278524
 8684.0   0.0007715279845602
 8684.9   0.0007715656973922
 8685.8   0.0007691827428422
 8686.7   0.0007605897190798
 8687.6   0.0007443885403897
 8688.5   0.0007309110242913
 8689.4   0.0007334502405938
 8690.3   0.0007459931830720
 8691.2   0.0007549338237481
 8692.1   0.0007591760769642
 8693.0   0.0007621350529864
 8693.9   0.0007637530329942
 8694.8   0.0007635580861347
 8695.7   0.0007628107612437
 8696.6   0.0007629754074384
 8697.5   0.0007641512768397
 8698.4   0.0007656020026682
 8699.3   0.0007675119625819
 8700.2   0.0007704478098972
 8701.1   0.0007729292158712
 8702.0   0.0007733929224214
 8702.9   0.0007727346121676
 8703.8   0.0007722800221253
 8704.7   0.0007720298843607
 8705.6   0.0007717789458990
 8706.5   0.0007716989219461
 8707.4   0.0007716321895646
 8708.3   0.0007708319843513
 8709.2   0.0007689501517819
 8710.1   0.0007672226821690
 8711.0   0.0007666896581295
 8711.9   0.0007662037837089
 8712.8   0.0007655925086886
 8713.7   0.0007667254264115
 8714.6   0.0007692348682214
 8715.5   0.0007707689237378
 8716.4   0.0007702062510297
 8717.3   0.0007685464403192
 8718.2   0.0007681019733757
 8719.1   0.0007695465223981
 8720.0   0.0007711144817162
 8720.9   0.0007717756401639
 8721.8   0.0007718734967844
 8722.7   0.0007715591431147
 8723.6   0.0007708304515884
 8724.5   0.0007701644203270
 8725.4   0.0007696255626375
 8726.3   0.0007683215130737
 8727.2   0.0007659666744294
 8728.1   0.0007642298595379
 8729.0   0.0007650525414617
 8729.9   0.0007676658336816
 8730.8   0.0007696862783524
 8731.7   0.0007705043848644
 8732.6   0.0007708246064998
 8733.5   0.0007703416832198
 8734.4   0.0007679389056981
 8735.3   0.0007639423864127
 8736.2   0.0007617548477019
 8737.1   0.0007633808232419
 8738.0   0.0007661490960990
 8738.9   0.0007676908726229
 8739.8   0.0007676663140999
 8740.7   0.0007656863961394
 8741.6   0.0007624426693621
 8742.5   0.0007610244060806
 8743.4   0.0007632489827501
 8744.3   0.0007664447592114
 8745.2   0.0007676101623582
 8746.1   0.0007666543473887
 8747.0   0.0007646319810450
 8747.9   0.0007618568221931
 8748.8   0.0007577389858630
 8749.7   0.0007522122544072
 8750.6   0.0007475462951787
 8751.5   0.0007468427798559
 8752.4   0.0007509859296519
 8753.3   0.0007575385942635
 8754.2   0.0007622247996894
 8755.1   0.0007626942941356
 8756.0   0.0007588550775089
 8756.9   0.0007539724267762
 8757.8   0.0007542433941032
 8758.7   0.0007596909251802
 8759.6   0.0007644952334239
 8760.5   0.0007662870104501
 8761.4   0.0007658154685070
 8762.3   0.0007634479330949
 8763.2   0.0007600810247927
 8764.1   0.0007586723813146
 8765.0   0.0007607711684744
 8765.9   0.0007635315601846
 8766.8   0.0007648733340189
 8767.7   0.0007658467071313
 8768.6   0.0007667370937116
 8769.5   0.0007663735658033
 8770.4   0.0007647488713787
 8771.3   0.0007631662249887
 8772.2   0.0007622451488335
 8773.1   0.0007617927321119
 8774.0   0.0007620235845157
 8774.9   0.0007629910095927
 8775.8   0.0007638850221869
 8776.7   0.0007640567145158
 8777.6   0.0007635543571741
 8778.5   0.0007628982545564
 8779.4   0.0007626980802889
 8780.3   0.0007631103820873
 8781.2   0.0007639238788719
 8782.1   0.0007645502069971
 8783.0   0.0007643028831107
 8783.9   0.0007637395927219
 8784.8   0.0007641412452493
 8785.7   0.0007651494715613
 8786.6   0.0007652661102473
 8787.5   0.0007642220698993
 8788.4   0.0007624649173021
 8789.3   0.0007597987333214
 8790.2   0.0007573945602991
 8791.1   0.0007567574913947
 8792.0   0.0007555646472154
 8792.9   0.0007525475634631
 8793.8   0.0007517278212414
 8794.7   0.0007545014702074
 8795.6   0.0007573620405596
 8796.5   0.0007587920512110
 8797.4   0.0007596162430207
 8798.3   0.0007601481918384
 8799.2   0.0007601458583783
 8800.1   0.0007593816273406
 8801.0   0.0007583367634184
 8801.9   0.0007575636675203
 8802.8   0.0007561183063622
 8803.7   0.0007517904929449
 8804.6   0.0007421197309263
 8805.5   0.0007243429634189
 8806.4   0.0007061412087839
 8807.3   0.0007070545524931
 8808.2   0.0007271111218907
 8809.1   0.0007460605216956
 8810.0   0.0007546771888986
 8810.9   0.0007570445641713
 8811.8   0.0007577231663766
 8812.7   0.0007582394787244
 8813.6   0.0007586621323921
 8814.5   0.0007586683435136
 8815.4   0.0007581227142146
 8816.3   0.0007573329523789
 8817.2   0.0007569879434499
 8818.1   0.0007569774771954
 8819.0   0.0007564640931112
 8819.9   0.0007556387688870
 8820.8   0.0007548555270132
 8821.7   0.0007519683392026
 8822.6   0.0007430395717203
 8823.5   0.0007295407227643
 8824.4   0.0007242236595555
 8825.3   0.0007343793237196
 8826.2   0.0007483572297326
 8827.1   0.0007554647430981
 8828.0   0.0007568047096447
 8828.9   0.0007560650142530
 8829.8   0.0007552075820763
 8830.7   0.0007548456098080
 8831.6   0.0007546502626000
 8832.5   0.0007544092070278
 8833.4   0.0007543985577568
 8834.3   0.0007545493976463
 8835.2   0.0007541650859297
 8836.1   0.0007521608725324
 8837.0   0.0007471292578290
 8837.9   0.0007404360480046
 8838.8   0.0007385242693647
 8839.7   0.0007439135554492
 8840.6   0.0007507823467026
 8841.5   0.0007547006264457
 8842.4   0.0007558190858672
 8843.3   0.0007555935180640
 8844.2   0.0007550163069848
 8845.1   0.0007540910443278
 8846.0   0.0007530663465332
 8846.9   0.0007527047402979
 8847.8   0.0007531954875321
 8848.7   0.0007538239203467
 8849.6   0.0007539582887536
 8850.5   0.0007537649204112
 8851.4   0.0007538761486728
 8852.3   0.0007543965445756
 8853.2   0.0007546306912759
 8854.1   0.0007540099680302
 8855.0   0.0007528373014171
 8855.9   0.0007518790614793
 8856.8   0.0007514050716910
 8857.7   0.0007511748255292
 8858.6   0.0007508716358644
 8859.5   0.0007497953503015
 8860.4   0.0007464599894638
 8861.3   0.0007395980155741
 8862.2   0.0007322935650450
 8863.1   0.0007311070006185
 8864.0   0.0007360768358236
 8864.9   0.0007396690259657
 8865.8   0.0007375889522402
 8866.7   0.0007339720777513
 8867.6   0.0007353878703105
 8868.5   0.0007416341767845
 8869.4   0.0007475369041459
 8870.3   0.0007507378050684
 8871.2   0.0007519063538109
 8872.1   0.0007518550176902
 8873.0   0.0007513828351895
 8873.9   0.0007512447035064
 8874.8   0.0007515100659539
 8875.7   0.0007516237306223
 8876.6   0.0007512557531260
 8877.5   0.0007507159117228
 8878.4   0.0007505754465797
 8879.3   0.0007510832715385
 8880.2   0.0007514409429197
 8881.1   0.0007509340902359
 8882.0   0.0007501426011822
 8882.9   0.0007496832870273
 8883.8   0.0007496009982455
 8884.7   0.0007499187034044
 8885.6   0.0007503721381551
 8886.5   0.0007505812344757
 8887.4   0.0007503666247839
 8888.3   0.0007497033387696
 8889.2   0.0007490369643524
 8890.1   0.0007487979677155
 8891.0   0.0007483105147779
 8891.9   0.0007469466302659
 8892.8   0.0007462702471353
 8893.7   0.0007477729267651
 8894.6   0.0007500701724130
 8895.5   0.0007512425873784
 8896.4   0.0007512028041726
 8897.3   0.0007507649830147
 8898.2   0.0007501730505479
 8899.1   0.0007494882372210
 8900.0   0.0007491731514855
 8900.9   0.0007492650028779
 8901.8   0.0007491342032923
 8902.7   0.0007485793087843
 8903.6   0.0007483152732062
 8904.5   0.0007487522707899
 8905.4   0.0007492824809511
 8906.3   0.0007494200178307
 8907.2   0.0007494318681473
 8908.1   0.0007495662479927
 8909.0   0.0007493526563300
 8909.9   0.0007474552673604
 8910.8   0.0007428050589870
 8911.7   0.0007377347477382
 8912.6   0.0007374158758493
 8913.5   0.0007417589139495
 8914.4   0.0007455727713562
 8915.3   0.0007471221087481
 8916.2   0.0007474478780703
 8917.1   0.0007470365485469
 8918.0   0.0007462993238775
 8918.9   0.0007456451772484
 8919.8   0.0007455983135927
 8920.7   0.0007461133105096
 8921.6   0.0007460591833877
 8922.5   0.0007452196296327
 8923.4   0.0007446367907970
 8924.3   0.0007446515350616
 8925.2   0.0007439935908407
 8926.1   0.0007404187758250
 8927.0   0.0007350797735165
 8927.9   0.0007338217182801
 8928.8   0.0007379379532160
 8929.7   0.0007424190772452
 8930.6   0.0007448221178531
 8931.5   0.0007461935975487
 8932.4   0.0007468973302035
 8933.3   0.0007468421392983
 8934.2   0.0007465371766614
 8935.1   0.0007464336808458
 8936.0   0.0007470326823239
 8936.9   0.0007481997211804
 8937.8   0.0007487087128693
 8938.7   0.0007480752013475
 8939.6   0.0007469788869193
 8940.5   0.0007457707951801
 8941.4   0.0007445686857919
 8942.3   0.0007435336132510
 8943.2   0.0007427332707754
 8944.1   0.0007417504265606
 8945.0   0.0007405140244607
 8945.9   0.0007402671009229
 8946.8   0.0007412447406068
 8947.7   0.0007422159403985
 8948.6   0.0007428360116481
 8949.5   0.0007436221360314
 8950.4   0.0007441970479661
 8951.3   0.0007440388988563
 8952.2   0.0007436783335271
 8953.1   0.0007433483433875
 8954.0   0.0007426678881404
 8954.9   0.0007415973332808
 8955.8   0.0007402465230082
 8956.7   0.0007390445966364
 8957.6   0.0007389160961952
 8958.5   0.0007399227668672
 8959.4   0.0007409339671969
 8960.3   0.0007413432263464
 8961.2   0.0007416788442425
 8962.1   0.0007422164436938
 8963.0   0.0007419006258924
 8963.9   0.0007397145627519
 8964.8   0.0007370552533275
 8965.7   0.0007359249207124
 8966.6   0.0007359872606985
 8967.5   0.0007363320294183
 8968.4   0.0007374309289542
 8969.3   0.0007395474801505
 8970.2   0.0007416824816949
 8971.1   0.0007423257159668
 8972.0   0.0007403739482276
 8972.9   0.0007366208408515
 8973.8   0.0007331258324566
 8974.7   0.0007306608636496
 8975.6   0.0007301673254142
 8976.5   0.0007326425660207
 8977.4   0.0007359067677659
 8978.3   0.0007375100721403
 8979.2   0.0007378806576214
 8980.1   0.0007379043925702
 8981.0   0.0007371055714191
 8981.9   0.0007359428334497
 8982.8   0.0007361621558157
 8983.7   0.0007377438756848
 8984.6   0.0007390124200527
 8985.5   0.0007392522974564
 8986.4   0.0007385843216450
 8987.3   0.0007367416088467
 8988.2   0.0007340048948927
 8989.1   0.0007319218929036
 8990.0   0.0007315156077718
 8990.9   0.0007317019528570
 8991.8   0.0007309148905143
 8992.7   0.0007295477574600
 8993.6   0.0007299812434151
 8994.5   0.0007334997007956
 8995.4   0.0007377992267294
 8996.3   0.0007399514661379
 8997.2   0.0007382556698134
 8998.1   0.0007306466455573
 8999.0   0.0007192495234633
 8999.9   0.0007131470450600
 9000.8   0.0007162321651862
 9001.7   0.0007225218580030
 9002.6   0.0007277824377527
 9003.5   0.0007316453321357
 9004.4   0.0007332903413889
 9005.3   0.0007335350801676
 9006.2   0.0007342668944125
 9007.1   0.0007343942166851
 9008.0   0.0007320134583329
 9008.9   0.0007281394228221
 9009.8   0.0007251269602357
 9010.7   0.0007233881207245
 9011.6   0.0007212914611311
 9012.5   0.0007173517112680
 9013.4   0.0007113162054554
 9014.3   0.0007061603683209
 9015.2   0.0007074703087274
 9016.1   0.0007150934023748
 9017.0   0.0007221328107352
 9017.9   0.0007252433587127
 9018.8   0.0007267127979755
 9019.7   0.0007282399446200
 9020.6   0.0007292931014761
 9021.5   0.0007300128595109
 9022.4   0.0007307170840224
 9023.3   0.0007303395439154
 9024.2   0.0007293546407652
 9025.1   0.0007299314743730
 9026.0   0.0007310962255236
 9026.9   0.0007303125032315
 9027.8   0.0007289520274014
 9028.7   0.0007292562694109
 9029.6   0.0007301191120121
 9030.5   0.0007304034052260
 9031.4   0.0007307170611454
 9032.3   0.0007310763453592
 9033.2   0.0007311926637664
 9034.1   0.0007314558643319
 9035.0   0.0007317453849538
 9035.9   0.0007316103302352
 9036.8   0.0007313257396195
 9037.7   0.0007312685584101
 9038.6   0.0007312771601844
 9039.5   0.0007310224584464
 9040.4   0.0007303887067155
 9041.3   0.0007298735725363
 9042.2   0.0007301453405604
 9043.1   0.0007308854363007
 9044.0   0.0007313547134149
 9044.9   0.0007315598748812
 9045.8   0.0007316261382831
 9046.7   0.0007313082729848
 9047.6   0.0007306642952085
 9048.5   0.0007302562142275
 9049.4   0.0007303921497129
 9050.3   0.0007304626339321
 9051.2   0.0007299534134727
 9052.1   0.0007293157726417
 9053.0   0.0007288714086450
 9053.9   0.0007284867995267
 9054.8   0.0007283609985784
 9055.7   0.0007286689695486
 9056.6   0.0007291636401984
 9057.5   0.0007295773031819
 9058.4   0.0007294623345211
 9059.3   0.0007280027895864
 9060.2   0.0007239576565503
 9061.1   0.0007176572115158
 9062.0   0.0007137479567725
 9062.9   0.0007160956806514
 9063.8   0.0007215897779823
 9064.7   0.0007255190730294
 9065.6   0.0007270906240457
 9066.5   0.0007274287126643
 9067.4   0.0007272614584849
 9068.3   0.0007265445486440
 9069.2   0.0007251344410341
 9070.1   0.0007232828176212
 9071.0   0.0007219213352005
 9071.9   0.0007213955403117
 9072.8   0.0007206470944448
 9073.7   0.0007198363657844
 9074.6   0.0007201459381487
 9075.5   0.0007210676548615
 9076.4   0.0007214335505455
 9077.3   0.0007204162992336
 9078.2   0.0007182989015862
 9079.1   0.0007171642223298
 9080.0   0.0007181814965187
 9080.9   0.0007203265067765
 9081.8   0.0007218135728134
 9082.7   0.0007219802436278
 9083.6   0.0007220547313323
 9084.5   0.0007229363102449
 9085.4   0.0007228548107217
 9086.3   0.0007180581662928
 9087.2   0.0007064818138789
 9088.1   0.0006940441287497
 9089.0   0.0006926376471537
 9089.9   0.0007033910774347
 9090.8   0.0007150544198660
 9091.7   0.0007210284435822
 9092.6   0.0007216248370755
 9093.5   0.0007171506104796
 9094.4   0.0007108025010923
 9095.3   0.0007096049556774
 9096.2   0.0007145041694010
 9097.1   0.0007196605899005
 9098.0   0.0007219343751242
 9098.9   0.0007219414784511
 9099.8   0.0007204947446694
 9100.7   0.0007184941916016
 9101.6   0.0007177114187074
 9102.5   0.0007188635188444
 9103.4   0.0007206625593368
 9104.3   0.0007219239546238
 9105.2   0.0007221948990737
 9106.1   0.0007211261629403
 9107.0   0.0007192834958961
 9107.9   0.0007180733909757
 9108.8   0.0007178877436408
 9109.7   0.0007175721889255
 9110.6   0.0007158724005542
 9111.5   0.0007142742320795
 9112.4   0.0007160675533072
 9113.3   0.0007202695428992
 9114.2   0.0007228366120212
 9115.1   0.0007226993039122
 9116.0   0.0007208941781221
 9116.9   0.0007175573645912
 9117.8   0.0007123863942821
 9118.7   0.0007079986887239
 9119.6   0.0007087552445082
 9120.5   0.0007136525136818
 9121.4   0.0007182886412252
 9122.3   0.0007209721202626
 9123.2   0.0007221070397281
 9124.1   0.0007225332279014
 9125.0   0.0007227834457357
 9125.9   0.0007226591089193
 9126.8   0.0007216679603320
 9127.7   0.0007201918752835
 9128.6   0.0007192669214667
 9129.5   0.0007188063033194
 9130.4   0.0007180090378083
 9131.3   0.0007170950306644
 9132.2   0.0007171939053140
 9133.1   0.0007184790241114
 9134.0   0.0007196175810293
 9134.9   0.0007200620937269
 9135.8   0.0007199797706296
 9136.7   0.0007187695398854
 9137.6   0.0007168020556065
 9138.5   0.0007158949573345
 9139.4   0.0007161063184839
 9140.3   0.0007156775909570
 9141.2   0.0007148774200594
 9142.1   0.0007151066939461
 9143.0   0.0007158116390851
 9143.9   0.0007157544006831
 9144.8   0.0007148203875510
 9145.7   0.0007137023056010
 9146.6   0.0007134525224307
 9147.5   0.0007146102045701
 9148.4   0.0007164188305503
 9149.3   0.0007177119220027
 9150.2   0.0007178453982043
 9151.1   0.0007169700647289
 9152.0   0.0007156945657349
 9152.9   0.0007141336868667
 9153.8   0.0007125543233347
 9154.7   0.0007116125091254
 9155.6   0.0007107925495716
 9156.5   0.0007093581122093
 9157.4   0.0007088549198549
 9158.3   0.0007106551613929
 9159.2   0.0007127859421200
 9160.1   0.0007134149697381
 9161.0   0.0007134061048777
 9161.9   0.0007134783963846
 9162.8   0.0007133884094725
 9163.7   0.0007136918965391
 9164.6   0.0007146700166412
 9165.5   0.0007152704250584
 9166.4   0.0007145296773219
 9167.3   0.0007119202398864
 9168.2   0.0007082994419819
 9169.1   0.0007060706902491
 9170.0   0.0007061454067242
 9170.9   0.0007074394246975
 9171.8   0.0007081455136894
 9172.7   0.0007073844511244
 9173.6   0.0007062799467090
 9174.5   0.0007057696167122
 9175.4   0.0007050887839936
 9176.3   0.0007041875079331
 9177.2   0.0007045159881868
 9178.1   0.0007060862695263
 9179.0   0.0007079460714878
 9179.9   0.0007093206281479
 9180.8   0.0007089625335411
 9181.7   0.0007075861695934
 9182.6   0.0007073058569877
 9183.5   0.0007083128936927
 9184.4   0.0007093423384770
 9185.3   0.0007093678578365
 9186.2   0.0007081591484167
 9187.1   0.0007062040063112
 9188.0   0.0007046478401172
 9188.9   0.0007046232701557
 9189.8   0.0007061004533030
 9190.7   0.0007074447779294
 9191.6   0.0007070539348125
 9192.5   0.0007054533413696
 9193.4   0.0007045356510191
 9194.3   0.0007048496272173
 9195.2   0.0007052531327865
 9196.1   0.0007045166516215
 9197.0   0.0007026952831194
 9197.9   0.0007014600363110
 9198.8   0.0007021106369959
 9199.7   0.0007041282449114
 9200.6   0.0007056184451054
 9201.5   0.0007055235167485
 9202.4   0.0007046783581141
 9203.3   0.0007037445966296
 9204.2   0.0007024988721281
 9205.1   0.0007015207749030
 9206.0   0.0007017654793661
 9206.9   0.0007029265930644
 9207.8   0.0007033461583290
 9208.7   0.0007010951815333
 9209.6   0.0006967569819311
 9210.5   0.0006929536937257
 9211.4   0.0006896160108666
 9212.3   0.0006859971346350
 9213.2   0.0006857882899621
 9214.1   0.0006903541620569
 9215.0   0.0006953111861089
 9215.9   0.0006979494257618
 9216.8   0.0006975313589445
 9217.7   0.0006952163149446
 9218.6   0.0006949697688782
 9219.5   0.0006981786767715
 9220.4   0.0007022677337611
 9221.3   0.0007047937500004
 9222.2   0.0007045197057089
 9223.1   0.0007009078069804
 9224.0   0.0006954654232416
 9224.9   0.0006917976015420
 9225.8   0.0006904043200090
 9226.7   0.0006851515756520
 9227.6   0.0006726658715757
 9228.5   0.0006617809325202
 9229.4   0.0006633839394929
 9230.3   0.0006752861870528
 9231.2   0.0006871100120540
 9232.1   0.0006942952959821
 9233.0   0.0006982417831391
 9233.9   0.0007001073501195
 9234.8   0.0006995604397051
 9235.7   0.0006963944606134
 9236.6   0.0006920999218785
 9237.5   0.0006898555222373
 9238.4   0.0006919184038528
 9239.3   0.0006958953746911
 9240.2   0.0006981363084579
 9241.1   0.0006984968280330
 9242.0   0.0006991639802702
 9242.9   0.0007012776489570
 9243.8   0.0007031171475285
 9244.7   0.0007027799625538
 9245.6   0.0007005903992233
 9246.5   0.0006979843361540
 9247.4   0.0006965797533539
 9248.3   0.0006968143347183
 9249.2   0.0006983277665659
 9250.1   0.0007007403697845
 9251.0   0.0007020942798987
 9251.9   0.0007009489742483
 9252.8   0.0006987303456141
 9253.7   0.0006959239252609
 9254.6   0.0006903169067660
 9255.5   0.0006842556185078
 9256.4   0.0006846383860228
 9257.3   0.0006902612354426
 9258.2   0.0006949112036068
 9259.1   0.0006985411523350
 9260.0   0.0007021186439666
 9260.9   0.0007035708453654
 9261.8   0.0007019277234696
 9262.7   0.0006988960899076
 9263.6   0.0006980235359949
 9264.5   0.0007009249990903
 9265.4   0.0007044669740876
 9266.3   0.0007053885878537
 9267.2   0.0007042342915191
 9268.1   0.0007029386721516
 9269.0   0.0007020712884542
 9269.9   0.0007013698549439
 9270.8   0.0007010048857808
 9271.7   0.0007014089403994
 9272.6   0.0007025600110687
 9273.5   0.0007041566810959
 9274.4   0.0007055774379769
 9275.3   0.0007062526315004
 9276.2   0.0007060129485518
 9277.1   0.0007041965329329
 9278.0   0.0007006277460223
 9278.9   0.0006973557660771
 9279.8   0.0006964811189134
 9280.7   0.0006973481251393
 9281.6   0.0006985135740402
 9282.5   0.0007003454659896
 9283.4   0.0007029010622664
 9284.3   0.0007043577933228
 9285.2   0.0007030587423965
 9286.1   0.0006993371138538
 9287.0   0.0006958879739625
 9287.9   0.0006950811458407
 9288.8   0.0006961289723420
 9289.7   0.0006967908742942
 9290.6   0.0006964294625139
 9291.5   0.0006965195752498
 9292.4   0.0006981508925831
 9293.3   0.0007001317713801
 9294.2   0.0007005010414303
 9295.1   0.0006985916420046
 9296.0   0.0006958997899635
 9296.9   0.0006950434330087
 9297.8   0.0006964085871974
 9298.7   0.0006976240110340
 9299.6   0.0006972282379109
 9300.5   0.0006960775675901
 9301.4   0.0006947219416965
 9302.3   0.0006932904097207
 9303.2   0.0006926539013042
 9304.1   0.0006925468023518
 9305.0   0.0006919698543588
 9305.9   0.0006916975601623
 9306.8   0.0006929846807023
 9307.7   0.0006949669549999
 9308.6   0.0006948501218589
 9309.5   0.0006910495445851
 9310.4   0.0006865848005302
 9311.3   0.0006866914762570
 9312.2   0.0006913734265499
 9313.1   0.0006954646568601
 9314.0   0.0006962430716745
 9314.9   0.0006944263586539
 9315.8   0.0006896786025004
 9316.7   0.0006807951773493
 9317.6   0.0006716354773934
 9318.5   0.0006699866819869
 9319.4   0.0006758143039631
 9320.3   0.0006811147584270
 9321.2   0.0006832439491984
 9322.1   0.0006849320702695
 9323.0   0.0006858304295050
 9323.9   0.0006834375691884
 9324.8   0.0006784857382289
 9325.7   0.0006736963801433
 9326.6   0.0006715328280290
 9327.5   0.0006746738024952
 9328.4   0.0006809565292474
 9329.3   0.0006860988460399
 9330.2   0.0006896775730327
 9331.1   0.0006910444086853
 9332.0   0.0006890297862261
 9332.9   0.0006847065367820
 9333.8   0.0006796976733140
 9334.7   0.0006747525910868
 9335.6   0.0006725722700882
 9336.5   0.0006753331879708
 9337.4   0.0006792022820368
 9338.3   0.0006800639922235
 9339.2   0.0006786383396519
 9340.1   0.0006776265216416
 9341.0   0.0006796264341518
 9341.9   0.0006830293051910
 9342.8   0.0006810925333640
 9343.7   0.0006711104031320
 9344.6   0.0006590506470198
 9345.5   0.0006533187312206
 9346.4   0.0006571681395771
 9347.3   0.0006672754073227
 9348.2   0.0006779426825989
 9349.1   0.0006853114519798
 9350.0   0.0006896721740468
 9350.9   0.0006931798677709
 9351.8   0.0006952867991638
 9352.7   0.0006941486311559
 9353.6   0.0006894358883414
 9354.5   0.0006823748954757
 9355.4   0.0006781835094005
 9356.3   0.0006811450133377
 9357.2   0.0006851433627878
 9358.1   0.0006813916394738
 9359.0   0.0006722742277617
 9359.9   0.0006680934223264
 9360.8   0.0006723438655298
 9361.7   0.0006785671233668
 9362.6   0.0006829818238547
 9363.5   0.0006869617572722
 9364.4   0.0006895332073510
 9365.3   0.0006888599011849
 9366.2   0.0006854949031171
 9367.1   0.0006812004902061
 9368.0   0.0006788937162631
 9368.9   0.0006807229659121
 9369.8   0.0006833214223592
 9370.7   0.0006819168853131
 9371.6   0.0006768972925044
 9372.5   0.0006733229922225
 9373.4   0.0006770724621462
 9374.3   0.0006853898173459
 9375.2   0.0006904614211486
 9376.1   0.0006915142691645
 9377.0   0.0006910007478179
 9377.9   0.0006894336349511
 9378.8   0.0006870662596784
 9379.7   0.0006842025437306
 9380.6   0.0006803620231115
 9381.5   0.0006761169788941
 9382.4   0.0006742595675853
 9383.3   0.0006767398411448
 9384.2   0.0006813711645058
 9385.1   0.0006848451145677
 9386.0   0.0006863498531328
 9386.9   0.0006858796723748
 9387.8   0.0006851533486241
 9388.7   0.0006871603873382
 9389.6   0.0006901324490382
 9390.5   0.0006906509461451
 9391.4   0.0006899786694466
 9392.3   0.0006898355734417
 9393.2   0.0006902154927629
 9394.1   0.0006913391567153
 9395.0   0.0006926827035217
 9395.9   0.0006928922001907
 9396.8   0.0006923564423427
 9397.7   0.0006921872779289
 9398.6   0.0006917697372839
 9399.5   0.0006900089472344
 9400.4   0.0006877711018706
 9401.3   0.0006872087837569
 9402.2   0.0006882974686858
 9403.1   0.0006883467115557
 9404.0   0.0006846410283231
 9404.9   0.0006781257219491
 9405.8   0.0006748864333214
 9406.7   0.0006787839978874
 9407.6   0.0006857313718389
 9408.5   0.0006903402299278
 9409.4   0.0006903224086988
 9410.3   0.0006859011310563
 9411.2   0.0006789323784930
 9412.1   0.0006691689643849
 9413.0   0.0006579053642465
 9413.9   0.0006530832004582
 9414.8   0.0006594652479627
 9415.7   0.0006715193534412
 9416.6   0.0006804375860378
 9417.5   0.0006831725613353
 9418.4   0.0006834317012228
 9419.3   0.0006847985483139
 9420.2   0.0006866554677659
 9421.1   0.0006875805359679
 9422.0   0.0006880952240445
 9422.9   0.0006881371005013
 9423.8   0.0006874340999123
 9424.7   0.0006869021053405
 9425.6   0.0006872780097378
 9426.5   0.0006877841074787
 9427.4   0.0006864300944178
 9428.3   0.0006823028670550
 9429.2   0.0006765056944445
 9430.1   0.0006710883496470
 9431.0   0.0006678362841817
 9431.9   0.0006674782353290
 9432.8   0.0006707917943293
 9433.7   0.0006764929290455
 9434.6   0.0006815870438744
 9435.5   0.0006850136841780
 9436.4   0.0006858980083377
 9437.3   0.0006829122089638
 9438.2   0.0006775948826688
 9439.1   0.0006747954055030
 9440.0   0.0006758722401154
 9440.9   0.0006756593576415
 9441.8   0.0006735870621162
 9442.7   0.0006753528508031
 9443.6   0.0006785190586655
 9444.5   0.0006766508608233
 9445.4   0.0006732157560078
 9446.3   0.0006729010019896
 9447.2   0.0006747944332280
 9448.1   0.0006776124751273
 9449.0   0.0006802392190580
 9449.9   0.0006819726367063
 9450.8   0.0006828867696740
 9451.7   0.0006830032939747
 9452.6   0.0006825740402755
 9453.5   0.0006814438792383
 9454.4   0.0006789876609064
 9455.3   0.0006757101447128
 9456.2   0.0006734357418085
 9457.1   0.0006725100788030
 9458.0   0.0006716704792939
 9458.9   0.0006713797805034
 9459.8   0.0006721899944300
 9460.7   0.0006717180521384
 9461.6   0.0006685484927869
 9462.5   0.0006661529215388
 9463.4   0.0006680845345889
 9464.3   0.0006726901670125
 9465.2   0.0006763521665006
 9466.1   0.0006786826982695
 9467.0   0.0006807497549483
 9467.9   0.0006814094607028
 9468.8   0.0006793221006340
 9469.7   0.0006763542483130
 9470.6   0.0006753793767532
 9471.5   0.0006769577565717
 9472.4   0.0006794203461645
 9473.3   0.0006808429446488
 9474.2   0.0006805984918333
 9475.1   0.0006783450214381
 9476.0   0.0006746780690667
 9476.9   0.0006722083075158
 9477.8   0.0006728139776566
 9478.7   0.0006752956695938
 9479.6   0.0006773381448726
 9480.5   0.0006771232377790
 9481.4   0.0006738055837851
 9482.3   0.0006695692786043
 9483.2   0.0006683114864542
 9484.1   0.0006710408568722
 9485.0   0.0006747393681467
 9485.9   0.0006765115738487
 9486.8   0.0006763826730590
 9487.7   0.0006760558399535
 9488.6   0.0006772775892970
 9489.5   0.0006803520258366
 9490.4   0.0006834730629457
 9491.3   0.0006847391480298
 9492.2   0.0006836882903181
 9493.1   0.0006802422273913
 9494.0   0.0006747601176393
 9494.9   0.0006694047811106
 9495.8   0.0006673392343177
 9496.7   0.0006679255047123
 9497.6   0.0006655672459477
 9498.5   0.0006561813605081
 9499.4   0.0006445588879429
 9500.3   0.0006409928691565
 9501.2   0.0006462843214976
 9502.1   0.0006529915549592
 9503.0   0.0006593314972364
 9503.9   0.0006662606267332
 9504.8   0.0006713601519866
 9505.7   0.0006740003476281
 9506.6   0.0006763781891554
 9507.5   0.0006790203751010
 9508.4   0.0006803323515658
 9509.3   0.0006790955376788
 9510.2   0.0006767673965626
 9511.1   0.0006762085672004
 9512.0   0.0006776966283893
 9512.9   0.0006795561672646
 9513.8   0.0006810709717358
 9514.7   0.0006817351270782
 9515.6   0.0006806651670222
 9516.5   0.0006770440259617
 9517.4   0.0006712855041427
 9518.3   0.0006663288461236
 9519.2   0.0006651305686428
 9520.1   0.0006668779756127
 9521.0   0.0006688480449993
 9521.9   0.0006693205820944
 9522.8   0.0006676619266754
 9523.7   0.0006659614176767
 9524.6   0.0006666960000458
 9525.5   0.0006674976808293
 9526.4   0.0006662156046808
 9527.3   0.0006659494529748
 9528.2   0.0006677136517061
 9529.1   0.0006687500053623
 9530.0   0.0006697758355713
 9530.9   0.0006726880623231
 9531.8   0.0006753518213355
 9532.7   0.0006758143497172
 9533.6   0.0006748349484998
 9534.5   0.0006728977877628
 9535.4   0.0006703382795089
 9536.3   0.0006681702434910
 9537.2   0.0006673600066874
 9538.1   0.0006683787106924
 9539.0   0.0006702545151568
 9539.9   0.0006718285254570
 9540.8   0.0006730009861766
 9541.7   0.0006725960622297
 9542.6   0.0006687497308376
 9543.5   0.0006596213724528
 9544.4   0.0006437205695492
 9545.3   0.0006262773038100
 9546.2   0.0006217621387168
 9547.1   0.0006351264820036
 9548.0   0.0006526183043008
 9548.9   0.0006634156242198
 9549.8   0.0006680659241013
 9550.7   0.0006702274401573
 9551.6   0.0006715976158605
 9552.5   0.0006715505463113
 9553.4   0.0006696407007830
 9554.3   0.0006660510156788
 9555.2   0.0006627821698907
 9556.1   0.0006623953073820
 9557.0   0.0006641881596299
 9557.9   0.0006660634379220
 9558.8   0.0006676063926143
 9559.7   0.0006686401382858
 9560.6   0.0006687104738041
 9561.5   0.0006688440186369
 9562.4   0.0006696545185267
 9563.3   0.0006696423822468
 9564.2   0.0006685057584404
 9565.1   0.0006671610220270
 9566.0   0.0006653245089117
 9566.9   0.0006625302934695
 9567.8   0.0006592115413768
 9568.7   0.0006564490678542
 9569.6   0.0006558542986321
 9570.5   0.0006581873926316
 9571.4   0.0006622541330501
 9572.3   0.0006659594616882
 9573.2   0.0006682822038185
 9574.1   0.0006696905041407
 9575.0   0.0006707390398309
 9575.9   0.0006715624652592
 9576.8   0.0006718735475094
 9577.7   0.0006714029320872
 9578.6   0.0006708052346016
 9579.5   0.0006704766399626
 9580.4   0.0006689231847000
 9581.3   0.0006648969709919
 9582.2   0.0006604971977850
 9583.1   0.0006587220523808
 9584.0   0.0006599185568896
 9584.9   0.0006620263118566
 9585.8   0.0006632400313523
 9586.7   0.0006634524791620
 9587.6   0.0006630422134219
 9588.5   0.0006625642773409
 9589.4   0.0006620619543147
 9590.3   0.0006607847281028
 9591.2   0.0006592203147290
 9592.1   0.0006585607576754
 9593.0   0.0006586381278894
 9593.9   0.0006588491230059
 9594.8   0.0006589434108051
 9595.7   0.0006587812810870
 9596.6   0.0006589609460709
 9597.5   0.0006597033295172
 9598.4   0.0006595904769844
 9599.3   0.0006588990865030
 9600.2   0.0006601983318844
 9601.1   0.0006629214797423
 9602.0   0.0006638322612209
 9602.9   0.0006629703222636
 9603.8   0.0006626557512618
 9604.7   0.0006623507199938
 9605.6   0.0006609239578848
 9606.5   0.0006601332809667
 9607.4   0.0006608915982846
 9608.3   0.0006617196791944
 9609.2   0.0006624419079515
 9610.1   0.0006637201865081
 9611.0   0.0006647710213428
 9611.9   0.0006652702216503
 9612.8   0.0006660162425489
 9613.7   0.0006667806222875
 9614.6   0.0006661448573754
 9615.5   0.0006635841137604
 9616.4   0.0006605810879609
 9617.3   0.0006591684753130
 9618.2   0.0006592947795565
 9619.1   0.0006582257803369
 9620.0   0.0006549822136990
 9620.9   0.0006530314296733
 9621.8   0.0006546964563533
 9622.7   0.0006575729720157
 9623.6   0.0006587703916068
 9624.5   0.0006578889270795
 9625.4   0.0006561020343055
 9626.3   0.0006547255330955
 9627.2   0.0006548607136379
 9628.1   0.0006569440816599
 9629.0   0.0006598838867064
 9629.9   0.0006618151909163
 9630.8   0.0006620775450305
 9631.7   0.0006612295382023
 9632.6   0.0006594971157061
 9633.5   0.0006573244470837
 9634.4   0.0006563063950748
 9635.3   0.0006568026213647
 9636.2   0.0006558874703678
 9637.1   0.0006506331474937
 9638.0   0.0006443070458374
 9638.9   0.0006446129349952
 9639.8   0.0006518322714257
 9640.7   0.0006579964606960
 9641.6   0.0006586545764949
 9642.5   0.0006562249984984
 9643.4   0.0006542557984401
 9644.3   0.0006536608919556
 9645.2   0.0006533970393940
 9646.1   0.0006519344174948
 9647.0   0.0006494543155132
 9647.9   0.0006487295817181
 9648.8   0.0006509254934325
 9649.7   0.0006541494887463
 9650.6   0.0006566203712730
 9651.5   0.0006574309283555
 9652.4   0.0006565828300190
 9653.3   0.0006554444218019
 9654.2   0.0006554171637860
 9655.1   0.0006559535393146
 9656.0   0.0006554374214219
 9656.9   0.0006534088782721
 9657.8   0.0006510725929228
 9658.7   0.0006509114126026
 9659.6   0.0006532013147145
 9660.5   0.0006548618346138
 9661.4   0.0006547675124990
 9662.3   0.0006542300617486
 9663.2   0.0006532351613235
 9664.1   0.0006520946141015
 9665.0   0.0006527329641212
 9665.9   0.0006548279536892
 9666.8   0.0006559939973937
 9667.7   0.0006552475875851
 9668.6   0.0006533403386029
 9669.5   0.0006517280435443
 9670.4   0.0006513964405720
 9671.3   0.0006523084116577
 9672.2   0.0006537932357428
 9673.1   0.0006541348703055
 9674.0   0.0006513114866129
 9674.9   0.0006466224329932
 9675.8   0.0006454185963870
 9676.7   0.0006493884410214
 9677.6   0.0006534848072314
 9678.5   0.0006547067739070
 9679.4   0.0006543147983756
 9680.3   0.0006531689779914
 9681.2   0.0006517645896463
 9682.1   0.0006511673039477
 9683.0   0.0006514499156978
 9683.9   0.0006515287042895
 9684.8   0.0006511934981804
 9685.7   0.0006508197671037
 9686.6   0.0006505315504741
 9687.5   0.0006504101533597
 9688.4   0.0006500039025435
 9689.3   0.0006491775374132
 9690.2   0.0006486167635009
 9691.1   0.0006483764857488
 9692.0   0.0006479508580634
 9692.9   0.0006475026964748
 9693.8   0.0006473925205580
 9694.7   0.0006477130167181
 9695.6   0.0006486701242414
 9696.5   0.0006500151580566
 9697.4   0.0006509082098143
 9698.3   0.0006511101112998
 9699.2   0.0006508496331044
 9700.1   0.0006503149276011
 9701.0   0.0006495968739072
 9701.9   0.0006487669170786
 9702.8   0.0006484145646137
 9703.7   0.0006476051742613
 9704.6   0.0006443061650706
 9705.5   0.0006406072877632
 9706.4   0.0006406377371289
 9707.3   0.0006436467567179
 9708.2   0.0006462724139883
 9709.1   0.0006473410242979
 9710.0   0.0006476234759086
 9710.9   0.0006484070838154
 9711.8   0.0006496554734942
 9712.7   0.0006503802301664
 9713.6   0.0006498721078058
 9714.5   0.0006481766203216
 9715.4   0.0006464936008346
 9716.3   0.0006457080255007
 9717.2   0.0006460775128829
 9718.1   0.0006471539357082
 9719.0   0.0006480529698169
 9719.9   0.0006487904003798
 9720.8   0.0006488885544021
 9721.7   0.0006479635548313
 9722.6   0.0006473752598169
 9723.5   0.0006478672652893
 9724.4   0.0006482922638555
 9725.3   0.0006477736523633
 9726.2   0.0006463086512500
 9727.1   0.0006437051504113
 9728.0   0.0006412193406035
 9728.9   0.0006415642694627
 9729.8   0.0006444811516960
 9730.7   0.0006469703015545
 9731.6   0.0006477904898788
 9732.5   0.0006475706985331
 9733.4   0.0006468092813737
 9734.3   0.0006458281872539
 9735.2   0.0006448100208597
 9736.1   0.0006431386343573
 9737.0   0.0006404412803835
 9737.9   0.0006381474891715
 9738.8   0.0006384748598879
 9739.7   0.0006410916637364
 9740.6   0.0006430769578058
 9741.5   0.0006428759714027
 9742.4   0.0006409383073704
 9743.3   0.0006389564448599
 9744.2   0.0006389877406768
 9745.1   0.0006405078183100
 9746.0   0.0006407673127919
 9746.9   0.0006393353118363
 9747.8   0.0006387761507568
 9748.7   0.0006402275743355
 9749.6   0.0006420112757598
 9750.5   0.0006433565383456
 9751.4   0.0006449297136331
 9752.3   0.0006461773026149
 9753.2   0.0006461231640544
 9754.1   0.0006452953805464
 9755.0   0.0006446929703866
 9755.9   0.0006443990688078
 9756.8   0.0006439542930239
 9757.7   0.0006430505805566
 9758.6   0.0006419642519647
 9759.5   0.0006414723837546
 9760.4   0.0006421012054793
 9761.3   0.0006430971124949
 9762.2   0.0006429923813182
 9763.1   0.0006412601761540
 9764.0   0.0006394384759345
 9764.9   0.0006396116438337
 9765.8   0.0006413834263102
 9766.7   0.0006429785864515
 9767.6   0.0006435974337784
 9768.5   0.0006429446140187
 9769.4   0.0006408981352546
 9770.3   0.0006387717812385
 9771.2   0.0006387957792735
 9772.1   0.0006410169358227
 9773.0   0.0006434265421466
 9773.9   0.0006449677353054
 9774.8   0.0006456403322827
 9775.7   0.0006454038978765
 9776.6   0.0006445023816069
 9777.5   0.0006435583483228
 9778.4   0.0006428604264410
 9779.3   0.0006418256169863
 9780.2   0.0006402659391637
 9781.1   0.0006387903802876
 9782.0   0.0006374198271129
 9782.9   0.0006362564600243
 9783.8   0.0006370215603903
 9784.7   0.0006400538573869
 9785.6   0.0006423233760391
 9786.5   0.0006416926555186
 9787.4   0.0006400844783306
 9788.3   0.0006409677844611
 9789.2   0.0006441557140911
 9790.1   0.0006469125255416
 9791.0   0.0006477561170975
 9791.9   0.0006466477007050
 9792.8   0.0006446680229536
 9793.7   0.0006428246695976
 9794.6   0.0006415492392348
 9795.5   0.0006412620291958
 9796.4   0.0006419107997160
 9797.3   0.0006427762045478
 9798.2   0.0006431764844516
 9799.1   0.0006427062007468
 9800.0   0.0006411619878162
 9800.9   0.0006392339435873
 9801.8   0.0006381996717435
 9802.7   0.0006385344431884
 9803.6   0.0006396343378764
 9804.5   0.0006405898897597
 9805.4   0.0006412682975100
 9806.3   0.0006418595665421
 9807.2   0.0006419278774407
 9808.1   0.0006414893470940
 9809.0   0.0006413628598340
 9809.9   0.0006414720634758
 9810.8   0.0006408842374411
 9811.7   0.0006395556636700
 9812.6   0.0006380939911687
 9813.5   0.0006368101306097
 9814.4   0.0006359764791360
 9815.3   0.0006358667721989
 9816.2   0.0006364938209514
 9817.1   0.0006374108707442
 9818.0   0.0006381883704762
 9818.9   0.0006387892707502
 9819.8   0.0006393237017288
 9820.7   0.0006400047403410
 9821.6   0.0006407391968862
 9822.5   0.0006409698319579
 9823.4   0.0006403042353607
 9824.3   0.0006392579644994
 9825.2   0.0006390540727098
 9826.1   0.0006396689966210
 9827.0   0.0006402283635941
 9827.9   0.0006408160066123
 9828.8   0.0006412767848990
 9829.7   0.0006414664929119
 9830.6   0.0006410399043901
 9831.5   0.0006391328727400
 9832.4   0.0006368146145133
 9833.3   0.0006359704853465
 9834.2   0.0006366659250674
 9835.1   0.0006375760659883
 9836.0   0.0006377823941847
 9836.9   0.0006377977790070
 9837.8   0.0006384667385319
 9838.7   0.0006396010288783
 9839.6   0.0006403236236683
 9840.5   0.0006406541514188
 9841.4   0.0006415172342291
 9842.3   0.0006424506068036
 9843.2   0.0006424451506250
 9844.1   0.0006417284123620
 9845.0   0.0006405487911229
 9845.9   0.0006390092451124
 9846.8   0.0006372489812352
 9847.7   0.0006350911369472
 9848.6   0.0006328215954179
 9849.5   0.0006311928059997
 9850.4   0.0006305604840850
 9851.3   0.0006305496289204
 9852.2   0.0006310298069533
 9853.1   0.0006325378855690
 9854.0   0.0006347826855588
 9854.9   0.0006370970089313
 9855.8   0.0006389972804104
 9856.7   0.0006400093157528
 9857.6   0.0006402402596648
 9858.5   0.0006399216279851
 9859.4   0.0006392563173511
 9860.3   0.0006385352095699
 9861.2   0.0006376720123743
 9862.1   0.0006367019907511
 9863.0   0.0006359816264743
 9863.9   0.0006354041523089
 9864.8   0.0006349593994021
 9865.7   0.0006346343621458
 9866.6   0.0006334379148298
 9867.5   0.0006310676684861
 9868.4   0.0006297250939548
 9869.3   0.0006309588995085
 9870.2   0.0006332936635333
 9871.1   0.0006344833735555
 9872.0   0.0006337617167249
 9872.9   0.0006322949540779
 9873.8   0.0006322013869061
 9874.7   0.0006341143322759
 9875.6   0.0006359925045159
 9876.5   0.0006364260819793
 9877.4   0.0006371131830121
 9878.3   0.0006392993033452
 9879.2   0.0006412649117053
 9880.1   0.0006408333016690
 9881.0   0.0006382068322630
 9881.9   0.0006355065271486
 9882.8   0.0006341410641196
 9883.7   0.0006334919161279
 9884.6   0.0006323073076899
 9885.5   0.0006306635681135
 9886.4   0.0006299795554836
 9887.3   0.0006306207994514
 9888.2   0.0006308235245110
 9889.1   0.0006294222360073
 9890.0   0.0006279670834679
 9890.9   0.0006287543288271
 9891.8   0.0006312776455735
 9892.7   0.0006329151854669
 9893.6   0.0006330662884425
 9894.5   0.0006329709940527
 9895.4   0.0006325806542310
 9896.3   0.0006313635832461
 9897.2   0.0006304499192581
 9898.1   0.0006307404235936
 9899.0   0.0006317503771236
 9899.9   0.0006333994356163
 9900.8   0.0006355551294607
 9901.7   0.0006370164702446
 9902.6   0.0006373466662777
 9903.5   0.0006370628763591
 9904.4   0.0006365113447788
 9905.3   0.0006363312680077
 9906.2   0.0006365441504816
 9907.1   0.0006361781175353
 9908.0   0.0006346580170250
 9908.9   0.0006319500366573
 9909.8   0.0006292373092998
 9910.7   0.0006283250293738
 9911.6   0.0006286618826312
 9912.5   0.0006280930559941
 9913.4   0.0006264391475649
 9914.3   0.0006251975294955
 9915.2   0.0006254787686221
 9916.1   0.0006270735856076
 9917.0   0.0006284105552594
 9917.9   0.0006286007780062
 9918.8   0.0006287066415974
 9919.7   0.0006297867018751
 9920.6   0.0006314333925921
 9921.5   0.0006325517490668
 9922.4   0.0006326180124686
 9923.3   0.0006322907561376
 9924.2   0.0006320474014210
 9925.1   0.0006313740723778
 9926.0   0.0006302367965752
 9926.9   0.0006293020056230
 9927.8   0.0006287639028764
 9928.7   0.0006282965245581
 9929.6   0.0006275006545476
 9930.5   0.0006262943357805
 9931.4   0.0006254064885537
 9932.3   0.0006250939879259
 9933.2   0.0006245861972826
 9934.1   0.0006238919471688
 9935.0   0.0006238245856682
 9935.9   0.0006241698004906
 9936.8   0.0006242752866103
 9937.7   0.0006244107302390
 9938.6   0.0006249964744613
 9939.5   0.0006257383202966
 9940.4   0.0006262821880621
 9941.3   0.0006268553956560
 9942.2   0.0006273204290757
 9943.1   0.0006269945453682
 9944.0   0.0006258756284056
 9944.9   0.0006250715340923
 9945.8   0.0006255915982778
 9946.7   0.0006269689573776
 9947.6   0.0006280392605895
 9948.5   0.0006289632764468
 9949.4   0.0006307442097469
 9950.3   0.0006330715044120
 9951.2   0.0006342802939015
 9952.1   0.0006334845611533
 9953.0   0.0006317252924282
 9953.9   0.0006302527190083
 9954.8   0.0006291723155747
 9955.7   0.0006283240799759
 9956.6   0.0006279909785562
 9957.5   0.0006282173928106
 9958.4   0.0006283086265224
 9959.3   0.0006277627570142
 9960.2   0.0006271711333877
 9961.1   0.0006269839990440
 9962.0   0.0006268976495842
 9962.9   0.0006268452611188
 9963.8   0.0006268230131788
 9964.7   0.0006268664452756
 9965.6   0.0006273537266353
 9966.5   0.0006282948774099
 9967.4   0.0006289831794883
 9968.3   0.0006289766252108
 9969.2   0.0006286437868774
 9970.1   0.0006287923390609
 9971.0   0.0006300307200264
 9971.9   0.0006317072881827
 9972.8   0.0006324315186825
 9973.7   0.0006317520471489
 9974.6   0.0006301295603604
 9975.5   0.0006281600285848
 9976.4   0.0006261897418661
 9977.3   0.0006242590324598
 9978.2   0.0006229558636628
 9979.1   0.0006231540247491
 9980.0   0.0006247217438580
 9980.9   0.0006268625561755
 9981.8   0.0006287571198284
 9982.7   0.0006299048847626
 9983.6   0.0006303232604202
 9984.5   0.0006299084078297
 9985.4   0.0006284807191998
 9986.3   0.0006265561179683
 9987.2   0.0006254358970133
 9988.1   0.0006256781765081
 9989.0   0.0006262279351164
 9989.9   0.0006260923199098
 9990.8   0.0006254569896618
 9991.7   0.0006249292502230
 9992.6   0.0006246428980737
 9993.5   0.0006242563901595
 9994.4   0.0006237266375395
 9995.3   0.0006234784328863
 9996.2   0.0006238711747991
 9997.1   0.0006249583384037
 9998.0   0.0006264779928113
 9998.9   0.0006279843899632
 9999.8   0.0006286978568067
10000.7   0.0006279035424362
10001.6   0.0006261143276407
10002.5   0.0006242409023904
10003.4   0.0006228674438292
10004.3   0.0006226016810332
10005.2   0.0006232043542792
10006.1   0.0006235663494246
10007.0   0.0006229075015598
10007.9   0.0006215969663498
10008.8   0.0006212868906902
10009.7   0.0006229100523519
10010.6   0.0006251366650797
10011.5   0.0006266348951214
10012.4   0.0006274187203603
10013.3   0.0006275629373411
10014.2   0.0006269789432139
10015.1   0.0006255319005920
10016.0   0.0006232879699304
10016.9   0.0006213969522217
10017.8   0.0006211196593878
10018.7   0.0006219656301579
10019.6   0.0006227437246934
10020.5   0.0006233516367860
10021.4   0.0006239155105397
10022.3   0.0006243588450689
10023.2   0.0006247918391672
10024.1   0.0006251412061759
10025.0   0.0006251508145408
10025.9   0.0006249165305781
10026.8   0.0006247684702513
10027.7   0.0006244893129371
10028.6   0.0006241525168724
10029.5   0.0006245125217136
10030.4   0.0006251205024374
10031.3   0.0006247534514620
10032.2   0.0006235695865284
10033.1   0.0006220480790790
10034.0   0.0006196393992760
10034.9   0.0006154291053115
10035.8   0.0006102311972653
10036.7   0.0006079640578272
10037.6   0.0006112984578284
10038.5   0.0006175871554930
10039.4   0.0006225194723212
10040.3   0.0006243766205438
10041.2   0.0006238929080053
10042.1   0.0006227607337869
10043.0   0.0006219383149492
10043.9   0.0006209719994096
10044.8   0.0006193455091358
10045.7   0.0006167973936573
10046.6   0.0006115744695469
10047.5   0.0006003694461184
10048.4   0.0005848290712816
10049.3   0.0005757644941377
10050.2   0.0005816035203279
10051.1   0.0005965920204285
10052.0   0.0006094646670831
10052.9   0.0006163763871379
10053.8   0.0006189505710253
10054.7   0.0006190149241926
10055.6   0.0006180388058331
10056.5   0.0006169412102896
10057.4   0.0006161402615720
10058.3   0.0006159174504545
10059.2   0.0006162937323232
10060.1   0.0006170136276203
10061.0   0.0006180778569731
10061.9   0.0006190019986542
10062.8   0.0006185598651707
10063.7   0.0006167598638418
10064.6   0.0006153165844961
10065.5   0.0006152733011002
10066.4   0.0006160559939246
10067.3   0.0006170260269864
10068.2   0.0006179000335924
10069.1   0.0006185515264826
10070.0   0.0006191987070473
10070.9   0.0006197650172078
10071.8   0.0006199721804169
10072.7   0.0006205472067369
10073.6   0.0006221719240387
10074.5   0.0006237729063916
10075.4   0.0006240170618053
10076.3   0.0006232154725300
10077.2   0.0006224855570810
10078.1   0.0006217903690078
10079.0   0.0006205961750820
10079.9   0.0006194337573914
10080.8   0.0006187989876314
10081.7   0.0006182193630224
10082.6   0.0006170786442224
10083.5   0.0006154113870292
10084.4   0.0006142602820443
10085.3   0.0006143990886007
10086.2   0.0006153264788242
10087.1   0.0006165529522804
10088.0   0.0006178233496901
10088.9   0.0006186335636167
10089.8   0.0006186692403905
10090.7   0.0006184150533863
10091.6   0.0006188553567051
10092.5   0.0006197195833683
10093.4   0.0006196776840345
10094.3   0.0006187392899456
10095.2   0.0006179726568166
10096.1   0.0006175371691188
10097.0   0.0006171641815466
10097.9   0.0006173276152571
10098.8   0.0006182881657778
10099.7   0.0006189514289150
10100.6   0.0006182923751567
10101.5   0.0006170024636155
10102.4   0.0006164995343473
10103.3   0.0006167783256285
10104.2   0.0006169209412152
10105.1   0.0006167658004386
10106.0   0.0006166094243009
10106.9   0.0006167563293362
10107.8   0.0006171759632320
10108.7   0.0006174541940253
10109.6   0.0006171809847465
10110.5   0.0006156990660479
10111.4   0.0006132697854532
10112.3   0.0006116280476194
10113.2   0.0006118527918484
10114.1   0.0006134443602915
10115.0   0.0006151246802855
10115.9   0.0006160778987088
10116.8   0.0006162066507976
10117.7   0.0006157176079043
10118.6   0.0006153413603512
10119.5   0.0006153126496419
10120.4   0.0006146700788047
10121.3   0.0006129027916704
10122.2   0.0006109881533982
10123.1   0.0006099161801609
10124.0   0.0006097895442000
10124.9   0.0006099654459077
10125.8   0.0006097247334914
10126.7   0.0006095203040909
10127.6   0.0006102279944770
10128.5   0.0006115427962585
10129.4   0.0006123022574294
10130.3   0.0006118878852572
10131.2   0.0006111271658480
10132.1   0.0006107870754868
10133.0   0.0006102142796800
10133.9   0.0006090442096131
10134.8   0.0006079433312116
10135.7   0.0006075437833737
10136.6   0.0006079947702791
10137.5   0.0006090952483321
10138.4   0.0006104262241944
10139.3   0.0006115226758850
10140.2   0.0006121542542953
10141.1   0.0006121384576859
10142.0   0.0006110617603359
10142.9   0.0006087408140548
10143.8   0.0006057180796688
10144.7   0.0006032697424839
10145.6   0.0006032191384290
10146.5   0.0006057288204481
10147.4   0.0006084385280338
10148.3   0.0006096437487021
10149.2   0.0006096965375160
10150.1   0.0006097095888783
10151.0   0.0006100861910259
10151.9   0.0006100008595953
10152.8   0.0006089262326191
10153.7   0.0006075877988355
10154.6   0.0006071809532157
10155.5   0.0006080984605497
10156.4   0.0006093068382521
10157.3   0.0006094097964567
10158.2   0.0006082889349441
10159.1   0.0006073967067605
10160.0   0.0006075981392662
10160.9   0.0006080301496511
10161.8   0.0006079400826692
10162.7   0.0006076263466801
10163.6   0.0006080940795928
10164.5   0.0006093927072936
10165.4   0.0006098348522156
10166.3   0.0006088263628174
10167.2   0.0006078119711380
10168.1   0.0006078356374557
10169.0   0.0006085799768905
10169.9   0.0006094136512412
10170.8   0.0006094956998138
10171.7   0.0006082599497101
10172.6   0.0006070469394032
10173.5   0.0006071974018212
10174.4   0.0006075613758322
10175.3   0.0006067578305683
10176.2   0.0006055494871815
10177.1   0.0006051114372530
10178.0   0.0006051936459651
10178.9   0.0006051356526201
10179.8   0.0006052975993218
10180.7   0.0006063483083326
10181.6   0.0006078004067846
10182.5   0.0006086766667809
10183.4   0.0006085767855407
10184.3   0.0006076137414205
10185.2   0.0006066264590562
10186.1   0.0006065125884943
10187.0   0.0006067538385215
10187.9   0.0006064043228119
10188.8   0.0006059168698743
10189.7   0.0006056819682310
10190.6   0.0006050925522407
10191.5   0.0006039479900948
10192.4   0.0006026539149288
10193.3   0.0006019173308171
10194.2   0.0006022167800827
10195.1   0.0006029389402087
10196.0   0.0006033739818038
10196.9   0.0006037746391791
10197.8   0.0006044427293758
10198.7   0.0006049345060776
10199.6   0.0006047833459094
10200.5   0.0006042041902801
10201.4   0.0006035378501785
10202.3   0.0006031228260100
10203.2   0.0006030159787053
10204.1   0.0006027815803573
10205.0   0.0006024801064720
10205.9   0.0006023573024185
10206.8   0.0006025916664509
10207.7   0.0006035243984677
10208.6   0.0006046717401763
10209.5   0.0006051387982158
10210.4   0.0006047275258850
10211.3   0.0006037945765362
10212.2   0.0006029432296572
10213.1   0.0006025723810900
10214.0   0.0006021094981139
10214.9   0.0006003110867406
10215.8   0.0005978666615327
10216.7   0.0005972495757394
10217.6   0.0005984685569587
10218.5   0.0005998846469196
10219.4   0.0006012369327626
10220.3   0.0006025401129981
10221.2   0.0006031085621637
10222.1   0.0006023497873046
10223.0   0.0006006860531784
10223.9   0.0005991678514641
10224.8   0.0005985261842707
10225.7   0.0005991327923709
10226.6   0.0006006865564737
10227.5   0.0006021104589503
10228.4   0.0006024538893622
10229.3   0.0006016624346241
10230.2   0.0006006425410120
10231.1   0.0006003549306244
10232.0   0.0006004247514089
10232.9   0.0005997977255334
10233.8   0.0005986510015054
10234.7   0.0005981464022119
10235.6   0.0005988295455135
10236.5   0.0006002896509362
10237.4   0.0006015753988526
10238.3   0.0006016164174196
10239.2   0.0006001876192524
10240.1   0.0005981217750577
10241.0   0.0005967777935872
10241.9   0.0005969478387678
10242.8   0.0005980505358955
10243.7   0.0005991097551724
10244.6   0.0005996183007586
10245.5   0.0005995198950887
10246.4   0.0005992084353670
10247.3   0.0005989647260559
10248.2   0.0005984570154824
10249.1   0.0005975341777936
10250.0   0.0005968006134537
10250.9   0.0005967058223592
10251.8   0.0005966670914980
10252.7   0.0005962931430893
10253.6   0.0005963993269593
10254.5   0.0005974474508624
10255.4   0.0005985245599995
10256.3   0.0005985052288845
10257.2   0.0005977416955971
10258.1   0.0005975838095735
10259.0   0.0005980561750906
10259.9   0.0005978927756957
10260.8   0.0005967593318005
10261.7   0.0005950966728962
10262.6   0.0005934497648470
10263.5   0.0005929170267708
10264.4   0.0005937652280541
10265.3   0.0005948391801570
10266.2   0.0005955702623360
10267.1   0.0005961072212296
10268.0   0.0005959936938237
10268.9   0.0005951199388653
10269.8   0.0005942989155283
10270.7   0.0005939620165168
10271.6   0.0005938923673103
10272.5   0.0005937836898408
10273.4   0.0005936028123727
10274.3   0.0005939614903445
10275.2   0.0005949596278734
10276.1   0.0005955849036538
10277.0   0.0005954857544795
10277.9   0.0005954270061916
10278.8   0.0005956945877139
10279.7   0.0005959616430638
10280.6   0.0005960933119777
10281.5   0.0005963171754399
10282.4   0.0005967187364590
10283.3   0.0005968159410833
10284.2   0.0005961325003800
10285.1   0.0005948921863030
10286.0   0.0005937777418054
10286.9   0.0005925261150227
10287.8   0.0005904940831214
10288.7   0.0005891952952813
10289.6   0.0005903497860709
10290.5   0.0005924728801061
10291.4   0.0005934877522037
10292.3   0.0005938995507068
10293.2   0.0005946429407437
10294.1   0.0005957539422438
10295.0   0.0005973487706678
10295.9   0.0005987956188348
10296.8   0.0005988998352777
10297.7   0.0005982357256893
10298.6   0.0005981578636185
10299.5   0.0005982591060437
10300.4   0.0005976885750658
10301.3   0.0005968985501439
10302.2   0.0005964982816786
10303.1   0.0005962772435332
10304.0   0.0005961052538026
10304.9   0.0005962902148257
10305.8   0.0005969250303399
10306.7   0.0005977436287086
10307.6   0.0005985387666532
10308.5   0.0005990618391720
10309.4   0.0005986524999528
10310.3   0.0005972111079644
10311.2   0.0005956629487411
10312.1   0.0005944209989544
10313.0   0.0005933694892465
10313.9   0.0005931531752138
10314.8   0.0005940946462672
10315.7   0.0005949892536650
10316.6   0.0005948992667528
10317.5   0.0005945511808594
10318.4   0.0005943749588729
10319.3   0.0005934357068942
10320.2   0.0005918697378803
10321.1   0.0005911345835848
10322.0   0.0005910953723054
10322.9   0.0005904972287171
10323.8   0.0005893147821612
10324.7   0.0005863938964426
10325.6   0.0005779131647250
10326.5   0.0005654968582076
10327.4   0.0005609626136471
10328.3   0.0005703652450939
10329.2   0.0005840094434452
10330.1   0.0005917669398151
10331.0   0.0005931011184657
10331.9   0.0005922326481080
10332.8   0.0005916831983401
10333.7   0.0005910216395438
10334.6   0.0005900437939663
10335.5   0.0005896007339619
10336.4   0.0005896625706528
10337.3   0.0005893372359947
10338.2   0.0005887676315377
10339.1   0.0005885751782776
10340.0   0.0005880976539836
10340.9   0.0005863902589901
10341.8   0.0005833947139890
10342.7   0.0005798704343970
10343.6   0.0005785124292892
10344.5   0.0005812943711892
10345.4   0.0005852942648408
10346.3   0.0005875164394191
10347.2   0.0005889626241513
10348.1   0.0005908584460424
10349.0   0.0005925383885649
10349.9   0.0005934256524267
10350.8   0.0005943649615980
10351.7   0.0005963422143812
10352.6   0.0005982488685598
10353.5   0.0005981137223329
10354.4   0.0005965787174186
10355.3   0.0005958756253214
10356.2   0.0005962680812710
10357.1   0.0005962267424251
10358.0   0.0005953477486202
10358.9   0.0005949297275571
10359.8   0.0005956461341026
10360.7   0.0005964220095634
10361.6   0.0005960392763640
10362.5   0.0005948423371911
10363.4   0.0005943774181567
10364.3   0.0005950360029353
10365.2   0.0005956082725698
10366.1   0.0005956097595786
10367.0   0.0005965052134275
10367.9   0.0005990437891723
10368.8   0.0005993460294392
10369.7   0.0005928476292119
10370.6   0.0005837534491534
10371.5   0.0005813848042039
10372.4   0.0005869327426936
10373.3   0.0005935750853770
10374.2   0.0005965485883317
10375.1   0.0005960373089369
10376.0   0.0005941307462665
10376.9   0.0005924931377419
10377.8   0.0005916061369663
10378.7   0.0005912479508514
10379.6   0.0005909422103945
10380.5   0.0005902801711799
10381.4   0.0005897766699853
10382.3   0.0005904244339149
10383.2   0.0005919053574614
10384.1   0.0005926848589361
10385.0   0.0005919157665233
10385.9   0.0005903712447524
10386.8   0.0005898122094966
10387.7   0.0005909400485124
10388.6   0.0005920694202910
10389.5   0.0005914308643777
10390.4   0.0005896416724593
10391.3   0.0005885469251096
10392.2   0.0005888292966506
10393.1   0.0005893189229089
10394.0   0.0005878642050336
10394.9   0.0005837233315051
10395.8   0.0005799895552439
10396.7   0.0005803513788113
10397.6   0.0005840246338125
10398.5   0.0005877538346618
10399.4   0.0005896553300636
10400.3   0.0005896266307929
10401.2   0.0005888170459854
10402.1   0.0005887898909162
10403.0   0.0005898935145648
10403.9   0.0005910227948353
10404.8   0.0005912590805406
10405.7   0.0005904649263096
10406.6   0.0005890117297587
10407.5   0.0005877990054151
10408.4   0.0005877376377039
10409.3   0.0005889664217431
10410.2   0.0005906586492464
10411.1   0.0005917603169064
10412.0   0.0005917283462163
10412.9   0.0005906646087203
10413.8   0.0005893849232245
10414.7   0.0005887824673105
10415.6   0.0005889449745002
10416.5   0.0005892887366294
10417.4   0.0005894137597576
10418.3   0.0005891001381538
10419.2   0.0005879834402659
10420.1   0.0005864332907384
10421.0   0.0005855789012106
10421.9   0.0005857330353966
10422.8   0.0005863434525271
10423.7   0.0005871929463643
10424.6   0.0005879721618757
10425.5   0.0005879118579478
10426.4   0.0005870043593272
10427.3   0.0005862267566485
10428.2   0.0005862680268632
10429.1   0.0005869315759636
10430.0   0.0005875765717690
10430.9   0.0005879639718885
10431.8   0.0005882874649433
10432.7   0.0005881903289502
10433.6   0.0005870392697195
10434.5   0.0005852849881933
10435.4   0.0005841924027257
10436.3   0.0005843348581730
10437.2   0.0005854394312195
10438.1   0.0005868541371184
10439.0   0.0005877328106444
10439.9   0.0005878235410610
10440.8   0.0005873637007337
10441.7   0.0005861973367504
10442.6   0.0005845115834549
10443.5   0.0005833224911133
10444.4   0.0005830925766689
10445.3   0.0005833075638322
10446.2   0.0005838150913893
10447.1   0.0005846891551879
10448.0   0.0005852196513124
10448.9   0.0005848118791717
10449.8   0.0005836711260561
10450.7   0.0005820702008958
10451.6   0.0005804044307115
10452.5   0.0005790622794057
10453.4   0.0005772339448390
10454.3   0.0005740505448668
10455.2   0.0005716280015659
10456.1   0.0005725701246155
10457.0   0.0005754017211723
10457.9   0.0005771071830543
10458.8   0.0005773501946151
10459.7   0.0005780493747351
10460.6   0.0005798130816097
10461.5   0.0005812981115883
10462.4   0.0005819916525133
10463.3   0.0005824974642909
10464.2   0.0005828677294931
10465.1   0.0005828494164073
10466.0   0.0005826154984776
10466.9   0.0005818946080284
10467.8   0.0005799911223225
10468.7   0.0005774418858681
10469.6   0.0005765952631019
10470.5   0.0005785514918677
10471.4   0.0005810341446414
10472.3   0.0005820032168667
10473.2   0.0005821098697164
10474.1   0.0005822986397699
10475.0   0.0005823347054536
10475.9   0.0005818747850566
10476.8   0.0005809242661263
10477.7   0.0005796900144700
10478.6   0.0005787131640447
10479.5   0.0005784600865779
10480.4   0.0005787336504511
10481.3   0.0005791072099499
10482.2   0.0005794436056660
10483.1   0.0005796227787932
10484.0   0.0005795606561391
10484.9   0.0005792448383377
10485.8   0.0005788169343849
10486.7   0.0005787519063443
10487.6   0.0005791396038656
10488.5   0.0005794192415980
10489.4   0.0005793924182462
10490.3   0.0005794305314267
10491.2   0.0005794491876684
10492.1   0.0005792468286418
10493.0   0.0005790899492087
10493.9   0.0005786897379361
10494.8   0.0005774330438848
10495.7   0.0005758879501874
10496.6   0.0005753719123643
10497.5   0.0005760218724916
10498.4   0.0005768702453528
10499.3   0.0005773077462318
10500.2   0.0005773364111869
10501.1   0.0005772894789001
10502.0   0.0005772503133749
10502.9   0.0005769778819161
10503.8   0.0005766135761878
10504.7   0.0005764362332253
10505.6   0.0005763289512564
10506.5   0.0005762851645652
10507.4   0.0005768499419628
10508.3   0.0005788035741824
10509.2   0.0005815670542956
10510.1   0.0005825722036431
10511.0   0.0005804055402488
10511.9   0.0005768638855304
10512.8   0.0005744535128250
10513.7   0.0005737103973129
10514.6   0.0005738281112207
10515.5   0.0005743359590566
10516.4   0.0005753139762120
10517.3   0.0005775162935030
10518.2   0.0005815781153537
10519.1   0.0005853525098333
10520.0   0.0005850039092061
10520.9   0.0005809390790221
10521.8   0.0005770791700954
10522.7   0.0005750231744747
10523.6   0.0005741652046872
10524.5   0.0005739278895142
10525.4   0.0005740899506011
10526.3   0.0005747056637709
10527.2   0.0005755486147691
10528.1   0.0005758875040847
10529.0   0.0005752499433235
10529.9   0.0005739739753498
10530.8   0.0005727463122865
10531.7   0.0005722021585578
10532.6   0.0005725969708444
10533.5   0.0005733012983028
10534.4   0.0005736908603044
10535.3   0.0005739548730054
10536.2   0.0005741405775330
10537.1   0.0005739362167637
10538.0   0.0005733415390498
10538.9   0.0005725929330435
10539.8   0.0005719005702871
10540.7   0.0005715205137036
10541.6   0.0005716572842016
10542.5   0.0005721521264294
10543.4   0.0005726099306984
10544.3   0.0005726888794295
10545.2   0.0005722961603938
10546.1   0.0005716809390808
10547.0   0.0005712049818653
10547.9   0.0005711631854783
10548.8   0.0005715139708647
10549.7   0.0005717853499787
10550.6   0.0005714898698828
10551.5   0.0005707470060184
10552.4   0.0005703605324198
10553.3   0.0005708678426448
10554.2   0.0005717444572355
10555.1   0.0005722370003188
10556.0   0.0005723295837772
10556.9   0.0005722628628342
10557.8   0.0005720634549482
10558.7   0.0005720089617933
10559.6   0.0005728743323095
10560.5   0.0005752095081214
10561.4   0.0005778926096873
10562.3   0.0005781284035359
10563.2   0.0005754196453482
10564.1   0.0005724731373233
10565.0   0.0005709244862432
10565.9   0.0005704376967402
10566.8   0.0005704740483872
10567.7   0.0005709476721426
10568.6   0.0005721139103021
10569.5   0.0005739934208501
10570.4   0.0005753608741832
10571.3   0.0005746821575926
10572.2   0.0005725838279740
10573.1   0.0005710962357647
10574.0   0.0005707721021523
10574.9   0.0005704581717082
10575.8   0.0005693143301896
10576.7   0.0005679407686816
10577.6   0.0005674252799080
10578.5   0.0005676929300614
10579.4   0.0005679053893097
10580.3   0.0005676888579449
10581.2   0.0005668411256413
10582.1   0.0005643723478040
10583.0   0.0005577399795183
10583.9   0.0005458403170661
10584.8   0.0005365742159081
10585.7   0.0005401603207525
10586.6   0.0005526462879150
10587.5   0.0005629229602835
10588.4   0.0005674844742985
10589.3   0.0005688961489870
10590.2   0.0005695573646274
10591.1   0.0005700267218113
10592.0   0.0005701830979490
10592.9   0.0005699432205454
10593.8   0.0005690580842501
10594.7   0.0005675381438793
10595.6   0.0005663549423804
10596.5   0.0005665830037830
10597.4   0.0005680380991298
10598.3   0.0005693895957142
10599.2   0.0005694522674177
10600.1   0.0005676675822799
10601.0   0.0005631000287212
10601.9   0.0005544163317350
10602.8   0.0005451637623575
10603.7   0.0005438868106703
10604.6   0.0005515759618260
10605.5   0.0005600437794437
10606.4   0.0005642176988842
10607.3   0.0005654066654019
10608.2   0.0005659101094039
10609.1   0.0005670973830193
10610.0   0.0005699971303353
10610.9   0.0005740870337761
10611.8   0.0005761677709363
10612.7   0.0005735984141084
10613.6   0.0005685484291266
10614.5   0.0005647292756807
10615.4   0.0005630639401604
10616.3   0.0005626416067716
10617.2   0.0005629578134831
10618.1   0.0005638850321287
10619.0   0.0005647810007114
10619.9   0.0005652872929073
10620.8   0.0005657302614035
10621.7   0.0005660531596547
10622.6   0.0005657543852623
10623.5   0.0005649730879385
10624.4   0.0005642301096888
10625.3   0.0005629494862336
10626.2   0.0005599678390458
10627.1   0.0005564006077753
10628.0   0.0005557974884266
10628.9   0.0005588959458783
10629.8   0.0005621308192336
10630.7   0.0005628703316089
10631.6   0.0005618084357162
10632.5   0.0005607100280371
10633.4   0.0005606071842177
10634.3   0.0005615970516897
10635.2   0.0005625750116525
10636.1   0.0005621516831116
10637.0   0.0005606710455283
10637.9   0.0005598045540362
10638.8   0.0005605671608027
10639.7   0.0005631519596455
10640.6   0.0005668948752918
10641.5   0.0005691862300969
10642.4   0.0005674593896032
10643.3   0.0005634984784603
10644.2   0.0005611209343348
10645.1   0.0005604878002846
10646.0   0.0005598408484905
10646.9   0.0005598864882235
10647.8   0.0005627540589558
10648.7   0.0005675084380180
10649.6   0.0005693676451759
10650.5   0.0005659622119061
10651.4   0.0005608449111778
10652.3   0.0005580696036250
10653.2   0.0005579251807506
10654.1   0.0005583831909132
10655.0   0.0005579278459280
10655.9   0.0005569186473410
10656.8   0.0005565108752003
10657.7   0.0005563011840762
10658.6   0.0005533467148348
10659.5   0.0005445187093594
10660.4   0.0005339563940305
10661.3   0.0005321728069915
10662.2   0.0005407833545812
10663.1   0.0005504954325686
10664.0   0.0005548792947808
10664.9   0.0005553464443285
10665.8   0.0005553863876738
10666.7   0.0005560048689677
10667.6   0.0005562085777408
10668.5   0.0005553706711341
10669.4   0.0005545234878800
10670.3   0.0005548272609098
10671.2   0.0005556872438786
10672.1   0.0005557278277815
10673.0   0.0005550048212043
10673.9   0.0005547806145862
10674.8   0.0005553378425543
10675.7   0.0005554918166008
10676.6   0.0005547386008671
10677.5   0.0005542832215663
10678.4   0.0005547760162973
10679.3   0.0005548433434824
10680.2   0.0005529827865779
10681.1   0.0005490332682106
10682.0   0.0005441580182065
10682.9   0.0005409047860111
10683.8   0.0005407870263492
10684.7   0.0005427551626243
10685.6   0.0005462901372415
10686.5   0.0005503519705307
10687.4   0.0005511398907631
10688.3   0.0005463949713650
10689.2   0.0005385315198957
10690.1   0.0005319411081365
10691.0   0.0005302762644730
10691.9   0.0005339983963111
10692.8   0.0005383301903367
10693.7   0.0005403557251532
10694.6   0.0005432122462659
10695.5   0.0005484242465806
10696.4   0.0005531828350216
10697.3   0.0005552119615363
10698.2   0.0005548819256426
10699.1   0.0005538582344387
10700.0   0.0005532368134427
10700.9   0.0005530767655369
10701.8   0.0005533070803298
10702.7   0.0005539013348181
10703.6   0.0005541804921323
10704.5   0.0005530572742825
10705.4   0.0005504529841853
10706.3   0.0005477805204519
10707.2   0.0005469822254732
10708.1   0.0005484485191404
10709.0   0.0005505259505655
10709.9   0.0005519075762368
10710.8   0.0005526622561023
10711.7   0.0005533271549492
10712.6   0.0005540436987571
10713.5   0.0005542836333534
10714.4   0.0005535254418593
10715.3   0.0005525495865860
10716.2   0.0005526211574655
10717.1   0.0005531515735203
10718.0   0.0005529598180106
10718.9   0.0005526582526169
10719.8   0.0005530817870514
10720.7   0.0005536573395438
10721.6   0.0005539147064592
10722.5   0.0005541331137428
10723.4   0.0005539404660277
10724.3   0.0005518949137845
10725.2   0.0005469552762975
10726.1   0.0005398793904663
10727.0   0.0005344391114169
10727.9   0.0005341571516630
10728.8   0.0005378183733311
10729.7   0.0005428072880035
10730.6   0.0005474939738476
10731.5   0.0005503888140344
10732.4   0.0005512414992213
10733.3   0.0005509733915267
10734.2   0.0005502948350755
10735.1   0.0005495375701023
10736.0   0.0005492765428575
10736.9   0.0005496775548272
10737.8   0.0005499773129331
10738.7   0.0005496992994719
10739.6   0.0005493068435223
10740.5   0.0005490156071209
10741.4   0.0005484384532343
10742.3   0.0005477851988105
10743.2   0.0005479005792583
10744.1   0.0005487910459084
10745.0   0.0005493764927289
10745.9   0.0005486896319052
10746.8   0.0005455816347198
10747.7   0.0005381269734204
10748.6   0.0005287773481195
10749.5   0.0005259764983302
10750.4   0.0005324623962447
10751.3   0.0005410932586629
10752.2   0.0005456439518289
10753.1   0.0005464774088476
10754.0   0.0005467437435701
10754.9   0.0005481338566304
10755.8   0.0005498503338164
10756.7   0.0005502437620410
10757.6   0.0005492222441576
10758.5   0.0005481749438286
10759.4   0.0005479690731734
10760.3   0.0005485265070350
10761.2   0.0005496452409811
10762.1   0.0005510966073672
10763.0   0.0005521715203066
10763.9   0.0005518724828281
10764.8   0.0005503997149531
10765.7   0.0005493284966588
10766.6   0.0005495568669017
10767.5   0.0005500473853653
10768.4   0.0005494072166193
10769.3   0.0005481009365423
10770.2   0.0005475933174770
10771.1   0.0005480401979503
10772.0   0.0005480918200342
10772.9   0.0005468032239239
10773.8   0.0005452451131798
10774.7   0.0005451882865649
10775.6   0.0005466139734521
10776.5   0.0005478773018506
10777.4   0.0005478912682952
10778.3   0.0005473090242630
10779.2   0.0005474045817390
10780.1   0.0005480204436097
10781.0   0.0005475182921615
10781.9   0.0005452287332055
10782.8   0.0005428385952590
10783.7   0.0005416417018402
10784.6   0.0005391498753658
10785.5   0.0005318700748679
10786.4   0.0005240341330623
10787.3   0.0005247085602043
10788.2   0.0005332024233538
10789.1   0.0005412510646168
10790.0   0.0005450930379292
10790.9   0.0005464865024786
10791.8   0.0005481140222201
10792.7   0.0005508431867446
10793.6   0.0005526702859501
10794.5   0.0005512506386064
10795.4   0.0005479672430086
10796.3   0.0005457207386779
10797.2   0.0005454171944187
10798.1   0.0005465242610647
10799.0   0.0005477033103773
10799.9   0.0005474485628852
10800.8   0.0005458761997333
10801.7   0.0005448680191755
10802.6   0.0005457913715980
10803.5   0.0005477958366430
10804.4   0.0005488932834857
10805.3   0.0005485011134993
10806.2   0.0005476595008091
10807.1   0.0005474140070874
10808.0   0.0005476192257464
10808.9   0.0005452052155887
10809.8   0.0005371530398200
10810.7   0.0005286486646618
10811.6   0.0005289507562278
10812.5   0.0005368358608336
10813.4   0.0005434926846954
10814.3   0.0005458015747664
10815.2   0.0005457546996722
10816.1   0.0005445336595176
10817.0   0.0005428098959883
10817.9   0.0005419946147931
10818.8   0.0005426345318914
10819.7   0.0005434032582712
10820.6   0.0005432359583377
10821.5   0.0005425839049595
10822.4   0.0005421050309190
10823.3   0.0005415318805178
10824.2   0.0005389736648178
10825.1   0.0005308253482081
10826.0   0.0005172740307169
10826.9   0.0005079775717015
10827.8   0.0005111615321617
10828.7   0.0005207607804934
10829.6   0.0005275367023252
10830.5   0.0005318010776575
10831.4   0.0005366037845071
10832.3   0.0005409502884818
10833.2   0.0005427786573640
10834.1   0.0005422233053148
10835.0   0.0005409552184880
10835.9   0.0005401881163794
10836.8   0.0005402764561433
10837.7   0.0005411252407916
10838.6   0.0005422369629191
10839.5   0.0005427744136695
10840.4   0.0005419027748392
10841.3   0.0005390265222629
10842.2   0.0005341693680126
10843.1   0.0005294647008000
10844.0   0.0005291205955149
10844.9   0.0005338240044892
10845.8   0.0005389053539192
10846.7   0.0005408478221339
10847.6   0.0005401723426471
10848.5   0.0005387421832948
10849.4   0.0005378943022904
10850.3   0.0005382123506051
10851.2   0.0005393769759319
10852.1   0.0005403721051275
10853.0   0.0005405987481525
10853.9   0.0005405158416901
10854.8   0.0005405260334200
10855.7   0.0005403599116550
10856.6   0.0005401323878633
10857.5   0.0005403989399179
10858.4   0.0005412431148388
10859.3   0.0005423535558510
10860.2   0.0005431573413240
10861.1   0.0005427010926950
10862.0   0.0005406845828784
10862.9   0.0005383959046891
10863.8   0.0005375140398133
10864.7   0.0005382184359028
10865.6   0.0005388166366838
10866.5   0.0005362179972202
10867.4   0.0005269027218237
10868.3   0.0005118405461541
10869.2   0.0005021783859098
10870.1   0.0005076930725940
10871.0   0.0005214903985406
10871.9   0.0005316606010759
10872.8   0.0005356420786949
10873.7   0.0005363643532061
10874.6   0.0005362218405662
10875.5   0.0005362156180061
10876.4   0.0005367375695490
10877.3   0.0005377246803354
10878.2   0.0005387677827240
10879.1   0.0005393637644302
10880.0   0.0005388807038879
10880.9   0.0005369018268336
10881.8   0.0005341714841406
10882.7   0.0005318599517692
10883.6   0.0005298801024399
10884.5   0.0005279129498784
10885.4   0.0005273927369920
10886.3   0.0005294434136964
10887.2   0.0005325968904754
10888.1   0.0005350162081109
10889.0   0.0005362296759589
10889.9   0.0005368090832358
10890.8   0.0005374857065756
10891.7   0.0005382777332401
10892.6   0.0005387732389026
10893.5   0.0005391497266649
10894.4   0.0005406144990077
10895.3   0.0005438422804747
10896.2   0.0005462841892061
10897.1   0.0005447630477896
10898.0   0.0005409606746666
10898.9   0.0005383606282639
10899.8   0.0005374452141809
10900.7   0.0005373038339554
10901.6   0.0005375019264105
10902.5   0.0005380842390739
10903.4   0.0005397737442071
10904.3   0.0005430191867638
10905.2   0.0005458139169398
10906.1   0.0005453251485712
10907.0   0.0005421840368428
10907.9   0.0005391885490343
10908.8   0.0005376152593615
10909.7   0.0005369850078206
10910.6   0.0005365188877406
10911.5   0.0005353580371286
10912.4   0.0005310564980136
10913.3   0.0005210212472503
10914.2   0.0005100889183668
10915.1   0.0005094720384670
10916.0   0.0005211203277934
10916.9   0.0005348550735448
10917.8   0.0005418345096947
10918.7   0.0005412887660103
10919.6   0.0005372646455531
10920.5   0.0005336460552847
10921.4   0.0005321552831642
10922.3   0.0005327068833757
10923.2   0.0005334911547173
10924.1   0.0005322429823705
10925.0   0.0005293795295088
10925.9   0.0005277206110036
10926.8   0.0005284550446718
10927.7   0.0005301780646967
10928.6   0.0005313535566266
10929.5   0.0005316669265827
10930.4   0.0005315458268701
10931.3   0.0005313764108087
10932.2   0.0005311739488353
10933.1   0.0005306959898771
10934.0   0.0005295134518130
10934.9   0.0005254295307232
10935.8   0.0005140632583433
10936.7   0.0004945958075342
10937.6   0.0004785458233279
10938.5   0.0004806993552903
10939.4   0.0004982194993867
10940.3   0.0005160810950294
10941.2   0.0005262857161001
10942.1   0.0005304419401354
10943.0   0.0005319196837707
10943.9   0.0005324326560678
10944.8   0.0005329250847658
10945.7   0.0005333296198026
10946.6   0.0005331189678421
10947.5   0.0005324408918091
10948.4   0.0005320361623173
10949.3   0.0005323723178243
10950.2   0.0005330360613797
10951.1   0.0005328963397410
10952.0   0.0005313073449671
10952.9   0.0005295200975987
10953.8   0.0005293500409796
10954.7   0.0005299687510441
10955.6   0.0005287195835452
10956.5   0.0005256863943432
10957.4   0.0005246142724050
10958.3   0.0005271605462802
10959.2   0.0005305165307867
10960.1   0.0005321257145653
10961.0   0.0005313962909731
10961.9   0.0005285363268629
10962.8   0.0005247528158752
10963.7   0.0005208781283683
10964.6   0.0005175976495955
10965.5   0.0005169727512865
10966.4   0.0005195050701556
10967.3   0.0005227952373629
10968.2   0.0005253359749898
10969.1   0.0005274313649064
10970.0   0.0005289903221016
10970.9   0.0005297880337154
10971.8   0.0005299108835230
10972.7   0.0005294112142357
10973.6   0.0005288930488461
10974.5   0.0005290064046742
10975.4   0.0005292121952597
10976.3   0.0005278567638211
10977.2   0.0005230749094110
10978.1   0.0005149245910586
10979.0   0.0005090361961748
10979.9   0.0005115910260701
10980.8   0.0005196625215152
10981.7   0.0005261339153742
10982.6   0.0005283934710671
10983.5   0.0005275794709872
10984.4   0.0005263545417325
10985.3   0.0005267943188789
10986.2   0.0005282110036434
10987.1   0.0005291783257736
10988.0   0.0005295881682882
10988.9   0.0005293379847694
10989.8   0.0005284080208767
10990.7   0.0005278668411657
10991.6   0.0005285412797462
10992.5   0.0005294130444004
10993.4   0.0005290277718474
10994.3   0.0005274617227638
10995.2   0.0005254958170020
10996.1   0.0005237782989099
10997.0   0.0005231084814952
10997.9   0.0005236249997366
10998.8   0.0005247311741773
10999.7   0.0005258025869266
11000.6   0.0005264017027899
11001.5   0.0005265330399865
11002.4   0.0005267078779110
11003.3   0.0005273427506178
11004.2   0.0005277700712055
11005.1   0.0005273986964659
11006.0   0.0005270005555671
11006.9   0.0005269343836735
11007.8   0.0005262954159732
11008.7   0.0005243597422450
11009.6   0.0005221824638953
11010.5   0.0005217858443209
11011.4   0.0005226880926564
11012.3   0.0005224770632244
11013.2   0.0005213601022503
11014.1   0.0005216533747100
11015.0   0.0005228891248137
11015.9   0.0005213808860585
11016.8   0.0005154577752375
11017.7   0.0005096398645729
11018.6   0.0005100200355417
11019.5   0.0005152178406412
11020.4   0.0005188019094273
11021.3   0.0005195442356809
11022.2   0.0005210153907231
11023.1   0.0005244144298549
11024.0   0.0005278367463944
11024.9   0.0005294512033351
11025.8   0.0005288312464709
11026.7   0.0005264366017437
11027.6   0.0005229246986406
11028.5   0.0005193988290930
11029.4   0.0005180958890666
11030.3   0.0005206587945638
11031.2   0.0005255410335094
11032.1   0.0005289439159871
11033.0   0.0005287276248315
11033.9   0.0005264223836514
11034.8   0.0005246900755405
11035.7   0.0005240854348674
11036.6   0.0005234844087696
11037.5   0.0005228887130266
11038.4   0.0005235072400746
11039.3   0.0005250943932453
11040.2   0.0005260216919605
11041.1   0.0005259355140787
11042.0   0.0005256132220696
11042.9   0.0005251532902340
11043.8   0.0005247836770280
11044.7   0.0005252616131091
11045.6   0.0005260584325175
11046.5   0.0005253489119668
11047.4   0.0005227451022878
11048.3   0.0005208957322653
11049.2   0.0005220871580669
11050.1   0.0005249388406816
11051.0   0.0005273183064801
11051.9   0.0005289053681425
11052.8   0.0005294269879680
11053.7   0.0005277794965539
11054.6   0.0005241860367350
11055.5   0.0005212311900220
11056.4   0.0005207178059378
11057.3   0.0005214557741116
11058.2   0.0005221094517610
11059.1   0.0005224786074259
11060.0   0.0005223043299893
11060.9   0.0005221881717215
11061.8   0.0005227757918627
11062.7   0.0005231601150177
11063.6   0.0005229345243375
11064.5   0.0005230528788030
11065.4   0.0005232845204653
11066.3   0.0005224615983324
11067.2   0.0005208281191170
11068.1   0.0005197823057968
11069.0   0.0005204551201062
11069.9   0.0005221120483072
11070.8   0.0005224574690232
11071.7   0.0005210766097334
11072.6   0.0005204563440289
11073.5   0.0005219616430819
11074.4   0.0005240363635755
11075.3   0.0005251568361782
11076.2   0.0005246883140070
11077.1   0.0005224115204499
11078.0   0.0005197790915700
11078.9   0.0005184960202695
11079.8   0.0005178540327973
11080.7   0.0005164058920766
11081.6   0.0005154212863281
11082.5   0.0005169614843349
11083.4   0.0005197601608036
11084.3   0.0005213246656857
11085.2   0.0005212666837793
11086.1   0.0005202689122833
11087.0   0.0005192345374927
11087.9   0.0005194937917655
11088.8   0.0005204578081607
11089.7   0.0005193207268131
11090.6   0.0005163664062725
11091.5   0.0005152355932391
11092.4   0.0005169602375352
11093.3   0.0005193829180983
11094.2   0.0005207162274207
11095.1   0.0005207081175033
11096.0   0.0005201264339590
11096.9   0.0005200052427382
11097.8   0.0005205415725127
11098.7   0.0005211387667031
11099.6   0.0005212730321632
11100.5   0.0005210238094809
11101.4   0.0005212834297866
11102.3   0.0005222652674108
11103.2   0.0005222764428542
11104.1   0.0005195403580194
11105.0   0.0005154035680458
11105.9   0.0005137210632927
11106.8   0.0005149075018954
11107.7   0.0005158206740266
11108.6   0.0005167072973308
11109.5   0.0005190146317617
11110.4   0.0005198999053194
11111.3   0.0005173169366413
11112.2   0.0005145422353306
11113.1   0.0005142130573266
11114.0   0.0005146216187258
11114.9   0.0005150044777491
11115.8   0.0005162853299749
11116.7   0.0005176960095113
11117.6   0.0005174580537806
11118.5   0.0005146810876411
11119.4   0.0005110519968026
11120.3   0.0005101187729290
11121.2   0.0005121742423773
11122.1   0.0005138720175674
11123.0   0.0005143182460445
11123.9   0.0005156925281799
11124.8   0.0005179376255714
11125.7   0.0005189723892720
11126.6   0.0005195297659410
11127.5   0.0005214806757905
11128.4   0.0005226073023221
11129.3   0.0005197905529767
11130.2   0.0005153190945050
11131.1   0.0005132477140620
11132.0   0.0005136362122803
11132.9   0.0005144811307056
11133.8   0.0005155501413638
11134.7   0.0005170268097773
11135.6   0.0005165413700208
11136.5   0.0005138890380994
11137.4   0.0005124861710787
11138.3   0.0005130444857071
11139.2   0.0005144118818476
11140.1   0.0005163353277876
11141.0   0.0005180078238274
11141.9   0.0005183412798415
11142.8   0.0005174596208592
11143.7   0.0005160298618554
11144.6   0.0005143406998781
11145.5   0.0005131127279745
11146.4   0.0005134837481197
11147.3   0.0005156757478570
11148.2   0.0005185965420674
11149.1   0.0005198819811435
11150.0   0.0005171925311937
11150.9   0.0005117904110790
11151.8   0.0005090141884439
11152.7   0.0005118769092396
11153.6   0.0005165525683413
11154.5   0.0005187124372490
11155.4   0.0005193085676561
11156.3   0.0005194511031731
11157.2   0.0005181841144452
11158.1   0.0005165377211299
11159.0   0.0005164431016133
11159.9   0.0005177205222802
11160.8   0.0005187934334769
11161.7   0.0005197685909999
11162.6   0.0005220689593663
11163.5   0.0005229545989569
11164.4   0.0005172193202300
11165.3   0.0005083244107951
11166.2   0.0005048962949212
11167.1   0.0005063042978417
11168.0   0.0005077477373268
11168.9   0.0005097951769274
11169.8   0.0005135963833204
11170.7   0.0005168029234380
11171.6   0.0005188555103769
11172.5   0.0005195787571631
11173.4   0.0005152050638037
11174.3   0.0005082456336420
11175.2   0.0005074001890443
11176.1   0.0005139285239035
11177.0   0.0005209464964595
11177.9   0.0005239547267900
11178.8   0.0005240891638280
11179.7   0.0005227502038720
11180.6   0.0005196422524408
11181.5   0.0005141605773529
11182.4   0.0005071200365781
11183.3   0.0005020035937394
11184.2   0.0005028905258839
11185.1   0.0005087800646206
11186.0   0.0005128450435055
11186.9   0.0005106382079953
11187.8   0.0005046145524993
11188.7   0.0005003749987762
11189.6   0.0005019166037220
11190.5   0.0005071147291004
11191.4   0.0005087981832515
11192.3   0.0005050931748922
11193.2   0.0005025010096364
11194.1   0.0005054458361974
11195.0   0.0005108204237714
11195.9   0.0005142665782065
11196.8   0.0005154887278985
11197.7   0.0005144589285197
11198.6   0.0005097294968906
11199.5   0.0005041827823236
11200.4   0.0005027070404310
11201.3   0.0005013761789539
11202.2   0.0004913332300602
11203.1   0.0004775603139356
11204.0   0.0004769004022876
11204.9   0.0004922759593518
11205.8   0.0005086941955791
11206.7   0.0005163509299420
11207.6   0.0005188617214984
11208.5   0.0005213618752224
11209.4   0.0005234902424197
11210.3   0.0005223934361347
11211.2   0.0005158546007054
11212.1   0.0005045174508218
11213.0   0.0004947682662445
11213.9   0.0004942089335870
11214.8   0.0005043782210399
11215.7   0.0005193533609379
11216.6   0.0005282907988257
11217.5   0.0005224937977931
11218.4   0.0005043768598549
11219.3   0.0004874398405574
11220.2   0.0004850906868623
11221.1   0.0004969747814758
11222.0   0.0005076101890087
11222.9   0.0005057284365090
11223.8   0.0004970741479822
11224.7   0.0004918858940549
11225.6   0.0004898299327498
11226.5   0.0004850635661087
11227.4   0.0004805689789302
11228.3   0.0004848111063225
11229.2   0.0004974926837792
11230.1   0.0005100363354464
11231.0   0.0005164405508212
11231.9   0.0005182439722704
11232.8   0.0005189682485243
11233.7   0.0005169317555965
11234.6   0.0005066566045525
11235.5   0.0004867011517562
11236.4   0.0004653631696448
11237.3   0.0004566549370126
11238.2   0.0004683147563768
11239.1   0.0004915870510314
11240.0   0.0005098148168827
11240.9   0.0005168087914036
11241.8   0.0005163882996181
11242.7   0.0005117158204277
11243.6   0.0005054633829018
11244.5   0.0005024421126476
11245.4   0.0005051174016978
11246.3   0.0005109727849853
11247.2   0.0005166986269253
11248.1   0.0005205465825887
11249.0   0.0005203466828459
11249.9   0.0005155129203885
11250.8   0.0005095333261085
11251.7   0.0005024069620462
11252.6   0.0004883299983672
11253.5   0.0004666445251659
11254.4   0.0004494129179779
11255.3   0.0004499054038686
11256.2   0.0004642021474548
11257.1   0.0004807859449591
11258.0   0.0004961295427717
11258.9   0.0005080994721111
11259.8   0.0005112360999360
11260.7   0.0005051869136420
11261.6   0.0004983467415897
11262.5   0.0004981579600976
11263.4   0.0005038459290663
11264.3   0.0005100265097494
11265.2   0.0005130764563972
11266.1   0.0005128399876754
11267.0   0.0005109443945549
11267.9   0.0005100774569602
11268.8   0.0005117131438118
11269.7   0.0005147944777847
11270.6   0.0005166574596574
11271.5   0.0005134588921949
11272.4   0.0005041427817857
11273.3   0.0004954707406611
11274.2   0.0004961997295892
11275.1   0.0005044255536752
11276.0   0.0005069056442183
11276.9   0.0004948336946337
11277.8   0.0004773352379893
11278.7   0.0004719117049472
11279.6   0.0004834993471899
11280.5   0.0005012932152989
11281.4   0.0005129651480660
11282.3   0.0005143512347638
11283.2   0.0005065494026534
11284.1   0.0004942369122303
11285.0   0.0004870402698424
11285.9   0.0004911283088029
11286.8   0.0005002784804636
11287.7   0.0005027576101702
11288.6   0.0004963228424829
11289.5   0.0004899326736224
11290.4   0.0004902773622725
11291.3   0.0004939415236427
11292.2   0.0004956611349858
11293.1   0.0004968598128151
11294.0   0.0004992367850141
11294.9   0.0004973710007017
11295.8   0.0004857371582381
11296.7   0.0004701613811523
11297.6   0.0004655516422966
11298.5   0.0004772170779788
11299.4   0.0004926928022465
11300.3   0.0004988986392029
11301.2   0.0004969501428831
11302.1   0.0004959298374839
11303.0   0.0004999250642155
11303.9   0.0005056695738358
11304.8   0.0005096964738557
11305.7   0.0005117906512881
11306.6   0.0005125032373648
11307.5   0.0005120315352824
11308.4   0.0005110059338440
11309.3   0.0005100659269224
11310.2   0.0005093836758261
11311.1   0.0005094009708828
11312.0   0.0005108757061848
11312.9   0.0005127954460413
11313.8   0.0005126742776975
11314.7   0.0005109785385657
11315.6   0.0005109804259230
11316.5   0.0005132272162170
11317.4   0.0005153657408285
11318.3   0.0005160133560573
11319.2   0.0005157377446873
11320.1   0.0005151416829113
11321.0   0.0005138126859146
11321.9   0.0005106837104660
11322.8   0.0005052802406048
11323.7   0.0004996152287650
11324.6   0.0004972699069773
11325.5   0.0004996698706207
11326.4   0.0005046614504706
11327.3   0.0005084216840506
11328.2   0.0005090211773854
11329.1   0.0005078379873251
11330.0   0.0005068001009060
11330.9   0.0005048259822799
11331.8   0.0005001976672522
11332.7   0.0004951742310975
11333.6   0.0004932796674447
11334.5   0.0004918977901257
11335.4   0.0004864799877870
11336.3   0.0004818539604652
11337.2   0.0004861897236606
11338.1   0.0004972433695887
11339.0   0.0005048901409923
11339.9   0.0005028141279448
11340.8   0.0004959088935363
11341.7   0.0004935794827432
11342.6   0.0004970328434519
11343.5   0.0004997463028753
11344.4   0.0004925262458174
11345.3   0.0004671132761077
11346.2   0.0004307898594217
11347.1   0.0004042545640676
11348.0   0.0003985717538757
11348.9   0.0004127853736676
11349.8   0.0004373930708954
11350.7   0.0004556663849715
11351.6   0.0004611474995714
11352.5   0.0004656158810786
11353.4   0.0004779547716279
11354.3   0.0004922033018120
11355.2   0.0005010786742383
11356.1   0.0005044239751582
11357.0   0.0005038790550479
11357.9   0.0004972016418328
11358.8   0.0004808474156170
11359.7   0.0004576105346500
11360.6   0.0004419335380160
11361.5   0.0004475590068591
11362.4   0.0004697375721931
11363.3   0.0004915519461841
11364.2   0.0005029509098815
11365.1   0.0005058787387875
11366.0   0.0005056379920557
11366.9   0.0005048826716325
11367.8   0.0005046155476514
11368.7   0.0005049580515424
11369.6   0.0005053489632905
11370.5   0.0005055052250429
11371.4   0.0005051678799288
11372.3   0.0005035504604089
11373.2   0.0005010529375468
11374.1   0.0004992730794685
11375.0   0.0004976512789917
11375.9   0.0004953942626524
11376.8   0.0004962597589924
11377.7   0.0005024128757660
11378.6   0.0005079414602636
11379.5   0.0005075824276975
11380.4   0.0005037987336933
11381.3   0.0005012158450849
11382.2   0.0005002566671877
11383.1   0.0004960821186281
11384.0   0.0004858874376396
11384.9   0.0004761737010654
11385.8   0.0004761566805334
11386.7   0.0004855323056120
11387.6   0.0004955208185435
11388.5   0.0005006828896766
11389.4   0.0005019904508690
11390.3   0.0005018582557827
11391.2   0.0005014948651368
11392.1   0.0005009772831122
11393.0   0.0005004462379383
11393.9   0.0005005043571071
11394.8   0.0005014750993577
11395.7   0.0005028886728421
11396.6   0.0005035726854719
11397.5   0.0005017595412725
11398.4   0.0004973092097649
11399.3   0.0004933602976396
11400.2   0.0004926378515504
11401.1   0.0004942317420150
11402.0   0.0004943935857699
11402.9   0.0004918420387326
11403.8   0.0004910972188795
11404.7   0.0004948351816425
11405.6   0.0004981794302176
11406.5   0.0004940095371395
11407.4   0.0004809422753428
11408.3   0.0004680452989357
11409.2   0.0004680191504571
11410.1   0.0004811616434629
11411.0   0.0004951060117072
11411.9   0.0005010089449620
11412.8   0.0004986465454497
11413.7   0.0004909380059864
11414.6   0.0004830942516651
11415.5   0.0004812892173832
11416.4   0.0004866969766929
11417.3   0.0004942199946451
11418.2   0.0004988029215875
11419.1   0.0004990536312786
11420.0   0.0004938194059010
11420.9   0.0004825484736651
11421.8   0.0004728142621231
11422.7   0.0004751261147732
11423.6   0.0004867630342012
11424.5   0.0004966363497014
11425.4   0.0005003097991576
11426.3   0.0004995251846602
11427.2   0.0004967366427287
11428.1   0.0004946665548396
11429.0   0.0004951910800516
11429.9   0.0004971729540007
11430.8   0.0004986474834091
11431.7   0.0004993038605515
11432.6   0.0004995843104196
11433.5   0.0004994490383688
11434.4   0.0004984013491298
11435.3   0.0004943259497445
11436.2   0.0004843868283837
11437.1   0.0004715126947202
11438.0   0.0004656080228088
11438.9   0.0004716174830896
11439.8   0.0004829371663385
11440.7   0.0004888467110635
11441.6   0.0004817127289406
11442.5   0.0004644441638635
11443.4   0.0004538317248980
11444.3   0.0004614869264979
11445.2   0.0004783037726037
11446.1   0.0004906026397379
11447.0   0.0004936565669940
11447.9   0.0004869314779877
11448.8   0.0004748407920916
11449.7   0.0004693763091137
11450.6   0.0004767562653765
11451.5   0.0004876451278476
11452.4   0.0004896368846863
11453.3   0.0004820264649296
11454.2   0.0004765945245684
11455.1   0.0004828576799965
11456.0   0.0004942382276612
11456.9   0.0004974996155282
11457.8   0.0004896749063585
11458.7   0.0004804118707266
11459.6   0.0004812239491335
11460.5   0.0004910287020874
11461.4   0.0004985244505851
11462.3   0.0004992977180611
11463.2   0.0004964353976139
11464.1   0.0004880462656412
11465.0   0.0004710246584175
11465.9   0.0004533189928100
11466.8   0.0004500272356470
11467.7   0.0004630879774820
11468.6   0.0004772214703742
11469.5   0.0004815817806540
11470.4   0.0004804078901183
11471.3   0.0004808302806997
11472.2   0.0004830542511272
11473.1   0.0004842776933731
11474.0   0.0004808225253767
11474.9   0.0004706040179311
11475.8   0.0004627696546425
11476.7   0.0004679655952617
11477.6   0.0004811015111129
11478.5   0.0004912777760688
11479.4   0.0004952943470965
11480.3   0.0004955984632823
11481.2   0.0004952660939285
11482.1   0.0004956215119193
11483.0   0.0004961316588997
11483.9   0.0004958742919843
11484.8   0.0004943496618163
11485.7   0.0004911411085175
11486.6   0.0004857447076676
11487.5   0.0004792054947668
11488.4   0.0004770309502256
11489.3   0.0004838247847947
11490.2   0.0004946383931798
11491.1   0.0005007506515258
11492.0   0.0005003408547654
11492.9   0.0004970526321081
11493.8   0.0004924412575427
11494.7   0.0004852879328663
11495.6   0.0004765623823003
11496.5   0.0004680777729212
11497.4   0.0004620751643196
11498.3   0.0004635043056428
11499.2   0.0004727663346841
11500.1   0.0004832713887340
11501.0   0.0004905233478510
11501.9   0.0004964333272401
11502.8   0.0005013002271176
11503.7   0.0005010419908740
11504.6   0.0004965225020166
11505.5   0.0004937018292555
11506.4   0.0004938707420217
11507.3   0.0004929113010383
11508.2   0.0004900181880695
11509.1   0.0004891068461030
11510.0   0.0004910985343104
11510.9   0.0004920769746914
11511.8   0.0004893984027832
11512.7   0.0004866389490324
11513.6   0.0004893580705280
11514.5   0.0004962902083581
11515.4   0.0005007217806772
11516.3   0.0004992421153689
11517.2   0.0004933322389266
11518.1   0.0004838523402124
11519.0   0.0004713587778663
11519.9   0.0004622642317749
11520.8   0.0004646336087903
11521.7   0.0004761799236255
11522.6   0.0004868374875902
11523.5   0.0004905807692694
11524.4   0.0004850470603105
11525.3   0.0004685557547564
11526.2   0.0004493198655398
11527.1   0.0004446924655945
11528.0   0.0004583930558965
11528.9   0.0004759991491042
11529.8   0.0004862538709344
11530.7   0.0004896025004664
11531.6   0.0004902640821397
11532.5   0.0004904198863510
11533.4   0.0004905436855565
11534.3   0.0004902472560627
11535.2   0.0004885686518481
11536.1   0.0004857897754741
11537.0   0.0004841821358970
11537.9   0.0004837882272542
11538.8   0.0004807470310815
11539.7   0.0004749196035603
11540.6   0.0004728683663679
11541.5   0.0004767773351480
11542.4   0.0004808524828856
11543.3   0.0004810559628882
11544.2   0.0004802818832765
11545.1   0.0004825199459724
11546.0   0.0004861551907398
11546.9   0.0004879212997056
11547.8   0.0004869974096721
11548.7   0.0004834138213043
11549.6   0.0004795040175115
11550.5   0.0004790920131149
11551.4   0.0004813393982124
11552.3   0.0004820511263994
11553.2   0.0004807398362464
11554.1   0.0004805038365043
11555.0   0.0004809134616868
11555.9   0.0004761481016363
11556.8   0.0004662754495708
11557.7   0.0004618236539314
11558.6   0.0004680245723201
11559.5   0.0004777576056937
11560.4   0.0004837885017789
11561.3   0.0004861551221086
11562.2   0.0004877318776559
11563.1   0.0004886685216498
11564.0   0.0004868853120823
11564.9   0.0004830383401326
11565.8   0.0004811308509413
11566.7   0.0004824927909032
11567.6   0.0004847279710896
11568.5   0.0004862043764170
11569.4   0.0004864598330979
11570.3   0.0004844222878254
11571.2   0.0004806139666670
11572.1   0.0004785610022566
11573.0   0.0004798405390515
11573.9   0.0004818497282092
11574.8   0.0004828324809159
11575.7   0.0004826441455265
11576.6   0.0004797977932665
11577.5   0.0004748275462743
11578.4   0.0004722784928365
11579.3   0.0004740289882094
11580.2   0.0004780710900351
11581.1   0.0004822288811489
11582.0   0.0004841783383052
11582.9   0.0004825998555400
11583.8   0.0004793802983757
11584.7   0.0004782474264070
11585.6   0.0004802061830878
11586.5   0.0004823243356782
11587.4   0.0004809374482833
11588.3   0.0004746602577794
11589.2   0.0004675698107000
11590.1   0.0004653918460385
11591.0   0.0004669614067506
11591.9   0.0004681573164558
11592.8   0.0004694746118368
11593.7   0.0004731212836953
11594.6   0.0004772705645431
11595.5   0.0004784077602760
11596.4   0.0004769589904361
11597.3   0.0004762555666216
11598.2   0.0004773615580458
11599.1   0.0004783344736170
11600.0   0.0004786821362848
11600.9   0.0004797929776456
11601.8   0.0004797236830334
11602.7   0.0004756510860879
11603.6   0.0004718873866334
11604.5   0.0004731478096453
11605.4   0.0004741978094673
11606.3   0.0004688722131155
11607.2   0.0004622560646648
11608.1   0.0004625732093357
11609.0   0.0004668660094140
11609.9   0.0004678167342378
11610.8   0.0004668447337490
11611.7   0.0004691646162469
11612.6   0.0004736809595087
11613.5   0.0004761866494809
11614.4   0.0004767301969676
11615.3   0.0004775491270537
11616.2   0.0004785639762743
11617.1   0.0004790270308284
11618.0   0.0004793145039536
11618.9   0.0004792551036696
11619.8   0.0004783325290670
11620.7   0.0004766551144595
11621.6   0.0004745820754297
11622.5   0.0004734519601466
11623.4   0.0004746255532806
11624.3   0.0004769170224711
11625.2   0.0004785255199379
11626.1   0.0004790037534208
11627.0   0.0004786584699671
11627.9   0.0004781448571123
11628.8   0.0004779442710578
11629.7   0.0004782117038791
11630.6   0.0004789263260141
11631.5   0.0004798249712128
11632.4   0.0004805289211997
11633.3   0.0004808491771506
11634.2   0.0004808110982856
11635.1   0.0004802333839111
11636.0   0.0004775580376683
11636.9   0.0004710745418450
11637.8   0.0004649822322945
11638.7   0.0004663810500758
11639.6   0.0004734911256719
11640.5   0.0004788202222138
11641.4   0.0004800641623046
11642.3   0.0004796709628506
11643.2   0.0004794283859540
11644.1   0.0004794639826581
11645.0   0.0004796703794856
11645.9   0.0004799057729857
11646.8   0.0004799224160462
11647.7   0.0004797046493202
11648.6   0.0004794852583231
11649.5   0.0004791020790209
11650.4   0.0004780782162390
11651.3   0.0004771150005409
11652.2   0.0004778048125052
11653.1   0.0004800531126851
11654.0   0.0004818955623972
11654.9   0.0004815850863891
11655.8   0.0004787934331775
11656.7   0.0004755756604239
11657.6   0.0004747146479875
11658.5   0.0004757889546848
11659.4   0.0004769113146448
11660.3   0.0004781183426008
11661.2   0.0004795677186827
11662.1   0.0004803039482000
11663.0   0.0004799430168380
11663.9   0.0004795443955209
11664.8   0.0004797707868982
11665.7   0.0004794499247052
11666.6   0.0004778008547740
11667.5   0.0004761489595260
11668.4   0.0004760779834500
11669.3   0.0004770162517151
11670.2   0.0004773026038644
11671.1   0.0004772134176493
11672.0   0.0004779987298970
11672.9   0.0004792265645383
11673.8   0.0004797872126267
11674.7   0.0004797270002070
11675.6   0.0004795768695064
11676.5   0.0004795319961549
11677.4   0.0004797479784702
11678.3   0.0004800877943067
11679.2   0.0004801157271960
11680.1   0.0004796253803103
11681.0   0.0004789788974960
11681.9   0.0004787935818784
11682.8   0.0004792650895059
11683.7   0.0004799434286250
11684.6   0.0004802883346072
11685.5   0.0004804894925882
11686.4   0.0004802894098290
11687.3   0.0004774365490457
11688.2   0.0004698965105615
11689.1   0.0004608912993861
11690.0   0.0004583056655306
11690.9   0.0004637740490471
11691.8   0.0004701596539343
11692.7   0.0004733326219676
11693.6   0.0004748342263756
11694.5   0.0004756724418226
11695.4   0.0004757322081396
11696.3   0.0004758274567753
11697.2   0.0004766485373050
11698.1   0.0004774682108955
11699.0   0.0004772607274076
11699.9   0.0004762817036617
11700.8   0.0004759838786672
11701.7   0.0004770400438566
11702.6   0.0004782118411415
11703.5   0.0004782843499804
11704.4   0.0004779813776477
11705.3   0.0004784314265937
11706.2   0.0004790882269616
11707.1   0.0004788317636901
11708.0   0.0004776391254044
11708.9   0.0004763462741611
11709.8   0.0004756561991106
11710.7   0.0004752154382506
11711.6   0.0004746408237176
11712.5   0.0004745806456135
11713.4   0.0004754044141977
11714.3   0.0004762549946951
11715.2   0.0004760196240721
11716.1   0.0004748704293217
11717.0   0.0004740010438816
11717.9   0.0004740552281962
11718.8   0.0004745488579399
11719.7   0.0004746818537232
11720.6   0.0004738903875466
11721.5   0.0004720574318140
11722.4   0.0004704537499681
11723.3   0.0004707028125110
11724.2   0.0004722631308913
11725.1   0.0004734601615723
11726.0   0.0004738111642908
11726.9   0.0004738793379270
11727.8   0.0004741632536695
11728.7   0.0004747819408569
11729.6   0.0004755226199623
11730.5   0.0004759909819941
11731.4   0.0004759310440991
11732.3   0.0004754475145771
11733.2   0.0004747544197548
11734.1   0.0004738776107090
11735.0   0.0004730327494764
11735.9   0.0004725724058538
11736.8   0.0004721485168250
11737.7   0.0004711541540108
11738.6   0.0004699824024801
11739.5   0.0004696566674735
11740.4   0.0004703233964851
11741.3   0.0004712171574317
11742.2   0.0004715475364813
11743.1   0.0004712053299921
11744.0   0.0004708266689092
11744.9   0.0004707854330101
11745.8   0.0004707142510406
11746.7   0.0004699130049212
11747.6   0.0004685715971198
11748.5   0.0004682247923418
11749.4   0.0004694807543272
11750.3   0.0004708128740425
11751.2   0.0004701607291561
11752.1   0.0004670824721476
11753.0   0.0004635669315922
11753.9   0.0004622528618765
11754.8   0.0004642625314524
11755.7   0.0004683026086584
11756.6   0.0004716002223485
11757.5   0.0004728973744789
11758.4   0.0004728202673511
11759.3   0.0004723327343437
11760.2   0.0004723119848511
11761.1   0.0004728521922871
11762.0   0.0004732233954488
11762.9   0.0004727698463127
11763.8   0.0004713525667447
11764.7   0.0004696455949768
11765.6   0.0004689659633038
11766.5   0.0004696676255848
11767.4   0.0004703817673015
11768.3   0.0004697376065087
11769.2   0.0004681154743146
11770.1   0.0004667381609690
11771.0   0.0004658013797127
11771.9   0.0004651868218344
11772.8   0.0004655530606742
11773.7   0.0004667349009881
11774.6   0.0004675963595271
11775.5   0.0004678891630071
11776.4   0.0004678615961508
11777.3   0.0004683540934800
11778.2   0.0004699771178794
11779.1   0.0004711857472295
11780.0   0.0004699317984252
11780.9   0.0004655575331393
11781.8   0.0004590080827545
11782.7   0.0004537028469853
11783.6   0.0004543214655416
11784.5   0.0004609389751773
11785.4   0.0004679601848372
11786.3   0.0004711283258110
11787.2   0.0004708535952078
11788.1   0.0004695336003338
11789.0   0.0004688230045613
11789.9   0.0004688454927104
11790.8   0.0004689977852931
11791.7   0.0004689257683109
11792.6   0.0004684139741823
11793.5   0.0004670407443917
11794.4   0.0004654337453723
11795.3   0.0004649739622376
11796.2   0.0004653850515519
11797.1   0.0004656188093422
11798.0   0.0004653733499361
11798.9   0.0004644550419051
11799.8   0.0004633955938577
11800.7   0.0004633435714252
11801.6   0.0004644843245408
11802.5   0.0004660307222306
11803.4   0.0004672555942927
11804.3   0.0004679838969090
11805.2   0.0004681605078056
11806.1   0.0004678193422226
11807.0   0.0004674139721731
11807.9   0.0004673535652984
11808.8   0.0004673833855450
11809.7   0.0004670064288030
11810.6   0.0004663471119585
11811.5   0.0004658343684320
11812.4   0.0004656123122574
11813.3   0.0004656543259765
11814.2   0.0004660347028389
11815.1   0.0004668172355239
11816.0   0.0004674257881742
11816.9   0.0004665060045728
11817.8   0.0004639218691647
11818.7   0.0004623490599102
11819.6   0.0004635064789634
11820.5   0.0004650837721215
11821.4   0.0004655864954962
11822.3   0.0004665425392363
11823.2   0.0004677965681102
11824.1   0.0004672657631455
11825.0   0.0004636089109957
11825.9   0.0004546402459222
11826.8   0.0004400012043385
11827.7   0.0004283682540803
11828.6   0.0004307316258676
11829.5   0.0004442071859774
11830.4   0.0004564817462364
11831.3   0.0004625306923212
11832.2   0.0004646531915529
11833.1   0.0004651013645800
11834.0   0.0004646186815092
11834.9   0.0004635064904019
11835.8   0.0004620310230340
11836.7   0.0004594793959270
11837.6   0.0004553888061744
11838.5   0.0004523363659272
11839.4   0.0004536643677718
11840.3   0.0004579206446253
11841.2   0.0004607389381722
11842.1   0.0004611960446909
11843.0   0.0004614019496617
11843.9   0.0004625785854446
11844.8   0.0004640582965069
11845.7   0.0004646169657297
11846.6   0.0004643136502411
11847.5   0.0004641439825320
11848.4   0.0004642534035058
11849.3   0.0004643223320850
11850.2   0.0004645059548002
11851.1   0.0004648290360680
11852.0   0.0004650123156273
11852.9   0.0004648646442105
11853.8   0.0004646146551468
11854.7   0.0004649344535565
11855.6   0.0004660930965323
11856.5   0.0004670418196135
11857.4   0.0004665974441782
11858.3   0.0004652107512383
11859.2   0.0004640831066776
11860.1   0.0004633998375522
11861.0   0.0004627169802138
11861.9   0.0004622269421685
11862.8   0.0004624032785404
11863.7   0.0004630841341360
11864.6   0.0004636371069711
11865.5   0.0004642473296466
11866.4   0.0004659726030618
11867.3   0.0004686995942657
11868.2   0.0004701299938271
11869.1   0.0004686164475943
11870.0   0.0004657188964760
11870.9   0.0004634872851107
11871.8   0.0004622951272433
11872.7   0.0004619360718000
11873.6   0.0004617949317836
11874.5   0.0004607468879502
11875.4   0.0004591449790764
11876.3   0.0004590098328495
11877.2   0.0004606113756904
11878.1   0.0004622747437836
11879.0   0.0004627165684268
11879.9   0.0004601743781067
11880.8   0.0004520381634612
11881.7   0.0004390714463394
11882.6   0.0004287627689652
11883.5   0.0004286334449499
11884.4   0.0004381024884994
11885.3   0.0004503787645378
11886.2   0.0004588469481885
11887.1   0.0004617590834320
11888.0   0.0004613269472233
11888.9   0.0004603696109294
11889.8   0.0004605670742654
11890.7   0.0004619888262984
11891.6   0.0004642760632329
11892.5   0.0004669325015864
11893.4   0.0004684130934156
11894.3   0.0004677715177304
11895.2   0.0004664293206706
11896.1   0.0004655735585192
11897.0   0.0004646477010587
11897.9   0.0004634368183183
11898.8   0.0004624723443819
11899.7   0.0004620387554800
11900.6   0.0004619158942339
11901.5   0.0004613473535601
11902.4   0.0004601162131838
11903.3   0.0004592330328771
11904.2   0.0004593388049600
11905.1   0.0004597995832467
11906.0   0.0004599013861599
11906.9   0.0004596857012463
11907.8   0.0004595376637966
11908.7   0.0004596836880651
11909.6   0.0004598717489298
11910.5   0.0004598455890127
11911.4   0.0004597942071378
11912.3   0.0004598353057746
11913.2   0.0004599696398659
11914.1   0.0004603880269620
11915.0   0.0004610551563222
11915.9   0.0004614090529886
11916.8   0.0004609755327178
11917.7   0.0004600179104606
11918.6   0.0004592268331940
11919.5   0.0004589010181177
11920.4   0.0004588934229341
11921.3   0.0004590622327535
11922.2   0.0004592975233068
11923.1   0.0004593449360119
11924.0   0.0004590574285711
11924.9   0.0004586308057337
11925.8   0.0004586099647328
11926.7   0.0004593433574948
11927.6   0.0004602041297221
11928.5   0.0004604224454975
11929.4   0.0004602574790240
11930.3   0.0004602317880866
11931.2   0.0004602875623568
11932.1   0.0004602091626751
11933.0   0.0004599764114754
11933.9   0.0004600042642949
11934.8   0.0004605441514521
11935.7   0.0004607677975823
11936.6   0.0004605065072513
11937.5   0.0004607618609854
11938.4   0.0004611308336338
11939.3   0.0004603966630518
11940.2   0.0004588719756912
11941.1   0.0004576447587305
11942.0   0.0004571447348489
11942.9   0.0004572104835168
11943.8   0.0004576715592053
11944.7   0.0004583449340026
11945.6   0.0004587326658395
11946.5   0.0004579971569496
11947.4   0.0004552019463553
11948.3   0.0004502281419804
11949.2   0.0004457171061964
11950.1   0.0004453676819951
11951.0   0.0004487594690991
11951.9   0.0004523909505903
11952.8   0.0004543861161107
11953.7   0.0004550475033290
11954.6   0.0004551265893225
11955.5   0.0004550900660976
11956.4   0.0004550078688241
11957.3   0.0004548275861595
11958.2   0.0004548202311850
11959.1   0.0004552366966082
11960.0   0.0004561492968129
11960.9   0.0004574533006226
11961.8   0.0004585900731299
11962.7   0.0004589184733139
11963.6   0.0004585144987650
11964.5   0.0004579849062844
11965.4   0.0004576670409861
11966.3   0.0004575085830360
11967.2   0.0004571274283536
11968.1   0.0004560493355030
11969.0   0.0004543186974174
11969.9   0.0004517605045944
11970.8   0.0004466854692328
11971.7   0.0004380290760166
11972.6   0.0004310726427497
11973.5   0.0004330127203118
11974.4   0.0004414638147992
11975.3   0.0004496493409456
11976.2   0.0004558534621226
11977.1   0.0004601640262374
11978.0   0.0004613044476356
11978.9   0.0004595435546393
11979.8   0.0004569934145412
11980.7   0.0004540817482774
11981.6   0.0004484437999985
11982.5   0.0004371948869321
11983.4   0.0004244697744318
11984.3   0.0004213382825067
11985.2   0.0004301646980265
11986.1   0.0004411425522577
11987.0   0.0004469404226184
11987.9   0.0004486933772752
11988.8   0.0004481137297892
11989.7   0.0004429715273820
11990.6   0.0004342489508337
11991.5   0.0004304873789457
11992.4   0.0004363861943299
11993.3   0.0004454729850983
11994.2   0.0004505489812964
11995.1   0.0004514352614446
11996.0   0.0004510855169644
11996.9   0.0004513238044125
11997.8   0.0004524418520469
11998.7   0.0004537916786060
11999.6   0.0004546710498823
12000.5   0.0004550794625807
12001.4   0.0004551451426175
12002.3   0.0004541947609495
12003.2   0.0004520820302221
12004.1   0.0004499960770925
12005.0   0.0004489833897540
12005.9   0.0004490663419704
12006.8   0.0004496937338789
12007.7   0.0004504543503412
12008.6   0.0004512517759917
12009.5   0.0004519032231279
12010.4   0.0004520733712553
12011.3   0.0004515141872986
12012.2   0.0004503371626058
12013.1   0.0004493121330938
12014.0   0.0004492023918411
12014.9   0.0004499903120736
12015.8   0.0004510355649058
12016.7   0.0004516782043742
12017.6   0.0004521064857984
12018.5   0.0004527650362614
12019.4   0.0004529617560929
12020.3   0.0004520421211925
12021.2   0.0004508492198206
12022.1   0.0004507110423833
12023.0   0.0004518473687880
12023.9   0.0004533130447746
12024.8   0.0004540240752113
12025.7   0.0004535866200863
12026.6   0.0004523590485313
12027.5   0.0004507222063882
12028.4   0.0004478405891416
12029.3   0.0004402459316787
12030.2   0.0004269186034736
12031.1   0.0004170253163008
12032.0   0.0004212244348219
12032.9   0.0004354770828767
12033.8   0.0004471323840217
12034.7   0.0004514806838455
12035.6   0.0004507315859824
12036.5   0.0004472217189377
12037.4   0.0004443733992506
12038.3   0.0004444795602436
12039.2   0.0004460338962729
12040.1   0.0004474196398148
12041.0   0.0004482208744957
12041.9   0.0004482361792483
12042.8   0.0004477883150614
12043.7   0.0004479485002296
12044.6   0.0004494724784014
12045.5   0.0004513309077393
12046.4   0.0004519251164735
12047.3   0.0004511335130345
12048.2   0.0004496811972505
12049.1   0.0004478667604972
12050.0   0.0004467090097267
12050.9   0.0004472950742278
12051.8   0.0004484718015189
12052.7   0.0004487268807283
12053.6   0.0004482817045960
12054.5   0.0004480554276040
12055.4   0.0004484660936926
12056.3   0.0004491890659542
12057.2   0.0004495561054911
12058.1   0.0004492017055294
12059.0   0.0004483986063682
12059.9   0.0004478615216507
12060.8   0.0004481667816894
12061.7   0.0004489561546151
12062.6   0.0004489737127580
12063.5   0.0004476471521680
12064.4   0.0004461236772915
12065.3   0.0004457917197248
12066.2   0.0004467726651438
12067.1   0.0004482222814348
12068.0   0.0004488629992302
12068.9   0.0004480267740874
12069.8   0.0004466868532949
12070.7   0.0004462333499130
12071.6   0.0004467765199282
12072.5   0.0004471970689064
12073.4   0.0004462893186382
12074.3   0.0004443880863226
12075.2   0.0004429619990868
12076.1   0.0004425668436443
12077.0   0.0004428891814076
12077.9   0.0004435404455273
12078.8   0.0004434770760734
12079.7   0.0004413478166708
12080.6   0.0004370575788231
12081.5   0.0004309326580248
12082.4   0.0004237005790723
12083.3   0.0004198689233136
12084.2   0.0004241393839437
12085.1   0.0004335281976469
12086.0   0.0004412202198735
12086.9   0.0004448290530761
12087.8   0.0004455210154840
12088.7   0.0004446306517807
12089.6   0.0004432085909073
12090.5   0.0004425077178849
12091.4   0.0004437866026836
12092.3   0.0004467850645098
12093.2   0.0004500729096956
12094.1   0.0004523550564845
12095.0   0.0004532241330842
12095.9   0.0004543238905098
12096.8   0.0004557990261604
12097.7   0.0004540173379173
12098.6   0.0004487919316460
12099.5   0.0004446377551075
12100.4   0.0004424339965618
12101.3   0.0004377495412310
12102.2   0.0004287744820195
12103.1   0.0004220934084749
12104.0   0.0004247579910615
12104.9   0.0004332128945792
12105.8   0.0004391988829974
12106.7   0.0004410682018155
12107.6   0.0004414319241788
12108.5   0.0004411615859709
12109.4   0.0004401145258510
12110.3   0.0004395829201892
12111.2   0.0004408296855968
12112.1   0.0004425339464332
12113.0   0.0004428587434804
12113.9   0.0004423261426665
12114.8   0.0004424708858197
12115.7   0.0004435364763575
12116.6   0.0004442998495055
12117.5   0.0004437241025580
12118.4   0.0004424556268213
12119.3   0.0004419147902661
12120.2   0.0004423287506513
12121.1   0.0004424799336966
12122.0   0.0004415974053861
12122.9   0.0004408396828717
12123.8   0.0004414513239249
12124.7   0.0004424729333165
12125.6   0.0004426235329968
12126.5   0.0004423916282483
12127.4   0.0004423395486232
12128.3   0.0004417597981904
12129.2   0.0004404747823398
12130.1   0.0004400147818731
12131.0   0.0004411400929738
12131.9   0.0004422887844289
12132.8   0.0004423001428888
12133.7   0.0004420449492941
12134.6   0.0004422672571163
12135.5   0.0004423631463097
12136.4   0.0004418615782265
12137.3   0.0004413374190474
12138.2   0.0004413039727870
12139.1   0.0004414729084302
12140.0   0.0004417770818086
12140.9   0.0004429680958231
12141.8   0.0004450439944853
12142.7   0.0004461635291285
12143.6   0.0004449448224339
12144.5   0.0004426857700362
12145.4   0.0004410625854974
12146.3   0.0004399443548466
12147.2   0.0004392482402525
12148.1   0.0004396241904039
12149.0   0.0004407882666813
12149.9   0.0004417177730327
12150.8   0.0004421226855410
12151.7   0.0004420634225193
12152.6   0.0004412136198419
12153.5   0.0004399613067474
12154.4   0.0004395390763053
12155.3   0.0004401056495520
12156.2   0.0004408381729858
12157.1   0.0004415041584930
12158.0   0.0004420114344024
12158.9   0.0004418971406149
12159.8   0.0004413071183826
12160.7   0.0004408624455455
12161.6   0.0004406252905119
12162.5   0.0004405584094295
12163.4   0.0004409445055567
12164.3   0.0004415248279159
12165.2   0.0004416408717984
12166.1   0.0004412274719012
12167.0   0.0004407324924111
12167.9   0.0004406521253023
12168.8   0.0004411891985813
12169.7   0.0004420459673232
12170.6   0.0004427493911377
12171.5   0.0004432753347274
12172.4   0.0004438912881063
12173.3   0.0004440657371207
12174.2   0.0004431253870432
12175.1   0.0004417189168857
12176.0   0.0004408089932968
12176.9   0.0004404060139001
12177.8   0.0004403134990729
12178.7   0.0004405934570841
12179.6   0.0004407477056554
12180.5   0.0004403465221078
12181.4   0.0004399429936615
12182.3   0.0004397779814340
12183.2   0.0004395631086560
12184.1   0.0004396831445853
12185.0   0.0004404472154836
12185.9   0.0004410194851180
12186.8   0.0004405209253681
12187.7   0.0004393157390155
12188.6   0.0004382083749677
12189.5   0.0004375099612291
12190.4   0.0004375034183902
12191.3   0.0004381189942976
12192.2   0.0004385925151063
12193.1   0.0004387701669090
12194.0   0.0004391526827764
12194.9   0.0004398326690438
12195.8   0.0004403892907698
12196.7   0.0004402165346577
12197.6   0.0004394192920237
12198.5   0.0004388379859509
12199.4   0.0004386519382674
12200.3   0.0004383522831082
12201.2   0.0004381099578592
12202.1   0.0004385461776230
12203.0   0.0004394713373332
12203.9   0.0004404579905784
12204.8   0.0004417406500919
12205.7   0.0004429194020027
12206.6   0.0004425613645886
12207.5   0.0004406069316720
12208.4   0.0004387640358572
12209.3   0.0004378957942701
12210.2   0.0004374943819518
12211.1   0.0004371249288852
12212.0   0.0004369883642807
12212.9   0.0004373899710539
12213.8   0.0004381201267120
12214.7   0.0004387777049000
12215.6   0.0004392404620523
12216.5   0.0004395213580230
12217.4   0.0004393437176588
12218.3   0.0004386626904852
12219.2   0.0004382385841243
12220.1   0.0004385144585805
12221.0   0.0004387032743881
12221.9   0.0004379758754156
12222.8   0.0004368951745803
12223.7   0.0004365407174259
12224.6   0.0004367304940700
12225.5   0.0004365927856125
12226.4   0.0004364996302277
12227.3   0.0004372591485912
12228.2   0.0004381269440757
12229.1   0.0004381051193612
12230.0   0.0004374066941841
12230.9   0.0004366399352314
12231.8   0.0004362360865064
12232.7   0.0004361623423062
12233.6   0.0004361875985795
12234.5   0.0004364651659381
12235.4   0.0004370368750846
12236.3   0.0004374986599619
12237.2   0.0004375202444672
12238.1   0.0004373005103141
12239.0   0.0004372927092370
12239.9   0.0004373554038176
12240.8   0.0004370783511928
12241.7   0.0004366637616885
12242.6   0.0004365088039284
12243.5   0.0004365091928384
12244.4   0.0004363855995264
12245.3   0.0004361450586880
12246.2   0.0004359141948457
12247.1   0.0004358063180733
12248.0   0.0004358874058095
12248.9   0.0004357420907298
12249.8   0.0004350870404568
12250.7   0.0004347110903054
12251.6   0.0004352369652639
12252.5   0.0004360254688614
12253.4   0.0004363388616946
12254.3   0.0004363059187294
12255.2   0.0004364710567808
12256.1   0.0004369674775257
12257.0   0.0004371120376624
12257.9   0.0004364032148619
12258.8   0.0004354657930480
12259.7   0.0004351402410579
12260.6   0.0004353772016365
12261.5   0.0004355195655755
12262.4   0.0004352653213787
12263.3   0.0004351075154248
12264.2   0.0004355435064179
12265.1   0.0004360119713965
12266.0   0.0004355431289464
12266.9   0.0004337979524898
12267.8   0.0004305897766624
12268.7   0.0004249653487255
12269.6   0.0004177768848862
12270.5   0.0004141356920835
12271.4   0.0004175223318492
12272.3   0.0004246649271849
12273.2   0.0004304511759996
12274.1   0.0004333164018333
12275.0   0.0004341178767233
12275.9   0.0004338781022665
12276.8   0.0004334986290479
12277.7   0.0004333838662807
12278.6   0.0004333081317765
12279.5   0.0004330395665407
12280.4   0.0004325811445910
12281.3   0.0004320583923511
12282.2   0.0004316914214454
12283.1   0.0004314723392885
12284.0   0.0004312943672069
12284.9   0.0004313718632448
12285.8   0.0004319316420049
12286.7   0.0004330383654951
12287.6   0.0004342381757388
12288.5   0.0004346005941098
12289.4   0.0004338165286618
12290.3   0.0004324702022927
12291.2   0.0004315475819360
12292.1   0.0004316808522441
12293.0   0.0004322685524549
12293.9   0.0004321838730205
12294.8   0.0004314901490791
12295.7   0.0004311480912908
12296.6   0.0004315910826640
12297.5   0.0004324522094857
12298.4   0.0004330181536133
12299.3   0.0004329405889443
12300.2   0.0004326228151543
12301.1   0.0004326610884742
12302.0   0.0004330178447730
12302.9   0.0004331422502206
12303.8   0.0004329100366318
12304.7   0.0004326762330874
12305.6   0.0004324029437388
12306.5   0.0004318054407082
12307.4   0.0004313345393228
12308.3   0.0004316709922316
12309.2   0.0004323633092339
12310.1   0.0004324586836934
12311.0   0.0004320122150072
12311.9   0.0004315870105475
12312.8   0.0004313154827325
12313.7   0.0004312294649901
12314.6   0.0004314688390985
12315.5   0.0004318408200801
12316.4   0.0004319235206489
12317.3   0.0004317350708742
12318.2   0.0004316401082017
12319.1   0.0004317249592141
12320.0   0.0004316800286699
12320.9   0.0004313201610911
12321.8   0.0004309045764347
12322.7   0.0004306056190259
12323.6   0.0004302667525873
12324.5   0.0004299081432467
12325.4   0.0004297856823491
12326.3   0.0004298615884314
12327.2   0.0004299046087411
12328.1   0.0004297813357079
12329.0   0.0004293524251646
12329.9   0.0004287506670009
12330.8   0.0004284459788887
12331.7   0.0004286673258744
12332.6   0.0004292009332789
12333.5   0.0004297542492699
12334.4   0.0004300416537639
12335.3   0.0004298556175189
12336.2   0.0004293735406902
12337.1   0.0004292016996604
12338.0   0.0004298577794010
12338.9   0.0004309571364781
12339.8   0.0004315427548766
12340.7   0.0004312852506989
12341.6   0.0004304500664622
12342.5   0.0004293761372364
12343.4   0.0004285745708382
12344.3   0.0004282428534806
12345.2   0.0004281869533866
12346.1   0.0004284045599731
12347.0   0.0004288026779949
12347.9   0.0004291045407902
12348.8   0.0004291858916126
12349.7   0.0004290438136368
12350.6   0.0004287233060382
12351.5   0.0004284068362405
12352.4   0.0004283614939093
12353.3   0.0004285012384251
12354.2   0.0004284800313912
12355.1   0.0004282943840563
12356.0   0.0004281661695783
12356.9   0.0004281027658089
12357.8   0.0004279782802916
12358.7   0.0004278399427150
12359.6   0.0004278653019350
12360.5   0.0004280058357093
12361.4   0.0004278846330500
12362.3   0.0004273579573944
12363.2   0.0004267836288247
12364.1   0.0004264356916322
12365.0   0.0004263096047207
12365.9   0.0004264189799405
12366.8   0.0004268266605729
12367.7   0.0004275142992166
12368.6   0.0004282946471425
12369.5   0.0004289470779922
12370.4   0.0004292399615418
12371.3   0.0004290784723814
12372.2   0.0004287111468812
12373.1   0.0004283992868110
12374.0   0.0004283042669459
12374.9   0.0004285559946661
12375.8   0.0004288871744128
12376.7   0.0004288095296741
12377.6   0.0004283953062027
12378.5   0.0004280943699282
12379.4   0.0004280959484453
12380.3   0.0004282797999311
12381.2   0.0004283170437834
12382.1   0.0004279541335557
12383.0   0.0004273870798907
12383.9   0.0004270651539145
12384.8   0.0004271251490021
12385.7   0.0004273011193410
12386.6   0.0004272679247282
12387.5   0.0004268123395339
12388.4   0.0004258852238351
12389.3   0.0004249010870664
12390.2   0.0004247203582992
12391.1   0.0004255806501082
12392.0   0.0004265546523397
12392.9   0.0004265759051277
12393.8   0.0004252067131380
12394.7   0.0004227822252872
12395.6   0.0004208850307725
12396.5   0.0004211262693611
12397.4   0.0004229762685028
12398.3   0.0004247510135584
12399.2   0.0004256588438964
12400.1   0.0004259302344490
12401.0   0.0004261441235134
12401.9   0.0004266741620967
12402.8   0.0004273192036563
12403.7   0.0004276640066916
12404.6   0.0004275536935125
12405.5   0.0004270591830020
12406.4   0.0004265015775625
12407.3   0.0004261620934434
12408.2   0.0004260106473118
12409.1   0.0004258959646144
12410.0   0.0004259363540623
12410.9   0.0004265461878278
12411.8   0.0004276153014327
12412.7   0.0004283767757848
12413.6   0.0004284841378234
12414.5   0.0004283676249612
12415.4   0.0004282783929920
12416.3   0.0004279520059892
12417.2   0.0004274091219372
12418.1   0.0004269465592399
12419.0   0.0004263942155240
12419.9   0.0004254560845212
12420.8   0.0004242882792831
12421.7   0.0004230121397315
12422.6   0.0004218922848095
12423.5   0.0004215151107354
12424.4   0.0004218707689353
12425.3   0.0004223716735838
12426.2   0.0004227615558642
12427.1   0.0004232077157101
12428.0   0.0004237242225129
12428.9   0.0004240090647763
12429.8   0.0004238086731768
12430.7   0.0004230451398894
12431.6   0.0004216417352577
12432.5   0.0004200670615229
12433.4   0.0004195763829198
12434.3   0.0004205140220659
12435.2   0.0004216775149782
12436.1   0.0004223660000731
12437.0   0.0004229178748093
12437.9   0.0004234069405797
12438.8   0.0004235363789803
12439.7   0.0004232744137761
12440.6   0.0004229748386866
12441.5   0.0004229269913174
12442.4   0.0004229524077301
12443.3   0.0004226753436668
12444.2   0.0004220535337608
12445.1   0.0004213948345969
12446.0   0.0004210953510157
12446.9   0.0004212712069693
12447.8   0.0004216368738827
12448.7   0.0004220939117702
12449.6   0.0004228473905901
12450.5   0.0004237026265691
12451.4   0.0004240460684195
12452.3   0.0004236569296435
12453.2   0.0004229487245236
12454.1   0.0004224125892041
12455.0   0.0004222206735549
12455.9   0.0004222199414890
12456.8   0.0004221338436769
12457.7   0.0004219396975145
12458.6   0.0004219842277102
12459.5   0.0004224942145511
12460.4   0.0004232126571549
12461.3   0.0004237469165556
12462.2   0.0004238097369600
12463.1   0.0004232978284461
12464.0   0.0004224522351476
12464.9   0.0004216271168169
12465.8   0.0004211758897024
12466.7   0.0004213361892558
12467.6   0.0004217562463773
12468.5   0.0004218614465337
12469.4   0.0004217742391843
12470.3   0.0004219440327172
12471.2   0.0004223383073930
12472.1   0.0004225649389794
12473.0   0.0004223351160433
12473.9   0.0004217387454270
12474.8   0.0004211623007293
12475.7   0.0004209491666078
12476.6   0.0004210294193313
12477.5   0.0004212276948029
12478.4   0.0004216995799018
12479.3   0.0004224041361307
12480.2   0.0004228496211034
12481.1   0.0004227402573222
12482.0   0.0004222592328381
12482.9   0.0004217619770806
12483.8   0.0004214742179922
12484.7   0.0004214054953065
12485.6   0.0004213892297175
12486.5   0.0004212913616584
12487.4   0.0004212293648282
12488.3   0.0004213274044651
12489.2   0.0004214433682779
12490.1   0.0004214015146982
12491.0   0.0004211425578273
12491.9   0.0004205907402837
12492.8   0.0004197830085180
12493.7   0.0004189604181024
12494.6   0.0004184127069910
12495.5   0.0004182405799980
12496.4   0.0004182541232170
12497.3   0.0004182607804412
12498.2   0.0004181757349739
12499.1   0.0004179675994898
12500.0   0.0004177087341271
12500.9   0.0004173761016871
12501.8   0.0004168694205812
12502.7   0.0004162855179622
12503.6   0.0004157912019068
12504.5   0.0004154648492196
12505.4   0.0004154740686745
12506.3   0.0004160563927764
12507.2   0.0004169944780250
12508.1   0.0004176343951234
12509.0   0.0004176498943309
12509.9   0.0004175197009874
12510.8   0.0004179208273424
12511.7   0.0004187164685823
12512.6   0.0004194375077323
12513.5   0.0004201589472309
12514.4   0.0004207929734865
12515.3   0.0004208244751969
12516.2   0.0004202786285658
12517.1   0.0004197394734745
12518.0   0.0004194725439484
12518.9   0.0004190264069795
12519.8   0.0004179298523422
12520.7   0.0004164296548734
12521.6   0.0004152810091724
12522.5   0.0004150695565147
12523.4   0.0004156766107176
12524.3   0.0004164196804756
12525.2   0.0004166140325315
12526.1   0.0004163641921686
12527.0   0.0004165077457147
12527.9   0.0004173662988673
12528.8   0.0004184427445696
12529.7   0.0004193739781391
12530.6   0.0004200125569295
12531.5   0.0004202823804035
12532.4   0.0004203613176961
12533.3   0.0004203742775501
12534.2   0.0004202010982124
12535.1   0.0004196462837741
12536.0   0.0004186377943759
12536.9   0.0004173422550781
12537.8   0.0004162563268348
12538.7   0.0004158595242439
12539.6   0.0004160505019337
12540.5   0.0004162413537996
12541.4   0.0004162433669808
12542.3   0.0004166763496406
12543.2   0.0004177512053874
12544.1   0.0004186405853771
12545.0   0.0004187634237462
12545.9   0.0004184216290441
12546.8   0.0004181424488528
12547.7   0.0004180831629540
12548.6   0.0004180024298123
12549.5   0.0004176047922088
12550.4   0.0004169153691545
12551.3   0.0004163120095967
12552.2   0.0004162578939133
12553.1   0.0004168109239410
12554.0   0.0004174971670841
12554.9   0.0004178741695802
12555.8   0.0004177920409379
12556.7   0.0004175007359053
12557.6   0.0004174415300763
12558.5   0.0004174096623329
12559.4   0.0004168604184585
12560.3   0.0004158178308037
12561.2   0.0004149018447941
12562.1   0.0004146755220480
12563.0   0.0004151762665571
12563.9   0.0004163066563649
12564.8   0.0004177980232889
12565.7   0.0004188327984280
12566.6   0.0004188671597708
12567.5   0.0004181002292402
12568.4   0.0004167676634222
12569.3   0.0004151363918430
12570.2   0.0004138124621148
12571.1   0.0004131405743264
12572.0   0.0004129564483158
12572.9   0.0004130616942264
12573.8   0.0004134968158913
12574.7   0.0004145968478416
12575.6   0.0004164231921041
12576.5   0.0004180967519272
12577.4   0.0004181647539855
12578.3   0.0004161313265836
12579.2   0.0004132821261298
12580.1   0.0004112958254698
12581.0   0.0004108886595712
12581.9   0.0004117080243214
12582.8   0.0004130076700513
12583.7   0.0004143803164769
12584.6   0.0004153462087909
12585.5   0.0004153025250465
12586.4   0.0004143178049128
12587.3   0.0004131138767983
12588.2   0.0004124224520014
12589.1   0.0004125135484509
12590.0   0.0004134341327493
12590.9   0.0004149984431764
12591.8   0.0004161127732886
12592.7   0.0004158159548848
12593.6   0.0004144623993651
12594.5   0.0004130647940679
12595.4   0.0004125117182861
12596.3   0.0004132062658017
12597.2   0.0004151980340788
12598.1   0.0004181057883655
12599.0   0.0004200408558516
12599.9   0.0004189732406941
12600.8   0.0004162859297493
12601.7   0.0004153045611047
12602.6   0.0004165960397245
12603.5   0.0004182988707447
12604.4   0.0004190752266237
12605.3   0.0004189232200043
12606.2   0.0004183834243553
12607.1   0.0004174494569773
12608.0   0.0004160013620106
12608.9   0.0004144913960375
12609.8   0.0004135331332227
12610.7   0.0004132976024603
12611.6   0.0004134094140869
12612.5   0.0004130334753740
12613.4   0.0004117096371541
12614.3   0.0004101893307502
12615.2   0.0004097305999603
12616.1   0.0004105632677204
12617.0   0.0004116760536312
12617.9   0.0004122105418025
12618.8   0.0004120195755513
12619.7   0.0004111275075071
12620.6   0.0004100872990665
12621.5   0.0004100914970068
12622.4   0.0004110660826033
12623.3   0.0004113517141253
12624.2   0.0004104132285281
12625.1   0.0004095400798118
12626.0   0.0004091472349522
12626.9   0.0004085220049258
12627.8   0.0004081388141852
12628.7   0.0004094401985716
12629.6   0.0004119448133220
12630.5   0.0004130084364327
12631.4   0.0004111643052568
12632.3   0.0004083475559113
12633.2   0.0004076744442002
12634.1   0.0004090270960761
12635.0   0.0004098938049002
12635.9   0.0004093931290224
12636.8   0.0004084312973863
12637.7   0.0004082174883916
12638.6   0.0004091196109033
12639.5   0.0004098091483429
12640.4   0.0004090292808353
12641.3   0.0004069458098665
12642.2   0.0004046472716648
12643.1   0.0004041847547216
12644.0   0.0004062764271160
12644.9   0.0004086053918064
12645.8   0.0004085333405086
12646.7   0.0004055743873636
12647.6   0.0004022983810559
12648.5   0.0004021542441448
12649.4   0.0004048388670351
12650.3   0.0004067598422528
12651.2   0.0004059340490489
12652.1   0.0004043250940409
12653.0   0.0004047653287285
12653.9   0.0004069568480476
12654.8   0.0004081152279372
12655.7   0.0004068144955470
12656.6   0.0004050400364547
12657.5   0.0004050473914292
12658.4   0.0004058810314643
12659.3   0.0004060086854543
12660.2   0.0004058240103944
12661.1   0.0004059506921094
12662.0   0.0004065410803747
12662.9   0.0004072633205704
12663.8   0.0004073349715196
12664.7   0.0004067452009349
12665.6   0.0004060888466696
12666.5   0.0004053375182932
12667.4   0.0004043703219868
12668.3   0.0004037103188306
12669.2   0.0004037830450016
12670.1   0.0004045982575656
12671.0   0.0004060270557328
12671.9   0.0004074072630265
12672.8   0.0004077879372906
12673.7   0.0004073328325146
12674.6   0.0004068605013130
12675.5   0.0004062227689738
12676.4   0.0004055205347664
12677.3   0.0004058195493679
12678.2   0.0004069140107543
12679.1   0.0004075056458193
12680.0   0.0004073981465184
12680.9   0.0004071279112573
12681.8   0.0004066940707077
12682.7   0.0004062719660895
12683.6   0.0004066034889920
12684.5   0.0004069493329336
12685.4   0.0004043825040208
12686.3   0.0003977785147270
12687.2   0.0003922983266480
12688.1   0.0003926206758499
12689.0   0.0003962843339247
12689.9   0.0003998015902596
12690.8   0.0004019864866701
12691.7   0.0004026448541166
12692.6   0.0004025937696435
12693.5   0.0004024713316230
12694.4   0.0004022308365388
12695.3   0.0004019241123683
12696.2   0.0004019933040337
12697.1   0.0004024646172061
12698.0   0.0004028234781944
12698.9   0.0004032445990991
12699.8   0.0004038422050765
12700.7   0.0004042407120082
12701.6   0.0004046498682110
12702.5   0.0004052932740608
12703.4   0.0004059156787704
12704.3   0.0004061042658074
12705.2   0.0004053599263727
12706.1   0.0004040138859668
12707.0   0.0004035270850254
12707.9   0.0004040817850784
12708.8   0.0004039629387561
12709.7   0.0004028462637453
12710.6   0.0004024541280745
12711.5   0.0004031926681748
12712.4   0.0004038932895496
12713.3   0.0004043703219868
12714.2   0.0004048019091461
12715.1   0.0004043867591538
12716.0   0.0004034142553697
12716.9   0.0004035731479839
12717.8   0.0004046358560123
12718.7   0.0004046558734390
12719.6   0.0004033965256488
12720.5   0.0004024793957863
12721.4   0.0004026309563032
12722.3   0.0004031275943801
12723.2   0.0004034436981448
12724.1   0.0004036629861952
12725.0   0.0004037596417701
12725.9   0.0004035794963679
12726.8   0.0004038139519085
12727.7   0.0004051105664280
12728.6   0.0004059230566220
12729.5   0.0004045832616533
12730.4   0.0004025309034850
12731.3   0.0004019848623989
12732.2   0.0004027595253755
12733.1   0.0004038466089104
12734.0   0.0004049266920652
12734.9   0.0004054994535564
12735.8   0.0004048308715029
12736.7   0.0004031324443166
12737.6   0.0004020050056494
12738.5   0.0004024919667303
12739.4   0.0004040811102051
12740.3   0.0004066390971346
12741.2   0.0004097062244538
12742.1   0.0004110015006654
12743.0   0.0004092560268069
12743.9   0.0004064014388057
12744.8   0.0004049450737822
12745.7   0.0004050584410488
12746.6   0.0004053873102125
12747.5   0.0004049372955821
12748.4   0.0004040879961999
12749.3   0.0004036507698456
12750.2   0.0004035356296069
12751.1   0.0004036084472862
12752.0   0.0004039450260188
12752.9   0.0004042046806401
12753.8   0.0004041954840623
12754.7   0.0004042137628326
12755.6   0.0004045058113696
12756.5   0.0004049590859809
12757.4   0.0004051791175357
12758.3   0.0004047993583540
12759.2   0.0004041341049126
12760.1   0.0004041766676812
12761.0   0.0004049724233064
12761.9   0.0004052245628137
12762.8   0.0004043955668216
12763.7   0.0004034869014710
12764.6   0.0004033762680130
12765.5   0.0004037665735190
12766.4   0.0004042392249994
12767.3   0.0004049561234017
12768.2   0.0004056618234836
12769.1   0.0004056726214555
12770.0   0.0004050889819227
12770.9   0.0004047216335455
12771.8   0.0004048792336060
12772.7   0.0004050697766316
12773.6   0.0004049728579705
12774.5   0.0004048551898168
12775.4   0.0004049072694419
12776.3   0.0004050544604405
12777.2   0.0004051651510911
12778.1   0.0004049838847130
12779.0   0.0004046022152968
12779.9   0.0004046596023997
12780.8   0.0004051883141135
12781.7   0.0004051654256158
12782.6   0.0004041549001594
12783.5   0.0004030841737218
12784.4   0.0004027646269597
12785.3   0.0004030234122528
12786.2   0.0004035758131613
12787.1   0.0004045651201454
12788.0   0.0004056768193959
12788.9   0.0004060832189130
12789.8   0.0004057146466132
12790.7   0.0004053704040657
12791.6   0.0004051831667752
12792.5   0.0004045537388085
12793.4   0.0004036585823613
12794.3   0.0004031662337330
12795.2   0.0004031937433966
12796.1   0.0004033827879748
12797.0   0.0004033518467523
12797.9   0.0004031662222944
12798.8   0.0004031260158630
12799.7   0.0004032840849031
12800.6   0.0004035397703547
12801.5   0.0004036536981092
12802.4   0.0004033251263472
12803.3   0.0004025341291503
12804.2   0.0004016756446290
12805.1   0.0004010478180564
12806.0   0.0004002878192746
12806.9   0.0003992965448635
12807.8   0.0003988294410699
12808.7   0.0003990740654633
12809.6   0.0003992469931534
12810.5   0.0003987258995002
12811.4   0.0003975762014545
12812.3   0.0003962194774621
12813.2   0.0003945178818031
12814.1   0.0003906090045313
12815.0   0.0003808726997383
12815.9   0.0003616611173971
12816.8   0.0003370708982424
12817.7   0.0003226973906842
12818.6   0.0003307077586273
12819.5   0.0003542096360088
12820.4   0.0003759058499893
12821.3   0.0003879660636427
12822.2   0.0003931301136414
12823.1   0.0003952804084999
12824.0   0.0003962486342740
12824.9   0.0003967375742205
12825.8   0.0003973722410337
12826.7   0.0003983775276436
12827.6   0.0003995855621901
12828.5   0.0004004956687955
12829.4   0.0004005217943970
12830.3   0.0003998192284722
12831.2   0.0003993923654257
12832.1   0.0003996326088623
12833.0   0.0003998520227365
12833.9   0.0003997585699499
12834.8   0.0004000288166496
12835.7   0.0004011607964130
12836.6   0.0004025117096324
12837.5   0.0004030783515103
12838.4   0.0004027670404895
12839.3   0.0004022470106196
12840.2   0.0004018843634781
12841.1   0.0004013334838939
12842.0   0.0004003891188925
12842.9   0.0003994974740739
12843.8   0.0003991419645749
12844.7   0.0003991453618181
12845.6   0.0003990292607430
12846.5   0.0003989648503830
12847.4   0.0003995799001180
12848.3   0.0004009265467659
12849.2   0.0004022041733263
12850.1   0.0004025846416969
12851.0   0.0004020680891400
12851.9   0.0004013953892160
12852.8   0.0004010782902992
12853.7   0.0004009120655875
12854.6   0.0004006428826711
12855.5   0.0004003620095774
12856.4   0.0004001214916161
12857.3   0.0003997971063560
12858.2   0.0003993263994257
12859.1   0.0003988248313425
12860.0   0.0003986438166120
12860.9   0.0003991350213874
12861.8   0.0004001290982383
12862.7   0.0004010447868461
12863.6   0.0004013351653578
12864.5   0.0004008373033582
12865.4   0.0004000726262178
12866.3   0.0003996761439058
12867.2   0.0003995647898204
12868.1   0.0003992087884646
12869.0   0.0003987429085937
12869.9   0.0003990659212303
12870.8   0.0004002628718416
12871.7   0.0004011825067421
12872.6   0.0004010503459714
12873.5   0.0004004580932258
12874.4   0.0004003862249445
12875.3   0.0004006782277274
12876.2   0.0004003664706040
12877.1   0.0003989621394515
12878.0   0.0003967775861969
12878.9   0.0003949795751722
12879.8   0.0003950067302414
12880.7   0.0003967162756784
12881.6   0.0003981494433640
12882.5   0.0003981811967221
12883.4   0.0003976571290512
12884.3   0.0003976219784498
12885.2   0.0003980736173514
12886.1   0.0003986967083728
12887.0   0.0003997296762242
12887.9   0.0004010304772456
12888.8   0.0004013816972961
12889.7   0.0004005045908485
12890.6   0.0003995989681468
12891.5   0.0003992638878615
12892.4   0.0003991075803550
12893.3   0.0003987285532391
12894.2   0.0003983142496980
12895.1   0.0003981736472925
12896.0   0.0003979018678299
12896.9   0.0003966014785956
12897.8   0.0003938645129940
12898.7   0.0003905924415404
12899.6   0.0003890718377348
12900.5   0.0003906051840624
12901.4   0.0003934960436409
12902.3   0.0003955593141664
12903.2   0.0003963329591139
12904.1   0.0003963681783465
12905.0   0.0003965068362020
12905.9   0.0003971154803604
12906.8   0.0003976528510412
12907.7   0.0003975564928681
12908.6   0.0003968591085972
12909.5   0.0003960333840245
12910.4   0.0003956061206294
12911.3   0.0003956583489554
12912.2   0.0003959285613395
12913.1   0.0003963161559140
12914.0   0.0003966628577453
12914.9   0.0003965871346795
12915.8   0.0003960662011658
12916.7   0.0003956912232894
12917.6   0.0003959425392226
12918.5   0.0003966092339187
12919.4   0.0003972144236412
12920.3   0.0003973750663505
12921.2   0.0003968589484577
12922.1   0.0003960707651391
12923.0   0.0003958609367527
12923.9   0.0003963322041710
12924.8   0.0003968006920266
12925.7   0.0003968369407269
12926.6   0.0003966497606290
12927.5   0.0003967301963689
12928.4   0.0003971796047572
12929.3   0.0003973875114707
12930.2   0.0003968744362268
12931.1   0.0003960470873829
12932.0   0.0003954187803921
12932.9   0.0003949718427262
12933.8   0.0003946614353492
12934.7   0.0003947615339215
12935.6   0.0003953934097335
12936.5   0.0003962596610165
12937.4   0.0003969857331195
12938.3   0.0003973262238293
12939.2   0.0003971190034275
12940.1   0.0003963740577507
12941.0   0.0003955759801040
12941.9   0.0003953161539048
12942.8   0.0003955650448697
12943.7   0.0003958632816512
12944.6   0.0003959052153006
12945.5   0.0003955628257950
12946.4   0.0003949907048614
12947.3   0.0003947589259367
12948.2   0.0003951144468743
12949.1   0.0003954081883137
12950.0   0.0003951469551754
12950.9   0.0003949465864529
12951.8   0.0003954734794405
12952.7   0.0003966887202607
12953.6   0.0003981135263811
12954.5   0.0003986604596726
12955.4   0.0003977189428650
12956.3   0.0003963737145948
12957.2   0.0003957516187256
12958.1   0.0003956844859955
12959.0   0.0003956111192668
12959.9   0.0003954255634401
12960.8   0.0003951104777046
12961.7   0.0003944586530970
12962.6   0.0003937764363163
12963.5   0.0003936945821987
12964.4   0.0003941090344406
12965.3   0.0003944923853207
12966.2   0.0003947266120907
12967.1   0.0003948542775192
12968.0   0.0003946399766677
12968.9   0.0003940152842522
12969.8   0.0003934727204791
12970.7   0.0003934481276405
12971.6   0.0003937411598911
12972.5   0.0003936860604941
12973.4   0.0003929778782513
12974.3   0.0003920410169253
12975.2   0.0003915636642093
12976.1   0.0003919770297909
12977.0   0.0003930185079084
12977.9   0.0003940502861527
12978.8   0.0003945488344641
12979.7   0.0003943080762937
12980.6   0.0003936412900894
12981.5   0.0003930046215335
12982.4   0.0003925845872891
12983.3   0.0003924166811135
12984.2   0.0003924815032606
12985.1   0.0003927596539842
12986.0   0.0003931004535342
12986.9   0.0003932068089822
12987.8   0.0003929972436819
12988.7   0.0003925155328861
12989.6   0.0003920011422112
12990.5   0.0003919763320406
12991.4   0.0003925630942920
12992.3   0.0003933311915527
12993.2   0.0003938324393571
12994.1   0.0003939163752870
12995.0   0.0003939121544696
12995.9   0.0003941337302260
12996.8   0.0003941868850729
12997.7   0.0003936333517499
12998.6   0.0003929356243231
12999.5   0.0003926811399172
13000.4   0.0003927304628567
13001.3   0.0003930915772353
13002.2   0.0003945005638693
13003.1   0.0003971928505745
13004.0   0.0003993994573140
13004.9   0.0003989958144825
13005.8   0.0003965789332538
13006.7   0.0003943381253109
13007.6   0.0003932748453560
13008.5   0.0003930224770781
13009.4   0.0003929073368395
13010.3   0.0003922852066546
13011.2   0.0003910960571204
13012.1   0.0003902576472184
13013.0   0.0003903561901507
13013.9   0.0003913387712794
13014.8   0.0003934779364486
13015.7   0.0003967466335359
13016.6   0.0003992986838685
13017.5   0.0003989023845730
13018.4   0.0003962276674492
13019.3   0.0003938723712638
13020.2   0.0003927567943518
13021.1   0.0003921082411636
13022.0   0.0003913422600309
13022.9   0.0003904475611249
13023.8   0.0003898054135133
13024.7   0.0003897649096801
13025.6   0.0003901497475690
13026.5   0.0003904782735768
13027.4   0.0003901250060295
13028.3   0.0003887783479431
13029.2   0.0003872226049747
13030.1   0.0003866504840411
13031.0   0.0003875544138405
13031.9   0.0003894681027148
13032.8   0.0003912115519535
13033.7   0.0003918954273209
13034.6   0.0003916601482062
13035.5   0.0003913359688396
13036.4   0.0003914258642435
13037.3   0.0003918499019733
13038.2   0.0003924757153646
13039.1   0.0003929673548041
13040.0   0.0003929072110156
13040.9   0.0003926360034795
13041.8   0.0003928241901680
13042.7   0.0003930793151316
13043.6   0.0003923898692002
13044.5   0.0003906537406204
13045.4   0.0003887387706308
13046.3   0.0003874370316500
13047.2   0.0003869160066280
13048.1   0.0003867506969987
13049.0   0.0003864300750148
13049.9   0.0003859280379519
13050.8   0.0003854342137533
13051.7   0.0003851063854958
13052.6   0.0003853294940151
13053.5   0.0003864251106930
13054.4   0.0003878687560716
13055.3   0.0003887492940780
13056.2   0.0003890296409993
13057.1   0.0003893843726783
13058.0   0.0003899787529904
13058.9   0.0003905457837783
13059.8   0.0003910584929893
13060.7   0.0003916593017550
13061.6   0.0003923841156198
13062.5   0.0003930433409561
13063.4   0.0003936042406921
13064.3   0.0003943591264512
13065.2   0.0003949978196268
13066.1   0.0003943486830737
13067.0   0.0003924220915380
13067.9   0.0003908150238874
13068.8   0.0003900889517843
13069.7   0.0003896482252399
13070.6   0.0003893623191933
13071.5   0.0003891444609591
13072.4   0.0003886566991811
13073.3   0.0003879499124389
13074.2   0.0003873324606127
13075.1   0.0003869935484200
13076.0   0.0003869573683510
13076.9   0.0003872694800688
13077.8   0.0003881321510920
13078.7   0.0003894048590848
13079.6   0.0003898450823339
13080.5   0.0003882690931681
13081.4   0.0003859257273690
13082.3   0.0003850289466506
13083.2   0.0003856015594409
13084.1   0.0003863101191552
13085.0   0.0003864272496980
13085.9   0.0003860229319932
13086.8   0.0003854857557675
13087.7   0.0003852093208234
13088.6   0.0003853789885325
13089.5   0.0003858097635562
13090.4   0.0003861493620606
13091.3   0.0003862370727053
13092.2   0.0003862816143395
13093.1   0.0003867821072009
13094.0   0.0003880247089838
13094.9   0.0003893485700808
13095.8   0.0003895789763819
13096.7   0.0003887567977534
13097.6   0.0003880262646238
13098.5   0.0003874543838994
13099.4   0.0003861085608256
13100.3   0.0003839743942938
13101.2   0.0003823489678032
13102.1   0.0003826723693498
13103.0   0.0003848823733326
13103.9   0.0003874231910292
13104.8   0.0003888579143548
13105.7   0.0003888083626447
13106.6   0.0003880031702326
13107.5   0.0003873394953084
13108.4   0.0003870042548837
13109.3   0.0003868053045389
13110.2   0.0003866967757703
13111.1   0.0003866501294467
13112.0   0.0003865542516918
13112.9   0.0003863579436473
13113.8   0.0003861068908003
13114.7   0.0003860372072782
13115.6   0.0003863199219750
13116.5   0.0003867163127788
13117.4   0.0003869302933515
13118.3   0.0003869411370775
13119.2   0.0003868079925933
13120.1   0.0003859218840230
13121.0   0.0003825102167546
13121.9   0.0003756094548111
13122.8   0.0003690863244829
13123.7   0.0003687826772769
13124.6   0.0003740676554102
13125.5   0.0003793724679538
13126.4   0.0003818931538384
13127.3   0.0003826302526839
13128.2   0.0003826917004648
13129.1   0.0003820132355218
13130.0   0.0003810388329417
13130.9   0.0003806696543998
13131.8   0.0003808214322487
13132.7   0.0003811336354748
13133.6   0.0003821168457226
13134.5   0.0003842228963488
13135.4   0.0003867481690836
13136.3   0.0003884177826140
13137.2   0.0003884853156926
13138.1   0.0003875840281935
13139.0   0.0003870819339380
13139.9   0.0003873825613722
13140.8   0.0003880715726394
13141.7   0.0003886873201248
13142.6   0.0003886811090032
13143.5   0.0003878607719780
13144.4   0.0003867818555532
13145.3   0.0003857619848181
13146.2   0.0003847051104399
13147.1   0.0003836229683498
13148.0   0.0003816517436718
13148.9   0.0003769751809263
13149.8   0.0003708189299955
13150.7   0.0003683859890713
13151.6   0.0003717861263020
13152.5   0.0003773908685295
13153.4   0.0003816517665488
13154.3   0.0003843987980565
13155.2   0.0003864858378465
13156.1   0.0003877196434001
13157.0   0.0003876308460951
13157.9   0.0003865472627503
13158.8   0.0003852534163549
13159.7   0.0003842899375706
13160.6   0.0003837012765233
13161.5   0.0003830778309075
13162.4   0.0003821334544676
13163.3   0.0003810178432400
13164.2   0.0003802394055485
13165.1   0.0003803664075424
13166.0   0.0003815795551116
13166.9   0.0003837232842541
13167.8   0.0003861485956791
13168.7   0.0003877407017331
13169.6   0.0003876252297770
13170.5   0.0003861077944441
13171.4   0.0003843301096864
13172.3   0.0003827264735947
13173.2   0.0003811014360141
13174.1   0.0003787782820967
13175.0   0.0003748365876836
13175.9   0.0003704316213843
13176.8   0.0003694058369294
13177.7   0.0003732334548871
13178.6   0.0003785253075767
13179.5   0.0003823669262947
13180.4   0.0003847223254269
13181.3   0.0003857828944502
13182.2   0.0003852899281413
13183.1   0.0003838148382448
13184.0   0.0003826391289829
13184.9   0.0003824064921684
13185.8   0.0003827241744502
13186.7   0.0003831769915204
13187.6   0.0003838617247775
13188.5   0.0003845205612038
13189.4   0.0003848381176617
13190.3   0.0003850800311236
13191.2   0.0003851264829922
13192.1   0.0003844478807869
13193.0   0.0003832836100545
13193.9   0.0003822438362779
13194.8   0.0003812414550546
13195.7   0.0003802829291536
13196.6   0.0003802221905615
13197.5   0.0003816112855927
13198.4   0.0003837440566238
13199.3   0.0003852201645494
13200.2   0.0003852663990859
13201.1   0.0003842960457454
13202.0   0.0003829588587614
13202.9   0.0003817250303307
13203.8   0.0003808941812968
13204.7   0.0003804592655254
13205.6   0.0003805013249987
13206.5   0.0003809914202367
13207.4   0.0003815068861333
13208.3   0.0003816306967773
13209.2   0.0003813773104703
13210.1   0.0003810298651346
13211.0   0.0003810194560727
13211.9   0.0003820347285189
13212.8   0.0003838253159379
13213.7   0.0003848569797970
13214.6   0.0003842928429571
13215.5   0.0003827374888986
13216.4   0.0003809754062953
13217.3   0.0003794235295498
13218.2   0.0003785725601424
13219.1   0.0003788220344723
13220.0   0.0003799332647431
13220.9   0.0003811756720710
13221.8   0.0003819533090654
13222.7   0.0003820149627398
13223.6   0.0003811814027743
13224.5   0.0003798099459558
13225.4   0.0003790134582647
13226.3   0.0003797098245065
13227.2   0.0003817838472498
13228.1   0.0003839278509170
13229.0   0.0003848762079652
13229.9   0.0003844339372193
13230.8   0.0003827968777442
13231.7   0.0003803401218014
13232.6   0.0003783159138544
13233.5   0.0003779504413961
13234.4   0.0003787910932498
13235.3   0.0003794955808476
13236.2   0.0003794592749547
13237.1   0.0003789970096592
13238.0   0.0003786738254447
13238.9   0.0003785767237671
13239.8   0.0003786441195834
13240.7   0.0003794827696945
13241.6   0.0003809860784434
13242.5   0.0003812914299903
13243.4   0.0003794016247657
13244.3   0.0003768269375831
13245.2   0.0003755014178993
13246.1   0.0003758611024617
13247.0   0.0003769108506360
13247.9   0.0003773129492660
13248.8   0.0003766679992147
13249.7   0.0003757352786364
13250.6   0.0003756229980301
13251.5   0.0003768112896746
13252.4   0.0003787270031687
13253.3   0.0003803664647350
13254.2   0.0003807504790498
13255.1   0.0003796155710228
13256.0   0.0003780973807469
13256.9   0.0003774791167851
13257.8   0.0003780056894939
13258.7   0.0003789914962879
13259.6   0.0003792294634571
13260.5   0.0003782589728542
13261.4   0.0003769959761731
13262.3   0.0003765024493762
13263.2   0.0003768917254146
13264.1   0.0003774322760065
13265.0   0.0003774060588967
13265.9   0.0003768997323853
13266.8   0.0003767643573878
13267.7   0.0003775772593688
13268.6   0.0003789010975887
13269.5   0.0003799065900921
13270.4   0.0003799936716178
13271.3   0.0003788729359289
13272.2   0.0003771083940417
13273.1   0.0003761309831284
13274.0   0.0003764878766895
13274.9   0.0003771975116256
13275.8   0.0003773673852282
13276.7   0.0003769263612821
13277.6   0.0003761563881025
13278.5   0.0003755692712567
13279.4   0.0003755442208770
13280.3   0.0003758208502761
13281.2   0.0003761295189966
13282.1   0.0003770524138780
13283.0   0.0003790571648862
13283.9   0.0003806602176129
13284.8   0.0003795778810679
13285.7   0.0003749690801716
13286.6   0.0003685988372296
13287.5   0.0003655371660890
13288.4   0.0003688812774018
13289.3   0.0003747438326473
13290.2   0.0003776879157039
13291.1   0.0003767736569123
13292.0   0.0003744706233685
13292.9   0.0003730587199094
13293.8   0.0003730143956073
13294.7   0.0003735251259527
13295.6   0.0003739265954635
13296.5   0.0003745157140520
13297.4   0.0003755773239815
13298.3   0.0003766550507992
13299.2   0.0003770146781689
13300.1   0.0003765323611310
13301.0   0.0003760352083203
13301.9   0.0003760356887385
13302.8   0.0003760275673825
13303.7   0.0003756881518946
13304.6   0.0003754927703709
13305.5   0.0003758912086715
13306.4   0.0003762759779292
13307.3   0.0003755075718282
13308.2   0.0003741840424486
13309.1   0.0003747556600869
13310.0   0.0003781148473816
13310.9   0.0003818531533004
13311.8   0.0003824585946706
13312.7   0.0003796132833169
13313.6   0.0003767193582124
13314.5   0.0003760120567364
13315.4   0.0003764972334067
13316.3   0.0003767602967098
13317.2   0.0003767614520013
13318.1   0.0003766972475348
13319.0   0.0003762326144636
13319.9   0.0003754541310181
13320.8   0.0003752684150519
13321.7   0.0003761592820505
13322.6   0.0003766097427836
13323.5   0.0003742927885492
13324.4   0.0003704886767698
13325.3   0.0003691096133291
13326.2   0.0003708989081943
13327.1   0.0003731308398383
13328.0   0.0003737790155550
13328.9   0.0003735297928727
13329.8   0.0003737966537676
13330.7   0.0003744627422216
13331.6   0.0003746162472884
13332.5   0.0003746904147142
13333.4   0.0003763271539105
13334.3   0.0003800960807730
13335.2   0.0003841295007548
13336.1   0.0003859135110194
13337.0   0.0003853208350482
13337.9   0.0003837907830171
13338.8   0.0003815120563486
13339.7   0.0003785788970878
13340.6   0.0003764677677545
13341.5   0.0003753152329535
13342.4   0.0003737770710050
13343.3   0.0003720116483510
13344.2   0.0003713715253591
13345.1   0.0003725136396597
13346.0   0.0003748979897103
13346.9   0.0003770282785806
13347.8   0.0003767677088769
13348.7   0.0003736954227809
13349.6   0.0003703176936297
13350.5   0.0003685012322568
13351.4   0.0003679623745672
13352.3   0.0003681139122070
13353.2   0.0003686937312709
13354.1   0.0003696753401246
13355.0   0.0003712147031187
13355.9   0.0003734495058337
13356.8   0.0003755814532907
13357.7   0.0003754280054165
13358.6   0.0003722695528772
13359.5   0.0003693498453271
13360.4   0.0003694822348684
13361.3   0.0003712497850889
13362.2   0.0003722940770846
13363.1   0.0003721749905533
13364.0   0.0003716096297907
13364.9   0.0003711546393999
13365.8   0.0003711335238743
13366.7   0.0003719220045947
13367.6   0.0003736319618188
13368.5   0.0003757244120333
13369.4   0.0003773076761039
13370.3   0.0003783911107478
13371.2   0.0003796606502678
13372.1   0.0003806065251551
13373.0   0.0003799367763717
13373.9   0.0003777193259061
13374.8   0.0003756930704623
13375.7   0.0003747686771335
13376.6   0.0003746565681052
13377.5   0.0003749757373958
13378.4   0.0003746581466223
13379.3   0.0003731495418342
13380.2   0.0003716247515268
13381.1   0.0003708085895648
13382.0   0.0003705042674856
13382.9   0.0003704360709723
13383.8   0.0003704691511998
13384.7   0.0003710742036600
13385.6   0.0003723147465076
13386.5   0.0003730730752640
13387.4   0.0003725165679233
13388.3   0.0003714405912007
13389.2   0.0003711824579038
13390.1   0.0003715547362873
13391.0   0.0003711914371495
13391.9   0.0003701963651466
13392.8   0.0003699054719010
13393.7   0.0003703081538961
13394.6   0.0003706538262597
13395.5   0.0003707174702382
13396.4   0.0003708351269534
13397.3   0.0003716520438583
13398.2   0.0003731734826766
13399.1   0.0003746514665210
13400.0   0.0003756326750261
13400.9   0.0003764649996304
13401.8   0.0003776494822445
13402.7   0.0003788837110238
13403.6   0.0003784444829268
13404.5   0.0003754628471776
13405.4   0.0003722920410264
13406.3   0.0003709812656072
13407.2   0.0003708581183978
13408.1   0.0003711306184878
13409.0   0.0003718188176195
13409.9   0.0003729455127822
13410.8   0.0003744801745407
13411.7   0.0003761173598396
13412.6   0.0003768544358082
13413.5   0.0003757979960940
13414.4   0.0003734057077039
13415.3   0.0003713105351194
13416.2   0.0003705172502166
13417.1   0.0003702879534528
13418.0   0.0003698660318511
13418.9   0.0003692735503349
13419.8   0.0003688019168836
13420.7   0.0003689528940354
13421.6   0.0003696956778302
13422.5   0.0003703948465117
13423.4   0.0003705969310136
13424.3   0.0003705112564271
13425.2   0.0003703003871345
13426.1   0.0003694676164276
13427.0   0.0003684747177452
13427.9   0.0003691683158628
13428.8   0.0003717747220880
13429.7   0.0003736240120408
13430.6   0.0003722635362107
13431.5   0.0003689903780968
13432.4   0.0003674326905784
13433.3   0.0003683169232298
13434.2   0.0003697743863522
13435.1   0.0003713141382563
13436.0   0.0003731426215238
13436.9   0.0003749163485503
13437.8   0.0003762218279302
13438.7   0.0003761410147188
13439.6   0.0003747688601500
13440.5   0.0003744690448514
13441.4   0.0003767167273506
13442.3   0.0003800226339746
13443.2   0.0003818149829273
13444.1   0.0003806410580759
13445.0   0.0003764883227922
13445.9   0.0003710650985904
13446.8   0.0003669059691687
13447.7   0.0003656075016073
13448.6   0.0003666502265245
13449.5   0.0003681875305833
13450.4   0.0003693073168742
13451.3   0.0003701541569724
13452.2   0.0003709193030925
13453.1   0.0003721186329181
13454.0   0.0003739584174528
13454.9   0.0003753745188522
13455.8   0.0003756326635876
13456.7   0.0003743175529657
13457.6   0.0003712979984910
13458.5   0.0003688814832953
13459.4   0.0003693317724504
13460.3   0.0003715434578971
13461.2   0.0003732781795377
13462.1   0.0003729334794491
13463.0   0.0003694948630050
13463.9   0.0003641582856648
13464.8   0.0003615479674625
13465.7   0.0003644591075540
13466.6   0.0003692335955511
13467.5   0.0003723696514495
13468.4   0.0003736749134974
13469.3   0.0003731877465230
13470.2   0.0003716848495611
13471.1   0.0003704632946726
13472.0   0.0003699239794419
13472.9   0.0003697678892674
13473.8   0.0003697135104978
13474.7   0.0003696750427228
13475.6   0.0003696378789403
13476.5   0.0003696007723503
13477.4   0.0003695636657604
13478.3   0.0003695265706090
13479.2   0.0003694894640191
13480.1   0.0003694523574291
13481.0   0.0003694152622777
13481.9   0.0003693781556878
13482.8   0.0003693410605364
13483.7   0.0003693039539465
13484.6   0.0003692668587951
13485.5   0.0003692297522052
13486.4   0.0003691926456152
13487.3   0.0003691555504638
13488.2   0.0003691184438739
13489.1   0.0003690813487225
13490.0   0.0003690442421326
13490.9   0.0003690071355426
13491.8   0.0003689700403912
13492.7   0.0003689329338013
13493.6   0.0003688958386499
13494.5   0.0003688587320600
13495.4   0.0003688216254701
13496.3   0.0003687845303187
13497.2   0.0003687474237287
13498.1   0.0003687103285773
13499.0   0.0003686732219874
13499.9   0.0003686361153975
13500.8   0.0003685990202461
13501.7   0.0003685619136561
13502.6   0.0003685248185047
13503.5   0.0003684877119148
13504.4   0.0003684506053249
13505.3   0.0003684135101735
13506.2   0.0003683764035836
13507.1   0.0003683393084322
13508.0   0.0003683022018422
13508.9   0.0003682650952523
13509.8   0.0003682280001009
13510.7   0.0003681908935110
13511.6   0.0003681537983596
13512.5   0.0003681166917697
13513.4   0.0003680795851797
13514.3   0.0003680424900283
13515.2   0.0003680053834384
13516.1   0.0003679682882870
13517.0   0.0003679311816971
13517.9   0.0003678940751071
13518.8   0.0003678569799557
13519.7   0.0003678198733658
13520.6   0.0003677827782144
13521.5   0.0003677456716245
13522.4   0.0003677085650346
13523.3   0.0003676714698832
13524.2   0.0003676343632932
13525.1   0.0003675972681418
13526.0   0.0003675601615519
13526.9   0.0003675230549620
13527.8   0.0003674859598106
13528.7   0.0003674488532206
13529.6   0.0003674117580692
13530.5   0.0003673746514793
13531.4   0.0003673375448894
13532.3   0.0003673004497380
13533.2   0.0003672633431481
13534.1   0.0003672262479967
13535.0   0.0003671891414067
13535.9   0.0003671520348168
13536.8   0.0003671149396654
13537.7   0.0003670778330755
13538.6   0.0003670407379241
13539.5   0.0003670036313341
13540.4   0.0003669665247442
13541.3   0.0003669294295928
13542.2   0.0003668923230029
13543.1   0.0003668552278515
13544.0   0.0003668181212616
13544.9   0.0003667810146716
13545.8   0.0003667439195202
13546.7   0.0003667068129303
13547.6   0.0003666697177789
13548.5   0.0003666326111890
13549.4   0.0003665955045990
13550.3   0.0003665584094476
13551.2   0.0003665213028577
13552.1   0.0003664842077063
13553.0   0.0003664471011164
13553.9   0.0003664100059650
13554.8   0.0003663728993751
13555.7   0.0003663357927851
13556.6   0.0003662986976337
13557.5   0.0003662615910438
13558.4   0.0003662244958924
13559.3   0.0003661873893025
13560.2   0.0003661502827125
13561.1   0.0003661131875611
13562.0   0.0003660760809712
13562.9   0.0003660389858198
13563.8   0.0003660018792299
13564.7   0.0003659647726400
13565.6   0.0003659276774886
13566.5   0.0003658905708986
13567.4   0.0003658534757472
13568.3   0.0003658163691573
13569.2   0.0003657792625674
13570.1   0.0003657421674160
13571.0   0.0003657050608261
13571.9   0.0003656679656747
13572.8   0.0003656308590847
13573.7   0.0003655937524948
13574.6   0.0003655566573434
13575.5   0.0003655195507535
13576.4   0.0003654824556021
13577.3   0.0003654453490121
13578.2   0.0003654082424222
13579.1   0.0003653711472708
13580.0   0.0003653340406809
13580.9   0.0003652969455295
13581.8   0.0003652598389396
13582.7   0.0003652227323496
13583.6   0.0003651856371982
13584.5   0.0003651485306083
13585.4   0.0003651114354569
13586.3   0.0003650743288670
13587.2   0.0003650372222770
13588.1   0.0003650001271256
13589.0   0.0003649630205357
13589.9   0.0003649259253843
13590.8   0.0003648888187944
13591.7   0.0003648517122045
13592.6   0.0003648146170531
13593.5   0.0003647775104631
13594.4   0.0003647404153117
13595.3   0.0003647033087218
13596.2   0.0003646662021319
13597.1   0.0003646291069805
13598.0   0.0003645920003905
13598.9   0.0003645549052391
13599.8   0.0003645177986492
13600.7   0.0003644806920593
13601.6   0.0003644435969079
13602.5   0.0003644064903180
13603.4   0.0003643693951666
13604.3   0.0003643322885766
13605.2   0.0003642951819867
13606.1   0.0003642580868353
13607.0   0.0003642209802454
13607.9   0.0003641838850940
13608.8   0.0003641467785040
13609.7   0.0003641096719141
13610.6   0.0003640725767627
13611.5   0.0003640354701728
13612.4   0.0003639983750214
13613.3   0.0003639612684315
13614.2   0.0003639241618415
13615.1   0.0003638870666901
13616.0   0.0003638499601002
13616.9   0.0003638128649488
13617.8   0.0003637757583589
13618.7   0.0003637386517689
13619.6   0.0003637015566175
13620.5   0.0003636644500276
13621.4   0.0003636273548762
13622.3   0.0003635902482863
13623.2   0.0003635531416964
13624.1   0.0003635160465450
13625.0   0.0003634789399550
13625.9   0.0003634418448036
13626.8   0.0003634047382137
13627.7   0.0003633676430623
13628.6   0.0003633305364724
13629.5   0.0003632934298825
13630.4   0.0003632563347311
13631.3   0.0003632192281411
13632.2   0.0003631821329897
13633.1   0.0003631450263998
13634.0   0.0003631079198099
13634.9   0.0003630708246585
13635.8   0.0003630337180685
13636.7   0.0003629966229171
13637.6   0.0003629595163272
13638.5   0.0003629224097373
13639.4   0.0003628853145859
13640.3   0.0003628482079960
13641.2   0.0003628111128446
13642.1   0.0003627740062546
13643.0   0.0003627368996647
13643.9   0.0003626998045133
13644.8   0.0003626626979234
13645.7   0.0003626256027720
13646.6   0.0003625884961820
13647.5   0.0003625513895921
13648.4   0.0003625142944407
13649.3   0.0003624771878508
13650.2   0.0003624400926994
13651.1   0.0003624029861095
13652.0   0.0003623658795195
13652.9   0.0003623287843681
13653.8   0.0003622916777782
13654.7   0.0003622545826268
13655.6   0.0003622174760369
13656.5   0.0003621803694469
13657.4   0.0003621432742955
13658.3   0.0003621061677056
13659.2   0.0003620690725542
13660.1   0.0003620319659643
13661.0   0.0003619948593744
13661.9   0.0003619577642230
13662.8   0.0003619206576330
13663.7   0.0003618835624816
13664.6   0.0003618464558917
13665.5   0.0003618093493018
13666.4   0.0003617722541504
13667.3   0.0003617351475604
13668.2   0.0003616980524090
13669.1   0.0003616609458191
13670.0   0.0003616238392292
13670.9   0.0003615867440778
13671.8   0.0003615496374879
13672.7   0.0003615125423365
13673.6   0.0003614754357465
13674.5   0.0003614383291566
13675.4   0.0003614012340052
13676.3   0.0003613641274153
13677.2   0.0003613270322639
13678.1   0.0003612899256739
13679.0   0.0003612528190840
13679.9   0.0003612157239326
13680.8   0.0003611786173427
13681.7   0.0003611415221913
13682.6   0.0003611044156014
13683.5   0.0003610673090114
13684.4   0.0003610302138600
13685.3   0.0003609931072701
13686.2   0.0003609560121187
13687.1   0.0003609189055288
13688.0   0.0003608817989389
13688.9   0.0003608447037875
13689.8   0.0003608075971975
13690.7   0.0003607705020461
13691.6   0.0003607333954562
13692.5   0.0003606962888663
13693.4   0.0003606591937149
13694.3   0.0003606220871249
13695.2   0.0003605849919735
13696.1   0.0003605478853836
13697.0   0.0003605107787937
13697.9   0.0003604736836423
13698.8   0.0003604365770524
13699.7   0.0003603994819010
13700.6   0.0003603623753110
13701.5   0.0003603252801596
13702.4   0.0003602881735697
13703.3   0.0003602510669798
13704.2   0.0003602139718284
13705.1   0.0003601768652384
13706.0   0.0003601397700870
13706.9   0.0003601026634971
13707.8   0.0003600655569072
13708.7   0.0003600284617558
13709.6   0.0003599913551659
13710.5   0.0003599542600145
13711.4   0.0003599171534245
13712.3   0.0003598800468346
13713.2   0.0003598429516832
13714.1   0.0003598058450933
13715.0   0.0003597687499419
13715.9   0.0003597316433519
13716.8   0.0003596945367620
13717.7   0.0003596574416106
13718.6   0.0003596203350207
13719.5   0.0003595832398693
13720.4   0.0003595461332794
13721.3   0.0003595090266894
13722.2   0.0003594719315380
13723.1   0.0003594348249481
13724.0   0.0003593977297967
13724.9   0.0003593606232068
13725.8   0.0003593235166168
13726.7   0.0003592864214654
13727.6   0.0003592493148755
13728.5   0.0003592122197241
13729.4   0.0003591751131342
13730.3   0.0003591380065443
13731.2   0.0003591009113929
13732.1   0.0003590638048029
13733.0   0.0003590267096515
13733.9   0.0003589896030616
13734.8   0.0003589524964717
13735.7   0.0003589154013203
13736.6   0.0003588782947303
13737.5   0.0003588411995789
13738.4   0.0003588040929890
13739.3   0.0003587669863991
13740.2   0.0003587298912477
13741.1   0.0003586927846578
13742.0   0.0003586556895064
13742.9   0.0003586185829164
13743.8   0.0003585814763265
13744.7   0.0003585443811751
13745.6   0.0003585072745852
13746.5   0.0003584701794338
13747.4   0.0003584330728439
13748.3   0.0003583959662539
13749.2   0.0003583588711025
13750.1   0.0003583217645126
13751.0   0.0003582846693612
13751.9   0.0003582475627713
13752.8   0.0003582104561813
13753.7   0.0003581733610299
13754.6   0.0003581362544400
13755.5   0.0003580991592886
13756.4   0.0003580620526987
13757.3   0.0003580249461088
13758.2   0.0003579878509574
13759.1   0.0003579507443674
13760.0   0.0003579136492160
13760.9   0.0003578765426261
13761.8   0.0003578394360362
13762.7   0.0003578023408848
13763.6   0.0003577652342948
13764.5   0.0003577281391434
13765.4   0.0003576910325535
13766.3   0.0003576539259636
13767.2   0.0003576168308122
13768.1   0.0003575797242223
13769.0   0.0003575426290709
13769.9   0.0003575055224809
13770.8   0.0003574684273295
13771.7   0.0003574313207396
13772.6   0.0003573942141497
13773.5   0.0003573571189983
13774.4   0.0003573200124083
13775.3   0.0003572829172569
13776.2   0.0003572458106670
13777.1   0.0003572087040771
13778.0   0.0003571716089257
13778.9   0.0003571345023358
13779.8   0.0003570974071844
13780.7   0.0003570603005944
13781.6   0.0003570231940045
13782.5   0.0003569860988531
13783.4   0.0003569489922632
13784.3   0.0003569118971118
13785.2   0.0003568747905218
13786.1   0.0003568376839319
13787.0   0.0003568005887805
13787.9   0.0003567634821906
13788.8   0.0003567263870392
13789.7   0.0003566892804493
13790.6   0.0003566521738593
13791.5   0.0003566150787079
13792.4   0.0003565779721180
13793.3   0.0003565408769666
13794.2   0.0003565037703767
13795.1   0.0003564666637867
13796.0   0.0003564295686353
13796.9   0.0003563924620454
13797.8   0.0003563553668940
13798.7   0.0003563182603041
13799.6   0.0003562811537142
13800.5   0.0003562440585628
13801.4   0.0003562069519728
13802.3   0.0003561698568214
13803.2   0.0003561327502315
13804.1   0.0003560956436416
13805.0   0.0003560585484902
13805.9   0.0003560214419003
13806.8   0.0003559843467489
13807.7   0.0003559472401589
13808.6   0.0003559101335690
13809.5   0.0003558730384176
13810.4   0.0003558359318277
13811.3   0.0003557988366763
13812.2   0.0003557617300863
13813.1   0.0003557246234964
13814.0   0.0003556875283450
13814.9   0.0003556504217551
13815.8   0.0003556133266037
13816.7   0.0003555762200138
13817.6   0.0003555391134238
13818.5   0.0003555020182724
13819.4   0.0003554649116825
13820.3   0.0003554278165311
13821.2   0.0003553907099412
13822.1   0.0003553536033512
13823.0   0.0003553165081998
13823.9   0.0003552794016099
13824.8   0.0003552423064585
13825.7   0.0003552051998686
13826.6   0.0003551680932787
13827.5   0.0003551309981273
13828.4   0.0003550938915373
13829.3   0.0003550567963859
13830.2   0.0003550196897960
13831.1   0.0003549825832061
13832.0   0.0003549454880547
13832.9   0.0003549083814647
13833.8   0.0003548712863133
13834.7   0.0003548341797234
13835.6   0.0003547970731335
13836.5   0.0003547599779821
13837.4   0.0003547228713922
13838.3   0.0003546857762408
13839.2   0.0003546486696508
13840.1   0.0003546115630609
13841.0   0.0003545744679095
13841.9   0.0003545373613196
13842.8   0.0003545002661682
13843.7   0.0003544631595782
13844.6   0.0003544260644268
13845.5   0.0003543889578369
13846.4   0.0003543518512470
13847.3   0.0003543147560956
13848.2   0.0003542776495057
13849.1   0.0003542405543543
13850.0   0.0003542034477643
13850.9   0.0003541663411744
13851.8   0.0003541292460230
13852.7   0.0003540921394331
13853.6   0.0003540550442817
13854.5   0.0003540179376917
13855.4   0.0003539808311018
13856.3   0.0003539437359504
13857.2   0.0003539066293605
13858.1   0.0003538695342091
13859.0   0.0003538324276192
13859.9   0.0003537953210292
13860.8   0.0003537582258778
13861.7   0.0003537211192879
13862.6   0.0003536840241365
13863.5   0.0003536469175466
13864.4   0.0003536098109567
13865.3   0.0003535727158053
13866.2   0.0003535356092153
13867.1   0.0003534985140639
13868.0   0.0003534614074740
13868.9   0.0003534243008841
13869.8   0.0003533872057327
13870.7   0.0003533500991427
13871.6   0.0003533130039913
13872.5   0.0003532758974014
13873.4   0.0003532387908115
13874.3   0.0003532016956601
13875.2   0.0003531645890702
13876.1   0.0003531274939188
13877.0   0.0003530903873288
13877.9   0.0003530532807389
13878.8   0.0003530161855875
13879.7   0.0003529790789976
13880.6   0.0003529419838462
13881.5   0.0003529048772562
13882.4   0.0003528677706663
13883.3   0.0003528306755149
13884.2   0.0003527935689250
13885.1   0.0003527564737736
13886.0   0.0003527193671837
13886.9   0.0003526822605937
13887.8   0.0003526451654423
13888.7   0.0003526080588524
13889.6   0.0003525709637010
13890.5   0.0003525338571111
13891.4   0.0003524967505211
13892.3   0.0003524596553697
13893.2   0.0003524225487798
13894.1   0.0003523854536284
13895.0   0.0003523483470385
13895.9   0.0003523112404486
13896.8   0.0003522741452972
13897.7   0.0003522370387072
13898.6   0.0003521999435558
13899.5   0.0003521628369659
13900.4   0.0003521257303760
13901.3   0.0003520886352246
13902.2   0.0003520515286346
13903.1   0.0003520144334832
13904.0   0.0003519773268933
13904.9   0.0003519402203034
13905.8   0.0003519031251520
13906.7   0.0003518660185621
13907.6   0.0003518289234107
13908.5   0.0003517918168207
13909.4   0.0003517547102308
13910.3   0.0003517176150794
13911.2   0.0003516805084895
13912.1   0.0003516434133381
13913.0   0.0003516063067481
13913.9   0.0003515692115968
13914.8   0.0003515321050068
13915.7   0.0003514949984169
13916.6   0.0003514579032655
13917.5   0.0003514207966756
13918.4   0.0003513837015242
13919.3   0.0003513465949342
13920.2   0.0003513094883443
13921.1   0.0003512723931929
13922.0   0.0003512352866030
13922.9   0.0003511981914516
13923.8   0.0003511610848617
13924.7   0.0003511239782717
13925.6   0.0003510868831203
13926.5   0.0003510497765304
13927.4   0.0003510126813790
13928.3   0.0003509755747891
13929.2   0.0003509384681991
13930.1   0.0003509013730477
13931.0   0.0003508642664578
13931.9   0.0003508271713064
13932.8   0.0003507900647165
13933.7   0.0003507529581266
13934.6   0.0003507158629752
13935.5   0.0003506787563852
13936.4   0.0003506416612338
13937.3   0.0003506045546439
13938.2   0.0003505674480540
13939.1   0.0003505303529026
13940.0   0.0003504932463126
13940.9   0.0003504561511612
13941.8   0.0003504190445713
13942.7   0.0003503819379814
13943.6   0.0003503448428300
13944.5   0.0003503077362401
13945.4   0.0003502706410887
13946.3   0.0003502335344987
13947.2   0.0003501964279088
13948.1   0.0003501593327574
13949.0   0.0003501222261675
13949.9   0.0003500851310161
13950.8   0.0003500480244261
13951.7   0.0003500109178362
13952.6   0.0003499738226848
13953.5   0.0003499367160949
13954.4   0.0003498996209435
13955.3   0.0003498625143536
13956.2   0.0003498254077636
13957.1   0.0003497883126122
13958.0   0.0003497512060223
13958.9   0.0003497141108709
13959.8   0.0003496770042810
13960.7   0.0003496398976910
13961.6   0.0003496028025396
13962.5   0.0003495656959497
13963.4   0.0003495286007983
13964.3   0.0003494914942084
13965.2   0.0003494543876185
13966.1   0.0003494172924671
13967.0   0.0003493801858771
13967.9   0.0003493430907257
13968.8   0.0003493059841358
13969.7   0.0003492688775459
13970.6   0.0003492317823945
13971.5   0.0003491946758046
13972.4   0.0003491575806532
13973.3   0.0003491204740632
13974.2   0.0003490833674733
13975.1   0.0003490462723219
13976.0   0.0003490091657320
13976.9   0.0003489720705806
13977.8   0.0003489349639906
13978.7   0.0003488978574007
13979.6   0.0003488607622493
13980.5   0.0003488236556594
13981.4   0.0003487865605080
13982.3   0.0003487494539181
13983.2   0.0003487123473281
13984.1   0.0003486752521767
13985.0   0.0003486381455868
13985.9   0.0003486010504354
13986.8   0.0003485639438455
13987.7   0.0003485268486941
13988.6   0.0003484897421041
13989.5   0.0003484526355142
13990.4   0.0003484155403628
13991.3   0.0003483784337729
13992.2   0.0003483413386215
13993.1   0.0003483042320316
13994.0   0.0003482671254416
13994.9   0.0003482300302902
13995.8   0.0003481929237003
13996.7   0.0003481558285489
13997.6   0.0003481187219590
13998.5   0.0003480816153690
13999.4   0.0003480445202176
14000.3   0.0003480074136277
14001.2   0.0003479703184763
14002.1   0.0003479332118864
14003.0   0.0003478961052965
14003.9   0.0003478590101451
14004.8   0.0003478219035551
14005.7   0.0003477848084037
14006.6   0.0003477477018138
14007.5   0.0003477105952239
14008.4   0.0003476735000725
14009.3   0.0003476363934825
14010.2   0.0003475992983311
14011.1   0.0003475621917412
14012.0   0.0003475250851513
14012.9   0.0003474879899999
14013.8   0.0003474508834100
14014.7   0.0003474137882586
14015.6   0.0003473766816686
14016.5   0.0003473395750787
14017.4   0.0003473024799273
14018.3   0.0003472653733374
14019.2   0.0003472282781860
14020.1   0.0003471911715960
14021.0   0.0003471540650061
14021.9   0.0003471169698547
14022.8   0.0003470798632648
14023.7   0.0003470427681134
14024.6   0.0003470056615235
14025.5   0.0003469685549335
14026.4   0.0003469314597821
14027.3   0.0003468943531922
14028.2   0.0003468572580408
14029.1   0.0003468201514509
14030.0   0.0003467830448610
14030.9   0.0003467459497096
14031.8   0.0003467088431196
14032.7   0.0003466717479682
14033.6   0.0003466346413783
14034.5   0.0003465975347884
14035.4   0.0003465604396370
14036.3   0.0003465233330470
14037.2   0.0003464862378956
14038.1   0.0003464491313057
14039.0   0.0003464120247158
14039.9   0.0003463749295644
14040.8   0.0003463378229745
14041.7   0.0003463007278231
14042.6   0.0003462636212331
14043.5   0.0003462265146432
14044.4   0.0003461894194918
14045.3   0.0003461523129019
14046.2   0.0003461152177505
14047.1   0.0003460781111605
14048.0   0.0003460410045706
14048.9   0.0003460039094192
14049.8   0.0003459668028293
14050.7   0.0003459297076779
14051.6   0.0003458926010880
14052.5   0.0003458554944980
14053.4   0.0003458183993466
14054.3   0.0003457812927567
14055.2   0.0003457441976053
14056.1   0.0003457070910154
14057.0   0.0003456699844254
14057.9   0.0003456328892740
14058.8   0.0003455957826841
14059.7   0.0003455586875327
14060.6   0.0003455215809428
14061.5   0.0003454844857914
14062.4   0.0003454473792015
14063.3   0.0003454102726115
14064.2   0.0003453731774601
14065.1   0.0003453360708702
14066.0   0.0003452989757188
14066.9   0.0003452618691289
14067.8   0.0003452247625389
14068.7   0.0003451876673875
14069.6   0.0003451505607976
14070.5   0.0003451134656462
14071.4   0.0003450763590563
14072.3   0.0003450392524664
14073.2   0.0003450021573150
14074.1   0.0003449650507250
14075.0   0.0003449279555736
14075.9   0.0003448908489837
14076.8   0.0003448537423938
14077.7   0.0003448166472424
14078.6   0.0003447795406524
14079.5   0.0003447424455010
14080.4   0.0003447053389111
14081.3   0.0003446682323212
14082.2   0.0003446311371698
14083.1   0.0003445940305799
14084.0   0.0003445569354285
14084.9   0.0003445198288385
14085.8   0.0003444827222486
14086.7   0.0003444456270972
14087.6   0.0003444085205073
14088.5   0.0003443714253559
14089.4   0.0003443343187660
14090.3   0.0003442972121760
14091.2   0.0003442601170246
14092.1   0.0003442230104347
14093.0   0.0003441859152833
14093.9   0.0003441488086934
14094.8   0.0003441117021034
14095.7   0.0003440746069520
14096.6   0.0003440375003621
14097.5   0.0003440004052107
14098.4   0.0003439632986208
14099.3   0.0003439261920309
14100.2   0.0003438890968795
14101.1   0.0003438519902895
14102.0   0.0003438148951381
14102.9   0.0003437777885482
14103.8   0.0003437406819583
14104.7   0.0003437035868069
14105.6   0.0003436664802169
14106.5   0.0003436293850655
14107.4   0.0003435922784756
14108.3   0.0003435551718857
14109.2   0.0003435180767343
14110.1   0.0003434809701444
14111.0   0.0003434438749930
14111.9   0.0003434067684030
14112.8   0.0003433696618131
14113.7   0.0003433325666617
14114.6   0.0003432954600718
14115.5   0.0003432583649204
14116.4   0.0003432212583304
14117.3   0.0003431841517405
14118.2   0.0003431470565891
14119.1   0.0003431099499992
14120.0   0.0003430728548478
14120.9   0.0003430357482579
14121.8   0.0003429986416679
14122.7   0.0003429615465165
14123.6   0.0003429244399266
14124.5   0.0003428873447752
14125.4   0.0003428502381853
14126.3   0.0003428131315953
14127.2   0.0003427760364439
14128.1   0.0003427389298540
14129.0   0.0003427018347026
14129.9   0.0003426647281127
14130.8   0.0003426276329613
14131.7   0.0003425905263714
14132.6   0.0003425534197814
14133.5   0.0003425163246300
14134.4   0.0003424792180401
14135.3   0.0003424421228887
14136.2   0.0003424050162988
14137.1   0.0003423679097088
14138.0   0.0003423308145574
14138.9   0.0003422937079675
14139.8   0.0003422566128161
14140.7   0.0003422195062262
14141.6   0.0003421823996363
14142.5   0.0003421453044849
14143.4   0.0003421081978949
14144.3   0.0003420711027435
14145.2   0.0003420339961536
14146.1   0.0003419968895637
14147.0   0.0003419597944123
14147.9   0.0003419226878224
14148.8   0.0003418855926710
14149.7   0.0003418484860810
14150.6   0.0003418113794911
14151.5   0.0003417742843397
14152.4   0.0003417371777498
14153.3   0.0003417000825984
14154.2   0.0003416629760084
14155.1   0.0003416258694185
14156.0   0.0003415887742671
14156.9   0.0003415516676772
14157.8   0.0003415145725258
14158.7   0.0003414774659359
14159.6   0.0003414403593459
14160.5   0.0003414032641945
14161.4   0.0003413661576046
14162.3   0.0003413290624532
14163.2   0.0003412919558633
14164.1   0.0003412548492733
14165.0   0.0003412177541219
14165.9   0.0003411806475320
14166.8   0.0003411435523806
14167.7   0.0003411064457907
14168.6   0.0003410693392008
14169.5   0.0003410322440494
14170.4   0.0003409951374594
14171.3   0.0003409580423080
14172.2   0.0003409209357181
14173.1   0.0003408838291282
14174.0   0.0003408467339768
14174.9   0.0003408096273868
14175.8   0.0003407725322354
14176.7   0.0003407354256455
14177.6   0.0003406983190556
14178.5   0.0003406612239042
14179.4   0.0003406241173143
14180.3   0.0003405870221629
14181.2   0.0003405499155729
14182.1   0.0003405128089830
14183.0   0.0003404757138316
14183.9   0.0003404386072417
14184.8   0.0003404015120903
14185.7   0.0003403644055003
14186.6   0.0003403272989104
14187.5   0.0003402902037590
14188.4   0.0003402530971691
14189.3   0.0003402160020177
14190.2   0.0003401788954278
14191.1   0.0003401417888378
14192.0   0.0003401046936864
14192.9   0.0003400675870965
14193.8   0.0003400304919451
14194.7   0.0003399933853552
14195.6   0.0003399562787652
14196.5   0.0003399191836138
14197.4   0.0003398820770239
14198.3   0.0003398449818725
14199.2   0.0003398078752826
14200.1   0.0003397707686927
14201.0   0.0003397336735413
14201.9   0.0003396965669513
14202.8   0.0003396594717999
14203.7   0.0003396223652100
14204.6   0.0003395852700586
14205.5   0.0003395481634687
14206.4   0.0003395110568788
14207.3   0.0003394739617274
14208.2   0.0003394368551374
14209.1   0.0003393997599860
14210.0   0.0003393626533961
14210.9   0.0003393255468062
14211.8   0.0003392884516548
14212.7   0.0003392513450648
14213.6   0.0003392142499134
14214.5   0.0003391771433235
14215.4   0.0003391400367336
14216.3   0.0003391029415822
14217.2   0.0003390658349923
14218.1   0.0003390287398409
14219.0   0.0003389916332509
14219.9   0.0003389545266610
14220.8   0.0003389174315096
14221.7   0.0003388803249197
14222.6   0.0003388432297683
14223.5   0.0003388061231783
14224.4   0.0003387690165884
14225.3   0.0003387319214370
14226.2   0.0003386948148471
14227.1   0.0003386577196957
14228.0   0.0003386206131058
14228.9   0.0003385835065158
14229.8   0.0003385464113644
14230.7   0.0003385093047745
14231.6   0.0003384722096231
14232.5   0.0003384351030332
14233.4   0.0003383979964432
14234.3   0.0003383609012918
14235.2   0.0003383237947019
14236.1   0.0003382866995505
14237.0   0.0003382495929606
14237.9   0.0003382124863707
14238.8   0.0003381753912193
14239.7   0.0003381382846293
14240.6   0.0003381011894779
14241.5   0.0003380640828880
14242.4   0.0003380269762981
14243.3   0.0003379898811467
14244.2   0.0003379527745567
14245.1   0.0003379156794053
14246.0   0.0003378785728154
14246.9   0.0003378414662255
14247.8   0.0003378043710741
14248.7   0.0003377672644842
14249.6   0.0003377301693328
14250.5   0.0003376930627428
14251.4   0.0003376559561529
14252.3   0.0003376188610015
14253.2   0.0003375817544116
14254.1   0.0003375446592602
14255.0   0.0003375075526702
14255.9   0.0003374704460803
14256.8   0.0003374333509289
14257.7   0.0003373962443390
14258.6   0.0003373591491876
14259.5   0.0003373220425977
14260.4   0.0003372849360077
14261.3   0.0003372478408563
14262.2   0.0003372107342664
14263.1   0.0003371736391150
14264.0   0.0003371365325251
14264.9   0.0003370994259352
14265.8   0.0003370623307838
14266.7   0.0003370252241938
14267.6   0.0003369881290424
14268.5   0.0003369510224525
14269.4   0.0003369139158626
14270.3   0.0003368768207112
14271.2   0.0003368397141212
14272.1   0.0003368026189698
14273.0   0.0003367655123799
14273.9   0.0003367284172285
14274.8   0.0003366913106386
14275.7   0.0003366542040487
14276.6   0.0003366171088973
14277.5   0.0003365800023073
14278.4   0.0003365429071559
14279.3   0.0003365058005660
14280.2   0.0003364686939761
14281.1   0.0003364315988247
14282.0   0.0003363944922347
14282.9   0.0003363573970833
14283.8   0.0003363202904934
14284.7   0.0003362831839035
14285.6   0.0003362460887521
14286.5   0.0003362089821622
14287.4   0.0003361718870108
14288.3   0.0003361347804208
14289.2   0.0003360976738309
14290.1   0.0003360605786795
14291.0   0.0003360234720896
14291.9   0.0003359863769382
14292.8   0.0003359492703482
14293.7   0.0003359121637583
14294.6   0.0003358750686069
14295.5   0.0003358379620170
14296.4   0.0003358008668656
14297.3   0.0003357637602757
14298.2   0.0003357266536857
14299.1   0.0003356895585343
14300.0   0.0003356524519444
14300.9   0.0003356153567930
14301.8   0.0003355782502031
14302.7   0.0003355411436131
14303.6   0.0003355040484617
14304.5   0.0003354669418718
14305.4   0.0003354298467204
14306.3   0.0003353927401305
14307.2   0.0003353556335406
14308.1   0.0003353185383892
14309.0   0.0003352814317992
14309.9   0.0003352443366478
14310.8   0.0003352072300579
14311.7   0.0003351701234680
14312.6   0.0003351330283166
14313.5   0.0003350959217266
14314.4   0.0003350588265753
14315.3   0.0003350217199853
14316.2   0.0003349846133954
14317.1   0.0003349475182440
14318.0   0.0003349104116541
14318.9   0.0003348733165027
14319.8   0.0003348362099127
14320.7   0.0003347991033228
14321.6   0.0003347620081714
14322.5   0.0003347249015815
14323.4   0.0003346878064301
14324.3   0.0003346506998402
14325.2   0.0003346135932502
14326.1   0.0003345764980988
14327.0   0.0003345393915089
14327.9   0.0003345022963575
14328.8   0.0003344651897676
14329.7   0.0003344280831776
14330.6   0.0003343909880262
14331.5   0.0003343538814363
14332.4   0.0003343167862849
14333.3   0.0003342796796950
14334.2   0.0003342425731051
14335.1   0.0003342054779537
14336.0   0.0003341683713637
14336.9   0.0003341312762123
14337.8   0.0003340941696224
14338.7   0.0003340570630325
14339.6   0.0003340199678811
14340.5   0.0003339828612911
14341.4   0.0003339457661397
14342.3   0.0003339086595498
14343.2   0.0003338715529599
14344.1   0.0003338344578085
14345.0   0.0003337973512186
14345.9   0.0003337602560672
14346.8   0.0003337231494772
14347.7   0.0003336860543258
14348.6   0.0003336489477359
14349.5   0.0003336118411460
14350.4   0.0003335747459946
14351.3   0.0003335376394046
14352.2   0.0003335005442532
14353.1   0.0003334634376633
14354.0   0.0003334263310734
14354.9   0.0003333892359220
14355.8   0.0003333521293321
14356.7   0.0003333150341807
14357.6   0.0003332779275907
14358.5   0.0003332408210008
14359.4   0.0003332037258494
14360.3   0.0003331666192595
14361.2   0.0003331295241081
14362.1   0.0003330924175181
14363.0   0.0003330553109282
14363.9   0.0003330182157768
14364.8   0.0003329811091869
14365.7   0.0003329440140355
14366.6   0.0003329069074456
14367.5   0.0003328698008556
14368.4   0.0003328327057042
14369.3   0.0003327955991143
14370.2   0.0003327585039629
14371.1   0.0003327213973730
14372.0   0.0003326842907830
14372.9   0.0003326471956317
14373.8   0.0003326100890417
14374.7   0.0003325729938903
14375.6   0.0003325358873004
14376.5   0.0003324987807105
14377.4   0.0003324616855591
14378.3   0.0003324245789691
14379.2   0.0003323874838177
14380.1   0.0003323503772278
14381.0   0.0003323132706379
14381.9   0.0003322761754865
14382.8   0.0003322390688966
14383.7   0.0003322019737452
14384.6   0.0003321648671552
14385.5   0.0003321277605653
14386.4   0.0003320906654139
14387.3   0.0003320535588240
14388.2   0.0003320164636726
14389.1   0.0003319793570826
14390.0   0.0003319422504927
14390.9   0.0003319051553413
14391.8   0.0003318680487514
14392.7   0.0003318309536000
14393.6   0.0003317938470101
14394.5   0.0003317567404201
14395.4   0.0003317196452687
14396.3   0.0003316825386788
14397.2   0.0003316454435274
14398.1   0.0003316083369375
14399.0   0.0003315712303475
14399.9   0.0003315341351961
14400.8   0.0003314970286062
14401.7   0.0003314599334548
14402.6   0.0003314228268649
14403.5   0.0003313857202750
14404.4   0.0003313486251236
14405.3   0.0003313115185336
14406.2   0.0003312744233822
14407.1   0.0003312373167923
14408.0   0.0003312002102024
14408.9   0.0003311631150510
14409.8   0.0003311260084610
14410.7   0.0003310889133096
14411.6   0.0003310518067197
14412.5   0.0003310147001298
14413.4   0.0003309776049784
14414.3   0.0003309404983885
14415.2   0.0003309034032371
14416.1   0.0003308662966471
14417.0   0.0003308292014957
14417.9   0.0003307920949058
14418.8   0.0003307549883159
14419.7   0.0003307178931645
14420.6   0.0003306807865745
14421.5   0.0003306436914231
14422.4   0.0003306065848332
14423.3   0.0003305694782433
14424.2   0.0003305323830919
14425.1   0.0003304952765020
14426.0   0.0003304581813506
14426.9   0.0003304210747606
14427.8   0.0003303839681707
14428.7   0.0003303468730193
14429.6   0.0003303097664294
14430.5   0.0003302726712780
14431.4   0.0003302355646881
14432.3   0.0003301984580981
14433.2   0.0003301613629467
14434.1   0.0003301242563568
14435.0   0.0003300871612054
14435.9   0.0003300500546155
14436.8   0.0003300129480255
14437.7   0.0003299758528741
14438.6   0.0003299387462842
14439.5   0.0003299016511328
14440.4   0.0003298645445429
14441.3   0.0003298274379530
14442.2   0.0003297903428016
14443.1   0.0003297532362116
14444.0   0.0003297161410602
14444.9   0.0003296790344703
14445.8   0.0003296419278804
14446.7   0.0003296048327290
14447.6   0.0003295677261390
14448.5   0.0003295306309876
14449.4   0.0003294935243977
14450.3   0.0003294564178078
14451.2   0.0003294193226564
14452.1   0.0003293822160665
14453.0   0.0003293451209151
14453.9   0.0003293080143251
14454.8   0.0003292709077352
14455.7   0.0003292338125838
14456.6   0.0003291967174324
14457.5   0.0003291598052975
14458.4   0.0003291254210776
14459.3   0.0003291085149309
14460.2   0.0003291311403424
14461.1   0.0003290832815346
14462.0   0.0003286679027718
14462.9   0.0003280866424531
14463.8   0.0003281750394096
14464.7   0.0003289323615755
14465.6   0.0003297209338041
14466.5   0.0003309473615062
14467.4   0.0003332858659303
14468.3   0.0003353279408605
14469.2   0.0003351321704269
14470.1   0.0003342389127756
14471.0   0.0003342127642970
14471.9   0.0003337108416194
14472.8   0.0003321690422185
14473.7   0.0003297560729670
14474.6   0.0003268923684576
14475.5   0.0003245009951499
14476.4   0.0003230080268318
14477.3   0.0003220671048278
14478.2   0.0003216202929857
14479.1   0.0003223692764635
14480.0   0.0003244939375772
14480.9   0.0003272959884121
14481.8   0.0003292129029517
14482.7   0.0003293023179374
14483.6   0.0003290907737715
14484.5   0.0003301337617749
14485.4   0.0003317629629802
14486.3   0.0003326465550740
14487.2   0.0003323109829320
14488.1   0.0003310800141336
14489.0   0.0003297298444187
14489.9   0.0003287151667760
14490.8   0.0003280792531630
14491.7   0.0003278843634962
14492.6   0.0003283634548687
14493.5   0.0003295869085531
14494.4   0.0003305884662024
14495.3   0.0003302274776476
14496.2   0.0003292104322294
14497.1   0.0003290468269409
14498.0   0.0003294282675865
14498.9   0.0003296548877344
14499.8   0.0003315394426739
14500.7   0.0003364549105479
14501.6   0.0003419942015092
14502.5   0.0003460974880296
14503.4   0.0003515269691070
14504.3   0.0003624575822111
14505.2   0.0003740234683705
14506.1   0.0003746844209247
14507.0   0.0003643119394325
14507.9   0.0003534438836467
14508.8   0.0003466802239186
14509.7   0.0003394355282680
14510.6   0.0003280531847541
14511.5   0.0003167460381336
14512.4   0.0003126529776587
14513.3   0.0003157213289005
14514.2   0.0003202505633851
14515.1   0.0003234630858537
14516.0   0.0003256380879361
14516.9   0.0003275757862839
14517.8   0.0003294854144802
14518.7   0.0003308488986437
14519.6   0.0003313101001560
14520.5   0.0003309130802331
14521.4   0.0003292033632181
14522.3   0.0003256578994693
14523.2   0.0003221975955731
14524.1   0.0003210970488890
14525.0   0.0003218047964676
14525.9   0.0003231006789213
14526.8   0.0003246890102605
14527.7   0.0003265190491680
14528.6   0.0003279118045286
14529.5   0.0003272726309347
14530.4   0.0003248039217286
14531.3   0.0003229763764204
14532.2   0.0003226712536441
14533.1   0.0003229963709701
14534.0   0.0003230085072500
14534.9   0.0003220375705444
14535.8   0.0003203653147138
14536.7   0.0003190903418922
14537.6   0.0003189958596379
14538.5   0.0003198280927339
14539.4   0.0003201596041980
14540.3   0.0003181764148180
14541.2   0.0003142349491754
14542.1   0.0003120477993747
14543.0   0.0003141090681575
14543.9   0.0003176193126737
14544.8   0.0003193437968304
14545.7   0.0003203712741877
14546.6   0.0003222251624294
14547.5   0.0003246018029110
14548.4   0.0003268714817027
14549.3   0.0003284728186500
14550.2   0.0003293271853007
14551.1   0.0003292160714244
14552.0   0.0003269587004906
14552.9   0.0003217346096502
14553.8   0.0003159563220520
14554.7   0.0003143249360876
14555.6   0.0003177347045601
14556.5   0.0003221186125264
14557.4   0.0003242494390076
14558.3   0.0003246303306038
14559.2   0.0003245980396348
14560.1   0.0003245905016438
14561.0   0.0003250494497658
14561.9   0.0003256053165488
14562.8   0.0003251767034073
14563.7   0.0003234976759671
14564.6   0.0003210855646053
14565.5   0.0003194698494263
14566.4   0.0003202667832200
14567.3   0.0003231820411821
14568.2   0.0003261473655882
14569.1   0.0003268022214061
14570.0   0.0003246968799688
14570.9   0.0003216681289163
14571.8   0.0003191512063080
14572.7   0.0003173996471519
14573.6   0.0003169274989668
14574.5   0.0003180659300609
14575.4   0.0003197964080070
14576.3   0.0003209375042785
14577.2   0.0003209801585553
14578.1   0.0003203917720327
14579.0   0.0003203677053664
14579.9   0.0003209358914458
14580.8   0.0003213800953032
14581.7   0.0003217923055934
14582.6   0.0003226158225298
14583.5   0.0003238567314104
14584.4   0.0003250656581622
14585.3   0.0003258118849544
14586.2   0.0003257654216472
14587.1   0.0003246352377330
14588.0   0.0003230902584209
14588.9   0.0003219897231752
14589.8   0.0003208674089693
14590.7   0.0003189402798227
14591.6   0.0003170273687684
14592.5   0.0003166273977049
14593.4   0.0003174313318788
14594.3   0.0003181874987531
14595.2   0.0003188857866679
14596.1   0.0003203917834712
14597.0   0.0003227464962917
14597.9   0.0003247368347526
14598.8   0.0003254652174386
14599.7   0.0003253897231435
14600.6   0.0003246163069665
14601.5   0.0003222755720292
14602.4   0.0003190782170508
14603.3   0.0003168565457678
14604.2   0.0003162392540810
14605.1   0.0003168503689619
14606.0   0.0003176286007598
14606.9   0.0003180291208727
14607.8   0.0003184342735901
14608.7   0.0003190863269683
14609.6   0.0003199272419083
14610.5   0.0003209303094434
14611.4   0.0003223098304253
14612.3   0.0003239262090390
14613.2   0.0003250179823709
14614.1   0.0003253892312867
14615.0   0.0003250893016028
14615.9   0.0003242359301042
14616.8   0.0003233333500513
14617.7   0.0003221282208913
14618.6   0.0003201862216563
14619.5   0.0003180248199856
14620.4   0.0003164144008458
14621.3   0.0003158316192027
14622.2   0.0003165061035374
14623.1   0.0003183776757458
14624.0   0.0003207895926526
14624.9   0.0003226890977503
14625.8   0.0003235830073977
14626.7   0.0003243949714193
14627.6   0.0003267028320227
14628.5   0.0003299294238826
14629.4   0.0003301052683977
14630.3   0.0003246064011999
14631.2   0.0003173254225335
14632.1   0.0003140533053258
14633.0   0.0003153837435773
14633.9   0.0003185556135118
14634.8   0.0003211752655542
14635.7   0.0003223413778898
14636.6   0.0003227335135606
14637.5   0.0003231710830708
14638.4   0.0003235581514730
14639.3   0.0003227811779133
14640.2   0.0003202629398741
14641.1   0.0003174066932861
14642.0   0.0003157766227525
14642.9   0.0003153995173096
14643.8   0.0003157682039947
14644.7   0.0003166491995423
14645.6   0.0003177253592814
14646.5   0.0003188041727594
14647.4   0.0003201972827144
14648.3   0.0003222469985823
14649.2   0.0003238801232033
14650.1   0.0003222323801415
14651.0   0.0003161480432462
14651.9   0.0003102918135075
14652.8   0.0003109136005365
14653.7   0.0003161961651401
14654.6   0.0003197418004668
14655.5   0.0003200687136420
14656.4   0.0003191393445529
14657.3   0.0003181677672896
14658.2   0.0003174148603962
14659.1   0.0003174630623598
14660.0   0.0003187427821712
14660.9   0.0003203062919012
14661.8   0.0003213893261966
14662.7   0.0003222271527335
14663.6   0.0003230446301264
14664.5   0.0003234990600292
14665.4   0.0003236057929486
14666.3   0.0003239291144255
14667.2   0.0003237469787191
14668.1   0.0003220152882888
14669.0   0.0003198782392476
14669.9   0.0003197193008792
14670.8   0.0003212998311412
14671.7   0.0003224085792511
14672.6   0.0003226189223713
14673.5   0.0003224579593832
14674.4   0.0003217850535656
14675.3   0.0003201747259341
14676.2   0.0003179438580733
14677.1   0.0003166257734337
14678.0   0.0003171339987411
14678.9   0.0003181831978660
14679.8   0.0003183347011902
14680.7   0.0003173921091609
14681.6   0.0003158975165715
14682.5   0.0003149626455497
14683.4   0.0003152573135100
14684.3   0.0003162318075982
14685.2   0.0003168870065721
14686.1   0.0003169112105006
14687.0   0.0003168443294182
14687.9   0.0003173696896429
14688.8   0.0003188201295081
14689.7   0.0003212314973655
14690.6   0.0003242753015230
14691.5   0.0003271628896820
14692.4   0.0003286189687423
14693.3   0.0003269845744445
14694.2   0.0003207794237998
14695.1   0.0003118108616731
14696.0   0.0003064371548659
14696.9   0.0003074054035170
14697.8   0.0003108609718619
14698.7   0.0003136933462388
14699.6   0.0003153672835333
14700.5   0.0003157910124227
14701.4   0.0003155277432261
14702.3   0.0003164484304713
14703.2   0.0003197099670390
14704.1   0.0003224850801368
14705.0   0.0003207007152779
14705.9   0.0003168509294498
14706.8   0.0003180508655174
14707.7   0.0003232391537603
14708.6   0.0003242805975621
14709.5   0.0003205568071373
14710.4   0.0003185720392403
14711.3   0.0003196879936237
14712.2   0.0003205778197161
14713.1   0.0003199598074019
14714.0   0.0003184885265359
14714.9   0.0003170400769748
14715.8   0.0003161104333610
14716.7   0.0003159628763295
14717.6   0.0003166004370907
14718.5   0.0003172601085296
14719.4   0.0003177466349464
14720.3   0.0003178655270228
14721.2   0.0003158428632772
14722.1   0.0003124430120099
14723.0   0.0003124370525360
14723.9   0.0003159918158093
14724.8   0.0003177542072530
14725.7   0.0003168001881326
14726.6   0.0003159480634337
14727.5   0.0003162139062995
14728.4   0.0003170600143318
14729.3   0.0003172906150880
14730.2   0.0003160158252829
14731.1   0.0003142086062418
14732.0   0.0003138011086258
14732.9   0.0003151380554006
14733.8   0.0003174470827340
14734.7   0.0003189653073254
14735.6   0.0003170954966506
14736.5   0.0003130140805987
14737.4   0.0003111836756582
14738.3   0.0003119789966193
14739.2   0.0003126570840908
14740.1   0.0003125642375463
14741.0   0.0003122787318482
14741.9   0.0003119734946866
14742.8   0.0003118712799863
14743.7   0.0003123582639443
14744.6   0.0003131897420973
14745.5   0.0003135736992194
14746.4   0.0003131431300893
14747.3   0.0003120601987407
14748.2   0.0003107014043744
14749.1   0.0003098323277747
14750.0   0.0003099838539759
14750.9   0.0003108581579837
14751.8   0.0003121833573886
14752.7   0.0003142220121985
14753.6   0.0003168745042593
14754.5   0.0003192137178721
14755.4   0.0003199213853811
14756.3   0.0003187533742495
14757.2   0.0003173711995288
14758.1   0.0003165203559452
14759.0   0.0003158038693299
14759.9   0.0003158322140062
14760.8   0.0003162625543657
14761.7   0.0003159509001890
14762.6   0.0003150682117391
14763.5   0.0003147434604460
14764.4   0.0003154052937670
14765.3   0.0003164780448243
14766.2   0.0003178087804776
14767.1   0.0003197546459356
14768.0   0.0003204836119866
14768.9   0.0003168530570163
14769.8   0.0003108937318106
14770.7   0.0003084093861345
14771.6   0.0003102850762136
14772.5   0.0003133018968798
14773.4   0.0003156147103664
14774.3   0.0003170637661695
14775.2   0.0003172388671802
14776.1   0.0003142057008553
14777.0   0.0003077812850373
14777.9   0.0003033587377180
14778.8   0.0003050818492511
14779.7   0.0003091130044041
14780.6   0.0003112450776849
14781.5   0.0003121597025094
14782.4   0.0003127807117184
14783.3   0.0003129706942560
14784.2   0.0003129700994525
14785.1   0.0003130877676062
14786.0   0.0003135193090113
14786.9   0.0003141609990817
14787.8   0.0003144831080745
14788.7   0.0003142775576981
14789.6   0.0003139679395796
14790.5   0.0003142196558614
14791.4   0.0003155487214893
14792.3   0.0003169545510892
14793.2   0.0003154924896779
14794.1   0.0003107369782014
14795.0   0.0003075442672660
14795.9   0.0003086097434185
14796.8   0.0003113567749262
14797.7   0.0003139258801064
14798.6   0.0003161962795254
14799.5   0.0003178107593432
14800.4   0.0003180437049979
14801.3   0.0003154008098634
14802.2   0.0003098571493838
14803.1   0.0003064207062604
14804.0   0.0003084855209874
14804.9   0.0003109885457822
14805.8   0.0003097397900704
14806.7   0.0003080488779981
14807.6   0.0003086943999759
14808.5   0.0003099898248883
14809.4   0.0003103341932596
14810.3   0.0003101862473181
14811.2   0.0003104878012732
14812.1   0.0003114057203942
14813.0   0.0003125325528193
14813.9   0.0003133375850920
14814.8   0.0003123464479432
14815.7   0.0003085615071393
14816.6   0.0003055999574481
14817.5   0.0003076652411548
14818.4   0.0003125305396381
14819.3   0.0003149230110447
14820.2   0.0003127439254073
14821.1   0.0003090721230994
14822.0   0.0003085116237119
14822.9   0.0003109336637174
14823.8   0.0003118726983640
14824.7   0.0003087836548221
14825.6   0.0003045786797738
14826.5   0.0003037726409105
14827.4   0.0003066054270744
14828.3   0.0003099852609150
14829.2   0.0003122060971854
14830.1   0.0003140888219601
14831.0   0.0003162038175164
14831.9   0.0003177324168541
14832.8   0.0003179839043653
14833.7   0.0003167657124045
14834.6   0.0003145379215082
14835.5   0.0003124622630551
14836.4   0.0003113631805028
14837.3   0.0003112050771470
14838.2   0.0003116968424103
14839.1   0.0003127867169464
14840.0   0.0003146293839906
14840.9   0.0003169274646512
14841.8   0.0003179862149483
14842.7   0.0003162037488852
14843.6   0.0003129089948275
14844.5   0.0003112785353839
14845.4   0.0003121270798231
14846.3   0.0003132244923502
14847.2   0.0003130730233416
14848.1   0.0003123414950599
14849.0   0.0003120568243745
14849.9   0.0003122195603347
14850.8   0.0003123007167020
14851.7   0.0003125308827940
14852.6   0.0003130860861424
14853.5   0.0003129994164038
14854.4   0.0003118323432316
14855.3   0.0003103972424346
14856.2   0.0003095595074059
14857.1   0.0003098332771726
14858.0   0.0003111311842460
14858.9   0.0003122825180014
14859.8   0.0003122771075770
14860.7   0.0003119031248526
14861.6   0.0003122347278249
14862.5   0.0003125580264247
14863.4   0.0003116467187738
14864.3   0.0003098052184596
14865.2   0.0003071951061509
14866.1   0.0003037973481344
14867.0   0.0003028746019539
14867.9   0.0003066371118013
14868.8   0.0003118342191505
14869.7   0.0003146941832606
14870.6   0.0003145398889353
14871.5   0.0003128461401075
14872.4   0.0003114828160835
14873.3   0.0003104783759248
14874.2   0.0003077054361477
14875.1   0.0002995391152924
14876.0   0.0002842099986583
14876.9   0.0002689765310084
14877.8   0.0002667822664422
14878.7   0.0002797801306801
14879.6   0.0002964131138615
14880.5   0.0003069045560612
14881.4   0.0003104985992451
14882.3   0.0003107157940446
14883.2   0.0003103951034296
14884.1   0.0003100097851224
14885.0   0.0003094771499930
14885.9   0.0003091799769947
14886.8   0.0003092981370052
14887.7   0.0003096651422265
14888.6   0.0003100693798615
14889.5   0.0003101675224452
14890.4   0.0003098262310384
14891.3   0.0003096356422587
14892.2   0.0003103351998502
14893.1   0.0003116767792295
14894.0   0.0003122128230408
14894.9   0.0003103468328348
14895.8   0.0003069488460477
14896.7   0.0003052594552998
14897.6   0.0003059966113380
14898.5   0.0003069686118268
14899.4   0.0003070052265600
14900.3   0.0003065230124689
14901.2   0.0003060610216980
14902.1   0.0003055200936346
14903.0   0.0003048971741912
14903.9   0.0003047714533127
14904.8   0.0003052039441158
14905.7   0.0003057217205953
14906.6   0.0003063046051852
14907.5   0.0003070034421494
14908.4   0.0003073760751272
14909.3   0.0003073735357736
14910.2   0.0003077049214138
14911.1   0.0003087536401205
14912.0   0.0003095871543318
14912.9   0.0003086096404717
14913.8   0.0003060896065834
14914.7   0.0003045454050913
14915.6   0.0003055207570693
14916.5   0.0003078085316147
14917.4   0.0003096320505604
14918.3   0.0003105943282991
14919.2   0.0003109181073171
14920.1   0.0003108762880530
14921.0   0.0003107659176812
14921.9   0.0003105776051689
14922.8   0.0003104618014955
14923.7   0.0003108156524078
14924.6   0.0003113024190337
14925.5   0.0003111823373502
14926.4   0.0003107748626113
14927.3   0.0003107545249057
14928.2   0.0003109823232222
14929.1   0.0003110342541464
14930.0   0.0003106311718029
14930.9   0.0003098871640854
14931.8   0.0003091789589656
14932.7   0.0003084821008670
14933.6   0.0003076751697984
14934.5   0.0003069020281462
14935.4   0.0003061637396936
14936.3   0.0003055700914473
14937.2   0.0003055923622644
14938.1   0.0003063987900377
14939.0   0.0003077228227126
14939.9   0.0003091487955631
14940.8   0.0003099542968155
14941.7   0.0003098890971969
14942.6   0.0003094484621608
14943.5   0.0003088702902451
14944.4   0.0003081015409882
14945.3   0.0003071968791229
14946.2   0.0003066556307807
14947.1   0.0003074230188526
14948.0   0.0003092011268359
14948.9   0.0003101594468433
14949.8   0.0003097672654185
14950.7   0.0003095362414367
14951.6   0.0003099723925693
14952.5   0.0003100170142731
14953.4   0.0003092204007582
14954.3   0.0003078829506881
14955.2   0.0003065865077465
14956.1   0.0003061368934646
14957.0   0.0003069595181958
14957.9   0.0003082651233996
14958.8   0.0003087388043477
14959.7   0.0003084072700066
14960.6   0.0003082382657322
14961.5   0.0003085528596110
14962.4   0.0003088021394859
14963.3   0.0003084333956081
14964.2   0.0003079043979310
14965.1   0.0003078244426093
14966.0   0.0003076886558248
14966.9   0.0003070446551714
14967.8   0.0003063929335106
14968.7   0.0003062362256554
14969.6   0.0003063342195383
14970.5   0.0003062367747049
14971.4   0.0003059942206853
14972.3   0.0003058176212273
14973.2   0.0003056265177137
14974.1   0.0003056829668571
14975.0   0.0003066486075235
14975.9   0.0003080980979908
14976.8   0.0003085084323621
14977.7   0.0003074130101392
14978.6   0.0003061950355105
14979.5   0.0003066609954511
14980.4   0.0003083883964328
14981.3   0.0003087333824846
14982.2   0.0003069640364150
14983.1   0.0003048064437746
14984.0   0.0003036309060906
14984.9   0.0003038665741154
14985.8   0.0003049414756162
14986.7   0.0003057177743026
14987.6   0.0003057332963873
14988.5   0.0003053771120149
14989.4   0.0003054597439526
14990.3   0.0003064374980218
14991.2   0.0003075323826338
14992.1   0.0003076079913143
14993.0   0.0003068037597386
14993.9   0.0003060357196706
14994.8   0.0003058414019302
14995.7   0.0003064168972300
14996.6   0.0003075103749029
14997.5   0.0003081708127233
14998.4   0.0003078794733751
14999.3   0.0003068904066001
15000.2   0.0003055967546598
15001.1   0.0003045753740388
15002.0   0.0003042862308883
15002.9   0.0003043768812351
15003.8   0.0003042247716689
15004.7   0.0003040777179327
15005.6   0.0003045899467254
15006.5   0.0003054439015891
15007.4   0.0003054417282685
15008.3   0.0003045573926703
15009.2   0.0003042781438479
15010.1   0.0003051422675643
15011.0   0.0003060152332641
15011.9   0.0003062122962516
15012.8   0.0003060781337382
15013.7   0.0003058299062080
15014.6   0.0003052953951597
15015.5   0.0003043505611786
15016.4   0.0003036457761791
15017.3   0.0003045339894388
15018.2   0.0003065405477347
15019.1   0.0003068185726344
15020.0   0.0003044978780009
15020.9   0.0003014029550549
15021.8   0.0002975378301587
15022.7   0.0002897252572689
15023.6   0.0002782667903408
15024.5   0.0002715681815304
15025.4   0.0002768035507610
15026.3   0.0002896006688048
15027.2   0.0002996939014746
15028.1   0.0003033990242192
15029.0   0.0003039839448673
15029.9   0.0003042840575677
15030.8   0.0003045164884885
15031.7   0.0003042044225248
15032.6   0.0003036261934164
15033.5   0.0003035467413900
15034.4   0.0003043373611155
15035.3   0.0003050576567611
15036.2   0.0003042972118767
15037.1   0.0003015555793549
15038.0   0.0002958662606398
15038.9   0.0002872709606100
15039.8   0.0002815308548236
15040.7   0.0002842721213124
15041.6   0.0002927024091145
15042.5   0.0003009335063627
15043.4   0.0003057181060200
15044.3   0.0003055679181267
15045.2   0.0003006716555438
15046.1   0.0002937187110284
15047.0   0.0002896144865486
15047.9   0.0002911029480861
15048.8   0.0002951002223144
15049.7   0.0002970539231652
15050.6   0.0002966624509291
15051.5   0.0002967148508331
15052.4   0.0002982859786238
15053.3   0.0003001624465229
15054.2   0.0003015173517891
15055.1   0.0003028079610806
15056.0   0.0003044208166272
15056.9   0.0003055701600785
15057.8   0.0003053302941134
15058.7   0.0003040608575401
15059.6   0.0003030835724506
15060.5   0.0003030011349680
15061.4   0.0003031312939960
15062.3   0.0003028209895658
15063.2   0.0003023770487946
15064.1   0.0003023939663799
15065.0   0.0003028136002757
15065.9   0.0003028931094947
15066.8   0.0003023155666982
15067.7   0.0003017472319179
15068.6   0.0003018893785249
15069.5   0.0003026508528770
15070.4   0.0003032068797994
15071.3   0.0003028867382338
15072.2   0.0003019492477887
15073.1   0.0003012064068012
15074.0   0.0003010556241044
15074.9   0.0003008246801924
15075.8   0.0002997239504918
15076.7   0.0002982981835348
15077.6   0.0002978633592717
15078.5   0.0002988421885627
15079.4   0.0003002768661342
15080.3   0.0003010709174185
15081.2   0.0003013921570830
15082.1   0.0003020104782375
15083.0   0.0003029877290114
15083.9   0.0003042358556040
15084.8   0.0003054757235784
15085.7   0.0003059678319976
15086.6   0.0003056150219915
15087.5   0.0003047393453602
15088.4   0.0003039202436961
15089.3   0.0003041217333945
15090.2   0.0003047675756512
15091.1   0.0003040976552898
15092.0   0.0003024217048141
15092.9   0.0003013199227687
15093.8   0.0003010294985029
15094.7   0.0003008711206225
15095.6   0.0003005100748751
15096.5   0.0003000873411377
15097.4   0.0002999377251709
15098.3   0.0003004055953460
15099.2   0.0003012440853177
15100.1   0.0003018444022266
15101.0   0.0003020752775075
15101.9   0.0003019764142964
15102.8   0.0003017059845803
15103.7   0.0003019041227895
15104.6   0.0003025122293371
15105.5   0.0003024979082981
15106.4   0.0003016189488088
15107.3   0.0003008404882403
15108.2   0.0003011908732781
15109.1   0.0003026607700821
15110.0   0.0003038756219923
15110.9   0.0003037232493398
15111.8   0.0003026221078522
15112.7   0.0003014858958328
15113.6   0.0003009483650127
15114.5   0.0003012580746393
15115.4   0.0003019290930996
15116.3   0.0003020891638824
15117.2   0.0003014331756500
15118.1   0.0003004549869167
15119.0   0.0002999451144610
15119.9   0.0003002796342583
15120.8   0.0003008750325996
15121.7   0.0003009478502788
15122.6   0.0003006591074769
15123.5   0.0003004817759529
15124.4   0.0003005641562429
15125.3   0.0003011139606053
15126.2   0.0003018855123019
15127.1   0.0003020947458848
15128.0   0.0003013258708041
15128.9   0.0002998694829035
15129.8   0.0002988564409706
15130.7   0.0002992150617497
15131.6   0.0003002320156597
15132.5   0.0003005294631827
15133.4   0.0002998030936779
15134.3   0.0002987782357439
15135.2   0.0002983079520391
15136.1   0.0002989620071600
15137.0   0.0003004207170821
15137.9   0.0003015029735574
15138.8   0.0003016483343912
15139.7   0.0003012854927947
15140.6   0.0003007573987615
15141.5   0.0002999740539408
15142.4   0.0002992219820601
15143.3   0.0002991349462886
15144.2   0.0002995152659583
15145.1   0.0002995783837644
15146.0   0.0002991801513574
15146.9   0.0002988793866609
15147.8   0.0002992381561409
15148.7   0.0003003282823246
15149.6   0.0003015528798620
15150.5   0.0003020272471218
15151.4   0.0003014035612969
15152.3   0.0003001801190511
15153.2   0.0002990990064287
15154.1   0.0002986013960767
15155.0   0.0002988629723710
15155.9   0.0002995320920353
15156.8   0.0002997352174434
15157.7   0.0002991081000597
15158.6   0.0002983075288135
15159.5   0.0002980501390211
15160.4   0.0002984517686714
15161.3   0.0002994669038552
15162.2   0.0003007140696114
15163.1   0.0003013260080664
15164.0   0.0003010096297770
15164.9   0.0003002737434156
15165.8   0.0002994823573087
15166.7   0.0002987564224680
15167.6   0.0002984634817257
15168.5   0.0002989589301955
15169.4   0.0003000399627482
15170.3   0.0003009146327889
15171.2   0.0003009334034160
15172.1   0.0003002174086575
15173.0   0.0002993613605429
15173.9   0.0002990232376088
15174.8   0.0002995937342711
15175.7   0.0003005355256034
15176.6   0.0003007095742693
15177.5   0.0002998051640517
15178.4   0.0002985904036498
15179.3   0.0002978546659893
15180.2   0.0002976426871592
15181.1   0.0002976631049345
15182.0   0.0002982290719392
15182.9   0.0002996177208676
15183.8   0.0003007936017076
15184.7   0.0003007097687243
15185.6   0.0002997629901932
15186.5   0.0002987446750981
15187.4   0.0002979713847450
15188.3   0.0002975912252147
15189.2   0.0002978678889294
15190.1   0.0002990216819688
15191.0   0.0003004526191410
15191.9   0.0003009888002147
15192.8   0.0003003870649281
15193.7   0.0002992697150440
15194.6   0.0002981567689938
15195.5   0.0002974607344694
15196.4   0.0002974621299700
15197.3   0.0002980462613596
15198.2   0.0002987994427777
15199.1   0.0002992583337070
15200.0   0.0002991260356740
15200.9   0.0002984761556164
15201.8   0.0002978499533151
15202.7   0.0002977325024934
15203.6   0.0002978080082271
15204.5   0.0002972537085226
15205.4   0.0002957928824726
15206.3   0.0002942049057278
15207.2   0.0002938930799732
15208.1   0.0002952360548531
15209.0   0.0002968238485814
15209.9   0.0002973909823160
15210.8   0.0002970458704403
15211.7   0.0002964887339805
15212.6   0.0002963161151308
15213.5   0.0002968754020341
15214.4   0.0002980885381649
15215.3   0.0002992848939727
15216.2   0.0002995581833212
15217.1   0.0002985673550127
15218.0   0.0002967660268144
15218.9   0.0002950282854019
15219.8   0.0002941913625088
15220.7   0.0002942651639016
15221.6   0.0002947404691209
15222.5   0.0002956083561135
15223.4   0.0002969877283945
15224.3   0.0002985661425286
15225.2   0.0002996680847133
15226.1   0.0002997044592374
15227.0   0.0002987917332088
15227.9   0.0002976591357648
15228.8   0.0002968227276055
15229.7   0.0002962649162724
15230.6   0.0002959351892190
15231.5   0.0002960518622206
15232.4   0.0002968601430357
15233.3   0.0002982497528006
15234.2   0.0002994958204580
15235.1   0.0002997607825570
15236.0   0.0002989451810830
15236.9   0.0002977879564848
15237.8   0.0002970585214540
15238.7   0.0002966928888563
15239.6   0.0002963128208342
15240.5   0.0002958287308243
15241.4   0.0002952061774138
15242.3   0.0002945752281227
15243.2   0.0002944658071488
15244.1   0.0002954337012055
15245.0   0.0002970971493684
15245.9   0.0002981736179478
15246.8   0.0002979647275208
15247.7   0.0002969917547569
15248.6   0.0002959692531600
15249.5   0.0002949349584392
15250.4   0.0002939038207524
15251.3   0.0002932871238692
15252.2   0.0002933313452245
15253.1   0.0002940195786717
15254.0   0.0002951563511790
15254.9   0.0002964235458005
15255.8   0.0002976136447327
15256.7   0.0002986998131852
15257.6   0.0002992321051587
15258.5   0.0002983765031468
15259.4   0.0002963341079378
15260.3   0.0002942970202065
15261.2   0.0002930271489691
15262.1   0.0002922946484124
15263.0   0.0002916020683239
15263.9   0.0002910594473581
15264.8   0.0002912876117075
15265.7   0.0002928082155131
15266.6   0.0002953448009537
15267.5   0.0002977698721695
15268.4   0.0002989208627691
15269.3   0.0002986971022536
15270.2   0.0002979361197583
15271.1   0.0002972875322546
15272.0   0.0002969826153718
15272.9   0.0002968993314380
15273.8   0.0002964634891458
15274.7   0.0002952524691430
15275.6   0.0002935311877746
15276.5   0.0002918223629649
15277.4   0.0002908058894731
15278.3   0.0002910781836696
15279.2   0.0002923988419782
15280.1   0.0002941723287956
15281.0   0.0002960100543950
15281.9   0.0002973922977469
15282.8   0.0002977334175758
15283.7   0.0002971729525039
15284.6   0.0002965460638907
15285.5   0.0002964671837908
15286.4   0.0002968793140113
15287.3   0.0002970979386270
15288.2   0.0002966026274195
15289.1   0.0002957328187538
15290.0   0.0002949324076471
15290.9   0.0002937282622006
15291.8   0.0002911873873114
15292.7   0.0002870877039278
15293.6   0.0002832847245627
15294.5   0.0002829496328389
15295.4   0.0002866839352724
15296.3   0.0002916741768143
15297.2   0.0002951658337200
15298.1   0.0002967803364149
15299.0   0.0002974078427086
15299.9   0.0002977218532224
15300.8   0.0002979394598090
15301.7   0.0002979336490359
15302.6   0.0002976866111128
15303.5   0.0002974156781014
15304.4   0.0002973190110880
15305.3   0.0002972880241114
15306.2   0.0002969219225339
15307.1   0.0002960435692867
15308.0   0.0002949993344836
15308.9   0.0002942515978055
15309.8   0.0002939227286418
15310.7   0.0002937840593478
15311.6   0.0002936175257958
15312.5   0.0002934414181945
15313.4   0.0002934182322951
15314.3   0.0002937607705016
15315.2   0.0002943323767014
15316.1   0.0002946613373733
15317.0   0.0002946373050227
15317.9   0.0002946918668087
15318.8   0.0002951658565971
15319.7   0.0002958143983467
15320.6   0.0002961276767946
15321.5   0.0002959522669436
15322.4   0.0002956008867537
15323.3   0.0002954121967699
15324.2   0.0002953234223419
15325.1   0.0002948743571095
15326.0   0.0002938661079205
15326.9   0.0002928805070200
15327.8   0.0002926840159590
15328.7   0.0002932456134453
15329.6   0.0002939496206249
15330.5   0.0002943769183355
15331.4   0.0002942484178943
15332.3   0.0002932515500422
15333.2   0.0002913052384815
15334.1   0.0002889387325371
15335.0   0.0002875167517335
15335.9   0.0002878675485583
15336.8   0.0002890627833903
15337.7   0.0002897630616092
15338.6   0.0002895286975768
15339.5   0.0002886795468955
15340.4   0.0002877337406394
15341.3   0.0002870407144483
15342.2   0.0002867171527623
15343.1   0.0002866798860330
15344.0   0.0002868507776648
15344.9   0.0002873049787970
15345.8   0.0002880916636682
15346.7   0.0002890665581051
15347.6   0.0002898771952572
15348.5   0.0002903295204706
15349.4   0.0002905533724943
15350.3   0.0002906660191335
15351.2   0.0002906223125120
15352.1   0.0002904398679654
15353.0   0.0002904528506964
15353.9   0.0002910100214718
15354.8   0.0002919777096350
15355.7   0.0002927862077822
15356.6   0.0002930389306545
15357.5   0.0002929650949461
15358.4   0.0002930443982717
15359.3   0.0002933477366373
15360.2   0.0002936195504155
15361.1   0.0002938295160644
15362.0   0.0002941224339296
15362.9   0.0002944640341767
15363.8   0.0002947248669665
15364.7   0.0002948158604693
15365.6   0.0002947139202937
15366.5   0.0002945433375022
15367.4   0.0002945192593975
15368.3   0.0002946455064484
15369.2   0.0002946705682667
15370.1   0.0002943796407055
15371.0   0.0002938050833652
15371.9   0.0002932474321715
15372.8   0.0002929823556873
15373.7   0.0002927020545201
15374.6   0.0002917674809000
15375.5   0.0002903134950907
15376.4   0.0002895621323987
15377.3   0.0002903538845386
15378.2   0.0002919667858393
15379.1   0.0002931628899995
15380.0   0.0002934586217430
15380.9   0.0002932145349605
15381.8   0.0002929612973543
15382.7   0.0002928536379140
15383.6   0.0002927519608246
15384.5   0.0002924329059193
15385.4   0.0002917167167058
15386.3   0.0002907132030680
15387.2   0.0002900241689237
15388.1   0.0002900419558372
15389.0   0.0002903144216116
15389.9   0.0002903110929995
15390.8   0.0002900911643914
15391.7   0.0002897218257101
15392.6   0.0002888078871973
15393.5   0.0002871733213216
15394.4   0.0002856714195119
15395.3   0.0002854978627027
15396.2   0.0002866956826423
15397.1   0.0002881265854990
15398.0   0.0002887231620088
15398.9   0.0002885011744654
15399.8   0.0002882775168967
15400.7   0.0002884801046939
15401.6   0.0002888113645103
15402.5   0.0002891239108923
15403.4   0.0002897814890803
15404.3   0.0002908439912151
15405.2   0.0002917326277004
15406.1   0.0002920251452172
15407.0   0.0002919749643879
15407.9   0.0002920218623592
15408.8   0.0002922395718925
15409.7   0.0002925672857647
15410.6   0.0002929912205477
15411.5   0.0002933914775744
15412.4   0.0002936695711054
15413.3   0.0002937610679034
15414.2   0.0002935322973120
15415.1   0.0002930169000466
15416.0   0.0002924431319647
15416.9   0.0002918697070388
15417.8   0.0002912042591425
15418.7   0.0002905064058919
15419.6   0.0002898832805550
15420.5   0.0002891104591815
15421.4   0.0002881363082492
15422.3   0.0002874723702387
15423.2   0.0002872954390633
15424.1   0.0002870018348863
15425.0   0.0002860819025841
15425.9   0.0002848643969350
15426.8   0.0002842515433977
15427.7   0.0002847881476969
15428.6   0.0002859666022060
15429.5   0.0002870350066220
15430.4   0.0002878120259358
15431.3   0.0002883556649307
15432.2   0.0002886791007929
15433.1   0.0002888299406823
15434.0   0.0002887719358989
15434.9   0.0002884627981987
15435.8   0.0002881655908849
15436.7   0.0002880860816658
15437.6   0.0002881398541933
15438.5   0.0002883347095446
15439.4   0.0002886964301652
15440.3   0.0002890093425801
15441.2   0.0002890541587390
15442.1   0.0002888155967663
15443.0   0.0002883601945884
15443.9   0.0002877319791059
15444.8   0.0002870896141622
15445.7   0.0002867128518752
15446.6   0.0002868606262387
15447.5   0.0002876391325613
15448.4   0.0002888090424888
15449.3   0.0002899384600216
15450.2   0.0002907147015154
15451.1   0.0002911876389590
15452.0   0.0002916253228545
15452.9   0.0002920272041525
15453.8   0.0002921320840301
15454.7   0.0002918797958219
15455.6   0.0002915351300489
15456.5   0.0002912730847749
15457.4   0.0002909174036979
15458.3   0.0002902618730067
15459.2   0.0002894947022669
15460.1   0.0002889182461306
15461.0   0.0002885745297556
15461.9   0.0002885226674625
15462.8   0.0002890118247411
15463.7   0.0002900100423397
15464.6   0.0002910087517951
15465.5   0.0002917477379980
15466.4   0.0002923392014851
15467.3   0.0002924987689726
15468.2   0.0002916958299508
15469.1   0.0002901142359055
15470.0   0.0002886862155583
15470.9   0.0002880287403171
15471.8   0.0002879175692482
15472.7   0.0002877588138962
15473.6   0.0002873922662161
15474.5   0.0002872961139366
15475.4   0.0002878585121200
15476.3   0.0002888644049719
15477.2   0.0002897975030217
15478.1   0.0002905671559224
15479.0   0.0002913193879426
15479.9   0.0002918170211716
15480.8   0.0002917979531428
15481.7   0.0002913696374030
15482.6   0.0002907983057280
15483.5   0.0002902506403707
15484.4   0.0002898895259921
15485.3   0.0002901835648333
15486.2   0.0002915100567920
15487.1   0.0002929478570821
15488.0   0.0002930587421877
15488.9   0.0002922348935339
15489.8   0.0002917839180670
15490.7   0.0002918579939845
15491.6   0.0002917677325477
15492.5   0.0002909039977412
15493.4   0.0002893559071491
15494.3   0.0002877982768233
15495.2   0.0002868223300417
15496.1   0.0002867417913550
15497.0   0.0002875291282225
15497.9   0.0002886605703750
15498.8   0.0002893875232448
15499.7   0.0002894487880092
15500.6   0.0002892783882342
15501.5   0.0002893947867111
15502.4   0.0002897148367685
15503.3   0.0002896787710848
15504.2   0.0002890473528139
15505.1   0.0002881923456055
15506.0   0.0002876973317998
15506.9   0.0002879469319536
15507.8   0.0002889277629872
15508.7   0.0002902487186977
15509.6   0.0002912130553717
15510.5   0.0002911996036609
15511.4   0.0002902314465180
15512.3   0.0002888258113732
15513.2   0.0002876059036329
15514.1   0.0002870491560831
15515.0   0.0002871877109918
15515.9   0.0002876873802791
15516.8   0.0002882111276711
15517.7   0.0002885503830196
15518.6   0.0002886413650838
15519.5   0.0002886319168584
15520.4   0.0002885953364408
15521.3   0.0002883865603991
15522.2   0.0002879823227641
15523.1   0.0002876049771120
15524.0   0.0002876163584490
15524.9   0.0002881976759603
15525.8   0.0002889758276885
15526.7   0.0002894165199173
15527.6   0.0002893692559131
15528.5   0.0002888317708471
15529.4   0.0002878706941540
15530.3   0.0002868421415749
15531.2   0.0002861887842044
15532.1   0.0002860582820205
15533.0   0.0002862576784680
15533.9   0.0002864957257069
15534.8   0.0002864438634138
15535.7   0.0002860587853158
15536.6   0.0002858666523346
15537.5   0.0002861688239703
15538.4   0.0002865138100221
15539.3   0.0002865380139507
15540.2   0.0002864695886668
15541.1   0.0002865156287483
15542.0   0.0002865774196851
15542.9   0.0002866122500076
15543.8   0.0002867253084339
15544.7   0.0002869160687916
15545.6   0.0002870005995251
15546.5   0.0002869067807056
15547.4   0.0002867177018117
15548.3   0.0002864006143335
15549.2   0.0002859134931132
15550.1   0.0002853617899549
15551.0   0.0002847718821079
15551.9   0.0002839725462229
15552.8   0.0002829404133841
15553.7   0.0002818153424926
15554.6   0.0002805291255964
15555.5   0.0002787605344697
15556.4   0.0002766885134691
15557.3   0.0002756103863029
15558.2   0.0002765062061848
15559.1   0.0002786495921714
15560.0   0.0002808090035379
15560.9   0.0002825775717876
15561.8   0.0002839078498997
15562.7   0.0002848096178169
15563.6   0.0002853677379903
15564.5   0.0002855836745515
15565.4   0.0002855712980625
15566.3   0.0002855008481589
15567.2   0.0002854505415058
15568.1   0.0002856059911227
15569.0   0.0002860329685546
15569.9   0.0002863211966227
15570.8   0.0002862326852809
15571.7   0.0002862066855031
15572.6   0.0002866018409457
15573.5   0.0002871720058907
15574.4   0.0002875934813898
15575.3   0.0002877785453598
15576.2   0.0002877360512224
15577.1   0.0002874828021777
15578.0   0.0002870827281674
15578.9   0.0002867228148345
15579.8   0.0002865913632526
15580.7   0.0002866655535554
15581.6   0.0002866960601138
15582.5   0.0002865000380325
15583.4   0.0002863526525790
15584.3   0.0002866553160715
15585.2   0.0002871270524695
15586.1   0.0002870690476860
15587.0   0.0002863797047014
15587.9   0.0002855625590259
15588.8   0.0002847844530519
15589.7   0.0002836784044350
15590.6   0.0002825495473901
15591.5   0.0002825003502745
15592.4   0.0002836034706278
15593.3   0.0002847625025136
15594.2   0.0002853809037378
15595.1   0.0002857111340865
15596.0   0.0002859152203311
15596.9   0.0002859236848430
15597.8   0.0002859235818963
15598.7   0.0002860950225775
15599.6   0.0002862341265356
15600.5   0.0002860401977052
15601.4   0.0002853505801959
15602.3   0.0002842176052804
15603.2   0.0002832411323265
15604.1   0.0002831159033048
15605.0   0.0002837546651116
15605.9   0.0002846430156337
15606.8   0.0002854165919501
15607.7   0.0002858495974870
15608.6   0.0002858564148506
15609.5   0.0002855379661874
15610.4   0.0002851782244323
15611.3   0.0002850317311841
15612.2   0.0002850019109375
15613.1   0.0002849468916103
15614.0   0.0002851148549785
15614.9   0.0002856068947666
15615.8   0.0002860265858551
15616.7   0.0002861278168418
15617.6   0.0002859187548368
15618.5   0.0002851469629310
15619.4   0.0002833823180970
15620.3   0.0002809105891191
15621.2   0.0002796038858165
15622.1   0.0002809502579396
15623.0   0.0002835523747162
15623.9   0.0002852465010154
15624.8   0.0002856824005003
15625.7   0.0002855271910925
15626.6   0.0002853058212297
15627.5   0.0002852587631191
15628.4   0.0002852027143242
15629.3   0.0002844591183938
15630.2   0.0002825394242915
15631.1   0.0002803631754094
15632.0   0.0002798702319775
15632.9   0.0002814687092924
15633.8   0.0002835643622952
15634.7   0.0002848594440517
15635.6   0.0002853422071923
15636.5   0.0002854523373550
15637.4   0.0002853524446762
15638.3   0.0002851641893566
15639.2   0.0002852072096663
15640.1   0.0002855563021503
15641.0   0.0002857283719506
15641.9   0.0002852043614724
15642.8   0.0002842333446971
15643.7   0.0002835800559577
15644.6   0.0002835503844120
15645.5   0.0002837052392254
15646.4   0.0002834503315939
15647.3   0.0002828392281515
15648.2   0.0002825850525859
15649.1   0.0002830539179130
15650.0   0.0002836897285793
15650.9   0.0002837223169500
15651.8   0.0002833041128704
15652.7   0.0002833732015890
15653.6   0.0002842171706163
15654.5   0.0002851409233874
15655.4   0.0002854239698017
15656.3   0.0002850859955684
15657.2   0.0002847529627800
15658.1   0.0002847122416147
15659.0   0.0002845238147171
15659.9   0.0002839541416288
15660.8   0.0002837926524683
15661.7   0.0002846889642070
15662.6   0.0002857623672605
15663.5   0.0002857760820574
15664.4   0.0002849415726941
15665.3   0.0002844732564164
15666.2   0.0002847374292568
15667.1   0.0002849614757355
15668.0   0.0002846540995689
15668.9   0.0002842393956793
15669.8   0.0002842577087651
15670.7   0.0002844875202627
15671.6   0.0002842650637396
15672.5   0.0002834957082407
15673.4   0.0002827773228295
15674.3   0.0002824381589892
15675.2   0.0002820882772467
15676.1   0.0002813854825513
15677.0   0.0002808699937776
15677.9   0.0002812025347093
15678.8   0.0002818960870728
15679.7   0.0002820422142881
15680.6   0.0002816122971541
15681.5   0.0002811775529607
15682.4   0.0002809579789471
15683.3   0.0002805559031941
15684.2   0.0002796311209554
15685.1   0.0002787397964156
15686.0   0.0002788026968897
15686.9   0.0002797520834056
15687.8   0.0002804708234112
15688.7   0.0002801765214838
15689.6   0.0002791048456483
15690.5   0.0002774115772388
15691.4   0.0002752391488256
15692.3   0.0002739111927351
15693.2   0.0002746569391090
15694.1   0.0002766942212953
15695.0   0.0002780355490270
15695.9   0.0002778491925032
15696.8   0.0002770685929297
15697.7   0.0002763914091020
15698.6   0.0002754702986312
15699.5   0.0002744771368627
15700.4   0.0002742251231792
15701.3   0.0002748600759557
15702.2   0.0002757507942534
15703.1   0.0002763003812837
15704.0   0.0002767182994001
15704.9   0.0002776602051176
15705.8   0.0002786709593446
15706.7   0.0002789686585152
15707.6   0.0002793222692184
15708.5   0.0002804302280697
15709.4   0.0002812103014709
15710.3   0.0002809637668430
15711.2   0.0002807449706494
15712.1   0.0002811248442165
15713.0   0.0002812657440237
15713.9   0.0002808064298688
15714.8   0.0002802784044667
15715.7   0.0002799125774140
15716.6   0.0002797908142667
15717.5   0.0002800016835593
15718.4   0.0002801320484809
15719.3   0.0002802406916347
15720.2   0.0002807179985967
15721.1   0.0002805458944808
15722.0   0.0002790906161175
15722.9   0.0002780801936079
15723.8   0.0002786080245549
15724.7   0.0002792739757466
15725.6   0.0002790946653570
15726.5   0.0002789881840852
15727.4   0.0002793565848071
15728.3   0.0002795376681688
15729.2   0.0002799304672742
15730.1   0.0002810888014098
15731.0   0.0002818026686018
15731.9   0.0002811920455777
15732.8   0.0002806701855431
15733.7   0.0002814427552688
15734.6   0.0002823167389978
15735.5   0.0002821774749002
15736.4   0.0002817962172711
15737.3   0.0002814044361948
15738.2   0.0002790727948885
15739.1   0.0002736088266444
15740.0   0.0002683931431232
15740.9   0.0002682982948360
15741.8   0.0002729783120174
15742.7   0.0002782501701573
15743.6   0.0002814701276701
15744.5   0.0002825110910537
15745.4   0.0002817706979116
15746.3   0.0002781913532382
15747.2   0.0002707171434918
15748.1   0.0002627772940835
15749.0   0.0002614952293736
15749.9   0.0002681838637862
15750.8   0.0002760605953883
15751.7   0.0002804731111171
15752.6   0.0002825470766678
15753.5   0.0002840134389661
15754.4   0.0002847045892384
15755.3   0.0002842400819910
15756.2   0.0002832210691457
15757.1   0.0002823388382369
15758.0   0.0002819506602974
15758.9   0.0002818998045949
15759.8   0.0002815515814392
15760.7   0.0002809365202656
15761.6   0.0002805638072181
15762.5   0.0002790849540454
15763.4   0.0002733096519035
15764.3   0.0002630811357445
15765.2   0.0002555605999532
15766.1   0.0002578485575151
15767.0   0.0002661172532100
15767.9   0.0002714604763359
15768.8   0.0002722212414992
15769.7   0.0002730187815350
15770.6   0.0002759560701050
15771.5   0.0002786330520576
15772.4   0.0002788906477436
15773.3   0.0002780011419300
15774.2   0.0002782208760831
15775.1   0.0002791421466933
15776.0   0.0002790752084182
15776.9   0.0002783509550413
15777.8   0.0002785213776934
15778.7   0.0002796673353400
15779.6   0.0002808447489429
15780.5   0.0002814445396794
15781.4   0.0002814014621771
15782.3   0.0002811969755839
15783.2   0.0002813150898403
15784.1   0.0002815014692411
15785.0   0.0002810428757136
15785.9   0.0002799681686677
15786.8   0.0002790527202691
15787.7   0.0002786105295929
15788.6   0.0002786118793394
15789.5   0.0002789855875390
15790.4   0.0002795831248853
15791.3   0.0002805885144419
15792.2   0.0002818411592538
15793.1   0.0002824591258139
15794.0   0.0002818880229095
15794.9   0.0002807281903265
15795.8   0.0002799489176224
15796.7   0.0002796647731094
15797.6   0.0002796031766276
15798.5   0.0002796233198782
15799.4   0.0002795485690874
15800.3   0.0002796369774825
15801.2   0.0002803082475904
15802.1   0.0002813000710510
15803.0   0.0002818502872004
15803.9   0.0002814895617318
15804.8   0.0002806802400106
15805.7   0.0002803079730657
15806.6   0.0002804598309843
15807.5   0.0002804456357691
15808.4   0.0002799512739595
15809.3   0.0002793800223542
15810.2   0.0002792214157032
15811.1   0.0002796718878748
15812.0   0.0002803149963228
15812.9   0.0002802417096639
15813.8   0.0002793523639897
15814.7   0.0002784416053882
15815.6   0.0002774393843042
15816.5   0.0002755442601634
15817.4   0.0002734174142906
15818.3   0.0002729443853387
15819.2   0.0002745547129702
15820.1   0.0002765966735151
15821.0   0.0002773831639314
15821.9   0.0002770933001535
15822.8   0.0002769614939773
15823.7   0.0002774067844950
15824.6   0.0002781251470291
15825.5   0.0002787661050336
15826.4   0.0002790429174492
15827.3   0.0002789932284768
15828.2   0.0002787877009774
15829.1   0.0002784361377711
15830.0   0.0002780732389819
15830.9   0.0002773776162446
15831.8   0.0002754081759771
15832.7   0.0002724350390554
15833.6   0.0002706639543292
15834.5   0.0002715152554540
15835.4   0.0002738686070895
15836.3   0.0002760096138620
15837.2   0.0002774178226760
15838.1   0.0002783671863148
15839.0   0.0002788814740429
15839.9   0.0002789889962208
15840.8   0.0002791625530300
15841.7   0.0002795579601202
15842.6   0.0002797280739320
15843.5   0.0002794083212764
15844.4   0.0002789482521785
15845.3   0.0002787675806039
15846.2   0.0002787592647929
15847.1   0.0002786829126080
15848.0   0.0002787240684374
15848.9   0.0002789305796503
15849.8   0.0002789592446054
15850.7   0.0002787763425176
15851.6   0.0002785767516151
15852.5   0.0002782257488967
15853.4   0.0002776399131661
15854.3   0.0002771977339285
15855.2   0.0002773162027793
15856.1   0.0002778125892086
15857.0   0.0002780898134112
15857.9   0.0002780634819162
15858.8   0.0002780625096412
15859.7   0.0002780138043822
15860.6   0.0002777497116115
15861.5   0.0002773846051861
15862.4   0.0002769643650482
15863.3   0.0002764637692401
15864.2   0.0002760358767259
15865.1   0.0002757974634540
15866.0   0.0002754109212242
15866.9   0.0002743730576821
15867.8   0.0002731540650242
15868.7   0.0002728961033053
15869.6   0.0002735777710366
15870.5   0.0002740533965347
15871.4   0.0002737175613065
15872.3   0.0002729476110040
15873.2   0.0002722718341155
15874.1   0.0002717774951830
15875.0   0.0002713745615403
15875.9   0.0002708389180776
15876.8   0.0002694807070763
15877.7   0.0002668011057004
15878.6   0.0002638557529670
15879.5   0.0002625769482380
15880.4   0.0002633397151440
15881.3   0.0002646169871100
15882.2   0.0002651115090589
15883.1   0.0002651310689445
15884.0   0.0002653925537305
15884.9   0.0002647765088434
15885.8   0.0002605178756529
15886.7   0.0002521368535976
15887.6   0.0002453254265700
15888.5   0.0002470265532493
15889.4   0.0002558632520072
15890.3   0.0002644175906625
15891.2   0.0002685654531327
15892.1   0.0002695963620488
15893.0   0.0002700889852018
15893.9   0.0002712449401232
15894.8   0.0002729107903773
15895.7   0.0002739679507188
15896.6   0.0002737535697976
15897.5   0.0002732748787736
15898.4   0.0002738553955878
15899.3   0.0002751391303231
15900.2   0.0002758235661785
15901.1   0.0002757164443491
15902.0   0.0002755901629826
15902.9   0.0002754824577881
15903.8   0.0002748057429402
15904.7   0.0002739746880127
15905.6   0.0002742442026465
15906.5   0.0002756261485966
15907.4   0.0002764727599243
15908.3   0.0002757344257175
15909.2   0.0002743069544197
15910.1   0.0002735800129884
15911.0   0.0002737201921683
15911.9   0.0002741238807539
15912.8   0.0002747391249440
15913.7   0.0002758539469130
15914.6   0.0002769902046865
15915.5   0.0002772519068046
15916.4   0.0002765980118231
15917.3   0.0002758029539482
15918.2   0.0002752325945482
15919.1   0.0002744094093291
15920.0   0.0002733963216420
15920.9   0.0002733972138473
15921.8   0.0002749032907204
15922.7   0.0002766727054212
15923.6   0.0002773591315808
15924.5   0.0002770534597550
15925.4   0.0002766694111247
15926.3   0.0002765556320710
15927.2   0.0002763073702252
15928.1   0.0002758075407986
15929.0   0.0002756810077844
15929.9   0.0002761852524835
15930.8   0.0002766134652766
15931.7   0.0002764169627770
15932.6   0.0002759802625951
15933.5   0.0002761695931365
15934.4   0.0002774690444114
15935.3   0.0002791670712492
15936.2   0.0002796842872408
15937.1   0.0002785974439151
15938.0   0.0002773040436223
15938.9   0.0002766353586222
15939.8   0.0002760359453570
15940.7   0.0002753020607383
15941.6   0.0002752006581736
15942.5   0.0002760945792596
15943.4   0.0002769783314928
15944.3   0.0002769251080147
15945.2   0.0002765394579902
15946.1   0.0002767638819404
15947.0   0.0002773257768285
15947.9   0.0002773223567082
15948.8   0.0002766284383118
15949.7   0.0002760946364523
15950.6   0.0002763519690520
15951.5   0.0002766380123610
15952.4   0.0002758233488464
15953.3   0.0002744263955455
15954.2   0.0002740164272071
15955.1   0.0002748415112222
15956.0   0.0002751816930916
15956.9   0.0002729752693685
15957.8   0.0002677884109418
15958.7   0.0002619264390613
15959.6   0.0002595864133129
15960.5   0.0002623191237815
15961.4   0.0002670021721732
15962.3   0.0002704623502456
15963.2   0.0002723338423843
15964.1   0.0002735370269943
15965.0   0.0002742433104412
15965.9   0.0002739270579756
15966.8   0.0002730379868261
15967.7   0.0002728707555238
15968.6   0.0002737004263892
15969.5   0.0002745251214942
15970.4   0.0002747911816920
15971.3   0.0002748900677802
15972.2   0.0002751404686310
15973.1   0.0002753698225875
15974.0   0.0002752504157773
15974.9   0.0002746552347681
15975.8   0.0002739780280634
15976.7   0.0002737544505644
15977.6   0.0002736731226191
15978.5   0.0002725954301170
15979.4   0.0002703948057284
15980.3   0.0002689289009713
15981.2   0.0002698761370436
15982.1   0.0002723908291386
15983.0   0.0002741514018561
15983.9   0.0002743928806538
15984.8   0.0002741453051198
15985.7   0.0002743244324929
15986.6   0.0002750859411606
15987.5   0.0002757105649449
15988.4   0.0002752369411894
15989.3   0.0002739487111121
15990.2   0.0002730550531123
15991.1   0.0002731341848598
15992.0   0.0002737344903303
15992.9   0.0002739755230254
15993.8   0.0002735381250931
15994.7   0.0002729939942414
15995.6   0.0002729120371770
15996.5   0.0002731241647079
15997.4   0.0002731059316918
15998.3   0.0002727173305267
15999.2   0.0002724140035995
16000.1   0.0002726704668710
16001.0   0.0002731524293145
16001.9   0.0002730815790623
16002.8   0.0002722172380138
16003.7   0.0002707853285665
16004.6   0.0002695632703827
16005.5   0.0002701629581726
16006.4   0.0002731403044732
16007.3   0.0002760942704193
16008.2   0.0002760093736528
16009.1   0.0002735041526603
16010.0   0.0002718686717022
16010.9   0.0002723745978651
16011.8   0.0002733640649886
16012.7   0.0002730818650256
16013.6   0.0002717193416987
16014.5   0.0002708287377862
16015.4   0.0002712923985824
16016.3   0.0002722895180822
16017.2   0.0002727469448797
16018.1   0.0002726255363269
16019.0   0.0002720829153611
16019.9   0.0002713965120786
16020.8   0.0002713004169916
16021.7   0.0002718293689146
16022.6   0.0002720329747410
16023.5   0.0002716277305153
16024.4   0.0002715127275390
16025.3   0.0002721268393146
16026.2   0.0002728585620513
16027.1   0.0002731682831165
16028.0   0.0002729823155027
16028.9   0.0002722613449839
16029.8   0.0002712758584687
16030.7   0.0002708485950736
16031.6   0.0002713786336569
16032.5   0.0002722328859223
16033.4   0.0002724962466271
16034.3   0.0002718243702772
16035.2   0.0002705810936210
16036.1   0.0002695898192099
16037.0   0.0002693804026105
16037.9   0.0002693491983018
16038.8   0.0002686937133647
16039.7   0.0002677616905368
16040.6   0.0002675167687416
16041.5   0.0002685120351996
16042.4   0.0002703749141255
16043.3   0.0002718314736040
16044.2   0.0002720024567441
16045.1   0.0002714049994675
16046.0   0.0002710244052731
16046.9   0.0002713039400588
16047.8   0.0002722313074052
16048.7   0.0002731931619183
16049.6   0.0002731140072937
16050.5   0.0002718082648275
16051.4   0.0002703847626995
16052.3   0.0002698477694902
16053.2   0.0002703442245507
16054.1   0.0002714168955383
16055.0   0.0002721849241678
16055.9   0.0002719366508835
16056.8   0.0002703804732509
16057.7   0.0002672994709953
16058.6   0.0002636048602594
16059.5   0.0002618156797795
16060.4   0.0002633171469251
16061.3   0.0002663529555504
16062.2   0.0002683670289602
16063.1   0.0002689033015421
16064.0   0.0002690777848721
16064.9   0.0002698298224373
16065.8   0.0002710639368313
16066.7   0.0002717735031362
16067.6   0.0002712830304267
16068.5   0.0002699720033599
16069.4   0.0002686157826628
16070.3   0.0002678662844512
16071.2   0.0002681780301361
16072.1   0.0002692926118960
16073.0   0.0002700558477817
16073.9   0.0002697016765905
16074.8   0.0002687861824378
16075.7   0.0002682587289622
16076.6   0.0002685533626069
16077.5   0.0002695417545086
16078.4   0.0002707747479267
16079.3   0.0002716000835893
16080.2   0.0002711412040985
16081.1   0.0002692095452943
16082.0   0.0002672133960603
16082.9   0.0002668135279435
16083.8   0.0002679724454441
16084.7   0.0002693709887006
16085.6   0.0002699252998437
16086.5   0.0002693178224152
16087.4   0.0002680898733887
16088.3   0.0002670346118431
16089.2   0.0002664573778868
16090.1   0.0002665412337471
16091.0   0.0002671105064868
16091.9   0.0002666440203738
16092.8   0.0002632630655573
16093.7   0.0002577969011156
16094.6   0.0002542944119224
16095.5   0.0002552831241029
16096.4   0.0002590522111048
16097.3   0.0002628775413566
16098.2   0.0002652048360217
16099.1   0.0002654193999594
16100.0   0.0002637250677667
16100.9   0.0002611285215540
16101.8   0.0002591487980485
16102.7   0.0002585551726794
16103.6   0.0002589121348717
16104.5   0.0002593502991854
16105.4   0.0002590935842663
16106.3   0.0002577732691135
16107.2   0.0002555097671278
16108.1   0.0002528599516830
16109.0   0.0002508735480762
16109.9   0.0002507185674390
16110.8   0.0002528949078293
16111.7   0.0002565194575716
16112.6   0.0002595283970909
16113.5   0.0002605941592066
16114.4   0.0002601953319960
16115.3   0.0002597096405919
16116.2   0.0002600509777529
16117.1   0.0002611327309329
16118.0   0.0002625686438656
16118.9   0.0002642291408878
16119.8   0.0002658277554651
16120.7   0.0002669524946393
16121.6   0.0002673145584158
16122.5   0.0002665130034561
16123.4   0.0002645155044756
16124.3   0.0002620499065495
16125.2   0.0002605624973567
16126.1   0.0002612006986756
16127.0   0.0002632916390042
16127.9   0.0002653124954620
16128.8   0.0002665782373903
16129.7   0.0002670312145998
16130.6   0.0002668404313651
16131.5   0.0002664273174311
16132.4   0.0002661588322650
16133.3   0.0002662042889815
16134.2   0.0002666365052599
16135.1   0.0002673129798987
16136.0   0.0002678201299843
16136.9   0.0002679337488986
16137.8   0.0002677926660748
16138.7   0.0002673544560070
16139.6   0.0002665819091583
16140.5   0.0002659058691835
16141.4   0.0002658627688041
16142.3   0.0002667245819376
16143.2   0.0002682736448048
16144.1   0.0002697259605888
16145.0   0.0002702844696722
16145.9   0.0002698465226905
16146.8   0.0002688460974557
16147.7   0.0002676177366421
16148.6   0.0002663603562790
16149.5   0.0002653725363038
16150.4   0.0002650365981288
16151.3   0.0002654920574992
16152.2   0.0002664682673670
16153.1   0.0002675004002058
16154.0   0.0002679446498172
16154.9   0.0002673232516983
16155.8   0.0002659771312228
16156.7   0.0002647896974680
16157.6   0.0002644116540657
16158.5   0.0002649457190113
16159.4   0.0002660379270074
16160.3   0.0002669752344361
16161.2   0.0002667886720188
16162.1   0.0002650065376731
16163.0   0.0002624966154449
16163.9   0.0002608827761847
16164.8   0.0002610835223787
16165.7   0.0002626079809688
16166.6   0.0002641300145906
16167.5   0.0002648348224672
16168.4   0.0002650733272472
16169.3   0.0002657323352514
16170.2   0.0002670496535095
16171.1   0.0002684162031988
16172.0   0.0002692832551788
16172.9   0.0002695433444642
16173.8   0.0002691879607890
16174.7   0.0002683923538647
16175.6   0.0002677529629387
16176.5   0.0002673624972933
16177.4   0.0002665328721820
16178.3   0.0002652445048423
16179.2   0.0002644717177844
16180.1   0.0002649216294681
16181.0   0.0002663944087815
16181.9   0.0002680325206014
16182.8   0.0002687952760688
16183.7   0.0002682203984496
16184.6   0.0002668894797799
16185.5   0.0002657404794845
16186.4   0.0002650781886223
16187.3   0.0002644997421819
16188.2   0.0002638090380123
16189.1   0.0002634202538307
16190.0   0.0002636257584530
16190.9   0.0002642055088857
16191.8   0.0002649049749690
16192.7   0.0002656847738455
16193.6   0.0002662412468706
16194.5   0.0002659933853733
16195.4   0.0002648452200905
16196.3   0.0002633707936288
16197.2   0.0002622556399424
16198.1   0.0002617925625112
16199.0   0.0002618932215715
16199.9   0.0002623190665889
16200.8   0.0002627580087226
16201.7   0.0002629325835609
16202.6   0.0002628067025430
16203.5   0.0002628222932588
16204.4   0.0002633128917921
16205.3   0.0002638412260345
16206.2   0.0002639557485926
16207.1   0.0002640098299604
16208.0   0.0002645077491526
16208.9   0.0002652825837072
16209.8   0.0002657468164299
16210.7   0.0002653650669440
16211.6   0.0002639113670978
16212.5   0.0002615474920152
16213.4   0.0002587138022075
16214.3   0.0002561082081179
16215.2   0.0002551250093086
16216.1   0.0002570148488488
16217.0   0.0002608745747590
16217.9   0.0002644062665182
16218.8   0.0002663600360002
16219.7   0.0002671711878862
16220.6   0.0002676336361982
16221.5   0.0002678356635075
16222.4   0.0002675002400663
16223.3   0.0002666097505392
16224.2   0.0002655342427963
16225.1   0.0002645434716804
16226.0   0.0002637004863666
16226.9   0.0002630626510807
16227.8   0.0002625561873069
16228.7   0.0002619753273367
16229.6   0.0002613276549153
16230.5   0.0002610607025122
16231.4   0.0002617059499653
16232.3   0.0002632454616603
16233.2   0.0002649236540878
16234.1   0.0002660149927557
16235.0   0.0002664675810552
16235.9   0.0002666662111212
16236.8   0.0002669135922002
16237.7   0.0002671352251492
16238.6   0.0002667139097895
16239.5   0.0002648010330508
16240.4   0.0002618444248043
16241.3   0.0002598181121678
16242.2   0.0002598705120718
16243.1   0.0002610492982982
16244.0   0.0002619104594355
16244.9   0.0002620593662135
16245.8   0.0002617896342477
16246.7   0.0002614597813704
16247.6   0.0002613918593818
16248.5   0.0002617602829808
16249.4   0.0002623882239387
16250.3   0.0002629223689540
16251.2   0.0002632375690749
16252.1   0.0002634232621640
16253.0   0.0002634992368774
16253.9   0.0002635217479036
16254.8   0.0002637857834817
16255.7   0.0002644477769421
16256.6   0.0002651378176770
16257.5   0.0002653963627609
16258.4   0.0002652903504688
16259.3   0.0002652627035428
16260.2   0.0002655510231192
16261.1   0.0002659288148739
16262.0   0.0002659143222569
16262.9   0.0002651891537977
16263.8   0.0002639729750181
16264.7   0.0002628080065354
16265.6   0.0002620686314224
16266.5   0.0002617481238239
16267.4   0.0002615802634024
16268.3   0.0002613314410686
16269.2   0.0002609819367976
16270.1   0.0002606842490655
16271.0   0.0002605673129777
16271.9   0.0002607101344579
16272.8   0.0002611723539994
16273.7   0.0002618622117178
16274.6   0.0002625311483656
16275.5   0.0002630315382803
16276.4   0.0002633488774062
16277.3   0.0002635662437836
16278.2   0.0002638036390263
16279.1   0.0002640886757447
16280.0   0.0002643829547950
16280.9   0.0002645421562495
16281.8   0.0002643780362273
16282.7   0.0002639159539482
16283.6   0.0002633887749973
16284.5   0.0002628728858751
16285.4   0.0002622641044543
16286.3   0.0002618904877629
16287.2   0.0002624943391775
16288.1   0.0002638398648495
16289.0   0.0002645627112872
16289.9   0.0002640678919365
16290.8   0.0002631455575430
16291.7   0.0002626606668360
16292.6   0.0002627097610049
16293.5   0.0002629079335297
16294.4   0.0002629571192069
16295.3   0.0002628618591326
16296.2   0.0002627140046994
16297.1   0.0002625319948168
16298.0   0.0002623754699782
16298.9   0.0002623810977347
16299.8   0.0002626125906962
16300.7   0.0002629517087824
16301.6   0.0002631643167315
16302.5   0.0002630804151171
16303.4   0.0002627544284629
16304.3   0.0002623844377854
16305.2   0.0002620464749907
16306.1   0.0002616771363093
16307.0   0.0002612939798843
16307.9   0.0002609722254860
16308.8   0.0002606856102505
16309.7   0.0002604119777461
16310.6   0.0002602544348783
16311.5   0.0002602954534454
16312.4   0.0002603541674177
16313.3   0.0002597679770927
16314.2   0.0002577332914526
16315.1   0.0002546270329238
16316.0   0.0002526998122690
16316.9   0.0002536215061047
16317.8   0.0002562516815943
16318.7   0.0002586183248011
16319.6   0.0002599659780396
16320.5   0.0002604335508129
16321.4   0.0002602355155504
16322.3   0.0002596128820703
16323.2   0.0002590543844254
16324.1   0.0002589756759035
16325.0   0.0002594848391703
16325.9   0.0002603294830709
16326.8   0.0002609773613858
16327.7   0.0002611626198107
16328.6   0.0002610896419920
16329.5   0.0002609522309363
16330.4   0.0002607001600601
16331.3   0.0002603179873486
16332.2   0.0002600505087731
16333.1   0.0002601391573773
16334.0   0.0002604264246090
16334.9   0.0002605348618693
16335.8   0.0002603581594645
16336.7   0.0002601827953676
16337.6   0.0002603550138689
16338.5   0.0002608334761223
16339.4   0.0002612451602401
16340.3   0.0002613718076395
16341.2   0.0002613266254477
16342.1   0.0002613278493703
16343.0   0.0002614319971821
16343.9   0.0002614611883096
16344.8   0.0002612070356210
16345.7   0.0002608386577762
16346.6   0.0002609192193400
16347.5   0.0002618046072829
16348.4   0.0002630642753519
16349.3   0.0002636899057268
16350.2   0.0002630905267773
16351.1   0.0002616988695155
16352.0   0.0002604371425112
16352.9   0.0002596513040911
16353.8   0.0002591457897152
16354.7   0.0002589206680148
16355.6   0.0002591710116729
16356.5   0.0002598230879282
16357.4   0.0002603555629183
16358.3   0.0002602364191943
16359.2   0.0002593779804270
16360.1   0.0002581149151147
16361.0   0.0002568373457469
16361.9   0.0002554005520475
16362.8   0.0002536838346524
16363.7   0.0002526570779225
16364.6   0.0002532606662509
16365.5   0.0002548979659352
16366.4   0.0002564096591262
16367.3   0.0002573682307814
16368.2   0.0002578139445246
16369.1   0.0002577595200009
16370.0   0.0002572497962462
16370.9   0.0002566385669800
16371.8   0.0002563663986074
16372.7   0.0002563727126757
16373.6   0.0002561872712343
16374.5   0.0002554496462164
16375.4   0.0002541906758977
16376.3   0.0002529431326700
16377.2   0.0002521493902260
16378.1   0.0002510282656271
16379.0   0.0002484091969498
16379.9   0.0002450108212527
16380.8   0.0002435298748291
16381.7   0.0002457661988685
16382.6   0.0002502857563571
16383.5   0.0002543218643933
16384.4   0.0002564832317484
16385.3   0.0002569737959662
16386.2   0.0002566023411569
16387.1   0.0002559644486783
16388.0   0.0002553952331312
16388.9   0.0002550291658694
16389.8   0.0002548414024064
16390.7   0.0002546858384043
16391.6   0.0002542447229499
16392.5   0.0002532377891918
16393.4   0.0002518409045220
16394.3   0.0002505527430758
16395.2   0.0002495990899884
16396.1   0.0002487227384838
16397.0   0.0002478708311170
16397.9   0.0002476212881559
16398.8   0.0002482515282582
16399.7   0.0002491827389506
16400.6   0.0002495456377397
16401.5   0.0002486812166215
16402.4   0.0002465023940703
16403.3   0.0002435767728004
16404.2   0.0002405859404734
16405.1   0.0002377441636253
16406.0   0.0002354538726034
16406.9   0.0002348005381099
16407.8   0.0002363604561416
16408.7   0.0002393490579553
16409.6   0.0002423200444335
16410.5   0.0002445531771231
16411.4   0.0002460654308021
16412.3   0.0002470280059426
16413.2   0.0002477407407202
16414.1   0.0002485200248628
16415.0   0.0002494910073225
16415.9   0.0002506031984298
16416.8   0.0002517445463489
16417.7   0.0002528268600169
16418.6   0.0002538306710565
16419.5   0.0002546092116947
16420.4   0.0002549286669485
16421.3   0.0002548379250935
16422.2   0.0002546541308003
16423.1   0.0002546033666061
16424.0   0.0002546925871367
16424.9   0.0002547948132755
16425.8   0.0002547851477180
16426.7   0.0002544128807731
16427.6   0.0002535097974250
16428.5   0.0002526564831189
16429.4   0.0002527259378705
16430.3   0.0002538202505560
16431.2   0.0002552035004986
16432.1   0.0002559549775758
16433.0   0.0002556389538808
16433.9   0.0002546347882468
16434.8   0.0002538523813856
16435.7   0.0002538226412087
16436.6   0.0002542980379362
16437.5   0.0002547556477503
16438.4   0.0002548921208466
16439.3   0.0002547509236375
16440.2   0.0002544869566906
16441.1   0.0002539562661112
16442.0   0.0002528191962021
16442.9   0.0002511707325130
16443.8   0.0002499908138721
16444.7   0.0002503992723246
16445.6   0.0002521134503661
16446.5   0.0002538026809746
16447.4   0.0002547453416351
16448.3   0.0002550208958125
16449.2   0.0002549712297171
16450.1   0.0002551195416915
16451.0   0.0002557133043230
16451.9   0.0002562543010176
16452.8   0.0002559426925950
16453.7   0.0002546110761750
16454.6   0.0002533932388086
16455.5   0.0002535512277791
16456.4   0.0002547657365333
16457.3   0.0002558610329324
16458.2   0.0002562487762078
16459.1   0.0002561236158173
16460.0   0.0002558719567282
16460.9   0.0002556300089507
16461.8   0.0002554228228645
16462.7   0.0002552849428291
16463.6   0.0002552152593070
16464.5   0.0002551481380154
16465.4   0.0002550020336772
16466.3   0.0002549312749333
16467.2   0.0002551128387132
16468.1   0.0002550749314262
16469.0   0.0002543100255152
16469.9   0.0002533517055078
16470.8   0.0002529903623586
16471.7   0.0002531109702144
16472.6   0.0002531483284520
16473.5   0.0002530602746513
16474.4   0.0002532474204337
16475.3   0.0002537748624707
16476.2   0.0002541967040028
16477.1   0.0002542041619240
16478.0   0.0002539785712438
16478.9   0.0002538570940598
16479.8   0.0002537372754625
16480.7   0.0002531559579512
16481.6   0.0002522361857884
16482.5   0.0002516444592151
16483.4   0.0002514589834581
16484.3   0.0002508663074869
16485.2   0.0002494206946812
16486.1   0.0002482703103237
16487.0   0.0002488814366431
16487.9   0.0002508746804906
16488.8   0.0002526639410402
16489.7   0.0002534973751818
16490.6   0.0002536162443811
16491.5   0.0002534795310757
16492.4   0.0002534355613680
16493.3   0.0002535475560111
16494.2   0.0002536839490377
16495.1   0.0002537676790741
16496.0   0.0002538103791050
16496.9   0.0002538353608536
16497.8   0.0002538484007773
16498.7   0.0002538084116779
16499.6   0.0002537193055326
16500.5   0.0002536520584172
16501.4   0.0002535731211247
16502.3   0.0002533842023703
16503.2   0.0002531707022158
16504.1   0.0002530536288657
16505.0   0.0002530474978138
16505.9   0.0002531857667593
16506.8   0.0002531608993960
16507.7   0.0002525877489948
16508.6   0.0002521185862659
16509.5   0.0002524862549219
16510.4   0.0002531018308293
16511.3   0.0002533392146335
16512.2   0.0002533910883651
16513.1   0.0002533691263883
16514.0   0.0002529633559903
16514.9   0.0002519452582273
16515.8   0.0002506741287516
16516.7   0.0002499450025612
16517.6   0.0002500892424191
16518.5   0.0002506526014390
16519.4   0.0002512080793120
16520.3   0.0002515999061425
16521.2   0.0002514555633378
16522.1   0.0002504812293889
16523.0   0.0002491080453525
16523.9   0.0002483408746126
16524.8   0.0002488163285328
16525.7   0.0002502174568970
16526.6   0.0002517330277496
16527.5   0.0002527520749106
16528.4   0.0002530520503486
16529.3   0.0002528254416392
16530.2   0.0002524516648084
16531.1   0.0002521298417790
16532.0   0.0002519458873464
16532.9   0.0002519581265730
16533.8   0.0002521111740987
16534.7   0.0002519973950451
16535.6   0.0002511728143253
16536.5   0.0002500958538892
16537.4   0.0002495958757616
16538.3   0.0002497113934717
16539.2   0.0002500487614629
16540.1   0.0002503989634843
16541.0   0.0002507437779582
16541.9   0.0002510929733889
16542.8   0.0002513937495240
16543.7   0.0002516512994558
16544.6   0.0002518747282539
16545.5   0.0002520430004625
16546.4   0.0002522060109474
16547.3   0.0002523478487141
16548.2   0.0002522434149391
16549.1   0.0002516761210650
16550.0   0.0002508416345787
16550.9   0.0002501911597175
16551.8   0.0002499949546198
16552.7   0.0002502294330375
16553.6   0.0002505273037860
16554.5   0.0002504306825268
16555.4   0.0002499600099120
16556.3   0.0002495803994311
16557.2   0.0002495645113135
16558.1   0.0002497426664116
16559.0   0.0002496958599486
16559.9   0.0002490704125902
16560.8   0.0002481964974924
16561.7   0.0002479771636879
16562.6   0.0002485773662115
16563.5   0.0002492542869530
16564.4   0.0002496620705322
16565.3   0.0002499413651088
16566.2   0.0002498972924543
16567.1   0.0002494519790596
16568.0   0.0002490291538140
16568.9   0.0002489417634481
16569.8   0.0002491582948129
16570.7   0.0002494172631223
16571.6   0.0002493209392648
16572.5   0.0002487773574625
16573.4   0.0002482743595632
16574.3   0.0002482824694807
16575.2   0.0002486946797708
16576.1   0.0002490734552390
16577.0   0.0002490615362912
16577.9   0.0002486270094299
16578.8   0.0002481920707815
16579.7   0.0002481402885581
16580.6   0.0002483138682443
16581.5   0.0002484006981223
16582.4   0.0002482627265786
16583.3   0.0002478873140381
16584.2   0.0002476283686057
16585.1   0.0002479141831441
16586.0   0.0002485559304071
16586.9   0.0002490496630975
16587.8   0.0002491461699715
16588.7   0.0002489207737463
16589.6   0.0002487432477674
16590.5   0.0002489258295764
16591.4   0.0002492141033986
16592.3   0.0002490348616403
16593.2   0.0002483087094675
16594.1   0.0002476124118569
16595.0   0.0002475725028272
16595.9   0.0002482845169774
16596.8   0.0002492023445902
16597.7   0.0002496701003800
16598.6   0.0002495209533929
16599.5   0.0002491161552699
16600.4   0.0002489241824281
16601.3   0.0002490711217790
16602.2   0.0002492309065986
16603.1   0.0002489030211484
16604.0   0.0002480304214816
16604.9   0.0002472418263759
16605.8   0.0002471142524556
16606.7   0.0002474970657247
16607.6   0.0002478239674613
16608.5   0.0002477433143893
16609.4   0.0002474513573605
16610.3   0.0002473516019442
16611.2   0.0002473774987751
16612.1   0.0002471984514717
16613.0   0.0002467717485646
16613.9   0.0002463233124513
16614.8   0.0002462411723704
16615.7   0.0002467623003392
16616.6   0.0002475004172139
16617.5   0.0002477746559603
16618.4   0.0002475185587218
16619.3   0.0002473594487754
16620.2   0.0002476341793787
16621.1   0.0002479502831434
16622.0   0.0002477513213600
16622.9   0.0002470357040730
16623.8   0.0002465028744885
16624.7   0.0002466911870008
16625.6   0.0002472754899684
16626.5   0.0002474842088175
16627.4   0.0002470315976409
16628.3   0.0002465289200203
16629.2   0.0002466701515450
16630.1   0.0002471898382590
16631.0   0.0002472421809703
16631.9   0.0002466473545555
16632.8   0.0002461039100156
16633.7   0.0002461951894816
16634.6   0.0002467231462525
16635.5   0.0002470582379762
16636.4   0.0002469216619332
16637.3   0.0002466741893459
16638.2   0.0002467279161193
16639.1   0.0002469251049306
16640.0   0.0002467759579435
16640.9   0.0002462323075100
16641.8   0.0002458387877772
16642.7   0.0002458831921490
16643.6   0.0002458707355903
16644.5   0.0002452886402589
16645.4   0.0002445153384673
16646.3   0.0002443617190151
16647.2   0.0002448721519587
16648.1   0.0002452142326241
16649.0   0.0002448915288278
16649.9   0.0002445434200574
16650.8   0.0002448753318699
16651.7   0.0002453999600287
16652.6   0.0002449802231861
16653.5   0.0002434152035702
16654.4   0.0002421046912372
16655.3   0.0002424108663583
16656.2   0.0002436194385157
16657.1   0.0002438785440875
16658.0   0.0002427291663206
16658.9   0.0002415628252144
16659.8   0.0002413402886216
16660.7   0.0002414238699572
16661.6   0.0002415758079454
16662.5   0.0002421315489047
16663.4   0.0002427069641347
16664.3   0.0002430154612773
16665.2   0.0002431881830738
16666.1   0.0002432785360189
16667.0   0.0002435881884529
16667.9   0.0002441741500072
16668.8   0.0002442572852402
16669.7   0.0002435557373445
16670.6   0.0002430799402685
16671.5   0.0002436788273612
16672.4   0.0002447475749332
16673.3   0.0002451720930811
16674.2   0.0002448827325986
16675.1   0.0002446018709435
16676.0   0.0002445093446778
16676.9   0.0002439754284330
16677.8   0.0002422782938005
16678.7   0.0002389230184829
16679.6   0.0002347924625080
16680.5   0.0002327644569692
16681.4   0.0002345802663459
16682.3   0.0002385557730525
16683.2   0.0002419943094269
16684.1   0.0002437146299588
16685.0   0.0002438936086310
16685.9   0.0002434421527459
16686.8   0.0002433095573111
16687.7   0.0002436142225462
16688.6   0.0002439168746001
16689.5   0.0002441338635061
16690.4   0.0002445282182516
16691.3   0.0002447816503128
16692.2   0.0002442722582754
16693.1   0.0002434300164660
16694.0   0.0002433043642187
16694.9   0.0002438646119585
16695.8   0.0002440908317578
16696.7   0.0002436426816078
16697.6   0.0002432661366528
16698.5   0.0002433790349397
16699.4   0.0002434095300595
16700.3   0.0002430141229693
16701.2   0.0002427125918913
16702.1   0.0002427391064028
16703.0   0.0002425750664503
16703.9   0.0002421064756478
16704.8   0.0002418632010009
16705.7   0.0002418865127242
16706.6   0.0002417518354770
16707.5   0.0002416235180523
16708.4   0.0002420518909847
16709.3   0.0002428906097270
16710.2   0.0002434687587656
16711.1   0.0002436487440284
16712.0   0.0002435835100943
16712.9   0.0002431388715728
16713.8   0.0002424952255138
16714.7   0.0002421558900956
16715.6   0.0002419862109479
16716.5   0.0002409627713916
16717.4   0.0002385558759993
16718.3   0.0002363075186268
16719.2   0.0002364735946376
16720.1   0.0002387551008688
16721.0   0.0002406860962383
16721.9   0.0002412125545619
16722.8   0.0002412699759803
16723.7   0.0002415883445739
16724.6   0.0002419956934889
16725.5   0.0002423007476341
16726.4   0.0002423773400281
16727.3   0.0002419134504613
16728.2   0.0002411690767110
16729.1   0.0002409670722787
16730.0   0.0002413864659655
16730.9   0.0002416445535082
16731.8   0.0002415217723318
16732.7   0.0002415412750247
16733.6   0.0002417156668465
16734.5   0.0002416413049658
16735.4   0.0002414866674845
16736.3   0.0002415632484400
16737.2   0.0002415381523061
16738.1   0.0002411353216102
16739.0   0.0002408895304868
16739.9   0.0002411817963558
16740.8   0.0002415302139666
16741.7   0.0002415253754686
16742.6   0.0002411365455329
16743.5   0.0002402619898774
16744.4   0.0002392988313720
16745.3   0.0002390398630625
16746.2   0.0002393596500337
16747.1   0.0002390784337842
16748.0   0.0002370865854373
16748.9   0.0002334342400682
16749.8   0.0002302193383855
16750.7   0.0002301616310038
16751.6   0.0002332064531903
16752.5   0.0002366914643103
16753.4   0.0002385742691548
16754.3   0.0002390070687982
16755.2   0.0002390897007358
16756.1   0.0002391580802656
16757.0   0.0002390467490573
16757.9   0.0002390109350212
16758.8   0.0002392544613158
16759.7   0.0002394217154951
16760.6   0.0002391352032064
16761.5   0.0002383872949504
16762.4   0.0002376519919540
16763.3   0.0002375833493381
16764.2   0.0002382644108273
16765.1   0.0002391397099871
16766.0   0.0002396093645728
16766.9   0.0002396140429314
16767.8   0.0002395312165387
16768.7   0.0002395062805443
16769.6   0.0002394408178395
16770.5   0.0002394199196460
16771.4   0.0002395135211335
16772.3   0.0002395585203088
16773.2   0.0002394095677767
16774.1   0.0002388182529906
16775.0   0.0002377692025665
16775.9   0.0002369800812885
16776.8   0.0002369007779630
16777.7   0.0002370431876561
16778.6   0.0002369659775815
16779.5   0.0002369261257445
16780.4   0.0002371625258351
16781.3   0.0002373660630303
16782.2   0.0002372066671208
16783.1   0.0002368815269177
16784.0   0.0002368510775520
16784.9   0.0002372855472207
16785.8   0.0002377649359950
16786.7   0.0002377006514588
16787.6   0.0002370495817942
16788.5   0.0002362402486343
16789.4   0.0002356367174986
16790.3   0.0002351967115816
16791.2   0.0002347285554433
16792.1   0.0002341132998147
16793.0   0.0002333932215012
16793.9   0.0002328464826647
16794.8   0.0002325596500972
16795.7   0.0002323010821362
16796.6   0.0002319156265667
16797.5   0.0002313024298735
16798.4   0.0002303605699101
16799.3   0.0002291606109654
16800.2   0.0002278463239177
16801.1   0.0002264182463778
16802.0   0.0002247386813267
16802.9   0.0002224254560530
16803.8   0.0002191686435980
16804.7   0.0002153520523827
16805.6   0.0002122539266484
16806.5   0.0002113896771081
16807.4   0.0002133713337251
16808.3   0.0002172881493365
16809.2   0.0002211335885233
16810.1   0.0002238477685740
16811.0   0.0002257982895136
16811.9   0.0002273747476591
16812.8   0.0002285401965600
16813.7   0.0002293902165695
16814.6   0.0002301852630059
16815.5   0.0002309376094114
16816.4   0.0002315044686213
16817.3   0.0002317603714049
16818.2   0.0002317185063866
16819.1   0.0002315864714398
16820.0   0.0002316652371544
16820.9   0.0002321217946237
16821.8   0.0002327990127670
16822.7   0.0002334543146876
16823.6   0.0002340836053919
16824.5   0.0002346237785124
16825.4   0.0002345311378614
16826.3   0.0002333578764448
16827.2   0.0002318268978929
16828.1   0.0002312811999626
16829.0   0.0002319731166164
16829.9   0.0002330437401072
16830.8   0.0002338466791289
16831.7   0.0002342589580503
16832.6   0.0002343273490186
16833.5   0.0002342109276646
16834.4   0.0002340888099229
16835.3   0.0002340113253236
16836.2   0.0002339915023518
16837.1   0.0002340917610635
16838.0   0.0002340921728506
16838.9   0.0002336683066988
16839.8   0.0002332663682082
16840.7   0.0002335317535328
16841.6   0.0002341144093521
16842.5   0.0002343024015856
16843.4   0.0002341751021900
16844.3   0.0002341845389769
16845.2   0.0002342797761741
16846.1   0.0002342750520614
16847.0   0.0002342969454070
16847.9   0.0002344091802591
16848.8   0.0002344663157143
16849.7   0.0002344548543077
16850.6   0.0002345197336474
16851.5   0.0002347132850063
16852.4   0.0002349312690643
16853.3   0.0002350950688078
16854.2   0.0002352048443761
16855.1   0.0002351252665259
16856.0   0.0002347893283509
16856.9   0.0002345430568092
16857.8   0.0002346904880169
16858.7   0.0002349007053133
16859.6   0.0002347684072803
16860.5   0.0002345191845980
16861.4   0.0002344363010127
16862.3   0.0002343048951850
16863.2   0.0002340462814700
16864.1   0.0002340558440807
16865.0   0.0002342470962951
16865.9   0.0002339806586258
16866.8   0.0002334620128180
16867.7   0.0002334815498265
16868.6   0.0002338104990599
16869.5   0.0002336309370227
16870.4   0.0002329268383349
16871.3   0.0002323067556469
16872.2   0.0002321928164538
16873.1   0.0002325684005723
16874.0   0.0002331902562324
16874.9   0.0002338183916453
16875.8   0.0002340780805822
16876.7   0.0002337842133190
16877.6   0.0002333932901323
16878.5   0.0002334704887684
16879.4   0.0002338461186410
16880.3   0.0002339323765925
16881.2   0.0002337224910134
16882.1   0.0002335032601556
16883.0   0.0002331204697635
16883.9   0.0002324812275384
16884.8   0.0002320740158857
16885.7   0.0002322752081823
16886.6   0.0002326221845384
16887.5   0.0002322182557436
16888.4   0.0002308335416693
16889.3   0.0002293757811452
16890.2   0.0002290258078944
16891.1   0.0002300430134521
16892.0   0.0002316625834156
16892.9   0.0002329120483162
16893.8   0.0002332030101929
16894.7   0.0002327738594405
16895.6   0.0002324975503201
16896.5   0.0002326558481309
16897.4   0.0002326502661284
16898.3   0.0002321845235199
16899.2   0.0002318391828736
16900.1   0.0002321415489643
16901.0   0.0002326070742408
16901.9   0.0002325192148952
16902.8   0.0002321179055237
16903.7   0.0002319216089177
16904.6   0.0002318038035017
16905.5   0.0002316258771742
16906.4   0.0002317287438706
16907.3   0.0002322802983280
16908.2   0.0002328487246165
16909.1   0.0002330216408680
16910.0   0.0002330168023700
16910.9   0.0002332025640903
16911.8   0.0002333146731186
16912.7   0.0002330418184342
16913.6   0.0002329030690705
16914.5   0.0002333845968499
16915.4   0.0002338961050152
16916.3   0.0002336916069835
16917.2   0.0002330533827876
16918.1   0.0002327486946754
16919.0   0.0002328890568718
16919.9   0.0002328605177405
16920.8   0.0002324388477864
16921.7   0.0002321545774495
16922.6   0.0002322830435751
16923.5   0.0002324238747512
16924.4   0.0002322514846720
16925.3   0.0002320475471283
16926.2   0.0002320862093582
16927.1   0.0002319891648734
16928.0   0.0002313953908033
16928.9   0.0002307575555174
16929.8   0.0002307956686979
16930.7   0.0002312763157105
16931.6   0.0002313378092455
16932.5   0.0002310006242708
16933.4   0.0002310676082999
16934.3   0.0002316295832578
16935.2   0.0002318673445334
16936.1   0.0002314523546806
16937.0   0.0002309680359000
16937.9   0.0002308795931894
16938.8   0.0002310359693271
16939.7   0.0002311474263593
16940.6   0.0002312868505962
16941.5   0.0002315887934613
16942.4   0.0002316834015394
16943.3   0.0002311791911559
16944.2   0.0002304171906315
16945.1   0.0002301532122460
16946.0   0.0002305064683548
16946.9   0.0002307741642623
16947.8   0.0002304654040336
16948.7   0.0002300205824956
16949.6   0.0002302176454831
16950.5   0.0002308960532334
16951.4   0.0002311507664099
16952.3   0.0002308805883414
16953.2   0.0002308384030444
16954.1   0.0002311758739823
16955.0   0.0002312149594379
16955.9   0.0002307617648963
16956.8   0.0002304577630958
16957.7   0.0002306872886302
16958.6   0.0002308690354266
16959.5   0.0002302090551474
16960.4   0.0002291942059268
16961.3   0.0002291505564979
16962.2   0.0002300458730845
16963.1   0.0002305184788108
16964.0   0.0002300443746371
16964.9   0.0002295478280685
16965.8   0.0002297982632349
16966.7   0.0002302440799249
16967.6   0.0002299046301214
16968.5   0.0002288899982328
16969.4   0.0002283804003019
16970.3   0.0002288251532087
16971.2   0.0002292732576046
16972.1   0.0002290545986734
16973.0   0.0002287360699404
16973.9   0.0002289794475341
16974.8   0.0002293512569378
16975.7   0.0002290917167018
16976.6   0.0002284355683300
16977.5   0.0002281713039813
16978.4   0.0002284319194391
16979.3   0.0002285761364199
16980.2   0.0002282193114899
16981.1   0.0002278169497738
16982.0   0.0002280017506575
16982.9   0.0002286380989346
16983.8   0.0002288884883469
16984.7   0.0002284080014738
16985.6   0.0002278959328204
16986.5   0.0002281372286017
16987.4   0.0002288839815663
16988.3   0.0002291830419219
16989.2   0.0002287238307137
16990.1   0.0002281676322133
16991.0   0.0002281412320871
16991.9   0.0002283786616454
16992.8   0.0002280729440656
16993.7   0.0002269970016585
16994.6   0.0002260019868482
16995.5   0.0002260808555096
16996.4   0.0002270474226969
16997.3   0.0002277294107069
16998.2   0.0002274823499067
16999.1   0.0002269592087568
17000.0   0.0002271066170874
17000.9   0.0002277817762953
17001.8   0.0002280035922608
17002.7   0.0002274143821640
17003.6   0.0002267476989065
17004.5   0.0002268148201980
17005.4   0.0002274672510477
17006.3   0.0002277912702749
17007.2   0.0002273738325767
17008.1   0.0002268817927887
17009.0   0.0002269583051130
17009.9   0.0002273022960128
17010.8   0.0002273232742760
17011.7   0.0002269787800809
17012.6   0.0002267943109145
17013.5   0.0002271883682582
17014.4   0.0002278050308259
17015.3   0.0002278991584858
17016.2   0.0002273033826731
17017.1   0.0002265904420020
17018.0   0.0002264744095580
17018.9   0.0002270677146483
17019.8   0.0002275954197716
17020.7   0.0002273686280457
17021.6   0.0002269050358808
17022.5   0.0002271002687035
17023.4   0.0002276888496811
17024.3   0.0002276895359929
17025.2   0.0002269741817920
17026.1   0.0002266966029949
17027.0   0.0002279653189408
17027.9   0.0002299289255582
17028.8   0.0002303830237436
17029.7   0.0002287106077736
17030.6   0.0002264864886452
17031.5   0.0002253519123356
17032.4   0.0002256269632177
17033.3   0.0002264622046469
17034.2   0.0002267836158894
17035.1   0.0002262931088643
17036.0   0.0002256397743708
17036.9   0.0002256545300739
17037.8   0.0002262896773054
17038.7   0.0002266899228936
17039.6   0.0002263762326587
17040.5   0.0002258006801663
17041.4   0.0002257628529490
17042.3   0.0002264389844319
17043.2   0.0002270926963969
17044.1   0.0002269458256772
17045.0   0.0002260998549072
17045.9   0.0002253848553008
17046.8   0.0002254545388229
17047.7   0.0002260014377988
17048.6   0.0002261397868139
17049.5   0.0002254462458890
17050.4   0.0002243561425823
17051.3   0.0002238646747207
17052.2   0.0002245647699231
17053.1   0.0002258284071619
17054.0   0.0002264588531578
17054.9   0.0002259955583946
17055.8   0.0002250195315433
17056.7   0.0002245093273703
17057.6   0.0002249950645286
17058.5   0.0002260348154280
17059.4   0.0002265264891831
17060.3   0.0002259052512036
17061.2   0.0002249489443773
17062.1   0.0002247484383925
17063.0   0.0002253278799850
17063.9   0.0002257014966763
17064.8   0.0002250224369298
17065.7   0.0002236670283683
17066.6   0.0002229326175772
17067.5   0.0002235207524521
17068.4   0.0002247078888051
17069.3   0.0002252793119884
17070.2   0.0002248825780288
17071.1   0.0002241332285180
17072.0   0.0002237875790314
17072.9   0.0002241349442975
17073.8   0.0002248053107615
17074.7   0.0002249743722286
17075.6   0.0002241874814638
17076.5   0.0002229900847497
17077.4   0.0002224298942025
17078.3   0.0002229138011960
17079.2   0.0002238657156269
17080.1   0.0002244795643164
17081.0   0.0002243325677729
17081.9   0.0002236568251999
17082.8   0.0002233030086032
17083.7   0.0002238656698728
17084.6   0.0002249305054677
17085.5   0.0002255189834985
17086.4   0.0002250523143691
17087.3   0.0002239168344156
17088.2   0.0002232171967544
17089.1   0.0002236985415173
17090.0   0.0002248665640874
17090.9   0.0002255507139795
17091.8   0.0002251296045134
17092.7   0.0002239460141045
17093.6   0.0002229474876656
17094.5   0.0002229007498338
17095.4   0.0002236452494080
17096.3   0.0002242724468614
17097.2   0.0002240781291211
17098.1   0.0002230842924793
17099.0   0.0002219231215884
17099.9   0.0002215136565453
17100.8   0.0002222890287109
17101.7   0.0002236078225392
17102.6   0.0002243301771202
17103.5   0.0002238333560268
17104.4   0.0002221621639794
17105.3   0.0002190381070985
17106.2   0.0002136475742143
17107.1   0.0002067258225690
17108.0   0.0002024856168497
17108.9   0.0002046133663664
17109.8   0.0002110322573746
17110.7   0.0002170906745620
17111.6   0.0002208288089029
17112.5   0.0002230044515429
17113.4   0.0002243539006305
17114.3   0.0002247293818022
17115.2   0.0002242056916029
17116.1   0.0002232976782484
17117.0   0.0002226192247440
17117.9   0.0002226439548449
17118.8   0.0002233832041340
17119.7   0.0002242726413164
17120.6   0.0002246249365887
17121.5   0.0002242846860881
17122.4   0.0002236658501997
17123.3   0.0002231529465338
17124.2   0.0002230564396598
17125.1   0.0002235605356580
17126.0   0.0002242794701186
17126.9   0.0002247237197301
17127.8   0.0002247157813905
17128.7   0.0002240053800730
17129.6   0.0002227013533863
17130.5   0.0002218421367990
17131.4   0.0002221852469321
17132.3   0.0002232697453592
17133.2   0.0002242689009173
17134.1   0.0002246618258466
17135.0   0.0002242155630539
17135.9   0.0002233012356311
17136.8   0.0002228661025277
17137.7   0.0002233485453894
17138.6   0.0002242062635293
17139.5   0.0002247620731197
17140.4   0.0002248180647220
17141.3   0.0002244451572194
17142.2   0.0002237168431646
17143.1   0.0002228404230288
17144.0   0.0002224886310519
17144.9   0.0002231060371240
17145.8   0.0002240113395469
17146.7   0.0002242696672987
17147.6   0.0002237370436078
17148.5   0.0002227836307295
17149.4   0.0002219434478555
17150.3   0.0002217281518519
17151.2   0.0002222728088759
17152.1   0.0002232495334775
17153.0   0.0002239646474692
17153.9   0.0002238100557420
17154.8   0.0002228550071540
17155.7   0.0002216961239691
17156.6   0.0002209958571887
17157.5   0.0002211911586426
17158.4   0.0002221290379977
17159.3   0.0002231883259057
17160.2   0.0002237785197160
17161.1   0.0002234990306845
17162.0   0.0002224663602348
17162.9   0.0002213411978350
17163.8   0.0002206869253821
17164.7   0.0002206855756356
17165.6   0.0002212330236608
17166.5   0.0002219900141093
17167.4   0.0002225498958163
17168.3   0.0002226379953710
17169.2   0.0002221478200633
17170.1   0.0002212266523999
17171.0   0.0002203086760862
17171.9   0.0002199321082542
17172.8   0.0002203376270045
17173.7   0.0002211490877309
17174.6   0.0002217777150005
17175.5   0.0002219208453210
17176.4   0.0002214620344614
17177.3   0.0002205116413549
17178.2   0.0002195701359859
17179.1   0.0002191706567792
17180.0   0.0002194749559814
17180.9   0.0002202388896173
17181.8   0.0002210271758827
17182.7   0.0002215893109799
17183.6   0.0002217705201654
17184.5   0.0002213584356991
17185.4   0.0002204828276989
17186.3   0.0002196158786657
17187.2   0.0002191600532623
17188.1   0.0002192684905226
17189.0   0.0002198942810369
17189.9   0.0002208858185342
17190.8   0.0002218523056518
17191.7   0.0002222165427490
17192.6   0.0002216662007757
17193.5   0.0002204678546637
17194.4   0.0002193613027515
17195.3   0.0002189684006993
17196.2   0.0002193520375426
17197.1   0.0002201676962092
17198.0   0.0002210312365607
17198.9   0.0002216835415865
17199.8   0.0002218866669947
17200.7   0.0002214408503046
17201.6   0.0002203502208256
17202.5   0.0002189109907194
17203.4   0.0002177117066480
17204.3   0.0002173107747480
17205.2   0.0002179207228988
17206.1   0.0002192891942611
17207.0   0.0002207139431889
17207.9   0.0002216682940266
17208.8   0.0002220338808702
17209.7   0.0002218578190231
17210.6   0.0002214925753353
17211.5   0.0002212402299345
17212.4   0.0002209864547174
17213.3   0.0002207754824780
17214.2   0.0002207768665401
17215.1   0.0002208862417598
17216.0   0.0002210855123835
17216.9   0.0002212910627599
17217.8   0.0002211066164706
17218.7   0.0002203661089432
17219.6   0.0002193625037971
17220.5   0.0002184424571096
17221.4   0.0002178487516708
17222.3   0.0002175419588691
17223.2   0.0002170171705709
17224.1   0.0002160358133649
17225.0   0.0002154079067226
17225.9   0.0002160684360512
17226.8   0.0002176689379859
17227.7   0.0002189965737976
17228.6   0.0002192706066506
17229.5   0.0002186179355918
17230.4   0.0002176594096908
17231.3   0.0002170575714574
17232.2   0.0002172624698376
17233.1   0.0002182140182356
17234.0   0.0002193676168199
17234.9   0.0002200481063826
17235.8   0.0002199569069863
17236.7   0.0002195486773044
17237.6   0.0002192477524685
17238.5   0.0002187587782064
17239.4   0.0002179190071194
17240.3   0.0002170494958555
17241.2   0.0002165071608529
17242.1   0.0002166047887028
17243.0   0.0002174064122937
17243.9   0.0002185995309977
17244.8   0.0002197589632321
17245.7   0.0002205330314052
17246.6   0.0002207231397667
17247.5   0.0002204758616344
17248.4   0.0002200658932961
17249.3   0.0002194337086437
17250.2   0.0002184577847392
17251.1   0.0002173237803561
17252.0   0.0002164724334772
17252.9   0.0002162918991649
17253.8   0.0002167503554302
17254.7   0.0002174891700552
17255.6   0.0002181989079380
17256.5   0.0002187592357476
17257.4   0.0002191394753476
17258.3   0.0002194182895059
17259.2   0.0002196253726452
17260.1   0.0002195342075645
17261.0   0.0002189763047232
17261.9   0.0002180370984987
17262.8   0.0002170153404062
17263.7   0.0002163118365220
17264.6   0.0002161360263225
17265.5   0.0002164062501451
17266.4   0.0002168540571393
17267.3   0.0002172385861878
17268.2   0.0002175249154601
17269.1   0.0002177945902332
17270.0   0.0002180158914648
17270.9   0.0002180903677309
17271.8   0.0002180144387716
17272.7   0.0002176542051598
17273.6   0.0002167464320145
17274.5   0.0002154463744976
17275.4   0.0002143162248989
17276.3   0.0002136828506395
17277.2   0.0002136341339420
17278.1   0.0002141619420120
17279.0   0.0002149901830612
17279.9   0.0002157291692642
17280.8   0.0002161103582621
17281.7   0.0002162317896921
17282.6   0.0002164419612344
17283.5   0.0002168120091045
17284.4   0.0002170735396447
17285.3   0.0002171113096693
17286.2   0.0002171088503854
17287.1   0.0002171190764309
17288.0   0.0002168495961127
17288.9   0.0002159937882073
17289.8   0.0002147882243831
17290.7   0.0002138562473092
17291.6   0.0002135348589439
17292.5   0.0002137448817853
17293.4   0.0002142819436258
17294.3   0.0002149832970664
17295.2   0.0002155817380565
17296.1   0.0002158708011373
17297.0   0.0002159457692601
17297.9   0.0002159899562999
17298.8   0.0002161196806637
17299.7   0.0002162699943808
17300.6   0.0002162161074680
17301.5   0.0002159857812366
17302.4   0.0002159117853888
17303.3   0.0002159588320609
17304.2   0.0002156640725924
17305.1   0.0002148577935200
17306.0   0.0002137967097628
17306.9   0.0002127485629826
17307.8   0.0002120001171157
17308.7   0.0002118666409142
17309.6   0.0002123966794974
17310.5   0.0002132951302411
17311.4   0.0002141182353905
17312.3   0.0002146602157987
17313.2   0.0002149991394299
17314.1   0.0002152491399322
17315.0   0.0002154251102711
17315.9   0.0002155669137222
17316.8   0.0002158849849140
17317.7   0.0002166285694058
17318.6   0.0002176591694816
17319.5   0.0002182255825889
17320.4   0.0002178145847829
17321.3   0.0002170425984222
17322.2   0.0002166398363574
17323.1   0.0002160013833909
17324.0   0.0002139882708176
17324.9   0.0002102466591637
17325.8   0.0002057183168844
17326.7   0.0002026635088615
17327.6   0.0002029702444705
17328.5   0.0002059260291429
17329.4   0.0002090458995219
17330.3   0.0002109560767677
17331.2   0.0002117718040655
17332.1   0.0002119383261790
17333.0   0.0002118878822636
17333.9   0.0002119553924651
17334.8   0.0002120534664177
17335.7   0.0002116970990289
17336.6   0.0002107813303514
17337.5   0.0002098436225742
17338.4   0.0002095057398492
17339.3   0.0002099459745368
17340.2   0.0002108244536079
17341.1   0.0002116698295744
17342.0   0.0002122375123585
17342.9   0.0002125608452738
17343.8   0.0002126607036370
17344.7   0.0002124103142247
17345.6   0.0002118421510224
17346.5   0.0002112213705840
17347.4   0.0002107306347883
17348.3   0.0002102476085616
17349.2   0.0002095783859505
17350.1   0.0002086871643575
17351.0   0.0002076806195094
17351.9   0.0002066890705735
17352.8   0.0002057289432784
17353.7   0.0002047256584112
17354.6   0.0002037631747789
17355.5   0.0002028826596496
17356.4   0.0002016920459836
17357.3   0.0001998203593899
17358.2   0.0001973032652036
17359.1   0.0001940364440352
17360.0   0.0001900555612197
17360.9   0.0001864154550772
17361.8   0.0001850555282965
17362.7   0.0001871691397907
17363.6   0.0001916514534269
17364.5   0.0001964880869552
17365.4   0.0002004494442007
17366.3   0.0002032456385085
17367.2   0.0002050269950342
17368.1   0.0002060813414974
17369.0   0.0002067489970299
17369.9   0.0002072477283578
17370.8   0.0002076644111130
17371.7   0.0002079739148461
17372.6   0.0002082354225092
17373.5   0.0002085874432567
17374.4   0.0002090510811758
17375.3   0.0002095120767946
17376.2   0.0002098567997603
17377.1   0.0002099964527678
17378.0   0.0002099459402212
17378.9   0.0002098805118321
17379.8   0.0002099465922174
17380.7   0.0002101801898683
17381.6   0.0002105453420478
17382.5   0.0002108650947035
17383.4   0.0002109759683706
17384.3   0.0002109483557602
17385.2   0.0002109454160581
17386.1   0.0002110623178303
17387.0   0.0002113133020462
17387.9   0.0002116157596451
17388.8   0.0002118513132845
17389.7   0.0002119301018762
17390.6   0.0002119254463947
17391.5   0.0002120403006701
17392.4   0.0002122746761410
17393.3   0.0002125163608323
17394.2   0.0002128375547427
17395.1   0.0002133333234914
17396.0   0.0002138603423028
17396.9   0.0002140630902395
17397.8   0.0002136597333712
17398.7   0.0002128455159593
17399.6   0.0002122149784552
17400.5   0.0002121028579883
17401.4   0.0002123549288645
17402.3   0.0002125760356411
17403.2   0.0002124801922018
17404.1   0.0002120375096689
17405.0   0.0002111405001799
17405.9   0.0002097931786588
17406.8   0.0002088717135936
17407.7   0.0002093546139965
17408.6   0.0002109098994238
17409.5   0.0002124961603891
17410.4   0.0002136094381567
17411.3   0.0002143877957784
17412.2   0.0002147296591117
17413.1   0.0002142526838671
17414.0   0.0002134011997258
17414.9   0.0002129904764445
17415.8   0.0002130485041051
17416.7   0.0002129877083204
17417.6   0.0002123913033885
17418.5   0.0002114497751425
17419.4   0.0002107044748712
17420.3   0.0002104026692685
17421.2   0.0002104024976905
17422.1   0.0002105001255404
17423.0   0.0002105610471489
17423.9   0.0002105536464203
17424.8   0.0002104460327341
17425.7   0.0002101611561551
17426.6   0.0002097616311943
17427.5   0.0002095406388029
17428.4   0.0002096298364565
17429.3   0.0002097058226085
17430.2   0.0002094534657691
17431.1   0.0002089234843785
17432.0   0.0002083877494075
17432.9   0.0002082334207665
17433.8   0.0002086537524126
17434.7   0.0002093220027487
17435.6   0.0002096558133572
17436.5   0.0002095005696339
17437.4   0.0002092396453358
17438.3   0.0002092094361792
17439.2   0.0002094285068976
17440.1   0.0002097884888617
17441.0   0.0002101814137910
17441.9   0.0002104933768080
17442.8   0.0002105786853615
17443.7   0.0002102529617935
17444.6   0.0002094108229308
17445.5   0.0002082417708931
17446.4   0.0002070889043747
17447.3   0.0002061143302167
17448.2   0.0002055028721799
17449.1   0.0002053681034245
17450.0   0.0002055800136234
17450.9   0.0002061470558498
17451.8   0.0002069835440788
17452.7   0.0002076154885220
17453.6   0.0002077504288554
17454.5   0.0002076661268924
17455.4   0.0002077140314543
17456.3   0.0002079395306262
17457.2   0.0002082558059689
17458.1   0.0002085150945572
17459.0   0.0002086008606519
17459.9   0.0002086341467730
17460.8   0.0002087417032665
17461.7   0.0002088176207873
17462.6   0.0002088407952482
17463.5   0.0002088379584929
17464.4   0.0002084233117959
17465.3   0.0002073270431218
17466.2   0.0002064823420286
17467.1   0.0002068694905004
17468.0   0.0002079510492255
17468.9   0.0002089679230658
17469.8   0.0002098461161737
17470.7   0.0002104552178733
17471.6   0.0002105225450584
17472.5   0.0002100967572336
17473.4   0.0002094318469482
17474.3   0.0002086250531420
17475.2   0.0002076858126018
17476.1   0.0002067291626197
17477.0   0.0002059990870312
17477.9   0.0002057210735700
17478.8   0.0002058961059495
17479.7   0.0002063135436477
17480.6   0.0002067441585319
17481.5   0.0002070599420178
17482.4   0.0002071792916353
17483.3   0.0002071340522509
17484.2   0.0002070808058957
17485.1   0.0002070724443306
17486.0   0.0002070817324166
17486.9   0.0002071510727829
17487.8   0.0002072548888773
17488.7   0.0002072878547195
17489.6   0.0002072658584271
17490.5   0.0002072093978452
17491.4   0.0002070834825117
17492.3   0.0002070354178104
17493.2   0.0002071839013628
17494.1   0.0002072780404611
17495.0   0.0002070770197424
17495.9   0.0002067835070736
17496.8   0.0002067378787792
17497.7   0.0002069275753536
17498.6   0.0002070838485446
17499.5   0.0002071133141968
17500.4   0.0002070843060858
17501.3   0.0002069805357455
17502.2   0.0002067159168024
17503.1   0.0002062199078446
17504.0   0.0002056085527546
17504.9   0.0002052050243084
17505.8   0.0002052396716145
17506.7   0.0002055357465139
17507.6   0.0002057610969850
17508.5   0.0002059615686543
17509.4   0.0002063367981783
17510.3   0.0002067550022580
17511.2   0.0002070415603008
17512.1   0.0002072448916024
17513.0   0.0002072653551318
17513.9   0.0002070490754147
17514.8   0.0002067994409453
17515.7   0.0002065340327437
17516.6   0.0002063276702317
17517.5   0.0002063246847755
17518.4   0.0002062597253661
17519.3   0.0002058680357980
17520.2   0.0002053495158140
17521.1   0.0002050510502619
17522.0   0.0002050506155977
17522.9   0.0002051992249739
17523.8   0.0002053592843182
17524.7   0.0002055275222111
17525.6   0.0002057575167252
17526.5   0.0002060185668471
17527.4   0.0002061570416861
17528.3   0.0002061399639614
17529.2   0.0002060736548055
17530.1   0.0002058797831678
17531.0   0.0002055286317485
17531.9   0.0002052553424000
17532.8   0.0002051418493096
17533.7   0.0002051088605903
17534.6   0.0002052064541246
17535.5   0.0002053735824802
17536.4   0.0002053474340016
17537.3   0.0002051084945574
17538.2   0.0002049389869877
17539.1   0.0002049561219050
17540.0   0.0002049765625573
17540.9   0.0002048301836944
17541.8   0.0002045472059113
17542.7   0.0002042385600679
17543.6   0.0002039861917900
17544.5   0.0002038788983826
17545.4   0.0002040668448620
17546.3   0.0002046403612961
17547.2   0.0002055149970213
17548.1   0.0002065609018497
17549.0   0.0002075699974899
17549.9   0.0002083201133821
17550.8   0.0002084108666757
17551.7   0.0002073101827292
17552.6   0.0002056208720510
17553.5   0.0002046126686161
17554.4   0.0002044081705844
17555.3   0.0002043545124422
17556.2   0.0002042298324698
17557.1   0.0002042145963484
17558.0   0.0002043678726447
17558.9   0.0002045298765390
17559.8   0.0002044954694421
17560.7   0.0002042281853216
17561.6   0.0002038865850745
17562.5   0.0002036251460426
17563.4   0.0002035919056757
17564.3   0.0002039933637480
17565.2   0.0002047607746969
17566.1   0.0002053699564663
17567.0   0.0002053533820370
17567.9   0.0002047921848991
17568.8   0.0002041765174835
17569.7   0.0002040185628287
17570.6   0.0002044215307869
17571.5   0.0002050213672776
17572.4   0.0002054731205645
17573.3   0.0002055713660950
17574.2   0.0002050240210165
17575.1   0.0002039791799713
17576.0   0.0002033228142675
17576.9   0.0002034611518441
17577.8   0.0002037953856782
17578.7   0.0002036636595717
17579.6   0.0002030754789426
17580.5   0.0002025296895041
17581.4   0.0002024162764834
17582.3   0.0002027334783469
17583.2   0.0002031499666471
17584.1   0.0002033740360029
17585.0   0.0002034893821351
17585.9   0.0002037590225927
17586.8   0.0002041183639992
17587.7   0.0002041580213812
17588.6   0.0002037093107432
17589.5   0.0002030819302733
17590.4   0.0002026944500840
17591.3   0.0002026572977400
17592.2   0.0002027840480862
17593.1   0.0002029271784067
17594.0   0.0002031295603104
17594.9   0.0002034940033011
17595.8   0.0002038893531986
17596.7   0.0002039376237934
17597.6   0.0002034778978514
17598.5   0.0002028813213416
17599.4   0.0002026700059463
17600.3   0.0002028755334457
17601.2   0.0002031431149679
17602.1   0.0002032907978232
17603.0   0.0002033813337848
17603.9   0.0002034417292209
17604.8   0.0002032667082799
17605.7   0.0002027648656721
17606.6   0.0002024516901709
17607.5   0.0002028566484333
17608.4   0.0002037634607422
17609.3   0.0002046582168408
17610.2   0.0002051219805837
17611.1   0.0002049240711451
17612.0   0.0002042522519878
17612.9   0.0002033067431334
17613.8   0.0002020374552611
17614.7   0.0002003260682207
17615.6   0.0001985009478809
17616.5   0.0001976031948875
17617.4   0.0001983377200639
17618.3   0.0002001136547266
17619.2   0.0002016707131259
17620.1   0.0002022448815563
17621.0   0.0002018286677808
17621.9   0.0002009650587982
17622.8   0.0002005149640981
17623.7   0.0002010199294245
17624.6   0.0002021011221166
17625.5   0.0002030835087903
17626.4   0.0002038634220521
17627.3   0.0002044353942848
17628.2   0.0002045188841121
17629.1   0.0002041324905832
17630.0   0.0002036501506682
17630.9   0.0002032043339782
17631.8   0.0002029046559420
17632.7   0.0002029218022978
17633.6   0.0002029065890535
17634.5   0.0002023400958764
17635.4   0.0002013150778030
17636.3   0.0002004205847906
17637.2   0.0002002292982606
17638.1   0.0002009170169740
17639.0   0.0002020577929666
17639.9   0.0002029263662711
17640.8   0.0002029719945655
17641.7   0.0002022694629563
17642.6   0.0002015435395542
17643.5   0.0002014026283084
17644.4   0.0002018066142958
17645.3   0.0002023450830753
17646.2   0.0002026946788546
17647.1   0.0002026942441905
17648.0   0.0002023192891912
17648.9   0.0002018281416084
17649.8   0.0002015463763095
17650.7   0.0002015383579003
17651.6   0.0002018114527938
17652.5   0.0002024944359560
17653.4   0.0002035364288072
17654.3   0.0002048533009626
17655.2   0.0002066135991554
17656.1   0.0002082488627814
17657.0   0.0002078886863623
17657.9   0.0002050490142036
17658.8   0.0002020421221811
17659.7   0.0002004434389727
17660.6   0.0001998520898709
17661.5   0.0001997994154422
17662.4   0.0002000377829600
17663.3   0.0002003778733212
17664.2   0.0002007609267994
17665.1   0.0002010666443793
17666.0   0.0002010185796780
17666.9   0.0002005602606752
17667.8   0.0002000475171486
17668.7   0.0001998058438958
17669.6   0.0001997972764372
17670.5   0.0001998107395865
17671.4   0.0001998134505180
17672.3   0.0001998986790018
17673.2   0.0002000250976307
17674.1   0.0002001097427495
17675.0   0.0002002069816894
17675.9   0.0002003745904632
17676.8   0.0002004460469574
17677.7   0.0002001751711386
17678.6   0.0001996667284992
17679.5   0.0001993571675734
17680.4   0.0001994439402587
17681.3   0.0001996623246653
17682.2   0.0001996215119918
17683.1   0.0001991639822475
17684.0   0.0001985881552303
17684.9   0.0001984488682558
17685.8   0.0001989483202110
17686.7   0.0001997507444989
17687.6   0.0002003696833340
17688.5   0.0002005004714811
17689.4   0.0002001314530786
17690.3   0.0001995984747932
17691.2   0.0001993604618699
17692.1   0.0001995689405099
17693.0   0.0002000224210147
17693.9   0.0002004581031676
17694.8   0.0002007159047471
17695.7   0.0002008115079772
17696.6   0.0002009531169733
17697.5   0.0002012190971014
17698.4   0.0002012658692488
17699.3   0.0002006802966045
17700.2   0.0001996592705779
17701.1   0.0001989763331699
17702.0   0.0001991977487868
17702.9   0.0002002721012382
17703.8   0.0002016317992483
17704.7   0.0002023355662187
17705.6   0.0002016694091336
17706.5   0.0002001408898655
17707.4   0.0001990694885547
17708.3   0.0001991087341497
17709.2   0.0001999083674364
17710.1   0.0002005795460360
17711.0   0.0002003468177134
17711.9   0.0001994209831299
17712.8   0.0001987181541189
17713.7   0.0001985507969928
17714.6   0.0001984648707586
17715.5   0.0001980695666152
17716.4   0.0001975463568341
17717.3   0.0001974380911517
17718.2   0.0001977837177612
17719.1   0.0001979031474485
17720.0   0.0001973620592456
17720.9   0.0001966649380609
17721.8   0.0001966615179406
17722.7   0.0001974755408975
17723.6   0.0001984334376794
17724.5   0.0001989005529115
17725.4   0.0001987174334916
17726.3   0.0001981900486472
17727.2   0.0001979562222257
17728.1   0.0001982879967759
17729.0   0.0001986140177457
17729.9   0.0001983248288411
17730.8   0.0001977022868692
17731.7   0.0001975173716001
17732.6   0.0001980274957034
17733.5   0.0001987557411271
17734.4   0.0001991902565499
17735.3   0.0001994131362986
17736.2   0.0001998537141421
17737.1   0.0002004469734783
17738.0   0.0002003383646400
17738.9   0.0001991786350039
17739.8   0.0001981270795419
17740.7   0.0001983626674969
17741.6   0.0001994818361072
17742.5   0.0002000798195561
17743.4   0.0001995251195031
17744.3   0.0001984417763674
17745.2   0.0001976555261603
17746.1   0.0001974503075013
17747.0   0.0001975208374746
17747.9   0.0001973282469522
17748.8   0.0001967081528256
17749.7   0.0001961811797683
17750.6   0.0001963287596768
17751.5   0.0001968900940770
17752.4   0.0001970462071286
17753.3   0.0001966707717110
17754.2   0.0001965189824236
17755.1   0.0001970460241121
17756.0   0.0001977910498587
17756.9   0.0001981710149339
17757.8   0.0001983062526691
17758.7   0.0001987967025015
17759.6   0.0001996042626892
17760.5   0.0001993847801838
17761.4   0.0001974192633320
17762.3   0.0001952023161617
17763.2   0.0001943836949159
17764.1   0.0001948578677207
17765.0   0.0001954885310486
17765.9   0.0001955046250597
17766.8   0.0001950299718367
17767.7   0.0001946019306216
17768.6   0.0001943880529957
17769.5   0.0001940581314872
17770.4   0.0001935994121358
17771.3   0.0001935921944237
17772.2   0.0001943145604432
17773.1   0.0001953712861205
17774.0   0.0001961482253646
17774.9   0.0001964859365116
17775.8   0.0001967297373309
17776.7   0.0001969509699314
17777.6   0.0001967622227549
17778.5   0.0001961585543568
17779.4   0.0001959065978659
17780.3   0.0001967242010826
17781.2   0.0001982815454452
17782.1   0.0001994265994479
17783.0   0.0001996413349636
17783.9   0.0001998553841674
17784.8   0.0002011180491312
17785.7   0.0002021515088394
17786.6   0.0002001608043455
17787.5   0.0001957492036990
17788.4   0.0001931600353380
17789.3   0.0001939298369396
17790.2   0.0001955420748056
17791.1   0.0001960044087323
17792.0   0.0001956949164377
17792.9   0.0001956351386821
17793.8   0.0001959335356031
17794.7   0.0001961340301494
17795.6   0.0001961090369623
17796.5   0.0001960463652588
17797.4   0.0001960174715331
17798.3   0.0001959284568959
17799.2   0.0001958513383296
17800.1   0.0001959765215972
17801.0   0.0001962069965295
17801.9   0.0001961962328732
17802.8   0.0001958196993568
17803.7   0.0001954486334575
17804.6   0.0001955038815553
17805.5   0.0001958520132028
17806.4   0.0001961236096490
17807.3   0.0001966322467434
17808.2   0.0001984040063428
17809.1   0.0002016411559655
17810.0   0.0002036758416056
17810.9   0.0002009285470118
17811.8   0.0001947697796045
17812.7   0.0001907100052506
17813.6   0.0001911250522961
17814.5   0.0001937753024051
17815.4   0.0001957196122230
17816.3   0.0001958622278097
17817.2   0.0001949932655953
17818.1   0.0001943125587005
17819.0   0.0001943433740992
17819.9   0.0001948983257998
17820.8   0.0001953513258864
17821.7   0.0001953194924586
17822.6   0.0001950581106194
17823.5   0.0001948310329304
17824.4   0.0001944915144956
17825.3   0.0001939891800310
17826.2   0.0001937835839005
17827.1   0.0001942709224528
17828.0   0.0001950357025400
17828.9   0.0001953413972428
17829.8   0.0001952736239551
17830.7   0.0001954532203078
17831.6   0.0001957507822161
17832.5   0.0001955590838990
17833.4   0.0001949866541252
17834.3   0.0001945105024547
17835.2   0.0001942454831631
17836.1   0.0001942235669404
17837.0   0.0001945800715916
17837.9   0.0001954077292757
17838.8   0.0001965904046022
17839.7   0.0001976589119650
17840.6   0.0001978272299277
17841.5   0.0001967120190486
17842.4   0.0001955173561432
17843.3   0.0001965296660102
17844.2   0.0002008139215069
17845.1   0.0002057328666940
17846.0   0.0002046835417453
17846.9   0.0001949428559954
17847.8   0.0001851506511084
17848.7   0.0001839869637410
17849.6   0.0001884719196776
17850.5   0.0001921303846601
17851.4   0.0001934018000990
17852.3   0.0001936597389408
17853.2   0.0001940524122224
17854.1   0.0001951192609985
17855.0   0.0001966224324850
17855.9   0.0001974818092117
17856.8   0.0001970658928380
17857.7   0.0001951191237361
17858.6   0.0001917277255421
17859.5   0.0001889210649798
17860.4   0.0001887738625427
17861.3   0.0001905303860207
17862.2   0.0001923315998338
17863.1   0.0001934323752885
17864.0   0.0001937740556053
17864.9   0.0001936571881487
17865.8   0.0001937526769936
17866.7   0.0001945715956412
17867.6   0.0001961511078740
17868.5   0.0001973398341827
17869.4   0.0001954237432171
17870.3   0.0001898439026685
17871.2   0.0001854560026553
17872.1   0.0001863709020045
17873.0   0.0001902524983833
17873.9   0.0001928807979541
17874.8   0.0001933324940483
17875.7   0.0001930731139517
17876.6   0.0001930093899035
17877.5   0.0001930101677235
17878.4   0.0001929766413933
17879.3   0.0001929470270403
17880.2   0.0001928364622134
17881.1   0.0001926446037570
17882.0   0.0001924996432717
17882.9   0.0001925570074975
17883.8   0.0001931380847997
17884.7   0.0001946355141444
17885.6   0.0001964516666771
17886.5   0.0001964123867665
17887.4   0.0001934755900532
17888.3   0.0001901670411289
17889.2   0.0001892891682999
17890.1   0.0001903569550354
17891.0   0.0001914883171182
17891.9   0.0001919905943902
17892.8   0.0001920977619737
17893.7   0.0001921461355153
17894.6   0.0001922967237571
17895.5   0.0001924121042049
17896.4   0.0001923205502142
17897.3   0.0001920894461627
17898.2   0.0001919542198662
17899.1   0.0001922062907423
17900.0   0.0001930858564737
17900.9   0.0001944893526135
17901.8   0.0001953495414758
17902.7   0.0001940541394404
17903.6   0.0001912665926610
17904.5   0.0001905141433087
17905.4   0.0001933828464555
17906.3   0.0001967534265257
17907.2   0.0001968033900228
17908.1   0.0001941454074679
17909.0   0.0001923819522409
17909.9   0.0001929049332515
17910.8   0.0001944606075887
17911.7   0.0001951866453762
17912.6   0.0001934432304531
17913.5   0.0001899469409429
17914.4   0.0001880475959847
17915.3   0.0001892719533129
17916.2   0.0001917598449332
17917.1   0.0001932771887578
17918.0   0.0001931108725379
17918.9   0.0001922258277508
17919.8   0.0001921287031962
17920.7   0.0001926263821793
17921.6   0.0001921225263903
17922.5   0.0001910085279953
17923.4   0.0001913962712707
17924.3   0.0001933868613794
17925.2   0.0001942648943478
17926.1   0.0001915291297917
17927.0   0.0001870001927089
17927.9   0.0001849750925566
17928.8   0.0001864287466486
17929.7   0.0001895341816033
17930.6   0.0001932387552985
17931.5   0.0001973335658685
17932.4   0.0001997858493462
17933.3   0.0001975053039514
17934.2   0.0001924627311368
17935.1   0.0001911569429165
17936.0   0.0001957173359556
17936.9   0.0002006981635877
17937.8   0.0001991518917217
17938.7   0.0001918357510154
17939.6   0.0001866964196791
17940.5   0.0001870550518967
17941.4   0.0001892082635803
17942.3   0.0001903022674255
17943.2   0.0001906531671971
17944.1   0.0001909526279013
17945.0   0.0001911614039431
17945.9   0.0001911651900963
17946.8   0.0001910640277408
17947.7   0.0001912894010890
17948.6   0.0001925357089554
17949.5   0.0001946894925654
17950.4   0.0001951420808650
17951.3   0.0001906544139969
17952.2   0.0001835817881466
17953.1   0.0001802535191973
17954.0   0.0001821536991681
17954.9   0.0001857828929534
17955.8   0.0001885617807660
17956.7   0.0001906469560756
17957.6   0.0001924059617145
17958.5   0.0001925424233723
17959.4   0.0001903188647319
17960.3   0.0001879348349602
17961.2   0.0001871035627006
17962.1   0.0001864168277008
17963.0   0.0001855636735342
17963.9   0.0001863935388546
17964.8   0.0001894102794510
17965.7   0.0001936869855182
17966.6   0.0001973418816795
17967.5   0.0001965146472209
17968.4   0.0001887252831076
17969.3   0.0001788098509416
17970.2   0.0001752588395059
17971.1   0.0001791688263151
17972.0   0.0001847944438591
17972.9   0.0001883941491151
17973.8   0.0001897126798573
17974.7   0.0001896599825515
17975.6   0.0001895803246316
17976.5   0.0001904466788613
17977.4   0.0001923080135858
17978.3   0.0001943021153230
17979.2   0.0001942993243218
17980.1   0.0001907790367765
17981.0   0.0001863213502944
17981.9   0.0001847660076745
17982.8   0.0001861408617363
17983.7   0.0001879907007386
17984.6   0.0001888368659636
17985.5   0.0001889752836099
17986.4   0.0001891304358251
17987.3   0.0001894138139566
17988.2   0.0001896881098958
17989.1   0.0001899388424640
17990.0   0.0001901469093169
17990.9   0.0001903066026282
17991.8   0.0001905287503110
17992.7   0.0001912054537204
17993.6   0.0001929762524833
17994.5   0.0001958481927339
17995.4   0.0001978290143383
17996.3   0.0001958710469160
17997.2   0.0001900617494642
17998.1   0.0001847505656596
17999.0   0.0001841570432372
17999.9   0.0001885229927122
18000.8   0.0001943889680780
18001.7   0.0001972934852608
18002.6   0.0001942466270160
18003.5   0.0001870969054764
18004.4   0.0001825347394652
18005.3   0.0001844309731434
18006.2   0.0001900646205351
18007.1   0.0001950386079265
18008.0   0.0001970854870391
18008.9   0.0001958438460927
18009.8   0.0001909455131359
18010.7   0.0001830507544112
18011.6   0.0001774615685839
18012.5   0.0001788026103523
18013.4   0.0001843740550203
18014.3   0.0001889742884579
18015.2   0.0001906106844983
18016.1   0.0001904469305090
18017.0   0.0001902794018049
18017.9   0.0001905974615581
18018.8   0.0001905768493278
18019.7   0.0001887211537985
18020.6   0.0001846296604020
18021.5   0.0001808220484325
18022.4   0.0001806517973584
18023.3   0.0001838503533824
18024.2   0.0001865984486733
18025.1   0.0001860650242853
18026.0   0.0001832225268098
18026.9   0.0001811947042874
18027.8   0.0001815748295021
18028.7   0.0001835300516773
18029.6   0.0001858937208664
18030.5   0.0001882197344162
18031.4   0.0001900555269041
18032.3   0.0001909279321160
18033.2   0.0001908427379477
18034.1   0.0001901412129291
18035.0   0.0001892021325284
18035.9   0.0001879560076784
18036.8   0.0001858867433634
18037.7   0.0001832708889128
18038.6   0.0001817133729723
18039.5   0.0001821309708099
18040.4   0.0001838728186544
18041.3   0.0001858798459301
18042.2   0.0001873196250857
18043.1   0.0001881380861921
18044.0   0.0001885037302284
18044.9   0.0001882193455062
18045.8   0.0001876195547696
18046.7   0.0001872468417220
18047.6   0.0001870348285764
18048.5   0.0001867195026318
18049.4   0.0001863133662008
18050.3   0.0001862172139212
18051.2   0.0001866282917970
18052.1   0.0001869891087737
18053.0   0.0001864187608123
18053.9   0.0001845013086617
18054.8   0.0001822633031585
18055.7   0.0001815716267139
18056.6   0.0001828924680390
18057.5   0.0001855746545226
18058.4   0.0001880576161366
18059.3   0.0001871893402339
18060.2   0.0001817555582694
18061.1   0.0001748814366612
18062.0   0.0001714512275364
18062.9   0.0001749230271548
18063.8   0.0001839960344950
18064.7   0.0001923878202066
18065.6   0.0001962176801161
18066.5   0.0001967641329893
18067.4   0.0001951229670821
18068.3   0.0001921797533537
18069.2   0.0001898004476947
18070.1   0.0001876938365806
18071.0   0.0001841903293583
18071.9   0.0001810085879728
18072.8   0.0001827480222876
18073.7   0.0001883610917646
18074.6   0.0001906495526218
18075.5   0.0001889198181801
18076.4   0.0001889068240105
18077.3   0.0001908481140566
18078.2   0.0001909673721659
18079.1   0.0001891597642149
18080.0   0.0001876259717847
18080.9   0.0001870434189122
18081.8   0.0001866367219932
18082.7   0.0001854888426737
18083.6   0.0001839599344957
18084.5   0.0001839636977719
18085.4   0.0001857695213123
18086.3   0.0001864101704766
18087.2   0.0001840801534415
18088.1   0.0001815582436343
18089.0   0.0001830754387580
18089.9   0.0001878087137331
18090.8   0.0001904504993302
18091.7   0.0001895442932635
18092.6   0.0001878472958934
18093.5   0.0001868125321928
18094.4   0.0001863188338179
18095.3   0.0001861271469394
18096.2   0.0001860608949761
18097.1   0.0001860276431706
18098.0   0.0001859988295147
18098.9   0.0001859703704531
18099.8   0.0001859419228300
18100.7   0.0001859134752070
18101.6   0.0001858850275840
18102.5   0.0001858565799609
18103.4   0.0001858281437764
18104.3   0.0001857996961534
18105.2   0.0001857712485303
18106.1   0.0001857428009073
18107.0   0.0001857143647228
18107.9   0.0001856859170997
18108.8   0.0001856574694767
18109.7   0.0001856290218536
18110.6   0.0001856005742306
18111.5   0.0001855721380461
18112.4   0.0001855436904230
18113.3   0.0001855152428000
18114.2   0.0001854867951769
18115.1   0.0001854583589924
18116.0   0.0001854299113694
18116.9   0.0001854014637463
18117.8   0.0001853730161233
18118.7   0.0001853445685002
18119.6   0.0001853161323157
18120.5   0.0001852876846927
18121.4   0.0001852592370696
18122.3   0.0001852307894466
18123.2   0.0001852023532621
18124.1   0.0001851739056390
18125.0   0.0001851454580160
18125.9   0.0001851170103930
18126.8   0.0001850885627699
18127.7   0.0001850601265854
18128.6   0.0001850316789624
18129.5   0.0001850032313393
18130.4   0.0001849747837163
18131.3   0.0001849463475318
18132.2   0.0001849178999087
18133.1   0.0001848894522857
18134.0   0.0001848610046626
18134.9   0.0001848325570396
18135.8   0.0001848041208551
18136.7   0.0001847756732320
18137.6   0.0001847472256090
18138.5   0.0001847187779859
18139.4   0.0001846903303629
18140.3   0.0001846618941784
18141.2   0.0001846334465553
18142.1   0.0001846049989323
18143.0   0.0001845765513093
18143.9   0.0001845481151247
18144.8   0.0001845196675017
18145.7   0.0001844912198787
18146.6   0.0001844627722556
18147.5   0.0001844343246326
18148.4   0.0001844058884480
18149.3   0.0001843774408250
18150.2   0.0001843489932020
18151.1   0.0001843205455789
18152.0   0.0001842921093944
18152.9   0.0001842636617714
18153.8   0.0001842352141483
18154.7   0.0001842067665253
18155.6   0.0001841783189022
18156.5   0.0001841498827177
18157.4   0.0001841214350947
18158.3   0.0001840929874716
18159.2   0.0001840645398486
18160.1   0.0001840361036641
18161.0   0.0001840076560410
18161.9   0.0001839792084180
18162.8   0.0001839507607949
18163.7   0.0001839223131719
18164.6   0.0001838938769874
18165.5   0.0001838654293643
18166.4   0.0001838369817413
18167.3   0.0001838085341183
18168.2   0.0001837800979337
18169.1   0.0001837516503107
18170.0   0.0001837232026877
18170.9   0.0001836947550646
18171.8   0.0001836663074416
18172.7   0.0001836378712571
18173.6   0.0001836094236340
18174.5   0.0001835809760110
18175.4   0.0001835525283879
18176.3   0.0001835240807649
18177.2   0.0001834956445804
18178.1   0.0001834671969573
18179.0   0.0001834387493343
18179.9   0.0001834103017112
18180.8   0.0001833818655267
18181.7   0.0001833534179037
18182.6   0.0001833249702806
18183.5   0.0001832965226576
18184.4   0.0001832680750346
18185.3   0.0001832396388500
18186.2   0.0001832111912270
18187.1   0.0001831827436039
18188.0   0.0001831542959809
18188.9   0.0001831258597964
18189.8   0.0001830974121733
18190.7   0.0001830689645503
18191.6   0.0001830405169273
18192.5   0.0001830120693042
18193.4   0.0001829836331197
18194.3   0.0001829551854967
18195.2   0.0001829267378736
18196.1   0.0001828982902506
18197.0   0.0001828698540661
18197.9   0.0001828414064430
18198.8   0.0001828129588200
18199.7   0.0001827845111969
18200.6   0.0001827560635739
18201.5   0.0001827276273894
18202.4   0.0001826991797663
18203.3   0.0001826707321433
18204.2   0.0001826422845202
18205.1   0.0001826138483357
18206.0   0.0001825854007127
18206.9   0.0001825569530896
18207.8   0.0001825285054666
18208.7   0.0001825000578436
18209.6   0.0001824716216590
18210.5   0.0001824431740360
18211.4   0.0001824147264130
18212.3   0.0001823862787899
18213.2   0.0001823578311669
18214.1   0.0001823293949824
18215.0   0.0001823009473593
18215.9   0.0001822724997363
18216.8   0.0001822440521132
18217.7   0.0001822156159287
18218.6   0.0001821871683057
18219.5   0.0001821587206826
18220.4   0.0001821302730596
18221.3   0.0001821018254365
18222.2   0.0001820733892520
18223.1   0.0001820449416290
18224.0   0.0001820164940059
18224.9   0.0001819880463829
18225.8   0.0001819596101984
18226.7   0.0001819311625753
18227.6   0.0001819027149523
18228.5   0.0001818742673292
18229.4   0.0001818458197062
18230.3   0.0001818173835217
18231.2   0.0001817889358986
18232.1   0.0001817604882756
18233.0   0.0001817320406526
18233.9   0.0001817036044680
18234.8   0.0001816751568450
18235.7   0.0001816467092220
18236.6   0.0001816182615989
18237.5   0.0001815898139759
18238.4   0.0001815613777914
18239.3   0.0001815329301683
18240.2   0.0001815044825453
18241.1   0.0001814760349222
18242.0   0.0001814475987377
18242.9   0.0001814191511147
18243.8   0.0001813907034916
18244.7   0.0001813622558686
18245.6   0.0001813338082455
18246.5   0.0001813053720610
18247.4   0.0001812769244380
18248.3   0.0001812484768149
18249.2   0.0001812200291919
18250.1   0.0001811915815689
18251.0   0.0001811631453843
18251.9   0.0001811346977613
18252.8   0.0001811062501383
18253.7   0.0001810778025152
18254.6   0.0001810493663307
18255.5   0.0001810209187077
18256.4   0.0001809924710846
18257.3   0.0001809640234616
18258.2   0.0001809355758385
18259.1   0.0001809071396540
18260.0   0.0001808786920310
18260.9   0.0001808502444079
18261.8   0.0001808217967849
18262.7   0.0001807933606004
18263.6   0.0001807649129773
18264.5   0.0001807364653543
18265.4   0.0001807080177312
18266.3   0.0001806795701082
18267.2   0.0001806511339237
18268.1   0.0001806226863006
18269.0   0.0001805942386776
18269.9   0.0001805657910545
18270.8   0.0001805373548700
18271.7   0.0001805089072470
18272.6   0.0001804804596239
18273.5   0.0001804520120009
18274.4   0.0001804235643779
18275.3   0.0001803951281933
18276.2   0.0001803666805703
18277.1   0.0001803382329473
18278.0   0.0001803097853242
18278.9   0.0001802813491397
18279.8   0.0001802529015167
18280.7   0.0001802244538936
18281.6   0.0001801960062706
18282.5   0.0001801675586475
18283.4   0.0001801391224630
18284.3   0.0001801106748400
18285.2   0.0001800822272169
18286.1   0.0001800537795939
18287.0   0.0001800253319708
18287.9   0.0001799968957863
18288.8   0.0001799684481633
18289.7   0.0001799400005402
18290.6   0.0001799115529172
18291.5   0.0001798831167327
18292.4   0.0001798546691096
18293.3   0.0001798262214866
18294.2   0.0001797977738636
18295.1   0.0001797693262405
18296.0   0.0001797408900560
18296.9   0.0001797124424330
18297.8   0.0001796839948099
18298.7   0.0001796555471869
18299.6   0.0001796271110024
18300.5   0.0001795986633793
18301.4   0.0001795702157563
18302.3   0.0001795417681332
18303.2   0.0001795133205102
18304.1   0.0001794848843257
18305.0   0.0001794564367026
18305.9   0.0001794279890796
18306.8   0.0001793995414565
18307.7   0.0001793711052720
18308.6   0.0001793426576490
18309.5   0.0001793142100259
18310.4   0.0001792857624029
18311.3   0.0001792573147798
18312.2   0.0001792288785953
18313.1   0.0001792004309723
18314.0   0.0001791719833492
18314.9   0.0001791435357262
18315.8   0.0001791150995417
18316.7   0.0001790866519186
18317.6   0.0001790582042956
18318.5   0.0001790297566726
18319.4   0.0001790013090495
18320.3   0.0001789728728650
18321.2   0.0001789444252420
18322.1   0.0001789159776189
18323.0   0.0001788875299959
18323.9   0.0001788590823728
18324.8   0.0001788306461883
18325.7   0.0001788021985653
18326.6   0.0001787737509422
18327.5   0.0001787453033192
18328.4   0.0001787168671347
18329.3   0.0001786884195116
18330.2   0.0001786599718886
18331.1   0.0001786315242655
18332.0   0.0001786030766425
18332.9   0.0001785746404580
18333.8   0.0001785461928349
18334.7   0.0001785177452119
18335.6   0.0001784892975889
18336.5   0.0001784608614043
18337.4   0.0001784324137813
18338.3   0.0001784039661583
18339.2   0.0001783755185352
18340.1   0.0001783470709122
18341.0   0.0001783186347277
18341.9   0.0001782901871046
18342.8   0.0001782617394816
18343.7   0.0001782332918585
18344.6   0.0001782048556740
18345.5   0.0001781764080510
18346.4   0.0001781479604279
18347.3   0.0001781195128049
18348.2   0.0001780910651818
18349.1   0.0001780626289973
18350.0   0.0001780341813743
18350.9   0.0001780057337512
18351.8   0.0001779772861282
18352.7   0.0001779488499437
18353.6   0.0001779204023206
18354.5   0.0001778919546976
18355.4   0.0001778635070745
18356.3   0.0001778350594515
18357.2   0.0001778066232670
18358.1   0.0001777781756439
18359.0   0.0001777497280209
18359.9   0.0001777212803979
18360.8   0.0001776928327748
18361.7   0.0001776643965903
18362.6   0.0001776359489673
18363.5   0.0001776075013442
18364.4   0.0001775790537212
18365.3   0.0001775506175367
18366.2   0.0001775221699136
18367.1   0.0001774937222906
18368.0   0.0001774652746675
18368.9   0.0001774368270445
18369.8   0.0001774083908600
18370.7   0.0001773799432369
18371.6   0.0001773514956139
18372.5   0.0001773230479908
18373.4   0.0001772946118063
18374.3   0.0001772661641833
18375.2   0.0001772377165602
18376.1   0.0001772092689372
18377.0   0.0001771808213142
18377.9   0.0001771523851296
18378.8   0.0001771239375066
18379.7   0.0001770954898836
18380.6   0.0001770670422605
18381.5   0.0001770386060760
18382.4   0.0001770101584530
18383.3   0.0001769817108299
18384.2   0.0001769532632069
18385.1   0.0001769248155838
18386.0   0.0001768963793993
18386.9   0.0001768679317763
18387.8   0.0001768394841532
18388.7   0.0001768110365302
18389.6   0.0001767826003457
18390.5   0.0001767541527226
18391.4   0.0001767257050996
18392.3   0.0001766972574765
18393.2   0.0001766688098535
18394.1   0.0001766403736690
18395.0   0.0001766119260459
18395.9   0.0001765834784229
18396.8   0.0001765550307998
18397.7   0.0001765265831768
18398.6   0.0001764981469923
18399.5   0.0001764696993692
18400.4   0.0001764412517462
18401.3   0.0001764128041232
18402.2   0.0001763843679386
18403.1   0.0001763559203156
18404.0   0.0001763274726926
18404.9   0.0001762990250695
18405.8   0.0001762705774465
18406.7   0.0001762421412620
18407.6   0.0001762136936389
18408.5   0.0001761852460159
18409.4   0.0001761567983928
18410.3   0.0001761283622083
18411.2   0.0001760999145853
18412.1   0.0001760714669622
18413.0   0.0001760430193392
18413.9   0.0001760145717161
18414.8   0.0001759861355316
18415.7   0.0001759576879086
18416.6   0.0001759292402855
18417.5   0.0001759007926625
18418.4   0.0001758723564780
18419.3   0.0001758439088549
18420.2   0.0001758154612319
18421.1   0.0001757870136089
18422.0   0.0001757585659858
18422.9   0.0001757301298013
18423.8   0.0001757016821782
18424.7   0.0001756732345552
18425.6   0.0001756447869322
18426.5   0.0001756163507476
18427.4   0.0001755879031246
18428.3   0.0001755594555016
18429.2   0.0001755310078785
18430.1   0.0001755025602555
18431.0   0.0001754741240710
18431.9   0.0001754456764479
18432.8   0.0001754172288249
18433.7   0.0001753887812018
18434.6   0.0001753603335788
18435.5   0.0001753318973943
18436.4   0.0001753034497712
18437.3   0.0001752750021482
18438.2   0.0001752465545251
18439.1   0.0001752181183406
18440.0   0.0001751896707176
18440.9   0.0001751612230945
18441.8   0.0001751327754715
18442.7   0.0001751043278485
18443.6   0.0001750758916639
18444.5   0.0001750474440409
18445.4   0.0001750189964179
18446.3   0.0001749905487948
18447.2   0.0001749621126103
18448.1   0.0001749336649873
18449.0   0.0001749052173642
18449.9   0.0001748767697412
18450.8   0.0001748483221181
18451.7   0.0001748198859336
18452.6   0.0001747914383106
18453.5   0.0001747629906875
18454.4   0.0001747345430645
18455.3   0.0001747061068800
18456.2   0.0001746776592569
18457.1   0.0001746492116339
18458.0   0.0001746207640108
18458.9   0.0001745923163878
18459.8   0.0001745638802033
18460.7   0.0001745354325802
18461.6   0.0001745069849572
18462.5   0.0001744785373341
18463.4   0.0001744501011496
18464.3   0.0001744216535266
18465.2   0.0001743932059035
18466.1   0.0001743647582805
18467.0   0.0001743363106575
18467.9   0.0001743078744729
18468.8   0.0001742794268499
18469.7   0.0001742509792269
18470.6   0.0001742225316038
18471.5   0.0001741940839808
18472.4   0.0001741656477963
18473.3   0.0001741372001732
18474.2   0.0001741087525502
18475.1   0.0001740803049271
18476.0   0.0001740518687426
18476.9   0.0001740234211196
18477.8   0.0001739949734965
18478.7   0.0001739665258735
18479.6   0.0001739380782504
18480.5   0.0001739096420659
18481.4   0.0001738811944429
18482.3   0.0001738527468198
18483.2   0.0001738242991968
18484.1   0.0001737958630123
18485.0   0.0001737674153892
18485.9   0.0001737389677662
18486.8   0.0001737105201432
18487.7   0.0001736820725201
18488.6   0.0001736536363356
18489.5   0.0001736251887126
18490.4   0.0001735967410895
18491.3   0.0001735682934665
18492.2   0.0001735398572820
18493.1   0.0001735114096589
18494.0   0.0001734829620359
18494.9   0.0001734545144128
18495.8   0.0001734260667898
18496.7   0.0001733976306053
18497.6   0.0001733691829822
18498.5   0.0001733407353592
18499.4   0.0001733122877361
18500.3   0.0001732838515516
18501.2   0.0001732554039286
18502.1   0.0001732269563055
18503.0   0.0001731985086825
18503.9   0.0001731700610594
18504.8   0.0001731416248749
18505.7   0.0001731131772519
18506.6   0.0001730847296288
18507.5   0.0001730562820058
18508.4   0.0001730278343828
18509.3   0.0001729993981982
18510.2   0.0001729709505752
18511.1   0.0001729425029522
18512.0   0.0001729140553291
18512.9   0.0001728856191446
18513.8   0.0001728571715216
18514.7   0.0001728287238985
18515.6   0.0001728002762755
18516.5   0.0001727718286524
18517.4   0.0001727433924679
18518.3   0.0001727149448449
18519.2   0.0001726864972218
18520.1   0.0001726580495988
18521.0   0.0001726296134143
18521.9   0.0001726011657912
18522.8   0.0001725727181682
18523.7   0.0001725442705451
18524.6   0.0001725158229221
18525.5   0.0001724873867376
18526.4   0.0001724589391145
18527.3   0.0001724304914915
18528.2   0.0001724020438685
18529.1   0.0001723736076839
18530.0   0.0001723451600609
18530.9   0.0001723167124379
18531.8   0.0001722882648148
18532.7   0.0001722598171918
18533.6   0.0001722313810073
18534.5   0.0001722029333842
18535.4   0.0001721744857612
18536.3   0.0001721460381381
18537.2   0.0001721176019536
18538.1   0.0001720891543306
18539.0   0.0001720607067075
18539.9   0.0001720322590845
18540.8   0.0001720038114614
18541.7   0.0001719753752769
18542.6   0.0001719469276539
18543.5   0.0001719184800308
18544.4   0.0001718900324078
18545.3   0.0001718615847847
18546.2   0.0001718331486002
18547.1   0.0001718047009772
18548.0   0.0001717762533541
18548.9   0.0001717478057311
18549.8   0.0001717193695466
18550.7   0.0001716909219235
18551.6   0.0001716624743005
18552.5   0.0001716340266775
18553.4   0.0001716055790544
18554.3   0.0001715771428699
18555.2   0.0001715486952469
18556.1   0.0001715202476238
18557.0   0.0001714918000008
18557.9   0.0001714633638163
18558.8   0.0001714349161932
18559.7   0.0001714064685702
18560.6   0.0001713780209471
18561.5   0.0001713495733241
18562.4   0.0001713211371396
18563.3   0.0001712926895165
18564.2   0.0001712642418935
18565.1   0.0001712357942704
18566.0   0.0001712073580859
18566.9   0.0001711789104629
18567.8   0.0001711504628398
18568.7   0.0001711220152168
18569.6   0.0001710935675938
18570.5   0.0001710651314092
18571.4   0.0001710366837862
18572.3   0.0001710082361632
18573.2   0.0001709797885401
18574.1   0.0001709513523556
18575.0   0.0001709229047326
18575.9   0.0001708944571095
18576.8   0.0001708660094865
18577.7   0.0001708375618634
18578.6   0.0001708091256789
18579.5   0.0001707806780559
18580.4   0.0001707522304328
18581.3   0.0001707237828098
18582.2   0.0001706953351867
18583.1   0.0001706668990022
18584.0   0.0001706384513792
18584.9   0.0001706100037561
18585.8   0.0001705815561331
18586.7   0.0001705531199486
18587.6   0.0001705246723255
18588.5   0.0001704962247025
18589.4   0.0001704677770794
18590.3   0.0001704393294564
18591.2   0.0001704108932719
18592.1   0.0001703824456488
18593.0   0.0001703539980258
18593.9   0.0001703255504028
18594.8   0.0001702971142182
18595.7   0.0001702686665952
18596.6   0.0001702402189722
18597.5   0.0001702117713491
18598.4   0.0001701833237261
18599.3   0.0001701548875416
18600.2   0.0001701264399185
18601.1   0.0001700979922955
18602.0   0.0001700695446724
18602.9   0.0001700411084879
18603.8   0.0001700126608649
18604.7   0.0001699842132418
18605.6   0.0001699557656188
18606.5   0.0001699273179957
18607.4   0.0001698988818112
18608.3   0.0001698704341882
18609.2   0.0001698419865651
18610.1   0.0001698135389421
18611.0   0.0001697851027576
18611.9   0.0001697566551345
18612.8   0.0001697282075115
18613.7   0.0001696997598885
18614.6   0.0001696713122654
18615.5   0.0001696428760809
18616.4   0.0001696144284579
18617.3   0.0001695859808348
18618.2   0.0001695575332118
18619.1   0.0001695290855887
18620.0   0.0001695006494042
18620.9   0.0001694722017812
18621.8   0.0001694437541581
18622.7   0.0001694153065351
18623.6   0.0001693868703506
18624.5   0.0001693584227275
18625.4   0.0001693299751045
18626.3   0.0001693015274814
18627.2   0.0001692730798584
18628.1   0.0001692446436739
18629.0   0.0001692161960508
18629.9   0.0001691877484278
18630.8   0.0001691593008047
18631.7   0.0001691308646202
18632.6   0.0001691024169972
18633.5   0.0001690739693741
18634.4   0.0001690455217511
18635.3   0.0001690170741281
18636.2   0.0001689886379435
18637.1   0.0001689601903205
18638.0   0.0001689317426975
18638.9   0.0001689032950744
18639.8   0.0001688748588899
18640.7   0.0001688464112669
18641.6   0.0001688179636438
18642.5   0.0001687895160208
18643.4   0.0001687610683977
18644.3   0.0001687326322132
18645.2   0.0001687041845902
18646.1   0.0001686757369671
18647.0   0.0001686472893441
18647.9   0.0001686188531596
18648.8   0.0001685904055365
18649.7   0.0001685619579135
18650.6   0.0001685335102904
18651.5   0.0001685050626674
18652.4   0.0001684766264829
18653.3   0.0001684481788598
18654.2   0.0001684197312368
18655.1   0.0001683912836138
18656.0   0.0001683628359907
18656.9   0.0001683343998062
18657.8   0.0001683059521832
18658.7   0.0001682775045601
18659.6   0.0001682490569371
18660.5   0.0001682206207525
18661.4   0.0001681921731295
18662.3   0.0001681637255065
18663.2   0.0001681352778834
18664.1   0.0001681068302604
18665.0   0.0001680783940759
18665.9   0.0001680499464528
18666.8   0.0001680214988298
18667.7   0.0001679930512067
18668.6   0.0001679646150222
18669.5   0.0001679361673992
18670.4   0.0001679077197761
18671.3   0.0001678792721531
18672.2   0.0001678508245300
18673.1   0.0001678223883455
18674.0   0.0001677939407225
18674.9   0.0001677654930994
18675.8   0.0001677370454764
18676.7   0.0001677086092919
18677.6   0.0001676801616688
18678.5   0.0001676517140458
18679.4   0.0001676232664228
18680.3   0.0001675948187997
18681.2   0.0001675663826152
18682.1   0.0001675379349922
18683.0   0.0001675094873691
18683.9   0.0001674810397461
18684.8   0.0001674526035616
18685.7   0.0001674241559385
18686.6   0.0001673957083155
18687.5   0.0001673672606924
18688.4   0.0001673388130694
18689.3   0.0001673103768849
18690.2   0.0001672819292618
18691.1   0.0001672534816388
18692.0   0.0001672250340157
18692.9   0.0001671965863927
18693.8   0.0001671681502082
18694.7   0.0001671397025851
18695.6   0.0001671112549621
18696.5   0.0001670828073390
18697.4   0.0001670543711545
18698.3   0.0001670259235315
18699.2   0.0001669974759084
18700.1   0.0001669690282854
18701.0   0.0001669405806624
18701.9   0.0001669121444778
18702.8   0.0001668836968548
18703.7   0.0001668552492318
18704.6   0.0001668268016087
18705.5   0.0001667983654242
18706.4   0.0001667699178012
18707.3   0.0001667414701781
18708.2   0.0001667130225551
18709.1   0.0001666845749320
18710.0   0.0001666561387475
18710.9   0.0001666276911245
18711.8   0.0001665992435014
18712.7   0.0001665707958784
18713.6   0.0001665423596939
18714.5   0.0001665139120708
18715.4   0.0001664854644478
18716.3   0.0001664570168247
18717.2   0.0001664285692017
18718.1   0.0001664001330172
18719.0   0.0001663716853941
18719.9   0.0001663432377711
18720.8   0.0001663147901481
18721.7   0.0001662863539635
18722.6   0.0001662579063405
18723.5   0.0001662294587175
18724.4   0.0001662010110944
18725.3   0.0001661725634714
18726.2   0.0001661441272869
18727.1   0.0001661156796638
18728.0   0.0001660872320408
18728.9   0.0001660587844177
18729.8   0.0001660303367947
18730.7   0.0001660019006102
18731.6   0.0001659734529871
18732.5   0.0001659450053641
18733.4   0.0001659165577410
18734.3   0.0001658881215565
18735.2   0.0001658596739335
18736.1   0.0001658312263104
18737.0   0.0001658027786874
18737.9   0.0001657743310643
18738.8   0.0001657458948798
18739.7   0.0001657174472568
18740.6   0.0001656889996337
18741.5   0.0001656605520107
18742.4   0.0001656321158262
18743.3   0.0001656036682031
18744.2   0.0001655752205801
18745.1   0.0001655467729571
18746.0   0.0001655183253340
18746.9   0.0001654898891495
18747.8   0.0001654614415265
18748.7   0.0001654329939034
18749.6   0.0001654045462804
18750.5   0.0001653761100959
18751.4   0.0001653476624728
18752.3   0.0001653192148498
18753.2   0.0001652907672267
18754.1   0.0001652623196037
18755.0   0.0001652338834192
18755.9   0.0001652054357961
18756.8   0.0001651769881731
18757.7   0.0001651485405500
18758.6   0.0001651201043655
18759.5   0.0001650916567425
18760.4   0.0001650632091194
18761.3   0.0001650347614964
18762.2   0.0001650063138734
18763.1   0.0001649778776888
18764.0   0.0001649494300658
18764.9   0.0001649209824428
18765.8   0.0001648925348197
18766.7   0.0001648640871967
18767.6   0.0001648356510122
18768.5   0.0001648072033891
18769.4   0.0001647787557661
18770.3   0.0001647503081430
18771.2   0.0001647218719585
18772.1   0.0001646934243355
18773.0   0.0001646649767124
18773.9   0.0001646365290894
18774.8   0.0001646080814663
18775.7   0.0001645796452818
18776.6   0.0001645511976588
18777.5   0.0001645227500357
18778.4   0.0001644943024127
18779.3   0.0001644658662282
18780.2   0.0001644374186051
18781.1   0.0001644089709821
18782.0   0.0001643805233590
18782.9   0.0001643520757360
18783.8   0.0001643236395515
18784.7   0.0001642951919284
18785.6   0.0001642667443054
18786.5   0.0001642382966824
18787.4   0.0001642098604978
18788.3   0.0001641814128748
18789.2   0.0001641529652518
18790.1   0.0001641245176287
18791.0   0.0001640960700057
18791.9   0.0001640676338212
18792.8   0.0001640391861981
18793.7   0.0001640107385751
18794.6   0.0001639822909520
18795.5   0.0001639538547675
18796.4   0.0001639254071445
18797.3   0.0001638969595214
18798.2   0.0001638685118984
18799.1   0.0001638400642753
18800.0   0.0001638116280908
18800.9   0.0001637831804678
18801.8   0.0001637547328447
18802.7   0.0001637262852217
18803.6   0.0001636978375987
18804.5   0.0001636694014141
18805.4   0.0001636409537911
18806.3   0.0001636125061681
18807.2   0.0001635840585450
18808.1   0.0001635556223605
18809.0   0.0001635271747375
18809.9   0.0001634987271144
18810.8   0.0001634702794914
18811.7   0.0001634418318683
18812.6   0.0001634133956838
18813.5   0.0001633849480608
18814.4   0.0001633565004377
18815.3   0.0001633280528147
18816.2   0.0001632996166302
18817.1   0.0001632711690071
18818.0   0.0001632427213841
18818.9   0.0001632142737610
18819.8   0.0001631858261380
18820.7   0.0001631573899535
18821.6   0.0001631289423304
18822.5   0.0001631004947074
18823.4   0.0001630720470843
18824.3   0.0001630436108998
18825.2   0.0001630151632768
18826.1   0.0001629867156537
18827.0   0.0001629582680307
18827.9   0.0001629298204077
18828.8   0.0001629013842231
18829.7   0.0001628729366001
18830.6   0.0001628444889771
18831.5   0.0001628160413540
18832.4   0.0001627876051695
18833.3   0.0001627591575465
18834.2   0.0001627307099234
18835.1   0.0001627022623004
18836.0   0.0001626738146773
18836.9   0.0001626453784928
18837.8   0.0001626169308698
18838.7   0.0001625884832467
18839.6   0.0001625600356237
18840.5   0.0001625315880006
18841.4   0.0001625031518161
18842.3   0.0001624747041931
18843.2   0.0001624462565700
18844.1   0.0001624178089470
18845.0   0.0001623893727625
18845.9   0.0001623609251394
18846.8   0.0001623324775164
18847.7   0.0001623040298934
18848.6   0.0001622755822703
18849.5   0.0001622471460858
18850.4   0.0001622186984628
18851.3   0.0001621902508397
18852.2   0.0001621618032167
18853.1   0.0001621333670322
18854.0   0.0001621049194091
18854.9   0.0001620764717861
18855.8   0.0001620480241630
18856.7   0.0001620195765400
18857.6   0.0001619911403555
18858.5   0.0001619626927324
18859.4   0.0001619342451094
18860.3   0.0001619057974863
18861.2   0.0001618773613018
18862.1   0.0001618489136788
18863.0   0.0001618204660557
18863.9   0.0001617920184327
18864.8   0.0001617635708096
18865.7   0.0001617351346251
18866.6   0.0001617066870021
18867.5   0.0001616782393790
18868.4   0.0001616497917560
18869.3   0.0001616213555715
18870.2   0.0001615929079484
18871.1   0.0001615644603254
18872.0   0.0001615360127024
18872.9   0.0001615075650793
18873.8   0.0001614791288948
18874.7   0.0001614506812718
18875.6   0.0001614222336487
18876.5   0.0001613937860257
18877.4   0.0001613653384026
18878.3   0.0001613369022181
18879.2   0.0001613084545951
18880.1   0.0001612800069720
18881.0   0.0001612515593490
18881.9   0.0001612231231645
18882.8   0.0001611946755414
18883.7   0.0001611662279184
18884.6   0.0001611377802953
18885.5   0.0001611093326723
18886.4   0.0001610808964878
18887.3   0.0001610524488647
18888.2   0.0001610240012417
18889.1   0.0001609955536187
18890.0   0.0001609671174341
18890.9   0.0001609386698111
18891.8   0.0001609102221881
18892.7   0.0001608817745650
18893.6   0.0001608533269420
18894.5   0.0001608248907574
18895.4   0.0001607964431344
18896.3   0.0001607679955114
18897.2   0.0001607395478883
18898.1   0.0001607111117038
18899.0   0.0001606826640808
18899.9   0.0001606542164577
18900.8   0.0001606257688347
18901.7   0.0001605973212116
18902.6   0.0001605688850271
18903.5   0.0001605404374041
18904.4   0.0001605119897810
18905.3   0.0001604835421580
18906.2   0.0001604551059735
18907.1   0.0001604266583504
18908.0   0.0001603982107274
18908.9   0.0001603697631043
18909.8   0.0001603413154813
18910.7   0.0001603128792968
18911.6   0.0001602844316737
18912.5   0.0001602559840507
18913.4   0.0001602275364277
18914.3   0.0001601990888046
18915.2   0.0001601706526201
18916.1   0.0001601422049971
18917.0   0.0001601137573740
18917.9   0.0001600853097510
18918.8   0.0001600568735665
18919.7   0.0001600284259434
18920.6   0.0001599999783204
18921.5   0.0001599715306973
18922.4   0.0001599430830743
18923.3   0.0001599146468898
18924.2   0.0001598861992667
18925.1   0.0001598577516437
18926.0   0.0001598293040206
18926.9   0.0001598008678361
18927.8   0.0001597724202131
18928.7   0.0001597439725900
18929.6   0.0001597155249670
18930.5   0.0001596870773440
18931.4   0.0001596586411594
18932.3   0.0001596301935364
18933.2   0.0001596017459133
18934.1   0.0001595732982903
18935.0   0.0001595448621058
18935.9   0.0001595164144827
18936.8   0.0001594879668597
18937.7   0.0001594595192367
18938.6   0.0001594310716136
18939.5   0.0001594026354291
18940.4   0.0001593741878061
18941.3   0.0001593457401830
18942.2   0.0001593172925600
18943.1   0.0001592888563755
18944.0   0.0001592604087524
18944.9   0.0001592319611294
18945.8   0.0001592035135063
18946.7   0.0001591750658833
18947.6   0.0001591466296988
18948.5   0.0001591181820757
18949.4   0.0001590897344527
18950.3   0.0001590612868296
18951.2   0.0001590328506451
18952.1   0.0001590044030221
18953.0   0.0001589759553990
18953.9   0.0001589475077760
18954.8   0.0001589190601530
18955.7   0.0001588906239684
18956.6   0.0001588621763454
18957.5   0.0001588337287224
18958.4   0.0001588052810993
18959.3   0.0001587768334763
18960.2   0.0001587483972918
18961.1   0.0001587199496687
18962.0   0.0001586915020457
18962.9   0.0001586630544226
18963.8   0.0001586346182381
18964.7   0.0001586061706151
18965.6   0.0001585777229920
18966.5   0.0001585492753690
18967.4   0.0001585208277459
18968.3   0.0001584923915614
18969.2   0.0001584639439384
18970.1   0.0001584354963153
18971.0   0.0001584070486923
18971.9   0.0001583786125078
18972.8   0.0001583501648847
18973.7   0.0001583217172617
18974.6   0.0001582932696386
18975.5   0.0001582648220156
18976.4   0.0001582363858311
18977.3   0.0001582079382080
18978.2   0.0001581794905850
18979.1   0.0001581510429620
18980.0   0.0001581226067774
18980.9   0.0001580941591544
18981.8   0.0001580657115314
18982.7   0.0001580372639083
18983.6   0.0001580088162853
18984.5   0.0001579803801008
18985.4   0.0001579519324777
18986.3   0.0001579234848547
18987.2   0.0001578950372316
18988.1   0.0001578666010471
18989.0   0.0001578381534241
18989.9   0.0001578097058010
18990.8   0.0001577812581780
18991.7   0.0001577528105549
18992.6   0.0001577243743704
18993.5   0.0001576959267474
18994.4   0.0001576674791243
18995.3   0.0001576390315013
18996.2   0.0001576105838783
18997.1   0.0001575821476937
18998.0   0.0001575537000707
18998.9   0.0001575252524477
18999.8   0.0001574968048246
19000.7   0.0001574683686401
19001.6   0.0001574399210171
19002.5   0.0001574114733940
19003.4   0.0001573830257710
19004.3   0.0001573545781479
19005.2   0.0001573261419634
19006.1   0.0001572976943404
19007.0   0.0001572692467173
19007.9   0.0001572407990943
19008.8   0.0001572123629098
19009.7   0.0001571839152867
19010.6   0.0001571554676637
19011.5   0.0001571270200406
19012.4   0.0001570985724176
19013.3   0.0001570701362331
19014.2   0.0001570416886100
19015.1   0.0001570132409870
19016.0   0.0001569847933639
19016.9   0.0001569563571794
19017.8   0.0001569279095564
19018.7   0.0001568994619333
19019.6   0.0001568710143103
19020.5   0.0001568425666873
19021.4   0.0001568141305027
19022.3   0.0001567856828797
19023.2   0.0001567572352567
19024.1   0.0001567287876336
19025.0   0.0001567003514491
19025.9   0.0001566719038261
19026.8   0.0001566434562030
19027.7   0.0001566150085800
19028.6   0.0001565865609569
19029.5   0.0001565581247724
19030.4   0.0001565296771494
19031.3   0.0001565012295263
19032.2   0.0001564727819033
19033.1   0.0001564443342802
19034.0   0.0001564158980957
19034.9   0.0001563874504727
19035.8   0.0001563590028496
19036.7   0.0001563305552266
19037.6   0.0001563021190421
19038.5   0.0001562736714190
19039.4   0.0001562452237960
19040.3   0.0001562167761730
19041.2   0.0001561883285499
19042.1   0.0001561598923654
19043.0   0.0001561314447424
19043.9   0.0001561029971193
19044.8   0.0001560745494963
19045.7   0.0001560461133118
19046.6   0.0001560176656887
19047.5   0.0001559892180657
19048.4   0.0001559607704426
19049.3   0.0001559323228196
19050.2   0.0001559038866351
19051.1   0.0001558754390120
19052.0   0.0001558469913890
19052.9   0.0001558185437659
19053.8   0.0001557901075814
19054.7   0.0001557616599584
19055.6   0.0001557332123353
19056.5   0.0001557047647123
19057.4   0.0001556763170892
19058.3   0.0001556478809047
19059.2   0.0001556194332817
19060.1   0.0001555909856586
19061.0   0.0001555625380356
19061.9   0.0001555341018511
19062.8   0.0001555056542280
19063.7   0.0001554772066050
19064.6   0.0001554487589820
19065.5   0.0001554203113589
19066.4   0.0001553918751744
19067.3   0.0001553634275514
19068.2   0.0001553349799283
19069.1   0.0001553065323053
19070.0   0.0001552780846822
19070.9   0.0001552496484977
19071.8   0.0001552212008747
19072.7   0.0001551927532516
19073.6   0.0001551643056286
19074.5   0.0001551358694441
19075.4   0.0001551074218210
19076.3   0.0001550789741980
19077.2   0.0001550505265749
19078.1   0.0001550220789519
19079.0   0.0001549936427674
19079.9   0.0001549651951443
19080.8   0.0001549367475213
19081.7   0.0001549082998983
19082.6   0.0001548798637137
19083.5   0.0001548514160907
19084.4   0.0001548229684677
19085.3   0.0001547945208446
19086.2   0.0001547660732216
19087.1   0.0001547376370371
19088.0   0.0001547091894140
19088.9   0.0001546807417910
19089.8   0.0001546522941679
19090.7   0.0001546238579834
19091.6   0.0001545954103604
19092.5   0.0001545669627373
19093.4   0.0001545385151143
19094.3   0.0001545100674912
19095.2   0.0001544816313067
19096.1   0.0001544531836837
19097.0   0.0001544247360606
19097.9   0.0001543962884376
19098.8   0.0001543678522531
19099.7   0.0001543394046300
19100.6   0.0001543109570070
19101.5   0.0001542825093839
19102.4   0.0001542540617609
19103.3   0.0001542256255764
19104.2   0.0001541971779533
19105.1   0.0001541687303303
19106.0   0.0001541402827073
19106.9   0.0001541118350842
19107.8   0.0001540833988997
19108.7   0.0001540549512767
19109.6   0.0001540265036536
19110.5   0.0001539980560306
19111.4   0.0001539696198461
19112.3   0.0001539411722230
19113.2   0.0001539127246000
19114.1   0.0001538842769769
19115.0   0.0001538558293539
19115.9   0.0001538273931694
19116.8   0.0001537989455463
19117.7   0.0001537704979233
19118.6   0.0001537420503002
19119.5   0.0001537136141157
19120.4   0.0001536851664927
19121.3   0.0001536567188696
19122.2   0.0001536282712466
19123.1   0.0001535998236236
19124.0   0.0001535713874390
19124.9   0.0001535429398160
19125.8   0.0001535144921930
19126.7   0.0001534860445699
19127.6   0.0001534576083854
19128.5   0.0001534291607624
19129.4   0.0001534007131393
19130.3   0.0001533722655163
19131.2   0.0001533438178932
19132.1   0.0001533153817087
19133.0   0.0001532869340857
19133.9   0.0001532584864626
19134.8   0.0001532300388396
19135.7   0.0001532016026551
19136.6   0.0001531731550320
19137.5   0.0001531447074090
19138.4   0.0001531162597859
19139.3   0.0001530878121629
19140.2   0.0001530593759784
19141.1   0.0001530309283553
19142.0   0.0001530024807323
19142.9   0.0001529740331092
19143.8   0.0001529455854862
19144.7   0.0001529171493017
19145.6   0.0001528887016786
19146.5   0.0001528602540556
19147.4   0.0001528318064326
19148.3   0.0001528033702480
19149.2   0.0001527749226250
19150.1   0.0001527464750020
19151.0   0.0001527180273789
19151.9   0.0001526895797559
19152.8   0.0001526611435714
19153.7   0.0001526326959483
19154.6   0.0001526042483253
19155.5   0.0001525758007022
19156.4   0.0001525473645177
19157.3   0.0001525189168947
19158.2   0.0001524904692716
19159.1   0.0001524620216486
19160.0   0.0001524335740255
19160.9   0.0001524051378410
19161.8   0.0001523766902180
19162.7   0.0001523482425949
19163.6   0.0001523197949719
19164.5   0.0001522913587874
19165.4   0.0001522629111643
19166.3   0.0001522344635413
19167.2   0.0001522060159183
19168.1   0.0001521775682952
19169.0   0.0001521491321107
19169.9   0.0001521206844876
19170.8   0.0001520922368646
19171.7   0.0001520637892416
19172.6   0.0001520353530570
19173.5   0.0001520069054340
19174.4   0.0001519784578110
19175.3   0.0001519500101879
19176.2   0.0001519215625649
19177.1   0.0001518931263804
19178.0   0.0001518646787573
19178.9   0.0001518362311343
19179.8   0.0001518077835112
19180.7   0.0001517793358882
19181.6   0.0001517508997037
19182.5   0.0001517224520806
19183.4   0.0001516940044576
19184.3   0.0001516655568345
19185.2   0.0001516371206500
19186.1   0.0001516086730270
19187.0   0.0001515802254039
19187.9   0.0001515517777809
19188.8   0.0001515233301579
19189.7   0.0001514948939733
19190.6   0.0001514664463503
19191.5   0.0001514379987273
19192.4   0.0001514095511042
19193.3   0.0001513811149197
19194.2   0.0001513526672967
19195.1   0.0001513242196736
19196.0   0.0001512957720506
19196.9   0.0001512673244275
19197.8   0.0001512388882430
19198.7   0.0001512104406200
19199.6   0.0001511819929969
19200.5   0.0001511535453739
19201.4   0.0001511251091894
19202.3   0.0001510966615663
19203.2   0.0001510682139433
19204.1   0.0001510397663202
19205.0   0.0001510113186972
19205.9   0.0001509828825127
19206.8   0.0001509544348896
19207.7   0.0001509259872666
19208.6   0.0001508975396435
19209.5   0.0001508691034590
19210.4   0.0001508406558360
19211.3   0.0001508122082129
19212.2   0.0001507837605899
19213.1   0.0001507553129669
19214.0   0.0001507268767823
19214.9   0.0001506984291593
19215.8   0.0001506699815363
19216.7   0.0001506415339132
19217.6   0.0001506130862902
19218.5   0.0001505846501057
19219.4   0.0001505562024826
19220.3   0.0001505277548596
19221.2   0.0001504993072365
19222.1   0.0001504708710520
19223.0   0.0001504424234290
19223.9   0.0001504139758059
19224.8   0.0001503855281829
19225.7   0.0001503570805598
19226.6   0.0001503286443753
19227.5   0.0001503001967523
19228.4   0.0001502717491292
19229.3   0.0001502433015062
19230.2   0.0001502148653217
19231.1   0.0001501864176986
19232.0   0.0001501579700756
19232.9   0.0001501295224526
19233.8   0.0001501010748295
19234.7   0.0001500726386450
19235.6   0.0001500441910220
19236.5   0.0001500157433989
19237.4   0.0001499872957759
19238.3   0.0001499588595914
19239.2   0.0001499304119683
19240.1   0.0001499019643453
19241.0   0.0001498735167222
19241.9   0.0001498450690992
19242.8   0.0001498166329147
19243.7   0.0001497881852916
19244.6   0.0001497597376686
19245.5   0.0001497312900455
19246.4   0.0001497028538610
19247.3   0.0001496744062380
19248.2   0.0001496459586149
19249.1   0.0001496175109919
19250.0   0.0001495890633688
19250.9   0.0001495606271843
19251.8   0.0001495321795613
19252.7   0.0001495037319382
19253.6   0.0001494752843152
19254.5   0.0001494468366922
19255.4   0.0001494184005076
19256.3   0.0001493899528846
19257.2   0.0001493615052616
19258.1   0.0001493330576385
19259.0   0.0001493046214540
19259.9   0.0001492761738310
19260.8   0.0001492477262079
19261.7   0.0001492192785849
19262.6   0.0001491908309618
19263.5   0.0001491623947773
19264.4   0.0001491339471543
19265.3   0.0001491054995312
19266.2   0.0001490770519082
19267.1   0.0001490486157237
19268.0   0.0001490201681006
19268.9   0.0001489917204776
19269.8   0.0001489632728545
19270.7   0.0001489348252315
19271.6   0.0001489063890470
19272.5   0.0001488779414239
19273.4   0.0001488494938009
19274.3   0.0001488210461779
19275.2   0.0001487926099933
19276.1   0.0001487641623703
19277.0   0.0001487357147473
19277.9   0.0001487072671242
19278.8   0.0001486788195012
19279.7   0.0001486503833167
19280.6   0.0001486219356936
19281.5   0.0001485934880706
19282.4   0.0001485650404475
19283.3   0.0001485366042630
19284.2   0.0001485081566400
19285.1   0.0001484797090169
19286.0   0.0001484512613939
19286.9   0.0001484228137708
19287.8   0.0001483943775863
19288.7   0.0001483659299633
19289.6   0.0001483374823402
19290.5   0.0001483090347172
19291.4   0.0001482805870941
19292.3   0.0001482521509096
19293.2   0.0001482237032866
19294.1   0.0001481952556635
19295.0   0.0001481668080405
19295.9   0.0001481383718560
19296.8   0.0001481099242329
19297.7   0.0001480814766099
19298.6   0.0001480530289869
19299.5   0.0001480245813638
19300.4   0.0001479961451793
19301.3   0.0001479676975563
19302.2   0.0001479392499332
19303.1   0.0001479108023102
19304.0   0.0001478823661257
19304.9   0.0001478539185026
19305.8   0.0001478254708796
19306.7   0.0001477970232565
19307.6   0.0001477685756335
19308.5   0.0001477401394490
19309.4   0.0001477116918259
19310.3   0.0001476832442029
19311.2   0.0001476547965798
19312.1   0.0001476263603953
19313.0   0.0001475979127723
19313.9   0.0001475694651492
19314.8   0.0001475410175262
19315.7   0.0001475125699032
19316.6   0.0001474841337186
19317.5   0.0001474556860956
19318.4   0.0001474272384726
19319.3   0.0001473987908495
19320.2   0.0001473703546650
19321.1   0.0001473419070420
19322.0   0.0001473134594189
19322.9   0.0001472850117959
19323.8   0.0001472565641728
19324.7   0.0001472281279883
19325.6   0.0001471996803653
19326.5   0.0001471712327422
19327.4   0.0001471427851192
19328.3   0.0001471143374961
19329.2   0.0001470859013116
19330.1   0.0001470574536886
19331.0   0.0001470290060655
19331.9   0.0001470005584425
19332.8   0.0001469721222580
19333.7   0.0001469436746349
19334.6   0.0001469152270119
19335.5   0.0001468867793888
19336.4   0.0001468583317658
19337.3   0.0001468298955813
19338.2   0.0001468014479582
19339.1   0.0001467730003352
19340.0   0.0001467445527122
19340.9   0.0001467161165276
19341.8   0.0001466876689046
19342.7   0.0001466592212816
19343.6   0.0001466307736585
19344.5   0.0001466023374740
19345.4   0.0001465739356051
19346.3   0.0001465463573103
19347.2   0.0001465269461256
19348.1   0.0001465556110807
19349.0   0.0001467239519204
19349.9   0.0001470936108806
19350.8   0.0001475529135970
19351.7   0.0001480303806983
19352.6   0.0001486367600279
19353.5   0.0001491173269708
19354.4   0.0001487445338536
19355.3   0.0001474881486425
19356.2   0.0001464370507217
19357.1   0.0001464541055693
19358.0   0.0001474754633132
19358.9   0.0001490206828345
19359.8   0.0001506976513393
19360.7   0.0001521990498537
19361.6   0.0001529516479069
19362.5   0.0001518615560387
19363.4   0.0001467600404812
19364.3   0.0001359077469891
19365.2   0.0001239453899563
19366.1   0.0001199897062215
19367.0   0.0001258572944200
19367.9   0.0001349546887052
19368.8   0.0001417660471016
19369.7   0.0001457671417988
19370.6   0.0001480201088988
19371.5   0.0001489235582799
19372.4   0.0001488524563801
19373.3   0.0001484389764131
19374.2   0.0001485164152583
19375.1   0.0001495755773425
19376.0   0.0001510049474362
19376.9   0.0001512661691360
19377.8   0.0001489967877462
19378.7   0.0001446801154566
19379.6   0.0001411437224618
19380.5   0.0001403409664565
19381.4   0.0001414154904859
19382.3   0.0001426722989225
19383.2   0.0001426948671413
19384.1   0.0001413042050317
19385.0   0.0001400789326211
19385.9   0.0001402201527071
19386.8   0.0001408587200590
19387.7   0.0001399170774276
19388.6   0.0001359200548469
19389.5   0.0001297674528071
19390.4   0.0001260637484402
19391.3   0.0001292058095666
19392.2   0.0001367266313211
19393.1   0.0001420861429131
19394.0   0.0001420713528944
19394.9   0.0001377703285133
19395.8   0.0001325291027556
19396.7   0.0001304593237067
19397.6   0.0001337252183543
19398.5   0.0001403149781173
19399.4   0.0001458278346367
19400.3   0.0001479530676769
19401.2   0.0001477605229087
19402.1   0.0001471628139845
19403.0   0.0001470858898731
19403.9   0.0001473348952233
19404.8   0.0001473469514335
19405.7   0.0001468345053087
19406.6   0.0001455898445905
19407.5   0.0001438021168038
19408.4   0.0001432737368073
19409.3   0.0001452387618024
19410.2   0.0001477315376747
19411.1   0.0001486166053388
19412.0   0.0001481668881102
19412.9   0.0001473553473142
19413.8   0.0001466092234688
19414.7   0.0001468744600925
19415.6   0.0001484008060399
19416.5   0.0001489959298565
19417.4   0.0001479490870686
19418.3   0.0001471855080271
19419.2   0.0001470860843281
19420.1   0.0001465894004971
19421.0   0.0001459859723081
19421.9   0.0001458878526014
19422.8   0.0001456621246588
19423.7   0.0001449245339565
19424.6   0.0001443385952792
19425.5   0.0001443101819718
19426.4   0.0001446011095329
19427.3   0.0001450248612994
19428.2   0.0001453381740629
19429.1   0.0001448212211574
19430.0   0.0001429154019915
19430.9   0.0001399572724205
19431.8   0.0001373652215500
19432.7   0.0001364942232773
19433.6   0.0001368301728908
19434.5   0.0001371000993116
19435.4   0.0001380592200162
19436.3   0.0001409654644169
19437.2   0.0001437692539084
19438.1   0.0001436723466858
19439.0   0.0001414787913085
19439.9   0.0001395435179289
19440.8   0.0001383703251434
19441.7   0.0001369264738713
19442.6   0.0001344464977135
19443.5   0.0001307914757284
19444.4   0.0001261846308207
19445.3   0.0001211014512261
19446.2   0.0001175918015133
19447.1   0.0001195323594936
19448.0   0.0001273965544673
19448.9   0.0001355506932886
19449.8   0.0001384917108192
19450.7   0.0001360508315555
19451.6   0.0001322674578302
19452.5   0.0001317050253312
19453.4   0.0001348558026171
19454.3   0.0001384439549583
19455.2   0.0001405085752303
19456.1   0.0001418503719416
19457.0   0.0001428603941027
19457.9   0.0001426836001897
19458.8   0.0001419157431381
19459.7   0.0001421163177541
19460.6   0.0001434446513162
19461.5   0.0001451191262216
19462.4   0.0001459708734490
19463.3   0.0001452952452614
19464.2   0.0001440870162598
19465.1   0.0001434057031230
19466.0   0.0001428941492035
19466.9   0.0001418482443751
19467.8   0.0001401824513137
19468.7   0.0001383207619948
19469.6   0.0001378587140313
19470.5   0.0001402777800191
19471.4   0.0001433705753987
19472.3   0.0001438080648392
19473.2   0.0001427206381484
19474.1   0.0001431332259101
19475.0   0.0001447572683386
19475.9   0.0001458497851750
19476.8   0.0001458891222782
19477.7   0.0001444767727164
19478.6   0.0001413632850369
19479.5   0.0001379174737577
19480.4   0.0001372198378392
19481.3   0.0001399782392452
19482.2   0.0001422615298871
19483.1   0.0001421846057757
19484.0   0.0001428426643819
19484.9   0.0001453309334736
19485.8   0.0001469626740326
19486.7   0.0001467342237200
19487.6   0.0001457624748788
19488.5   0.0001445774889693
19489.4   0.0001435195279308
19490.3   0.0001425742821626
19491.2   0.0001408391716119
19492.1   0.0001387620833427
19493.0   0.0001388275803630
19493.9   0.0001416004972631
19494.8   0.0001443342943921
19495.7   0.0001447015398225
19496.6   0.0001427865355173
19497.5   0.0001406319283332
19498.4   0.0001407963000031
19499.3   0.0001432868453622
19500.2   0.0001452719220996
19501.1   0.0001445485609280
19502.0   0.0001412431804764
19502.9   0.0001369923598016
19503.8   0.0001332737167151
19504.7   0.0001303987223771
19505.6   0.0001290121209454
19506.5   0.0001304824638521
19507.4   0.0001354199737726
19508.3   0.0001423491261465
19509.2   0.0001469047493188
19510.1   0.0001462940004709
19511.0   0.0001434416658600
19511.9   0.0001425850343804
19512.8   0.0001436672336631
19513.7   0.0001438256801747
19514.6   0.0001420554762154
19515.5   0.0001401124131971
19516.4   0.0001401376008392
19517.3   0.0001417356549285
19518.2   0.0001423766358101
19519.1   0.0001411674459721
19520.0   0.0001403664057462
19520.9   0.0001422651559009
19521.8   0.0001450601491631
19522.7   0.0001449889100009
19523.6   0.0001420785248524
19524.5   0.0001402002496657
19525.4   0.0001420354931042
19526.3   0.0001453993130034
19527.2   0.0001460588929341
19528.1   0.0001426820445497
19529.0   0.0001368513913631
19529.9   0.0001311556556329
19530.8   0.0001288878184445
19531.7   0.0001321959784589
19532.6   0.0001379508285099
19533.5   0.0001400928418730
19534.4   0.0001390182263354
19535.3   0.0001402418630363
19536.2   0.0001435156273922
19537.1   0.0001439763828018
19538.0   0.0001406444649616
19538.9   0.0001371000306804
19539.8   0.0001366117656072
19540.7   0.0001381758587022
19541.6   0.0001395800640309
19542.5   0.0001406675364757
19543.4   0.0001405222442731
19544.3   0.0001398589696974
19545.2   0.0001418015637359
19546.1   0.0001448093365252
19547.0   0.0001442770559901
19547.9   0.0001399345898164
19548.8   0.0001360605085515
19549.7   0.0001367457107884
19550.6   0.0001406991182559
19551.5   0.0001419472677256
19552.4   0.0001380112811387
19553.3   0.0001329360856377
19554.2   0.0001317915120532
19555.1   0.0001355337299492
19556.0   0.0001406016047913
19556.9   0.0001430797279073
19557.8   0.0001417527784073
19558.7   0.0001385595984922
19559.6   0.0001377584667581
19560.5   0.0001407639060874
19561.4   0.0001432821212495
19562.3   0.0001423507046636
19563.2   0.0001402066209267
19564.1   0.0001386347610701
19565.0   0.0001386989655365
19565.9   0.0001415486349701
19566.8   0.0001444778136226
19567.7   0.0001445374884314
19568.6   0.0001419286114839
19569.5   0.0001375035820037
19570.4   0.0001349540023935
19571.3   0.0001387240616704
19572.2   0.0001451495984643
19573.1   0.0001465399746108
19574.0   0.0001419468216230
19574.9   0.0001359223654299
19575.8   0.0001334774026111
19576.7   0.0001369730858793
19577.6   0.0001426720815904
19578.5   0.0001450175177634
19579.4   0.0001432373165292
19580.3   0.0001392607002852
19581.2   0.0001363046296496
19582.1   0.0001382546015398
19583.0   0.0001433725199487
19583.9   0.0001455317940529
19584.8   0.0001429579304444
19585.7   0.0001387967764029
19586.6   0.0001366623811005
19587.5   0.0001383353003659
19588.4   0.0001415783637084
19589.3   0.0001429173236644
19590.2   0.0001430892562024
19591.1   0.0001430171591505
19592.0   0.0001410605986674
19592.9   0.0001398501505911
19593.8   0.0001434632846809
19594.7   0.0001481280771794
19595.6   0.0001480314787971
19596.5   0.0001438462809665
19597.4   0.0001393335637186
19598.3   0.0001372163033335
19599.2   0.0001384711100275
19600.1   0.0001409768457539
19601.0   0.0001417865563851
19601.9   0.0001409912583011
19602.8   0.0001399828718497
19603.7   0.0001392257898930
19604.6   0.0001392456471803
19605.5   0.0001397464031279
19606.4   0.0001389713169256
19607.3   0.0001371662025740
19608.2   0.0001375722589352
19609.1   0.0001414466147248
19610.0   0.0001450853711208
19610.9   0.0001448161424503
19611.8   0.0001414861577215
19612.7   0.0001382890429523
19613.6   0.0001377641860229
19614.5   0.0001397140320892
19615.4   0.0001413552666277
19616.3   0.0001411399706241
19617.2   0.0001396222264509
19618.1   0.0001374735787406
19619.0   0.0001363850196355
19619.9   0.0001382606753990
19620.8   0.0001413098899809
19621.7   0.0001423066205706
19622.6   0.0001413123607032
19623.5   0.0001394302879247
19624.4   0.0001366855898770
19625.3   0.0001348845247649
19626.2   0.0001374371699010
19627.1   0.0001434251257462
19628.0   0.0001470512883211
19628.9   0.0001456531339746
19629.8   0.0001415243624103
19630.7   0.0001369873268486
19631.6   0.0001344788001210
19632.5   0.0001362754728378
19633.4   0.0001401386874995
19634.3   0.0001417603621524
19635.2   0.0001409606259189
19636.1   0.0001395189937215
19637.0   0.0001371901091008
19637.9   0.0001348305577823
19638.8   0.0001357286310546
19639.7   0.0001396073563624
19640.6   0.0001420673379705
19641.5   0.0001418232740651
19642.4   0.0001409533166985
19643.3   0.0001394320037041
19644.2   0.0001368916435487
19645.1   0.0001364121175120
19646.0   0.0001393957206883
19646.9   0.0001420584845486
19647.8   0.0001416445927946
19648.7   0.0001392980813999
19649.6   0.0001362602252779
19650.5   0.0001333002083496
19651.4   0.0001331700836372
19652.3   0.0001375226271554
19653.2   0.0001422516469975
19654.1   0.0001429849253742
19655.0   0.0001408561463898
19655.9   0.0001381679432397
19656.8   0.0001353952322332
19657.7   0.0001339168594787
19658.6   0.0001359966472409
19659.5   0.0001402058545452
19660.4   0.0001422942212046
19661.3   0.0001415028350977
19662.2   0.0001397219475517
19663.1   0.0001372468556460
19664.0   0.0001345276655193
19664.9   0.0001340521658450
19665.8   0.0001365420134538
19666.7   0.0001390947043441
19667.6   0.0001397575099401
19668.5   0.0001392551411599
19669.4   0.0001378310442283
19670.3   0.0001351832076490
19671.2   0.0001333198368663
19672.1   0.0001348581475157
19673.0   0.0001382449817364
19673.9   0.0001399908902589
19674.8   0.0001397799980892
19675.7   0.0001386954195924
19676.6   0.0001365942646569
19677.5   0.0001341727965779
19678.4   0.0001342573273114
19679.3   0.0001376995354538
19680.2   0.0001408922006350
19681.1   0.0001411974263581
19682.0   0.0001399063252098
19682.9   0.0001382506209315
19683.8   0.0001360151547818
19684.7   0.0001340982745577
19685.6   0.0001347654839876
19686.5   0.0001378699009132
19687.4   0.0001400450745735
19688.3   0.0001397566634889
19689.2   0.0001384969496658
19690.1   0.0001371779041898
19691.0   0.0001356891795661
19691.9   0.0001349406879451
19692.8   0.0001363395057263
19693.7   0.0001387770678164
19694.6   0.0001394840146981
19695.5   0.0001384458537542
19696.4   0.0001375979841883
19697.3   0.0001370906854018
19698.2   0.0001359954118797
19699.1   0.0001350567661431
19700.0   0.0001359158569066
19700.9   0.0001377266218918
19701.8   0.0001382352132321
19702.7   0.0001377093382736
19703.6   0.0001375389728142
19704.5   0.0001373582440470
19705.4   0.0001363801239448
19706.3   0.0001354926541895
19707.2   0.0001359713566521
19708.1   0.0001368574423453
19709.0   0.0001369755451631
19709.9   0.0001375148032012
19710.8   0.0001387711312196
19711.7   0.0001390244145799
19712.6   0.0001378198687849
19713.5   0.0001370468872720
19714.4   0.0001386843814113
19715.3   0.0001413164900124
19716.2   0.0001418149582541
19717.1   0.0001406055853996
19718.0   0.0001398735080685
19718.9   0.0001390421328622
19719.8   0.0001365858344606
19720.7   0.0001335384042893
19721.6   0.0001325207983831
19722.5   0.0001339161159743
19723.4   0.0001356947272529
19724.3   0.0001369228021033
19725.2   0.0001379411057598
19726.1   0.0001384447442168
19727.0   0.0001377243799400
19727.9   0.0001359954576339
19728.8   0.0001349646631030
19729.7   0.0001358316006978
19730.6   0.0001371478437340
19731.5   0.0001372204669583
19732.4   0.0001366605166202
19733.3   0.0001365407094615
19734.2   0.0001365913821475
19735.1   0.0001361604584229
19736.0   0.0001357619400527
19736.9   0.0001364556639941
19737.8   0.0001377921989818
19738.7   0.0001384710642734
19739.6   0.0001386415555566
19740.5   0.0001395803042400
19741.4   0.0001411429217647
19742.3   0.0001412022305405
19743.2   0.0001391317194258
19744.1   0.0001372092343222
19745.0   0.0001370291575512
19745.9   0.0001375435253490
19746.8   0.0001375259672061
19747.7   0.0001371888851781
19748.6   0.0001370044045732
19749.5   0.0001369345494731
19750.4   0.0001367240805290
19751.3   0.0001365324279661
19752.2   0.0001369958371146
19753.1   0.0001379708230596
19754.0   0.0001384271746354
19754.9   0.0001381320720110
19755.8   0.0001378299003753
19756.7   0.0001381604624414
19757.6   0.0001389343247210
19758.5   0.0001391118621385
19759.4   0.0001384800549576
19760.3   0.0001381523182083
19761.2   0.0001382767465330
19762.1   0.0001379573141562
19763.0   0.0001372365037767
19763.9   0.0001367799691845
19764.8   0.0001367168399398
19765.7   0.0001366928533433
19766.6   0.0001365262054060
19767.5   0.0001365623282824
19768.4   0.0001369237858168
19769.3   0.0001370014534326
19770.2   0.0001365582561658
19771.1   0.0001361447647604
19772.0   0.0001359935016453
19772.9   0.0001353479453519
19773.8   0.0001328379201769
19774.7   0.0001280523482447
19775.6   0.0001235594768456
19776.5   0.0001228568308511
19777.4   0.0001260590929587
19778.3   0.0001304460092583
19779.2   0.0001337341175303
19780.1   0.0001355509563747
19781.0   0.0001367286673794
19781.9   0.0001381980494496
19782.8   0.0001399703237828
19783.7   0.0001407950646419
19784.6   0.0001399700263810
19785.5   0.0001383661043260
19786.4   0.0001369822824570
19787.3   0.0001360357555735
19788.2   0.0001354509378722
19789.1   0.0001349581317027
19790.0   0.0001342621886865
19790.9   0.0001336490606244
19791.8   0.0001337625537148
19792.7   0.0001346496459986
19793.6   0.0001356906894520
19794.5   0.0001366625755555
19795.4   0.0001379397331363
19796.3   0.0001395433349124
19797.2   0.0001408945684107
19798.1   0.0001415460155468
19799.0   0.0001410603698968
19799.9   0.0001394564592803
19800.8   0.0001380547361126
19801.7   0.0001379626330725
19802.6   0.0001387812428797
19803.5   0.0001393522657145
19804.4   0.0001391790177456
19805.3   0.0001385055514400
19806.2   0.0001375242743037
19807.1   0.0001365772212479
19808.0   0.0001361327886199
19808.9   0.0001361396631762
19809.8   0.0001361725947028
19810.7   0.0001359031029461
19811.6   0.0001351850835679
19812.5   0.0001341692620722
19813.4   0.0001333314355353
19814.3   0.0001330685323716
19815.2   0.0001333129279944
19816.1   0.0001337666372699
19817.0   0.0001342697838701
19817.9   0.0001347984040757
19818.8   0.0001352266054302
19819.7   0.0001353780973159
19820.6   0.0001353380510238
19821.5   0.0001355362464257
19822.4   0.0001362936257842
19823.3   0.0001372447852722
19824.2   0.0001375889019958
19825.1   0.0001371327334365
19826.0   0.0001365635636435
19826.9   0.0001364608342095
19827.8   0.0001367565545145
19828.7   0.0001371592021939
19829.6   0.0001372305443028
19830.5   0.0001364952184294
19831.4   0.0001353041357836
19832.3   0.0001345167874777
19833.2   0.0001343262673291
19834.1   0.0001343717126071
19835.0   0.0001344787314898
19835.9   0.0001347301961239
19836.8   0.0001351031836961
19837.7   0.0001354097019731
19838.6   0.0001353982748820
19839.5   0.0001349404019818
19840.4   0.0001342905791169
19841.3   0.0001338586259247
19842.2   0.0001337790595130
19843.1   0.0001338766416088
19844.0   0.0001338810683197
19844.9   0.0001336946431648
19845.8   0.0001335390334085
19846.7   0.0001337347695265
19847.6   0.0001342715454037
19848.5   0.0001347671196973
19849.4   0.0001348316901968
19850.3   0.0001342407528821
19851.2   0.0001328763765134
19852.1   0.0001311298617487
19853.0   0.0001303241774799
19853.9   0.0001313015883932
19854.8   0.0001330624013198
19855.7   0.0001341590245883
19856.6   0.0001343283948956
19857.5   0.0001340738418586
19858.4   0.0001333924829676
19859.3   0.0001315204417795
19860.2   0.0001283126891777
19861.1   0.0001253145361918
19862.0   0.0001247032154174
19862.9   0.0001269425363516
19863.8   0.0001303169254521
19864.7   0.0001331375867746
19865.6   0.0001349190805627
19866.5   0.0001361680993607
19867.4   0.0001378574443545
19868.3   0.0001400273448527
19869.2   0.0001412756544618
19870.1   0.0001406078502284
19871.0   0.0001384238345848
19871.9   0.0001357304612193
19872.8   0.0001337929115723
19873.7   0.0001332085857277
19874.6   0.0001334368987779
19875.5   0.0001337237199069
19876.4   0.0001337678039999
19877.3   0.0001337223472834
19878.2   0.0001338720661969
19879.1   0.0001342632867853
19880.0   0.0001346478043954
19880.9   0.0001348217958687
19881.8   0.0001347515747357
19882.7   0.0001344400006287
19883.6   0.0001339733314992
19884.5   0.0001335612012788
19885.4   0.0001333645729554
19886.3   0.0001333171144963
19887.2   0.0001332513200742
19888.1   0.0001331146753999
19889.0   0.0001329521910874
19889.9   0.0001328221006905
19890.8   0.0001328228899491
19891.7   0.0001330594730562
19892.6   0.0001334516087270
19893.5   0.0001337709152799
19894.4   0.0001339104767792
19895.3   0.0001340657319411
19896.2   0.0001344698437523
19897.1   0.0001348657884534
19898.0   0.0001347822757490
19898.9   0.0001346168288573
19899.8   0.0001354127903760
19900.7   0.0001368210106286
19901.6   0.0001369508036236
19902.5   0.0001353603218409
19903.4   0.0001337668546019
19904.3   0.0001334376880365
19905.2   0.0001343244142874
19906.1   0.0001356286468676
19907.0   0.0001360251634952
19907.9   0.0001350114466890
19908.8   0.0001336144361954
19909.7   0.0001327298031954
19910.6   0.0001322721133117
19911.5   0.0001319520632543
19912.4   0.0001317130780560
19913.3   0.0001315377825903
19914.2   0.0001312245155809
19915.1   0.0001305783644840
19916.0   0.0001298633991931
19916.9   0.0001296915238478
19917.8   0.0001302519774812
19918.7   0.0001310713879856
19919.6   0.0001316393338558
19920.5   0.0001319348940214
19921.4   0.0001321366696830
19922.3   0.0001322727081152
19923.2   0.0001323013387548
19924.1   0.0001321444707602
19925.0   0.0001316500517580
19925.9   0.0001306758436330
19926.8   0.0001293093625748
19927.7   0.0001279898709962
19928.6   0.0001274388655882
19929.5   0.0001279584036013
19930.4   0.0001288218410060
19931.3   0.0001290264305459
19932.2   0.0001284450558419
19933.1   0.0001279728390256
19934.0   0.0001284527425338
19934.9   0.0001296672627266
19935.8   0.0001307834001265
19936.7   0.0001314945563870
19937.6   0.0001319970738682
19938.5   0.0001324287410971
19939.4   0.0001329776990083
19940.3   0.0001336877114158
19941.2   0.0001338801074832
19942.1   0.0001329946966632
19943.0   0.0001317592439613
19943.9   0.0001311213743598
19944.8   0.0001311398475850
19945.7   0.0001314449589228
19946.6   0.0001316652535638
19947.5   0.0001316128994140
19948.4   0.0001313888872509
19949.3   0.0001311548206202
19950.2   0.0001310094941020
19951.1   0.0001309640488241
19952.0   0.0001309939948945
19952.9   0.0001312603410555
19953.8   0.0001319645426901
19954.7   0.0001330576772071
19955.6   0.0001339346692693
19956.5   0.0001337275518143
19957.4   0.0001325914198647
19958.3   0.0001315613116456
19959.2   0.0001309517524048
19960.1   0.0001303192017195
19961.0   0.0001297070230554
19961.9   0.0001295929237229
19962.8   0.0001301613843270
19963.7   0.0001314266687140
19964.6   0.0001328318920719
19965.5   0.0001332606882299
19966.4   0.0001327050959716
19967.3   0.0001320090500086
19968.2   0.0001311760734082
19969.1   0.0001300039215289
19970.0   0.0001291965672347
19970.9   0.0001292783069670
19971.8   0.0001294676260700
19972.7   0.0001291277987949
19973.6   0.0001289924466745
19974.5   0.0001294735169127
19975.4   0.0001297630947273
19976.3   0.0001298114339533
19977.2   0.0001305892768412
19978.1   0.0001318820365763
19979.0   0.0001326506142552
19979.9   0.0001332910117718
19980.8   0.0001343309342492
19981.7   0.0001343862052241
19982.6   0.0001324673575729
19983.5   0.0001302347624942
19984.4   0.0001298659271082
19985.3   0.0001308964585528
19986.2   0.0001310614021492
19987.1   0.0001299401059724
19988.0   0.0001292155780709
19988.9   0.0001295129226471
19989.8   0.0001295305837367
19990.7   0.0001285982520685
19991.6   0.0001279757215351
19992.5   0.0001286663113194
19993.4   0.0001294719841497
19994.3   0.0001288001077998
19995.2   0.0001273534426493
19996.1   0.0001269434628725
19997.0   0.0001275621614984
19997.9   0.0001275350064292
19998.8   0.0001264074991309
19999.7   0.0001256852131811
20000.6   0.0001264391495422
20001.5   0.0001275536969865
20002.4   0.0001272983661295
20003.3   0.0001260646406455
20004.2   0.0001255704732910
20005.1   0.0001262285204587
20006.0   0.0001266938169646
20006.9   0.0001259443301915
20007.8   0.0001249977461153
20008.7   0.0001254274344787
20009.6   0.0001270992213296
20010.5   0.0001282499145274
20011.4   0.0001276925836126
20012.3   0.0001262735768267
20013.2   0.0001254853477539
20014.1   0.0001256801459125
20015.0   0.0001259058738551
20015.9   0.0001253236412614
20016.8   0.0001245797021751
20017.7   0.0001247279569569
20018.6   0.0001256250808311
20019.5   0.0001261970873794
20020.4   0.0001259406126694
20021.3   0.0001255371871699
20022.2   0.0001255393376135
20023.1   0.0001258358814926
20024.0   0.0001261801697942
20024.9   0.0001262829335438
20025.8   0.0001263335032831
20026.7   0.0001268300384132
20027.6   0.0001271244204103
20028.5   0.0001260660475846
20029.4   0.0001241706146035
20030.3   0.0001229506611092
20031.2   0.0001227770814229
20032.1   0.0001228701910536
20033.0   0.0001227107379514
20033.9   0.0001223858722731
20034.8   0.0001220379693962
20035.7   0.0001218625824223
20036.6   0.0001220299395484
20037.5   0.0001224710435643
20038.4   0.0001229302318954
20039.3   0.0001229865437764
20040.2   0.0001225992237266
20041.1   0.0001223341243653
20042.0   0.0001223659577931
20042.9   0.0001222926940112
20043.8   0.0001218371316940
20044.7   0.0001210626517338
20045.6   0.0001205559134352
20046.5   0.0001208477103246
20047.4   0.0001215082396532
20048.3   0.0001217380397123
20049.2   0.0001212271492275
20050.1   0.0001203289615700
20051.0   0.0001198868280865
20051.9   0.0001202828414188
20052.8   0.0001208320624161
20053.7   0.0001207631795911
20054.6   0.0001203033964564
20055.5   0.0001200542309668
20056.4   0.0001202412280482
20057.3   0.0001210248931476
20058.2   0.0001220568429700
20059.1   0.0001226612319954
20060.0   0.0001231706583484
20060.9   0.0001247168158291
20061.8   0.0001274900415695
20062.7   0.0001297488880736
20063.6   0.0001294259669453
20064.5   0.0001268387431342
20065.4   0.0001239420384671
20066.3   0.0001218107887604
20067.2   0.0001207533653327
20068.1   0.0001210050472988
20069.0   0.0001222781899557
20069.9   0.0001235423076127
20070.8   0.0001237294877106
20071.7   0.0001228579403885
20072.6   0.0001220188556133
20073.5   0.0001220311177170
20074.4   0.0001229043808185
20075.3   0.0001242032029743
20076.2   0.0001249340792598
20077.1   0.0001243127154564
20078.0   0.0001231210837613
20078.9   0.0001225613278782
20079.8   0.0001227033029072
20080.7   0.0001233896947512
20081.6   0.0001245050428926
20082.5   0.0001253418857160
20083.4   0.0001253961501003
20084.3   0.0001251623008018
20085.2   0.0001251358434829
20086.1   0.0001250426652210
20087.0   0.0001248606095843
20087.9   0.0001250727256767
20088.8   0.0001257295031676
20089.7   0.0001263994578446
20090.6   0.0001268899534311
20091.5   0.0001271441518738
20092.4   0.0001267063307159
20093.3   0.0001256310403051
20094.2   0.0001249907114197
20095.1   0.0001251381655044
20096.0   0.0001256063559582
20096.9   0.0001263565404816
20097.8   0.0001269925227258
20098.7   0.0001266321289746
20099.6   0.0001252821880302
20100.5   0.0001237030532688
20101.4   0.0001227121906447
20102.3   0.0001229479730547
20103.2   0.0001242208640639
20104.1   0.0001254907696169
20105.0   0.0001256158041837
20105.9   0.0001239985791188
20106.8   0.0001213966224816
20107.7   0.0001196699993199
20108.6   0.0001200084654100
20109.5   0.0001219378593854
20110.4   0.0001240595579199
20111.3   0.0001250111406335
20112.2   0.0001240225657153
20113.1   0.0001217353287808
20114.0   0.0001197726829999
20114.9   0.0001189237496507
20115.8   0.0001191995783528
20116.7   0.0001206537814942
20117.6   0.0001224002505047
20118.5   0.0001227364288888
20119.4   0.0001210328886798
20120.3   0.0001181823842336
20121.2   0.0001158366049048
20122.1   0.0001154923852344
20123.0   0.0001173949672965
20123.9   0.0001202924955377
20124.8   0.0001223151020906
20125.7   0.0001221268353324
20126.6   0.0001195601665590
20127.5   0.0001160106764478
20128.4   0.0001141638995399
20129.3   0.0001154979100442
20130.2   0.0001186609265568
20131.1   0.0001215634419969
20132.0   0.0001230135158292
20132.9   0.0001222857851393
20133.8   0.0001194099329116
20134.7   0.0001161062110468
20135.6   0.0001149767134443
20136.5   0.0001167875127451
20137.4   0.0001199987884139
20138.3   0.0001229886484659
20139.2   0.0001245672913705
20140.1   0.0001237768432230
20141.0   0.0001209007050321
20141.9   0.0001178212812936
20142.8   0.0001167936781125
20143.7   0.0001184052525438
20144.6   0.0001212702381684
20145.5   0.0001238076014291
20146.4   0.0001250003884157
20147.3   0.0001241875207502
20148.2   0.0001215053571437
20149.1   0.0001183836566000
20150.0   0.0001171507661287
20150.9   0.0001188117435692
20151.8   0.0001217152655999
20152.7   0.0001237871607767
20153.6   0.0001243135733461
20154.5   0.0001231566461497
20155.4   0.0001202166580867
20156.3   0.0001164498931063
20157.2   0.0001143712480531
20158.1   0.0001154753532639
20159.0   0.0001184119898377
20159.9   0.0001213108678255
20160.8   0.0001233444668053
20161.7   0.0001239346720541
20162.6   0.0001225734870351
20163.5   0.0001198841972247
20164.4   0.0001179490725460
20165.3   0.0001183915949395
20166.2   0.0001208270866558
20167.1   0.0001239275229731
20168.0   0.0001266239961801
20168.9   0.0001279041163400
20169.8   0.0001268703249144
20170.7   0.0001237300367600
20171.6   0.0001201682502295
20172.5   0.0001179330586046
20173.4   0.0001175333849428
20174.3   0.0001185788207915
20175.2   0.0001205077915413
20176.1   0.0001225485167250
20177.0   0.0001235661340698
20177.9   0.0001227325054732
20178.8   0.0001203197421152
20179.7   0.0001177908891205
20180.6   0.0001169342690795
20181.5   0.0001183400872408
20182.4   0.0001210584423549
20183.3   0.0001238177931589
20184.2   0.0001258432250286
20185.1   0.0001266238474792
20186.0   0.0001253598327689
20186.9   0.0001219028117308
20187.8   0.0001183606651555
20188.7   0.0001172440702144
20189.6   0.0001186556533946
20190.5   0.0001209939519252
20191.4   0.0001229959576863
20192.3   0.0001243472140616
20193.2   0.0001246638783142
20194.1   0.0001231808157627
20195.0   0.0001204775709462
20195.9   0.0001187401498126
20196.8   0.0001192359414383
20197.7   0.0001210720198895
20198.6   0.0001230690155747
20199.5   0.0001250799891430
20200.4   0.0001268635418663
20201.3   0.0001275469025000
20202.2   0.0001264419748590
20203.1   0.0001239003564654
20204.0   0.0001216441751386
20204.9   0.0001209694505948
20205.8   0.0001214996035634
20206.7   0.0001227228627928
20207.6   0.0001243696221410
20208.5   0.0001256839778199
20209.4   0.0001258447577916
20210.3   0.0001244013068679
20211.2   0.0001217525437678
20212.1   0.0001194131471384
20213.0   0.0001188926597273
20213.9   0.0001202531813116
20214.8   0.0001225114101351
20215.7   0.0001248809930440
20216.6   0.0001267554820775
20217.5   0.0001275935145080
20218.4   0.0001270787234846
20219.3   0.0001249768136062
20220.2   0.0001219298180991
20221.1   0.0001198963335046
20222.0   0.0001201324361934
20222.9   0.0001218000022270
20223.8   0.0001235895830554
20224.7   0.0001250636206071
20225.6   0.0001261079126029
20226.5   0.0001265363084124
20227.4   0.0001260248574397
20228.3   0.0001245889902611
20229.2   0.0001235396538739
20230.1   0.0001241440085837
20231.0   0.0001257390543398
20231.9   0.0001269755365094
20232.8   0.0001273094615031
20233.7   0.0001268991728860
20234.6   0.0001262786326567
20235.5   0.0001255412592865
20236.4   0.0001241881727464
20237.3   0.0001224131874817
20238.2   0.0001215941201332
20239.1   0.0001225272868142
20240.0   0.0001243352264826
20240.9   0.0001259052790515
20241.8   0.0001268762958268
20242.7   0.0001273531223705
20243.6   0.0001273954563685
20244.5   0.0001267381755822
20245.4   0.0001251897418342
20246.3   0.0001233320102466
20247.2   0.0001224771974932
20248.1   0.0001230065726417
20249.0   0.0001239045200901
20249.9   0.0001245284804397
20250.8   0.0001250517817290
20251.7   0.0001256022380876
20252.6   0.0001260573199866
20253.5   0.0001261784883303
20254.4   0.0001256200478781
20255.3   0.0001245343598439
20256.2   0.0001237996516510
20257.1   0.0001236958813107
20258.0   0.0001237218582114
20258.9   0.0001237635859673
20259.8   0.0001239382866294
20260.7   0.0001241765397618
20261.6   0.0001244525171648
20262.5   0.0001246222306281
20263.4   0.0001243747694793
20264.3   0.0001239263562431
20265.2   0.0001239520128649
20266.1   0.0001244079068995
20267.0   0.0001246405894680
20267.9   0.0001244983742299
20268.8   0.0001242733325991
20269.7   0.0001242221337407
20270.6   0.0001244295943516
20271.5   0.0001247316287249
20272.4   0.0001248476726074
20273.3   0.0001247860646871
20274.2   0.0001249666676305
20275.1   0.0001255067263657
20276.0   0.0001258996284179
20276.9   0.0001258230017083
20277.8   0.0001254802690468
20278.7   0.0001251712228548
20279.6   0.0001251454861633
20280.5   0.0001255227974997
20281.4   0.0001259402008823
20282.3   0.0001258962998058
20283.2   0.0001256435883720
20284.1   0.0001257958123235
20285.0   0.0001262592100335
20285.9   0.0001265502748570
20286.8   0.0001265182355357
20287.7   0.0001262079082284
20288.6   0.0001257832642566
20289.5   0.0001255372100470
20290.4   0.0001255206928103
20291.3   0.0001254044087187
20292.2   0.0001249624010590
20293.1   0.0001244173208093
20294.0   0.0001240916429954
20294.9   0.0001240232977812
20295.8   0.0001240942509801
20296.7   0.0001241922219859
20297.6   0.0001242273725873
20298.5   0.0001241775349139
20299.4   0.0001240853861197
20300.3   0.0001240224627685
20301.2   0.0001240341415072
20302.1   0.0001241853016755
20303.0   0.0001244960979625
20303.9   0.0001247959132611
20304.8   0.0001248988028346
20305.7   0.0001247805627544
20306.6   0.0001245577630754
20307.5   0.0001244719283495
20308.4   0.0001247141163361
20309.3   0.0001251347339455
20310.2   0.0001253424462040
20311.1   0.0001252089242483
20312.0   0.0001249959502662
20312.9   0.0001249015023275
20313.8   0.0001247851610433
20314.7   0.0001244729921327
20315.6   0.0001240786373872
20316.5   0.0001238998417315
20317.4   0.0001241193471140
20318.3   0.0001245874117440
20319.2   0.0001250103399364
20320.1   0.0001252492221880
20321.0   0.0001252407576761
20321.9   0.0001250005714322
20322.8   0.0001246298944429
20323.7   0.0001241685556682
20324.6   0.0001238124628041
20325.5   0.0001238787376445
20326.4   0.0001243349633964
20327.3   0.0001248354333807
20328.2   0.0001251065379701
20329.1   0.0001251080821716
20330.0   0.0001248827202620
20330.9   0.0001244688857006
20331.8   0.0001240483367224
20332.7   0.0001238696325749
20333.6   0.0001240799413796
20334.5   0.0001246265887078
20335.4   0.0001251624609412
20336.3   0.0001253200266860
20337.2   0.0001250625110698
20338.1   0.0001246096711226
20339.0   0.0001242263431196
20339.9   0.0001240435782941
20340.8   0.0001240015874521
20341.7   0.0001240027313050
20342.6   0.0001240082789919
20343.5   0.0001240336267734
20344.4   0.0001241184663472
20345.3   0.0001241750870686
20346.2   0.0001240546279137
20347.1   0.0001238614540263
20348.0   0.0001238436899899
20348.9   0.0001240569956893
20349.8   0.0001243412088336
20350.7   0.0001244930324366
20351.6   0.0001244279929574
20352.5   0.0001241165446742
20353.4   0.0001235884277639
20354.3   0.0001231659685513
20355.2   0.0001232579228905
20356.1   0.0001237897573229
20357.0   0.0001242745450832
20357.9   0.0001245432018273
20358.8   0.0001249675026432
20359.7   0.0001259239124162
20360.6   0.0001270742052655
20361.5   0.0001275643119420
20362.4   0.0001270897845427
20363.3   0.0001261186876977
20364.2   0.0001252602489305
20365.1   0.0001246428542969
20366.0   0.0001240770817472
20366.9   0.0001234975143309
20367.8   0.0001229884311338
20368.7   0.0001227099143773
20369.6   0.0001227639614295
20370.5   0.0001230659271717
20371.4   0.0001233588450369
20372.3   0.0001234786293186
20373.2   0.0001234527782418
20374.1   0.0001232423893674
20375.0   0.0001228250088618
20375.9   0.0001223944397317
20376.8   0.0001221982460725
20377.7   0.0001223773963227
20378.6   0.0001227625544904
20379.5   0.0001229504780927
20380.4   0.0001227560688441
20381.3   0.0001224074796554
20382.2   0.0001224292471772
20383.1   0.0001230343225145
20384.0   0.0001236974827049
20384.9   0.0001239481352034
20385.8   0.0001238930586835
20386.7   0.0001237567800422
20387.6   0.0001236176875226
20388.5   0.0001234827471892
20389.4   0.0001234714802376
20390.3   0.0001236326719963
20391.2   0.0001236958698722
20392.1   0.0001235704235184
20393.0   0.0001234607165813
20393.9   0.0001233352473504
20394.8   0.0001231917509970
20395.7   0.0001232686636698
20396.6   0.0001235003854018
20397.5   0.0001236715515583
20398.4   0.0001238313821320
20399.3   0.0001239871977819
20400.2   0.0001239413635939
20401.1   0.0001236430009885
20402.0   0.0001233733948465
20402.9   0.0001233559854045
20403.8   0.0001233949679133
20404.7   0.0001232276794183
20405.6   0.0001229471037265
20406.5   0.0001226707145365
20407.4   0.0001225004634623
20408.3   0.0001227323796494
20409.2   0.0001232213310344
20410.1   0.0001234214137937
20411.0   0.0001233294708930
20411.9   0.0001232001926318
20412.8   0.0001229522167492
20413.7   0.0001226664937190
20414.6   0.0001226630392831
20415.5   0.0001228612461235
20416.4   0.0001229900439665
20417.3   0.0001229926061971
20418.2   0.0001229194453620
20419.1   0.0001230864021396
20420.0   0.0001237218810885
20420.9   0.0001242506156794
20421.8   0.0001239890165081
20422.7   0.0001231737810670
20423.6   0.0001224373227791
20424.5   0.0001221297521574
20425.4   0.0001225384508190
20426.3   0.0001234866706049
20427.2   0.0001240172124835
20428.1   0.0001236226289674
20429.0   0.0001228602166559
20429.9   0.0001222500969271
20430.8   0.0001218841097349
20431.7   0.0001218853222190
20432.6   0.0001221589776005
20433.5   0.0001223628350745
20434.4   0.0001223805762339
20435.3   0.0001222723448671
20436.2   0.0001220780042497
20437.1   0.0001219426864448
20438.0   0.0001220165335918
20438.9   0.0001222069507935
20439.8   0.0001223912941361
20440.7   0.0001225242327268
20441.6   0.0001224746581396
20442.5   0.0001222309030744
20443.4   0.0001220148635664
20444.3   0.0001219397696198
20445.2   0.0001219095261476
20446.1   0.0001219250596708
20447.0   0.0001220262677804
20447.9   0.0001220652388507
20448.8   0.0001219454888846
20449.7   0.0001218479868585
20450.6   0.0001218705779544
20451.5   0.0001218079977591
20452.4   0.0001216393595177
20453.3   0.0001216539093273
20454.2   0.0001219118481691
20455.1   0.0001221434097618
20456.0   0.0001221874938547
20456.9   0.0001220779813726
20457.8   0.0001219075930361
20458.7   0.0001218141288110
20459.6   0.0001218004597682
20460.5   0.0001217462754536
20461.4   0.0001216018868948
20462.3   0.0001214386819549
20463.2   0.0001214228967841
20464.1   0.0001214577957378
20465.0   0.0001212428200130
20465.9   0.0001208105465420
20466.8   0.0001204954264909
20467.7   0.0001206375845364
20468.6   0.0001211721985315
20469.5   0.0001215244251725
20470.4   0.0001213061437127
20471.3   0.0001207563050348
20472.2   0.0001205014774730
20473.1   0.0001207963742039
20474.0   0.0001211032356367
20474.9   0.0001209609060132
20475.8   0.0001205543234796
20476.7   0.0001203592050422
20477.6   0.0001206067233836
20478.5   0.0001208411560471
20479.4   0.0001206862440412
20480.3   0.0001203739607453
20481.2   0.0001200427466831
20482.1   0.0001198551433596
20483.0   0.0001200063721590
20483.9   0.0001202711969957
20484.8   0.0001203925826715
20485.7   0.0001202448998162
20486.6   0.0001198983123702
20487.5   0.0001198433502356
20488.4   0.0001202357032384
20489.3   0.0001205981902405
20490.2   0.0001206269467039
20491.1   0.0001203015777302
20492.0   0.0001198781348040
20492.9   0.0001197603408265
20493.8   0.0001198468618642
20494.7   0.0001198763847090
20495.6   0.0001198765906025
20496.5   0.0001198831334414
20497.4   0.0001201075230760
20498.3   0.0001205741578899
20499.2   0.0001206295089345
20500.1   0.0001202447739924
20501.0   0.0001200485688946
20501.9   0.0001198737080931
20502.8   0.0001196666821464
20503.7   0.0001199854625270
20504.6   0.0001205704174907
20505.5   0.0001208120106738
20506.4   0.0001205653730992
20507.3   0.0001198447228591
20508.2   0.0001192075853235
20509.1   0.0001191803501846
20510.0   0.0001193627146615
20510.9   0.0001195129940631
20511.8   0.0001197351074303
20512.7   0.0001197344211185
20513.6   0.0001195598462802
20514.5   0.0001195550764133
20515.4   0.0001195247871870
20516.3   0.0001193945595279
20517.2   0.0001192863967922
20518.1   0.0001189084563367
20519.0   0.0001184352443683
20519.9   0.0001185211591639
20520.8   0.0001189313677114
20521.7   0.0001191394917570
20522.6   0.0001192093125415
20523.5   0.0001189876452769
20524.4   0.0001183741854975
20525.3   0.0001180681247617
20526.2   0.0001183747917395
20527.1   0.0001188452927764
20528.0   0.0001192959136488
20528.9   0.0001194218861750
20529.8   0.0001187967819725
20530.7   0.0001178942133581
20531.6   0.0001175317721102
20532.5   0.0001177950069912
20533.4   0.0001184528368268
20534.3   0.0001190718442931
20535.2   0.0001189511678061
20536.1   0.0001182303231111
20537.0   0.0001178020416869
20537.9   0.0001178055189998
20538.8   0.0001180503492868
20539.7   0.0001186232137248
20540.6   0.0001189606732242
20541.5   0.0001184586933539
20542.4   0.0001177464504331
20543.3   0.0001176157537943
20544.2   0.0001178778905764
20545.1   0.0001183288202892
20546.0   0.0001188437828905
20546.9   0.0001186797086223
20547.8   0.0001175949013549
20548.7   0.0001166782175950
20549.6   0.0001167591337532
20550.5   0.0001175089865592
20551.4   0.0001183569705105
20552.3   0.0001186843869809
20553.2   0.0001180181841416
20554.1   0.0001169220641684
20555.0   0.0001164204503311
20555.9   0.0001166225005175
20556.8   0.0001172734214813
20557.7   0.0001182638036871
20558.6   0.0001188217637211
20559.5   0.0001181714947535
20560.4   0.0001168991070396
20561.3   0.0001161464746709
20562.2   0.0001164207706100
20563.1   0.0001179540826219
20564.0   0.0001204096489576
20564.9   0.0001225143612757
20565.8   0.0001229424024908
20566.7   0.0001214139175384
20567.6   0.0001190843580444
20568.5   0.0001175033016101
20569.4   0.0001173882871952
20570.3   0.0001181387462433
20571.2   0.0001183428896806
20572.1   0.0001174087049705
20573.0   0.0001162634908284
20573.9   0.0001158354267362
20574.8   0.0001161299459956
20575.7   0.0001169977529186
20576.6   0.0001180687996350
20577.5   0.0001185253571043
20578.4   0.0001179134300878
20579.3   0.0001167375149323
20580.2   0.0001158462132696
20581.1   0.0001157044670112
20582.0   0.0001164119057496
20582.9   0.0001174865098486
20583.8   0.0001180088388630
20584.7   0.0001175899370330
20585.6   0.0001167153585005
20586.5   0.0001159738672596
20587.4   0.0001156839806047
20588.3   0.0001161686654182
20589.2   0.0001172524546566
20590.1   0.0001180538494768
20591.0   0.0001179521495104
20591.9   0.0001172275072236
20592.8   0.0001165230653799
20593.7   0.0001162045824011
20594.6   0.0001164389578720
20595.5   0.0001170846399892
20596.4   0.0001176298346242
20597.3   0.0001176658431153
20598.2   0.0001172657004738
20599.1   0.0001167741182269
20600.0   0.0001162922587302
20600.9   0.0001157724576309
20601.8   0.0001154459448043
20602.7   0.0001156898256933
20603.6   0.0001164938513754
20604.5   0.0001173966601989
20605.4   0.0001179969771078
20606.3   0.0001181744802097
20607.2   0.0001179182457088
20608.1   0.0001174027798122
20609.0   0.0001170252968978
20609.9   0.0001169401141681
20610.8   0.0001171185437909
20611.7   0.0001176997697940
20612.6   0.0001184425764658
20613.5   0.0001185889782058
20614.4   0.0001177813265098
20615.3   0.0001165862632558
20616.2   0.0001157813224914
20617.1   0.0001156096187240
20618.0   0.0001161227282835
20618.9   0.0001171988994611
20619.8   0.0001181513400644
20620.7   0.0001181630874342
20621.6   0.0001171228446780
20622.5   0.0001158239424525
20623.4   0.0001151307904376
20624.3   0.0001153698557056
20625.2   0.0001164416688035
20626.1   0.0001178001314524
20627.0   0.0001184384471566
20627.9   0.0001176043610188
20628.8   0.0001157615567123
20629.7   0.0001141824574103
20630.6   0.0001137337559231
20631.5   0.0001145005846509
20632.4   0.0001159745878870
20633.3   0.0001174233348498
20634.2   0.0001180366688054
20635.1   0.0001171926082698
20636.0   0.0001153507190456
20636.9   0.0001140105397424
20637.8   0.0001144802011912
20638.7   0.0001167659396783
20639.6   0.0001194226639950
20640.5   0.0001209085518634
20641.4   0.0001204587202495
20642.3   0.0001180752166501
20643.2   0.0001150278779870
20644.1   0.0001130062471407
20645.0   0.0001127311127574
20645.9   0.0001138956603022
20646.8   0.0001156332507261
20647.7   0.0001169732287112
20648.6   0.0001170440904019
20649.5   0.0001156298877984
20650.4   0.0001136968986931
20651.3   0.0001125589102701
20652.2   0.0001128416981736
20653.1   0.0001143020895595
20654.0   0.0001161115642786
20654.9   0.0001173609491095
20655.8   0.0001172939193263
20656.7   0.0001158201334222
20657.6   0.0001139382104884
20658.5   0.0001128569560282
20659.4   0.0001131550200879
20660.3   0.0001146172462140
20661.2   0.0001162989502700
20662.1   0.0001172583226222
20663.0   0.0001170128517776
20663.9   0.0001155768130212
20664.8   0.0001136385438906
20665.7   0.0001122189056979
20666.6   0.0001121955974062
20667.5   0.0001136362950757
20668.4   0.0001154614554504
20669.3   0.0001165651019761
20670.2   0.0001165403032440
20671.1   0.0001153981317507
20672.0   0.0001136726524420
20672.9   0.0001123888525071
20673.8   0.0001124450351328
20674.7   0.0001137911395944
20675.6   0.0001154000877393
20676.5   0.0001164670165850
20677.4   0.0001166994703830
20678.3   0.0001157917887459
20679.2   0.0001139900098695
20680.1   0.0001123758949408
20681.0   0.0001119457947904
20681.9   0.0001128451446025
20682.8   0.0001144451764136
20683.7   0.0001159587569621
20684.6   0.0001166242277354
20685.5   0.0001158330932762
20686.4   0.0001139215765786
20687.3   0.0001121760043489
20688.2   0.0001116417735445
20689.1   0.0001123385790258
20690.0   0.0001136156748385
20690.9   0.0001148427911400
20691.8   0.0001155581567794
20692.7   0.0001154288670797
20693.6   0.0001144334404823
20694.5   0.0001129774540741
20695.4   0.0001117576641507
20696.3   0.0001112641465047
20697.2   0.0001114485596223
20698.1   0.0001121477042828
20699.0   0.0001133271070460
20699.9   0.0001144526800890
20700.8   0.0001145565648146
20701.7   0.0001135645205904
20702.6   0.0001125222143234
20703.5   0.0001123401907146
20704.4   0.0001132409783499
20705.3   0.0001149088715254
20706.2   0.0001165447299549
20707.1   0.0001172359831740
20708.0   0.0001165096823003
20708.9   0.0001146588367075
20709.8   0.0001127201397760
20710.7   0.0001117073231821
20711.6   0.0001119712214978
20712.5   0.0001131820550525
20713.4   0.0001144734753358
20714.3   0.0001151992500371
20715.2   0.0001152890996868
20716.1   0.0001148348413620
20717.0   0.0001140701585024
20717.9   0.0001133975592373
20718.8   0.0001130558011385
20719.7   0.0001131102920057
20720.6   0.0001135539136419
20721.5   0.0001142078864054
20722.4   0.0001148001597403
20723.3   0.0001149915492171
20724.2   0.0001144532291384
20725.1   0.0001133602215891
20726.0   0.0001124591594291
20726.9   0.0001123457269629
20727.8   0.0001130661838918
20728.7   0.0001141212475508
20729.6   0.0001148342465585
20730.5   0.0001149761072022
20731.4   0.0001145930422854
20732.3   0.0001137857760679
20733.2   0.0001130775000291
20734.1   0.0001129015136763
20735.0   0.0001130663554698
20735.9   0.0001133517124670
20736.8   0.0001136889088802
20737.7   0.0001140280841590
20738.6   0.0001144155734991
20739.5   0.0001146980708639
20740.4   0.0001144727203928
20741.3   0.0001136571440836
20742.2   0.0001127109329035
20743.1   0.0001122191630648
20744.0   0.0001124878220965
20744.9   0.0001133180294289
20745.8   0.0001141937838423
20746.7   0.0001147797419650
20747.6   0.0001149372733943
20748.5   0.0001146393111375
20749.4   0.0001141376252375
20750.3   0.0001137549274975
20751.2   0.0001136793988867
20752.1   0.0001139735669833
20753.0   0.0001144042722319
20753.9   0.0001146381329690
20754.8   0.0001145343168746
20755.7   0.0001141704526735
20756.6   0.0001138595282750
20757.5   0.0001138518473024
20758.4   0.0001140757233470
20759.3   0.0001143472500181
20760.2   0.0001145454465638
20761.1   0.0001146007289773
20762.0   0.0001145709544848
20762.9   0.0001145699478942
20763.8   0.0001145294783766
20764.7   0.0001142837581720
20765.6   0.0001139303087521
20766.5   0.0001138033422177
20767.4   0.0001139767434629
20768.3   0.0001142025423244
20769.2   0.0001143413614631
20770.1   0.0001144335891832
20771.0   0.0001144676302472
20771.9   0.0001143815690384
20772.8   0.0001141723869288
20773.7   0.0001138824202042
20774.6   0.0001136866177427
20775.5   0.0001138691549415
20776.4   0.0001144205835750
20777.3   0.0001148936125269
20778.2   0.0001149190289396
20779.1   0.0001146191221328
20780.0   0.0001142650721901
20780.9   0.0001138965902547
20781.8   0.0001135928961507
20782.7   0.0001135685538159
20783.6   0.0001137559581090
20784.5   0.0001138748673431
20785.4   0.0001138400507468
20786.3   0.0001137560747820
20787.2   0.0001137316718230
20788.1   0.0001137498831059
20789.0   0.0001136887567478
20789.9   0.0001135008342893
20790.8   0.0001132800866825
20791.7   0.0001131692587695
20792.6   0.0001132395656915
20793.5   0.0001134501879119
20794.4   0.0001136818799038
20795.3   0.0001137945379815
20796.2   0.0001136834721471
20797.1   0.0001133436185634
20798.0   0.0001128821756982
20798.9   0.0001124193968126
20799.8   0.0001121322325277
20800.7   0.0001121593487059
20801.6   0.0001122471291257
20802.5   0.0001120266205842
20803.4   0.0001116197383611
20804.3   0.0001114310392265
20805.2   0.0001116807251693
20806.1   0.0001123012345145
20807.0   0.0001128348384874
20807.9   0.0001129075669461
20808.8   0.0001127641506623
20809.7   0.0001127363092814
20810.6   0.0001127494144047
20811.5   0.0001127247094685
20812.4   0.0001128023553511
20813.3   0.0001130278945579
20814.2   0.0001132281786353
20815.1   0.0001132391127257
20816.0   0.0001131301813209
20816.9   0.0001130211950112
20817.8   0.0001128626958823
20818.7   0.0001127104948078
20819.6   0.0001128324832942
20820.5   0.0001131839744378
20821.4   0.0001133481299195
20822.3   0.0001132075172193
20823.2   0.0001130383345039
20824.1   0.0001129226223387
20825.0   0.0001126382284657
20825.9   0.0001122015031190
20826.8   0.0001120820093760
20827.7   0.0001124821611682
20828.6   0.0001128251923754
20829.5   0.0001126817303375
20830.4   0.0001124809441087
20831.3   0.0001125088472577
20832.2   0.0001123400408699
20833.1   0.0001118884317085
20834.0   0.0001117358062645
20834.9   0.0001120610105234
20835.8   0.0001123348111742
20836.7   0.0001122827761593
20837.6   0.0001122173809419
20838.5   0.0001121971027167
20839.4   0.0001119451290680
20840.3   0.0001117451938658
20841.2   0.0001121016275980
20842.1   0.0001127595077632
20843.0   0.0001130451690253
20843.9   0.0001127579395408
20844.8   0.0001124163427252
20845.7   0.0001124671835576
20846.6   0.0001126047593282
20847.5   0.0001126749884682
20848.4   0.0001129733739506
20849.3   0.0001132808930988
20850.2   0.0001131295522018
20851.1   0.0001125554546903
20852.0   0.0001120195710184
20852.9   0.0001118548985152
20853.8   0.0001118368427962
20854.7   0.0001118147012346
20855.6   0.0001120956910012
20856.5   0.0001125681537459
20857.4   0.0001126780677204
20858.3   0.0001123248493588
20859.2   0.0001119156073670
20860.1   0.0001118060090959
20861.0   0.0001118977426715
20861.9   0.0001120119506700
20862.8   0.0001123996710684
20863.7   0.0001131064292143
20864.6   0.0001135281620803
20865.5   0.0001131825720741
20866.4   0.0001123271668048
20867.3   0.0001116633500428
20868.2   0.0001115128407269
20869.1   0.0001116521460031
20870.0   0.0001120558643289
20870.9   0.0001127062465380
20871.8   0.0001130470163478
20872.7   0.0001127329749500
20873.6   0.0001120460340566
20874.5   0.0001114119460329
20875.4   0.0001111573094946
20876.3   0.0001113234038071
20877.2   0.0001117538699904
20878.1   0.0001123076972837
20879.0   0.0001126936973272
20879.9   0.0001126602224704
20880.8   0.0001122205951687
20881.7   0.0001115536190848
20882.6   0.0001110524296170
20883.5   0.0001110387811635
20884.4   0.0001114475884911
20885.3   0.0001120538683055
20886.2   0.0001125621885527
20887.1   0.0001127364762839
20888.0   0.0001125384032743
20888.9   0.0001120253154480
20889.8   0.0001114679891086
20890.7   0.0001112565856366
20891.6   0.0001115181104575
20892.5   0.0001120736901334
20893.4   0.0001126083178547
20894.3   0.0001128368013391
20895.2   0.0001126739452743
20896.1   0.0001122590354912
20897.0   0.0001118407078754
20897.9   0.0001117603693629
20898.8   0.0001125427979574
20899.7   0.0001143330856869
20900.6   0.0001161045638985
20901.5   0.0001165331541630
20902.4   0.0001154781213880
20903.3   0.0001138940463257
20904.2   0.0001125916782258
20905.1   0.0001115422251655
20906.0   0.0001106781998204
20906.9   0.0001103902622909
20907.8   0.0001108309488004
20908.7   0.0001115340523361
20909.6   0.0001119378621702
20910.5   0.0001119706232627
20911.4   0.0001117211432135
20912.3   0.0001110395967306
20913.2   0.0001098391630870
20914.1   0.0001083098053747
20915.0   0.0001070403985416
20915.9   0.0001068042992843
20916.8   0.0001077717357998
20917.7   0.0001092167480828
20918.6   0.0001102300679720
20919.5   0.0001106431830498
20920.4   0.0001108100323053
20921.3   0.0001108171230497
20922.2   0.0001106059929586
20923.1   0.0001104998388288
20924.0   0.0001108746336887
20924.9   0.0001114906431164
20925.8   0.0001118012586746
20926.7   0.0001117276174212
20927.6   0.0001116099469798
20928.5   0.0001116268668528
20929.4   0.0001116783905654
20930.3   0.0001116976713508
20931.2   0.0001117366332702
20932.1   0.0001117456285299
20933.0   0.0001115660756435
20933.9   0.0001111639884520
20934.8   0.0001107640299709
20935.7   0.0001106187217543
20936.6   0.0001107941796471
20937.5   0.0001112513811057
20938.4   0.0001118190776160
20939.3   0.0001122004496304
20940.2   0.0001121337904555
20941.1   0.0001116275119858
20942.0   0.0001110465330550
20942.9   0.0001106938328588
20943.8   0.0001105076490568
20944.7   0.0001103387259959
20945.6   0.0001102208119139
20946.5   0.0001102523376452
20947.4   0.0001103905779943
20948.3   0.0001105145853811
20949.2   0.0001105864319292
20950.1   0.0001106467598780
20951.0   0.0001106799624978
20951.9   0.0001105876592834
20952.8   0.0001103627514834
20953.7   0.0001101267460221
20954.6   0.0001099833983695
20955.5   0.0001099549770551
20956.4   0.0001100327155897
20957.3   0.0001102149313658
20958.2   0.0001104221780761
20959.1   0.0001105079395954
20960.0   0.0001104363172425
20960.9   0.0001103732040118
20961.8   0.0001104494315167
20962.7   0.0001105102284452
20963.6   0.0001103989098193
20964.5   0.0001102574907028
20965.4   0.0001102639317388
20966.3   0.0001103054204294
20967.2   0.0001102067059192
20968.1   0.0001101016064218
20969.0   0.0001101873210431
20969.9   0.0001103272783155
20970.8   0.0001102968506830
20971.7   0.0001102071874813
20972.6   0.0001103310690442
20973.5   0.0001106449891936
20974.4   0.0001108395482870
20975.3   0.0001107637314253
20976.2   0.0001105985876546
20977.1   0.0001105131143862
20978.0   0.0001104389892830
20978.9   0.0001102780503158
20979.8   0.0001101325339180
20980.7   0.0001101424842949
20981.6   0.0001102316602153
20982.5   0.0001102533922776
20983.4   0.0001102557509024
20984.3   0.0001103627549150
20985.2   0.0001105268577795
20986.1   0.0001106674293010
20987.0   0.0001108352050773
20987.9   0.0001109958786706
20988.8   0.0001109477247488
20989.7   0.0001106361620804
20990.6   0.0001102900504772
20991.5   0.0001100988691817
20992.4   0.0001100176510463
20993.3   0.0001099514425494
20994.2   0.0001098826512326
20995.1   0.0001098364361416
20996.0   0.0001098348347474
20996.9   0.0001098627012932
20997.8   0.0001098676564642
20998.7   0.0001098712870535
20999.6   0.0001099387194730
21000.5   0.0001100071001466
21001.4   0.0001099774491903
21002.3   0.0001099146779715
21003.2   0.0001099238505284
21004.1   0.0001099152052877
21005.0   0.0001097337844895
21005.9   0.0001094559769218
21006.8   0.0001093348623391
21007.7   0.0001094406527237
21008.6   0.0001096035213709
21009.5   0.0001096887132514
21010.4   0.0001097174788656
21011.3   0.0001097721985033
21012.2   0.0001098484889202
21013.1   0.0001098248214586
21014.0   0.0001096389064621
21014.9   0.0001094267777873
21015.8   0.0001093991034089
21016.7   0.0001095709284247
21017.6   0.0001097160582002
21018.5   0.0001096588609769
21019.4   0.0001094105053352
21020.3   0.0001090070992812
21021.2   0.0001085199586154
21022.1   0.0001082103485040
21023.0   0.0001083231038092
21023.9   0.0001087071181240
21024.8   0.0001089606382618
21025.7   0.0001089984872123
21026.6   0.0001090533875789
21027.5   0.0001091736957452
21028.4   0.0001092025013942
21029.3   0.0001091383449695
21030.2   0.0001091480025201
21031.1   0.0001092092261057
21032.0   0.0001090930461047
21032.9   0.0001087561070584
21033.8   0.0001084879696236
21034.7   0.0001085290453833
21035.6   0.0001087342228636
21036.5   0.0001088149205459
21037.4   0.0001087150770528
21038.3   0.0001086361466234
21039.2   0.0001087413856709
21040.1   0.0001089368770043
21041.0   0.0001089729198110
21041.9   0.0001087922082016
21042.8   0.0001086632044651
21043.7   0.0001087584222168
21044.6   0.0001088450324750
21045.5   0.0001086897818886
21046.4   0.0001084892004094
21047.3   0.0001085002294396
21048.2   0.0001086165512784
21049.1   0.0001085982816590
21050.0   0.0001084419352614
21050.9   0.0001083382941765
21051.8   0.0001083710804338
21052.7   0.0001084465129609
21053.6   0.0001084545302263
21054.5   0.0001084781187620
21055.4   0.0001087946217313
21056.3   0.0001096114414087
21057.2   0.0001105886327023
21058.1   0.0001107653179493
21059.0   0.0001096352564273
21059.9   0.0001079596308058
21060.8   0.0001068651259530
21061.7   0.0001066597242775
21062.6   0.0001069899328930
21063.5   0.0001074814831120
21064.4   0.0001078482080893
21065.3   0.0001079123587947
21066.2   0.0001077310924166
21067.1   0.0001075525712856
21068.0   0.0001075327860610
21068.9   0.0001076050478277
21069.8   0.0001076650543538
21070.7   0.0001077158791722
21071.6   0.0001077977641739
21072.5   0.0001079012691403
21073.4   0.0001080292960263
21074.3   0.0001082400852493
21075.2   0.0001085443329781
21076.1   0.0001087799438102
21077.0   0.0001086997208269
21077.9   0.0001082640066462
21078.8   0.0001077117052528
21079.7   0.0001072922166263
21080.6   0.0001070962563131
21081.5   0.0001070713923814
21082.4   0.0001070622381261
21083.3   0.0001069497298931
21084.2   0.0001068008974656
21085.1   0.0001067323475017
21086.0   0.0001067034526322
21086.9   0.0001066142446839
21087.8   0.0001065276161241
21088.7   0.0001065824078246
21089.6   0.0001066773224552
21090.5   0.0001065137915172
21091.4   0.0001059990233709
21092.3   0.0001054657591223
21093.2   0.0001053636508004
21094.1   0.0001057865526842
21095.0   0.0001063939672007
21095.9   0.0001067826495794
21096.8   0.0001069089309459
21097.7   0.0001069974663086
21098.6   0.0001071000950836
21099.5   0.0001070813118742
21100.4   0.0001069582607485
21101.3   0.0001069236237371
21102.2   0.0001070411409022
21103.1   0.0001071726096418
21104.0   0.0001071486196138
21104.9   0.0001069561560590
21105.8   0.0001068470690902
21106.7   0.0001070138245497
21107.6   0.0001073171102982
21108.5   0.0001075416085988
21109.4   0.0001076147877356
21110.3   0.0001075708935222
21111.2   0.0001074957206497
21112.1   0.0001074477108534
21113.0   0.0001073812930315
21113.9   0.0001072156482532
21114.8   0.0001070027943757
21115.7   0.0001069417423679
21116.6   0.0001071680662579
21117.5   0.0001075094926393
21118.4   0.0001076072394499
21119.3   0.0001074292765192
21120.2   0.0001073101499529
21121.1   0.0001073729314664
21122.0   0.0001073820605568
21122.9   0.0001072483372830
21123.8   0.0001071968478860
21124.7   0.0001073159790276
21125.6   0.0001074046962630
21126.5   0.0001072800563255
21127.4   0.0001069783719712
21128.3   0.0001067348502520
21129.2   0.0001067842120825
21130.1   0.0001071184218957
21131.0   0.0001074802729156
21131.9   0.0001076662977220
21132.8   0.0001077253479870
21133.7   0.0001079719489583
21134.6   0.0001086890967206
21135.5   0.0001093265762683
21136.4   0.0001090106074783
21137.3   0.0001080300829972
21138.2   0.0001072975115216
21139.1   0.0001070179504273
21140.0   0.0001068878623182
21140.9   0.0001067435458222
21141.8   0.0001066356724814
21142.7   0.0001066400671644
21143.6   0.0001067287409334
21144.5   0.0001068057943001
21145.4   0.0001067778854318
21146.3   0.0001066993587825
21147.2   0.0001067384144978
21148.1   0.0001068761664218
21149.0   0.0001068859566592
21149.9   0.0001066382701714
21150.8   0.0001063286783616
21151.7   0.0001062832536730
21152.6   0.0001065057719642
21153.5   0.0001067104450053
21154.4   0.0001067218194791
21155.3   0.0001066047232519
21156.2   0.0001065276206995
21157.1   0.0001065426749483
21158.0   0.0001065461328157
21158.9   0.0001064262558820
21159.8   0.0001061497225665
21160.7   0.0001057526408755
21161.6   0.0001052995000950
21162.5   0.0001049355157894
21163.4   0.0001049073541296
21164.3   0.0001052468279541
21165.2   0.0001056446439986
21166.1   0.0001058814890480
21167.0   0.0001060281916214
21167.9   0.0001062194529866
21168.8   0.0001064182626375
21169.7   0.0001064771481878
21170.6   0.0001063874678282
21171.5   0.0001062908259796
21172.4   0.0001062985149591
21173.3   0.0001063715545459
21174.2   0.0001063623751259
21175.1   0.0001062271042190
21176.0   0.0001061279905042
21176.9   0.0001062245568585
21177.8   0.0001064577198453
21178.7   0.0001065599757242
21179.6   0.0001063212844961
21180.5   0.0001058960033982
21181.4   0.0001056837363173
21182.3   0.0001059637275002
21183.2   0.0001066537350634
21184.1   0.0001072842073679
21185.0   0.0001073962500527
21185.9   0.0001070316823821
21186.8   0.0001066090195636
21187.7   0.0001063592638458
21188.6   0.0001061458094455
21189.5   0.0001057989509064
21190.4   0.0001055032191628
21191.3   0.0001055252634970
21192.2   0.0001057409632807
21193.1   0.0001058327643436
21194.0   0.0001056375303771
21194.9   0.0001053233837448
21195.8   0.0001052536590439
21196.7   0.0001055008685450
21197.6   0.0001057907460491
21198.5   0.0001059065657364
21199.4   0.0001058312556016
21200.3   0.0001056741965836
21201.2   0.0001055811441455
21202.1   0.0001056022653904
21203.0   0.0001056722771983
21203.9   0.0001056781714726
21204.8   0.0001055580108633
21205.7   0.0001053806187152
21206.6   0.0001052409245289
21207.5   0.0001051629835323
21208.4   0.0001051311535361
21209.3   0.0001050570135628
21210.2   0.0001048768155433
21211.1   0.0001046997356670
21212.0   0.0001046441020908
21212.9   0.0001046946695423
21213.8   0.0001047886656591
21214.7   0.0001048449169159
21215.6   0.0001048317134212
21216.5   0.0001048472252112
21217.4   0.0001049208756154
21218.3   0.0001049785898602
21219.2   0.0001050353558509
21220.1   0.0001051019910049
21221.0   0.0001050926720349
21221.9   0.0001049720115618
21222.8   0.0001048277065043
21223.7   0.0001048018577152
21224.6   0.0001049402410460
21225.5   0.0001051066533496
21226.4   0.0001051626838428
21227.3   0.0001051350014574
21228.2   0.0001051410375695
21229.1   0.0001052709701146
21230.0   0.0001054656024145
21230.9   0.0001055182356645
21231.8   0.0001053311081838
21232.7   0.0001050705636449
21233.6   0.0001049704456271
21234.5   0.0001050774850992
21235.4   0.0001052225634013
21236.3   0.0001051735115549
21237.2   0.0001049034833312
21238.1   0.0001046600942990
21239.0   0.0001046895439372
21239.9   0.0001050114824958
21240.8   0.0001054040322414
21241.7   0.0001055672429005
21242.6   0.0001054220353431
21243.5   0.0001051867161935
21244.4   0.0001050582294785
21245.3   0.0001050576083663
21246.2   0.0001051798176163
21247.1   0.0001053302434309
21248.0   0.0001053311390678
21248.9   0.0001051751724294
21249.8   0.0001050180276225
21250.7   0.0001049905614252
21251.6   0.0001050864346047
21252.5   0.0001051222063182
21253.4   0.0001049367751715
21254.3   0.0001046307990809
21255.2   0.0001044610970562
21256.1   0.0001045556765379
21257.0   0.0001047933897718
21257.9   0.0001048944217281
21258.8   0.0001046867174765
21259.7   0.0001043303569509
21260.6   0.0001041275323761
21261.5   0.0001041663352999
21262.4   0.0001043387219475
21263.3   0.0001045124114437
21264.2   0.0001045497250710
21265.1   0.0001044224943066
21266.0   0.0001042736207003
21266.9   0.0001042207300835
21267.8   0.0001043013019419
21268.7   0.0001045254833953
21269.6   0.0001047410653621
21270.5   0.0001047277943801
21271.4   0.0001045261582685
21272.3   0.0001043386167131
21273.2   0.0001042320759609
21274.1   0.0001041664107942
21275.0   0.0001041465821032
21275.9   0.0001042894813654
21276.8   0.0001046756930217
21277.7   0.0001050927841325
21278.6   0.0001051862563646
21279.5   0.0001049305068573
21280.4   0.0001046310770371
21281.3   0.0001044225629377
21282.2   0.0001041797240988
21283.1   0.0001038888217025
21284.0   0.0001037129531664
21284.9   0.0001037284214900
21285.8   0.0001038724428720
21286.7   0.0001040417193834
21287.6   0.0001040868718350
21288.5   0.0001039655342010
21289.4   0.0001038547085757
21290.3   0.0001038844498965
21291.2   0.0001039789161368
21292.1   0.0001040519053940
21293.0   0.0001040676368037
21293.9   0.0001039476580670
21294.8   0.0001037071664143
21295.7   0.0001035110242285
21296.6   0.0001034297912231
21297.5   0.0001033959560526
21298.4   0.0001034168325129
21299.3   0.0001035449566265
21300.2   0.0001036792758477
21301.1   0.0001036910666840
21302.0   0.0001036264492866
21302.9   0.0001035633932485
21303.8   0.0001035238353816
21304.7   0.0001035715820918
21305.6   0.0001036890775237
21306.5   0.0001037168582804
21307.4   0.0001036242324995
21308.3   0.0001035794849719
21309.2   0.0001036608449450
21310.1   0.0001037668835457
21311.0   0.0001038187973121
21311.9   0.0001038159228096
21312.8   0.0001037207325104
21313.7   0.0001035041988579
21314.6   0.0001032869354272
21315.5   0.0001032023829605
21316.4   0.0001032363473864
21317.3   0.0001033495636644
21318.2   0.0001035426643452
21319.1   0.0001037427894270
21320.0   0.0001037857010707
21320.9   0.0001036167185295
21321.8   0.0001033605229195
21322.7   0.0001031197098442
21323.6   0.0001029433014096
21324.5   0.0001028704082360
21325.4   0.0001028286690416
21326.3   0.0001027130815565
21327.2   0.0001025938371734
21328.1   0.0001026105648790
21329.0   0.0001027367249971
21329.9   0.0001028796265470
21330.8   0.0001030353278115
21331.7   0.0001031847264463
21332.6   0.0001032202144843
21333.5   0.0001031059424300
21334.4   0.0001029333155733
21335.3   0.0001027549477185
21336.2   0.0001026120484563
21337.1   0.0001026288310669
21338.0   0.0001028354841175
21338.9   0.0001030723680580
21339.8   0.0001031616892477
21340.7   0.0001030636633370
21341.6   0.0001028637064016
21342.5   0.0001026862959518
21343.4   0.0001026588148845
21344.3   0.0001028409036929
21345.2   0.0001030774261758
21346.1   0.0001030913605925
21347.0   0.0001028408213354
21347.9   0.0001025507962743
21348.8   0.0001023829564422
21349.7   0.0001022620569039
21350.6   0.0001019228164254
21351.5   0.0001010852964411
21352.4   0.0000999228249894
21353.3   0.0000991831295976
21354.2   0.0000994602702990
21355.1   0.0001005520173224
21356.0   0.0001017174891004
21356.9   0.0001025019800617
21357.8   0.0001029569418561
21358.7   0.0001032193428683
21359.6   0.0001032921822808
21360.5   0.0001031724597672
21361.4   0.0001029482417105
21362.3   0.0001027163438251
21363.2   0.0001025432148169
21364.1   0.0001024862109048
21365.0   0.0001025704888468
21365.9   0.0001027286265181
21366.8   0.0001028602187939
21367.7   0.0001029106661409
21368.6   0.0001028445880432
21369.5   0.0001026580942571
21370.4   0.0001024010544837
21371.3   0.0001021730056635
21372.2   0.0001021285223658
21373.1   0.0001023300303659
21374.0   0.0001026005893374
21374.9   0.0001027167293035
21375.8   0.0001026516234809
21376.7   0.0001025513624815
21377.6   0.0001025552698832
21378.5   0.0001026664546784
21379.4   0.0001027897631710
21380.3   0.0001028538246559
21381.2   0.0001028320948812
21382.1   0.0001027094612618
21383.0   0.0001025157051533
21383.9   0.0001023380808030
21384.8   0.0001022531451455
21385.7   0.0001022416723004
21386.6   0.0001022661438905
21387.5   0.0001023494095227
21388.4   0.0001024651582911
21389.3   0.0001025156548238
21390.2   0.0001024505981868
21391.1   0.0001023181640353
21392.0   0.0001022004604222
21392.9   0.0001021070728352
21393.8   0.0001020300080299
21394.7   0.0001020733200221
21395.6   0.0001022968906580
21396.5   0.0001025488997661
21397.4   0.0001026310032437
21398.3   0.0001025297848393
21399.2   0.0001023822712743
21400.1   0.0001022812130094
21401.0   0.0001022206780232
21401.9   0.0001021699550077
21402.8   0.0001021321758322
21403.7   0.0001021319401985
21404.6   0.0001021732264271
21405.5   0.0001022087030266
21406.4   0.0001021866815694
21407.3   0.0001021468789181
21408.2   0.0001021365041718
21409.1   0.0001020878286530
21410.0   0.0001019677286680
21410.9   0.0001018878099495
21411.8   0.0001019330756426
21412.7   0.0001020507460840
21413.6   0.0001021315570077
21414.5   0.0001021031951737
21415.4   0.0001019641506959
21416.3   0.0001017557303924
21417.2   0.0001015359539168
21418.1   0.0001013923740621
21419.0   0.0001014272890297
21419.9   0.0001016569838544
21420.8   0.0001019415767578
21421.7   0.0001021359951572
21422.6   0.0001022097016102
21423.5   0.0001021839786449
21424.4   0.0001020841362957
21425.3   0.0001019064650474
21426.2   0.0001016587339494
21427.1   0.0001014211957250
21428.0   0.0001013002035347
21428.9   0.0001013489888633
21429.8   0.0001015216019938
21430.7   0.0001016628106413
21431.6   0.0001016255679329
21432.5   0.0001014368596474
21433.4   0.0001012381380732
21434.3   0.0001011085361016
21435.2   0.0001010969980568
21436.1   0.0001012971300018
21437.0   0.0001016720095068
21437.9   0.0001019926841079
21438.8   0.0001020519219649
21439.7   0.0001018279441173
21440.6   0.0001014376271728
21441.5   0.0001010256822565
21442.4   0.0001007623695935
21443.3   0.0001007532290645
21444.2   0.0001009430583259
21445.1   0.0001012142692935
21446.0   0.0001014768132874
21446.9   0.0001016810802608
21447.8   0.0001017846252620
21448.7   0.0001017497549046
21449.6   0.0001015967725786
21450.5   0.0001014091852690
21451.4   0.0001012800660033
21452.3   0.0001012040512551
21453.2   0.0001010965702558
21454.1   0.0001009762506510
21455.0   0.0001009739675205
21455.9   0.0001011124972644
21456.8   0.0001012541508707
21457.7   0.0001013120607144
21458.6   0.0001013272991235
21459.5   0.0001013532131122
21460.4   0.0001014129737100
21461.3   0.0001015443806816
21462.2   0.0001017103343001
21463.1   0.0001017004296774
21464.0   0.0001013993447020
21464.9   0.0001010308467526
21465.8   0.0001008408356186
21466.7   0.0001007824442129
21467.6   0.0001007119565621
21468.5   0.0001006247263356
21469.4   0.0001005536736215
21470.3   0.0001004584753153
21471.2   0.0001003512173673
21472.1   0.0001003441815278
21473.0   0.0001004620578627
21473.9   0.0001005999825084
21474.8   0.0001006978780199
21475.7   0.0001007993606543
21476.6   0.0001009164545938
21477.5   0.0001009696620579
21478.4   0.0001009241618750
21479.3   0.0001008445439899
21480.2   0.0001007585434053
21481.1   0.0001006127765038
21482.0   0.0001004134967293
21482.9   0.0001002304939824
21483.8   0.0001001199966429
21484.7   0.0001001570757803
21485.6   0.0001003466568256
21486.5   0.0001005511193978
21487.4   0.0001006551207964
21488.3   0.0001006453774569
21489.2   0.0001005222096582
21490.1   0.0001003019493327
21491.0   0.0001000487483299
21491.9   0.0000998194046681
21492.8   0.0000996748102158
21493.7   0.0000997087323191
21494.6   0.0000999481041397
21495.5   0.0001002930421498
21496.4   0.0001005962855757
21497.3   0.0001008118275076
21498.2   0.0001009492843175
21499.1   0.0001009533541463
21500.0   0.0001008032646244
21500.9   0.0001005699746700
21501.8   0.0001003318931155
21502.7   0.0001001493970954
21503.6   0.0001000725347521
21504.5   0.0001000769362983
21505.4   0.0001001095395391
21506.3   0.0001001977694931
21507.2   0.0001003784662325
21508.1   0.0001005952481010
21509.0   0.0001007344309850
21509.9   0.0001007659670110
21510.8   0.0001007705927524
21511.7   0.0001008096038575
21512.6   0.0001008506853365
21513.5   0.0001008021630940
21514.4   0.0001006062702681
21515.3   0.0001003347985020
21516.2   0.0001001872071549
21517.1   0.0001002658847929
21518.0   0.0001004260482278
21518.9   0.0001004973548773
21519.8   0.0001004826449282
21520.7   0.0001004324400781
21521.6   0.0001003387470824
21522.5   0.0001002423122711
21523.4   0.0001002495048185
21524.3   0.0001003551007481
21525.2   0.0001003722585425
21526.1   0.0001001687682452
21527.0   0.0000998845219293
21527.9   0.0000997547117764
21528.8   0.0000998201721934
21529.7   0.0000999475127677
21530.6   0.0001000294526743
21531.5   0.0001000607187511
21532.4   0.0001000861832056
21533.3   0.0001001660870539
21534.2   0.0001003020385533
21535.1   0.0001003859207222
21536.0   0.0001003173844845
21536.9   0.0001001203214971
21537.8   0.0000998928526103
21538.7   0.0000996930546705
21539.6   0.0000995355827216
21540.5   0.0000994538864557
21541.4   0.0000994925429664
21542.3   0.0000996308862622
21543.2   0.0000997780120612
21544.1   0.0000998495120218
21545.0   0.0000998101600485
21545.9   0.0000997320211653
21546.8   0.0000997642858257
21547.7   0.0000999572732650
21548.6   0.0001001927594172
21549.5   0.0001002969037974
21550.4   0.0001001927090876
21551.3   0.0000999650720545
21552.2   0.0000997671751982
21553.1   0.0000997296682598
21554.0   0.0001000008403365
21554.9   0.0001005154471995
21555.8   0.0001007518278446
21556.7   0.0001004049750247
21557.6   0.0000998698828991
21558.5   0.0000995687739028
21559.4   0.0000995345189383
21560.3   0.0000996139698209
21561.2   0.0000996649730804
21562.1   0.0000996865450033
21563.0   0.0000997454705884
21563.9   0.0000998021290569
21564.8   0.0000997536365546
21565.7   0.0000995950905278
21566.6   0.0000993947675594
21567.5   0.0000991539887997
21568.4   0.0000988794675215
21569.3   0.0000986642252790
21570.2   0.0000985901745263
21571.1   0.0000986388214487
21572.0   0.0000987384110064
21572.9   0.0000989076772231
21573.8   0.0000991789339450
21574.7   0.0000994411176251
21575.6   0.0000995529063746
21576.5   0.0000995307979846
21577.4   0.0000995030069332
21578.3   0.0000995489349171
21579.2   0.0000996654935335
21580.1   0.0000997756728819
21581.0   0.0000997748767602
21581.9   0.0000996957941983
21582.8   0.0000997308670177
21583.7   0.0001001765773294
21584.6   0.0001014906825045
21585.5   0.0001039290750319
21586.4   0.0001062629274059
21587.3   0.0001062812885336
21588.2   0.0001038100228161
21589.1   0.0001009847220260
21590.0   0.0000994203612693
21590.9   0.0000989311410789
21591.8   0.0000987700351091
21592.7   0.0000986636075984
21593.6   0.0000986110223903
21594.5   0.0000986558968856
21595.4   0.0000988528283300
21596.3   0.0000991655073989
21597.2   0.0000994358147228
21598.1   0.0000995819030471
21599.0   0.0000996490906821
21599.9   0.0000996291110025
21600.8   0.0000994292089720
21601.7   0.0000990216015461
21602.6   0.0000985555432341
21603.5   0.0000981932461116
21604.4   0.0000979368800676
21605.3   0.0000977360229199
21606.2   0.0000976270091577
21607.1   0.0000976787376200
21608.0   0.0000978486089349
21608.9   0.0000980264551927
21609.8   0.0000981483853425
21610.7   0.0000981766636753
21611.6   0.0000981046524124
21612.5   0.0000980660622452
21613.4   0.0000982230663582
21614.3   0.0000985113424682
21615.2   0.0000987098753067
21616.1   0.0000987411162186
21617.0   0.0000987141418782
21617.9   0.0000987409217636
21618.8   0.0000987912764585
21619.7   0.0000987283874229
21620.6   0.0000985165367045
21621.5   0.0000982672751312
21622.4   0.0000980567432751
21623.3   0.0000978330308015
21624.2   0.0000975782570008
21625.1   0.0000973883133542
21626.0   0.0000973143117871
21626.9   0.0000973035206783
21627.8   0.0000973240997368
21628.7   0.0000974167952928
21629.6   0.0000975538208701
21630.5   0.0000976067595288
21631.4   0.0000975378252303
21632.3   0.0000975375861651
21633.2   0.0000978292732445
21634.1   0.0000982914836351
21635.0   0.0000985074396419
21635.9   0.0000982759157964
21636.8   0.0000977797398361
21637.7   0.0000972764902891
21638.6   0.0000969567010301
21639.5   0.0000968966716269
21640.4   0.0000969479585620
21641.3   0.0000969149115062
21642.2   0.0000968051347941
21643.1   0.0000967069521755
21644.0   0.0000965549123843
21644.9   0.0000961965489721
21645.8   0.0000956357876422
21646.7   0.0000950015600685
21647.6   0.0000943518241364
21648.5   0.0000936127853162
21649.4   0.0000926896239171
21650.3   0.0000914512704041
21651.2   0.0000896551398736
21652.1   0.0000870357188895
21653.0   0.0000838446104921
21653.9   0.0000811171834803
21654.8   0.0000801444566448
21655.7   0.0000815241640747
21656.6   0.0000844740624798
21657.5   0.0000876369405861
21658.4   0.0000901219416900
21659.3   0.0000918052551472
21660.2   0.0000929562091434
21661.1   0.0000939485290362
21662.0   0.0000951953573558
21662.9   0.0000966622252372
21663.8   0.0000975054438970
21664.7   0.0000970145308041
21665.6   0.0000958236563396
21666.5   0.0000949962525908
21667.4   0.0000947725904467
21668.3   0.0000948269474831
21669.2   0.0000949252341922
21670.1   0.0000950540228844
21671.0   0.0000952192730334
21671.9   0.0000953892724599
21672.8   0.0000956937180752
21673.7   0.0000964658256844
21674.6   0.0000975681979579
21675.5   0.0000981874490648
21676.4   0.0000979461532835
21677.3   0.0000973796418049
21678.2   0.0000970472244093
21679.1   0.0000969916526011
21680.0   0.0000970817687686
21680.9   0.0000972613868546
21681.8   0.0000974292495638
21682.7   0.0000974300239522
21683.6   0.0000972638061036
21684.5   0.0000971730985641
21685.4   0.0000973720248880
21686.3   0.0000977118807594
21687.2   0.0000978459048665
21688.1   0.0000976941590455
21689.0   0.0000974243653117
21689.9   0.0000970849578307
21690.8   0.0000966462787831
21691.7   0.0000961826717480
21692.6   0.0000958159707916
21693.5   0.0000956160047053
21694.4   0.0000955578992628
21695.3   0.0000955438470292
21696.2   0.0000955073970109
21697.1   0.0000954839686146
21698.0   0.0000954782241851
21698.9   0.0000954111772440
21699.8   0.0000953102390837
21700.7   0.0000952909045371
21701.6   0.0000953362091212
21702.5   0.0000953581253439
21703.4   0.0000953674134299
21704.3   0.0000954309750510
21705.2   0.0000955598277989
21706.1   0.0000957008808825
21707.0   0.0000957960563116
21707.9   0.0000958478568366
21708.8   0.0000958853717821
21709.7   0.0000959077958754
21710.6   0.0000959022298869
21711.5   0.0000958592610506
21712.4   0.0000958171523917
21713.3   0.0000958352595840
21714.2   0.0000958814323525
21715.1   0.0000958564208637
21716.0   0.0000957453470223
21716.9   0.0000956631508927
21717.8   0.0000957304163097
21718.7   0.0000959463071168
21719.6   0.0000961985941812
21720.5   0.0000963689058795
21721.4   0.0000963813395612
21722.3   0.0000961861101700
21723.2   0.0000958245611273
21724.1   0.0000955015496346
21725.0   0.0000954454001806
21725.9   0.0000956518130222
21726.8   0.0000959058524693
21727.7   0.0000960608617027
21728.6   0.0000961229637675
21729.5   0.0000961463898761
21730.4   0.0000961633795240
21731.3   0.0000961694099168
21732.2   0.0000961557202846
21733.1   0.0000961335890176
21734.0   0.0000961386723002
21734.9   0.0000961958580849
21735.8   0.0000962497701625
21736.7   0.0000962246122605
21737.6   0.0000961312647084
21738.5   0.0000960444863038
21739.4   0.0000960253576508
21740.3   0.0000960638437274
21741.2   0.0000960973243035
21742.1   0.0000960905790026
21743.0   0.0000960883542086
21743.9   0.0000962134002138
21744.8   0.0000964969865267
21745.7   0.0000967346585818
21746.6   0.0000967161647672
21747.5   0.0000964954972301
21748.4   0.0000963155794546
21749.3   0.0000963150098159
21750.2   0.0000963859172607
21751.1   0.0000963508581676
21752.0   0.0000962047160822
21752.9   0.0000960800235275
21753.8   0.0000960404336328
21754.7   0.0000960440973938
21755.6   0.0000960631734296
21756.5   0.0000961089321233
21757.4   0.0000961614040900
21758.3   0.0000961577975216
21759.2   0.0000960649452578
21760.1   0.0000959447377505
21761.0   0.0000958988429383
21761.9   0.0000959726477627
21762.8   0.0000961113342145
21763.7   0.0000961813322962
21764.6   0.0000960883279000
21765.5   0.0000958807757809
21766.4   0.0000957051211454
21767.3   0.0000956535402401
21768.2   0.0000957094826567
21769.1   0.0000958234676039
21770.0   0.0000959460886409
21770.9   0.0000960559866014
21771.8   0.0000961557340109
21772.7   0.0000961999770994
21773.6   0.0000961426117297
21774.5   0.0000960115513456
21775.4   0.0000958437572676
21776.3   0.0000955371932366
21777.2   0.0000949318285045
21778.1   0.0000941769518963
21779.0   0.0000937957320143
21779.9   0.0000940666467241
21780.8   0.0000946282933961
21781.7   0.0000950540080143
21782.6   0.0000953924569465
21783.5   0.0000959184954760
21784.4   0.0000966166381214
21785.3   0.0000972053334843
21786.2   0.0000974918732255
21787.1   0.0000974823186217
21788.0   0.0000972744164837
21788.9   0.0000969594863121
21789.8   0.0000966403341793
21790.7   0.0000964016440950
21791.6   0.0000962838466859
21792.5   0.0000962318654321
21793.4   0.0000960929959639
21794.3   0.0000958173868816
21795.2   0.0000955616762653
21796.1   0.0000954674856935
21797.0   0.0000954461848638
21797.9   0.0000953239321474
21798.8   0.0000950847067400
21799.7   0.0000948420211773
21800.6   0.0000947093788446
21801.5   0.0000947099679288
21802.4   0.0000947870384534
21803.3   0.0000949525150853
21804.2   0.0000952136727293
21805.1   0.0000954278660587
21806.0   0.0000954636789509
21806.9   0.0000953832535056
21807.8   0.0000953384762378
21808.7   0.0000953891557869
21809.6   0.0000954741177530
21810.5   0.0000954976822678
21811.4   0.0000954271076842
21812.3   0.0000953274620776
21813.2   0.0000952840105354
21814.1   0.0000952890846671
21815.0   0.0000952812492743
21815.9   0.0000952192593072
21816.8   0.0000950442898396
21817.7   0.0000947645891952
21818.6   0.0000946165334439
21819.5   0.0000948587729039
21820.4   0.0000954235983433
21821.3   0.0000960175325527
21822.2   0.0000964219818006
21823.1   0.0000965947173233
21824.0   0.0000965979567149
21824.9   0.0000965457947324
21825.8   0.0000965482597355
21826.7   0.0000965730138573
21827.6   0.0000964897802530
21828.5   0.0000962375583883
21829.4   0.0000958699206163
21830.3   0.0000954736556364
21831.2   0.0000951565612950
21832.1   0.0000951152601963
21833.0   0.0000954546345056
21833.9   0.0000958800357080
21834.8   0.0000959534653486
21835.7   0.0000956674872392
21836.6   0.0000953534206767
21837.5   0.0000951695577523
21838.4   0.0000950939456403
21839.3   0.0000952215001151
21840.2   0.0000955938151018
21841.1   0.0000959747364382
21842.0   0.0000961678199612
21842.9   0.0000962702336919
21843.8   0.0000964244616738
21844.7   0.0000966459230448
21845.6   0.0000968633008608
21846.5   0.0000969544201873
21847.4   0.0000969404846268
21848.3   0.0000970560229263
21849.2   0.0000973287769516
21850.1   0.0000974019572322
21851.0   0.0000970474291590
21851.9   0.0000964383194524
21852.8   0.0000958748803627
21853.7   0.0000954771889982
21854.6   0.0000951942935725
21855.5   0.0000949628097619
21856.4   0.0000947937803227
21857.3   0.0000947786848952
21858.2   0.0000949325605704
21859.1   0.0000951298614793
21860.0   0.0000952801443124
21860.9   0.0000954278866480
21861.8   0.0000955933895885
21862.7   0.0000957252781222
21863.6   0.0000958383559940
21864.5   0.0000959782023127
21865.4   0.0000960730528876
21866.3   0.0000960002512223
21867.2   0.0000957876146768
21868.1   0.0000955794231439
21869.0   0.0000954460270121
21869.9   0.0000953365568525
21870.8   0.0000951658116339
21871.7   0.0000948708611419
21872.6   0.0000945042928725
21873.5   0.0000942187082485
21874.4   0.0000940804415908
21875.3   0.0000939713363203
21876.2   0.0000936657171118
21877.1   0.0000930565113215
21878.0   0.0000924508663455
21878.9   0.0000924054965618
21879.8   0.0000930782136437
21880.7   0.0000940971407001
21881.6   0.0000949952265547
21882.5   0.0000955445928214
21883.4   0.0000957384061226
21884.3   0.0000956909796913
21885.2   0.0000955514799600
21886.1   0.0000953783051977
21887.0   0.0000951637595617
21887.9   0.0000948968574881
21888.8   0.0000946234972207
21889.7   0.0000944278995089
21890.6   0.0000943097543685
21891.5   0.0000941864607460
21892.4   0.0000940443049882
21893.3   0.0000939497392326
21894.2   0.0000939727981644
21895.1   0.0000941963253339
21896.0   0.0000945839290592
21896.9   0.0000949484921544
21897.8   0.0000951734845995
21898.7   0.0000952987021827
21899.6   0.0000953785522700
21900.5   0.0000953979268514
21901.4   0.0000953047154177
21902.3   0.0000950522807963
21903.2   0.0000947207270098
21904.1   0.0000945052845930
21905.0   0.0000944947039531
21905.9   0.0000945784042494
21906.8   0.0000945795858495
21907.7   0.0000943995971552
21908.6   0.0000941328597964
21909.5   0.0000940134449792
21910.4   0.0000941527102206
21911.3   0.0000944683644511
21912.2   0.0000948503987564
21913.1   0.0000953315467766
21914.0   0.0000959689519738
21914.9   0.0000965671744880
21915.8   0.0000968079658301
21916.7   0.0000966241326460
21917.6   0.0000960740983692
21918.5   0.0000952610671327
21919.4   0.0000945049357178
21920.3   0.0000940627770696
21921.2   0.0000940235554955
21922.1   0.0000943889181440
21923.0   0.0000949614440015
21923.9   0.0000953858283186
21924.8   0.0000954003403811
21925.7   0.0000950739488029
21926.6   0.0000946916708569
21927.5   0.0000944243238245
21928.4   0.0000942716732158
21929.3   0.0000941649746120
21930.2   0.0000940019000713
21931.1   0.0000937066281567
21932.0   0.0000933412014525
21932.9   0.0000930618428202
21933.8   0.0000929802963990
21934.7   0.0000931196291277
21935.6   0.0000933770246394
21936.5   0.0000935800528200
21937.4   0.0000936482253124
21938.3   0.0000936474394854
21939.2   0.0000936736966300
21940.1   0.0000937456358302
21941.0   0.0000937795476388
21941.9   0.0000936405981009
21942.8   0.0000932827883135
21943.7   0.0000928382218548
21944.6   0.0000926063411271
21945.5   0.0000928167574540
21946.4   0.0000933084952649
21947.3   0.0000936801948587
21948.2   0.0000937348332829
21949.1   0.0000936251881138
21950.0   0.0000935986267043
21950.9   0.0000936998656980
21951.8   0.0000937781784469
21952.7   0.0000936988293672
21953.6   0.0000934490542039
21954.5   0.0000930795096291
21955.4   0.0000927184432924
21956.3   0.0000925447903995
21957.2   0.0000926479156067
21958.1   0.0000929539042797
21959.0   0.0000932533466822
21959.9   0.0000934268554496
21960.8   0.0000935429519493
21961.7   0.0000943481214844
21962.6   0.0000934848396437
21963.5   0.0000934026286440
21964.4   0.0000935045390793
21965.3   0.0000929206913653
21966.2   0.0000924863818360
21967.1   0.0000925033234421
21968.0   0.0000929352606204
21968.9   0.0000932278364736
21969.8   0.0000932021112206
21970.7   0.0000932450720500
21971.6   0.0000930327134608
21972.5   0.0000927843738329
21973.4   0.0000931263103728
21974.3   0.0000933246293108
21975.2   0.0000931701977231
21976.1   0.0000927037550765
21977.0   0.0000921967422533
21977.9   0.0000921267293015
21978.8   0.0000936768948429
21979.7   0.0000943299285031
21980.6   0.0000922537152814
21981.5   0.0000912282579684
21982.4   0.0000965165212475
21983.3   0.0000955081039120
21984.2   0.0000944805327588
21985.1   0.0000936481990038
21986.0   0.0000932697186496
21986.9   0.0000938132146629
21987.8   0.0000941561612250
21988.7   0.0000935241149788
21989.6   0.0000935585895631
21990.5   0.0000930873026993
21991.4   0.0000927241602694
21992.3   0.0000929143589953
21993.2   0.0000931896580934
21994.1   0.0000916892833274
21995.0   0.0000918632610745
21995.9   0.0000923901860900
21996.8   0.0000913174453274
21997.7   0.0000913536196771
21998.6   0.0000920767989761
21999.5   0.0000929159398001
22000.4   0.0000917850066621
22001.3   0.0000920739873855
22002.2   0.0000924256237985
22003.1   0.0000914532206734
22004.0   0.0000901703152315
22004.9   0.0000913595631371
22005.8   0.0000919787947985
22006.7   0.0000923395648774
22007.6   0.0000935096132111
22008.5   0.0000938759195382
22009.4   0.0000922391185738
22010.3   0.0000916594299091
22011.2   0.0000924168470147
22012.1   0.0000933918729946
22013.0   0.0000926485069787
22013.9   0.0000911278242473
22014.8   0.0000913515984890
22015.7   0.0000922298590841
22016.6   0.0000924323896887
22017.5   0.0000919938158756
22018.4   0.0000919783372574
22019.3   0.0000921591129226
22020.2   0.0000916643370383
22021.1   0.0000909450708603
22022.0   0.0000913491151842
22022.9   0.0000918718857258
22023.8   0.0000923841007923
22024.7   0.0000925513721294
22025.6   0.0000917934357146
22026.5   0.0000916130455278
22027.4   0.0000923846235331
22028.3   0.0000925466651745
22029.2   0.0000922079840402
22030.1   0.0000920363294584
22031.0   0.0000913261706377
22031.9   0.0000915160433655
22032.8   0.0000923987661310
22033.7   0.0000924777274445
22034.6   0.0000915937670301
22035.5   0.0000918708082163
22036.4   0.0000923447076403
22037.3   0.0000928885788373
22038.2   0.0000917853440987
22039.1   0.0000911342012275
22040.0   0.0000919805231604
22040.9   0.0000926525825268
22041.8   0.0000919483305627
22042.7   0.0000909626873397
22043.6   0.0000907521852238
22044.5   0.0000913102916710
22045.4   0.0000922328582666
22046.3   0.0000915357759728
22047.2   0.0000902938158915
22048.1   0.0000905276548953
22049.0   0.0000927539118848
22049.9   0.0000926115868368
22050.8   0.0000913247122252
22051.7   0.0000911780794269
22052.6   0.0000912164168026
22053.5   0.0000910980543302
22054.4   0.0000907704914466
22055.3   0.0000893095452919
22056.2   0.0000895553833133
22057.1   0.0000900979642443
22058.0   0.0000902430677112
22058.9   0.0000911487544687
22059.8   0.0000915369861693
22060.7   0.0000895129257793
22061.6   0.0000867066975934
22062.5   0.0000867340047950
22063.4   0.0000893669541280
22064.3   0.0000906861952029
22065.2   0.0000905451123792
22066.1   0.0000908094442152
22067.0   0.0000908831460928
22067.9   0.0000911437615505
22068.8   0.0000913504386221
22069.7   0.0000911163834300
22070.6   0.0000910298818378
22071.5   0.0000907890985026
22072.4   0.0000908658670500
22073.3   0.0000905954441970
22074.2   0.0000909952219493
22075.1   0.0000914386491306
22076.0   0.0000917332381650
22076.9   0.0000916069716686
22077.8   0.0000915040649373
22078.7   0.0000909837948583
22079.6   0.0000904721906093
22080.5   0.0000907511397422
22081.4   0.0000909419973274
22082.3   0.0000904375112753
22083.2   0.0000897925337715
22084.1   0.0000903230928079
22085.0   0.0000908984531330
22085.9   0.0000910567417929
22086.8   0.0000908635942142
22087.7   0.0000908486314736
22088.6   0.0000911938096928
22089.5   0.0000914669457650
22090.4   0.0000913083173808
22091.3   0.0000913274574723
22092.2   0.0000911308005526
22093.1   0.0000909777633217
22094.0   0.0000910713350690
22094.9   0.0000911715480265
22095.8   0.0000909057726481
22096.7   0.0000909340589879
22097.6   0.0000908869162321
22098.5   0.0000909174536745
22099.4   0.0000910604650343
22100.3   0.0000910825185193
22101.2   0.0000914162845175
22102.1   0.0000913411882832
22103.0   0.0000905715159370
22103.9   0.0000912767161551
22104.8   0.0000913256478969
22105.7   0.0000905643679998
22106.6   0.0000902354553697
22107.5   0.0000909419858889
22108.4   0.0000912671947231
22109.3   0.0000908798266315
22110.2   0.0000904244118713
22111.1   0.0000896181236480
22112.0   0.0000904080742195
22112.9   0.0000906967598288
22113.8   0.0000907523041845
22114.7   0.0000911101551506
22115.6   0.0000906908666984
22116.5   0.0000904105804013
22117.4   0.0000902525994379
22118.3   0.0000900503193371
22119.2   0.0000897116050310
22120.1   0.0000896707546103
22121.0   0.0000900155576457
22121.9   0.0000914195605124
22122.8   0.0000912145431715
22123.7   0.0000905154385457
22124.6   0.0000902577479200
22125.5   0.0000900565133008
22126.4   0.0000900108426838
22127.3   0.0000908744516664
22128.2   0.0000910903928031
22129.1   0.0000908639934188
22130.0   0.0000901110201819
22130.9   0.0000899212572641
22131.8   0.0000900428762859
22132.7   0.0000903255715373
22133.6   0.0000906285392946
22134.5   0.0000906715870568
22135.4   0.0000901436485875
22136.3   0.0000898690277942
22137.2   0.0000899904237647
22138.1   0.0000900633169382
22139.0   0.0000906470170953
22139.9   0.0000914550531258
22140.8   0.0000908954230665
22141.7   0.0000903883965171
22142.6   0.0000902450511522
22143.5   0.0000899536397413
22144.4   0.0000903167535748
22145.3   0.0000910327917997
22146.2   0.0000907545358417
22147.1   0.0000904508657586
22148.0   0.0000902314347266
22148.9   0.0000901282077165
22149.8   0.0000903353903710
22150.7   0.0000907741414814
22151.6   0.0000910254494076
22152.5   0.0000907214899297
22153.4   0.0000902790464621
22154.3   0.0000897566762690
22155.2   0.0000892412126601
22156.1   0.0000898330101523
22157.0   0.0000906519505331
22157.9   0.0000901108909266
22158.8   0.0000890102973444
22159.7   0.0000899595260086
22160.6   0.0000905011312330
22161.5   0.0000903701257538
22162.4   0.0000895090343915
22163.3   0.0000893008840374
22164.2   0.0000890826311739
22165.1   0.0000885824826122
22166.0   0.0000885624914941
22166.9   0.0000896706036217
22167.8   0.0000906266176216
22168.7   0.0000905527258644
22169.6   0.0000897052555032
22170.5   0.0000889642206596
22171.4   0.0000887524054006
22172.3   0.0000889762391226
22173.2   0.0000897411736299
22174.1   0.0000901185284327
22175.0   0.0000892481341144
22175.9   0.0000889151070452
22176.8   0.0000891893938335
22177.7   0.0000901923755797
22178.6   0.0000905702302462
22179.5   0.0000901888536564
22180.4   0.0000893776022552
22181.3   0.0000887094011048
22182.2   0.0000888346747368
22183.1   0.0000891668267585
22184.0   0.0000895215618691
22184.9   0.0000898750124329
22185.8   0.0000890625085127
22186.7   0.0000890590277681
22187.6   0.0000890024836849
22188.5   0.0000892208841054
22189.4   0.0000902806375615
22190.3   0.0000900295618375
22191.2   0.0000888888544760
22192.1   0.0000884063040921
22193.0   0.0000882599686956
22193.9   0.0000890758206734
22194.8   0.0000898486855132
22195.7   0.0000895007597592
22196.6   0.0000886724008932
22197.5   0.0000889509130743
22198.4   0.0000891518868950
22199.3   0.0000900190578357
22200.2   0.0000902820662339
22201.1   0.0000892842752924
22202.0   0.0000888242942712
22202.9   0.0000889493906060
22203.8   0.0000893738561368
22204.7   0.0000902072433804
22205.6   0.0000898844789599
22206.5   0.0000888510055255
22207.4   0.0000888373685105
22208.3   0.0000888272762959
22209.2   0.0000895505070682
22210.1   0.0000900155965367
22211.0   0.0000892515210630
22211.9   0.0000886883290456
22212.8   0.0000874851673127
22213.7   0.0000878716798023
22214.6   0.0000882215123591
22215.5   0.0000890447902303
22216.4   0.0000899102042129
22217.3   0.0000890545976256
22218.2   0.0000876993148879
22219.1   0.0000892375980848
22220.0   0.0000903757626612
22220.9   0.0000896116780366
22221.8   0.0000891031599029
22222.7   0.0000885384065262
22223.6   0.0000889207782681
22224.5   0.0000898670134691
22225.4   0.0000896731612769
22226.3   0.0000887037550466
22227.2   0.0000885066371542
22228.1   0.0000887416440319
22229.0   0.0000893397864764
22229.9   0.0000897617320991
22230.8   0.0000886657185042
22231.7   0.0000881564328451
22232.6   0.0000881258038945
22233.5   0.0000889460036574
22234.4   0.0000896867834218
22235.3   0.0000887823194431
22236.2   0.0000879973903861
22237.1   0.0000885744012911
22238.0   0.0000890440055472
22238.9   0.0000896777572781
22239.8   0.0000887345224034
22240.7   0.0000882806575640
22241.6   0.0000884607594998
22242.5   0.0000892058412952
22243.4   0.0000897922764046
22244.3   0.0000888686631836
22245.2   0.0000884017252487
22246.1   0.0000882930409161
22247.0   0.0000886157355615
22247.9   0.0000904248648370
22248.8   0.0000896262347094
22249.7   0.0000885212738966
22250.6   0.0000879526531531
22251.5   0.0000882015818652
22252.4   0.0000897968975706
22253.3   0.0000898681653291
22254.2   0.0000884007152265
22255.1   0.0000879055938986
22256.0   0.0000871455493627
22256.9   0.0000880095598377
22257.8   0.0000882657394337
22258.7   0.0000877779273262
22259.6   0.0000870176357181
22260.5   0.0000880093001831
22261.4   0.0000892209367226
22262.3   0.0000889899665020
22263.2   0.0000885837991870
22264.1   0.0000881095119968
22265.0   0.0000862094326850
22265.9   0.0000878287990426
22266.8   0.0000890025683300
22267.7   0.0000884635676588
22268.6   0.0000887142441782
22269.5   0.0000888759701163
22270.4   0.0000876771092704
22271.3   0.0000871163467967
22272.2   0.0000887813059894
22273.1   0.0000888014069174
22274.0   0.0000885990650485
22274.9   0.0000890558101097
22275.8   0.0000882994567873
22276.7   0.0000879104232458
22277.6   0.0000878473283167
22278.5   0.0000885758311073
22279.4   0.0000885104484723
22280.3   0.0000877435762781
22281.2   0.0000881337582480
22282.1   0.0000883329590966
22283.0   0.0000889166420959
22283.9   0.0000888606813776
22284.8   0.0000884486209322
22285.7   0.0000883698906770
22286.6   0.0000878933992822
22287.5   0.0000885114916662
22288.4   0.0000884403943418
22289.3   0.0000875778205461
22290.2   0.0000875619793265
22291.1   0.0000881209631088
22292.0   0.0000887454805148
22292.9   0.0000885231887065
22293.8   0.0000886124080933
22294.7   0.0000877799828300
22295.6   0.0000886174833689
22296.5   0.0000889644643003
22297.4   0.0000882186973370
22298.3   0.0000879893388052
22299.2   0.0000886531292586
22300.1   0.0000889882084000
22301.0   0.0000882954807545
22301.9   0.0000874354966419
22302.8   0.0000875598346022
22303.7   0.0000885142597903
22304.6   0.0000893578707917
22305.5   0.0000898327516415
22306.4   0.0000925805094958
22307.3   0.0000901783370723
22308.2   0.0000914915637683
22309.1   0.0000899532737083
22310.0   0.0000880627753089
22310.9   0.0000877982753265
22311.8   0.0000883066012929
22312.7   0.0000887919129379
22313.6   0.0000884638559098
22314.5   0.0000862771705133
22315.4   0.0000851708382209
22316.3   0.0000888859891243
22317.2   0.0000894494282139
22318.1   0.0000883605934402
22319.0   0.0000881541417077
22319.9   0.0000886063982899
22320.8   0.0000888048155992
22321.7   0.0000873542579171
22322.6   0.0000851653648845
22323.5   0.0000864423680451
22324.4   0.0000887388049889
22325.3   0.0000891540190369
22326.2   0.0000889537075071
22327.1   0.0000887330159491
22328.0   0.0000885817185185
22328.9   0.0000886085921998
22329.8   0.0000877139928090
22330.7   0.0000876358504943
22331.6   0.0000884062160154
22332.5   0.0000883852663485
22333.4   0.0000878040552155
22334.3   0.0000878082588751
22335.2   0.0000868069219895
22336.1   0.0000870907164835
22337.0   0.0000884838069930
22337.9   0.0000879091352674
22338.8   0.0000875376358478
22339.7   0.0000883643795935
22340.6   0.0000887543339367
22341.5   0.0000877875128140
22342.4   0.0000874532686853
22343.3   0.0000882191320011
22344.2   0.0000882569420606
22345.1   0.0000869315436253
22346.0   0.0000870440987563
22346.9   0.0000878270535230
22347.8   0.0000880790088700
22348.7   0.0000877369201977
22349.6   0.0000878252405161
22350.5   0.0000876654842928
22351.4   0.0000872240142440
22352.3   0.0000873540943462
22353.2   0.0000872049176189
22354.1   0.0000877400978212
22355.0   0.0000883072029596
22355.9   0.0000879755302123
22356.8   0.0000870209883511
22357.7   0.0000873961149284
22358.6   0.0000874308251464
22359.5   0.0000875485573559
22360.4   0.0000878952065699
22361.3   0.0000881859442514
22362.2   0.0000880377947041
22363.1   0.0000879429830202
22364.0   0.0000867074273715
22364.9   0.0000863782207712
22365.8   0.0000880084480127
22366.7   0.0000882126177585
22367.6   0.0000873281586242
22368.5   0.0000872581010622
22369.4   0.0000881004641200
22370.3   0.0000879399895570
22371.2   0.0000871400920403
22372.1   0.0000870463132556
22373.0   0.0000870413214813
22373.9   0.0000861894472862
22374.8   0.0000863659174888
22375.7   0.0000868626001760
22376.6   0.0000885476934684
22377.5   0.0000876764309656
22378.4   0.0000861606713773
22379.3   0.0000854466817930
22380.2   0.0000849895157940
22381.1   0.0000860312684361
22382.0   0.0000861946358032
22382.9   0.0000866622577621
22383.8   0.0000875387705500
22384.7   0.0000874552955927
22385.6   0.0000869142119653
22386.5   0.0000866109330799
22387.4   0.0000873805894122
22388.3   0.0000881492185645
22389.2   0.0000872773864230
22390.1   0.0000868447983924
22391.0   0.0000872620061762
22391.9   0.0000869702035675
22392.8   0.0000865825884037
22393.7   0.0000871725179839
22394.6   0.0000878811143015
22395.5   0.0000870073719255
22396.4   0.0000861246548793
22397.3   0.0000873139554021
22398.2   0.0000878915370896
22399.1   0.0000878919031226
22400.0   0.0000872866218918
22400.9   0.0000863821636324
22401.8   0.0000847925751988
22402.7   0.0000860632757296
22403.6   0.0000877230052265
22404.5   0.0000869714286340
22405.4   0.0000864575835771
22406.3   0.0000866415849076
22407.2   0.0000867760837137
22408.1   0.0000870501508823
22409.0   0.0000865740712745
22409.9   0.0000863009580794
22410.8   0.0000861308843025
22411.7   0.0000870522212561
22412.6   0.0000869622297686
22413.5   0.0000857961929272
22414.4   0.0000855493197189
22415.3   0.0000865261975967
22416.2   0.0000871254289892
22417.1   0.0000867577809226
22418.0   0.0000862497123231
22418.9   0.0000866359640142
22419.8   0.0000866510491470
22420.7   0.0000864658662164
22421.6   0.0000869574084284
22422.5   0.0000861016451332
22423.4   0.0000853313985728
22424.3   0.0000865105302428
22425.2   0.0000872658769746
22426.1   0.0000865666579635
22427.0   0.0000863862151595
22427.9   0.0000861269197081
22428.8   0.0000860471279574
22429.7   0.0000866583229080
22430.6   0.0000865994682417
22431.5   0.0000865190816875
22432.4   0.0000860790700512
22433.3   0.0000861402684721
22434.2   0.0000864929972646
22435.1   0.0000864760442200
22436.0   0.0000863190092229
22436.9   0.0000857235662714
22437.8   0.0000870123453982
22438.7   0.0000857650618251
22439.6   0.0000852381665498
22440.5   0.0000872974358776
22441.4   0.0000864223185904
22442.3   0.0000847719675439
22443.2   0.0000864006322822
22444.1   0.0000869913774296
22445.0   0.0000868437471916
22445.9   0.0000865718133088
22446.8   0.0000865259413737
22447.7   0.0000868018307000
22448.6   0.0000866170561248
22449.5   0.0000866063862644
22450.4   0.0000860605579349
22451.3   0.0000859010739487
22452.2   0.0000859115573610
22453.1   0.0000862670691478
22454.0   0.0000861885093267
22454.9   0.0000861271210262
22455.8   0.0000864000180332
22456.7   0.0000868443019602
22457.6   0.0000866120094456
22458.5   0.0000858714069784
22459.4   0.0000855505093260
22460.3   0.0000860847733020
22461.2   0.0000861694218524
22462.1   0.0000862920028546
22463.0   0.0000887883875830
22463.9   0.0000891094339364
22464.8   0.0000875261630027
22465.7   0.0000879973800915
22466.6   0.0000876106788661
22467.5   0.0000870220441274
22468.4   0.0000867422954412
22469.3   0.0000866476907947
22470.2   0.0000845280706410
22471.1   0.0000822429738553
22472.0   0.0000832128433461
22472.9   0.0000861462473915
22473.8   0.0000868691487342
22474.7   0.0000860623869558
22475.6   0.0000861266600535
22476.5   0.0000863025640489
22477.4   0.0000862693431275
22478.3   0.0000863300565548
22479.2   0.0000870737828844
22480.1   0.0000893947268778
22481.0   0.0000899088590419
22481.9   0.0000882000365199
22482.8   0.0000861287212765
22483.7   0.0000855411972190
22484.6   0.0000858053803542
22485.5   0.0000860991927124
22486.4   0.0000860476221019
22487.3   0.0000861519163268
22488.2   0.0000851603502331
22489.1   0.0000853355450397
22490.0   0.0000856426729903
22490.9   0.0000858317930628
22491.8   0.0000857310367751
22492.7   0.0000857256732485
22493.6   0.0000858895278969
22494.5   0.0000859598268120
22495.4   0.0000849805239659
22496.3   0.0000841591334520
22497.2   0.0000852992505854
22498.1   0.0000862467977857
22499.0   0.0000861306784089
22499.9   0.0000856328450057
22500.8   0.0000850001399002
22501.7   0.0000849921866906
22502.6   0.0000868365592196
22503.5   0.0000860167186265
22504.4   0.0000835104990503
22505.3   0.0000846177521444
22506.2   0.0000860438862781
22507.1   0.0000856076436373
22508.0   0.0000852401442715
22508.9   0.0000849705301226
22509.8   0.0000847441776363
22510.7   0.0000846747503372
22511.6   0.0000846293633957
22512.5   0.0000852686536626
22513.4   0.0000850032466049
22514.3   0.0000849939413611
22515.2   0.0000846424593682
22516.1   0.0000847099100894
22517.0   0.0000849179586407
22517.9   0.0000872121444819
22518.8   0.0000904867667275
22519.7   0.0000885223571254
22520.6   0.0000841511001727
22521.5   0.0000899119657465
22522.4   0.0000863965144116
22523.3   0.0000837892880439
22524.2   0.0000846067013810
22525.1   0.0000848290069155
22526.0   0.0000843735647028
22526.9   0.0000847739338271
22527.8   0.0000850233406698
22528.7   0.0000837647855697
22529.6   0.0000839866896118
22530.5   0.0000849460402308
22531.4   0.0000843555112716
22532.3   0.0000840831736087
22533.2   0.0000845607756847
22534.1   0.0000844367408455
22535.0   0.0000833379854350
22535.9   0.0000827226760454
22536.8   0.0000826739078746
22537.7   0.0000838215824444
22538.6   0.0000827829227806
22539.5   0.0000809176692159
22540.4   0.0000842387662072
22541.3   0.0000866158825317
22542.2   0.0000848912027762
22543.1   0.0000840621278582
22544.0   0.0000845073085660
22544.9   0.0000845586389674
22545.8   0.0000838984116160
22546.7   0.0000844380471255
22547.6   0.0000848165309113
22548.5   0.0000844438704810
22549.4   0.0000843007950654
22550.3   0.0000840590394552
22551.2   0.0000841997356566
22552.1   0.0000839196129305
22553.0   0.0000831029076384
22553.9   0.0000827051053201
22554.8   0.0000833803514609
22555.7   0.0000845472541989
22556.6   0.0000849414991345
22557.5   0.0000837004129568
22558.4   0.0000821949011471
22559.3   0.0000832391885674
22560.2   0.0000852664803420
22561.1   0.0000851616084714
22562.0   0.0000842109499910
22562.9   0.0000836694717343
22563.8   0.0000845200693895
22564.7   0.0000835028203654
22565.6   0.0000809725066706
22566.5   0.0000835346068953
22567.4   0.0000848475945260
22568.3   0.0000826545481633
22569.2   0.0000833017584680
22570.1   0.0000835030239713
22571.0   0.0000846513711266
22571.9   0.0000850694276493
22572.8   0.0000839442263585
22573.7   0.0000839244159691
22574.6   0.0000828675793380
22575.5   0.0000828413450704
22576.4   0.0000832701560985
22577.3   0.0000826887139072
22578.2   0.0000818635246577
22579.1   0.0000832238998288
22580.0   0.0000836605565444
22580.9   0.0000833374020700
22581.8   0.0000834537364912
22582.7   0.0000817037752976
22583.6   0.0000807895519655
22584.5   0.0000838494947443
22585.4   0.0000850105009203
22586.3   0.0000836321615386
22587.2   0.0000829184945208
22588.1   0.0000830707184723
22589.0   0.0000838167279324
22589.9   0.0000834297212984
22590.8   0.0000828529803427
22591.7   0.0000830962401195
22592.6   0.0000834326518496
22593.5   0.0000830622768375
22594.4   0.0000830195516419
22595.3   0.0000838876296580
22596.2   0.0000849669041087
22597.1   0.0000834564016686
22598.0   0.0000825127538630
22598.9   0.0000830443172022
22599.8   0.0000823882877912
22600.7   0.0000828809647053
22601.6   0.0000828967064097
22602.5   0.0000833202168232
22603.4   0.0000840694267839
22604.3   0.0000836378041652
22605.2   0.0000827193108300
22606.1   0.0000818932213682
22607.0   0.0000806937188209
22607.9   0.0000803176314071
22608.8   0.0000788391053764
22609.7   0.0000807698490983
22610.6   0.0000862897426011
22611.5   0.0000853489098177
22612.4   0.0000841409187376
22613.3   0.0000842875183641
22614.2   0.0000840751414733
22615.1   0.0000801386927698
22616.0   0.0000779265921044
22616.9   0.0000845498290119
22617.8   0.0000851653648845
22618.7   0.0000808091884892
22619.6   0.0000802227899830
22620.5   0.0000811897838275
22621.4   0.0000828574024782
22622.3   0.0000814583868104
22623.2   0.0000797142901509
22624.1   0.0000825984684843
22625.0   0.0000847796050501
22625.9   0.0000842715879240
22626.8   0.0000837880549704
22627.7   0.0000832810410033
22628.6   0.0000829103354177
22629.5   0.0000832603658611
22630.4   0.0000830409863024
22631.3   0.0000829430210159
22632.2   0.0000820878696821
22633.1   0.0000796042126055
22634.0   0.0000799527400261
22634.9   0.0000833084522955
22635.8   0.0000822157318533
22636.7   0.0000820881956802
22637.6   0.0000843421201850
22638.5   0.0000848746477923
22639.4   0.0000846141535830
22640.3   0.0000834240878225
22641.2   0.0000819657073301
22642.1   0.0000823322367086
22643.0   0.0000836462034775
22643.9   0.0000837202862581
22644.8   0.0000797667712685
22645.7   0.0000772772954119
22646.6   0.0000816261591552
22647.5   0.0000852009192659
22648.4   0.0000853679709834
22649.3   0.0000833704800098
22650.2   0.0000812782276820
22651.1   0.0000823318615248
22652.0   0.0000834798415034
22652.9   0.0000826767366229
22653.8   0.0000833949973541
22654.7   0.0000834745637658
22655.6   0.0000829030994039
22656.5   0.0000831763109704
22657.4   0.0000831252356481
22658.3   0.0000826973797372
22659.2   0.0000835890600153
22660.1   0.0000830743216092
22661.0   0.0000832503960387
22661.9   0.0000833201607744
22662.8   0.0000820869660382
22663.7   0.0000819038992356
22664.6   0.0000819524249096
22665.5   0.0000820622805476
22666.4   0.0000831369784426
22667.3   0.0000821934953518
22668.2   0.0000818498201555
22669.1   0.0000827423217199
22670.0   0.0000828745923005
22670.9   0.0000828808674778
22671.8   0.0000811650903298
22672.7   0.0000803210801238
22673.6   0.0000821219507809
22674.5   0.0000832873436331
22675.4   0.0000833730388089
22676.3   0.0000829151338808
22677.2   0.0000817392633356
22678.1   0.0000827384715109
22679.0   0.0000820532269514
22679.9   0.0000783116942234
22680.8   0.0000780202027427
22681.7   0.0000833179153911
22682.6   0.0000844448610576
22683.5   0.0000790713830210
22684.4   0.0000736901462297
22685.3   0.0000795951395638
22686.2   0.0000874607414766
22687.1   0.0000853512535724
22688.0   0.0000836251428568
22688.9   0.0000845620625193
22689.8   0.0000859002183467
22690.7   0.0000848341908571
22691.6   0.0000821577556662
22692.5   0.0000819640258663
22693.4   0.0000817264007091
22694.3   0.0000815187925412
22695.2   0.0000828203267723
22696.1   0.0000817444232563
22697.0   0.0000819930728682
22697.9   0.0000822329925944
22698.8   0.0000815316780448
22699.7   0.0000816735695726
22700.6   0.0000784520850161
22701.5   0.0000750175544147
22702.4   0.0000767390554029
22703.3   0.0000844581160257
22704.2   0.0000906172185819
22705.1   0.0000885099783487
22706.0   0.0000841750650360
22706.9   0.0000816475126022
22707.8   0.0000807716575298
22708.7   0.0000817150662701
22709.6   0.0000823079275455
22710.5   0.0000820363791412
22711.4   0.0000819714814998
22712.3   0.0000799462898393
22713.2   0.0000789866475378
22714.1   0.0000800342658579
22715.0   0.0000820307719740
22715.9   0.0000829706667980
22716.8   0.0000823203612272
22717.7   0.0000817386044763
22718.6   0.0000806036724284
22719.5   0.0000801208154919
22720.4   0.0000795130154969
22721.3   0.0000755750042903
22722.2   0.0000732961186262
22723.1   0.0000780050958767
22724.0   0.0000855952099557
22724.9   0.0000887367975270
22725.8   0.0000604466670218
22726.7   0.0000098948550521
22727.6   0.0000244054239902
22728.5   0.0000050241996765
22729.4   0.0000454859190817
22730.3   0.0000906566197408
22731.2   0.0000986191986512
22732.1   0.0000542300458197
22733.0   0.0000666074830697
22733.9   0.0000881744359468
22734.8   0.0000812050050788
22735.7   0.0000278684731334
22736.6   0.0000471037892796
22737.5   0.0000824853837494
22738.4   0.0000805520308989
22739.3   0.0000811206253338
22740.2   0.0000831974711062
22741.1   0.0000849602137128
22742.0   0.0000826479378370
22742.9   0.0000878738085127
22743.8   0.0000925850585990
22744.7   0.0000869805611561
22745.6   0.0000852071566961
22746.5   0.0000859334655767
22747.4   0.0000846972453495
22748.3   0.0000817266031711
22749.2   0.0000784117367469
22750.1   0.0000808287746834
22751.0   0.0000825175660524
22751.9   0.0000843932812962
22752.8   0.0000884501010779
22753.7   0.0000893384149967
22754.6   0.0000856304600722
22755.5   0.0000820651916533
22756.4   0.0000804016805785
22757.3   0.0000814757013126
22758.2   0.0000815015077792
22759.1   0.0000773059866756
22760.0   0.0000740772592422
22760.9   0.0000754926297196
22761.8   0.0000794152847002
22762.7   0.0000835296974784
22763.6   0.0000864634858584
22764.5   0.0000851331928762
22765.4   0.0000804119855498
22766.3   0.0000775180444315
22767.2   0.0000787104848306
22768.1   0.0000809493264904
22769.0   0.0000827364274456
22769.9   0.0000842254849305
22770.8   0.0000859138610809
22771.7   0.0000841071133073
22772.6   0.0000791476128136
22773.5   0.0000768506050871
22774.4   0.0000782470230649
22775.3   0.0000803897742131
22776.2   0.0000813259538027
22777.1   0.0000816778269933
22778.0   0.0000815768236333
22778.9   0.0000822703737091
22779.8   0.0000831797642625
22780.7   0.0000843012754836
22781.6   0.0000841449187913
22782.5   0.0000829294732215
22783.4   0.0000847318217367
22784.3   0.0000828383619019
22785.2   0.0000829407824957
22786.1   0.0000828286826182
22787.0   0.0000825619612733
22787.9   0.0000816687539516
22788.8   0.0000803970937282
22789.7   0.0000804057378250
22790.6   0.0000810436703384
22791.5   0.0000816404939205
22792.4   0.0000814615861671
22793.3   0.0000812922913541
22794.2   0.0000811197960404
22795.1   0.0000813406717587
22796.0   0.0000811097381414
22796.9   0.0000811669365085
22797.8   0.0000811267289332
22798.7   0.0000817382899167
22799.6   0.0000817966973364
22800.5   0.0000817366164599
22801.4   0.0000821899116605
22802.3   0.0000828290783913
22803.2   0.0000823375567687
22804.1   0.0000830916098028
22805.0   0.0000835481707036
22805.9   0.0000850726052728
22806.8   0.0000854851861713
22807.7   0.0000788945650870
22808.6   0.0000729865119463
22809.5   0.0000728515716129
22810.4   0.0000764860591497
22811.3   0.0000785506439623
22812.2   0.0000804954627948
22813.1   0.0000816063624921
22814.0   0.0000826799943161
22814.9   0.0000824542309141
22815.8   0.0000818096777798
22816.7   0.0000808988963012
22817.6   0.0000808821891849
22818.5   0.0000804493918292
22819.4   0.0000805134979244
22820.3   0.0000804828861315
22821.2   0.0000813391916130
22822.1   0.0000817152710198
22823.0   0.0000816114983918
22823.9   0.0000823340131122
22824.8   0.0000840388676083
22825.7   0.0000860779319175
22826.6   0.0000862856418883
22827.5   0.0000847930384592
22828.4   0.0000838107490130
22829.3   0.0000803635319386
22830.2   0.0000754427817515
22831.1   0.0000740320862012
22832.0   0.0000755932647589
22832.9   0.0000782757051778
22833.8   0.0000795486671059
22834.7   0.0000803008876875
22835.6   0.0000811346443957
22836.5   0.0000830305211917
22837.4   0.0000861824446184
22838.3   0.0000863151384245
22839.2   0.0000820114545853
22840.1   0.0000765714431975
22841.0   0.0000761437760224
22841.9   0.0000772091595228
22842.8   0.0000782051443204
22843.7   0.0000792262778692
22844.6   0.0000802933233879
22845.5   0.0000799295930176
22846.4   0.0000806110113890
22847.3   0.0000815685478572
22848.2   0.0000822968641997
22849.1   0.0000817482814723
22850.0   0.0000807410560317
22850.9   0.0000824750993675
22851.8   0.0000849874374131
22852.7   0.0000827777148181
22853.6   0.0000779802479590
22854.5   0.0000762534898226
22855.4   0.0000776330062291
22856.3   0.0000791000228113
22857.2   0.0000791585915143
22858.1   0.0000794629376144
22859.0   0.0000796978964504
22859.9   0.0000803644641787
22860.8   0.0000805334192675
22861.7   0.0000801484647056
22862.6   0.0000805298001167
22863.5   0.0000809173146215
22864.4   0.0000817706518046
22865.3   0.0000811276577418
22866.2   0.0000801579346642
22867.1   0.0000798259599397
22868.0   0.0000803811632881
22868.9   0.0000803093087330
22869.8   0.0000799739310460
22870.7   0.0000801997104619
22871.6   0.0000809692180933
22872.5   0.0000808960515389
22873.4   0.0000803990096819
22874.3   0.0000808112234036
22875.2   0.0000811775262992
22876.1   0.0000810407741027
22877.0   0.0000795742585281
22877.9   0.0000789941420623
22878.8   0.0000793206617521
22879.7   0.0000801168920763
22880.6   0.0000807351262979
22881.5   0.0000805332717104
22882.4   0.0000802199646662
22883.3   0.0000797471942251
22884.2   0.0000797934562141
22885.1   0.0000797758729064
22886.0   0.0000797651641551
22886.9   0.0000798384450948
22887.8   0.0000802915629982
22888.7   0.0000804260766744
22889.6   0.0000799943293758
22890.5   0.0000803404935962
22891.4   0.0000818975897427
22892.3   0.0000837954431166
22893.2   0.0000827331411561
22894.1   0.0000793829113739
22895.0   0.0000777178869816
22895.9   0.0000792402511769
22896.8   0.0000833891774303
22897.7   0.0000832611825721
22898.6   0.0000796586371292
22899.5   0.0000768975854158
22900.4   0.0000773745675235
22901.3   0.0000780520945070
22902.2   0.0000775588582488
22903.1   0.0000775313497291
22904.0   0.0000783343608136
22904.9   0.0000792184459080
22905.8   0.0000791471461216
22906.7   0.0000793670884559
22907.6   0.0000803120528362
22908.5   0.0000809444113542
22909.4   0.0000804668367307
22910.3   0.0000794262233661
22911.2   0.0000790519123559
22912.1   0.0000794054704419
22913.0   0.0000801556755546
22913.9   0.0000805180252944
22914.8   0.0000799870350254
22915.7   0.0000795386789818
22916.6   0.0000789500556817
22917.5   0.0000795517978314
22918.4   0.0000797811426370
22919.3   0.0000802172972011
22920.2   0.0000807832527672
22921.1   0.0000813936641785
22922.0   0.0000810874089878
22922.9   0.0000803020567052
22923.8   0.0000787800722691
22924.7   0.0000775529410975
22925.6   0.0000777569324023
22926.5   0.0000781327212704
22927.4   0.0000765122762595
22928.3   0.0000728803944198
22929.2   0.0000701919499167
22930.1   0.0000700679288037
22931.0   0.0000709476420921
22931.9   0.0000719210186360
22932.8   0.0000731339179892
22933.7   0.0000738175405651
22934.6   0.0000746095237633
22935.5   0.0000753930618951
22936.4   0.0000751383796026
22937.3   0.0000747315488529
22938.2   0.0000753497190188
22939.1   0.0000748468183469
22940.0   0.0000741163847326
22940.9   0.0000753329032365
22941.8   0.0000765232641110
22942.7   0.0000763124108323
22943.6   0.0000758678409420
22944.5   0.0000761990149694
22945.4   0.0000772040773841
22946.3   0.0000769642628924
22947.2   0.0000759756033291
22948.1   0.0000762171061477
22949.0   0.0000766989336166
22949.9   0.0000760773890844
22950.8   0.0000754148179783
22951.7   0.0000762453913437
22952.6   0.0000768920297220
22953.5   0.0000780993024624
22954.4   0.0000780329258192
22955.3   0.0000764572718023
22956.2   0.0000755326828747
22957.1   0.0000760606465087
22958.0   0.0000772118247002
22958.9   0.0000771528819573
22959.8   0.0000761178997808
22960.7   0.0000751213396251
22961.6   0.0000751521378660
22962.5   0.0000765026152774
22963.4   0.0000775413252707
22964.3   0.0000778330089186
22965.2   0.0000767893391789
22966.1   0.0000759067491003
22967.0   0.0000766370019859
22967.9   0.0000775293914528
22968.8   0.0000783006983649
22969.7   0.0000780333799288
22970.6   0.0000766610972485
22971.5   0.0000754758711299
22972.4   0.0000760875808143
22973.3   0.0000774359180768
22974.2   0.0000782466272918
22975.1   0.0000781014940847
22976.0   0.0000774268530422
22976.9   0.0000793911196627
22977.8   0.0000810748346122
22978.7   0.0000785457986011
22979.6   0.0000776563293909
22980.5   0.0000796879289157
22981.4   0.0000793064859824
22982.3   0.0000790928302639
22983.2   0.0000768657256794
22984.1   0.0000741398245674
22985.0   0.0000743325843800
22985.9   0.0000760868258713
22986.8   0.0000776056921643
22987.7   0.0000781526895115
22988.6   0.0000777554179410
22989.5   0.0000763163433987
22990.4   0.0000752928008957
22991.3   0.0000756437544284
22992.2   0.0000763691802545
22993.1   0.0000762067863064
22994.0   0.0000765289136007
22994.9   0.0000767796427374
22995.8   0.0000774157942718
22996.7   0.0000775919590657
22997.6   0.0000765140046213
22998.5   0.0000749587191940
22999.4   0.0000749451862697
23000.3   0.0000763654593009
23001.2   0.0000770208321404
23002.1   0.0000769087894555
23003.0   0.0000771397470938
23003.9   0.0000771827033477
23004.8   0.0000763948666165
23005.7   0.0000753663803810
23006.6   0.0000753516292532
23007.5   0.0000763238962598
23008.4   0.0000795261034624
23009.3   0.0000804554027765
23010.2   0.0000782997260899
23011.1   0.0000782465826815
23012.0   0.0000775896862299
23012.9   0.0000764621709245
23013.8   0.0000750563390370
23014.7   0.0000752362293600
23015.6   0.0000762810326580
23016.5   0.0000769388682129
23017.4   0.0000774649719420
23018.3   0.0000780776207296
23019.2   0.0000783123187671
23020.1   0.0000779416280516
23021.0   0.0000767249253873
23021.9   0.0000753449571589
23022.8   0.0000747460391822
23023.7   0.0000757366558779
23024.6   0.0000771474932660
23025.5   0.0000776420106395
23026.4   0.0000772050427960
23027.3   0.0000772721583682
23028.2   0.0000772315996301
23029.1   0.0000775806028935
23030.0   0.0000773318983766
23030.9   0.0000759751709526
23031.8   0.0000745522750666
23032.7   0.0000751425718237
23033.6   0.0000761699530973
23034.5   0.0000773155561494
23035.4   0.0000779211336381
23036.3   0.0000769014653650
23037.2   0.0000762546359633
23038.1   0.0000764011555201
23039.0   0.0000768160984750
23039.9   0.0000758538870797
23040.8   0.0000792154490132
23041.7   0.0000837092732418
23042.6   0.0000795782437118
23043.5   0.0000771316085800
23044.4   0.0000773679011485
23045.3   0.0000769289132606
23046.2   0.0000770986438816
23047.1   0.0000771196038432
23048.0   0.0000771602289248
23048.9   0.0000771560012443
23049.8   0.0000759764783766
23050.7   0.0000739448067890
23051.6   0.0000744730106321
23052.5   0.0000748763675004
23053.4   0.0000755861328357
23054.3   0.0000769650613017
23055.2   0.0000773924299313
23056.1   0.0000767830411245
23057.0   0.0000771739151255
23057.9   0.0000770006431357
23058.8   0.0000768398379992
23059.7   0.0000761899259138
23060.6   0.0000745279636159
23061.5   0.0000737737275653
23062.4   0.0000754124113117
23063.3   0.0000765428148457
23064.2   0.0000765591181819
23065.1   0.0000770249214147
23066.0   0.0000770418229860
23066.9   0.0000761607839720
23067.8   0.0000764255607668
23068.7   0.0000772803586501
23069.6   0.0000769082964549
23070.5   0.0000755940414350
23071.4   0.0000746539510121
23072.3   0.0000747168972404
23073.2   0.0000750093335435
23074.1   0.0000751112851576
23075.0   0.0000764340538750
23075.9   0.0000767193239394
23076.8   0.0000762431139324
23077.7   0.0000768948836351
23078.6   0.0000783411541563
23079.5   0.0000777690492367
23080.4   0.0000773949830111
23081.3   0.0000755150789777
23082.2   0.0000754578531581
23083.1   0.0000776975389813
23084.0   0.0000778857176629
23084.9   0.0000771722656895
23085.8   0.0000767904304146
23086.7   0.0000762891414316
23087.6   0.0000761202709880
23088.5   0.0000768653916743
23089.4   0.0000775310134363
23090.3   0.0000776198164606
23091.2   0.0000770470744149
23092.1   0.0000748870487993
23093.0   0.0000734199281264
23093.9   0.0000738643653298
23094.8   0.0000750848415649
23095.7   0.0000757324087518
23096.6   0.0000756095246287
23097.5   0.0000753893386537
23098.4   0.0000757986950307
23099.3   0.0000766868133506
23100.2   0.0000769544623602
23101.1   0.0000766095964129
23102.0   0.0000763684356063
23102.9   0.0000758118367573
23103.8   0.0000750903892518
23104.7   0.0000746355349795
23105.6   0.0000744591654359
23106.5   0.0000751210502303
23107.4   0.0000754773512756
23108.3   0.0000757357613849
23109.2   0.0000759315855796
23110.1   0.0000762810017739
23111.0   0.0000764690386177
23111.9   0.0000767025607743
23112.8   0.0000766364151894
23113.7   0.0000763230909873
23114.6   0.0000761402220712
23115.5   0.0000763313484618
23116.4   0.0000759523956964
23117.3   0.0000779548647180
23118.2   0.0000778083829083
23119.1   0.0000762693264668
23120.0   0.0000779380718127
23120.9   0.0000770561771967
23121.8   0.0000770113781957
23122.7   0.0000763556942282
23123.6   0.0000758623115568
23124.5   0.0000758757106503
23125.4   0.0000759984895390
23126.3   0.0000761850496686
23127.2   0.0000762768484438
23128.1   0.0000760287295796
23129.0   0.0000745524878233
23129.9   0.0000735443164162
23130.8   0.0000739590580530
23131.7   0.0000753194744028
23132.6   0.0000754559658007
23133.5   0.0000755365902764
23134.4   0.0000755196406633
23135.3   0.0000751033582566
23136.2   0.0000747787099103
23137.1   0.0000753082120266
23138.0   0.0000756194349707
23138.9   0.0000756723484646
23139.8   0.0000754769669410
23140.7   0.0000751469299035
23141.6   0.0000739769090222
23142.5   0.0000730665324676
23143.4   0.0000731174991238
23144.3   0.0000741964670219
23145.2   0.0000754819335506
23146.1   0.0000758520420449
23147.0   0.0000752457828199
23147.9   0.0000752825359592
23148.8   0.0000757339678234
23149.7   0.0000762749370655
23150.6   0.0000763359124351
23151.5   0.0000762686069833
23152.4   0.0000758416009551
23153.3   0.0000754465930696
23154.2   0.0000749897198969
23155.1   0.0000745095693165
23156.0   0.0000736808867401
23156.9   0.0000740060200800
23157.8   0.0000749097462735
23158.7   0.0000750445264675
23159.6   0.0000748280934740
23160.5   0.0000750149510054
23161.4   0.0000755520094143
23162.3   0.0000755628394141
23163.2   0.0000751449258731
23164.1   0.0000750914015616
23165.0   0.0000743263343674
23165.9   0.0000746449500332
23166.8   0.0000747120152760
23167.7   0.0000742534697902
23168.6   0.0000732701920551
23169.5   0.0000723825152624
23170.4   0.0000720330372999
23171.3   0.0000721523972122
23172.2   0.0000743784666098
23173.1   0.0000757993607531
23174.0   0.0000752698311844
23174.9   0.0000751499084966
23175.8   0.0000774872484783
23176.7   0.0000839655592161
23177.6   0.0000819694545924
23178.5   0.0000757596724871
23179.4   0.0000772763402946
23180.3   0.0000768235769856
23181.2   0.0000750905093563
23182.1   0.0000751999806597
23183.0   0.0000728298715785
23183.9   0.0000723691825123
23184.8   0.0000734947601307
23185.7   0.0000745285527002
23186.6   0.0000749828098812
23187.5   0.0000749954574633
23188.4   0.0000742966410885
23189.3   0.0000740700792772
23190.2   0.0000744483011205
23191.1   0.0000752571035326
23192.0   0.0000756179948598
23192.9   0.0000754819895994
23193.8   0.0000741218923846
23194.7   0.0000744373292830
23195.6   0.0000754338951579
23196.5   0.0000750882674045
23197.4   0.0000740375366605
23198.3   0.0000736582750548
23199.2   0.0000739294574262
23200.1   0.0000735724529113
23201.0   0.0000732893435851
23201.9   0.0000743067985028
23202.8   0.0000755535844998
23203.7   0.0000758740966738
23204.6   0.0000754306969451
23205.5   0.0000750481993793
23206.4   0.0000745887388112
23207.3   0.0000746412313673
23208.2   0.0000747579386845
23209.1   0.0000747099437582
23210.0   0.0000746407097703
23210.9   0.0000752723922712
23211.8   0.0000751924289425
23212.7   0.0000733028318992
23213.6   0.0000722652611834
23214.5   0.0000735943954426
23215.4   0.0000745936997015
23216.3   0.0000746478302550
23217.2   0.0000737753529804
23218.1   0.0000723077518892
23219.0   0.0000685671811415
23219.9   0.0000643954201516
23220.8   0.0000637213967896
23221.7   0.0000653295979985
23222.6   0.0000666500458383
23223.5   0.0000670574988440
23224.4   0.0000680987173068
23225.3   0.0000691320694929
23226.2   0.0000692691511189
23227.1   0.0000693335100056
23228.0   0.0000696666388777
23228.9   0.0000691929270456
23229.8   0.0000694903448284
23230.7   0.0000707551602357
23231.6   0.0000714713391545
23232.5   0.0000709872033904
23233.4   0.0000708551581489
23234.3   0.0000716960113208
23235.2   0.0000722696970452
23236.1   0.0000711062693324
23237.0   0.0000711331773294
23237.9   0.0000732463427209
23238.8   0.0000732533156485
23239.7   0.0000714688718637
23240.6   0.0000706158572472
23241.5   0.0000716531831784
23242.4   0.0000728205125736
23243.3   0.0000721727154722
23244.2   0.0000708861725780
23245.1   0.0000700119589346
23246.0   0.0000710337879460
23246.9   0.0000723164257262
23247.8   0.0000731853902284
23248.7   0.0000725166606179
23249.6   0.0000718935833228
23250.5   0.0000723477364132
23251.4   0.0000729496981827
23252.3   0.0000732721114403
23253.2   0.0000733501519522
23254.1   0.0000717757607490
23255.0   0.0000708111186662
23255.9   0.0000719541537685
23256.8   0.0000738584035682
23257.7   0.0000746042723344
23258.6   0.0000742051305642
23259.5   0.0000723210915024
23260.4   0.0000703803871090
23261.3   0.0000698831965511
23262.2   0.0000709856820660
23263.1   0.0000729091440200
23264.0   0.0000745649375189
23264.9   0.0000742329353419
23265.8   0.0000727134822524
23266.7   0.0000711455206467
23267.6   0.0000708536391122
23268.5   0.0000718147020791
23269.4   0.0000734665298397
23270.3   0.0000744222818973
23271.2   0.0000744331770967
23272.1   0.0000732166071194
23273.0   0.0000714680208371
23273.9   0.0000708125095914
23274.8   0.0000715989691236
23275.7   0.0000728207333372
23276.6   0.0000732090828547
23277.5   0.0000731912524748
23278.4   0.0000726717064547
23279.3   0.0000717684778372
23280.2   0.0000711741306968
23281.1   0.0000719090470710
23282.0   0.0000726174054671
23282.9   0.0000718224768476
23283.8   0.0000722354924102
23284.7   0.0000750456417241
23285.6   0.0000750756541380
23286.5   0.0000728588224968
23287.4   0.0000714682461761
23288.3   0.0000714881354914
23289.2   0.0000721231317343
23290.1   0.0000730387940334
23291.0   0.0000734411706197
23291.9   0.0000745717400124
23292.8   0.0000747952969221
23293.7   0.0000729963101907
23294.6   0.0000709940802344
23295.5   0.0000704160490126
23296.4   0.0000712891634133
23297.3   0.0000728155974374
23298.2   0.0000742814038233
23299.1   0.0000747112500383
23300.0   0.0000746263841559
23300.9   0.0000746584829576
23301.8   0.0000740677034946
23302.7   0.0000722834690348
23303.6   0.0000707176201255
23304.5   0.0000712411719187
23305.4   0.0000724925802255
23306.3   0.0000734205217861
23307.2   0.0000739944648774
23308.1   0.0000751014274328
23309.0   0.0000751886896872
23309.9   0.0000743635610619
23310.8   0.0000728941423884
23311.7   0.0000709199333980
23312.6   0.0000706421647213
23313.5   0.0000717045421762
23314.4   0.0000730472848539
23315.3   0.0000741885458402
23316.2   0.0000749670681768
23317.1   0.0000753110739467
23318.0   0.0000753792658845
23318.9   0.0000746449546086
23319.8   0.0000725026426999
23320.7   0.0000701586191854
23321.6   0.0000706024192626
23322.5   0.0000725655774896
23323.4   0.0000737317984913
23324.3   0.0000744149715331
23325.2   0.0000744536657909
23326.1   0.0000745957666438
23327.0   0.0000745314535113
23327.9   0.0000741528198808
23328.8   0.0000725499318689
23329.7   0.0000704682212899
23330.6   0.0000701642904083
23331.5   0.0000714816372627
23332.4   0.0000729457301568
23333.3   0.0000742218411121
23334.2   0.0000750655985266
23335.1   0.0000754258790364
23336.0   0.0000750924756396
23336.9   0.0000741588765822
23337.8   0.0000729496146815
23338.7   0.0000732138675916
23339.6   0.0000725040084604
23340.5   0.0000716260864457
23341.4   0.0000721527712521
23342.3   0.0000730181840908
23343.2   0.0000737733295045
23344.1   0.0000746420446467
23345.0   0.0000745153617879
23345.9   0.0000738134158314
23346.8   0.0000727099568976
23347.7   0.0000725212989417
23348.6   0.0000727895850773
23349.5   0.0000720897083509
23350.4   0.0000715730082369
23351.3   0.0000726246712211
23352.2   0.0000736536699028
23353.1   0.0000739477819505
23354.0   0.0000739900793452
23354.9   0.0000743895551204
23355.8   0.0000747245633429
23356.7   0.0000763582438764
23357.6   0.0000791530941570
23358.5   0.0000764150396073
23359.4   0.0000738759479848
23360.3   0.0000731002017794
23361.2   0.0000717241009179
23362.1   0.0000719078803409
23363.0   0.0000728838568627
23363.9   0.0000736194115067
23364.8   0.0000740320072753
23365.7   0.0000739839345671
23366.6   0.0000738694017144
23367.5   0.0000736590517310
23368.4   0.0000745605840145
23369.3   0.0000749029300538
23370.2   0.0000744941410278
23371.1   0.0000724412658380
23372.0   0.0000703453440298
23372.9   0.0000711593452535
23373.8   0.0000726701977127
23374.7   0.0000736829616893
23375.6   0.0000744439464723
23376.5   0.0000745314615182
23377.4   0.0000745192108531
23378.3   0.0000748602117212
23379.2   0.0000740958880314
23380.1   0.0000731498106822
23381.0   0.0000727535274006
23381.9   0.0000724110212219
23382.8   0.0000716785412546
23383.7   0.0000706285585904
23384.6   0.0000706365335332
23385.5   0.0000723730853386
23386.4   0.0000735350660774
23387.3   0.0000747578952181
23388.2   0.0000750167560054
23389.1   0.0000745686939320
23390.0   0.0000741914603776
23390.9   0.0000740067578652
23391.8   0.0000742117866446
23392.7   0.0000739933404700
23393.6   0.0000737436568149
23394.5   0.0000728649112261
23395.4   0.0000724678478368
23396.3   0.0000722940691202
23397.2   0.0000725602814504
23398.1   0.0000737034904183
23399.0   0.0000739335695775
23399.9   0.0000741336683507
23400.8   0.0000733798726836
23401.7   0.0000721280788983
23402.6   0.0000730172038088
23403.5   0.0000749405307882
23404.4   0.0000742640618686
23405.3   0.0000735536182285
23406.2   0.0000728276971140
23407.1   0.0000714924020629
23408.0   0.0000713881787568
23408.9   0.0000717245332943
23409.8   0.0000726552098074
23410.7   0.0000733051779416
23411.6   0.0000728659864479
23412.5   0.0000728540663562
23413.4   0.0000733112998426
23414.3   0.0000739076601642
23415.2   0.0000740922002495
23416.1   0.0000744423896885
23417.0   0.0000750613388182
23417.9   0.0000741805137048
23418.8   0.0000725577603985
23419.7   0.0000725326848540
23420.6   0.0000721681881022
23421.5   0.0000718256727728
23422.4   0.0000714946943442
23423.3   0.0000721249527482
23424.2   0.0000733649648480
23425.1   0.0000739729684488
23426.0   0.0000748850447689
23426.9   0.0000758126957909
23427.8   0.0000753771154410
23428.7   0.0000747101839674
23429.6   0.0000744229544829
23430.5   0.0000735731037636
23431.4   0.0000728816972683
23432.3   0.0000719079947262
23433.2   0.0000700939857740
23434.1   0.0000711970500785
23435.0   0.0000723756487131
23435.9   0.0000727870754640
23436.8   0.0000735093568383
23437.7   0.0000742676158197
23438.6   0.0000746895008182
23439.5   0.0000744985631633
23440.4   0.0000742686670206
23441.3   0.0000743085142822
23442.2   0.0000734347936395
23443.1   0.0000730642264601
23444.0   0.0000732391421665
23444.9   0.0000716989979209
23445.8   0.0000704973506493
23446.7   0.0000704258026468
23447.6   0.0000712235291306
23448.5   0.0000721045601377
23449.4   0.0000738533763344
23450.3   0.0000742570958041
23451.2   0.0000739059169323
23452.1   0.0000733351320190
23453.0   0.0000733903091979
23453.9   0.0000739952186765
23454.8   0.0000737225321385
23455.7   0.0000731049853725
23456.6   0.0000728919347522
23457.5   0.0000729899377859
23458.4   0.0000731857288089
23459.3   0.0000727293360544
23460.2   0.0000717279602778
23461.1   0.0000717034783929
23462.0   0.0000722213704016
23462.9   0.0000730771336968
23463.8   0.0000741937721044
23464.7   0.0000744111201802
23465.6   0.0000725271566127
23466.5   0.0000723675113431
23467.4   0.0000747186908018
23468.3   0.0000749571006421
23469.2   0.0000733607200097
23470.1   0.0000735506350600
23471.0   0.0000736500027102
23471.9   0.0000731573155014
23472.8   0.0000723743515838
23473.7   0.0000714126411962
23474.6   0.0000708540280222
23475.5   0.0000721829975665
23476.4   0.0000728147921650
23477.3   0.0000734962951814
23478.2   0.0000730353784885
23479.1   0.0000720106223574
23480.0   0.0000721721812929
23480.9   0.0000727227874962
23481.8   0.0000726648044460
23482.7   0.0000714255358506
23483.6   0.0000718046178714
23484.5   0.0000733152598616
23485.4   0.0000732598756452
23486.3   0.0000730271301648
23487.2   0.0000732629880691
23488.1   0.0000728323663218
23489.0   0.0000720446554144
23489.9   0.0000710206290616
23490.8   0.0000704472121426
23491.7   0.0000723739043373
23492.6   0.0000731311407142
23493.5   0.0000729157246060
23494.4   0.0000727065173317
23495.3   0.0000723299266227
23496.2   0.0000729949444303
23497.1   0.0000743564428650
23498.0   0.0000785913834292
23498.9   0.0000792991790497
23499.8   0.0000750923509596
23500.7   0.0000733290970508
23501.6   0.0000715598070299
23502.5   0.0000698691431737
23503.4   0.0000700526206195
23504.3   0.0000721115136198
23505.2   0.0000721643687772
23506.1   0.0000717218006296
23507.0   0.0000704747012169
23507.9   0.0000697689199214
23508.8   0.0000716051768136
23509.7   0.0000727270014505
23510.6   0.0000724828368860
23511.5   0.0000723709291758
23512.4   0.0000727229499233
23513.3   0.0000723812307155
23514.2   0.0000714754009764
23515.1   0.0000717439593491
23516.0   0.0000715097222844
23516.9   0.0000670626953680
23517.8   0.0000631001370769
23518.7   0.0000619921690747
23519.6   0.0000628150317273
23520.5   0.0000638444993887
23521.4   0.0000647218734978
23522.3   0.0000645600743532
23523.2   0.0000666446457085
23524.1   0.0000690137310413
23525.0   0.0000692938343219
23525.9   0.0000683197394383
23526.8   0.0000677907097333
23527.7   0.0000680668026655
23528.6   0.0000682939524172
23529.5   0.0000682071763004
23530.4   0.0000673492488354
23531.3   0.0000673916937870
23532.2   0.0000673221566781
23533.1   0.0000672544531654
23534.0   0.0000675703018509
23534.9   0.0000675964640557
23535.8   0.0000680639144367
23536.7   0.0000674848114247
23537.6   0.0000681358479177
23538.5   0.0000697399163858
23539.4   0.0000703059337200
23540.3   0.0000694172446174
23541.2   0.0000689836534278
23542.1   0.0000688294677685
23543.0   0.0000689869488682
23543.9   0.0000719842233750
23544.8   0.0000752501031525
23545.7   0.0000702874845157
23546.6   0.0000688716850934
23547.5   0.0000693634354866
23548.4   0.0000703606053159
23549.3   0.0000706509803961
23550.2   0.0000699286658500
23551.1   0.0000689604698161
23552.0   0.0000682201647507
23552.9   0.0000680842361284
23553.8   0.0000691046364674
23554.7   0.0000703754010539
23555.6   0.0000699271056346
23556.5   0.0000688621705245
23557.4   0.0000681243670655
23558.3   0.0000688257674041
23559.2   0.0000711500159888
23560.1   0.0000701707600407
23561.0   0.0000700766117915
23561.9   0.0000695918263189
23562.8   0.0000684585139668
23563.7   0.0000682542527127
23564.6   0.0000688827964810
23565.5   0.0000695211442131
23566.4   0.0000700575826537
23567.3   0.0000702213297799
23568.2   0.0000698570755250
23569.1   0.0000685511591932
23570.0   0.0000672642937324
23570.9   0.0000676927947764
23571.8   0.0000699234453051
23572.7   0.0000714166160852
23573.6   0.0000715212157189
23574.5   0.0000711362588693
23575.4   0.0000705349616783
23576.3   0.0000692153648652
23577.2   0.0000689098531789
23578.1   0.0000693671587280
23579.0   0.0000707011372044
23579.9   0.0000718316574114
23580.8   0.0000713164328678
23581.7   0.0000694738184409
23582.6   0.0000686656897582
23583.5   0.0000692074356765
23584.4   0.0000698310597333
23585.3   0.0000660648666794
23586.2   0.0000641876404058
23587.1   0.0000662919535192
23588.0   0.0000692754709065
23588.9   0.0000706270040942
23589.8   0.0000702632073805
23590.7   0.0000687448798423
23591.6   0.0000679644015172
23592.5   0.0000687395723646
23593.4   0.0000702295209109
23594.3   0.0000709315183408
23595.2   0.0000711273837142
23596.1   0.0000712785793419
23597.0   0.0000712985635969
23597.9   0.0000702113576698
23598.8   0.0000689613871862
23599.7   0.0000680961916795
23600.6   0.0000685160371881
23601.5   0.0000700155803731
23602.4   0.0000718876146981
23603.3   0.0000714401794561
23604.2   0.0000703089386217
23605.1   0.0000697737183846
23606.0   0.0000701581467741
23606.9   0.0000697315124981
23607.8   0.0000685090413834
23608.7   0.0000680779380740
23609.6   0.0000685876927128
23610.5   0.0000700667895261
23611.4   0.0000707990361474
23612.3   0.0000712869500578
23613.2   0.0000704858068852
23614.1   0.0000682935371986
23615.0   0.0000682339127194
23615.9   0.0000725060982797
23616.8   0.0000705396251668
23617.7   0.0000677219950547
23618.6   0.0000684884154269
23619.5   0.0000699289426624
23620.4   0.0000705943299345
23621.3   0.0000703737344602
23622.2   0.0000696380345468
23623.1   0.0000687601605739
23624.0   0.0000685408862498
23624.9   0.0000686991074224
23625.8   0.0000684209326779
23626.7   0.0000678902009197
23627.6   0.0000679867878634
23628.5   0.0000691093674432
23629.4   0.0000702561383692
23630.3   0.0000708164501649
23631.2   0.0000708008685999
23632.1   0.0000706607523319
23633.0   0.0000703624160352
23633.9   0.0000705774546718
23634.8   0.0000704193593231
23635.7   0.0000689655359408
23636.6   0.0000679568040458
23637.5   0.0000681794012628
23638.4   0.0000699704290653
23639.3   0.0000716028399220
23640.2   0.0000718473785265
23641.1   0.0000710321339346
23642.0   0.0000700804345480
23642.9   0.0000692257968042
23643.8   0.0000690360933666
23644.7   0.0000701952705218
23645.6   0.0000695110531423
23646.5   0.0000675393686354
23647.4   0.0000667424508556
23648.3   0.0000675278420291
23649.2   0.0000689069466485
23650.1   0.0000697639224278
23651.0   0.0000703907241082
23651.9   0.0000704533477699
23652.8   0.0000701908678318
23653.7   0.0000701577658711
23654.6   0.0000701253673799
23655.5   0.0000694809492202
23656.4   0.0000681771444410
23657.3   0.0000671868731888
23658.2   0.0000675005737185
23659.1   0.0000682041828372
23660.0   0.0000671090259881
23660.9   0.0000670492001908
23661.8   0.0000686450340615
23662.7   0.0000701381682383
23663.6   0.0000699260281251
23664.5   0.0000697969706275
23665.4   0.0000701767240900
23666.3   0.0000700107041279
23667.2   0.0000691183489766
23668.1   0.0000678620221021
23669.0   0.0000672311505930
23669.9   0.0000674666344574
23670.8   0.0000685326161929
23671.7   0.0000691174968062
23672.6   0.0000684280268539
23673.5   0.0000665521949371
23674.4   0.0000677639001077
23675.3   0.0000686519875436
23676.2   0.0000693508016307
23677.1   0.0000706019857424
23678.0   0.0000708942047135
23678.9   0.0000693646388199
23679.8   0.0000670795877884
23680.7   0.0000667724655572
23681.6   0.0000679800391310
23682.5   0.0000691588001926
23683.4   0.0000698752113136
23684.3   0.0000706783116186
23685.2   0.0000708866953188
23686.1   0.0000707852275545
23687.0   0.0000703044524304
23687.9   0.0000696609493531
23688.8   0.0000700591771847
23689.7   0.0000709581804094
23690.6   0.0000697532800199
23691.5   0.0000678227444793
23692.4   0.0000677297881248
23693.3   0.0000694786455003
23694.2   0.0000706881224454
23695.1   0.0000706963810638
23696.0   0.0000698886573051
23696.9   0.0000692558892878
23697.8   0.0000691709787950
23698.7   0.0000680780764802
23699.6   0.0000670884366349
23700.5   0.0000691269267300
23701.4   0.0000696534216568
23702.3   0.0000675074894535
23703.2   0.0000680320695704
23704.1   0.0000669510656140
23705.0   0.0000656763638856
23705.9   0.0000673361711645
23706.8   0.0000707742179698
23707.7   0.0000718266198830
23708.6   0.0000703099726648
23709.5   0.0000698208062354
23710.4   0.0000706610817615
23711.3   0.0000693353516088
23712.2   0.0000672673501075
23713.1   0.0000692611258466
23714.0   0.0000704125659804
23714.9   0.0000689263795664
23715.8   0.0000684842895493
23716.7   0.0000684588182317
23717.6   0.0000684820178573
23718.5   0.0000692640220823
23719.4   0.0000680378528910
23720.3   0.0000682856320308
23721.2   0.0000695314743492
23722.1   0.0000692984200284
23723.0   0.0000677247208562
23723.9   0.0000682493364326
23724.8   0.0000698361281458
23725.7   0.0000687797204595
23726.6   0.0000682062326217
23727.5   0.0000694235197948
23728.4   0.0000701984996187
23729.3   0.0000694596472466
23730.2   0.0000677320952763
23731.1   0.0000668315741587
23732.0   0.0000676487552937
23732.9   0.0000683966612620
23733.8   0.0000678466361360
23734.7   0.0000678392868807
23735.6   0.0000685480330430
23736.5   0.0000688510740070
23737.4   0.0000691788565104
23738.3   0.0000694233733816
23739.2   0.0000694057557583
23740.1   0.0000692415007614
23741.0   0.0000688619337469
23741.9   0.0000684957704014
23742.8   0.0000676764502615
23743.7   0.0000662467942045
23744.6   0.0000662716089505
23745.5   0.0000677663754055
23746.4   0.0000681290031016
23747.3   0.0000676975223206
23748.2   0.0000673335837691
23749.1   0.0000678419165987
23750.0   0.0000681625877682
23750.9   0.0000675771992842
23751.8   0.0000675650000924
23752.7   0.0000686138137389
23753.6   0.0000694150621460
23754.5   0.0000694986663586
23755.4   0.0000693157093659
23756.3   0.0000688889183821
23757.2   0.0000676835924793
23758.1   0.0000663983856053
23759.0   0.0000663217417379
23759.9   0.0000671560188992
23760.8   0.0000681902003786
23761.7   0.0000686961700080
23762.6   0.0000692023535378
23763.5   0.0000701126477350
23764.4   0.0000697016293396
23765.3   0.0000686787285381
23766.2   0.0000683345580534
23767.1   0.0000679437595467
23768.0   0.0000684638042867
23768.9   0.0000690992969618
23769.8   0.0000684595308520
23770.7   0.0000677651995247
23771.6   0.0000671928303750
23772.5   0.0000660128591170
23773.4   0.0000657811842829
23774.3   0.0000661137972773
23775.2   0.0000663153395929
23776.1   0.0000667589017488
23777.0   0.0000678655211483
23777.9   0.0000694883785451
23778.8   0.0000699117837242
23779.7   0.0000672428259001
23780.6   0.0000650614010834
23781.5   0.0000674265881654
23782.4   0.0000704292204794
23783.3   0.0000705651662595
23784.2   0.0000696430583490
23785.1   0.0000688311549516
23786.0   0.0000680412524220
23786.9   0.0000668454605336
23787.8   0.0000660514824559
23788.7   0.0000661513419629
23789.6   0.0000668661368197
23790.5   0.0000674811156358
23791.4   0.0000676267201103
23792.3   0.0000676299068846
23793.2   0.0000679775089282
23794.1   0.0000677984616248
23795.0   0.0000677825197462
23795.9   0.0000680950329564
23796.8   0.0000674050951683
23797.7   0.0000677738825125
23798.6   0.0000682582276017
23799.5   0.0000683061790615
23800.4   0.0000681246953513
23801.3   0.0000678843661258
23802.2   0.0000657108682100
23803.1   0.0000635095300572
23804.0   0.0000648103150646
23804.9   0.0000676352532534
23805.8   0.0000682015771401
23806.7   0.0000676647635158
23807.6   0.0000676975886641
23808.5   0.0000681439418212
23809.4   0.0000682617472372
23810.3   0.0000682428038884
23811.2   0.0000680532194116
23812.1   0.0000682178553116
23813.0   0.0000684225638122
23813.9   0.0000686092074430
23814.8   0.0000686558343211
23815.7   0.0000683897592532
23816.6   0.0000677648048954
23817.5   0.0000671343680504
23818.4   0.0000664413899011
23819.3   0.0000662611038050
23820.2   0.0000668430973334
23821.1   0.0000654741730053
23822.0   0.0000616245404536
23822.9   0.0000598174712573
23823.8   0.0000603430819857
23824.7   0.0000617333002804
23825.6   0.0000623403064415
23826.5   0.0000630706336776
23827.4   0.0000633143201115
23828.3   0.0000628277914071
23829.2   0.0000629999561472
23830.1   0.0000636807865781
23831.0   0.0000637403035351
23831.9   0.0000640297109157
23832.8   0.0000648416554918
23833.7   0.0000648562144522
23834.6   0.0000635256103421
23835.5   0.0000643159372411
23836.4   0.0000655540608397
23837.3   0.0000653571625671
23838.2   0.0000647170738908
23839.1   0.0000658094065669
23840.0   0.0000656615670037
23840.9   0.0000647339182695
23841.8   0.0000650026470762
23842.7   0.0000651801639044
23843.6   0.0000649134459911
23844.5   0.0000643590273259
23845.4   0.0000645533519294
23846.3   0.0000655930261907
23847.2   0.0000659031910708
23848.1   0.0000661177218368
23849.0   0.0000657820501796
23849.9   0.0000649083421192
23850.8   0.0000643691081020
23851.7   0.0000644156560542
23852.6   0.0000657354965081
23853.5   0.0000674976591811
23854.4   0.0000683272717100
23855.3   0.0000677123786828
23856.2   0.0000670268447286
23857.1   0.0000660522648513
23858.0   0.0000649642056099
23858.9   0.0000657165520154
23859.8   0.0000662138432323
23860.7   0.0000651441474063
23861.6   0.0000656619456191
23862.5   0.0000663294272860
23863.4   0.0000666081430729
23864.3   0.0000665099032617
23865.2   0.0000659039254244
23866.1   0.0000659629013391
23867.0   0.0000648583077031
23867.9   0.0000650055272980
23868.8   0.0000653608938154
23869.7   0.0000659405927748
23870.6   0.0000668091477776
23871.5   0.0000668740877416
23872.4   0.0000650662658900
23873.3   0.0000644517800745
23874.2   0.0000647999895040
23875.1   0.0000664609234781
23876.0   0.0000672399765624
23876.9   0.0000674047931911
23877.8   0.0000682662071199
23878.7   0.0000680659116040
23879.6   0.0000670218014809
23880.5   0.0000655665071037
23881.4   0.0000667028849818
23882.3   0.0000666169393021
23883.2   0.0000667212346709
23884.1   0.0000662107067875
23885.0   0.0000652902300113
23885.9   0.0000638186368734
23886.8   0.0000636722660174
23887.7   0.0000663966137771
23888.6   0.0000652876105880
23889.5   0.0000673396587722
23890.4   0.0000685394941807
23891.3   0.0000676629459334
23892.2   0.0000673706331664
23893.1   0.0000673080564027
23894.0   0.0000662300093062
23894.9   0.0000656227331958
23895.8   0.0000657469213114
23896.7   0.0000655447167049
23897.6   0.0000654266779428
23898.5   0.0000661046956393
23899.4   0.0000665088623555
23900.3   0.0000670282539554
23901.2   0.0000699920570370
23902.1   0.0000709204458442
23903.0   0.0000675683744587
23903.9   0.0000651533760120
23904.8   0.0000658560197187
23905.7   0.0000666810065063
23906.6   0.0000671361444540
23907.5   0.0000673370782399
23908.4   0.0000671525107022
23909.3   0.0000673596064239
23910.2   0.0000675130508665
23911.1   0.0000665372070318
23912.0   0.0000662877921822
23912.9   0.0000679052105582
23913.8   0.0000750756152470
23914.7   0.0000776111975286
23915.6   0.0000723280266829
23916.5   0.0000697874400446
23917.4   0.0000672733004306
23918.3   0.0000666758134138
23919.2   0.0000660010145196
23920.1   0.0000647883290669
23921.0   0.0000634350583666
23921.9   0.0000637565553980
23922.8   0.0000647392577751
23923.7   0.0000662781895366
23924.6   0.0000670257798015
23925.5   0.0000671645234459
23926.4   0.0000670675270029
23927.3   0.0000667157773485
23928.2   0.0000665008450901
23929.1   0.0000658629434607
23930.0   0.0000651793083023
23930.9   0.0000650658929939
23931.8   0.0000657223055958
23932.7   0.0000661464794440
23933.6   0.0000666243480377
23934.5   0.0000669256560644
23935.4   0.0000674299179213
23936.3   0.0000673792052005
23937.2   0.0000667315304914
23938.1   0.0000664456335956
23939.0   0.0000656679268262
23939.9   0.0000650893293972
23940.8   0.0000659658067256
23941.7   0.0000677484203457
23942.6   0.0000672799816757
23943.5   0.0000674219052314
23944.4   0.0000663762154473
23945.3   0.0000659018230227
23946.2   0.0000650085287681
23947.1   0.0000650650717075
23948.0   0.0000660899216345
23948.9   0.0000658178390509
23949.8   0.0000647525253255
23950.7   0.0000644713399600
23951.6   0.0000660538296422
23952.5   0.0000664684843461
23953.4   0.0000665195745384
23954.3   0.0000668380037562
23955.2   0.0000673820076402
23956.1   0.0000668329879610
23957.0   0.0000662028908403
23957.9   0.0000663994756972
23958.8   0.0000663330864716
23959.7   0.0000653210339714
23960.6   0.0000639186508005
23961.5   0.0000643149752608
23962.4   0.0000657971890735
23963.3   0.0000672015671239
23964.2   0.0000690067889977
23965.1   0.0000688872975424
23966.0   0.0000662939575496
23966.9   0.0000656101965674
23967.8   0.0000656455942410
23968.7   0.0000662464396101
23969.6   0.0000667178008243
23970.5   0.0000662257759064
23971.4   0.0000639974737078
23972.3   0.0000628725835450
23973.2   0.0000641963222497
23974.1   0.0000661229927112
23975.0   0.0000677411500163
23975.9   0.0000692027207146
23976.8   0.0000680184634395
23977.7   0.0000701134369936
23978.6   0.0000684401070850
23979.5   0.0000671913193453
23980.4   0.0000666139149549
23981.3   0.0000671392145554
23982.2   0.0000665499644238
23983.1   0.0000652999550491
23984.0   0.0000649548820645
23984.9   0.0000659989052547
23985.8   0.0000672276103681
23986.7   0.0000675327880493
23987.6   0.0000669288931683
23988.5   0.0000665599285269
23989.4   0.0000664745936647
23990.3   0.0000666824843643
23991.2   0.0000669676434749
23992.1   0.0000673760870573
23993.0   0.0000671974995828
23993.9   0.0000663166138451
23994.8   0.0000656965380202
23995.7   0.0000635901968554
23996.6   0.0000632664715985
23997.5   0.0000648290948425
23998.4   0.0000658611716325
23999.3   0.0000664657711269
24000.2   0.0000667385594678
24001.1   0.0000674895378251
24002.0   0.0000671871053910
24002.9   0.0000663690000229
24003.8   0.0000663741004632
24004.7   0.0000662320522276
24005.6   0.0000663684429665
24006.5   0.0000667931086715
24007.4   0.0000658161736010
24008.3   0.0000635909460791
24009.2   0.0000646013011015
24010.1   0.0000661234868557
24011.0   0.0000669647106360
24011.9   0.0000672125595508
24012.8   0.0000672244499023
24013.7   0.0000673266943428
24014.6   0.0000677081967564
24015.5   0.0000674966091241
24016.4   0.0000670732474115
24017.3   0.0000669056878234
24018.2   0.0000665818836406
24019.1   0.0000662147594586
24020.0   0.0000654204965615
24020.9   0.0000632630789306
24021.8   0.0000625504013457
24022.7   0.0000641023318522
24023.6   0.0000654744029198
24024.5   0.0000662902446029
24025.4   0.0000668620166613
24026.3   0.0000669753587631
24027.2   0.0000668003801447
24028.1   0.0000668590735277
24029.0   0.0000663292728658
24029.9   0.0000664007591002
24030.8   0.0000661094963902
24031.7   0.0000661121032311
24032.6   0.0000653261904606
24033.5   0.0000637178588524
24034.4   0.0000627347218112
24035.3   0.0000636121508252
24036.2   0.0000648419528936
24037.1   0.0000656115852049
24038.0   0.0000669398272587
24038.9   0.0000688364532785
24039.8   0.0000694909808106
24040.7   0.0000683003442676
24041.6   0.0000650087849912
24042.5   0.0000640914858385
24043.4   0.0000651476979259
24044.3   0.0000656204512092
24045.2   0.0000660927606776
24046.1   0.0000659798406575
24047.0   0.0000654480920141
24047.9   0.0000643349252002
24048.8   0.0000631489441387
24049.7   0.0000636002410283
24050.6   0.0000651186909587
24051.5   0.0000657905810349
24052.4   0.0000660796887260
24053.3   0.0000662390091413
24054.2   0.0000662656197364
24055.1   0.0000658939658967
24056.0   0.0000664412114600
24056.9   0.0000668680630680
24057.8   0.0000667050079729
24058.7   0.0000656720824440
24059.6   0.0000644789442945
24060.5   0.0000643211760877
24061.4   0.0000647282836498
24062.3   0.0000638691231113
24063.2   0.0000640855812695
24064.1   0.0000645568715649
24065.0   0.0000652801297897
24065.9   0.0000670719697277
24066.8   0.0000685592977070
24067.7   0.0000670082033569
24068.6   0.0000646114173370
24069.5   0.0000653841735108
24070.4   0.0000657653201862
24071.3   0.0000660017374347
24072.2   0.0000675547362999
24073.1   0.0000683315154045
24074.0   0.0000684845743687
24074.9   0.0000670257534929
24075.8   0.0000644256510414
24076.7   0.0000633743197745
24077.6   0.0000638979413427
24078.5   0.0000654988093103
24079.4   0.0000665516241544
24080.3   0.0000668299384490
24081.2   0.0000667796031996
24082.1   0.0000659731182337
24083.0   0.0000655541717934
24083.9   0.0000657366083331
24084.8   0.0000658580294684
24085.7   0.0000661140946791
24086.6   0.0000673043640453
24087.5   0.0000682120651279
24088.4   0.0000678552733697
24089.3   0.0000674288026647
24090.2   0.0000664548519066
24091.1   0.0000656501719406
24092.0   0.0000642211072556
24092.9   0.0000642801689592
24093.8   0.0000662269678012
24094.7   0.0000674910625811
24095.6   0.0000675121232018
24096.5   0.0000666956077893
24097.4   0.0000668131615577
24098.3   0.0000665417904506
24099.2   0.0000666253557722
24100.1   0.0000665571375257
24101.0   0.0000662631410071
24101.9   0.0000661681074157
24102.8   0.0000648291440281
24103.7   0.0000636074575966
24104.6   0.0000645300207606
24105.5   0.0000652487218752
24106.4   0.0000649817591774
24107.3   0.0000639363702267
24108.2   0.0000642531854679
24109.1   0.0000659120227595
24110.0   0.0000665179983091
24110.9   0.0000658232746401
24111.8   0.0000654574521628
24112.7   0.0000655922941248
24113.6   0.0000662331674842
24114.5   0.0000678417930626
24115.4   0.0000682745229309
24116.3   0.0000669996164528
24117.2   0.0000664815940448
24118.1   0.0000663622043924
24119.0   0.0000657584788017
24119.9   0.0000658802282227
24120.8   0.0000657726877431
24121.7   0.0000660045753338
24122.6   0.0000666097273092
24123.5   0.0000657646247236
24124.4   0.0000646900595155
24125.3   0.0000652048928614
24126.2   0.0000656108600021
24127.1   0.0000646285751314
24128.0   0.0000638626191634
24128.9   0.0000649005536244
24129.8   0.0000651204250398
24130.7   0.0000637754175332
24131.6   0.0000632455528156
24132.5   0.0000641285329481
24133.4   0.0000625328717991
24134.3   0.0000602326910245
24135.2   0.0000608671370742
24136.1   0.0000623406999269
24137.0   0.0000627781310309
24137.9   0.0000623352162958
24138.8   0.0000620709942697
24139.7   0.0000627542714021
24140.6   0.0000635740193431
24141.5   0.0000614039369723
24142.4   0.0000602791017144
24143.3   0.0000638448139483
24144.2   0.0000637925753276
24145.1   0.0000634350595104
24146.0   0.0000640163667271
24146.9   0.0000632987705744
24147.8   0.0000631136837274
24148.7   0.0000644558396086
24149.6   0.0000657260528580
24150.5   0.0000650188486095
24151.4   0.0000631051036864
24152.3   0.0000629996129913
24153.2   0.0000630871978122
24154.1   0.0000648391378714
24155.0   0.0000675466732804
24155.9   0.0000670665455770
24156.8   0.0000630588702937
24157.7   0.0000658438708565
24158.6   0.0000692628313314
24159.5   0.0000629783087300
24160.4   0.0000558120893992
24161.3   0.0000597087091427
24162.2   0.0000640276439734
24163.1   0.0000656325829137
24164.0   0.0000677084689934
24164.9   0.0000642376427939
24165.8   0.0000638937822934
24166.7   0.0000643548900097
24167.6   0.0000655030106822
24168.5   0.0000658008139435
24169.4   0.0000649234100942
24170.3   0.0000632674564559
24171.2   0.0000627383421058
24172.1   0.0000635629559973
24173.0   0.0000649309286397
24173.9   0.0000646184131417
24174.8   0.0000637468189216
24175.7   0.0000628194733083
24176.6   0.0000620588248181
24177.5   0.0000626048807743
24178.4   0.0000644355682465
24179.3   0.0000658507442689
24180.2   0.0000666780610849
24181.1   0.0000670139923968
24182.0   0.0000681883976664
24182.9   0.0000679957808353
24183.8   0.0000628779493592
24184.7   0.0000593389426604
24185.6   0.0000636668258527
24186.5   0.0000655741480415
24187.4   0.0000651423321117
24188.3   0.0000669378483931
24189.2   0.0000669384420528
24190.1   0.0000605914891009
24191.0   0.0000602150997099
24191.9   0.0000649852719498
24192.8   0.0000622379316018
24193.7   0.0000579607760004
24194.6   0.0000600962522438
24195.5   0.0000638525624082
24196.4   0.0000646377751407
24197.3   0.0000644932230110
24198.2   0.0000646859359256
24199.1   0.0000648747643156
24200.0   0.0000657087017525
24200.9   0.0000649872988573
24201.8   0.0000635824918619
24202.7   0.0000654140223537
24203.6   0.0000658432886353
24204.5   0.0000637226904873
24205.4   0.0000630565253952
24206.3   0.0000643008749854
24207.2   0.0000655534122751
24208.1   0.0000663070077680
24209.0   0.0000662660418182
24209.9   0.0000677268758752
24210.8   0.0000688461314183
24211.7   0.0000677055922032
24212.6   0.0000670945951392
24213.5   0.0000648077025045
24214.4   0.0000651787706915
24215.3   0.0000650900603192
24216.2   0.0000641316945576
24217.1   0.0000631149270956
24218.0   0.0000636478584830
24218.9   0.0000633734676041
24219.8   0.0000640207259507
24220.7   0.0000646103581292
24221.6   0.0000627649366871
24222.5   0.0000630102382414
24223.4   0.0000647300017169
24224.3   0.0000656852001497
24225.2   0.0000645981234780
24226.1   0.0000620506599957
24227.0   0.0000633314481657
24227.9   0.0000660410779694
24228.8   0.0000674042132577
24229.7   0.0000642666040070
24230.6   0.0000638001087432
24231.5   0.0000633145443067
24232.4   0.0000639110601923
24233.3   0.0000644344712915
24234.2   0.0000653857485963
24235.1   0.0000664184179022
24236.0   0.0000664433687667
24236.9   0.0000666483334904
24237.8   0.0000674065913280
24238.7   0.0000682661053170
24239.6   0.0000663166298591
24240.5   0.0000643720295024
24241.4   0.0000652580888871
24242.3   0.0000645751000056
24243.2   0.0000644018268720
24244.1   0.0000644532922481
24245.0   0.0000651585622413
24245.9   0.0000646843253807
24246.8   0.0000626447817970
24247.7   0.0000619737175827
24248.6   0.0000629725357041
24249.5   0.0000626144685498
24250.4   0.0000618228696863
24251.3   0.0000626954613461
24252.2   0.0000634479564525
24253.1   0.0000639223900558
24254.0   0.0000643499966068
24254.9   0.0000652970679643
24255.8   0.0000656276620582
24256.7   0.0000649263040422
24257.6   0.0000643578697467
24258.5   0.0000641307760437
24259.4   0.0000637765636739
24260.3   0.0000640055001240
24261.2   0.0000658687679599
24262.1   0.0000637238194702
24263.0   0.0000607301904227
24263.9   0.0000625898356764
24264.8   0.0000640787444604
24265.7   0.0000647752891432
24266.6   0.0000646135666367
24267.5   0.0000636887946926
24268.4   0.0000629572389585
24269.3   0.0000633943349136
24270.2   0.0000641473092943
24271.1   0.0000632960138888
24272.0   0.0000626432501779
24272.9   0.0000629558068546
24273.8   0.0000636420339837
24274.7   0.0000644289762219
24275.6   0.0000641605368099
24276.5   0.0000613526328794
24277.4   0.0000601738752493
24278.3   0.0000622489411865
24279.2   0.0000640013033275
24280.1   0.0000646904793096
24281.0   0.0000647487197267
24281.9   0.0000632820016901
24282.8   0.0000614378442055
24283.7   0.0000628275832258
24284.6   0.0000643451134985
24285.5   0.0000650198792210
24286.4   0.0000648562945219
24287.3   0.0000638372130454
24288.2   0.0000637933325582
24289.1   0.0000644555490700
24290.0   0.0000647159963813
24290.9   0.0000646302886231
24291.8   0.0000641266879132
24292.7   0.0000636492860115
24293.6   0.0000625320093340
24294.5   0.0000612328108506
24295.4   0.0000623156037930
24296.3   0.0000634735490186
24297.2   0.0000637701821182
24298.1   0.0000637972799948
24299.0   0.0000640887600369
24299.9   0.0000645714065044
24300.8   0.0000636328957425
24301.7   0.0000625677513073
24302.6   0.0000620433805155
24303.5   0.0000626012135817
24304.4   0.0000632908814206
24305.3   0.0000628695260260
24306.2   0.0000609755640398
24307.1   0.0000589768205473
24308.0   0.0000598933613255
24308.9   0.0000623113864072
24309.8   0.0000637616421121
24310.7   0.0000634471065698
24311.6   0.0000632477215608
24312.5   0.0000638077908596
24313.4   0.0000642273435419
24314.3   0.0000640964261394
24315.2   0.0000635660912982
24316.1   0.0000635557245589
24317.0   0.0000635177898194
24317.9   0.0000632474939341
24318.8   0.0000626660139956
24319.7   0.0000621635239670
24320.6   0.0000629160522451
24321.5   0.0000639094439281
24322.4   0.0000640875875876
24323.3   0.0000639201206516
24324.2   0.0000637544015228
24325.1   0.0000641795956879
24326.0   0.0000645171261062
24326.9   0.0000644354824575
24327.8   0.0000633628423540
24328.7   0.0000611524323033
24329.6   0.0000623616072713
24330.5   0.0000666056666312
24331.4   0.0000680384373998
24332.3   0.0000617768639203
24333.2   0.0000599015021270
24334.1   0.0000624524189014
24335.0   0.0000632566722102
24335.9   0.0000640816235383
24336.8   0.0000635810872105
24337.7   0.0000619351903274
24338.6   0.0000610229046822
24339.5   0.0000624028740544
24340.4   0.0000635646523312
24341.3   0.0000641487459737
24342.2   0.0000637847079069
24343.1   0.0000639973318700
24344.0   0.0000642468656803
24344.9   0.0000639268979803
24345.8   0.0000637627928281
24346.7   0.0000629743956090
24347.6   0.0000632748423144
24348.5   0.0000656887724025
24349.4   0.0000671439112156
24350.3   0.0000690898841958
24351.2   0.0000706142249690
24352.1   0.0000666310361460
24353.0   0.0000494942555120
24353.9   0.0000403582104353
24354.8   0.0000505872195949
24355.7   0.0000576253331137
24356.6   0.0000614883190049
24357.5   0.0000651841468004
24358.4   0.0000679694733612
24359.3   0.0000685108612535
24360.2   0.0000617989105422
24361.1   0.0000553626958809
24362.0   0.0000606862824831
24362.9   0.0000657930803536
24363.8   0.0000634982322215
24364.7   0.0000613682270268
24365.6   0.0000637022910137
24366.5   0.0000631058014367
24367.4   0.0000624100906227
24368.3   0.0000626658675824
24369.2   0.0000617704434737
24370.1   0.0000606616015679
24371.0   0.0000613918990638
24371.9   0.0000621806817613
24372.8   0.0000622412933857
24373.7   0.0000608908903247
24374.6   0.0000610483119441
24375.5   0.0000619363765029
24376.4   0.0000625805247133
24377.3   0.0000628415805544
24378.2   0.0000635009454408
24379.1   0.0000638717471100
24380.0   0.0000637626624289
24380.9   0.0000631286430364
24381.8   0.0000627298215451
24382.7   0.0000622935148486
24383.6   0.0000611619994895
24384.5   0.0000622465299445
24385.4   0.0000632214907248
24386.3   0.0000635364963907
24387.2   0.0000630494964188
24388.1   0.0000619375112050
24389.0   0.0000615067876548
24389.9   0.0000617476041617
24390.8   0.0000628495326202
24391.7   0.0000628735821286
24392.6   0.0000630951841936
24393.5   0.0000629661655870
24394.4   0.0000630882421500
24395.3   0.0000631401639234
24396.2   0.0000628415656844
24397.1   0.0000630314029527
24398.0   0.0000628447238624
24398.9   0.0000624577446807
24399.8   0.0000610212358007
24400.7   0.0000606383241602
24401.6   0.0000599933123408
24402.5   0.0000595608764427
24403.4   0.0000604532967936
24404.3   0.0000605326035506
24405.2   0.0000613232003990
24406.1   0.0000621101529318
24407.0   0.0000626079051215
24407.9   0.0000627108964980
24408.8   0.0000624620524310
24409.7   0.0000616800070273
24410.6   0.0000609649010426
24411.5   0.0000606923529108
24412.4   0.0000616607685644
24413.3   0.0000623934715831
24414.2   0.0000627014471287
24415.1   0.0000619805440971
24416.0   0.0000620240631267
24416.9   0.0000621093659610
24417.8   0.0000621181141484
24418.7   0.0000621806600281
24419.6   0.0000615080985103
24420.5   0.0000614960594579
24421.4   0.0000621967094290
24422.3   0.0000623266373987
24423.2   0.0000624657310621
24424.1   0.0000626623982764
24425.0   0.0000630008449209
24425.9   0.0000644013498853
24426.8   0.0000628866003191
24427.7   0.0000601708989439
24428.6   0.0000612497204289
24429.5   0.0000621711443154
24430.4   0.0000620001165651
24431.3   0.0000624290065191
24432.2   0.0000623366106526
24433.1   0.0000616997213330
24434.0   0.0000602555005964
24434.9   0.0000589714249929
24435.8   0.0000587710002216
24436.7   0.0000591506324357
24437.6   0.0000604101220637
24438.5   0.0000602272703054
24439.4   0.0000596109085710
24440.3   0.0000602908891191
24441.2   0.0000612243097354
24442.1   0.0000621916982092
24443.0   0.0000625057830734
24443.9   0.0000622178524070
24444.8   0.0000622377016874
24445.7   0.0000619051802012
24446.6   0.0000619062096689
24447.5   0.0000620911649728
24448.4   0.0000625375467262
24449.3   0.0000628375667744
24450.2   0.0000620162231586
24451.1   0.0000616574719802
24452.0   0.0000613019510426
24452.9   0.0000587541203836
24453.8   0.0000571526210091
24454.7   0.0000584450936371
24455.6   0.0000605156196219
24456.5   0.0000626345202922
24457.4   0.0000649650795136
24458.3   0.0000634133045710
24459.2   0.0000543596786753
24460.1   0.0000395272321459
24461.0   0.0000478866296611
24461.9   0.0000568477087018
24462.8   0.0000592720169677
24463.7   0.0000599632484535
24464.6   0.0000601581884499
24465.5   0.0000601079938944
24466.4   0.0000596038246896
24467.3   0.0000581312238172
24468.2   0.0000579759514976
24469.1   0.0000605864675864
24470.0   0.0000626901275598
24470.9   0.0000595048939912
24471.8   0.0000532953086286
24472.7   0.0000548788735325
24473.6   0.0000589107973547
24474.5   0.0000606505084819
24475.4   0.0000613108593694
24476.3   0.0000615571778091
24477.2   0.0000628044190596
24478.1   0.0000632816917059
24479.0   0.0000603766620770
24479.9   0.0000586708970740
24480.8   0.0000617982791354
24481.7   0.0000619040626569
24482.6   0.0000602691501937
24483.5   0.0000592434057737
24484.4   0.0000597869463972
24485.3   0.0000605415839402
24486.2   0.0000603402315042
24487.1   0.0000591151878641
24488.0   0.0000584402517075
24488.9   0.0000590586437809
24489.8   0.0000596512019353
24490.7   0.0000602944499334
24491.6   0.0000612139921818
24492.5   0.0000609548294173
24493.4   0.0000598736172797
24494.3   0.0000599726795212
24495.2   0.0000609857763590
24496.1   0.0000606589729938
24497.0   0.0000613209367140
24497.9   0.0000650146929917
24498.8   0.0000653229911038
24499.7   0.0000653602223737
24500.6   0.0000594951689534
24501.5   0.0000545483171857
24502.4   0.0000596449713682
24503.3   0.0000610648440508
24504.2   0.0000607646672947
24505.1   0.0000618462660546
24506.0   0.0000624924514672
24506.9   0.0000620433176036
24507.8   0.0000630180656272
24508.7   0.0000646720312491
24509.6   0.0000639546295514
24510.5   0.0000625041324936
24511.4   0.0000562432704906
24512.3   0.0000438666019097
24513.2   0.0000492295084573
24514.1   0.0000578270515827
24515.0   0.0000605082543527
24515.9   0.0000619308997349
24516.8   0.0000616648589826
24517.7   0.0000602236603054
24518.6   0.0000605817228843
24519.5   0.0000612900629788
24520.4   0.0000607935095470
24521.3   0.0000599760973538
24522.2   0.0000599837531616
24523.1   0.0000595024244127
24524.0   0.0000588792876372
24524.9   0.0000595375269722
24525.8   0.0000593491526918
24526.7   0.0000582518682763
24527.6   0.0000587380481057
24528.5   0.0000605929429380
24529.4   0.0000609748742965
24530.3   0.0000592088293865
24531.2   0.0000596296974997
24532.1   0.0000615471290609
24533.0   0.0000614936848191
24533.9   0.0000605649871717
24534.8   0.0000600073691498
24535.7   0.0000596425383930
24536.6   0.0000587274903429
24537.5   0.0000605322192160
24538.4   0.0000604442729376
24539.3   0.0000598757494216
24540.2   0.0000607487677386
24541.1   0.0000612625521714
24542.0   0.0000615510204486
24542.9   0.0000616427814767
24543.8   0.0000608297182124
24544.7   0.0000558239866138
24545.6   0.0000527294216937
24546.5   0.0000580770715305
24547.4   0.0000586637285475
24548.3   0.0000591028536977
24549.2   0.0000601712501068
24550.1   0.0000604893178670
24551.0   0.0000604180821364
24551.9   0.0000604102570383
24552.8   0.0000597827621831
24553.7   0.0000598640009078
24554.6   0.0000603216027149
24555.5   0.0000597441720159
24556.4   0.0000578161037661
24557.3   0.0000567633278130
24558.2   0.0000584971606799
24559.1   0.0000592668730609
24560.0   0.0000597838282541
24560.9   0.0000601208473701
24561.8   0.0000594215025352
24562.7   0.0000582918379302
24563.6   0.0000589716652021
24564.5   0.0000593927392088
24565.4   0.0000587219380806
24566.3   0.0000589406564922
24567.2   0.0000588342781672
24568.1   0.0000582252393795
24569.0   0.0000576514884555
24569.9   0.0000586273219956
24570.8   0.0000601304157001
24571.7   0.0000601602084942
24572.6   0.0000597666086917
24573.5   0.0000602253680779
24574.4   0.0000603798808792
24575.3   0.0000601408419198
24576.2   0.0000606441898382
24577.1   0.0000603643038896
24578.0   0.0000588368083700
24578.9   0.0000596406773442
24579.8   0.0000604499693253
24580.7   0.0000598791809804
24581.6   0.0000594775559056
24582.5   0.0000599517287104
24583.4   0.0000602108617347
24584.3   0.0000597399946649
24585.2   0.0000593415426381
24586.1   0.0000592468007292
24587.0   0.0000579863308193
24587.9   0.0000565887312414
24588.8   0.0000573089674067
24589.7   0.0000585986982192
24590.6   0.0000593876330492
24591.5   0.0000601684373724
24592.4   0.0000614272761480
24593.3   0.0000612694530363
24594.2   0.0000604383271899
24595.1   0.0000603140109628
24596.0   0.0000601114837898
24596.9   0.0000598772490128
24597.8   0.0000602668155898
24598.7   0.0000603035881747
24599.6   0.0000589153052792
24600.5   0.0000583686442247
24601.4   0.0000591547125592
24602.3   0.0000594078883973
24603.2   0.0000586271195336
24604.1   0.0000582916835101
24605.0   0.0000586293591977
24605.9   0.0000591466575467
24606.8   0.0000600278452616
24607.7   0.0000603060760549
24608.6   0.0000601668702938
24609.5   0.0000604717791696
24610.4   0.0000602984099523
24611.3   0.0000588909343481
24612.2   0.0000586120984566
24613.1   0.0000595889648959
24614.0   0.0000592027589588
24614.9   0.0000588573370990
24615.8   0.0000599521954024
24616.7   0.0000602304913953
24617.6   0.0000588826894559
24618.5   0.0000577639577975
24619.4   0.0000581114877783
24620.3   0.0000592188964364
24621.2   0.0000600252109682
24622.1   0.0000600917191545
24623.0   0.0000576216052970
24623.9   0.0000532586264081
24624.8   0.0000444258247573
24625.7   0.0000395828622907
24626.6   0.0000531798938652
24627.5   0.0000735565945339
24628.4   0.0000743705454281
24629.3   0.0000674153326523
24630.2   0.0000637051929686
24631.1   0.0000614712984729
24632.0   0.0000602896754912
24632.9   0.0000612351900648
24633.8   0.0000608374129112
24634.7   0.0000598389676859
24635.6   0.0000594365533524
24636.5   0.0000590163200777
24637.4   0.0000587436461220
24638.3   0.0000582243746266
24639.2   0.0000578142072579
24640.1   0.0000580932947970
24641.0   0.0000559993141073
24641.9   0.0000523810189530
24642.8   0.0000552751167793
24643.7   0.0000626204325991
24644.6   0.0000633867134213
24645.5   0.0000612400251312
24646.4   0.0000592849996988
24647.3   0.0000590058103567
24648.2   0.0000591700241749
24649.1   0.0000577317068633
24650.0   0.0000565642550759
24650.9   0.0000582108359830
24651.8   0.0000592704956433
24652.7   0.0000594600320782
24653.6   0.0000598050032600
24654.5   0.0000597412563347
24655.4   0.0000597781364418
24656.3   0.0000597980234693
24657.2   0.0000591972124159
24658.1   0.0000586354193306
24659.0   0.0000591308231902
24659.9   0.0000602466403114
24660.8   0.0000605069938268
24661.7   0.0000599444103392
24662.6   0.0000585111374191
24663.5   0.0000576624065319
24664.4   0.0000583776566422
24665.3   0.0000593074901356
24666.2   0.0000592323184070
24667.1   0.0000595176605341
24668.0   0.0000598510238960
24668.9   0.0000583109574324
24669.8   0.0000584391993628
24670.7   0.0000592785803960
24671.6   0.0000592547470757
24672.5   0.0000597214699663
24673.4   0.0000581841876407
24674.3   0.0000535020577629
24675.2   0.0000467308486053
24676.1   0.0000464109449611
24677.0   0.0000614875823636
24677.9   0.0000703653992037
24678.8   0.0000660272213347
24679.7   0.0000614612794649
24680.6   0.0000595421790222
24681.5   0.0000578475048175
24682.4   0.0000565323404345
24683.3   0.0000571466329389
24684.2   0.0000581628490638
24685.1   0.0000594472346514
24686.0   0.0000601505109088
24686.9   0.0000595696120477
24687.8   0.0000596778605723
24688.7   0.0000601170463467
24689.6   0.0000595346067156
24690.5   0.0000585874141097
24691.4   0.0000582717255637
24692.3   0.0000580363606599
24693.2   0.0000582934290297
24694.1   0.0000589081813629
24695.0   0.0000592383796838
24695.9   0.0000583342439909
24696.8   0.0000574259927151
24697.7   0.0000584805805312
24698.6   0.0000586134070243
24699.5   0.0000584935987218
24700.4   0.0000586313300563
24701.3   0.0000582375072025
24702.2   0.0000575162495765
24703.1   0.0000579119849525
24704.0   0.0000584685471981
24704.9   0.0000586170101611
24705.8   0.0000582948142356
24706.7   0.0000572693546350
24707.6   0.0000573681206185
24708.5   0.0000581390981010
24709.4   0.0000578371094818
24710.3   0.0000567367881367
24711.2   0.0000561696338126
24712.1   0.0000561162158795
24713.0   0.0000562016319553
24713.9   0.0000554735695481
24714.8   0.0000537126250784
24715.7   0.0000529675398515
24716.6   0.0000510884010557
24717.5   0.0000447455247957
24718.4   0.0000359524811860
24719.3   0.0000259606064707
24720.2   0.0000205692259914
24721.1   0.0000577407959189
24722.0   0.0001355933246883
24722.9   0.0001372417197462
24723.8   0.0000991434447631
24724.7   0.0000682298852131
24725.6   0.0000473672128964
24726.5   0.0000340728436704
24727.4   0.0000480103407900
24728.3   0.0001081214070734
24729.2   0.0001168715287448
24730.1   0.0000919311338774
24731.0   0.0000778696739813
24731.9   0.0000694868846732
24732.8   0.0000638379359604
24733.7   0.0000610696596718
24734.6   0.0000600305218775
24735.5   0.0000592579212677
24736.4   0.0000586107864572
24737.3   0.0000583037774674
24738.2   0.0000576964956378
24739.1   0.0000580938690112
24740.0   0.0000587175536922
24740.9   0.0000588449388768
24741.8   0.0000581925640759
24742.7   0.0000575902431366
24743.6   0.0000574271319926
24744.5   0.0000573426756095
24745.4   0.0000571501525744
24746.3   0.0000563874806083
24747.2   0.0000551530356409
24748.1   0.0000536085047191
24749.0   0.0000526361599305
24749.9   0.0000530923570861
24750.8   0.0000581765135312
24751.7   0.0000624678700671
24752.6   0.0000598818438701
24753.5   0.0000548753207253
24754.4   0.0000532981259385
24755.3   0.0000569071604592
24756.2   0.0000608131952564
24757.1   0.0000601076278615
24758.0   0.0000578392187466
24758.9   0.0000576611700269
24759.8   0.0000588173411365
