 3540.5   0.0003315117188007
 3541.4   0.0003159360936971
 3542.3   0.0003074979847813
 3543.2   0.0003159943263075
 3544.1   0.0003287574727457
 3545.0   0.0003317150264577
 3545.9   0.0003244946266060
 3546.8   0.0003123787430240
 3547.7   0.0003032514247303
 3548.6   0.0003080817712645
 3549.5   0.0003176115134414
 3550.4   0.0003145312807394
 3551.3   0.0003020585170528
 3552.2   0.0002889638431179
 3553.1   0.0002754228551855
 3554.0   0.0002683666405843
 3554.9   0.0002781489817870
 3555.8   0.0002938198429263
 3556.7   0.0002971360878991
 3557.6   0.0002874621118252
 3558.5   0.0002738327387524
 3559.4   0.0002671487095999
 3560.3   0.0002677444618840
 3561.2   0.0002746277754928
 3562.1   0.0002946673208724
 3563.0   0.0003121694435180
 3563.9   0.0002932981476038
 3564.8   0.0002415639800894
 3565.7   0.0002034520018720
 3566.6   0.0002074807506986
 3567.5   0.0002293277870537
 3568.4   0.0002289900135736
 3569.3   0.0002069408650678
 3570.2   0.0001993820904035
 3571.1   0.0002204695221045
 3572.0   0.0002502114565189
 3572.9   0.0002717254906810
 3573.8   0.0002796660327411
 3574.7   0.0002792197223229
 3575.6   0.0002795065113969
 3576.5   0.0002784805486566
 3577.4   0.0002652420023401
 3578.3   0.0002398431024710
 3579.2   0.0002131597957407
 3580.1   0.0001831973441055
 3581.0   0.0001538778565151
 3581.9   0.0001451359851995
 3582.8   0.0001548747727478
 3583.7   0.0001594093603314
 3584.6   0.0001498321272039
 3585.5   0.0001411551711641
 3586.4   0.0001448819186360
 3587.3   0.0001559586817498
 3588.2   0.0001673760854111
 3589.1   0.0001834323720523
 3590.0   0.0002209454982597
 3590.9   0.0002776684813206
 3591.8   0.0003167486979371
 3592.7   0.0003214058034396
 3593.6   0.0003208170488045
 3594.5   0.0003391166636316
 3595.4   0.0003714768785260
 3596.3   0.0004041790941249
 3597.2   0.0004211315881214
 3598.1   0.0004209365845799
 3599.0   0.0004210918930172
 3599.9   0.0004260331639227
 3600.8   0.0004140972147759
 3601.7   0.0003725030810835
 3602.6   0.0003302076648315
 3603.5   0.0003123519873068
 3604.4   0.0003075943912678
 3605.3   0.0003087908138770
 3606.2   0.0003200757955299
 3607.1   0.0003209997644026
 3608.0   0.0002889466120781
 3608.9   0.0002503726386862
 3609.8   0.0002473482332646
 3610.7   0.0002799825662981
 3611.6   0.0003136145529124
 3612.5   0.0003200614780893
 3613.4   0.0003167175038133
 3614.3   0.0003376673162749
 3615.2   0.0003713888620597
 3616.1   0.0003773456690295
 3617.0   0.0003359378016604
 3617.9   0.0002649990819042
 3618.8   0.0002167451549070
 3619.7   0.0002279780962425
 3620.6   0.0002781085779695
 3621.5   0.0003324986629359
 3622.4   0.0003697977290884
 3623.3   0.0003766767582030
 3624.2   0.0003789388422361
 3625.1   0.0004140170013147
 3626.0   0.0004644539084855
 3626.9   0.0004874550916270
 3627.8   0.0004798954113846
 3628.7   0.0004554364264377
 3629.6   0.0004006859607524
 3630.5   0.0003167050798542
 3631.4   0.0002603043752233
 3632.3   0.0002678844900328
 3633.2   0.0003009534003418
 3634.1   0.0003200408967684
 3635.0   0.0003339876409684
 3635.9   0.0003544320191407
 3636.8   0.0003745132139551
 3637.7   0.0004004412041047
 3638.6   0.0004357871709104
 3639.5   0.0004622796619507
 3640.4   0.0004658070855935
 3641.3   0.0004500514222533
 3642.2   0.0004280562182844
 3643.1   0.0004052856891116
 3644.0   0.0003769089155029
 3644.9   0.0003495248953311
 3645.8   0.0003376948988243
 3646.7   0.0003268091303686
 3647.6   0.0003075232693815
 3648.5   0.0003044932336263
 3649.4   0.0003224358215950
 3650.3   0.0003496011464405
 3651.2   0.0003842677220532
 3652.1   0.0004243121717648
 3653.0   0.0004517774255154
 3653.9   0.0004543881034344
 3654.8   0.0004497070878060
 3655.7   0.0004585357943991
 3656.6   0.0004804365748470
 3657.5   0.0005030592764453
 3658.4   0.0005197081333196
 3659.3   0.0005208001603104
 3660.2   0.0005092141652062
 3661.1   0.0004977834785394
 3662.0   0.0004801017257042
 3662.9   0.0004544195660102
 3663.8   0.0004409623887959
 3664.7   0.0004509873533476
 3665.6   0.0004629300316916
 3666.5   0.0004608764453877
 3667.4   0.0004523594652708
 3668.3   0.0004299449392594
 3669.2   0.0004014654022206
 3670.1   0.0004037447387696
 3671.0   0.0004425018716002
 3671.9   0.0004818405430757
 3672.8   0.0004917401226410
 3673.7   0.0004854960004314
 3674.6   0.0004899662633336
 3675.5   0.0004915066051843
 3676.4   0.0004645781838702
 3677.3   0.0004258769964390
 3678.2   0.0004027834658054
 3679.1   0.0003890023207031
 3680.0   0.0003859810901740
 3680.9   0.0004093725667472
 3681.8   0.0004409052622078
 3682.7   0.0004610543753812
 3683.6   0.0004668292792677
 3684.5   0.0004461561477670
 3685.4   0.0004043425277097
 3686.3   0.0003636537215824
 3687.2   0.0003416091868718
 3688.1   0.0003565898650472
 3689.0   0.0004046890455667
 3689.9   0.0004630951117821
 3690.8   0.0005118558403842
 3691.7   0.0005299531927274
 3692.6   0.0005076471571224
 3693.5   0.0004694743548377
 3694.4   0.0004512185084267
 3695.3   0.0004501583735348
 3696.2   0.0004501478502160
 3697.1   0.0004653200778503
 3698.0   0.0005081685625167
 3698.9   0.0005576632389193
 3699.8   0.0005820572584794
 3700.7   0.0005758165008682
 3701.6   0.0005529095264861
 3702.5   0.0005110010891783
 3703.4   0.0004456014901168
 3704.3   0.0003801841374289
 3705.2   0.0003462698037266
 3706.1   0.0003493685095064
 3707.0   0.0003613758167773
 3707.9   0.0003586157363654
 3708.8   0.0003575423721584
 3709.7   0.0003870074359059
 3710.6   0.0004388561143105
 3711.5   0.0004845460024516
 3712.4   0.0005292964875191
 3713.3   0.0005813130379152
 3714.2   0.0006094808484778
 3715.1   0.0005935978672967
 3716.0   0.0005661033701736
 3716.9   0.0005446081312316
 3717.8   0.0004974092564348
 3718.7   0.0004088967266077
 3719.6   0.0003182752234576
 3720.5   0.0002699652257835
 3721.4   0.0002677329327650
 3722.3   0.0003052217909105
 3723.2   0.0003701685865944
 3724.1   0.0004355251259532
 3725.0   0.0004867007056800
 3725.9   0.0004992310791684
 3726.8   0.0004549010615387
 3727.7   0.0004134632027110
 3728.6   0.0004303390626064
 3729.5   0.0004568407526024
 3730.4   0.0004424784267911
 3731.3   0.0004062799637764
 3732.2   0.0003622437758222
 3733.1   0.0003026261176693
 3734.0   0.0002431329067103
 3734.9   0.0002127047695805
 3735.8   0.0002180248656477
 3736.7   0.0002469288790078
 3737.6   0.0002992912850792
 3738.5   0.0003703386062020
 3739.4   0.0004359633112238
 3740.3   0.0004785063690878
 3741.2   0.0004823068263235
 3742.1   0.0004446642346592
 3743.0   0.0003933644153414
 3743.9   0.0003566788193059
 3744.8   0.0003291790641027
 3745.7   0.0003038482150289
 3746.6   0.0002930345778392
 3747.5   0.0002763441073238
 3748.4   0.0002390159696081
 3749.3   0.0002258528332515
 3750.2   0.0002742024616013
 3751.1   0.0003587603067222
 3752.0   0.0004284574645582
 3752.9   0.0004738906051952
 3753.8   0.0005185779861430
 3754.7   0.0005571523926375
 3755.6   0.0005536224634425
 3756.5   0.0004825825086430
 3757.4   0.0003725281723983
 3758.3   0.0002973782817249
 3759.2   0.0002975058465416
 3760.1   0.0003408577288413
 3761.0   0.0003786618713470
 3761.9   0.0003939886557530
 3762.8   0.0003867785358237
 3763.7   0.0003798143537309
 3764.6   0.0003977153065823
 3765.5   0.0004064298673799
 3766.4   0.0003794809363321
 3767.3   0.0003650597658399
 3768.2   0.0003984354380526
 3769.1   0.0004370806442910
 3770.0   0.0004428782771144
 3770.9   0.0004471438364092
 3771.8   0.0004772708813418
 3772.7   0.0005063146687161
 3773.6   0.0005074450664478
 3774.5   0.0004919960110988
 3775.4   0.0004827505238088
 3776.3   0.0004836758957906
 3777.2   0.0004819299912860
 3778.1   0.0004786939275601
 3779.0   0.0004944453672554
 3779.9   0.0005232858827662
 3780.8   0.0005357356132702
 3781.7   0.0005309511541333
 3782.6   0.0005329618954960
 3783.5   0.0005449536110742
 3784.4   0.0005380742240235
 3785.3   0.0004849820401062
 3786.2   0.0004173236858165
 3787.1   0.0003793780655212
 3788.0   0.0003572961157588
 3788.9   0.0003351504211714
 3789.8   0.0003345847462507
 3790.7   0.0003678183071270
 3791.6   0.0003994360123914
 3792.5   0.0003955897751392
 3793.4   0.0003696273515448
 3794.3   0.0003465021471532
 3795.2   0.0003384015038926
 3796.1   0.0003406989090517
 3797.0   0.0003323306620875
 3797.9   0.0003141999608457
 3798.8   0.0003144561249142
 3799.7   0.0003483988501013
 3800.6   0.0003945946414279
 3801.5   0.0004272073730228
 3802.4   0.0004542487589434
 3803.3   0.0004806128225412
 3804.2   0.0004899813682334
 3805.1   0.0004724882118850
 3806.0   0.0004324875377481
 3806.9   0.0003934249781152
 3807.8   0.0003864489841339
 3808.7   0.0004094457288688
 3809.6   0.0004365076245232
 3810.5   0.0004549196742116
 3811.4   0.0004590815752361
 3812.3   0.0004375747391673
 3813.2   0.0003925605268433
 3814.1   0.0003446418105043
 3815.0   0.0003067108763237
 3815.9   0.0002912095981099
 3816.8   0.0003071819952871
 3817.7   0.0003257860382751
 3818.6   0.0003086406131867
 3819.5   0.0002630811103981
 3820.4   0.0002379102229298
 3821.3   0.0002613831728989
 3822.2   0.0003003867518351
 3823.1   0.0003057600228769
 3824.0   0.0002717544047524
 3824.9   0.0002313208714328
 3825.8   0.0002135674311723
 3826.7   0.0002223855321213
 3827.6   0.0002440921859710
 3828.5   0.0002668169172306
 3829.4   0.0002839038197804
 3830.3   0.0002900573054321
 3831.2   0.0002784393215863
 3832.1   0.0002515055491288
 3833.0   0.0002302515841171
 3833.9   0.0002312571588220
 3834.8   0.0002541916405869
 3835.7   0.0002828351695908
 3836.6   0.0002922629322175
 3837.5   0.0002742978980812
 3838.4   0.0002487335637649
 3839.3   0.0002339686243643
 3840.2   0.0002333746546015
 3841.1   0.0002591265151758
 3842.0   0.0003086795029348
 3842.9   0.0003480435520739
 3843.8   0.0003579511565647
 3844.7   0.0003462645599639
 3845.6   0.0003278661154235
 3846.5   0.0003179562129834
 3847.4   0.0003152764211992
 3848.3   0.0003008362228283
 3849.2   0.0002736470594442
 3850.1   0.0002615423792594
 3851.0   0.0002805704547280
 3851.9   0.0003043760632715
 3852.8   0.0003020491570259
 3853.7   0.0002869941033258
 3854.6   0.0002840646189562
 3855.5   0.0002853270628635
 3856.4   0.0002787886599790
 3857.3   0.0002651950984046
 3858.2   0.0002414640980442
 3859.1   0.0002158413449908
 3860.0   0.0002101349464784
 3860.9   0.0002384072958338
 3861.8   0.0002897577058281
 3862.7   0.0003316099257053
 3863.6   0.0003434381146353
 3864.5   0.0003336994094122
 3865.4   0.0003186297769781
 3866.3   0.0003061264026034
 3867.2   0.0002930954520174
 3868.1   0.0002758020132277
 3869.0   0.0002548497882774
 3869.9   0.0002317053734598
 3870.8   0.0002165540743443
 3871.7   0.0002225804139645
 3872.6   0.0002548168581639
 3873.5   0.0003120128393524
 3874.4   0.0003719880469503
 3875.3   0.0004003825025981
 3876.2   0.0003858225245189
 3877.1   0.0003417777962114
 3878.0   0.0003006609415614
 3878.9   0.0002920372249246
 3879.8   0.0002977070030032
 3880.7   0.0002820826270142
 3881.6   0.0002623891413335
 3882.5   0.0002947541024594
 3883.4   0.0003828370875914
 3884.3   0.0004424938538334
 3885.2   0.0004208614538102
 3886.1   0.0003772068614425
 3887.0   0.0003776347739495
 3887.9   0.0003996916145003
 3888.8   0.0004104064291354
 3889.7   0.0004340831807133
 3890.6   0.0004844085550215
 3891.5   0.0005401213674791
 3892.4   0.0005738400497758
 3893.3   0.0005735606091282
 3894.2   0.0005484408385024
 3895.1   0.0005221805047620
 3896.0   0.0005280757825306
 3896.9   0.0005542620593093
 3897.8   0.0005560379230584
 3898.7   0.0005361281616988
 3899.6   0.0005285227730272
 3900.5   0.0005486914295071
 3901.4   0.0005657195911773
 3902.3   0.0005486413900521
 3903.2   0.0005262587919332
 3904.1   0.0005108247341033
 3905.0   0.0004759632336951
 3905.9   0.0004457632414024
 3906.8   0.0004605465715555
 3907.7   0.0005064180764311
 3908.6   0.0005475814341283
 3909.5   0.0005673858191248
 3910.4   0.0005757248334546
 3911.3   0.0005889988548096
 3912.2   0.0005984443209516
 3913.1   0.0005913485615794
 3914.0   0.0005791270868726
 3914.9   0.0005660529369889
 3915.8   0.0005450442404734
 3916.7   0.0005302478814493
 3917.6   0.0005252202047896
 3918.5   0.0005087814563567
 3919.4   0.0004727546236616
 3920.3   0.0004297883064588
 3921.2   0.0004087448185625
 3922.1   0.0004197329889330
 3923.0   0.0004435524853939
 3923.9   0.0004588536057876
 3924.8   0.0004460356665040
 3925.7   0.0004081588057173
 3926.6   0.0003624979819807
 3927.5   0.0003115838029263
 3928.4   0.0002612632500162
 3929.3   0.0002196567925868
 3930.2   0.0001839906305388
 3931.1   0.0001518950985901
 3932.0   0.0001236989072808
 3932.9   0.0001032234781591
 3933.8   0.0000967439485905
 3934.7   0.0001083189586383
 3935.6   0.0001361411426046
 3936.5   0.0001747049005026
 3937.4   0.0002181148901351
 3938.3   0.0002643989699594
 3939.2   0.0003083722506588
 3940.1   0.0003387103310871
 3941.0   0.0003541554562986
 3941.9   0.0003632586676016
 3942.8   0.0003668369539523
 3943.7   0.0003725048349700
 3944.6   0.0004072244853351
 3945.5   0.0004714366316639
 3946.4   0.0005155916901690
 3947.3   0.0005115219934622
 3948.2   0.0004991230182852
 3949.1   0.0005213216372919
 3950.0   0.0005647794006445
 3950.9   0.0005808044466302
 3951.8   0.0005533115602192
 3952.7   0.0005334735650307
 3953.6   0.0005659033555279
 3954.5   0.0006049951585333
 3955.4   0.0005919675403316
 3956.3   0.0005533865120209
 3957.2   0.0005448358143313
 3958.1   0.0005693407224691
 3959.0   0.0005884934491552
 3959.9   0.0005586651376213
 3960.8   0.0004756006803046
 3961.7   0.0003899115139770
 3962.6   0.0003433560363275
 3963.5   0.0003212298886259
 3964.4   0.0002921257067077
 3965.3   0.0002464931241227
 3966.2   0.0001932919021568
 3967.1   0.0001465817997277
 3968.0   0.0001178038908055
 3968.9   0.0001156639667552
 3969.8   0.0001408316149025
 3970.7   0.0001850479448948
 3971.6   0.0002351296936332
 3972.5   0.0002829651146820
 3973.4   0.0003298441342757
 3974.3   0.0003832351482346
 3975.2   0.0004384851494236
 3976.1   0.0004836837703830
 3977.0   0.0005267566093441
 3977.9   0.0005767915543691
 3978.8   0.0006266605960507
 3979.7   0.0006634894201829
 3980.6   0.0006687389455853
 3981.5   0.0006423049054964
 3982.4   0.0006178735174163
 3983.3   0.0006185751078010
 3984.2   0.0006429635793528
 3985.1   0.0006759809218200
 3986.0   0.0006955725496487
 3986.9   0.0007099362714104
 3987.8   0.0007337107395206
 3988.7   0.0007389585826237
 3989.6   0.0007189705406574
 3990.5   0.0007117614945362
 3991.4   0.0007255105685714
 3992.3   0.0007399512823701
 3993.2   0.0007425118492469
 3994.1   0.0007293330746657
 3995.0   0.0007085814477968
 3995.9   0.0006861625191723
 3996.8   0.0006676093353128
 3997.7   0.0006757636904520
 3998.6   0.0007259582749401
 3999.5   0.0007859861492434
 4000.4   0.0008088380372726
 4001.3   0.0008077387083871
 4002.2   0.0008206430534249
 4003.1   0.0008263155876108
 4004.0   0.0007744903182216
 4004.9   0.0006833707256293
 4005.8   0.0006407531096932
 4006.7   0.0006779670013913
 4007.6   0.0007420320718112
 4008.5   0.0007857941523645
 4009.4   0.0008038853124146
 4010.3   0.0008088066820777
 4011.2   0.0008073869288707
 4012.1   0.0008078362459514
 4013.0   0.0008159063787461
 4013.9   0.0008280398369865
 4014.8   0.0008468310840901
 4015.7   0.0008559413789469
 4016.6   0.0008321257481948
 4017.5   0.0008055644618523
 4018.4   0.0008170421813116
 4019.3   0.0008406540748834
 4020.2   0.0008361717137438
 4021.1   0.0008164867719958
 4022.0   0.0008084998593248
 4022.9   0.0008077082480321
 4023.8   0.0007958035109059
 4024.7   0.0007905457887687
 4025.6   0.0008193865190412
 4026.5   0.0008657329334226
 4027.4   0.0009018597734405
 4028.3   0.0009098554555439
 4029.2   0.0008635771921798
 4030.1   0.0007687256870988
 4031.0   0.0006926110944342
 4031.9   0.0006688979407636
 4032.8   0.0006708821590676
 4033.7   0.0006891658529007
 4034.6   0.0007272143440070
 4035.5   0.0007833766883069
 4036.4   0.0008479880406742
 4037.3   0.0008959404781652
 4038.2   0.0009055463712296
 4039.1   0.0008781178775078
 4040.0   0.0008390006610453
 4040.9   0.0008275428070348
 4041.8   0.0008513784106165
 4042.7   0.0008514307408620
 4043.6   0.0007737958865572
 4044.5   0.0006453814013464
 4045.4   0.0005628601477274
 4046.3   0.0006084395410204
 4047.2   0.0007367364084564
 4048.1   0.0008299618818045
 4049.0   0.0008561013405523
 4049.9   0.0008609065957718
 4050.8   0.0008596862845129
 4051.7   0.0008365938992746
 4052.6   0.0008007893806390
 4053.5   0.0007680576353188
 4054.4   0.0007414431954779
 4055.3   0.0007310464427865
 4056.2   0.0007289720604001
 4057.1   0.0007130973475410
 4058.0   0.0007038088721356
 4058.9   0.0007359990244701
 4059.8   0.0007944140748795
 4060.7   0.0008248528820820
 4061.6   0.0007847208096337
 4062.5   0.0006874835536261
 4063.4   0.0006166467275155
 4064.3   0.0006432453823781
 4065.2   0.0007154310903645
 4066.1   0.0007408576479495
 4067.0   0.0007377861989973
 4067.9   0.0007750963038965
 4068.8   0.0008374615003834
 4069.7   0.0008516580302321
 4070.6   0.0007935868489532
 4071.5   0.0007337101668230
 4072.4   0.0007518158232818
 4073.3   0.0008121878530644
 4074.2   0.0008235524647427
 4075.1   0.0007627372743789
 4076.0   0.0006678536266437
 4076.9   0.0005962331712135
 4077.8   0.0005997344297336
 4078.7   0.0006770237684023
 4079.6   0.0007770072884916
 4080.5   0.0008602915901093
 4081.4   0.0008960519752342
 4082.3   0.0008706136415542
 4083.2   0.0008223807969883
 4084.1   0.0007925945787300
 4085.0   0.0007863194950550
 4085.9   0.0008060819299504
 4086.8   0.0008563820697696
 4087.7   0.0009162711364859
 4088.6   0.0009472846457555
 4089.5   0.0009391554893118
 4090.4   0.0009180278864518
 4091.3   0.0008993638498082
 4092.2   0.0008880061105014
 4093.1   0.0008976392782902
 4094.0   0.0008979478191359
 4094.9   0.0008521999095666
 4095.8   0.0007964782918830
 4096.7   0.0007781334267848
 4097.6   0.0007916612247750
 4098.5   0.0008011539384711
 4099.4   0.0007738906680142
 4100.3   0.0007021806927866
 4101.2   0.0006377911533683
 4102.1   0.0006450775494625
 4103.0   0.0007085565712437
 4103.9   0.0007712202863678
 4104.8   0.0008199970505034
 4105.7   0.0008612784912923
 4106.6   0.0008798099484356
 4107.5   0.0008701259537326
 4108.4   0.0008435624481868
 4109.3   0.0008096328341959
 4110.2   0.0007863634853913
 4111.1   0.0007871528058935
 4112.0   0.0008088789851529
 4112.9   0.0008444985940427
 4113.8   0.0008748417249481
 4114.7   0.0008875242212433
 4115.6   0.0008901103089579
 4116.5   0.0008796901830447
 4117.4   0.0008419009449947
 4118.3   0.0007870191525852
 4119.2   0.0007642143689356
 4120.1   0.0007866739590915
 4121.0   0.0008062962620367
 4121.9   0.0007970352761173
 4122.8   0.0007814095793444
 4123.7   0.0007884774912946
 4124.6   0.0008122298031654
 4125.5   0.0008179086012316
 4126.4   0.0007983968647217
 4127.3   0.0007720168013840
 4128.2   0.0007544179107364
 4129.1   0.0007487851074482
 4130.0   0.0007478119868019
 4130.9   0.0007351015357039
 4131.8   0.0007022729686914
 4132.7   0.0006801924685700
 4133.6   0.0006880208155859
 4134.5   0.0007251020204029
 4135.4   0.0007844925896299
 4136.3   0.0008223225607986
 4137.2   0.0008250850035883
 4138.1   0.0008331307609402
 4139.0   0.0008534978571473
 4139.9   0.0008579269216141
 4140.8   0.0008274100843601
 4141.7   0.0007512465618422
 4142.6   0.0006561229538019
 4143.5   0.0006122005895008
 4144.4   0.0006536350479364
 4145.3   0.0007300780111020
 4146.2   0.0007767955335446
 4147.1   0.0007868810608703
 4148.0   0.0007744166907832
 4148.9   0.0007394398991843
 4149.8   0.0007030334037572
 4150.7   0.0006923938630662
 4151.6   0.0006991771800902
 4152.5   0.0007090973051828
 4153.4   0.0007111928415878
 4154.3   0.0007025161862142
 4155.2   0.0006910723632956
 4156.1   0.0006786525562425
 4157.0   0.0006877514329403
 4157.9   0.0007335699632856
 4158.8   0.0007847131498029
 4159.7   0.0008036711950899
 4160.6   0.0007963266343931
 4161.5   0.0008040343211780
 4162.4   0.0008291011172735
 4163.3   0.0008306609308435
 4164.2   0.0008084099100041
 4165.1   0.0007865710524869
 4166.0   0.0007595163871401
 4166.9   0.0007290212050151
 4167.8   0.0007327444196586
 4168.7   0.0007732896218564
 4169.6   0.0008032809374518
 4170.5   0.0007908655688053
 4171.4   0.0007310665945842
 4172.3   0.0006575973996321
 4173.2   0.0006291623898337
 4174.1   0.0006552242480533
 4175.0   0.0006908523400266
 4175.9   0.0006992053496546
 4176.8   0.0006771324735703
 4177.7   0.0006533115095717
 4178.6   0.0006574348250937
 4179.5   0.0006797907927730
 4180.4   0.0006943179839131
 4181.3   0.0007000141776697
 4182.2   0.0007150497453332
 4183.1   0.0007490994468574
 4184.0   0.0007970280816034
 4184.9   0.0008351841324825
 4185.8   0.0008235579411637
 4186.7   0.0007685392740218
 4187.6   0.0007400770610861
 4188.5   0.0007663275515861
 4189.4   0.0007977980019735
 4190.3   0.0007962326761889
 4191.2   0.0007826652904753
 4192.1   0.0007948604926785
 4193.0   0.0008178546960677
 4193.9   0.0008022884882606
 4194.8   0.0007400264131399
 4195.7   0.0006716508266616
 4196.6   0.0006405048094790
 4197.5   0.0006488946507230
 4198.4   0.0006775711957449
 4199.3   0.0007186227342308
 4200.2   0.0007425352940559
 4201.1   0.0007265995173125
 4202.0   0.0007060818374235
 4202.9   0.0007179519263435
 4203.8   0.0007425117776597
 4204.7   0.0007628279037781
 4205.6   0.0007958287096014
 4206.5   0.0008387225089674
 4207.4   0.0008694998878472
 4208.3   0.0008710628870478
 4209.2   0.0008458988039432
 4210.1   0.0008232409530281
 4211.0   0.0008250836434314
 4211.9   0.0008344326816107
 4212.8   0.0008174827647536
 4213.7   0.0007582606402156
 4214.6   0.0006794310312834
 4215.5   0.0006548232523347
 4216.4   0.0007370575844434
 4217.3   0.0008646784897135
 4218.2   0.0009448236208848
 4219.1   0.0009707587339612
 4220.0   0.0009859120983675
 4220.9   0.0009947033648533
 4221.8   0.0009633158124471
 4222.7   0.0008925067979650
 4223.6   0.0008159371970370
 4224.5   0.0007335020986170
 4225.4   0.0006295288089331
 4226.3   0.0005499366889063
 4227.2   0.0005888042449977
 4228.1   0.0007437985576367
 4229.0   0.0008864953699592
 4229.9   0.0009522338628406
 4230.8   0.0009691439772128
 4231.7   0.0009404263769298
 4232.6   0.0008826923355842
 4233.5   0.0008523944119976
 4234.4   0.0008485327477031
 4235.3   0.0008205210688307
 4236.2   0.0007874954938351
 4237.1   0.0007918549039532
 4238.0   0.0008102412180421
 4238.9   0.0008207501120872
 4239.8   0.0008446654638133
 4240.7   0.0008903015183776
 4241.6   0.0009179478877523
 4242.5   0.0009147577472172
 4243.4   0.0009316605596947
 4244.3   0.0009723515134382
 4245.2   0.0009774341332764
 4246.1   0.0009298596762181
 4247.0   0.0008680974229499
 4247.9   0.0008277123613255
 4248.8   0.0008080228022029
 4249.7   0.0007952855059037
 4250.6   0.0008080965370222
 4251.5   0.0008562227882425
 4252.4   0.0008917722774668
 4253.3   0.0008772379634000
 4254.2   0.0008376335244327
 4255.1   0.0008280265933539
 4256.0   0.0008699834951983
 4256.9   0.0009138834884985
 4257.8   0.0008924444097174
 4258.7   0.0008193996194994
 4259.6   0.0007525839181783
 4260.5   0.0007327056909817
 4261.4   0.0007867721767342
 4262.3   0.0008871414444679
 4263.2   0.0009629544760391
 4264.1   0.0009925725001636
 4265.0   0.0010107935551939
 4265.9   0.0010177403415964
 4266.8   0.0009842945855118
 4267.7   0.0009269489405370
 4268.6   0.0008792622347441
 4269.5   0.0008268259327822
 4270.4   0.0007465870223748
 4271.3   0.0006737180145341
 4272.2   0.0006713349839212
 4273.1   0.0007176852282180
 4274.0   0.0007466503412560
 4274.9   0.0007749427493457
 4275.8   0.0008397877265506
 4276.7   0.0009139500288038
 4277.6   0.0009559026712096
 4278.5   0.0009424718738797
 4279.4   0.0008768965998216
 4280.3   0.0008232415615193
 4281.2   0.0008327853168913
 4282.1   0.0008709015294918
 4283.0   0.0008947487302004
 4283.9   0.0008827853631547
 4284.8   0.0008349152509473
 4285.7   0.0007976394721121
 4286.6   0.0008021893399842
 4287.5   0.0008120489738902
 4288.4   0.0007762520792918
 4289.3   0.0007126766653416
 4290.2   0.0006909599355930
 4291.1   0.0007373327298588
 4292.0   0.0008147216463271
 4292.9   0.0008647264173460
 4293.8   0.0008557121209287
 4294.7   0.0008212025432113
 4295.6   0.0007931400016310
 4296.5   0.0007572933181327
 4297.4   0.0007054165417508
 4298.3   0.0006331679086129
 4299.2   0.0005569778630361
 4300.1   0.0005312870412906
 4301.0   0.0005594046334301
 4301.9   0.0005830783783454
 4302.8   0.0005861422032605
 4303.7   0.0005936695260871
 4304.6   0.0006007700818019
 4305.5   0.0005980982326178
 4306.4   0.0005838752155040
 4307.3   0.0005454146326626
 4308.2   0.0005073213279671
 4309.1   0.0005094161127064
 4310.0   0.0005448213895099
 4310.9   0.0005912959449850
 4311.8   0.0006422838946523
 4312.7   0.0007000756352836
 4313.6   0.0007598125076060
 4314.5   0.0008372910512527
 4315.4   0.0009565829286078
 4316.3   0.0010711927523201
 4317.2   0.0011203506825190
 4318.1   0.0011145261329071
 4319.0   0.0010900138870810
 4319.9   0.0010540467939070
 4320.8   0.0010137679318986
 4321.7   0.0009742017204978
 4322.6   0.0008987388935245
 4323.5   0.0007809250413598
 4324.4   0.0006764499611752
 4325.3   0.0006409755669271
 4326.2   0.0007113128933275
 4327.1   0.0008621170279967
 4328.0   0.0009989289784887
 4328.9   0.0010522678519082
 4329.8   0.0010303416937967
 4330.7   0.0009989448708478
 4331.6   0.0010035725540098
 4332.5   0.0010232435362532
 4333.4   0.0010409359555817
 4334.3   0.0010702017348730
 4335.2   0.0010885316740393
 4336.1   0.0010345514150730
 4337.0   0.0009093770740586
 4337.9   0.0007928371519680
 4338.8   0.0007194961339031
 4339.7   0.0006703847711799
 4340.6   0.0006798535389565
 4341.5   0.0007770634128589
 4342.4   0.0008825075690128
 4343.3   0.0009265415377637
 4344.2   0.0009520571498295
 4345.1   0.0009954814103710
 4346.0   0.0010177414511980
 4346.9   0.0010129831213902
 4347.8   0.0010305752828407
 4348.7   0.0010690321431475
 4349.6   0.0010539160398804
 4350.5   0.0009466587230445
 4351.4   0.0008303771949637
 4352.3   0.0008125320801308
 4353.2   0.0008809519432942
 4354.1   0.0009449025815699
 4355.0   0.0009741158516476
 4355.9   0.0010017937909789
 4356.8   0.0010246999063146
 4357.7   0.0010011053368460
 4358.6   0.0009459626448745
 4359.5   0.0009337705925083
 4360.4   0.0009885617197250
 4361.3   0.0010522082555615
 4362.2   0.0010705770307856
 4363.1   0.0010678422206563
 4364.0   0.0010914522171672
 4364.9   0.0011190266056091
 4365.8   0.0010938096553550
 4366.7   0.0010186596644595
 4367.6   0.0009584603388046
 4368.5   0.0009517558034978
 4369.4   0.0009670943639987
 4370.3   0.0009757051233517
 4371.2   0.0009821897069768
 4372.1   0.0009728308613506
 4373.0   0.0009214549448358
 4373.9   0.0008462171880293
 4374.8   0.0008083969169267
 4375.7   0.0008482268555840
 4376.6   0.0009352995877873
 4377.5   0.0010078274468112
 4378.4   0.0010343996859959
 4379.3   0.0010223724989586
 4380.2   0.0009980972067750
 4381.1   0.0009563900368888
 4382.0   0.0008507022336889
 4382.9   0.0006910347800139
 4383.8   0.0005919318899044
 4384.7   0.0006330865497565
 4385.6   0.0007608619402109
 4386.5   0.0008659855288690
 4387.4   0.0008989649301186
 4388.3   0.0008893721375124
 4389.2   0.0008688892847978
 4390.1   0.0008523434061153
 4391.0   0.0008624663377546
 4391.9   0.0009001340923208
 4392.8   0.0009262443434898
 4393.7   0.0009144096186482
 4394.6   0.0008929846783398
 4395.5   0.0009157021256015
 4396.4   0.0009850967917105
 4397.3   0.0010338653233178
 4398.2   0.0010184426836467
 4399.1   0.0009559788757874
 4400.0   0.0008936321845925
 4400.9   0.0008926533011763
 4401.8   0.0009541953164139
 4402.7   0.0009755130190920
 4403.6   0.0008959548671931
 4404.5   0.0008081712382687
 4405.4   0.0008170692770680
 4406.3   0.0008771367033011
 4407.2   0.0008898659818335
 4408.1   0.0008705105559817
 4409.0   0.0008964904468536
 4409.9   0.0009726557590517
 4410.8   0.0010432222360895
 4411.7   0.0010848917511067
 4412.6   0.0010923965597579
 4413.5   0.0010379891041566
 4414.4   0.0009387746095974
 4415.3   0.0008802186397785
 4416.2   0.0008981569253563
 4417.1   0.0009451502732929
 4418.0   0.0009950272969477
 4418.9   0.0010492405722603
 4419.8   0.0010786370697846
 4420.7   0.0010525561335753
 4421.6   0.0009890378462133
 4422.5   0.0009425429957660
 4423.4   0.0009492879778427
 4424.3   0.0009860985114445
 4425.2   0.0010100842333913
 4426.1   0.0010150079654320
 4427.0   0.0010170967726398
 4427.9   0.0010226624271314
 4428.8   0.0010089264893480
 4429.7   0.0009658097316377
 4430.6   0.0009463855462772
 4431.5   0.0009739598631319
 4432.4   0.0009905964785944
 4433.3   0.0009574875045071
 4434.2   0.0009018954954549
 4435.1   0.0008765144673311
 4436.0   0.0009148729668207
 4436.9   0.0009968979779474
 4437.8   0.0010712923301197
 4438.7   0.0011067444965413
 4439.6   0.0010896523359114
 4440.5   0.0010272396055216
 4441.4   0.0009544375317159
 4442.3   0.0009041439063322
 4443.2   0.0008997311995413
 4444.1   0.0009514006593828
 4445.0   0.0010291905715697
 4445.9   0.0010744102391668
 4446.8   0.0010743522535322
 4447.7   0.0010747823494489
 4448.6   0.0010811017098091
 4449.5   0.0010595958759611
 4450.4   0.0010330623654534
 4451.3   0.0010365468009807
 4452.2   0.0010426689385961
 4453.1   0.0010126916898861
 4454.0   0.0009504952960243
 4454.9   0.0008965791433984
 4455.8   0.0008887071639821
 4456.7   0.0009104537813880
 4457.6   0.0009199079811688
 4458.5   0.0009100793445218
 4459.4   0.0008994519020681
 4460.3   0.0008845917588460
 4461.2   0.0008616426911885
 4462.1   0.0008746812980258
 4463.0   0.0009376055547759
 4463.9   0.0009895224557852
 4464.8   0.0009999959141648
 4465.7   0.0009970490985333
 4466.6   0.0009967379447547
 4467.5   0.0009898177172047
 4468.4   0.0009665521983154
 4469.3   0.0009483361185957
 4470.2   0.0009624825731958
 4471.1   0.0010015215090516
 4472.0   0.0010482238550072
 4472.9   0.0010971501648103
 4473.8   0.0011349734783690
 4474.7   0.0011449329764234
 4475.6   0.0011476632765589
 4476.5   0.0011703734219259
 4477.4   0.0011874314354598
 4478.3   0.0011519954477462
 4479.2   0.0010667082793581
 4480.1   0.0009826267826458
 4481.0   0.0009433989639544
 4481.9   0.0009588524935036
 4482.8   0.0010183273208688
 4483.7   0.0010905200801947
 4484.6   0.0011430117190646
 4485.5   0.0011665379585478
 4486.4   0.0011581613609364
 4487.3   0.0011125851890675
 4488.2   0.0010441488966410
 4489.1   0.0009898962483665
 4490.0   0.0009837534578430
 4490.9   0.0010255063003647
 4491.8   0.0010743607008222
 4492.7   0.0010794458262125
 4493.6   0.0010299414497438
 4494.5   0.0009773294727853
 4495.4   0.0009687662115416
 4496.3   0.0010006842609169
 4497.2   0.0010539254535977
 4498.1   0.0011030573976418
 4499.0   0.0011240340946775
 4499.9   0.0011085263378219
 4500.8   0.0010742983125746
 4501.7   0.0010781841733437
 4502.6   0.0011441537855105
 4503.5   0.0012163828753420
 4504.4   0.0012439452729273
 4505.3   0.0012340950885321
 4506.2   0.0012086230372795
 4507.1   0.0011797260036718
 4508.0   0.0011612100451580
 4508.9   0.0011648185771020
 4509.8   0.0011847760871261
 4510.7   0.0011934551048773
 4511.6   0.0011707532994195
 4512.5   0.0011288259272964
 4513.4   0.0010902835202818
 4514.3   0.0010698248640418
 4515.2   0.0010765222048348
 4516.1   0.0010921435347883
 4517.0   0.0010865126285610
 4517.9   0.0010769916379196
 4518.8   0.0010970223458590
 4519.7   0.0011344953832326
 4520.6   0.0011590223760225
 4521.5   0.0011418122038882
 4522.4   0.0010908982753891
 4523.3   0.0010621801024085
 4524.2   0.0010574004038205
 4525.1   0.0010346807373555
 4526.0   0.0009943317914752
 4526.9   0.0009566199749854
 4527.8   0.0009291647434432
 4528.7   0.0009197948375942
 4529.6   0.0009348954422317
 4530.5   0.0009637417205124
 4531.4   0.0010020089105244
 4532.3   0.0010283591577920
 4533.2   0.0010078427664727
 4534.1   0.0009618859654445
 4535.0   0.0009430768931273
 4535.9   0.0009911474137100
 4536.8   0.0010865568694526
 4537.7   0.0011459635100067
 4538.6   0.0011343700698334
 4539.5   0.0010897415693602
 4540.4   0.0010536230692514
 4541.3   0.0010502062120439
 4542.2   0.0010761337726704
 4543.1   0.0010910464608996
 4544.0   0.0010678984524044
 4544.9   0.0010396037535242
 4545.8   0.0010425841793476
 4546.7   0.0010592034349133
 4547.6   0.0010551194923530
 4548.5   0.0010171422305138
 4549.4   0.0009826143264724
 4550.3   0.0010002495476256
 4551.2   0.0010354114995255
 4552.1   0.0010353729140230
 4553.0   0.0010096599002445
 4553.9   0.0009835718769021
 4554.8   0.0009793029888024
 4555.7   0.0010139358396837
 4556.6   0.0010751091450314
 4557.5   0.0011243426713168
 4558.4   0.0011421900411466
 4559.3   0.0011426319131582
 4560.2   0.0011423881229378
 4561.1   0.0011501103419250
 4562.0   0.0011477954265359
 4562.9   0.0011059869965509
 4563.8   0.0010392529404351
 4564.7   0.0009934222760589
 4565.6   0.0010028385346220
 4566.5   0.0010663908616992
 4567.4   0.0011319993522195
 4568.3   0.0011574903024938
 4569.2   0.0011550923101555
 4570.1   0.0011283107499888
 4571.0   0.0010770635472652
 4571.9   0.0010612928506123
 4572.8   0.0011097550605772
 4573.7   0.0011536043701375
 4574.6   0.0011534126596074
 4575.5   0.0011439307197854
 4576.4   0.0011436125504609
 4577.3   0.0011372107216426
 4578.2   0.0011082360159194
 4579.1   0.0010568215496957
 4580.0   0.0010094763506555
 4580.9   0.0009957530122198
 4581.8   0.0010111120466609
 4582.7   0.0010238637677815
 4583.6   0.0010240539033931
 4584.5   0.0010261801865018
 4585.4   0.0010312299120201
 4586.3   0.0010490161463784
 4587.2   0.0010923580816362
 4588.1   0.0011413828596372
 4589.0   0.0011665992014001
 4589.9   0.0011539714693154
 4590.8   0.0011127558529598
 4591.7   0.0010694594113696
 4592.6   0.0010493465571146
 4593.5   0.0010470529389185
 4594.4   0.0010387965004276
 4595.3   0.0010263580449081
 4596.2   0.0010270570581535
 4597.1   0.0010403102476323
 4598.0   0.0010607725906133
 4598.9   0.0010745580309477
 4599.8   0.0010577108775207
 4600.7   0.0010387585592099
 4601.6   0.0010549148245391
 4602.5   0.0010818426373619
 4603.4   0.0010910006092960
 4604.3   0.0010812534030926
 4605.2   0.0010715157537808
 4606.1   0.0010902865269443
 4607.0   0.0011379529377651
 4607.9   0.0011932189029005
 4608.8   0.0012284490058178
 4609.7   0.0012217152987256
 4610.6   0.0011852774838971
 4611.5   0.0011509868556406
 4612.4   0.0011291630314362
 4613.3   0.0011208837924210
 4614.2   0.0011385903144286
 4615.1   0.0011612313065573
 4616.0   0.0011660650176900
 4616.9   0.0011694632264311
 4617.8   0.0011678618564897
 4618.7   0.0011483497262501
 4619.6   0.0011421473393799
 4620.5   0.0011668037260396
 4621.4   0.0011852671037527
 4622.3   0.0011814287052993
 4623.2   0.0011809323196325
 4624.1   0.0011841066393956
 4625.0   0.0011749204621035
 4625.9   0.0011674279664513
 4626.8   0.0011750600929433
 4627.7   0.0011787417870089
 4628.6   0.0011624894158595
 4629.5   0.0011505692158973
 4630.4   0.0011696533262491
 4631.3   0.0011923406710919
 4632.2   0.0011766557717020
 4633.1   0.0011393053990011
 4634.0   0.0011219880966172
 4634.9   0.0011238982221659
 4635.8   0.0011199822231843
 4636.7   0.0010988935279692
 4637.6   0.0010740669785275
 4638.5   0.0010645326726664
 4639.4   0.0010690154991228
 4640.3   0.0010913890414604
 4641.2   0.0011276806036328
 4642.1   0.0011458975781926
 4643.0   0.0011312177989289
 4643.9   0.0011025980941462
 4644.8   0.0010688707140043
 4645.7   0.0010211672925995
 4646.6   0.0009775589455651
 4647.5   0.0009688810016219
 4648.4   0.0009974212804026
 4649.3   0.0010455461356725
 4650.2   0.0010921732076840
 4651.1   0.0011248624302055
 4652.0   0.0011461719719424
 4652.9   0.0011473669771249
 4653.8   0.0011116082385058
 4654.7   0.0010622296765467
 4655.6   0.0010368590285673
 4656.5   0.0010458689581652
 4657.4   0.0010924017856237
 4658.3   0.0011622564353068
 4659.2   0.0012142344359939
 4660.1   0.0012179038170606
 4661.0   0.0011783464108858
 4661.9   0.0011216151988759
 4662.8   0.0010767978513606
 4663.7   0.0010622540161957
 4664.6   0.0010583078432080
 4665.5   0.0010162114179046
 4666.4   0.0009351135326462
 4667.3   0.0008803981446905
 4668.2   0.0008989859051691
 4669.1   0.0009677125552917
 4670.0   0.0010415278743711
 4670.9   0.0010974628935073
 4671.8   0.0011187181005570
 4672.7   0.0011070659588772
 4673.6   0.0010939892318541
 4674.5   0.0011050079341667
 4675.4   0.0011390921407228
 4676.3   0.0011669527705966
 4677.2   0.0011570396252562
 4678.1   0.0011140670083796
 4679.0   0.0010699819263656
 4679.9   0.0010408141499555
 4680.8   0.0010272644462811
 4681.7   0.0010367697951186
 4682.6   0.0010730952896253
 4683.5   0.0011141078130854
 4684.4   0.0011315564063999
 4685.3   0.0011301915247842
 4686.2   0.0011218145334431
 4687.1   0.0011057527632221
 4688.0   0.0010920422031022
 4688.9   0.0010900324281667
 4689.8   0.0010875927720761
 4690.7   0.0010769492582953
 4691.6   0.0010744037247313
 4692.5   0.0010884569012056
 4693.4   0.0011066789584568
 4694.3   0.0011268244206829
 4695.2   0.0011516093063722
 4696.1   0.0011629728442425
 4697.0   0.0011355170042091
 4697.9   0.0010763951375492
 4698.8   0.0010344584232961
 4699.7   0.0010346890414711
 4700.6   0.0010445545813213
 4701.5   0.0010399427547248
 4702.4   0.0010286194846564
 4703.3   0.0010307100099571
 4704.2   0.0010545781141290
 4705.1   0.0010785035596507
 4706.0   0.0010781664555109
 4706.9   0.0010522952698070
 4707.8   0.0010235478534539
 4708.7   0.0010135135825658
 4709.6   0.0010342230087784
 4710.5   0.0010824001942938
 4711.4   0.0011200481549984
 4712.3   0.0011187328117273
 4713.2   0.0010890937051714
 4714.1   0.0010580566437120
 4715.0   0.0010638788309462
 4715.9   0.0011111067701475
 4716.8   0.0011549920880710
 4717.7   0.0011736115974742
 4718.6   0.0011865377408154
 4719.5   0.0012012154082566
 4720.4   0.0012051736078945
 4721.3   0.0011941178949979
 4722.2   0.0011802961957451
 4723.1   0.0011820092775170
 4724.0   0.0012004411926543
 4724.9   0.0012127762404588
 4725.8   0.0011887050075979
 4726.7   0.0011193487122298
 4727.6   0.0010458804121177
 4728.5   0.0010140628353821
 4729.4   0.0010189016649999
 4730.3   0.0010360072482303
 4731.2   0.0010601857187216
 4732.1   0.0010927204560587
 4733.0   0.0011181676665518
 4733.9   0.0011333093264504
 4734.8   0.0011421506323912
 4735.7   0.0011252159636083
 4736.6   0.0010980857379686
 4737.5   0.0011098146927174
 4738.4   0.0011464944007054
 4739.3   0.0011530404777381
 4740.2   0.0011305908382035
 4741.1   0.0011228218369790
 4742.0   0.0011451459483529
 4742.9   0.0011722869120731
 4743.8   0.0011768765108430
 4744.7   0.0011649224501338
 4745.6   0.0011689355213629
 4746.5   0.0011925092589554
 4747.4   0.0012033308101104
 4748.3   0.0011939650921127
 4749.2   0.0011860347691259
 4750.1   0.0011859331868846
 4751.0   0.0011788206761068
 4751.9   0.0011606515933860
 4752.8   0.0011445035605852
 4753.7   0.0011288020529642
 4754.6   0.0011119188553803
 4755.5   0.0011031917668222
 4756.4   0.0011089372483681
 4757.3   0.0011299261510220
 4758.2   0.0011575801802274
 4759.1   0.0011827562183949
 4760.0   0.0011894841985109
 4760.9   0.0011601310112445
 4761.8   0.0011108285822760
 4762.7   0.0010777629542402
 4763.6   0.0010644884317748
 4764.5   0.0010505907427058
 4765.4   0.0010379838067036
 4766.3   0.0010489708674724
 4767.2   0.0010862610353354
 4768.1   0.0011325444171845
 4769.0   0.0011787940456672
 4769.9   0.0012040251343940
 4770.8   0.0011876859279671
 4771.7   0.0011577687767142
 4772.6   0.0011585559496003
 4773.5   0.0011962518737309
 4774.4   0.0012354630841912
 4775.3   0.0012422886376651
 4776.2   0.0012351846099709
 4777.1   0.0012444535062762
 4778.0   0.0012537843255124
 4778.9   0.0012431914596779
 4779.8   0.0012297182111365
 4780.7   0.0012281418609226
 4781.6   0.0012194142712540
 4782.5   0.0011904363083131
 4783.4   0.0011700754043991
 4784.3   0.0011756585977554
 4785.2   0.0011660975182803
 4786.1   0.0011305978895430
 4787.0   0.0011192300922341
 4787.9   0.0011325260192733
 4788.8   0.0011322136485122
 4789.7   0.0011284648056500
 4790.6   0.0011394593472815
 4791.5   0.0011563778015629
 4792.4   0.0011817987395525
 4793.3   0.0012256199153419
 4794.2   0.0012690572763416
 4795.1   0.0012844619834183
 4796.0   0.0012684439171848
 4796.9   0.0012310204897430
 4797.8   0.0011826238536563
 4798.7   0.0011415946503778
 4799.6   0.0011297080606075
 4800.5   0.0011551049095032
 4801.4   0.0012012580384361
 4802.3   0.0012330560360717
 4803.2   0.0012310469770082
 4804.1   0.0012027350256120
 4805.0   0.0011764556854692
 4805.9   0.0011697007169776
 4806.8   0.0011610939307144
 4807.7   0.0011424994768323
 4808.6   0.0011397397185627
 4809.5   0.0011601661963549
 4810.4   0.0011804377952329
 4811.3   0.0011877273769578
 4812.2   0.0011862571547726
 4813.1   0.0011853003560085
 4814.0   0.0011944348473400
 4814.9   0.0012119692737111
 4815.8   0.0012293673622537
 4816.7   0.0012399250071842
 4817.6   0.0012449378652929
 4818.5   0.0012528354371343
 4819.4   0.0012565795552411
 4820.3   0.0012468906210211
 4821.2   0.0012289287116663
 4822.1   0.0011924924717562
 4823.0   0.0011397994580838
 4823.9   0.0011183484242398
 4824.8   0.0011480957706469
 4825.7   0.0011917759912333
 4826.6   0.0012126771995633
 4827.5   0.0012031592155844
 4828.4   0.0011810253829966
 4829.3   0.0011721614912932
 4830.2   0.0011737943238104
 4831.1   0.0011593834260818
 4832.0   0.0011417569027738
 4832.9   0.0011521796774135
 4833.8   0.0011804987875300
 4834.7   0.0011975044350249
 4835.6   0.0011983192047778
 4836.5   0.0011986670112044
 4837.4   0.0011937379101235
 4838.3   0.0011639688370003
 4839.2   0.0011244076724973
 4840.1   0.0011091842958063
 4841.0   0.0011239236356230
 4841.9   0.0011368265489168
 4842.8   0.0011323752208298
 4843.7   0.0011412420118150
 4844.6   0.0011771436742853
 4845.5   0.0012094656186609
 4846.4   0.0012111874340716
 4847.3   0.0011791217718834
 4848.2   0.0011382510626727
 4849.1   0.0011321558776393
 4850.0   0.0011648264516943
 4850.9   0.0011920393963474
 4851.8   0.0011939885011282
 4852.7   0.0011811475823524
 4853.6   0.0011444815475202
 4854.5   0.0010780896066483
 4855.4   0.0010288163494651
 4856.3   0.0010430976743559
 4857.2   0.0010828663701609
 4858.1   0.0010780891413315
 4859.0   0.0010061006560899
 4859.9   0.0008851831765251
 4860.8   0.0007790384680009
 4861.7   0.0007803409613691
 4862.6   0.0008826432983500
 4863.5   0.0009810052609067
 4864.4   0.0010357503575518
 4865.3   0.0010748938465178
 4866.2   0.0011046711163758
 4867.1   0.0011152982366870
 4868.0   0.0011151819074818
 4868.9   0.0011124653520894
 4869.8   0.0010825200670656
 4870.7   0.0010188812268534
 4871.6   0.0009795884069815
 4872.5   0.0010052604012926
 4873.4   0.0010555816593367
 4874.3   0.0010840404360866
 4875.2   0.0010936567808826
 4876.1   0.0011079846732491
 4877.0   0.0011289609765552
 4877.9   0.0011538759361928
 4878.8   0.0011932872328859
 4879.7   0.0012173588594764
 4880.6   0.0011887704383016
 4881.5   0.0011414822584688
 4882.4   0.0011284337725974
 4883.3   0.0011315835379499
 4884.2   0.0011089537492185
 4885.1   0.0010697853836993
 4886.0   0.0010492669879383
 4886.9   0.0010589649779395
 4887.8   0.0010783641077789
 4888.7   0.0010841844695394
 4889.6   0.0010658732504266
 4890.5   0.0010290076304720
 4891.4   0.0010288106582824
 4892.3   0.0010979341878594
 4893.2   0.0011818052181944
 4894.1   0.0012371219386568
 4895.0   0.0012627701660164
 4895.9   0.0012624901884648
 4896.8   0.0012524040526480
 4897.7   0.0012420724443115
 4898.6   0.0012172441051898
 4899.5   0.0011803315598234
 4900.4   0.0011670616905262
 4901.3   0.0011802688136398
 4902.2   0.0011795786772076
 4903.1   0.0011620075623949
 4904.0   0.0011642156696768
 4904.9   0.0011977403506529
 4905.8   0.0012318825428436
 4906.7   0.0012305698840926
 4907.6   0.0011947898482805
 4908.5   0.0011458434224734
 4909.4   0.0010936756441106
 4910.3   0.0010594238161183
 4911.2   0.0010691957557004
 4912.1   0.0011115918450362
 4913.0   0.0011507700895894
 4913.9   0.0011793707163824
 4914.8   0.0012085395308070
 4915.7   0.0012202635102452
 4916.6   0.0011878676878760
 4917.5   0.0011106146439193
 4918.4   0.0010202984029210
 4919.3   0.0009565748750474
 4920.2   0.0009393078268802
 4921.1   0.0009745049280969
 4922.0   0.0010330218113028
 4922.9   0.0010626767744241
 4923.8   0.0010575186658802
 4924.7   0.0010657574223319
 4925.6   0.0011108046005629
 4926.5   0.0011563018833339
 4927.4   0.0011780553015241
 4928.3   0.0011989350336931
 4929.2   0.0012212504114282
 4930.1   0.0012269825419608
 4931.0   0.0012225826492793
 4931.9   0.0011971425975064
 4932.8   0.0011355971818767
 4933.7   0.0010863863487346
 4934.6   0.0011006393608866
 4935.5   0.0011349727982906
 4936.4   0.0011237076928247
 4937.3   0.0010700184716328
 4938.2   0.0010214949472285
 4939.1   0.0010252760759193
 4940.0   0.0010899748004681
 4940.9   0.0011676222541207
 4941.8   0.0012077697178177
 4942.7   0.0012199347818083
 4943.6   0.0012265352293217
 4944.5   0.0012144722844765
 4945.4   0.0011860459009360
 4946.3   0.0011791672655510
 4947.2   0.0012048766283822
 4948.1   0.0012306164515683
 4949.0   0.0012363609666870
 4949.9   0.0012350241114613
 4950.8   0.0012374272580783
 4951.7   0.0012290658011603
 4952.6   0.0012099522684680
 4953.5   0.0012033960976397
 4954.4   0.0012106783774698
 4955.3   0.0012016389181506
 4956.2   0.0011371197343074
 4957.1   0.0010476122497369
 4958.0   0.0010407129256502
 4958.9   0.0011307389163332
 4959.8   0.0012156424846931
 4960.7   0.0012393546003494
 4961.6   0.0012309501195223
 4962.5   0.0012322588767707
 4963.4   0.0012381103431710
 4964.3   0.0012137734144055
 4965.2   0.0011674752140054
 4966.1   0.0011419013299562
 4967.0   0.0011405848412898
 4967.9   0.0011379534030819
 4968.8   0.0011343783023618
 4969.7   0.0011360126382103
 4970.6   0.0011482413790181
 4971.5   0.0011783356012181
 4972.4   0.0012078889820981
 4973.3   0.0012257588661033
 4974.2   0.0012352008960596
 4975.1   0.0012279298196268
 4976.0   0.0012086350997232
 4976.9   0.0011858207949756
 4977.8   0.0011554045019485
 4978.7   0.0011297106019532
 4979.6   0.0011213644289032
 4980.5   0.0011107439304082
 4981.4   0.0010713788432548
 4982.3   0.0010144286817839
 4983.2   0.0009832645530389
 4984.1   0.0009946667479989
 4985.0   0.0010291385634666
 4985.9   0.0010803575250385
 4986.8   0.0011427193211333
 4987.7   0.0011817146603823
 4988.6   0.0011798255098842
 4989.5   0.0011573242559761
 4990.4   0.0011362199905443
 4991.3   0.0011339094419746
 4992.2   0.0011470211393464
 4993.1   0.0011459503021677
 4994.0   0.0011418626728665
 4994.9   0.0011597093984114
 4995.8   0.0011758390333010
 4996.7   0.0011730487788829
 4997.6   0.0011608679299140
 4998.5   0.0011349853260511
 4999.4   0.0010989113889764
 5000.3   0.0010755274648531
 5001.2   0.0010712135484026
 5002.1   0.0010772114106334
 5003.0   0.0010843313664803
 5003.9   0.0010764474677947
 5004.8   0.0010424736844995
 5005.7   0.0010051792214042
 5006.6   0.0010134659054884
 5007.5   0.0010780782242830
 5008.4   0.0011449324037258
 5009.3   0.0011634860886957
 5010.2   0.0011414032619901
 5011.1   0.0010967726496943
 5012.0   0.0010387881605185
 5012.9   0.0009936315970410
 5013.8   0.0009823108683182
 5014.7   0.0010087792702646
 5015.6   0.0010466470752701
 5016.5   0.0010530585325672
 5017.4   0.0010268700365852
 5018.3   0.0010152818222778
 5019.2   0.0010448166620722
 5020.1   0.0010807899117456
 5021.0   0.0010866868718135
 5021.9   0.0010735943598122
 5022.8   0.0010798290325110
 5023.7   0.0011094915122887
 5024.6   0.0011301739859194
 5025.5   0.0011299931208506
 5026.4   0.0011093172690362
 5027.3   0.0010836078346178
 5028.2   0.0010959679379435
 5029.1   0.0011376639044323
 5030.0   0.0011610610721881
 5030.9   0.0011697207971881
 5031.8   0.0011944805199756
 5032.7   0.0012306951616982
 5033.6   0.0012430725891270
 5034.5   0.0012035640770120
 5035.4   0.0011342393158068
 5036.3   0.0010977184240291
 5037.2   0.0011053427117223
 5038.1   0.0011000677370692
 5039.0   0.0010535696651979
 5039.9   0.0009827547089779
 5040.8   0.0009273905619934
 5041.7   0.0009523613596494
 5042.6   0.0010546945149214
 5043.5   0.0011513813369237
 5044.4   0.0012072736542933
 5045.3   0.0012416237715156
 5046.2   0.0012493153511798
 5047.1   0.0012074528370628
 5048.0   0.0011362080354813
 5048.9   0.0010913818827401
 5049.8   0.0010898310175705
 5050.7   0.0010978721575479
 5051.6   0.0010998841516867
 5052.5   0.0011199480402948
 5053.4   0.0011626168768747
 5054.3   0.0012043845737412
 5055.2   0.0012254603832597
 5056.1   0.0012241333354808
 5057.0   0.0012172006159638
 5057.9   0.0012191101330213
 5058.8   0.0012264541926077
 5059.7   0.0012351469908956
 5060.6   0.0012519387000337
 5061.5   0.0012677800174626
 5062.4   0.0012601108445929
 5063.3   0.0012126158851237
 5064.2   0.0011383499246003
 5065.1   0.0010951561032659
 5066.0   0.0011080913739754
 5066.9   0.0011300512854531
 5067.8   0.0011328246810849
 5068.7   0.0011415575682065
 5069.6   0.0011704592191889
 5070.5   0.0011839653978437
 5071.4   0.0011558341325484
 5072.3   0.0011258916394255
 5073.2   0.0011329981010846
 5074.1   0.0011500198557002
 5075.0   0.0011515290929111
 5075.9   0.0011571972602776
 5076.8   0.0011713494776475
 5077.7   0.0011519568264501
 5078.6   0.0010739384437042
 5079.5   0.0009949178759076
 5080.4   0.0009894501169164
 5081.3   0.0010460596306809
 5082.2   0.0010941605758249
 5083.1   0.0011097893508475
 5084.0   0.0011276467428857
 5084.9   0.0011594408032251
 5085.8   0.0011773915449763
 5086.7   0.0011702355091790
 5087.6   0.0011614568062473
 5088.5   0.0011708060233946
 5089.4   0.0011876574004667
 5090.3   0.0011953897490431
 5091.2   0.0012000176469667
 5092.1   0.0012130550368216
 5093.0   0.0012287441598565
 5093.9   0.0012350438695294
 5094.8   0.0012273302410066
 5095.7   0.0011981134631559
 5096.6   0.0011422958112393
 5097.5   0.0010754806110286
 5098.4   0.0010270663286963
 5099.3   0.0010349015838773
 5100.2   0.0011023795742086
 5101.1   0.0011748387811047
 5102.0   0.0012023348889399
 5102.9   0.0011880619397518
 5103.8   0.0011668293542583
 5104.7   0.0011581253883668
 5105.6   0.0011516739854103
 5106.5   0.0011288664098598
 5107.4   0.0011031900487293
 5108.3   0.0011006611949836
 5109.2   0.0011049357384723
 5110.1   0.0011103165905989
 5111.0   0.0011415275015812
 5111.9   0.0011832084705510
 5112.8   0.0012019482822491
 5113.7   0.0011995987186537
 5114.6   0.0011933051654803
 5115.5   0.0011991761751870
 5116.4   0.0012231315441596
 5117.3   0.0012472374252269
 5118.2   0.0012533437062768
 5119.1   0.0012402511584819
 5120.0   0.0012134456881893
 5120.9   0.0011778329158774
 5121.8   0.0011356804020003
 5122.7   0.0010892542394746
 5123.6   0.0010588680130728
 5124.5   0.0010608912106089
 5125.4   0.0010794370209865
 5126.3   0.0010940029765971
 5127.2   0.0010964877684193
 5128.1   0.0010928738316415
 5129.0   0.0010935228054318
 5129.9   0.0011058665868752
 5130.8   0.0011234630793514
 5131.7   0.0011380524439775
 5132.6   0.0011518891407495
 5133.5   0.0011704446511930
 5134.4   0.0011956716236556
 5135.3   0.0012011529842155
 5136.2   0.0011669013351911
 5137.1   0.0011238806117139
 5138.0   0.0010977066837278
 5138.9   0.0010839871036202
 5139.8   0.0010963748038127
 5140.7   0.0011142254666538
 5141.6   0.0010908150552654
 5142.5   0.0010624149084349
 5143.4   0.0010841714406684
 5144.3   0.0011191143357266
 5145.2   0.0011163639553806
 5146.1   0.0010917826994907
 5147.0   0.0010775785098113
 5147.9   0.0010895295638580
 5148.8   0.0011226461977760
 5149.7   0.0011409907407318
 5150.6   0.0011264981620044
 5151.5   0.0011073354846971
 5152.4   0.0011026613772338
 5153.3   0.0011032246611420
 5154.2   0.0011084571845836
 5155.1   0.0011264181633048
 5156.0   0.0011548630163437
 5156.9   0.0011843111640351
 5157.8   0.0012007520600841
 5158.7   0.0012038782374531
 5159.6   0.0012065673033595
 5160.5   0.0012007790126661
 5161.4   0.0011742753540221
 5162.3   0.0011468068430537
 5163.2   0.0011291997198778
 5164.1   0.0010934135275662
 5165.0   0.0010277516687859
 5165.9   0.0009427102950599
 5166.8   0.0008590525587968
 5167.7   0.0008274710766573
 5168.6   0.0008785590336473
 5169.5   0.0009743201973191
 5170.4   0.0010170133735481
 5171.3   0.0009500221404049
 5172.2   0.0008607413725069
 5173.1   0.0008814567404574
 5174.0   0.0010113973932527
 5174.9   0.0011351130734152
 5175.8   0.0011830970450692
 5176.7   0.0011888384461446
 5177.6   0.0012000275975880
 5178.5   0.0012117125977941
 5179.4   0.0012075844501358
 5180.3   0.0011866666693683
 5181.2   0.0011307474710040
 5182.1   0.0010087451231687
 5183.0   0.0008668446111007
 5183.9   0.0008335421010096
 5184.8   0.0009415492222116
 5185.7   0.0010778634626735
 5186.6   0.0011472904861983
 5187.5   0.0011487167538408
 5188.4   0.0011378958111770
 5189.3   0.0011539467001431
 5190.2   0.0011518160144214
 5191.1   0.0010854345252812
 5192.0   0.0010196712632276
 5192.9   0.0010304110975902
 5193.8   0.0010753244435449
 5194.7   0.0010838649400580
 5195.6   0.0010727904355205
 5196.5   0.0010803569881345
 5197.4   0.0011035503829165
 5198.3   0.0011344609139943
 5199.2   0.0011661954495742
 5200.1   0.0011852973493460
 5201.0   0.0011880976259726
 5201.9   0.0011823073308374
 5202.8   0.0011732560954233
 5203.7   0.0011411682054085
 5204.6   0.0010830235398655
 5205.5   0.0010437834081751
 5206.4   0.0010472891766890
 5207.3   0.0010548877287827
 5208.2   0.0010491858796371
 5209.1   0.0010708984931215
 5210.0   0.0011158915872205
 5210.9   0.0011530316009249
 5211.8   0.0011814605973983
 5212.7   0.0011999384715200
 5213.6   0.0011912600264664
 5214.5   0.0011457667883724
 5215.4   0.0010933647050936
 5216.3   0.0010743073683558
 5217.2   0.0010940673692864
 5218.1   0.0011345882318351
 5219.0   0.0011702268829210
 5219.9   0.0011865249624996
 5220.8   0.0011911514644728
 5221.7   0.0011858787448166
 5222.6   0.0011650185917476
 5223.5   0.0011261848248161
 5224.4   0.0010699715820148
 5225.3   0.0010011369068026
 5226.2   0.0009423650299790
 5227.1   0.0009471190645546
 5228.0   0.0010276873476838
 5228.9   0.0011139170331889
 5229.8   0.0011579641023980
 5230.7   0.0011747588539923
 5231.6   0.0011639867695947
 5232.5   0.0011238406660546
 5233.4   0.0010921058083322
 5234.3   0.0010858491225684
 5235.2   0.0011008806097613
 5236.1   0.0011398544728494
 5237.0   0.0011828632054701
 5237.9   0.0012057433346510
 5238.8   0.0012082470254948
 5239.7   0.0012067623069010
 5240.6   0.0012097774525179
 5241.5   0.0012026763956926
 5242.4   0.0011853061187784
 5243.3   0.0011866917248894
 5244.2   0.0012111789509880
 5245.1   0.0012180449870253
 5246.0   0.0011789417658610
 5246.9   0.0011261716885643
 5247.8   0.0011067916367146
 5248.7   0.0011043917831090
 5249.6   0.0010856470676874
 5250.5   0.0010761717138881
 5251.4   0.0010997736568386
 5252.3   0.0011291726599150
 5253.2   0.0011330503955365
 5254.1   0.0011088302254994
 5255.0   0.0010923250083483
 5255.9   0.0011267251292321
 5256.8   0.0011903186547447
 5257.7   0.0012331731169425
 5258.6   0.0012421472887324
 5259.5   0.0012234092667143
 5260.4   0.0011819905216698
 5261.3   0.0011187280153847
 5262.2   0.0010490593850491
 5263.1   0.0009937980014947
 5264.0   0.0009557359088198
 5264.9   0.0009315076852223
 5265.8   0.0009367224550376
 5266.7   0.0009885489414092
 5267.6   0.0010317521048737
 5268.5   0.0009938895973212
 5269.4   0.0009240896760550
 5270.3   0.0009349610876971
 5271.2   0.0010222465770682
 5272.1   0.0010858588226344
 5273.0   0.0010900327861027
 5273.9   0.0010683572189960
 5274.8   0.0010457769686091
 5275.7   0.0010565076040161
 5276.6   0.0011212598757929
 5277.5   0.0011923168683469
 5278.4   0.0012172942878192
 5279.3   0.0011951675423645
 5280.2   0.0011567958708294
 5281.1   0.0011291266293433
 5282.0   0.0011124994991853
 5282.9   0.0010932970909802
 5283.8   0.0010881478234559
 5284.7   0.0011330123111444
 5285.6   0.0012057812042815
 5286.5   0.0012502019586911
 5287.4   0.0012519084544404
 5288.3   0.0012404615174784
 5289.2   0.0012449829294373
 5290.1   0.0012617107827903
 5291.0   0.0012678307369960
 5291.9   0.0012508745204650
 5292.8   0.0012251608266080
 5293.7   0.0012130823115460
 5294.6   0.0012073753797090
 5295.5   0.0011789881543687
 5296.4   0.0011181286515261
 5297.3   0.0010554925332687
 5298.2   0.0010451090242099
 5299.1   0.0010966249652942
 5300.0   0.0011460584346381
 5300.9   0.0011539149512185
 5301.8   0.0011512410975927
 5302.7   0.0011731232653678
 5303.6   0.0012140389671356
 5304.5   0.0012451876688384
 5305.4   0.0012496507730203
 5306.3   0.0012320488041230
 5307.2   0.0012163328716806
 5308.1   0.0012258207890341
 5309.0   0.0012531358886260
 5309.9   0.0012715889577819
 5310.8   0.0012710002962102
 5311.7   0.0012584155880345
 5312.6   0.0012419276591930
 5313.5   0.0012298235159123
 5314.4   0.0012206528730433
 5315.3   0.0011999488874581
 5316.2   0.0011739834929947
 5317.1   0.0011722435302280
 5318.0   0.0011916351434110
 5318.9   0.0012024072993959
 5319.8   0.0012014075125163
 5320.7   0.0011994563675002
 5321.6   0.0011966324313030
 5322.5   0.0011830376276906
 5323.4   0.0011516993272802
 5324.3   0.0011265214994326
 5325.2   0.0011280911562430
 5326.1   0.0011187141990544
 5327.0   0.0010516256789021
 5327.9   0.0009650608579053
 5328.8   0.0009613427259532
 5329.7   0.0010509132788497
 5330.6   0.0011417085456180
 5331.5   0.0011753796582182
 5332.4   0.0011706275922907
 5333.3   0.0011770927399902
 5334.2   0.0012054476795019
 5335.1   0.0012243256902958
 5336.0   0.0012185835733483
 5336.9   0.0012055549887194
 5337.8   0.0011988231428946
 5338.7   0.0011758301922814
 5339.6   0.0011243733106398
 5340.5   0.0010910660042061
 5341.4   0.0011187864305424
 5342.3   0.0011755363983996
 5343.2   0.0012090941884572
 5344.1   0.0012106810261963
 5345.0   0.0011918397754313
 5345.9   0.0011764954163669
 5346.8   0.0011777331233162
 5347.7   0.0011688682293919
 5348.6   0.0011429369462309
 5349.5   0.0011370119955666
 5350.4   0.0011693957912857
 5351.3   0.0012082054691234
 5352.2   0.0012199197484956
 5353.1   0.0012198039204009
 5354.0   0.0012400310994194
 5354.9   0.0012720168344952
 5355.8   0.0012872260727136
 5356.7   0.0012846269919216
 5357.6   0.0012803012993762
 5358.5   0.0012803476162966
 5359.4   0.0012775444403883
 5360.3   0.0012596776346329
 5361.2   0.0012264982545313
 5362.1   0.0011981682273663
 5363.0   0.0011885662358046
 5363.9   0.0011817481273998
 5364.8   0.0011691107310427
 5365.7   0.0011693434252466
 5366.6   0.0011767035919538
 5367.5   0.0011737327230220
 5368.4   0.0011564880816494
 5369.3   0.0011167730046596
 5370.2   0.0010703183862205
 5371.1   0.0010583614978168
 5372.0   0.0011038359084763
 5372.9   0.0011751526194034
 5373.8   0.0012241610755221
 5374.7   0.0012469246965298
 5375.6   0.0012509531590076
 5376.5   0.0012373491564396
 5377.4   0.0012231128598996
 5378.3   0.0012191565573226
 5379.2   0.0012118156117795
 5380.1   0.0011959093647574
 5381.0   0.0011854289266254
 5381.9   0.0011823421938054
 5382.8   0.0011796192313582
 5383.7   0.0011902607406973
 5384.6   0.0012138838376664
 5385.5   0.0012224089787244
 5386.4   0.0012122216901895
 5387.3   0.0012023779844362
 5388.2   0.0011936193617150
 5389.1   0.0011758646257262
 5390.0   0.0011555503966686
 5390.9   0.0011412962391214
 5391.8   0.0011326586703608
 5392.7   0.0011282245947897
 5393.6   0.0011288122183470
 5394.5   0.0011328108289611
 5395.4   0.0011248674413097
 5396.3   0.0010930910988031
 5397.2   0.0010714108427346
 5398.1   0.0010964895938930
 5399.0   0.0011348348139565
 5399.9   0.0011473399529557
 5400.8   0.0011529158802110
 5401.7   0.0011660770085466
 5402.6   0.0011543809839111
 5403.5   0.0010997265166653
 5404.4   0.0010378246325573
 5405.3   0.0010094017567898
 5406.2   0.0010269387245066
 5407.1   0.0010735059496163
 5408.0   0.0011069738261467
 5408.9   0.0011014992663711
 5409.8   0.0010842358333576
 5410.7   0.0010995076029980
 5411.6   0.0011442822845402
 5412.5   0.0011782102878190
 5413.4   0.0011820102439443
 5414.3   0.0011731565534173
 5415.2   0.0011775682937809
 5416.1   0.0012003790191683
 5417.0   0.0012172549148574
 5417.9   0.0012105515607394
 5418.8   0.0011874087781100
 5419.7   0.0011594396936235
 5420.6   0.0011446376076231
 5421.5   0.0011565306402417
 5422.4   0.0011666247938252
 5423.3   0.0011428324289143
 5424.2   0.0011183262680004
 5425.1   0.0011431632691737
 5426.0   0.0011986667248556
 5426.9   0.0012311218214291
 5427.8   0.0012075006573145
 5428.7   0.0011355477151193
 5429.6   0.0010866297810190
 5430.5   0.0011126078106237
 5431.4   0.0011541825441839
 5432.3   0.0011512720590581
 5433.2   0.0011241519988012
 5434.1   0.0011015097896900
 5435.0   0.0010938273731877
 5435.9   0.0011068982658537
 5436.8   0.0011443586322923
 5437.7   0.0011992641200661
 5438.6   0.0012436839080485
 5439.5   0.0012603894619877
 5440.4   0.0012568251709352
 5441.3   0.0012491749686744
 5442.2   0.0012467218183960
 5443.1   0.0012391233020959
 5444.0   0.0012100587544328
 5444.9   0.0011588460209475
 5445.8   0.0011018712692724
 5446.7   0.0010769335806979
 5447.6   0.0011166250697042
 5448.5   0.0011870158717454
 5449.4   0.0012312230815280
 5450.3   0.0012398553170420
 5451.2   0.0012327252316058
 5452.1   0.0012212017679236
 5453.0   0.0012001380208489
 5453.9   0.0011577929373952
 5454.8   0.0011042999725209
 5455.7   0.0010906017969871
 5456.6   0.0011410755357740
 5457.5   0.0012074031913374
 5458.4   0.0012423726094544
 5459.3   0.0012428561452182
 5460.2   0.0012234730151188
 5461.1   0.0011906542913467
 5462.0   0.0011451647757873
 5462.9   0.0011126797199693
 5463.8   0.0011272090945191
 5464.7   0.0011684904995144
 5465.6   0.0011879365905590
 5466.5   0.0011856298003175
 5467.4   0.0011911503548711
 5468.3   0.0012021152594005
 5469.2   0.0011975651409732
 5470.1   0.0011815170439080
 5471.0   0.0011744949119742
 5471.9   0.0011690767987084
 5472.8   0.0011515588731876
 5473.7   0.0011403428407495
 5474.6   0.0011347386007554
 5475.5   0.0010963993940170
 5476.4   0.0010443583965910
 5477.3   0.0010514998643925
 5478.2   0.0011132766498629
 5479.1   0.0011563913673379
 5480.0   0.0011425007654020
 5480.9   0.0011056524695505
 5481.8   0.0011002629911659
 5482.7   0.0011286416976290
 5483.6   0.0011691305606980
 5484.5   0.0012071423633626
 5485.4   0.0012174854614453
 5486.3   0.0011881188873719
 5487.2   0.0011483562406856
 5488.1   0.0011391794771107
 5489.0   0.0011565989344335
 5489.9   0.0011732011880385
 5490.8   0.0011852014224938
 5491.7   0.0011876477719878
 5492.6   0.0011704905027967
 5493.5   0.0011538339502981
 5494.4   0.0011637497801586
 5495.3   0.0011832648096799
 5496.2   0.0011782539202193
 5497.1   0.0011613057572486
 5498.0   0.0011732357288640
 5498.9   0.0012052168107717
 5499.8   0.0012109333352939
 5500.7   0.0011781638277241
 5501.6   0.0011421215321932
 5502.5   0.0011338782299540
 5503.4   0.0011480899004962
 5504.3   0.0011618855420071
 5505.2   0.0011537481530351
 5506.1   0.0011350796421913
 5507.0   0.0011408423046660
 5507.9   0.0011644329010449
 5508.8   0.0011715021731519
 5509.7   0.0011610535913254
 5510.6   0.0011458109576767
 5511.5   0.0011216412566178
 5512.4   0.0011025456923135
 5513.3   0.0011116684075500
 5514.2   0.0011376294351940
 5515.1   0.0011598516421841
 5516.0   0.0011705552176283
 5516.9   0.0011813918736832
 5517.8   0.0012045582442961
 5518.7   0.0012238128753658
 5519.6   0.0012232342717962
 5520.5   0.0012100061020448
 5521.4   0.0011991794324048
 5522.3   0.0011981691937936
 5523.2   0.0012018889364577
 5524.1   0.0011966447085084
 5525.0   0.0011766017949508
 5525.9   0.0011504296566447
 5526.8   0.0011246294496527
 5527.7   0.0011031181035901
 5528.6   0.0011058723854386
 5529.5   0.0011409479315843
 5530.4   0.0011771147888488
 5531.3   0.0011902167503609
 5532.2   0.0011863448133029
 5533.1   0.0011765656076196
 5534.0   0.0011586683773029
 5534.9   0.0011410113578463
 5535.8   0.0011469874933609
 5536.7   0.0011668623917526
 5537.6   0.0011765423059850
 5538.5   0.0011831539568958
 5539.4   0.0011991576698950
 5540.3   0.0012176012537464
 5541.2   0.0012228245782324
 5542.1   0.0012062360693704
 5543.0   0.0011809874775725
 5543.9   0.0011710591199515
 5544.8   0.0011749503855544
 5545.7   0.0011747985848901
 5546.6   0.0011792630134352
 5547.5   0.0012025556996681
 5548.4   0.0012275496915779
 5549.3   0.0012373071705450
 5550.2   0.0012374308732321
 5551.1   0.0012311974533093
 5552.0   0.0012135340625916
 5552.9   0.0011874598197859
 5553.8   0.0011687416274231
 5554.7   0.0011715342084253
 5555.6   0.0011881752980880
 5556.5   0.0011912022555934
 5557.4   0.0011713602873152
 5558.3   0.0011547368081045
 5559.2   0.0011635375241012
 5560.1   0.0011861270092372
 5561.0   0.0011946803914469
 5561.9   0.0011780806433940
 5562.8   0.0011556121764249
 5563.7   0.0011507902413871
 5564.6   0.0011552644057919
 5565.5   0.0011515394014683
 5566.4   0.0011481967443969
 5567.3   0.0011540028603040
 5568.2   0.0011580934962678
 5569.1   0.0011541455693935
 5570.0   0.0011611760054428
 5570.9   0.0011769239015715
 5571.8   0.0011648682944146
 5572.7   0.0011375047302860
 5573.6   0.0011442115921770
 5574.5   0.0011716152809329
 5575.4   0.0011790134604450
 5576.3   0.0011773338098969
 5577.2   0.0011829210837238
 5578.1   0.0011839803595692
 5579.0   0.0011842895089061
 5579.9   0.0011921555107909
 5580.8   0.0011914197017231
 5581.7   0.0011799061528686
 5582.6   0.0011782525958560
 5583.5   0.0011829818612593
 5584.4   0.0011754446593987
 5585.3   0.0011485845322765
 5586.2   0.0011028644343357
 5587.1   0.0010588485055599
 5588.0   0.0010417224483894
 5588.9   0.0010519033656632
 5589.8   0.0010784734572317
 5590.7   0.0011083776154073
 5591.6   0.0011251242961947
 5592.5   0.0011254826617338
 5593.4   0.0011166738921768
 5594.3   0.0011172837793542
 5595.2   0.0011503382397863
 5596.1   0.0011908327224507
 5597.0   0.0011904378832315
 5597.9   0.0011539230763660
 5598.8   0.0011272037612725
 5599.7   0.0011176467622679
 5600.6   0.0011017632799764
 5601.5   0.0010824741080811
 5602.4   0.0010797174996485
 5603.3   0.0011137651609374
 5604.2   0.0011746598846839
 5605.1   0.0012227660556938
 5606.0   0.0012412106775597
 5606.9   0.0012403524901680
 5607.8   0.0012344916816377
 5608.7   0.0012306834213969
 5609.6   0.0012296538542408
 5610.5   0.0012324636161718
 5611.4   0.0012392360161473
 5612.3   0.0012413741827317
 5613.2   0.0012175463821552
 5614.1   0.0011523648019209
 5615.0   0.0010821332456132
 5615.9   0.0010732766200109
 5616.8   0.0011212168518838
 5617.7   0.0011613628480431
 5618.6   0.0011680875709413
 5619.5   0.0011638296356837
 5620.4   0.0011719389266785
 5621.3   0.0011903213392648
 5622.2   0.0011946153186792
 5623.1   0.0011652383286678
 5624.0   0.0011195968692696
 5624.9   0.0011032846870119
 5625.8   0.0011279967685156
 5626.7   0.0011585538735714
 5627.6   0.0011763217816056
 5628.5   0.0011964617674106
 5629.4   0.0012213881094135
 5630.3   0.0012355000947752
 5631.2   0.0012344772210227
 5632.1   0.0012241565655283
 5633.0   0.0012072091184296
 5633.9   0.0011882270914295
 5634.8   0.0011739415428937
 5635.7   0.0011589909850340
 5636.6   0.0011407212864991
 5637.5   0.0011334770552674
 5638.4   0.0011467185760322
 5639.3   0.0011615680169674
 5640.2   0.0011521000724436
 5641.1   0.0011317560631095
 5642.0   0.0011319732228904
 5642.9   0.0011471775215917
 5643.8   0.0011579106983445
 5644.7   0.0011662670725710
 5645.6   0.0011767063838547
 5646.5   0.0011877420881280
 5647.4   0.0011940300932932
 5648.3   0.0011860322635738
 5649.2   0.0011668334347289
 5650.1   0.0011574783474309
 5651.0   0.0011681636681383
 5651.9   0.0011829162157940
 5652.8   0.0011805711979860
 5653.7   0.0011549328138668
 5654.6   0.0011292331868953
 5655.5   0.0011317521258134
 5656.4   0.0011375189761395
 5657.3   0.0010982502453615
 5658.2   0.0010446395911251
 5659.1   0.0010487921858132
 5660.0   0.0010950528745189
 5660.9   0.0011174692975912
 5661.8   0.0011077864482835
 5662.7   0.0011062648980736
 5663.6   0.0011336453567821
 5664.5   0.0011665218872207
 5665.4   0.0011765509680366
 5666.3   0.0011615436773183
 5667.2   0.0011435244266138
 5668.1   0.0011413248740026
 5669.0   0.0011502130337679
 5669.9   0.0011629037983851
 5670.8   0.0011794961013688
 5671.7   0.0012006143620988
 5672.6   0.0012208065707685
 5673.5   0.0012270076690691
 5674.4   0.0012152659717980
 5675.3   0.0012024335003122
 5676.2   0.0012046384935508
 5677.1   0.0012091309484860
 5678.0   0.0011995576275991
 5678.9   0.0011868210471720
 5679.8   0.0011847454120095
 5680.7   0.0011787501269181
 5681.6   0.0011515275537862
 5682.5   0.0011228657915217
 5683.4   0.0011195242082584
 5684.3   0.0011346033367350
 5685.2   0.0011460183100107
 5686.1   0.0011405320457275
 5687.0   0.0011270878973841
 5687.9   0.0011238431716067
 5688.8   0.0011397974894357
 5689.7   0.0011638918807569
 5690.6   0.0011799733732523
 5691.5   0.0011914347350357
 5692.4   0.0011995088409202
 5693.3   0.0011961349718282
 5694.2   0.0011876647023614
 5695.1   0.0011880233184557
 5696.0   0.0011950465241975
 5696.9   0.0011900883229184
 5697.8   0.0011690997782006
 5698.7   0.0011538117582651
 5699.6   0.0011470881449686
 5700.5   0.0011300953115831
 5701.4   0.0011132950835678
 5702.3   0.0011200419984989
 5703.2   0.0011419669038343
 5704.1   0.0011522836578261
 5705.0   0.0011364865454953
 5705.9   0.0011080730834450
 5706.8   0.0010881577024899
 5707.7   0.0010709631363659
 5708.6   0.0010520056995701
 5709.5   0.0010496722430955
 5710.4   0.0010611310993268
 5711.3   0.0010690360804437
 5712.2   0.0010897462941156
 5713.1   0.0011304342769901
 5714.0   0.0011601552077192
 5714.9   0.0011721551558257
 5715.8   0.0011841258605597
 5716.7   0.0011912030072591
 5717.6   0.0011892285248147
 5718.5   0.0011937085593702
 5719.4   0.0012048987130343
 5720.3   0.0012117299934845
 5721.2   0.0012176175040415
 5722.1   0.0012261988768476
 5723.0   0.0012317287377376
 5723.9   0.0012321633436481
 5724.8   0.0012285707756504
 5725.7   0.0012157122464226
 5726.6   0.0011967400626630
 5727.5   0.0011907046529442
 5728.4   0.0012020858370600
 5729.3   0.0012102783123849
 5730.2   0.0011983506673536
 5731.1   0.0011748558188590
 5732.0   0.0011676816714993
 5732.9   0.0011863267733277
 5733.8   0.0012096613738679
 5734.7   0.0012206959685396
 5735.6   0.0012195288823663
 5736.5   0.0012116068992886
 5737.4   0.0012043052551200
 5738.3   0.0012018574380883
 5739.2   0.0012014820347949
 5740.1   0.0011986325777597
 5741.0   0.0011908360870492
 5741.9   0.0011821493020864
 5742.8   0.0011823109459912
 5743.7   0.0011953906796768
 5744.6   0.0012132136740638
 5745.5   0.0012197061680749
 5746.4   0.0012021569589464
 5747.3   0.0011688114607398
 5748.2   0.0011537360190041
 5749.1   0.0011728838419668
 5750.0   0.0011972486539479
 5750.9   0.0011950508552233
 5751.8   0.0011634714849062
 5752.7   0.0011211034577540
 5753.6   0.0010961975896912
 5754.5   0.0011103936542231
 5755.4   0.0011530684325409
 5756.3   0.0011907210822073
 5757.2   0.0012081041732309
 5758.1   0.0012090358090930
 5759.0   0.0011950986038878
 5759.9   0.0011709218514894
 5760.8   0.0011465007719665
 5761.7   0.0011263955059550
 5762.6   0.0011217645297817
 5763.5   0.0011494483392636
 5764.4   0.0011923230606399
 5765.3   0.0012189334558039
 5766.2   0.0012265280348078
 5767.1   0.0012265494035880
 5768.0   0.0012220133878396
 5768.9   0.0012133775371719
 5769.8   0.0012054916340446
 5770.7   0.0011972888501625
 5771.6   0.0011869096721295
 5772.5   0.0011813952024882
 5773.4   0.0011796490474284
 5774.3   0.0011763372086479
 5775.2   0.0011815166501784
 5776.1   0.0011981487556471
 5777.0   0.0012082387213792
 5777.9   0.0012008749395183
 5778.8   0.0011779862556666
 5779.7   0.0011372129050523
 5780.6   0.0010914133453159
 5781.5   0.0010708921576540
 5782.4   0.0010807747710522
 5783.3   0.0010936623646844
 5784.2   0.0010888966613947
 5785.1   0.0010853264643980
 5786.0   0.0011088202748781
 5786.9   0.0011455037411943
 5787.8   0.0011701657832431
 5788.7   0.0011811209519128
 5789.6   0.0011762970840205
 5790.5   0.0011585568444403
 5791.4   0.0011516204739759
 5792.3   0.0011600108163304
 5793.2   0.0011694263948151
 5794.1   0.0011821536331122
 5795.0   0.0011950845370024
 5795.9   0.0011908463598129
 5796.8   0.0011680636250218
 5797.7   0.0011511529379520
 5798.6   0.0011643183973134
 5799.5   0.0011955188565640
 5800.4   0.0012173077462134
 5801.3   0.0012242046721288
 5802.2   0.0012176957846482
 5803.1   0.0011931542596560
 5804.0   0.0011605260294316
 5804.9   0.0011422783439617
 5805.8   0.0011441895791120
 5806.7   0.0011559873649568
 5807.6   0.0011669031248712
 5808.5   0.0011723387054146
 5809.4   0.0011785986126026
 5810.3   0.0011898244524875
 5811.2   0.0011991496879218
 5812.1   0.0012033318481249
 5813.0   0.0012019637450850
 5813.9   0.0011901038573415
 5814.8   0.0011677847928655
 5815.7   0.0011486059726439
 5816.6   0.0011536708388557
 5817.5   0.0011839547671441
 5818.4   0.0012128580646321
 5819.3   0.0012244069775650
 5820.2   0.0012254107733279
 5821.1   0.0012231953283576
 5822.0   0.0012194545748494
 5822.9   0.0012169512419416
 5823.8   0.0012181447079993
 5824.7   0.0012205947442343
 5825.6   0.0012200568021961
 5826.5   0.0012162817584175
 5827.4   0.0012130470190549
 5828.3   0.0012146015351718
 5829.2   0.0012187500493893
 5830.1   0.0012183983414601
 5831.0   0.0012131236173623
 5831.9   0.0012096498125346
 5832.8   0.0012075032702474
 5833.7   0.0012005033303467
 5834.6   0.0011942228060442
 5835.5   0.0011978507023266
 5836.4   0.0012041725324454
 5837.3   0.0012008687114317
 5838.2   0.0011963336621106
 5839.1   0.0012048928428837
 5840.0   0.0012195347525169
 5840.9   0.0012275511949092
 5841.8   0.0012286506669691
 5842.7   0.0012269825777544
 5843.6   0.0012232052789789
 5844.5   0.0012154576823281
 5845.4   0.0012034328576686
 5846.3   0.0011892780273657
 5847.2   0.0011795117789663
 5848.1   0.0011815768192226
 5849.0   0.0011934461922705
 5849.9   0.0012040928558882
 5850.8   0.0012019464925690
 5851.7   0.0011819598465532
 5852.6   0.0011537749266491
 5853.5   0.0011391945462170
 5854.4   0.0011468495806140
 5855.3   0.0011540094821203
 5856.2   0.0011373254401357
 5857.1   0.0011093312643344
 5858.0   0.0011029348403500
 5858.9   0.0011235933322676
 5859.8   0.0011521036875974
 5860.7   0.0011721442029836
 5861.6   0.0011743066018363
 5862.5   0.0011714510956825
 5863.4   0.0011804913782545
 5864.3   0.0011925650969739
 5865.2   0.0011907361871072
 5866.1   0.0011773105082623
 5867.0   0.0011726443827722
 5867.9   0.0011844816489594
 5868.8   0.0012005820762701
 5869.7   0.0012115113303724
 5870.6   0.0012154491276574
 5871.5   0.0012115759378232
 5872.4   0.0012028886517500
 5873.3   0.0011983411104620
 5874.2   0.0012020011493987
 5875.1   0.0012054286373058
 5876.0   0.0012028788085096
 5876.9   0.0011974042487340
 5877.8   0.0011917262739207
 5878.7   0.0011850539886488
 5879.6   0.0011777310114937
 5880.5   0.0011772247467929
 5881.4   0.0011856452989470
 5882.3   0.0011895711411691
 5883.2   0.0011810001485075
 5884.1   0.0011753037399893
 5885.0   0.0011841950853851
 5885.9   0.0011942102782836
 5886.8   0.0011846904688311
 5887.7   0.0011332163704671
 5888.6   0.0010282053526860
 5889.5   0.0009212220000767
 5890.4   0.0009089738233432
 5891.3   0.0009887211802200
 5892.2   0.0010634065343733
 5893.1   0.0010954584876121
 5894.0   0.0010853031985570
 5894.9   0.0010231037622390
 5895.8   0.0009681076450660
 5896.7   0.0009989218197683
 5897.6   0.0010779830848900
 5898.5   0.0011291472464579
 5899.4   0.0011514249693241
 5900.3   0.0011706705088190
 5901.2   0.0011848013216152
 5902.1   0.0011889852714983
 5903.0   0.0011898577763306
 5903.9   0.0011866800919689
 5904.8   0.0011753711035475
 5905.7   0.0011651142322511
 5906.6   0.0011688069507460
 5907.5   0.0011821679147592
 5908.4   0.0011896143440462
 5909.3   0.0011865838787679
 5910.2   0.0011856982376838
 5911.1   0.0011921290235257
 5912.0   0.0011910128716474
 5912.9   0.0011707223737477
 5913.8   0.0011438789264439
 5914.7   0.0011325706181009
 5915.6   0.0011369604169867
 5916.5   0.0011509251474715
 5917.4   0.0011714861018248
 5918.3   0.0011882164249362
 5919.2   0.0011979196765969
 5920.1   0.0012010469635676
 5921.0   0.0011955460239076
 5921.9   0.0011880139047385
 5922.8   0.0011889867748296
 5923.7   0.0011967084569128
 5924.6   0.0012033781292517
 5925.5   0.0012049685463510
 5926.4   0.0011975818923787
 5927.3   0.0011806568520746
 5928.2   0.0011596087825974
 5929.1   0.0011395298248830
 5930.0   0.0011344538268612
 5930.9   0.0011560061565976
 5931.8   0.0011829586670055
 5932.7   0.0011883675813157
 5933.6   0.0011725637755814
 5934.5   0.0011584744117759
 5935.4   0.0011659004387099
 5936.3   0.0011849402365830
 5937.2   0.0011968697070879
 5938.1   0.0012021079217122
 5939.0   0.0012036331228694
 5939.9   0.0011954672063969
 5940.8   0.0011797369923075
 5941.7   0.0011694777228397
 5942.6   0.0011713608600128
 5943.5   0.0011822413990233
 5944.4   0.0011956287071273
 5945.3   0.0012030464657394
 5946.2   0.0011986369445791
 5947.1   0.0011795831872014
 5948.0   0.0011520556167904
 5948.9   0.0011390147907498
 5949.8   0.0011533307996406
 5950.7   0.0011710165255656
 5951.6   0.0011638448121708
 5952.5   0.0011435428603186
 5953.4   0.0011449352314203
 5954.3   0.0011670747551908
 5955.2   0.0011766273515824
 5956.1   0.0011645013026175
 5957.0   0.0011523746093678
 5957.9   0.0011547009429157
 5958.8   0.0011667002825310
 5959.7   0.0011809688291061
 5960.6   0.0011927216223936
 5961.5   0.0011988980589027
 5962.4   0.0011998421151445
 5963.3   0.0011975888005438
 5964.2   0.0011911571198618
 5965.1   0.0011808771616924
 5966.0   0.0011767754655057
 5966.9   0.0011840108915114
 5967.8   0.0011924280074798
 5968.7   0.0011962718823542
 5969.6   0.0011999396527089
 5970.5   0.0012053996444886
 5971.4   0.0012093051201513
 5972.3   0.0012083201876165
 5973.2   0.0012006875600140
 5974.1   0.0011838136329730
 5975.0   0.0011596802982133
 5975.9   0.0011399870523497
 5976.8   0.0011354744456168
 5977.7   0.0011445402490268
 5978.6   0.0011600185835419
 5979.5   0.0011781604631256
 5980.4   0.0011908456797344
 5981.3   0.0011893097762903
 5982.2   0.0011709987719392
 5983.1   0.0011403855425162
 5984.0   0.0011172085054101
 5984.9   0.0011202603036750
 5985.8   0.0011384462451822
 5986.7   0.0011515956690100
 5987.6   0.0011621949776928
 5988.5   0.0011755673240714
 5989.4   0.0011832016339731
 5990.3   0.0011768077871280
 5991.2   0.0011648943163629
 5992.1   0.0011670081432982
 5993.0   0.0011830064872572
 5993.9   0.0011953146540670
 5994.8   0.0011945865764171
 5995.7   0.0011792016989957
 5996.6   0.0011541604595318
 5997.5   0.0011375910286595
 5998.4   0.0011446419028553
 5999.3   0.0011660339488438
 6000.2   0.0011824341475678
 6001.1   0.0011837923715737
 6002.0   0.0011710844618214
 6002.9   0.0011602499891762
 6003.8   0.0011638336803607
 6004.7   0.0011680319118908
 6005.6   0.0011587040277300
 6006.5   0.0011357173409972
 6007.4   0.0011085195370376
 6008.3   0.0011031745500998
 6009.2   0.0011314241132484
 6010.1   0.0011655097515486
 6011.0   0.0011744282284945
 6011.9   0.0011570408422387
 6012.8   0.0011359477444106
 6013.7   0.0011331824381328
 6014.6   0.0011438897003180
 6015.5   0.0011457234065273
 6016.4   0.0011403352882995
 6017.3   0.0011453463209345
 6018.2   0.0011499359554980
 6019.1   0.0011338505257064
 6020.0   0.0011113525290160
 6020.9   0.0011067364787745
 6021.8   0.0011173476709331
 6022.7   0.0011283038418237
 6023.6   0.0011338830262966
 6024.5   0.0011441443359996
 6025.4   0.0011568120495373
 6026.3   0.0011569402264246
 6027.2   0.0011543294053313
 6028.1   0.0011632429785537
 6029.0   0.0011743710303191
 6029.9   0.0011788999947279
 6030.8   0.0011820314337564
 6031.7   0.0011875147629643
 6032.6   0.0011906634187151
 6033.5   0.0011878007180474
 6034.4   0.0011840926083038
 6035.3   0.0011845037694052
 6036.2   0.0011870417505194
 6037.1   0.0011889713119937
 6038.0   0.0011879070608377
 6038.9   0.0011815476832309
 6039.8   0.0011730144528190
 6040.7   0.0011651155208207
 6041.6   0.0011588739041632
 6042.5   0.0011618056864820
 6043.4   0.0011735842869562
 6044.3   0.0011822819173803
 6045.2   0.0011841022367826
 6046.1   0.0011851892168756
 6047.0   0.0011878180421506
 6047.9   0.0011887523267392
 6048.8   0.0011886157025619
 6049.7   0.0011898300362894
 6050.6   0.0011897611693999
 6051.5   0.0011833507143237
 6052.4   0.0011705838883032
 6053.3   0.0011583266199949
 6054.2   0.0011510845363794
 6055.1   0.0011442862218363
 6056.0   0.0011402483814349
 6056.9   0.0011491410511940
 6057.8   0.0011658575579752
 6058.7   0.0011779784526615
 6059.6   0.0011820822964642
 6060.5   0.0011800163971614
 6061.4   0.0011726982879362
 6062.3   0.0011616824491117
 6063.2   0.0011500762306227
 6064.1   0.0011335117750610
 6065.0   0.0011168732983312
 6065.9   0.0011246097631719
 6066.8   0.0011550775273980
 6067.7   0.0011800414884762
 6068.6   0.0011892484618508
 6069.5   0.0011899167999796
 6070.4   0.0011895305154313
 6071.3   0.0011906835705128
 6072.2   0.0011919878535611
 6073.1   0.0011924886776345
 6074.0   0.0011921754120334
 6074.9   0.0011889641890670
 6075.8   0.0011799874759314
 6076.7   0.0011628956732375
 6077.6   0.0011391660545101
 6078.5   0.0011234231694856
 6079.4   0.0011303360951410
 6080.3   0.0011445024509835
 6081.2   0.0011430946886331
 6082.1   0.0011324877917068
 6083.0   0.0011289090400393
 6083.9   0.0011307372340340
 6084.8   0.0011296893405539
 6085.7   0.0011300354288876
 6086.6   0.0011384661822183
 6087.5   0.0011492568434951
 6088.4   0.0011496838253685
 6089.3   0.0011376243525025
 6090.2   0.0011277876980888
 6091.1   0.0011287427071727
 6092.0   0.0011324007416677
 6092.9   0.0011342234234477
 6093.8   0.0011408327119808
 6094.7   0.0011532899591412
 6095.6   0.0011588722934511
 6096.5   0.0011544051087986
 6097.4   0.0011526985056685
 6098.3   0.0011590960034610
 6099.2   0.0011664452889133
 6100.1   0.0011615159014835
 6101.0   0.0011287431009023
 6101.9   0.0010734653954657
 6102.8   0.0010456766391439
 6103.7   0.0010784667280346
 6104.6   0.0011305375415307
 6105.5   0.0011566089924355
 6106.4   0.0011560409837720
 6107.3   0.0011452562284393
 6108.2   0.0011437644585060
 6109.1   0.0011573206408223
 6110.0   0.0011656856055132
 6110.9   0.0011587698521634
 6111.8   0.0011522438195476
 6112.7   0.0011555012520536
 6113.6   0.0011624701589018
 6114.5   0.0011617640585233
 6115.4   0.0011488148998963
 6116.3   0.0011395190510090
 6117.2   0.0011471363947435
 6118.1   0.0011564399034616
 6119.0   0.0011512324713347
 6119.9   0.0011362196684019
 6120.8   0.0011148886505040
 6121.7   0.0010916152928161
 6122.6   0.0010928260829769
 6123.5   0.0011222179631266
 6124.4   0.0011442600925072
 6125.3   0.0011450863162126
 6126.2   0.0011382580066314
 6127.1   0.0011294921178092
 6128.0   0.0011195987305369
 6128.9   0.0011169794263599
 6129.8   0.0011257950682884
 6130.7   0.0011382609059132
 6131.6   0.0011481432687562
 6132.5   0.0011572751471547
 6133.4   0.0011604556592109
 6134.3   0.0011440993792360
 6135.2   0.0010976019516495
 6136.1   0.0010289637833100
 6137.0   0.0009868523962812
 6137.9   0.0010160192778513
 6138.8   0.0010857068787957
 6139.7   0.0011280783779273
 6140.6   0.0011168054336626
 6141.5   0.0010874046051126
 6142.4   0.0010923079348004
 6143.3   0.0011282724866287
 6144.2   0.0011542863814222
 6145.1   0.0011595311820691
 6146.0   0.0011547632953697
 6146.9   0.0011409217664616
 6147.8   0.0011236618770146
 6148.7   0.0011162699971765
 6149.6   0.0011202090114439
 6150.5   0.0011274586117158
 6151.4   0.0011342451501639
 6152.3   0.0011416046367926
 6153.2   0.0011397696062201
 6154.1   0.0011224479012232
 6155.0   0.0011084677436961
 6155.9   0.0011108018444556
 6156.8   0.0011170532327664
 6157.7   0.0011217117342194
 6158.6   0.0011276332844915
 6159.5   0.0011170151483743
 6160.4   0.0010748269124828
 6161.3   0.0010222519819020
 6162.2   0.0009971444168943
 6163.1   0.0010129209121107
 6164.0   0.0010524239835983
 6164.9   0.0010888451544020
 6165.8   0.0011091162879633
 6166.7   0.0011206100429561
 6167.6   0.0011165116039872
 6168.5   0.0010828278204520
 6169.4   0.0010492820570446
 6170.3   0.0010588262419398
 6171.2   0.0010993566971737
 6172.1   0.0011259104668599
 6173.0   0.0011276516466091
 6173.9   0.0011264559613481
 6174.8   0.0011270475222016
 6175.7   0.0011216542854888
 6176.6   0.0011179677234933
 6177.5   0.0011274885709603
 6178.4   0.0011410893521042
 6179.3   0.0011420251400241
 6180.2   0.0011399898084570
 6181.1   0.0011514221774231
 6182.0   0.0011658539070279
 6182.9   0.0011703140045472
 6183.8   0.0011692070516245
 6184.7   0.0011638087322204
 6185.6   0.0011496279157628
 6186.5   0.0011329535022570
 6187.4   0.0011252035074350
 6188.3   0.0011284406807625
 6189.2   0.0011284962324322
 6190.1   0.0011027148170810
 6191.0   0.0010648155137061
 6191.9   0.0010661434563250
 6192.8   0.0011085837149653
 6193.7   0.0011438634278144
 6194.6   0.0011557884599128
 6195.5   0.0011617637721745
 6196.4   0.0011699366326057
 6197.3   0.0011715896169206
 6198.2   0.0011576301480952
 6199.1   0.0011317074196050
 6200.0   0.0011151347673085
 6200.9   0.0011254159066668
 6201.8   0.0011501244446040
 6202.7   0.0011662953137226
 6203.6   0.0011680190261943
 6204.5   0.0011639239518239
 6205.4   0.0011634230561633
 6206.3   0.0011654433186241
 6207.2   0.0011654965437096
 6208.1   0.0011646713580186
 6209.0   0.0011642136652351
 6209.9   0.0011625582827489
 6210.8   0.0011576779325533
 6211.7   0.0011437306693461
 6212.6   0.0011162490937131
 6213.5   0.0010866103450933
 6214.4   0.0010713832100741
 6215.3   0.0010742693197573
 6216.2   0.0010922647319233
 6217.1   0.0011128522809225
 6218.0   0.0011135900944320
 6218.9   0.0010925135332479
 6219.8   0.0010776794835613
 6220.7   0.0010877239198323
 6221.6   0.0011123238241887
 6222.5   0.0011313370274158
 6223.4   0.0011351707011137
 6224.3   0.0011329775197637
 6225.2   0.0011335357925677
 6226.1   0.0011327791158301
 6227.0   0.0011296835061968
 6227.9   0.0011215325872434
 6228.8   0.0010965606799857
 6229.7   0.0010577832879767
 6230.6   0.0010343278124439
 6231.5   0.0010443694926075
 6232.4   0.0010717140145400
 6233.3   0.0011045743304771
 6234.2   0.0011372202785342
 6235.1   0.0011537113572127
 6236.0   0.0011463876283919
 6236.9   0.0011232935608543
 6237.8   0.0011024110009907
 6238.7   0.0010917769725144
 6239.6   0.0010857443189029
 6240.5   0.0010872124650592
 6241.4   0.0010946600039479
 6242.3   0.0010884469863780
 6243.2   0.0010700709450528
 6244.1   0.0010601106237455
 6245.0   0.0010567618459682
 6245.9   0.0010543914862903
 6246.8   0.0010661543375799
 6247.7   0.0010943141303757
 6248.6   0.0011205115747581
 6249.5   0.0011316552325339
 6250.4   0.0011249322993158
 6251.3   0.0010976976279466
 6252.2   0.0010628034837737
 6253.1   0.0010424159852137
 6254.0   0.0010404891798467
 6254.9   0.0010476538776956
 6255.8   0.0010519063365321
 6256.7   0.0010513103372721
 6257.6   0.0010488835310845
 6258.5   0.0010522909029876
 6259.4   0.0010714682556715
 6260.3   0.0010940344749665
 6261.2   0.0011092018704647
 6262.1   0.0011245193485343
 6263.0   0.0011357000526876
 6263.9   0.0011275756567930
 6264.8   0.0011097573513677
 6265.7   0.0011109000263048
 6266.6   0.0011310397973482
 6267.5   0.0011452872614919
 6268.4   0.0011416649132177
 6269.3   0.0011248434238030
 6270.2   0.0011098821636564
 6271.1   0.0011113921167394
 6272.0   0.0011271515384078
 6272.9   0.0011428640704581
 6273.8   0.0011487289236653
 6274.7   0.0011468707346325
 6275.6   0.0011424706629830
 6276.5   0.0011360193316138
 6277.4   0.0011275708246568
 6278.3   0.0011139463839422
 6279.2   0.0010918756196804
 6280.1   0.0010740306838155
 6281.0   0.0010775272533738
 6281.9   0.0010964813613646
 6282.8   0.0011167815235368
 6283.7   0.0011331432441390
 6284.6   0.0011395714528417
 6285.5   0.0011388912312371
 6286.4   0.0011415691653335
 6287.3   0.0011490168473965
 6288.2   0.0011549117672291
 6289.1   0.0011510724739356
 6290.0   0.0011354009255592
 6290.9   0.0011210563175807
 6291.8   0.0011196151598000
 6292.7   0.0011252733765453
 6293.6   0.0011326767103360
 6294.5   0.0011389547648799
 6295.4   0.0011344603412966
 6296.3   0.0011162632679794
 6297.2   0.0010966799800598
 6298.1   0.0010899923751265
 6299.0   0.0010926518039308
 6299.9   0.0010862414204418
 6300.8   0.0010656948193227
 6301.7   0.0010512125849462
 6302.6   0.0010631338229228
 6303.5   0.0010928582972184
 6304.4   0.0011169196868389
 6305.3   0.0011282117090932
 6306.2   0.0011349683598840
 6307.1   0.0011407255101440
 6308.0   0.0011410965824117
 6308.9   0.0011314395044971
 6309.8   0.0011140513665757
 6310.7   0.0011000181629310
 6311.6   0.0010984917089978
 6312.5   0.0011037761331617
 6313.4   0.0010954690825181
 6314.3   0.0010666220167782
 6315.2   0.0010448876407841
 6316.1   0.0010475869436606
 6317.0   0.0010480543723037
 6317.9   0.0010348687611447
 6318.8   0.0010365353112346
 6319.7   0.0010606631695732
 6320.6   0.0010823398820752
 6321.5   0.0010872661196680
 6322.4   0.0010881977913237
 6323.3   0.0011031730825621
 6324.2   0.0011247408393409
 6325.1   0.0011351536633594
 6326.0   0.0011304449076898
 6326.9   0.0011179769582426
 6327.8   0.0011120112744596
 6328.7   0.0011129337829533
 6329.6   0.0011076241243003
 6330.5   0.0011005544584636
 6331.4   0.0011046959213417
 6332.3   0.0011160781434720
 6333.2   0.0011181830578005
 6334.1   0.0010972120877410
 6335.0   0.0010619309789414
 6335.9   0.0010400706094697
 6336.8   0.0010443048135695
 6337.7   0.0010595939073130
 6338.6   0.0010700820410693
 6339.5   0.0010838736021096
 6340.4   0.0011025871055106
 6341.3   0.0011078585008035
 6342.2   0.0010931615406110
 6343.1   0.0010701450020144
 6344.0   0.0010598690169348
 6344.9   0.0010722864974038
 6345.8   0.0010885583402725
 6346.7   0.0010943430516058
 6347.6   0.0010998713017837
 6348.5   0.0011096976118466
 6349.4   0.0011152277232919
 6350.3   0.0011161401379899
 6351.2   0.0011183520036000
 6352.1   0.0011191434359247
 6353.0   0.0011100038976954
 6353.9   0.0010886011852136
 6354.8   0.0010705284230746
 6355.7   0.0010744087716291
 6356.6   0.0010858898198934
 6357.5   0.0010775514856421
 6358.4   0.0010563940667119
 6359.3   0.0010473298382204
 6360.2   0.0010475674361477
 6361.1   0.0010406392982117
 6362.0   0.0010303913753157
 6362.9   0.0010312235049654
 6363.8   0.0010449507091101
 6364.7   0.0010627763880173
 6365.6   0.0010776648797719
 6366.5   0.0010892227411052
 6367.4   0.0010999848032944
 6368.3   0.0011042966437160
 6369.2   0.0010982805983356
 6370.1   0.0010915382649854
 6371.0   0.0010954372977999
 6371.9   0.0011093425035253
 6372.8   0.0011213321430745
 6373.7   0.0011230076415648
 6374.6   0.0011187722204826
 6375.5   0.0011160344036908
 6376.4   0.0011146344085519
 6377.3   0.0011094500632981
 6378.2   0.0011022304222707
 6379.1   0.0010978497149597
 6380.0   0.0010942803412158
 6380.9   0.0010944638550112
 6381.8   0.0011025999554135
 6382.7   0.0011093724985634
 6383.6   0.0011075956683870
 6384.5   0.0011041237964139
 6385.4   0.0011075533961436
 6386.3   0.0011162416486440
 6387.2   0.0011222293096983
 6388.1   0.0011231865737792
 6389.0   0.0011221867511060
 6389.9   0.0011191898960195
 6390.8   0.0011101709106404
 6391.7   0.0010882122877324
 6392.6   0.0010566615522966
 6393.5   0.0010419011300485
 6394.4   0.0010626520052518
 6395.3   0.0010984429581124
 6396.2   0.0011206030274102
 6397.1   0.0011230770453583
 6398.0   0.0011050026725073
 6398.9   0.0010628021236169
 6399.8   0.0010233369933469
 6400.7   0.0010318778477960
 6401.6   0.0010766115814580
 6402.5   0.0011098190595368
 6403.4   0.0011203422710226
 6404.3   0.0011194417040067
 6405.2   0.0011103975199321
 6406.1   0.0010905891976394
 6407.0   0.0010629963039055
 6407.9   0.0010487212071013
 6408.8   0.0010637227708433
 6409.7   0.0010824951189253
 6410.6   0.0010765407817140
 6411.5   0.0010643609349660
 6412.4   0.0010727810218033
 6413.3   0.0010873121860333
 6414.2   0.0010883925801036
 6415.1   0.0010861685804625
 6416.0   0.0010892058465252
 6416.9   0.0010920188656740
 6417.8   0.0010907556378867
 6418.7   0.0010782138820330
 6419.6   0.0010540900325778
 6420.5   0.0010364669096619
 6421.4   0.0010444732582585
 6422.3   0.0010776546428018
 6423.2   0.0011089447650245
 6424.1   0.0011188642458323
 6425.0   0.0011170647583061
 6425.9   0.0011181563557737
 6426.8   0.0011237852217657
 6427.7   0.0011256518222949
 6428.6   0.0011147811265249
 6429.5   0.0010873071391354
 6430.4   0.0010556635908907
 6431.3   0.0010446355822417
 6432.2   0.0010576978844433
 6433.1   0.0010794189094241
 6434.0   0.0010998859055732
 6434.9   0.0011128653455871
 6435.8   0.0011144780621002
 6436.7   0.0011033882021077
 6437.6   0.0010783997582061
 6438.5   0.0010511707064323
 6439.4   0.0010506096417274
 6440.3   0.0010803880569806
 6441.2   0.0011093663420640
 6442.1   0.0011205508045455
 6443.0   0.0011204678707706
 6443.9   0.0011188544741791
 6444.8   0.0011208195429062
 6445.7   0.0011248935348452
 6446.6   0.0011247951024409
 6447.5   0.0011093589327884
 6448.4   0.0010682234225132
 6449.3   0.0010166725468738
 6450.2   0.0010005606656106
 6451.1   0.0010347860779250
 6452.0   0.0010783530475560
 6452.9   0.0010992974945567
 6453.8   0.0010950591383992
 6454.7   0.0010710859084194
 6455.6   0.0010460862611205
 6456.5   0.0010460011081423
 6457.4   0.0010723487782706
 6458.3   0.0011012010340827
 6459.2   0.0011154361852275
 6460.1   0.0011115760242643
 6461.0   0.0010843795804616
 6461.9   0.0010399159811109
 6462.8   0.0010174249283792
 6463.7   0.0010394083920468
 6464.6   0.0010745616461015
 6465.5   0.0010961527761021
 6466.4   0.0011051154581459
 6467.3   0.0011047223728132
 6468.2   0.0010945953964970
 6469.1   0.0010804429643655
 6470.0   0.0010693713949033
 6470.9   0.0010600941228952
 6471.8   0.0010616484958377
 6472.7   0.0010809918234522
 6473.6   0.0010971285812685
 6474.5   0.0010929922726691
 6475.4   0.0010820947316979
 6476.3   0.0010844085016917
 6477.2   0.0010952332742709
 6478.1   0.0011009419242008
 6479.0   0.0011013206205056
 6479.9   0.0010951248554517
 6480.8   0.0010746286517237
 6481.7   0.0010476487950041
 6482.6   0.0010395742238029
 6483.5   0.0010577337496321
 6484.4   0.0010819995923049
 6485.3   0.0010960809741373
 6486.2   0.0011008849049935
 6487.1   0.0011034565320931
 6488.0   0.0011044504130284
 6488.9   0.0010997293443598
 6489.8   0.0010883714618786
 6490.7   0.0010731208104632
 6491.6   0.0010574848409267
 6492.5   0.0010321793373022
 6493.4   0.0009852529591942
 6494.3   0.0009359621631462
 6495.2   0.0009150137788494
 6496.1   0.0009236233570135
 6497.0   0.0009495654140486
 6497.9   0.0009794733663460
 6498.8   0.0009973166199116
 6499.7   0.0010130511292332
 6500.6   0.0010364718491789
 6501.5   0.0010561529610116
 6502.4   0.0010689629541156
 6503.3   0.0010782084414056
 6504.2   0.0010844482683831
 6505.1   0.0010898237514694
 6506.0   0.0010947070009467
 6506.9   0.0010959247350663
 6507.8   0.0010921421030442
 6508.7   0.0010870224368284
 6509.6   0.0010860853245453
 6510.5   0.0010896328999858
 6511.4   0.0010929583403348
 6512.3   0.0010937604033592
 6513.2   0.0010924112351345
 6514.1   0.0010858715651566
 6515.0   0.0010719551202403
 6515.9   0.0010578532644678
 6516.8   0.0010498008852996
 6517.7   0.0010425213615768
 6518.6   0.0010406364347236
 6519.5   0.0010546364934932
 6520.4   0.0010735568123241
 6521.3   0.0010827313209021
 6522.2   0.0010835449452598
 6523.1   0.0010846085521310
 6524.0   0.0010876586680966
 6524.9   0.0010839004115172
 6525.8   0.0010670589850664
 6526.7   0.0010488403282074
 6527.6   0.0010478514225827
 6528.5   0.0010622568438903
 6529.4   0.0010762801327073
 6530.3   0.0010806872199027
 6531.2   0.0010738228303711
 6532.1   0.0010604303679885
 6533.0   0.0010509005363275
 6533.9   0.0010544486844657
 6534.8   0.0010680426290316
 6535.7   0.0010780534909043
 6536.6   0.0010785209195474
 6537.5   0.0010764551634190
 6538.4   0.0010783983622556
 6539.3   0.0010828503346274
 6540.2   0.0010841535438676
 6541.1   0.0010807260201668
 6542.0   0.0010769264219775
 6542.9   0.0010750432490108
 6543.8   0.0010708917639244
 6544.7   0.0010558959987458
 6545.6   0.0010327621645169
 6546.5   0.0010237270004298
 6547.4   0.0010385403614147
 6548.3   0.0010597722310361
 6549.2   0.0010708546459595
 6550.1   0.0010701593910423
 6551.0   0.0010647917109611
 6551.9   0.0010601484933760
 6552.8   0.0010535201984405
 6553.7   0.0010395556827173
 6554.6   0.0010215879390054
 6555.5   0.0010107798104509
 6556.4   0.0010133860141697
 6557.3   0.0010198137217619
 6558.2   0.0010145045642193
 6559.1   0.0009916484167514
 6560.0   0.0009461091480858
 6560.9   0.0008542548560273
 6561.8   0.0007181284245929
 6562.7   0.0006316541614081
 6563.6   0.0006876015651305
 6564.5   0.0008341674510230
 6565.4   0.0009544190622174
 6566.3   0.0010138906681585
 6567.2   0.0010339387359946
 6568.1   0.0010289081600532
 6569.0   0.0010152681133283
 6569.9   0.0010132900515238
 6570.8   0.0010229755853517
 6571.7   0.0010276427846499
 6572.6   0.0010201379402051
 6573.5   0.0010064390845929
 6574.4   0.0009983131853670
 6575.3   0.0010093381515598
 6576.2   0.0010357663572917
 6577.1   0.0010592417340670
 6578.0   0.0010695350432498
 6578.9   0.0010660735514211
 6579.8   0.0010528329612900
 6580.7   0.0010387519373936
 6581.6   0.0010349415653303
 6582.5   0.0010414732533351
 6583.4   0.0010486089583667
 6584.3   0.0010500161122259
 6585.2   0.0010442403850866
 6586.1   0.0010387112758622
 6587.0   0.0010443269340152
 6587.9   0.0010565813030418
 6588.8   0.0010640189628964
 6589.7   0.0010642369817237
 6590.6   0.0010540734243466
 6591.5   0.0010246340460876
 6592.4   0.0009839789933266
 6593.3   0.0009653288803940
 6594.2   0.0009860700197377
 6595.1   0.0010216572712117
 6596.0   0.0010410270502977
 6596.9   0.0010401004255398
 6597.8   0.0010337339607999
 6598.7   0.0010362770961927
 6599.6   0.0010491395627166
 6600.5   0.0010624649836835
 6601.4   0.0010681732398838
 6602.3   0.0010652730991088
 6603.2   0.0010555337317042
 6604.1   0.0010433639787517
 6605.0   0.0010363002546529
 6605.9   0.0010339549862897
 6606.8   0.0010277688139210
 6607.7   0.0010143917427871
 6608.6   0.0010018275443452
 6609.5   0.0010066389918577
 6610.4   0.0010304105606862
 6611.3   0.0010520416005525
 6612.2   0.0010569150425830
 6613.1   0.0010511933637821
 6614.0   0.0010503126622151
 6614.9   0.0010583296057177
 6615.8   0.0010641037221450
 6616.7   0.0010622454615250
 6617.6   0.0010598561670318
 6618.5   0.0010625504588041
 6619.4   0.0010683921535511
 6620.3   0.0010733652449684
 6621.2   0.0010743977829934
 6622.1   0.0010700629272860
 6623.0   0.0010604588239017
 6623.9   0.0010479842884318
 6624.8   0.0010413897110690
 6625.7   0.0010452255681767
 6626.6   0.0010499108790372
 6627.5   0.0010504247319816
 6628.4   0.0010517097222786
 6629.3   0.0010526512371748
 6630.2   0.0010489888716540
 6631.1   0.0010392938525217
 6632.0   0.0010215602347577
 6632.9   0.0009974183811209
 6633.8   0.0009837423976201
 6634.7   0.0009967633224182
 6635.6   0.0010247564959987
 6636.5   0.0010473838507652
 6637.4   0.0010565778668561
 6638.3   0.0010527166320849
 6639.2   0.0010437660840720
 6640.1   0.0010424828118679
 6641.0   0.0010486767872417
 6641.9   0.0010446707673521
 6642.8   0.0010250605984378
 6643.7   0.0010117349627093
 6644.6   0.0010205962056862
 6645.5   0.0010373631456521
 6646.4   0.0010450777763957
 6647.3   0.0010458472314491
 6648.2   0.0010493836750795
 6649.1   0.0010564164019193
 6650.0   0.0010602265234274
 6650.9   0.0010591859676357
 6651.8   0.0010565861351780
 6652.7   0.0010539205498742
 6653.6   0.0010529495768440
 6654.5   0.0010553454931534
 6655.4   0.0010573847978102
 6656.3   0.0010561373192077
 6657.2   0.0010552971359977
 6658.1   0.0010561631979817
 6659.0   0.0010551941935995
 6659.9   0.0010511899991836
 6660.8   0.0010445944553935
 6661.7   0.0010308386163676
 6662.6   0.0010083837151735
 6663.5   0.0009952661476510
 6664.4   0.0010057241431948
 6665.3   0.0010240769902661
 6666.2   0.0010328796391173
 6667.1   0.0010332511767017
 6668.0   0.0010342085481634
 6668.9   0.0010407798596852
 6669.8   0.0010495566655559
 6670.7   0.0010543371158095
 6671.6   0.0010546153394746
 6672.5   0.0010544893459971
 6673.4   0.0010553350414218
 6674.3   0.0010558681513238
 6675.2   0.0010536939047890
 6676.1   0.0010407776046883
 6677.0   0.0010132318153341
 6677.9   0.0009912713311587
 6678.8   0.0009994331671606
 6679.7   0.0010260235537013
 6680.6   0.0010450055091141
 6681.5   0.0010528928797791
 6682.4   0.0010574162961796
 6683.3   0.0010617870886630
 6684.2   0.0010651342199347
 6685.1   0.0010661950349049
 6686.0   0.0010652076684051
 6686.9   0.0010625106205255
 6687.8   0.0010602729477287
 6688.7   0.0010610121929823
 6689.6   0.0010628838404093
 6690.5   0.0010629402153318
 6691.4   0.0010610728631370
 6692.3   0.0010588591720532
 6693.2   0.0010579164401746
 6694.1   0.0010545206653984
 6695.0   0.0010419287985025
 6695.9   0.0010253618731823
 6696.8   0.0010189798382257
 6697.7   0.0010245157482344
 6698.6   0.0010343690108793
 6699.5   0.0010453364925480
 6700.4   0.0010529957863836
 6701.3   0.0010521586814233
 6702.2   0.0010421510767684
 6703.1   0.0010266192666125
 6704.0   0.0010159220266357
 6704.9   0.0010188683769504
 6705.8   0.0010312703587899
 6706.7   0.0010403573520120
 6707.6   0.0010416149602038
 6708.5   0.0010404312300057
 6709.4   0.0010380293719584
 6710.3   0.0010353111700603
 6711.2   0.0010344534479854
 6712.1   0.0010306476575031
 6713.0   0.0010235353256933
 6713.9   0.0010196213669470
 6714.8   0.0010163561314358
 6715.7   0.0010075378765744
 6716.6   0.0009946507840526
 6717.5   0.0009893401589723
 6718.4   0.0010037201310291
 6719.3   0.0010267558907897
 6720.2   0.0010386449861121
 6721.1   0.0010380500964537
 6722.0   0.0010377086612882
 6722.9   0.0010453173071776
 6723.8   0.0010519874090397
 6724.7   0.0010474658539064
 6725.6   0.0010364059531584
 6726.5   0.0010307254012057
 6727.4   0.0010349117134666
 6728.3   0.0010432109611050
 6729.2   0.0010506349120101
 6730.1   0.0010557028206781
 6731.0   0.0010552183900742
 6731.9   0.0010485671514401
 6732.8   0.0010415375386436
 6733.7   0.0010407459989381
 6734.6   0.0010459812784870
 6735.5   0.0010511547424860
 6736.4   0.0010493685701796
 6737.3   0.0010380606197726
 6738.2   0.0010251396307101
 6739.1   0.0010212313631464
 6740.0   0.0010266135396362
 6740.9   0.0010327377174870
 6741.8   0.0010325512328227
 6742.7   0.0010287210668977
 6743.6   0.0010292347050804
 6744.5   0.0010340727830326
 6745.4   0.0010366823155563
 6746.3   0.0010353120649003
 6747.2   0.0010313208635617
 6748.1   0.0010252405328729
 6749.0   0.0010172117416881
 6749.9   0.0010123863704646
 6750.8   0.0010180460189539
 6751.7   0.0010266305773906
 6752.6   0.0010292396445975
 6753.5   0.0010316349882093
 6754.4   0.0010352932016723
 6755.3   0.0010370577188497
 6756.2   0.0010396705801784
 6757.1   0.0010450924159788
 6758.0   0.0010512631613052
 6758.9   0.0010558662184693
 6759.8   0.0010578329694957
 6760.7   0.0010563286360082
 6761.6   0.0010533719413427
 6762.5   0.0010522167744387
 6763.4   0.0010517238249576
 6764.3   0.0010491034827662
 6765.2   0.0010430183915284
 6766.1   0.0010312703945835
 6767.0   0.0010159254986151
 6767.9   0.0010096786918853
 6768.8   0.0010173999802389
 6769.7   0.0010234767315675
 6770.6   0.0010188744976563
 6771.5   0.0010138114569182
 6772.4   0.0010184433995187
 6773.3   0.0010307606221097
 6774.2   0.0010422082033565
 6775.1   0.0010489173918316
 6776.0   0.0010504337519692
 6776.9   0.0010486288954028
 6777.8   0.0010499642115036
 6778.7   0.0010557770924014
 6779.6   0.0010593719869832
 6780.5   0.0010564029435251
 6781.4   0.0010479172828096
 6782.3   0.0010358671162801
 6783.2   0.0010239051451849
 6784.1   0.0010176334976956
 6785.0   0.0010175176338073
 6785.9   0.0010199701040072
 6786.8   0.0010267170547320
 6787.7   0.0010379406754137
 6788.6   0.0010453140141662
 6789.5   0.0010459518919401
 6790.4   0.0010457178733729
 6791.3   0.0010453718208328
 6792.2   0.0010396302765830
 6793.1   0.0010292631609937
 6794.0   0.0010218185929740
 6794.9   0.0010192210513068
 6795.8   0.0010196201499645
 6796.7   0.0010240065842518
 6797.6   0.0010294524375589
 6798.5   0.0010320525921590
 6799.4   0.0010337465601477
 6800.3   0.0010367652135376
 6801.2   0.0010401464203179
 6802.1   0.0010402466781959
 6803.0   0.0010340939728447
 6803.9   0.0010273880415874
 6804.8   0.0010273269777031
 6805.7   0.0010277830239809
 6806.6   0.0010246207666615
 6807.5   0.0010254406906930
 6808.4   0.0010279044000839
 6809.3   0.0010240525790299
 6810.2   0.0010206742357377
 6811.1   0.0010262725697875
 6812.0   0.0010337421575347
 6812.9   0.0010334642560120
 6813.8   0.0010264769154590
 6814.7   0.0010221312500839
 6815.6   0.0010282770830636
 6816.5   0.0010397627844961
 6817.4   0.0010452534513923
 6818.3   0.0010411826092902
 6819.2   0.0010311482310213
 6820.1   0.0010238290479879
 6821.0   0.0010276750704785
 6821.9   0.0010389430752261
 6822.8   0.0010477310129070
 6823.7   0.0010506797255993
 6824.6   0.0010496413890109
 6825.5   0.0010462320126661
 6826.4   0.0010387527606465
 6827.3   0.0010249678572160
 6828.2   0.0010129667637143
 6829.1   0.0010158480054677
 6830.0   0.0010300635417188
 6830.9   0.0010416395862017
 6831.8   0.0010445841110426
 6832.7   0.0010418862399102
 6833.6   0.0010399563204998
 6834.5   0.0010405126604493
 6835.4   0.0010393121072585
 6836.3   0.0010330066706093
 6837.2   0.0010225475296703
 6838.1   0.0010088211845721
 6839.0   0.0009934840916088
 6839.9   0.0009795310298381
 6840.8   0.0009673700105245
 6841.7   0.0009612159092228
 6842.6   0.0009672847859591
 6843.5   0.0009856339104959
 6844.4   0.0010092010620657
 6845.3   0.0010266440357848
 6846.2   0.0010328772051524
 6847.1   0.0010327844281370
 6848.0   0.0010318746621655
 6848.9   0.0010324374091697
 6849.8   0.0010346867506806
 6850.7   0.0010372924890825
 6851.6   0.0010395875032291
 6852.5   0.0010387563758002
 6853.4   0.0010270729505126
 6854.3   0.0010030513275834
 6855.2   0.0009848372880990
 6856.1   0.0009867133739326
 6857.0   0.0009961856494822
 6857.9   0.0010031554511705
 6858.8   0.0010103879063072
 6859.7   0.0010121974160418
 6860.6   0.0010035870862120
 6861.5   0.0009951101949289
 6862.4   0.0010010192890277
 6863.3   0.0010191929175360
 6864.2   0.0010332077948566
 6865.1   0.0010351572933671
 6866.0   0.0010294098789666
 6866.9   0.0010228908261031
 6867.8   0.0010212444993981
 6868.7   0.0010250507551973
 6869.6   0.0010289729106784
 6870.5   0.0010283678914308
 6871.4   0.0010237778989313
 6872.3   0.0010203843791520
 6873.2   0.0010218719612340
 6874.1   0.0010230066541979
 6875.0   0.0010193261413211
 6875.9   0.0010169357730199
 6876.8   0.0010214821689127
 6877.7   0.0010262392817380
 6878.6   0.0010237107859283
 6879.5   0.0010161009946437
 6880.4   0.0010057417178531
 6881.3   0.0009934434300774
 6882.2   0.0009875455035823
 6883.1   0.0009971792798623
 6884.0   0.0010136149142518
 6884.9   0.0010195574037809
 6885.8   0.0010176178558917
 6886.7   0.0010205667475521
 6887.6   0.0010282772978252
 6888.5   0.0010356759784477
 6889.4   0.0010410598014432
 6890.3   0.0010439389671676
 6891.2   0.0010446895589929
 6892.1   0.0010434859633460
 6893.0   0.0010391350363114
 6893.9   0.0010303363605501
 6894.8   0.0010217204469185
 6895.7   0.0010217778240618
 6896.6   0.0010279493926410
 6897.5   0.0010294667192059
 6898.4   0.0010263941606521
 6899.3   0.0010265734865960
 6900.2   0.0010300372334216
 6901.1   0.0010314166830332
 6902.0   0.0010290015813533
 6902.9   0.0010264434126479
 6903.8   0.0010263243273354
 6904.7   0.0010249571191356
 6905.6   0.0010213819110346
 6906.5   0.0010207706279067
 6907.4   0.0010241781071906
 6908.3   0.0010279784212519
 6909.2   0.0010287309101381
 6910.1   0.0010242826603009
 6911.0   0.0010174769006887
 6911.9   0.0010127543286889
 6912.8   0.0010056837680122
 6913.7   0.0009915480514926
 6914.6   0.0009818898639763
 6915.5   0.0009842350965459
 6916.4   0.0009892991395049
 6917.3   0.0009968854501868
 6918.2   0.0010102395060350
 6919.1   0.0010225370421451
 6920.0   0.0010287304448213
 6920.9   0.0010309696925366
 6921.8   0.0010309004677111
 6922.7   0.0010240252327182
 6923.6   0.0010078672492962
 6924.5   0.0009902979241635
 6925.4   0.0009834669300623
 6926.3   0.0009915327676247
 6927.2   0.0010060794304841
 6928.1   0.0010162722670273
 6929.0   0.0010195780208955
 6929.9   0.0010182049067514
 6930.8   0.0010142382598235
 6931.7   0.0010071154046949
 6932.6   0.0009973871333067
 6933.5   0.0009945177750291
 6934.4   0.0010038811306490
 6935.3   0.0010144101049047
 6936.2   0.0010168064149438
 6937.1   0.0010149877778407
 6938.0   0.0010151609830788
 6938.9   0.0010181588045925
 6939.8   0.0010213508779821
 6940.7   0.0010217393101465
 6941.6   0.0010173870229551
 6942.5   0.0010080504767427
 6943.4   0.0009945710359082
 6944.3   0.0009785972105663
 6945.2   0.0009705129750927
 6946.1   0.0009797874551999
 6947.0   0.0009954018411947
 6947.9   0.0010056058811351
 6948.8   0.0010093955287032
 6949.7   0.0010044143837255
 6950.6   0.0009921698937330
 6951.5   0.0009835039048527
 6952.4   0.0009835578458103
 6953.3   0.0009865210549113
 6954.2   0.0009893257341508
 6955.1   0.0009941955968212
 6956.0   0.0010015328914169
 6956.9   0.0010066921095625
 6957.8   0.0010072514561745
 6958.7   0.0010053120872533
 6959.6   0.0010025908786926
 6960.5   0.0010018062471522
 6961.4   0.0010041658329561
 6962.3   0.0010068913367489
 6963.2   0.0010085605355653
 6964.1   0.0010070815439477
 6965.0   0.0010001733788414
 6965.9   0.0009952311415087
 6966.8   0.0009999789479976
 6967.7   0.0010088890134471
 6968.6   0.0010129923203458
 6969.5   0.0010094973257061
 6970.4   0.0010017824802008
 6971.3   0.0009981059762074
 6972.2   0.0010021913863053
 6973.1   0.0010057868177911
 6974.0   0.0009989372110170
 6974.9   0.0009824118778619
 6975.8   0.0009629040786481
 6976.7   0.0009425150409632
 6977.6   0.0009203559738863
 6978.5   0.0009064539537914
 6979.4   0.0009190597086048
 6980.3   0.0009523440713398
 6981.2   0.0009810799621532
 6982.1   0.0009977550557374
 6983.0   0.0010067479475810
 6983.9   0.0010084005381662
 6984.8   0.0010053007406816
 6985.7   0.0010018305868013
 6986.6   0.0009993373476892
 6987.5   0.0009951428386936
 6988.4   0.0009888664664489
 6989.3   0.0009876475869340
 6990.2   0.0009951837507802
 6991.1   0.0010045613880472
 6992.0   0.0010082498471036
 6992.9   0.0010063769111069
 6993.8   0.0010023895038901
 6994.7   0.0010009252592364
 6995.6   0.0010047296179747
 6996.5   0.0010084005381662
 6997.4   0.0010040528683495
 6998.3   0.0009873873674505
 6999.2   0.0009654878755722
 7000.1   0.0009560625970215
 7001.0   0.0009653046123321
 7001.9   0.0009793089663339
 7002.8   0.0009815831843979
 7003.7   0.0009720632317710
 7004.6   0.0009626980506773
 7005.5   0.0009591250975733
 7006.4   0.0009626570312099
 7007.3   0.0009731678581096
 7008.2   0.0009853804202095
 7009.1   0.0009931146658468
 7010.0   0.0009924691282422
 7010.9   0.0009856493017446
 7011.8   0.0009802495863900
 7012.7   0.0009815716230646
 7013.6   0.0009835108130178
 7014.5   0.0009696364971706
 7015.4   0.0009365678982659
 7016.3   0.0009106738046569
 7017.2   0.0009201406753727
 7018.1   0.0009548440038555
 7019.0   0.0009847053528836
 7019.9   0.0009987234874219
 7020.8   0.0009994285497860
 7021.7   0.0009857517788260
 7022.6   0.0009611598206491
 7023.5   0.0009402705673821
 7024.4   0.0009376224493559
 7025.3   0.0009540868618011
 7026.2   0.0009746008549491
 7027.1   0.0009867106536189
 7028.0   0.0009900571048121
 7028.9   0.0009888772761166
 7029.8   0.0009875775388557
 7030.7   0.0009869355806113
 7031.6   0.0009861030930255
 7032.5   0.0009858908369681
 7033.4   0.0009840239142966
 7034.3   0.0009799517836248
 7035.2   0.0009827275774279
 7036.1   0.0009893403379403
 7037.0   0.0009811072010840
 7037.9   0.0009614207560047
 7038.8   0.0009585935983833
 7039.7   0.0009810077664588
 7040.6   0.0010070812933925
 7041.5   0.0010206253058843
 7042.4   0.0010219232176714
 7043.3   0.0010139219875599
 7044.2   0.0010011138557231
 7045.1   0.0009942589514960
 7046.0   0.0009994194582112
 7046.9   0.0010100401714677
 7047.8   0.0010186268417269
 7048.7   0.0010229374651660
 7049.6   0.0010222499774603
 7050.5   0.0010139708458260
 7051.4   0.0009953025497439
 7052.3   0.0009734774727633
 7053.2   0.0009659582392907
 7054.1   0.0009757104565983
 7055.0   0.0009889258838275
 7055.9   0.0009990330662821
 7056.8   0.0010059580901747
 7057.7   0.0010060141787484
 7058.6   0.0009964581819647
 7059.5   0.0009825558039339
 7060.4   0.0009768049533477
 7061.3   0.0009828540362223
 7062.2   0.0009901003792764
 7063.1   0.0009948598902730
 7064.0   0.0009995679658642
 7064.9   0.0009972102413276
 7065.8   0.0009825868011928
 7066.7   0.0009619980710047
 7067.6   0.0009459309675371
 7068.5   0.0009463018966303
 7069.4   0.0009657063955099
 7070.3   0.0009874159665382
 7071.2   0.0009965895802761
 7072.1   0.0009977990102802
 7073.0   0.0009996702997711
 7073.9   0.0010010299913146
 7074.8   0.0009993036659101
 7075.7   0.0009966492124164
 7076.6   0.0009969543528699
 7077.5   0.0010008170909724
 7078.4   0.0010043165240187
 7079.3   0.0010060936405439
 7080.2   0.0010068661380534
 7081.1   0.0010026037285956
 7082.0   0.0009882012423634
 7082.9   0.0009635215540691
 7083.8   0.0009376182257109
 7084.7   0.0009274346597105
 7085.6   0.0009393915481143
 7086.5   0.0009587395646906
 7087.4   0.0009713134989922
 7088.3   0.0009743280361178
 7089.2   0.0009668694727999
 7090.1   0.0009553737133654
 7091.0   0.0009518440347257
 7091.9   0.0009551767769694
 7092.8   0.0009587851657390
 7093.7   0.0009632033847446
 7094.6   0.0009660633293050
 7095.5   0.0009660549536022
 7096.4   0.0009676292277872
 7097.3   0.0009726812083024
 7098.2   0.0009788289025494
 7099.1   0.0009828646669220
 7100.0   0.0009830916341496
 7100.9   0.0009788091444813
 7101.8   0.0009732980394386
 7102.7   0.0009728740284342
 7103.6   0.0009786128165766
 7104.5   0.0009839066186642
 7105.4   0.0009806318978485
 7106.3   0.0009681482708038
 7107.2   0.0009567712745393
 7108.1   0.0009559956987802
 7109.0   0.0009585417692482
 7109.9   0.0009513235241714
 7110.8   0.0009379507124760
 7111.7   0.0009327520855751
 7112.6   0.0009399081929596
 7113.5   0.0009515760480306
 7114.4   0.0009588322701187
 7115.3   0.0009606751752836
 7116.2   0.0009597506265547
 7117.1   0.0009568760066176
 7118.0   0.0009533990161594
 7118.9   0.0009486201050307
 7119.8   0.0009424618874649
 7120.7   0.0009350299903801
 7121.6   0.0009258504706979
 7122.5   0.0009264380584615
 7123.4   0.0009426312269940
 7124.3   0.0009582644046296
 7125.2   0.0009617806248751
 7126.1   0.0009570507867741
 7127.0   0.0009516332462059
 7127.9   0.0009488136768281
 7128.8   0.0009427943026428
 7129.7   0.0009277484264220
 7130.6   0.0009140824651297
 7131.5   0.0009161025844161
 7132.4   0.0009297434901873
 7133.3   0.0009446671670522
 7134.2   0.0009553765052663
 7135.1   0.0009586577047238
 7136.0   0.0009607016267552
 7136.9   0.0009664734881855
 7137.8   0.0009675020531208
 7138.7   0.0009582410672013
 7139.6   0.0009498457853299
 7140.5   0.0009516766996382
 7141.4   0.0009550031064145
 7142.3   0.0009525201400660
 7143.2   0.0009497003559266
 7144.1   0.0009479702006067
 7145.0   0.0009454128909477
 7145.9   0.0009419114534596
 7146.8   0.0009288110310724
 7147.7   0.0009072258428097
 7148.6   0.0009007290893600
 7149.5   0.0009146971844433
 7150.4   0.0009297518658901
 7151.3   0.0009410846928502
 7152.2   0.0009539778702843
 7153.1   0.0009619051150214
 7154.0   0.0009551818596609
 7154.9   0.0009396141485226
 7155.8   0.0009361711261923
 7156.7   0.0009494241724968
 7157.6   0.0009594096209123
 7158.5   0.0009573775823566
 7159.4   0.0009514459024952
 7160.3   0.0009487391903432
 7161.2   0.0009515271181772
 7162.1   0.0009516812096320
 7163.0   0.0009348077479079
 7163.9   0.0009013948861431
 7164.8   0.0008788098036201
 7165.7   0.0008903544929080
 7166.6   0.0009230200916524
 7167.5   0.0009516282708953
 7168.4   0.0009646891413528
 7169.3   0.0009635072366284
 7170.2   0.0009588668109443
 7171.1   0.0009601523023517
 7172.0   0.0009649748458807
 7172.9   0.0009669507242755
 7173.8   0.0009631976935619
 7174.7   0.0009513414567658
 7175.6   0.0009361156103163
 7176.5   0.0009326056181574
 7177.4   0.0009444323968194
 7178.3   0.0009525483454241
 7179.2   0.0009409041499238
 7180.1   0.0009141176144464
 7181.0   0.0008931495078751
 7181.9   0.0008992983117237
 7182.8   0.0009260915406046
 7183.7   0.0009448964250704
 7184.6   0.0009429470339408
 7185.5   0.0009254895996067
 7186.4   0.0008996505207634
 7187.3   0.0008819773225989
 7188.2   0.0008865867510241
 7189.1   0.0009029472904375
 7190.0   0.0009176017636249
 7190.9   0.0009243523652971
 7191.8   0.0009180470718223
 7192.7   0.0009057499652354
 7193.6   0.0009046779110743
 7194.5   0.0009193472386063
 7195.4   0.0009330955251823
 7196.3   0.0009329668829782
 7197.2   0.0009301016767584
 7198.1   0.0009368869982241
 7199.0   0.0009445655490173
 7199.9   0.0009432175977752
 7200.8   0.0009340957057915
 7201.7   0.0009254818681887
 7202.6   0.0009308632572194
 7203.5   0.0009490737531372
 7204.4   0.0009595502897666
 7205.3   0.0009466168445307
 7206.2   0.0009123422876013
 7207.1   0.0008822779530586
 7208.0   0.0008840479108635
 7208.9   0.0009093302202342
 7209.8   0.0009361344377507
 7210.7   0.0009550574411018
 7211.6   0.0009588040647607
 7212.5   0.0009490148010754
 7213.4   0.0009364406162187
 7214.3   0.0009275979859146
 7215.2   0.0009256417940006
 7216.1   0.0009319415036736
 7217.0   0.0009423533970584
 7217.9   0.0009475599701389
 7218.8   0.0009429089853423
 7219.7   0.0009333571406163
 7220.6   0.0009249540557397
 7221.5   0.0009190654713746
 7222.4   0.0009135770952689
 7223.3   0.0009109617641817
 7224.2   0.0009186216307150
 7225.1   0.0009329822384333
 7226.0   0.0009433239405655
 7226.9   0.0009465513780334
 7227.8   0.0009415758526512
 7228.7   0.0009347129306573
 7229.6   0.0009396486893481
 7230.5   0.0009546986460394
 7231.4   0.0009665251383526
 7232.3   0.0009697300616451
 7233.2   0.0009668025387649
 7234.1   0.0009587022677578
 7235.0   0.0009468617801463
 7235.9   0.0009396753913749
 7236.8   0.0009425293226102
 7237.7   0.0009477766646029
 7238.6   0.0009460970140548
 7239.5   0.0009399958514899
 7240.4   0.0009408578687969
 7241.3   0.0009501685004418
 7242.2   0.0009568233900233
 7243.1   0.0009529000533533
 7244.0   0.0009386045184026
 7244.9   0.0009251641641811
 7245.8   0.0009270697797360
 7246.7   0.0009423500682535
 7247.6   0.0009568745390799
 7248.5   0.0009600962495716
 7249.4   0.0009492189319853
 7250.3   0.0009313319744321
 7251.2   0.0009206067438590
 7252.1   0.0009229012926887
 7253.0   0.0009300311991569
 7253.9   0.0009327212672841
 7254.8   0.0009332131071636
 7255.7   0.0009397030598289
 7256.6   0.0009508472545087
 7257.5   0.0009571079849495
 7258.4   0.0009541131343047
 7259.3   0.0009423799559108
 7260.2   0.0009189002839033
 7261.1   0.0008909571855715
 7262.0   0.0008847946011862
 7262.9   0.0009050843474203
 7263.8   0.0009260302977523
 7264.7   0.0009360905547951
 7265.6   0.0009408840339197
 7266.5   0.0009443635299300
 7267.4   0.0009460185186866
 7268.3   0.0009445817993125
 7269.2   0.0009427927635179
 7270.1   0.0009418273384959
 7271.0   0.0009391251005441
 7271.9   0.0009345710090270
 7272.8   0.0009318077071908
 7273.7   0.0009314924371481
 7274.6   0.0009304340561427
 7275.5   0.0009310009194111
 7276.4   0.0009345101241107
 7277.3   0.0009335835351464
 7278.2   0.0009282174299836
 7279.1   0.0009275061037393
 7280.0   0.0009300323803457
 7280.9   0.0009222982062956
 7281.8   0.0009015852365163
 7282.7   0.0008850564313818
 7283.6   0.0008847542260036
 7284.5   0.0008946778946629
 7285.4   0.0009091062596690
 7286.3   0.0009211771149003
 7287.2   0.0009154152040912
 7288.1   0.0008888167639902
 7289.0   0.0008656334272102
 7289.9   0.0008644438626551
 7290.8   0.0008691091290987
 7291.7   0.0008656639591524
 7292.6   0.0008655067894478
 7293.5   0.0008811012742001
 7294.4   0.0009057697590971
 7295.3   0.0009269981925328
 7296.2   0.0009403147366864
 7297.1   0.0009421266087988
 7298.0   0.0009351786770011
 7298.9   0.0009275048867568
 7299.8   0.0009219160380114
 7300.7   0.0009188294483658
 7301.6   0.0009190947863343
 7302.5   0.0009214016481630
 7303.4   0.0009254345132538
 7304.3   0.0009305989214716
 7305.2   0.0009301759842753
 7306.1   0.0009182140131801
 7307.0   0.0008997413291306
 7307.9   0.0008883142934111
 7308.8   0.0008923743616391
 7309.7   0.0008985503686250
 7310.6   0.0008929700387567
 7311.5   0.0008892672622598
 7312.4   0.0009005214148836
 7313.3   0.0009188421193007
 7314.2   0.0009321234067568
 7315.1   0.0009346692266697
 7316.0   0.0009294300456182
 7316.9   0.0009236605823592
 7317.8   0.0009213929861114
 7318.7   0.0009213681453519
 7319.6   0.0009194588430561
 7320.5   0.0009168994573682
 7321.4   0.0009201368812509
 7322.3   0.0009237260846501
 7323.2   0.0009182241069757
 7324.1   0.0009071769845435
 7325.0   0.0008951985483916
 7325.9   0.0008869881404723
 7326.8   0.0008939067931039
 7327.7   0.0009108666247887
 7328.6   0.0009186049151030
 7329.5   0.0009143534584873
 7330.4   0.0009107049450903
 7331.3   0.0009147548837291
 7332.2   0.0009194915226143
 7333.1   0.0009180167188481
 7334.0   0.0009165445996021
 7334.9   0.0009227245080905
 7335.8   0.0009338020192905
 7336.7   0.0009425577427299
 7337.6   0.0009453859741593
 7338.5   0.0009429073388366
 7339.4   0.0009391102104058
 7340.3   0.0009391406707608
 7341.2   0.0009423971010460
 7342.1   0.0009410299286398
 7343.0   0.0009287859755512
 7343.9   0.0009114891829011
 7344.8   0.0009051330983057
 7345.7   0.0009140302064714
 7346.6   0.0009260781537976
 7347.5   0.0009336474625188
 7348.4   0.0009349843177445
 7349.3   0.0009263786410829
 7350.2   0.0009095668875279
 7351.1   0.0008980846580747
 7352.0   0.0009015041282151
 7352.9   0.0009094571801390
 7353.8   0.0009080851755966
 7354.7   0.0008942366669361
 7355.6   0.0008784308209665
 7356.5   0.0008789931384474
 7357.4   0.0008969658932635
 7358.3   0.0009185666517429
 7359.2   0.0009319392486767
 7360.1   0.0009316478887597
 7361.0   0.0009200177601449
 7361.9   0.0009046802018648
 7362.8   0.0008958457682954
 7363.7   0.0008978250828760
 7364.6   0.0009078103523236
 7365.5   0.0009186268923744
 7366.4   0.0009240805486866
 7367.3   0.0009257541501160
 7368.2   0.0009237965264580
 7369.1   0.0009191683063920
 7370.0   0.0009210283566921
 7370.9   0.0009306077624912
 7371.8   0.0009365090177913
 7372.7   0.0009341386581134
 7373.6   0.0009281917659713
 7374.5   0.0009205930707032
 7375.4   0.0009138570012333
 7376.3   0.0009141633944629
 7377.2   0.0009238001058182
 7378.1   0.0009369510329773
 7379.0   0.0009444516537771
 7379.9   0.0009416396726428
 7380.8   0.0009301802795075
 7381.7   0.0009162884605891
 7382.6   0.0009082806802484
 7383.5   0.0009061535380933
 7384.4   0.0008978982092041
 7385.3   0.0008806367090451
 7386.2   0.0008688066373717
 7387.1   0.0008691235539202
 7388.0   0.0008703387824876
 7388.9   0.0008680652445020
 7389.8   0.0008771163009482
 7390.7   0.0009008227970089
 7391.6   0.0009159768772873
 7392.5   0.0009082700495488
 7393.4   0.0008954632778689
 7394.3   0.0009005490475440
 7395.2   0.0009166863064707
 7396.1   0.0009260255729969
 7397.0   0.0009271474518514
 7397.9   0.0009242232935697
 7398.8   0.0009158422933453
 7399.7   0.0009016552488010
 7400.6   0.0008918832018381
 7401.5   0.0008968460562854
 7402.4   0.0009135874754133
 7403.3   0.0009296746590915
 7404.2   0.0009320795238013
 7405.1   0.0009195542687979
 7406.0   0.0009091544736504
 7406.9   0.0009100290187179
 7407.8   0.0009038794632037
 7408.7   0.0008823300327489
 7409.6   0.0008675881873801
 7410.5   0.0008724753741536
 7411.4   0.0008891530806707
 7412.3   0.0009054409232793
 7413.2   0.0009020378824020
 7414.1   0.0008753572959854
 7415.0   0.0008516327957430
 7415.9   0.0008545201582022
 7416.8   0.0008759786729089
 7417.7   0.0008928023099397
 7418.6   0.0008996975535558
 7419.5   0.0009053307147800
 7420.4   0.0009060494145063
 7421.3   0.0008912249217114
 7422.2   0.0008682853393582
 7423.1   0.0008585702400154
 7424.0   0.0008730338259255
 7424.9   0.0009017931973416
 7425.8   0.0009249677646891
 7426.7   0.0009344898649322
 7427.6   0.0009352509084891
 7428.5   0.0009310184582758
 7429.4   0.0009204687953185
 7430.3   0.0009052700804189
 7431.2   0.0008960611383962
 7432.1   0.0008997852120861
 7433.0   0.0009117503688119
 7433.9   0.0009231828809524
 7434.8   0.0009267515746178
 7435.7   0.0009239201575579
 7436.6   0.0009215726341978
 7437.5   0.0009215258519605
 7438.4   0.0009203796334569
 7439.3   0.0009123157287489
 7440.2   0.0008985366238820
 7441.1   0.0008892626806787
 7442.0   0.0008882492922306
 7442.9   0.0008917926798197
 7443.8   0.0008936860539629
 7444.7   0.0008845918662268
 7445.6   0.0008717717077400
 7446.5   0.0008725922760564
 7447.4   0.0008835164832608
 7448.3   0.0008927963682018
 7449.2   0.0008991059927024
 7450.1   0.0009060984159469
 7451.0   0.0009131680459899
 7451.9   0.0009168337761093
 7452.8   0.0009179747687471
 7453.7   0.0009188543249189
 7454.6   0.0009203152765613
 7455.5   0.0009218355024079
 7456.4   0.0009218377216112
 7457.3   0.0009202216404995
 7458.2   0.0009178861079959
 7459.1   0.0009133069609577
 7460.0   0.0009012433360340
 7460.9   0.0008785519465142
 7461.8   0.0008579183311497
 7462.7   0.0008590310468423
 7463.6   0.0008796524207950
 7464.5   0.0009026110453442
 7465.4   0.0009176338346920
 7466.3   0.0009231920083208
 7467.2   0.0009230654421456
 7468.1   0.0009203584078512
 7469.0   0.0009163761191194
 7469.9   0.0009125801002903
 7470.8   0.0009091533640487
 7471.7   0.0009045882838959
 7472.6   0.0008986424655619
 7473.5   0.0008942865990103
 7474.4   0.0008928487700346
 7475.3   0.0008922221672452
 7476.2   0.0008930118456834
 7477.1   0.0008964838966245
 7478.0   0.0008994625685614
 7478.9   0.0009002092230905
 7479.8   0.0009000430333984
 7480.7   0.0008968135914888
 7481.6   0.0008901190783903
 7482.5   0.0008869776887406
 7483.4   0.0008911597415629
 7484.3   0.0008994553024603
 7485.2   0.0009071592667107
 7486.1   0.0009117568474538
 7487.0   0.0009138211002509
 7487.9   0.0009128991644548
 7488.8   0.0009083375920749
 7489.7   0.0009022400088702
 7490.6   0.0008954757340422
 7491.5   0.0008890425500290
 7492.4   0.0008846771623794
 7493.3   0.0008743587618819
 7494.2   0.0008555585663779
 7495.1   0.0008499370380742
 7496.0   0.0008708279378469
 7496.9   0.0008968979212141
 7497.8   0.0009060291553278
 7498.7   0.0009030427519730
 7499.6   0.0009011458342633
 7500.5   0.0009036724330121
 7501.4   0.0009082876957943
 7502.3   0.0009113680573533
 7503.2   0.0009095759433091
 7504.1   0.0009023270231156
 7505.0   0.0008925739825552
 7505.9   0.0008838584553303
 7506.8   0.0008806817016023
 7507.7   0.0008883836972046
 7508.6   0.0008983598750773
 7509.5   0.0008904393953309
 7510.4   0.0008668428930078
 7511.3   0.0008584770692705
 7512.2   0.0008766698115620
 7513.1   0.0008968143789480
 7514.0   0.0009025248185580
 7514.9   0.0009007309864209
 7515.8   0.0009012416895283
 7516.7   0.0009067769552521
 7517.6   0.0009131245567640
 7518.5   0.0009160333953842
 7519.4   0.0009162501972290
 7520.3   0.0009128610800627
 7521.2   0.0009017373235295
 7522.1   0.0008845701395107
 7523.0   0.0008738754050861
 7523.9   0.0008745231976876
 7524.8   0.0008778606646868
 7525.7   0.0008843473243408
 7526.6   0.0008956845897075
 7527.5   0.0009051523910569
 7528.4   0.0009084910034514
 7529.3   0.0009035523096852
 7530.2   0.0008896795687564
 7531.1   0.0008772796987394
 7532.0   0.0008792016361766
 7532.9   0.0008912902092407
 7533.8   0.0009038232314556
 7534.7   0.0009139466284117
 7535.6   0.0009197131923890
 7536.5   0.0009198032848841
 7537.4   0.0009164421225207
 7538.3   0.0009125354298755
 7539.2   0.0009085000950262
 7540.1   0.0009052373292735
 7541.0   0.0009052721922414
 7541.9   0.0009083122144114
 7542.8   0.0009118937221862
 7543.7   0.0009134350304642
 7544.6   0.0009081057569175
 7545.5   0.0008943036367647
 7546.4   0.0008831301629188
 7547.3   0.0008857259506995
 7548.2   0.0008979479981039
 7549.1   0.0009090561844204
 7550.0   0.0009134951637148
 7550.9   0.0009132070610157
 7551.8   0.0009114937286885
 7552.7   0.0009075391084107
 7553.6   0.0008986719594896
 7554.5   0.0008854904288011
 7555.4   0.0008789572016714
 7556.3   0.0008883617915204
 7557.2   0.0009014147873856
 7558.1   0.0009028446701818
 7559.0   0.0008957272198870
 7559.9   0.0008921572734455
 7560.8   0.0008972467298616
 7561.7   0.0009040096087390
 7562.6   0.0009068368379476
 7563.5   0.0009086650677359
 7564.4   0.0009101438445918
 7565.3   0.0009089021287592
 7566.2   0.0009049968320644
 7567.1   0.0008975165420303
 7568.0   0.0008864093221410
 7568.9   0.0008797024960436
 7569.8   0.0008864738222111
 7570.7   0.0009003360756146
 7571.6   0.0009069389570929
 7572.5   0.0008999104538981
 7573.4   0.0008856480996161
 7574.3   0.0008806401452308
 7575.2   0.0008916806816404
 7576.1   0.0009070113317553
 7577.0   0.0009147215956796
 7577.9   0.0009145862242784
 7578.8   0.0009126225515017
 7579.7   0.0009117365882753
 7580.6   0.0009083463973009
 7581.5   0.0008963781981191
 7582.4   0.0008754435227716
 7583.3   0.0008560875242221
 7584.2   0.0008510315348235
 7585.1   0.0008546297582103
 7586.0   0.0008582552921151
 7586.9   0.0008676656805275
 7587.8   0.0008799354050092
 7588.7   0.0008900080824318
 7589.6   0.0008995509071701
 7590.5   0.0009052513961589
 7591.4   0.0009059117523146
 7592.3   0.0009059142936603
 7593.2   0.0009070109380257
 7594.1   0.0009088889925074
 7595.0   0.0009111876576013
 7595.9   0.0009099960170173
 7596.8   0.0009034658681373
 7597.7   0.0008956272125642
 7598.6   0.0008862146407420
 7599.5   0.0008701326471361
 7600.4   0.0008528082576191
 7601.3   0.0008463796909805
 7602.2   0.0008513586167548
 7603.1   0.0008597409055489
 7604.0   0.0008653490470456
 7604.9   0.0008651754122843
 7605.8   0.0008630947302240
 7606.7   0.0008645051055074
 7607.6   0.0008665096187835
 7608.5   0.0008631840352600
 7609.4   0.0008560577439456
 7610.3   0.0008526151153450
 7611.2   0.0008572888290786
 7612.1   0.0008674336306084
 7613.0   0.0008752302644933
 7613.9   0.0008742132250978
 7614.8   0.0008654107552147
 7615.7   0.0008526075271014
 7616.6   0.0008401389691630
 7617.5   0.0008356833458438
 7618.4   0.0008388161092355
 7619.3   0.0008455333870646
 7620.2   0.0008591266873457
 7621.1   0.0008750729874080
 7622.0   0.0008820702069950
 7622.9   0.0008803343246989
 7623.8   0.0008778957782099
 7624.7   0.0008774193653728
 7625.6   0.0008773506774514
 7626.5   0.0008773030003740
 7627.4   0.0008782486315344
 7628.3   0.0008783687190677
 7629.2   0.0008755617132440
 7630.1   0.0008737507717653
 7631.0   0.0008773720104379
 7631.9   0.0008828680463744
 7632.8   0.0008831624487475
 7633.7   0.0008780694487648
 7634.6   0.0008748438009770
 7635.5   0.0008779988279889
 7636.4   0.0008830586115093
 7637.3   0.0008831368563223
 7638.2   0.0008792808116233
 7639.1   0.0008789650404701
 7640.0   0.0008867456746151
 7640.9   0.0008973218248377
 7641.8   0.0009008919860408
 7642.7   0.0008969727298414
 7643.6   0.0008937451491991
 7644.5   0.0008957641230902
 7645.4   0.0008986646218012
 7646.3   0.0008957639083286
 7647.2   0.0008872436352004
 7648.1   0.0008810009089412
 7649.0   0.0008822395823177
 7649.9   0.0008846677486622
 7650.8   0.0008835757216714
 7651.7   0.0008828822564342
 7652.6   0.0008806305883392
 7653.5   0.0008726928202832
 7654.4   0.0008651970674133
 7655.3   0.0008640989197166
 7656.2   0.0008623312527022
 7657.1   0.0008502439324142
 7658.0   0.0008355476523002
 7658.9   0.0008318944499414
 7659.8   0.0008386332755186
 7660.7   0.0008469797349175
 7661.6   0.0008528848201329
 7662.5   0.0008478706734546
 7663.4   0.0008175945481713
 7664.3   0.0007823290453820
 7665.2   0.0007901761124516
 7666.1   0.0008386019561172
 7667.0   0.0008760865906177
 7667.9   0.0008818079830698
 7668.8   0.0008742154800947
 7669.7   0.0008738999952904
 7670.6   0.0008848032990314
 7671.5   0.0008953561118257
 7672.4   0.0008975898831200
 7673.3   0.0008960272060619
 7674.2   0.0008960791067842
 7675.1   0.0008968474164423
 7676.0   0.0008968333853504
 7676.9   0.0008961716690379
 7677.8   0.0008931060544428
 7678.7   0.0008846780214259
 7679.6   0.0008735088428122
 7680.5   0.0008699271202758
 7681.4   0.0008778067237292
 7682.3   0.0008882000402348
 7683.2   0.0008942474408102
 7684.1   0.0008971487269804
 7685.0   0.0008980838706155
 7685.9   0.0008957574654803
 7686.8   0.0008895294861850
 7687.7   0.0008806743997075
 7688.6   0.0008740287090817
 7689.5   0.0008716914942788
 7690.4   0.0008671248034139
 7691.3   0.0008611139123122
 7692.2   0.0008656593775714
 7693.1   0.0008791807685069
 7694.0   0.0008874025229979
 7694.9   0.0008854446129911
 7695.8   0.0008798712270815
 7696.7   0.0008744879409900
 7697.6   0.0008626069350216
 7698.5   0.0008461841505350
 7699.4   0.0008464545711950
 7700.3   0.0008675694673265
 7701.2   0.0008871896226556
 7702.1   0.0008950419513846
 7703.0   0.0008972715348275
 7703.9   0.0008977455494933
 7704.8   0.0008962920429200
 7705.7   0.0008939334235435
 7706.6   0.0008922483681615
 7707.5   0.0008902206248380
 7708.4   0.0008837479604822
 7709.3   0.0008695185721073
 7710.2   0.0008537355266618
 7711.1   0.0008467424233390
 7712.0   0.0008467225220965
 7712.9   0.0008405238935544
 7713.8   0.0008234747210400
 7714.7   0.0008148973213237
 7715.6   0.0008318318827258
 7716.5   0.0008607565489940
 7717.4   0.0008780903880218
 7718.3   0.0008793192897451
 7719.2   0.0008762564670508
 7720.1   0.0008765382700761
 7721.0   0.0008751993388216
 7721.9   0.0008658369496288
 7722.8   0.0008559917047507
 7723.7   0.0008586815581164
 7724.6   0.0008695730141753
 7725.5   0.0008742081066128
 7726.4   0.0008674881442636
 7727.3   0.0008585590366181
 7728.2   0.0008619644756667
 7729.1   0.0008753446608440
 7730.0   0.0008840119382939
 7730.9   0.0008838074494481
 7731.8   0.0008796595437217
 7732.7   0.0008764911299028
 7733.6   0.0008773471338848
 7734.5   0.0008820576076473
 7735.4   0.0008872485747174
 7736.3   0.0008904080759295
 7737.2   0.0008918661282902
 7738.1   0.0008923888580478
 7739.0   0.0008923074991914
 7739.9   0.0008910748391399
 7740.8   0.0008852630320502
 7741.7   0.0008726431387642
 7742.6   0.0008625155181632
 7743.5   0.0008649784043012
 7744.4   0.0008712058824861
 7745.3   0.0008691086279883
 7746.2   0.0008582557574319
 7747.1   0.0008374969718426
 7748.0   0.0008136689922981
 7748.9   0.0008106559942973
 7749.8   0.0008317301931037
 7750.7   0.0008534729090070
 7751.6   0.0008672201217750
 7752.5   0.0008780613594109
 7753.4   0.0008849970497968
 7754.3   0.0008868197315768
 7755.2   0.0008869528837747
 7756.1   0.0008879386037688
 7757.0   0.0008875895803598
 7757.9   0.0008824369840305
 7758.8   0.0008740477512777
 7759.7   0.0008688758979908
 7760.6   0.0008709167775661
 7761.5   0.0008779787835720
 7762.4   0.0008843011863884
 7763.3   0.0008856207175109
 7764.2   0.0008830892150386
 7765.1   0.0008817079757470
 7766.0   0.0008842092684195
 7766.9   0.0008878063106174
 7767.8   0.0008890199642664
 7768.7   0.0008880948428398
 7769.6   0.0008857756680121
 7770.5   0.0008798481402085
 7771.4   0.0008703937972533
 7772.3   0.0008627660375807
 7773.2   0.0008590305099382
 7774.1   0.0008573319245749
 7775.0   0.0008595130792748
 7775.9   0.0008662933538427
 7776.8   0.0008734736934955
 7777.7   0.0008770658677635
 7778.6   0.0008726804714907
 7779.5   0.0008575250668491
 7780.4   0.0008435884343415
 7781.3   0.0008476770300700
 7782.2   0.0008640089703958
 7783.1   0.0008763430517731
 7784.0   0.0008808714434843
 7784.9   0.0008811626602268
 7785.8   0.0008795887797714
 7786.7   0.0008746488690228
 7787.6   0.0008622460997240
 7788.5   0.0008474231818475
 7789.4   0.0008468949398753
 7790.3   0.0008623638964668
 7791.2   0.0008768793115121
 7792.1   0.0008820221361881
 7793.0   0.0008813495744143
 7793.9   0.0008793830023559
 7794.8   0.0008773337112842
 7795.7   0.0008720990402265
 7796.6   0.0008608404849897
 7797.5   0.0008495898401388
 7798.4   0.0008458997345768
 7799.3   0.0008466615297994
 7800.2   0.0008504084756007
 7801.1   0.0008590477266606
 7802.0   0.0008674274025218
 7802.9   0.0008726355863143
 7803.8   0.0008761746786712
 7804.7   0.0008773675720313
 7805.6   0.0008744370782822
 7806.5   0.0008657861943018
 7807.4   0.0008555172247680
 7808.3   0.0008531238498043
 7809.2   0.0008560471848331
 7810.1   0.0008529561209873
 7811.0   0.0008492804402467
 7811.9   0.0008568749476634
 7812.8   0.0008695148137791
 7813.7   0.0008764699400907
 7814.6   0.0008778753042698
 7815.5   0.0008776223150938
 7816.4   0.0008775293949041
 7817.3   0.0008774932433665
 7818.2   0.0008771603986653
 7819.1   0.0008766993770769
 7820.0   0.0008761690590758
 7820.9   0.0008757749357287
 7821.8   0.0008762257919343
 7822.7   0.0008777119422722
 7823.6   0.0008795870974721
 7824.5   0.0008804431014541
 7825.4   0.0008781306200299
 7826.3   0.0008734401548908
 7827.2   0.0008717407820682
 7828.1   0.0008744863660716
 7829.0   0.0008754508962535
 7829.9   0.0008677712000650
 7830.8   0.0008497481910322
 7831.7   0.0008311618265041
 7832.6   0.0008294611293183
 7833.5   0.0008417708710465
 7834.4   0.0008455926612688
 7835.3   0.0008379645794537
 7836.2   0.0008366798039184
 7837.1   0.0008482247795551
 7838.0   0.0008623261700108
 7838.9   0.0008707718850669
 7839.8   0.0008734097661230
 7840.7   0.0008729598047575
 7841.6   0.0008710185387754
 7842.5   0.0008680589806218
 7843.4   0.0008656876545166
 7844.3   0.0008648306125202
 7845.2   0.0008658634368940
 7846.1   0.0008693469417877
 7847.0   0.0008724753741536
 7847.9   0.0008695462763549
 7848.8   0.0008590083894924
 7849.7   0.0008480395834605
 7850.6   0.0008467538414979
 7851.5   0.0008547960194897
 7852.4   0.0008624342666876
 7853.3   0.0008637582362167
 7854.2   0.0008589669405018
 7855.1   0.0008533464860062
 7856.0   0.0008542253263060
 7856.9   0.0008610576805641
 7857.8   0.0008672855524787
 7858.7   0.0008698344148477
 7859.6   0.0008686164659665
 7860.5   0.0008651329252792
 7861.4   0.0008628766398096
 7862.3   0.0008623080226548
 7863.2   0.0008616133046415
 7864.1   0.0008626631667697
 7865.0   0.0008663602162904
 7865.9   0.0008692282144112
 7866.8   0.0008686167165217
 7867.7   0.0008641895133222
 7868.6   0.0008569721988790
 7869.5   0.0008513523528746
 7870.4   0.0008507063499531
 7871.3   0.0008497729244109
 7872.2   0.0008437648967973
 7873.1   0.0008379729551565
 7874.0   0.0008382201457691
 7874.9   0.0008415019537178
 7875.8   0.0008427817181489
 7876.7   0.0008419156561649
 7877.6   0.0008422156781334
 7878.5   0.0008440632364666
 7879.4   0.0008430516019049
 7880.3   0.0008366433660320
 7881.2   0.0008286523370968
 7882.1   0.0008274555064406
 7883.0   0.0008355374869173
 7883.9   0.0008454137290544
 7884.8   0.0008509609140476
 7885.7   0.0008530497212554
 7886.6   0.0008530974699199
 7887.5   0.0008522129384375
 7888.4   0.0008515858345377
 7889.3   0.0008505534754807
 7890.2   0.0008498745424458
 7891.1   0.0008501884523318
 7892.0   0.0008473093224009
 7892.9   0.0008364637179456
 7893.8   0.0008210518163550
 7894.7   0.0008116897850983
 7895.6   0.0008126908605475
 7896.5   0.0008181619483437
 7897.4   0.0008234187756408
 7898.3   0.0008287642994826
 7899.2   0.0008331285775305
 7900.1   0.0008340121425857
 7901.0   0.0008337129080764
 7901.9   0.0008364521924059
 7902.8   0.0008398632868435
 7903.7   0.0008388629630600
 7904.6   0.0008364831180777
 7905.5   0.0008376587589218
 7906.4   0.0008391502067127
 7907.3   0.0008339866933350
 7908.2   0.0008223794368315
 7909.1   0.0008155887821192
 7910.0   0.0008203644002365
 7910.9   0.0008245358223591
 7911.8   0.0008129301049805
 7912.7   0.0007949609653181
 7913.6   0.0007953404490821
 7914.5   0.0008124483231031
 7915.4   0.0008213733860717
 7916.3   0.0008121412855887
 7917.2   0.0007945374554241
 7918.1   0.0007875693002416
 7919.0   0.0008001232259198
 7919.9   0.0008186565443304
 7920.8   0.0008298195306510
 7921.7   0.0008293703925383
 7922.6   0.0008192909859185
 7923.5   0.0008122592970931
 7924.4   0.0008156113320882
 7925.3   0.0008205985261845
 7926.2   0.0008198464310280
 7927.1   0.0008163848318185
 7928.0   0.0008146631595821
 7928.9   0.0008146637680734
 7929.8   0.0008114039373960
 7930.7   0.0008032232381661
 7931.6   0.0007923202207738
 7932.5   0.0007832793655041
 7933.4   0.0007881382395388
 7934.3   0.0008072489803302
 7935.2   0.0008181341367152
 7936.1   0.0008047638305720
 7937.0   0.0007820459179935
 7937.9   0.0007771532547989
 7938.8   0.0007921537447328
 7939.7   0.0008076940379723
 7940.6   0.0008105694095750
 7941.5   0.0008038132241010
 7942.4   0.0007941793046467
 7943.3   0.0007807889898801
 7944.2   0.0007673763399062
 7945.1   0.0007623182028915
 7946.0   0.0007716050675849
 7946.9   0.0007948472490459
 7947.8   0.0008146222832891
 7948.7   0.0008185938339404
 7949.6   0.0008155854175206
 7950.5   0.0008140127898413
 7951.4   0.0008156024552750
 7952.3   0.0008209129371809
 7953.2   0.0008241224062608
 7954.1   0.0008200115469121
 7955.0   0.0008122473420302
 7955.9   0.0008062894612524
 7956.8   0.0008064842500323
 7957.7   0.0008130843038161
 7958.6   0.0008193318264179
 7959.5   0.0008227590279763
 7960.4   0.0008261789634336
 7961.3   0.0008272554202077
 7962.2   0.0008221481027844
 7963.1   0.0008155369171905
 7964.0   0.0008139860878145
 7964.9   0.0008165294737625
 7965.8   0.0008220671734512
 7966.7   0.0008283676705834
 7967.6   0.0008297937950514
 7968.5   0.0008252345850493
 7969.4   0.0008181010634274
 7970.3   0.0008135947563684
 7971.2   0.0008153461730876
 7972.1   0.0008207051553236
 7973.0   0.0008255052562645
 7973.9   0.0008286781442836
 7974.8   0.0008322183462421
 7975.7   0.0008355515538027
 7976.6   0.0008325965056429
 7977.5   0.0008224253242287
 7978.4   0.0008130540224292
 7979.3   0.0008108360361132
 7980.2   0.0008140816567308
 7981.1   0.0008209996292839
 7982.0   0.0008313522842581
 7982.9   0.0008386067882534
 7983.8   0.0008367253691732
 7984.7   0.0008289276614802
 7985.6   0.0008199499103302
 7986.5   0.0008082951557174
 7987.4   0.0008003107843921
 7988.3   0.0008094317099486
 7989.2   0.0008296885618628
 7990.1   0.0008418262079546
 7991.0   0.0008391048920131
 7991.9   0.0008287093205106
 7992.8   0.0008186600521034
 7993.7   0.0008071746728133
 7994.6   0.0007956257598804
 7995.5   0.0007970552847406
 7996.4   0.0008105259203491
 7997.3   0.0008158324649588
 7998.2   0.0008023229574990
 7999.1   0.0007868999598919
 8000.0   0.0007910094232901
 8000.9   0.0008074372904681
 8001.8   0.0008145446469673
 8002.7   0.0008109957829571
 8003.6   0.0008123794562137
 8004.5   0.0008235908354836
 8005.4   0.0008333491019099
 8006.3   0.0008320788585768
 8007.2   0.0008235000271164
 8008.1   0.0008173469638291
 8009.0   0.0008172885128777
 8009.9   0.0008190522068024
 8010.8   0.0008179932530994
 8011.7   0.0008151137652325
 8012.6   0.0008171858210348
 8013.5   0.0008262417454107
 8014.4   0.0008338522525674
 8015.3   0.0008334847596599
 8016.2   0.0008273566087194
 8017.1   0.0008216953853116
 8018.0   0.0008217880191525
 8018.9   0.0008256354375935
 8019.8   0.0008253543862338
 8020.7   0.0008209669497257
 8021.6   0.0008208683383533
 8022.5   0.0008252134310307
 8023.4   0.0008236703330727
 8024.3   0.0008114947457632
 8025.2   0.0007953765648262
 8026.1   0.0007826881983803
 8027.0   0.0007757219044650
 8027.9   0.0007760538543262
 8028.8   0.0007871583539017
 8029.7   0.0008050099473765
 8030.6   0.0008191124116402
 8031.5   0.0008271274222884
 8032.4   0.0008307740386245
 8033.3   0.0008291766417729
 8034.2   0.0008219572155072
 8035.1   0.0008160185916870
 8036.0   0.0008209506636369
 8036.9   0.0008317158040759
 8037.8   0.0008362208583588
 8038.7   0.0008326532385014
 8039.6   0.0008262924649442
 8040.5   0.0008230961679097
 8041.4   0.0008244033144460
 8042.3   0.0008229445462133
 8043.2   0.0008125687327789
 8044.1   0.0007973910645171
 8045.0   0.0007835549762364
 8045.9   0.0007728120278304
 8046.8   0.0007698598431587
 8047.7   0.0007765731478980
 8048.6   0.0007849560809769
 8049.5   0.0007890049816012
 8050.4   0.0007949486165256
 8051.3   0.0008051017221710
 8052.2   0.0008089855784984
 8053.1   0.0008032984763166
 8054.0   0.0007998197677656
 8054.9   0.0008066327218917
 8055.8   0.0008160204171607
 8056.7   0.0008203225575163
 8057.6   0.0008224289751761
 8058.5   0.0008231875131809
 8059.4   0.0008188069132507
 8060.3   0.0008123357880197
 8061.2   0.0008103153465909
 8062.1   0.0008111193782634
 8063.0   0.0008116962995338
 8063.9   0.0008138742686032
 8064.8   0.0008174981202086
 8065.7   0.0008171483809275
 8066.6   0.0008097925094526
 8067.5   0.0008014390703014
 8068.4   0.0007977027194061
 8069.3   0.0007938423794749
 8070.2   0.0007856500115309
 8071.1   0.0007791333926323
 8072.0   0.0007797069850977
 8072.9   0.0007841791450608
 8073.8   0.0007852490158123
 8074.7   0.0007840271654285
 8075.6   0.0007906416082402
 8076.5   0.0008033660188428
 8077.4   0.0008106854882250
 8078.3   0.0008110098856361
 8079.2   0.0008047797945183
 8080.1   0.0007904064442778
 8081.0   0.0007785131611040
 8081.9   0.0007801867983270
 8082.8   0.0007885026899902
 8083.7   0.0007884568025929
 8084.6   0.0007790876842031
 8085.5   0.0007789848133921
 8086.4   0.0007947198596178
 8087.3   0.0008082718182891
 8088.2   0.0008068660961740
 8089.1   0.0007944814026441
 8090.0   0.0007818548517482
 8090.9   0.0007723173244629
 8091.8   0.0007589171664559
 8092.7   0.0007458846087372
 8093.6   0.0007509938232214
 8094.5   0.0007718181826887
 8095.4   0.0007843280106498
 8096.3   0.0007809600117085
 8097.2   0.0007740370280511
 8098.1   0.0007721417926407
 8099.0   0.0007775474139396
 8099.9   0.0007877527066561
 8100.8   0.0007951716464571
 8101.7   0.0007968865179091
 8102.6   0.0007934563812754
 8103.5   0.0007855196154403
 8104.4   0.0007784373144622
 8105.3   0.0007764049537641
 8106.2   0.0007782742030198
 8107.1   0.0007823984491755
 8108.0   0.0007865067313849
 8108.9   0.0007870982206511
 8109.8   0.0007859778809214
 8110.7   0.0007890499383648
 8111.6   0.0007941131222773
 8112.5   0.0007949456456566
 8113.4   0.0007892525659434
 8114.3   0.0007799288696340
 8115.2   0.0007753448904595
 8116.1   0.0007786196828623
 8117.0   0.0007850311759530
 8117.9   0.0007892563600652
 8118.8   0.0007878148801421
 8119.7   0.0007851401674699
 8120.6   0.0007889739127551
 8121.5   0.0007971880790025
 8122.4   0.0008027958625631
 8123.3   0.0008027777510007
 8124.2   0.0007954575657465
 8125.1   0.0007827326898271
 8126.0   0.0007737130959568
 8126.9   0.0007754841275697
 8127.8   0.0007852364880517
 8128.7   0.0007930104287932
 8129.6   0.0007896617583968
 8130.5   0.0007800514269258
 8131.4   0.0007791502514187
 8132.3   0.0007878867894876
 8133.2   0.0007951629844055
 8134.1   0.0007968000405677
 8135.0   0.0007936291211967
 8135.9   0.0007873458049933
 8136.8   0.0007835614906719
 8137.7   0.0007863549307205
 8138.6   0.0007905518736810
 8139.5   0.0007884586280666
 8140.4   0.0007824868951650
 8141.3   0.0007789640888968
 8142.2   0.0007796400152692
 8143.1   0.0007842786154797
 8144.0   0.0007891850950044
 8144.9   0.0007912348871865
 8145.8   0.0007911481234963
 8146.7   0.0007898629542313
 8147.6   0.0007869091946411
 8148.5   0.0007800950951198
 8149.4   0.0007738096670939
 8150.3   0.0007784798014673
 8151.2   0.0007907944111254
 8152.1   0.0007966080436888
 8153.0   0.0007929207300277
 8153.9   0.0007859271971816
 8154.8   0.0007820077978078
 8155.7   0.0007875641101693
 8156.6   0.0007987702993670
 8157.5   0.0008047917853748
 8158.4   0.0008042255305977
 8159.3   0.0007995061800221
 8160.2   0.0007891083535226
 8161.1   0.0007746117301182
 8162.0   0.0007679553729991
 8162.9   0.0007760294430899
 8163.8   0.0007876660503467
 8164.7   0.0007922980287408
 8165.6   0.0007903829994687
 8166.5   0.0007847828399452
 8167.4   0.0007782402706855
 8168.3   0.0007753331143646
 8169.2   0.0007782548744750
 8170.1   0.0007831477524311
 8171.0   0.0007854518581525
 8171.9   0.0007853058202580
 8172.8   0.0007832965464329
 8173.7   0.0007792609968220
 8174.6   0.0007781114853070
 8175.5   0.0007824488107729
 8176.4   0.0007864283433974
 8177.3   0.0007866890639913
 8178.2   0.0007844089399830
 8179.1   0.0007797118530276
 8180.0   0.0007733070533404
 8180.9   0.0007656277508815
 8181.8   0.0007530548545944
 8182.7   0.0007357233779443
 8183.6   0.0007306467714312
 8184.5   0.0007462814523980
 8185.4   0.0007637274327796
 8186.3   0.0007672863189982
 8187.2   0.0007612679828273
 8188.1   0.0007610122733376
 8189.0   0.0007755468379597
 8189.9   0.0007947691832008
 8190.8   0.0008018786157289
 8191.7   0.0007921373512633
 8192.6   0.0007723163222420
 8193.5   0.0007450999414032
 8194.4   0.0007171797509764
 8195.3   0.0007144363861764
 8196.2   0.0007408967703561
 8197.1   0.0007664772404279
 8198.0   0.0007732053279247
 8198.9   0.0007684670067402
 8199.8   0.0007638743655141
 8200.7   0.0007613662362637
 8201.6   0.0007630423790388
 8202.5   0.0007690334404853
 8203.4   0.0007719281406328
 8204.3   0.0007707017086680
 8205.2   0.0007707305941045
 8206.1   0.0007701452255442
 8207.0   0.0007631855534452
 8207.9   0.0007569718557968
 8208.8   0.0007622735324767
 8209.7   0.0007742621340115
 8210.6   0.0007800667823809
 8211.5   0.0007727896568294
 8212.4   0.0007577560220204
 8213.3   0.0007488491779951
 8214.2   0.0007509050550894
 8215.1   0.0007585082961450
 8216.0   0.0007701571806071
 8216.9   0.0007820287012711
 8217.8   0.0007838967335443
 8218.7   0.0007686190221661
 8219.6   0.0007432678459060
 8220.5   0.0007305559630639
 8221.4   0.0007417971584040
 8222.3   0.0007615996105460
 8223.2   0.0007763887750562
 8224.1   0.0007861179770780
 8225.0   0.0007913802092089
 8225.9   0.0007912125877727
 8226.8   0.0007857851323769
 8227.7   0.0007788877411446
 8228.6   0.0007765860693882
 8229.5   0.0007779956930059
 8230.4   0.0007746349959592
 8231.3   0.0007636244903814
 8232.2   0.0007574117233668
 8233.1   0.0007660180443132
 8234.0   0.0007783699509041
 8234.9   0.0007820314931720
 8235.8   0.0007779126518502
 8236.7   0.0007717683937889
 8237.6   0.0007691069605429
 8238.5   0.0007721413631175
 8239.4   0.0007795070420393
 8240.3   0.0007856369468663
 8241.2   0.0007831967538717
 8242.1   0.0007754122540177
 8243.0   0.0007716912585775
 8243.9   0.0007764996636339
 8244.8   0.0007861724191460
 8245.7   0.0007882458708988
 8246.6   0.0007763269595063
 8247.5   0.0007610400491724
 8248.4   0.0007583097490370
 8249.3   0.0007693399410957
 8250.2   0.0007786392977560
 8251.1   0.0007782495054347
 8252.0   0.0007760078237545
 8252.9   0.0007770937658331
 8253.8   0.0007785116219791
 8254.7   0.0007779929368985
 8255.6   0.0007743107775161
 8256.5   0.0007682199235084
 8257.4   0.0007658600513558
 8258.3   0.0007718808930787
 8259.2   0.0007834949861601
 8260.1   0.0007938170733986
 8261.0   0.0007975960544734
 8261.9   0.0007936229646972
 8262.8   0.0007843126909884
 8263.7   0.0007756593014559
 8264.6   0.0007728927424020
 8265.5   0.0007722048609667
 8266.4   0.0007693295251576
 8267.3   0.0007689383010923
 8268.2   0.0007737968887781
 8269.1   0.0007801718366016
 8270.0   0.0007842960827572
 8270.9   0.0007841083095233
 8271.8   0.0007787335781026
 8272.7   0.0007689553388466
 8273.6   0.0007595968511564
 8274.5   0.0007568190171181
 8275.4   0.0007594240754416
 8276.3   0.0007646992290627
 8277.2   0.0007726114046935
 8278.1   0.0007796589142908
 8279.0   0.0007851269596309
 8279.9   0.0007901659828623
 8280.8   0.0007899731985242
 8281.7   0.0007825048277594
 8282.6   0.0007757492149831
 8283.5   0.0007758591013399
 8284.4   0.0007782241635648
 8285.3   0.0007777020422984
 8286.2   0.0007740320169469
 8287.1   0.0007680862344065
 8288.0   0.0007631276036042
 8288.9   0.0007616603164943
 8289.8   0.0007654538297713
 8290.7   0.0007736162026773
 8291.6   0.0007765310188289
 8292.5   0.0007683935582697
 8293.4   0.0007583132568099
 8294.3   0.0007568929666990
 8295.2   0.0007621316466400
 8296.1   0.0007653444445249
 8297.0   0.0007606778537180
 8297.9   0.0007520573942989
 8298.8   0.0007523223027443
 8299.7   0.0007647851695001
 8300.6   0.0007766207891817
 8301.5   0.0007785531783506
 8302.4   0.0007737884414881
 8303.3   0.0007675028702878
 8304.2   0.0007607666576435
 8305.1   0.0007537432729337
 8306.0   0.0007505866352097
 8306.9   0.0007547030425666
 8307.8   0.0007607308640419
 8308.7   0.0007577046582021
 8309.6   0.0007455658309215
 8310.5   0.0007403094689412
 8311.4   0.0007495212744521
 8312.3   0.0007623478757872
 8313.2   0.0007685492604366
 8314.1   0.0007688584813607
 8315.0   0.0007689552672594
 8315.9   0.0007727623463114
 8316.8   0.0007787531214091
 8317.7   0.0007818234965532
 8318.6   0.0007786176426270
 8319.5   0.0007679595966441
 8320.4   0.0007546495669259
 8321.3   0.0007496172370979
 8322.2   0.0007557433120096
 8323.1   0.0007639353578112
 8324.0   0.0007662410384511
 8324.9   0.0007584584356580
 8325.8   0.0007387947911029
 8326.7   0.0007204100519325
 8327.6   0.0007253662129762
 8328.5   0.0007479507228016
 8329.4   0.0007595789543557
 8330.3   0.0007479437072557
 8331.2   0.0007259506509029
 8332.1   0.0007163540641750
 8333.0   0.0007237909723640
 8333.9   0.0007340496691341
 8334.8   0.0007415291001217
 8335.7   0.0007481936897692
 8336.6   0.0007485995176240
 8337.5   0.0007387148997841
 8338.4   0.0007286410053790
 8339.3   0.0007326167080881
 8340.2   0.0007500986610393
 8341.1   0.0007635548360327
 8342.0   0.0007616054091095
 8342.9   0.0007535068204016
 8343.8   0.0007499299657950
 8344.7   0.0007460934644025
 8345.6   0.0007379648090693
 8346.5   0.0007347747401214
 8347.4   0.0007384526400653
 8348.3   0.0007409764111196
 8349.2   0.0007451991612668
 8350.1   0.0007565861081525
 8351.0   0.0007688871162420
 8351.9   0.0007745124386674
 8352.8   0.0007730926138733
 8353.7   0.0007683136669510
 8354.6   0.0007640097011217
 8355.5   0.0007615399784058
 8356.4   0.0007597693047289
 8357.3   0.0007571444167501
 8358.2   0.0007550522091501
 8359.1   0.0007562977191046
 8360.0   0.0007579769759230
 8360.9   0.0007586191131355
 8361.8   0.0007599681381857
 8362.7   0.0007568509092171
 8363.6   0.0007469967517321
 8364.5   0.0007384467341210
 8365.4   0.0007387200182691
 8366.3   0.0007505154775298
 8367.2   0.0007673124841210
 8368.1   0.0007752772047589
 8369.0   0.0007703874766397
 8369.9   0.0007612944700925
 8370.8   0.0007555276197664
 8371.7   0.0007535217105399
 8372.6   0.0007552271682747
 8373.5   0.0007606781758604
 8374.4   0.0007667297284935
 8375.3   0.0007681451864683
 8376.2   0.0007610982853622
 8377.1   0.0007500899989877
 8378.0   0.0007479685838088
 8378.9   0.0007600638502764
 8379.8   0.0007737559051043
 8380.7   0.0007728452800863
 8381.6   0.0007532910207776
 8382.5   0.0007301109054218
 8383.4   0.0007263197545225
 8384.3   0.0007418763338507
 8385.2   0.0007545246114627
 8386.1   0.0007483038982685
 8387.0   0.0007266581472319
 8387.9   0.0007123721691729
 8388.8   0.0007215623195548
 8389.7   0.0007402193406524
 8390.6   0.0007533783571655
 8391.5   0.0007640316425995
 8392.4   0.0007732671792682
 8393.3   0.0007759020894554
 8394.2   0.0007718722668207
 8395.1   0.0007657634444251
 8396.0   0.0007593071735388
 8396.9   0.0007546079747608
 8397.8   0.0007568934678094
 8398.7   0.0007648474145733
 8399.6   0.0007696654123149
 8400.5   0.0007645181492323
 8401.4   0.0007548012960030
 8402.3   0.0007532599877251
 8403.2   0.0007599487738472
 8404.1   0.0007641737431978
 8405.0   0.0007638911885069
 8405.9   0.0007652852419079
 8406.8   0.0007681152272238
 8407.7   0.0007688353229005
 8408.6   0.0007696530635223
 8409.5   0.0007700566005866
 8410.4   0.0007633121196204
 8411.3   0.0007487662800138
 8412.2   0.0007379157002479
 8413.1   0.0007411314690017
 8414.0   0.0007540833837360
 8414.9   0.0007659974987859
 8415.8   0.0007696992014748
 8416.7   0.0007652834522278
 8417.6   0.0007598016263511
 8418.5   0.0007559436845913
 8419.4   0.0007519815118636
 8420.3   0.0007512201461642
 8421.2   0.0007541331726358
 8422.1   0.0007541160632942
 8423.0   0.0007503645717055
 8423.9   0.0007473927005529
 8424.8   0.0007415976448687
 8425.7   0.0007287737280537
 8426.6   0.0007225599230246
 8427.5   0.0007374717880010
 8428.4   0.0007612472941256
 8429.3   0.0007746974200004
 8430.2   0.0007769369540645
 8431.1   0.0007753340449982
 8432.0   0.0007721979170080
 8432.9   0.0007625596307342
 8433.8   0.0007396134265648
 8434.7   0.0007116566908707
 8435.6   0.0007042367130553
 8436.5   0.0007227801610552
 8437.4   0.0007406487564907
 8438.3   0.0007387695208201
 8439.2   0.0007269769608412
 8440.1   0.0007256168397745
 8441.0   0.0007384630560034
 8441.9   0.0007536885445169
 8442.8   0.0007607366626054
 8443.7   0.0007578045581442
 8444.6   0.0007493658228404
 8445.5   0.0007379421517195
 8446.4   0.0007303227677496
 8447.3   0.0007362552350703
 8448.2   0.0007488928103954
 8449.1   0.0007535548912085
 8450.0   0.0007522699724988
 8450.9   0.0007574516332325
 8451.8   0.0007681743224600
 8452.7   0.0007742275215988
 8453.6   0.0007732713671196
 8454.5   0.0007685443567132
 8455.4   0.0007617849140215
 8456.3   0.0007559735006614
 8457.2   0.0007549757540171
 8458.1   0.0007576577327905
 8459.0   0.0007605929512950
 8459.9   0.0007642232099552
 8460.8   0.0007700777903988
 8461.7   0.0007745266129336
 8462.6   0.0007723816813585
 8463.5   0.0007641820115198
 8464.4   0.0007530445818307
 8465.3   0.0007415497172362
 8466.2   0.0007332070161655
 8467.1   0.0007241374186337
 8468.0   0.0007128263899770
 8468.9   0.0007136569805018
 8469.8   0.0007281600825481
 8470.7   0.0007383606147156
 8471.6   0.0007409271233302
 8472.5   0.0007476275781665
 8473.4   0.0007599050340661
 8474.3   0.0007697650259081
 8475.2   0.0007725637992034
 8476.1   0.0007687385727954
 8477.0   0.0007640049405727
 8477.9   0.0007627037715678
 8478.8   0.0007611453897419
 8479.7   0.0007545986684244
 8480.6   0.0007455294646223
 8481.5   0.0007397758937224
 8482.4   0.0007412880302150
 8483.3   0.0007496408966686
 8484.2   0.0007584098995342
 8485.1   0.0007624998196260
 8486.0   0.0007618141931876
 8486.9   0.0007560304482815
 8487.8   0.0007493379038312
 8488.7   0.0007505011958827
 8489.6   0.0007570885071444
 8490.5   0.0007586601326029
 8491.4   0.0007540594020229
 8492.3   0.0007490932187707
 8493.2   0.0007450203722269
 8494.1   0.0007365868627890
 8495.0   0.0007124867802851
 8495.9   0.0006558790562007
 8496.8   0.0005681901729397
 8497.7   0.0004965955604899
 8498.6   0.0005015720522994
 8499.5   0.0005756253630358
 8500.4   0.0006485472380260
 8501.3   0.0006820073473449
 8502.2   0.0006927156475445
 8503.1   0.0007041796938480
 8504.0   0.0007190408750846
 8504.9   0.0007324466884806
 8505.8   0.0007446838765784
 8506.7   0.0007554263954611
 8507.6   0.0007624178880719
 8508.5   0.0007643233246588
 8509.4   0.0007610343221962
 8510.3   0.0007547107381910
 8511.2   0.0007488819649341
 8512.1   0.0007402802971559
 8513.0   0.0007208061797212
 8513.9   0.0006956515103338
 8514.8   0.0006870798018002
 8515.7   0.0007031855623575
 8516.6   0.0007232583993660
 8517.5   0.0007313628940181
 8518.4   0.0007346420174467
 8519.3   0.0007407838057495
 8520.2   0.0007451745352689
 8521.1   0.0007451499450647
 8522.0   0.0007448335296266
 8522.9   0.0007452598672151
 8523.8   0.0007433343862114
 8524.7   0.0007354271143039
 8525.6   0.0007231573540287
 8526.5   0.0007160737644810
 8527.4   0.0007209389381895
 8528.3   0.0007314058463400
 8529.2   0.0007368940076842
 8530.1   0.0007361720149466
 8531.0   0.0007337117417415
 8531.9   0.0007318265643331
 8532.8   0.0007305527058462
 8533.7   0.0007269419546989
 8534.6   0.0007163049553536
 8535.5   0.0006971468954210
 8536.4   0.0006728121500651
 8537.3   0.0006444919303470
 8538.2   0.0006106077026429
 8539.1   0.0005662710631970
 8540.0   0.0005012665897034
 8540.9   0.0004165796442203
 8541.8   0.0003519048441148
 8542.7   0.0003596716476122
 8543.6   0.0004337149361401
 8544.5   0.0005221004344752
 8545.4   0.0005894086557541
 8546.3   0.0006315180383413
 8547.2   0.0006564893013142
 8548.1   0.0006732914263904
 8549.0   0.0006885782293434
 8549.9   0.0007024927771988
 8550.8   0.0007151103796943
 8551.7   0.0007284529457963
 8552.6   0.0007389427260582
 8553.5   0.0007398387114931
 8554.4   0.0007300015559690
 8555.3   0.0007148008366277
 8556.2   0.0007051607606739
 8557.1   0.0007108482565853
 8558.0   0.0007267404725156
 8558.9   0.0007375995711587
 8559.8   0.0007387968313382
 8560.7   0.0007360822088002
 8561.6   0.0007350212506555
 8562.5   0.0007376615656766
 8563.4   0.0007408469814563
 8564.3   0.0007417746442286
 8565.2   0.0007424092647847
 8566.1   0.0007437921863756
 8567.0   0.0007441368071717
 8567.9   0.0007435354030779
 8568.8   0.0007438414025778
 8569.7   0.0007449757376057
 8570.6   0.0007443102987586
 8571.5   0.0007411447842215
 8572.4   0.0007390644600972
 8573.3   0.0007394271566621
 8574.2   0.0007405377963257
 8575.1   0.0007427446150380
 8576.0   0.0007472231104686
 8576.9   0.0007527922727331
 8577.8   0.0007570802030289
 8578.7   0.0007591003939024
 8579.6   0.0007581263068288
 8580.5   0.0007497298437685
 8581.4   0.0007322772057771
 8582.3   0.0007182584269539
 8583.2   0.0007209848971740
 8584.1   0.0007330772643597
 8585.0   0.0007403254328875
 8585.9   0.0007423444067787
 8586.8   0.0007441645472130
 8587.7   0.0007453186045153
 8588.6   0.0007446589642317
 8589.5   0.0007431960797348
 8590.4   0.0007402325842850
 8591.3   0.0007345440503592
 8592.2   0.0007288532614364
 8593.1   0.0007287532899072
 8594.0   0.0007338199815927
 8594.9   0.0007343603218022
 8595.8   0.0007265934324002
 8596.7   0.0007181074137488
 8597.6   0.0007145599814827
 8598.5   0.0007171453533253
 8599.4   0.0007272656004444
 8600.3   0.0007402725657380
 8601.2   0.0007459654664832
 8602.1   0.0007421802573218
 8603.0   0.0007359059611060
 8603.9   0.0007324390286498
 8604.8   0.0007318298215508
 8605.7   0.0007322904852033
 8606.6   0.0007333321148030
 8607.5   0.0007356362563180
 8608.4   0.0007366051533194
 8609.3   0.0007304167259538
 8610.2   0.0007158961208363
 8611.1   0.0007011469019855
 8612.0   0.0006990231244289
 8612.9   0.0007111282699305
 8613.8   0.0007247276909175
 8614.7   0.0007324087114693
 8615.6   0.0007352031537388
 8616.5   0.0007371773498343
 8617.4   0.0007409889030865
 8618.3   0.0007438736526129
 8619.2   0.0007433037468884
 8620.1   0.0007369529597460
 8621.0   0.0007249274908016
 8621.9   0.0007177925732292
 8622.8   0.0007243837501999
 8623.7   0.0007379993141012
 8624.6   0.0007469287080955
 8625.5   0.0007477892578649
 8626.4   0.0007454870492044
 8627.3   0.0007446911784731
 8628.2   0.0007442805900693
 8629.1   0.0007426968305799
 8630.0   0.0007410492153052
 8630.9   0.0007381333253455
 8631.8   0.0007337911677434
 8632.7   0.0007312548689285
 8633.6   0.0007314415683544
 8634.5   0.0007346898734920
 8635.4   0.0007401664735029
 8636.3   0.0007439894091204
 8637.2   0.0007457240744341
 8638.1   0.0007472017416884
 8639.0   0.0007478321028060
 8639.9   0.0007467130874396
 8640.8   0.0007431326534728
 8641.7   0.0007377567050696
 8642.6   0.0007350013136195
 8643.5   0.0007373726039310
 8644.4   0.0007412797618930
 8645.3   0.0007412916811624
 8646.2   0.0007347551968149
 8647.1   0.0007209795997209
 8648.0   0.0007048992884143
 8648.9   0.0006999827150939
 8649.8   0.0007098759591918
 8650.7   0.0007216560272037
 8651.6   0.0007258770234645
 8652.5   0.0007236752516500
 8653.4   0.0007186194770131
 8654.3   0.0007137925666646
 8655.2   0.0007104897478718
 8656.1   0.0007045073126833
 8657.0   0.0006913654770990
 8657.9   0.0006691650326186
 8658.8   0.0006328228582936
 8659.7   0.0005716049183247
 8660.6   0.0004831441102519
 8661.5   0.0003968107664766
 8662.4   0.0003714542569698
 8663.3   0.0004296521833920
 8664.2   0.0005215051510872
 8665.1   0.0005967317044964
 8666.0   0.0006446876497605
 8666.9   0.0006718876729233
 8667.8   0.0006873716986211
 8668.7   0.0006982564970702
 8669.6   0.0007063860472434
 8670.5   0.0007095012359768
 8671.4   0.0007090605093604
 8672.3   0.0007071073599026
 8673.2   0.0006992387450849
 8674.1   0.0006851116906169
 8675.0   0.0006814045115069
 8675.9   0.0006986305044131
 8676.8   0.0007196198723838
 8677.7   0.0007252863574511
 8678.6   0.0007160447000765
 8679.5   0.0007045154378309
 8680.4   0.0007023682154653
 8681.3   0.0007086874684447
 8682.2   0.0007145302369997
 8683.1   0.0007194240813831
 8684.0   0.0007266338075828
 8684.9   0.0007295422166798
 8685.8   0.0007203032080317
 8686.7   0.0006980744866061
 8687.6   0.0006666820304765
 8688.5   0.0006444706331540
 8689.4   0.0006541405967652
 8690.3   0.0006859112122956
 8691.2   0.0007107375827692
 8692.1   0.0007202625822939
 8693.0   0.0007228943426442
 8693.9   0.0007240452859033
 8694.8   0.0007262988152656
 8695.7   0.0007305149435965
 8696.6   0.0007323412047367
 8697.5   0.0007266339865508
 8698.4   0.0007152295008004
 8699.3   0.0007085968390455
 8700.2   0.0007130992803955
 8701.1   0.0007207409637791
 8702.0   0.0007229235144295
 8702.9   0.0007224966757306
 8703.8   0.0007254521176200
 8704.7   0.0007312452046561
 8705.6   0.0007349601867712
 8706.5   0.0007347993661193
 8707.4   0.0007330349921163
 8708.3   0.0007283880519966
 8709.2   0.0007177203059476
 8710.1   0.0007069924982351
 8711.0   0.0007032822766690
 8711.9   0.0007007178440833
 8712.8   0.0006980985757000
 8713.7   0.0007067586586359
 8714.6   0.0007242064644912
 8715.5   0.0007347993303257
 8716.4   0.0007325680287900
 8717.3   0.0007248874019678
 8718.2   0.0007233975290953
 8719.1   0.0007305945485665
 8720.0   0.0007379769431002
 8720.9   0.0007410389783352
 8721.8   0.0007413798050095
 8722.7   0.0007385734792642
 8723.6   0.0007336793485320
 8724.5   0.0007309992668196
 8725.4   0.0007303106337187
 8726.3   0.0007250839446341
 8727.2   0.0007117690111925
 8728.1   0.0006981608923603
 8729.0   0.0006964183882479
 8729.9   0.0007069785745241
 8730.8   0.0007203614800151
 8731.7   0.0007301180999357
 8732.6   0.0007341066525478
 8733.5   0.0007316363929279
 8734.4   0.0007219239423116
 8735.3   0.0007081589401236
 8736.2   0.0007027065365875
 8737.1   0.0007119362746927
 8738.0   0.0007251824486257
 8738.9   0.0007316935553096
 8739.8   0.0007295400332701
 8740.7   0.0007205236250303
 8741.6   0.0007102372598062
 8742.5   0.0007075053847523
 8743.4   0.0007150781296592
 8744.3   0.0007238202873237
 8745.2   0.0007255293960059
 8746.1   0.0007212098241663
 8747.0   0.0007159297310282
 8747.9   0.0007143954025026
 8748.8   0.0007141216888312
 8749.7   0.0007064610706324
 8750.6   0.0006904209913339
 8751.5   0.0006785985079041
 8752.4   0.0006849858403137
 8753.3   0.0007054723081821
 8754.2   0.0007221595715908
 8755.1   0.0007242141959091
 8756.0   0.0007127202619483
 8756.9   0.0007009719786546
 8757.8   0.0007048612756094
 8758.7   0.0007200885538030
 8759.6   0.0007314255686145
 8760.5   0.0007353173711215
 8761.4   0.0007335803076364
 8762.3   0.0007244844376011
 8763.2   0.0007099890669728
 8764.1   0.0007016337307607
 8765.0   0.0007055763243883
 8765.9   0.0007124565704854
 8766.8   0.0007170329972099
 8767.7   0.0007233203938839
 8768.6   0.0007289232021339
 8769.5   0.0007277740843486
 8770.4   0.0007208433334797
 8771.3   0.0007106917669591
 8772.2   0.0006966277808171
 8773.1   0.0006851837073433
 8774.0   0.0006888303952666
 8774.9   0.0007063798549504
 8775.8   0.0007231907852526
 8776.7   0.0007304792931693
 8777.6   0.0007287050759259
 8778.5   0.0007229975713912
 8779.4   0.0007196861621340
 8780.3   0.0007206995863757
 8781.2   0.0007247299817080
 8782.1   0.0007281242889465
 8783.0   0.0007259401991713
 8783.9   0.0007198017396735
 8784.8   0.0007182146155855
 8785.7   0.0007244207249903
 8786.6   0.0007313829026414
 8787.5   0.0007319357348179
 8788.4   0.0007238452712576
 8789.3   0.0007082470281771
 8790.2   0.0006950608443205
 8791.1   0.0006936295655738
 8792.0   0.0006940543640374
 8792.9   0.0006889685227751
 8793.8   0.0006914397130287
 8794.7   0.0007034888057502
 8795.6   0.0007102041507247
 8796.5   0.0007100885373916
 8797.4   0.0007126629563922
 8798.3   0.0007190773845582
 8799.2   0.0007246707790910
 8800.1   0.0007271726802547
 8801.0   0.0007271112942280
 8801.9   0.0007248444138523
 8802.8   0.0007172501211971
 8803.7   0.0007000969682702
 8804.6   0.0006747889233000
 8805.5   0.0006432595566443
 8806.4   0.0006153787749729
 8807.3   0.0006167701796474
 8808.2   0.0006491651071766
 8809.1   0.0006851554303980
 8810.0   0.0007097342165295
 8810.9   0.0007235635040259
 8811.8   0.0007279441397497
 8812.7   0.0007263169626216
 8813.6   0.0007249361886468
 8814.5   0.0007259100967523
 8815.4   0.0007265709898120
 8816.3   0.0007252340272056
 8817.2   0.0007236524511258
 8818.1   0.0007224307797101
 8819.0   0.0007208059291660
 8819.9   0.0007202447928739
 8820.8   0.0007206029794450
 8821.7   0.0007166585245501
 8822.6   0.0007021241031024
 8823.5   0.0006797780502508
 8824.4   0.0006700577608358
 8825.3   0.0006859292522708
 8826.2   0.0007085252160487
 8827.1   0.0007189371094336
 8828.0   0.0007205603492655
 8828.9   0.0007222932964864
 8829.8   0.0007254453168357
 8830.7   0.0007270233851425
 8831.6   0.0007257963088929
 8832.5   0.0007225778914126
 8833.4   0.0007198530676982
 8834.3   0.0007192459366280
 8835.2   0.0007177374510828
 8836.1   0.0007115627684602
 8837.0   0.0007006630440793
 8837.9   0.0006892248765497
 8838.8   0.0006880778347932
 8839.7   0.0007005273505356
 8840.6   0.0007130835312108
 8841.5   0.0007172038400703
 8842.4   0.0007174252950833
 8843.3   0.0007186291412855
 8844.2   0.0007201526243498
 8845.1   0.0007182980146772
 8846.0   0.0007125114778702
 8846.9   0.0007093038342640
 8847.8   0.0007135185666445
 8848.7   0.0007204766638250
 8849.6   0.0007248859702237
 8850.5   0.0007262684264978
 8851.4   0.0007255519101813
 8852.3   0.0007240809363304
 8853.2   0.0007228890809848
 8854.1   0.0007221768241068
 8855.0   0.0007219133831991
 8855.9   0.0007219500716407
 8856.8   0.0007222246801521
 8857.7   0.0007218687485779
 8858.6   0.0007193867844503
 8859.5   0.0007139959817025
 8860.4   0.0007043671807331
 8861.3   0.0006882069423141
 8862.2   0.0006714978448085
 8863.1   0.0006683364107419
 8864.0   0.0006800178315878
 8864.9   0.0006901632774025
 8865.8   0.0006853409128415
 8866.7   0.0006718282555447
 8867.6   0.0006677455657605
 8868.5   0.0006798259062961
 8869.4   0.0006990244487922
 8870.3   0.0007141804619250
 8871.2   0.0007214344648099
 8872.1   0.0007230379465738
 8873.0   0.0007212992365831
 8873.9   0.0007172667652219
 8874.8   0.0007116828917871
 8875.7   0.0007057443395542
 8876.6   0.0007024577352628
 8877.5   0.0007014924534152
 8878.4   0.0007013463439336
 8879.3   0.0007053507889047
 8880.2   0.0007121061511259
 8881.1   0.0007149206378123
 8882.0   0.0007122029012310
 8882.9   0.0007071607639562
 8883.8   0.0007046316596552
 8884.7   0.0007078210843183
 8885.6   0.0007136549760601
 8886.5   0.0007174106555003
 8887.4   0.0007191812217964
 8888.3   0.0007205733065493
 8889.2   0.0007203070379471
 8890.1   0.0007158450433668
 8891.0   0.0007073014328104
 8891.9   0.0006988928357192
 8892.8   0.0006975423789249
 8893.7   0.0007053370799553
 8894.6   0.0007144939422877
 8895.5   0.0007183204214718
 8896.4   0.0007175696864721
 8897.3   0.0007142637894295
 8898.2   0.0007100500950635
 8899.1   0.0007086587261826
 8900.0   0.0007127918849451
 8900.9   0.0007184947005179
 8901.8   0.0007193775854947
 8902.7   0.0007153135441769
 8903.6   0.0007116704714073
 8904.5   0.0007110883242711
 8905.4   0.0007114936510155
 8906.3   0.0007124800510880
 8907.2   0.0007142863393985
 8908.1   0.0007143483339165
 8909.0   0.0007125843178495
 8909.9   0.0007097254828907
 8910.8   0.0007020746363451
 8911.7   0.0006907691914902
 8912.6   0.0006872828231084
 8913.5   0.0006957988010044
 8914.4   0.0007058857600740
 8915.3   0.0007101082238725
 8916.2   0.0007102417698000
 8917.1   0.0007090158747392
 8918.0   0.0007058670400204
 8918.9   0.0006996885274825
 8919.8   0.0006949137684115
 8920.7   0.0006974778430612
 8921.6   0.0007022294078783
 8922.5   0.0007000866955065
 8923.4   0.0006941170386338
 8924.3   0.0006910915844597
 8925.2   0.0006890416491032
 8926.1   0.0006837392207576
 8927.0   0.0006773980978877
 8927.9   0.0006774694703292
 8928.8   0.0006854355153305
 8929.7   0.0006950806381821
 8930.6   0.0007010187966854
 8931.5   0.0007029270251732
 8932.4   0.0007047085801050
 8933.3   0.0007080238192776
 8934.2   0.0007116629547510
 8935.1   0.0007152151833597
 8936.0   0.0007175454542038
 8936.9   0.0007173037042187
 8937.8   0.0007153528455514
 8938.7   0.0007121344638647
 8939.6   0.0007076342417180
 8940.5   0.0007039735942901
 8941.4   0.0007003619840963
 8942.3   0.0006925183174189
 8943.2   0.0006836265424998
 8944.1   0.0006778022076496
 8945.0   0.0006715730113718
 8945.9   0.0006670527806018
 8946.8   0.0006705992464406
 8947.7   0.0006801226710469
 8948.6   0.0006878889161640
 8949.5   0.0006927928185495
 8950.4   0.0006992147991654
 8951.3   0.0007064822604445
 8952.2   0.0007103626805862
 8953.1   0.0007098963257511
 8954.0   0.0007073879459455
 8954.9   0.0007057582274716
 8955.8   0.0007069480783755
 8956.7   0.0007100069279800
 8957.6   0.0007122343280131
 8958.5   0.0007114025562995
 8959.4   0.0007071927634360
 8960.3   0.0007026481930169
 8961.2   0.0007010475389475
 8962.1   0.0007020500461408
 8963.0   0.0007033405844460
 8963.9   0.0007021057409848
 8964.8   0.0006962395992079
 8965.7   0.0006885614779379
 8966.6   0.0006843820022549
 8967.5   0.0006844981882857
 8968.4   0.0006885739341112
 8969.3   0.0006958234627959
 8970.2   0.0007019258781369
 8971.1   0.0007047288034899
 8972.0   0.0007055927536515
 8972.9   0.0007043426979096
 8973.8   0.0006976505829825
 8974.7   0.0006851442985879
 8975.6   0.0006767029145576
 8976.5   0.0006799280970287
 8977.4   0.0006877238360735
 8978.3   0.0006921655714753
 8979.2   0.0006945656398425
 8980.1   0.0006988163805862
 8981.0   0.0007042048925435
 8981.9   0.0007071285139211
 8982.8   0.0007053969984444
 8983.7   0.0006990602066002
 8984.6   0.0006917105274183
 8985.5   0.0006888861616979
 8986.4   0.0006914018791918
 8987.3   0.0006953224239609
 8988.2   0.0006976762827884
 8989.1   0.0006970757735346
 8990.0   0.0006938573202607
 8990.9   0.0006909609736075
 8991.8   0.0006916798880953
 8992.7   0.0006963301570199
 8993.6   0.0007013957391038
 8994.5   0.0007047620199522
 8995.4   0.0007077709732760
 8996.3   0.0007085914342116
 8997.2   0.0007013035347861
 8998.1   0.0006832687138648
 8999.0   0.0006631150549039
 8999.9   0.0006596791555004
 9000.8   0.0006769108753829
 9001.7   0.0006951710886133
 9002.6   0.0007014505033142
 9003.5   0.0007007194547954
 9004.4   0.0006987967298989
 9005.3   0.0006947059507607
 9006.2   0.0006872037192489
 9007.1   0.0006772286151842
 9008.0   0.0006659706326450
 9008.9   0.0006547193435093
 9009.8   0.0006459484793764
 9010.7   0.0006422767717256
 9011.6   0.0006425238907509
 9012.5   0.0006436224321772
 9013.4   0.0006434433925821
 9014.3   0.0006422987847905
 9015.2   0.0006436120878264
 9016.1   0.0006485072207794
 9017.0   0.0006573531798885
 9017.9   0.0006698108923656
 9018.8   0.0006792270435480
 9019.7   0.0006799759530740
 9020.6   0.0006733343071251
 9021.5   0.0006658195120591
 9022.4   0.0006646755485523
 9023.3   0.0006657070127693
 9024.2   0.0006638525104774
 9025.1   0.0006671516425293
 9026.0   0.0006778417953729
 9026.9   0.0006871293043512
 9027.8   0.0006917196905803
 9028.7   0.0006930757669700
 9029.6   0.0006907795358410
 9030.5   0.0006880116524239
 9031.4   0.0006910311290666
 9032.3   0.0006983877522072
 9033.2   0.0007033894785058
 9034.1   0.0007030656179986
 9035.0   0.0006984897639717
 9035.9   0.0006937570981762
 9036.8   0.0006925521423724
 9037.7   0.0006935419786307
 9038.6   0.0006949033882671
 9039.5   0.0006975241599817
 9040.4   0.0007009189325370
 9041.3   0.0007032890416597
 9042.2   0.0007038569429425
 9043.1   0.0007029932433362
 9044.0   0.0007018620581452
 9044.9   0.0007009106642150
 9045.8   0.0006996991939757
 9046.7   0.0006977508050669
 9047.6   0.0006947250645440
 9048.5   0.0006919824872032
 9049.4   0.0006911882271839
 9050.3   0.0006907378005016
 9051.2   0.0006896389011392
 9052.1   0.0006909573942473
 9053.0   0.0006953273634779
 9053.9   0.0006990564124784
 9054.8   0.0007001911412359
 9055.7   0.0007001489047861
 9056.6   0.0006997801233089
 9057.5   0.0006977669479812
 9058.4   0.0006941653599959
 9059.3   0.0006889844509278
 9060.2   0.0006772379215206
 9061.1   0.0006576660875535
 9062.0   0.0006449527013802
 9062.9   0.0006529843202595
 9063.8   0.0006727776092396
 9064.7   0.0006877335719332
 9065.6   0.0006933720664040
 9066.5   0.0006933780081418
 9067.4   0.0006911327828951
 9068.3   0.0006871646684295
 9069.2   0.0006821493405623
 9070.1   0.0006791321547102
 9071.0   0.0006811540994702
 9071.9   0.0006868217299327
 9072.8   0.0006914282948698
 9073.7   0.0006931719801711
 9074.6   0.0006935410479971
 9075.5   0.0006927133567540
 9076.4   0.0006873032254613
 9077.3   0.0006734843896965
 9078.2   0.0006549427313768
 9079.1   0.0006423973961629
 9080.0   0.0006442196484197
 9080.9   0.0006601650178483
 9081.8   0.0006790501873625
 9082.7   0.0006893149690449
 9083.6   0.0006899093933864
 9084.5   0.0006863472141565
 9085.4   0.0006818263748952
 9086.3   0.0006722750312797
 9087.2   0.0006515931661403
 9088.1   0.0006256183937533
 9089.0   0.0006157283710796
 9089.9   0.0006317015163430
 9090.8   0.0006566458625275
 9091.7   0.0006733534567019
 9092.6   0.0006778982418827
 9093.5   0.0006701649268789
 9094.4   0.0006578210380548
 9095.3   0.0006575231994960
 9096.2   0.0006709521713523
 9097.1   0.0006814947829701
 9098.0   0.0006804636766892
 9098.9   0.0006724794485384
 9099.8   0.0006648153941537
 9100.7   0.0006640796924667
 9101.6   0.0006707531589274
 9102.5   0.0006761139308435
 9103.4   0.0006761050540303
 9104.3   0.0006752535242486
 9105.2   0.0006745319968278
 9106.1   0.0006718620089110
 9107.0   0.0006695839251380
 9107.9   0.0006708276454123
 9108.8   0.0006740185376130
 9109.7   0.0006736961804371
 9110.6   0.0006653181510816
 9111.5   0.0006543018827340
 9112.4   0.0006542746795968
 9113.3   0.0006659981579246
 9114.2   0.0006748666312090
 9115.1   0.0006714022400986
 9116.0   0.0006579956034497
 9116.9   0.0006441773045890
 9117.8   0.0006374604920768
 9118.7   0.0006399302863799
 9119.6   0.0006529172788438
 9120.5   0.0006703171928601
 9121.4   0.0006811368469543
 9122.3   0.0006836762598125
 9123.2   0.0006831649482138
 9124.1   0.0006831206357350
 9125.0   0.0006840526653267
 9125.9   0.0006850128644829
 9126.8   0.0006849371968092
 9127.7   0.0006827997103032
 9128.6   0.0006790863389001
 9129.5   0.0006761393443007
 9130.4   0.0006757686299690
 9131.3   0.0006775940320628
 9132.2   0.0006798420134168
 9133.1   0.0006817338126415
 9134.0   0.0006826824862580
 9134.9   0.0006807308759251
 9135.8   0.0006762029137371
 9136.7   0.0006735972469223
 9137.6   0.0006748817719025
 9138.5   0.0006736487539150
 9139.4   0.0006614377309400
 9140.3   0.0006412900495106
 9141.2   0.0006291548731773
 9142.1   0.0006330631765346
 9143.0   0.0006436464138903
 9143.9   0.0006497191205420
 9144.8   0.0006472313220572
 9145.7   0.0006386066031996
 9146.6   0.0006311479325009
 9147.5   0.0006311163267507
 9148.4   0.0006390965460181
 9149.3   0.0006509579012993
 9150.2   0.0006595893851476
 9151.1   0.0006607920501609
 9152.0   0.0006582073941903
 9152.9   0.0006543235378629
 9153.8   0.0006496458510395
 9154.7   0.0006471760209428
 9155.6   0.0006448644343587
 9156.5   0.0006424363753950
 9157.4   0.0006468308990363
 9158.3   0.0006553780173657
 9159.2   0.0006583911227473
 9160.1   0.0006581753589169
 9161.0   0.0006604801447167
 9161.9   0.0006596745381258
 9162.8   0.0006508025928620
 9163.7   0.0006413736275703
 9164.6   0.0006416766204077
 9165.5   0.0006490974930632
 9166.4   0.0006499066790143
 9167.3   0.0006369288139188
 9168.2   0.0006180788653086
 9169.1   0.0006067494387406
 9170.0   0.0006063037010201
 9170.9   0.0006098246102274
 9171.8   0.0006093828455966
 9172.7   0.0006053694522251
 9173.6   0.0006065884749143
 9174.5   0.0006174151087608
 9175.4   0.0006294887200993
 9176.3   0.0006352957308464
 9177.2   0.0006375650809806
 9178.1   0.0006392423691510
 9179.0   0.0006424069530545
 9179.9   0.0006459057060225
 9180.8   0.0006438251313430
 9181.7   0.0006389587048584
 9182.6   0.0006389180791206
 9183.5   0.0006434180149186
 9184.4   0.0006492798972569
 9185.3   0.0006535684718374
 9186.2   0.0006516787486417
 9187.1   0.0006420292589706
 9188.0   0.0006301044416338
 9188.9   0.0006233585289235
 9189.8   0.0006247120639675
 9190.7   0.0006294942681076
 9191.6   0.0006292119281783
 9192.5   0.0006239989122495
 9193.4   0.0006242073025979
 9194.3   0.0006326660823186
 9195.2   0.0006405394576853
 9196.1   0.0006408792463452
 9197.0   0.0006337622255736
 9197.9   0.0006245495610163
 9198.8   0.0006198673284055
 9199.7   0.0006234464380090
 9200.6   0.0006309204641628
 9201.5   0.0006340075191253
 9202.4   0.0006326281768945
 9203.3   0.0006304870036476
 9204.2   0.0006277360863976
 9205.1   0.0006271703685245
 9206.0   0.0006316954672244
 9206.9   0.0006374729124566
 9207.8   0.0006387174917773
 9208.7   0.0006301802166884
 9209.6   0.0006132879991170
 9210.5   0.0005989771802984
 9211.4   0.0005935364096828
 9212.3   0.0005930268877642
 9213.2   0.0005957041417821
 9214.1   0.0006034069248436
 9215.0   0.0006151366670517
 9215.9   0.0006233108518462
 9216.8   0.0006165337271153
 9217.7   0.0006020644500225
 9218.6   0.0006022898423317
 9219.5   0.0006209115709382
 9220.4   0.0006431608020976
 9221.3   0.0006580612847087
 9222.2   0.0006596664845654
 9223.1   0.0006429067749071
 9224.0   0.0006149982531944
 9224.9   0.0005990713174706
 9225.8   0.0006056826462389
 9226.7   0.0006155847671500
 9227.6   0.0006105349342509
 9228.5   0.0005981107245848
 9229.4   0.0005926302588650
 9230.3   0.0005956084654850
 9231.2   0.0006030572571497
 9232.1   0.0006140090612209
 9233.0   0.0006277797903852
 9233.9   0.0006395141499679
 9234.8   0.0006409428157816
 9235.7   0.0006308291904788
 9236.6   0.0006187599817532
 9237.5   0.0006134539024603
 9238.4   0.0006170824788212
 9239.3   0.0006243530541436
 9240.2   0.0006263222391349
 9241.1   0.0006206192803876
 9242.0   0.0006180477964624
 9242.9   0.0006268184458337
 9243.8   0.0006352154457981
 9244.7   0.0006320661457624
 9245.6   0.0006229057756570
 9246.5   0.0006166040973360
 9247.4   0.0006161352011552
 9248.3   0.0006191652727040
 9249.2   0.0006248351939570
 9250.1   0.0006340424178868
 9251.0   0.0006405295070641
 9251.9   0.0006380618245835
 9252.8   0.0006316743132058
 9253.7   0.0006262341152878
 9254.6   0.0006152487368183
 9255.5   0.0006017770989890
 9256.4   0.0006006963111890
 9257.3   0.0006057771771407
 9258.2   0.0006060925903579
 9259.1   0.0006118801293857
 9260.0   0.0006270773409540
 9260.9   0.0006397497792471
 9261.8   0.0006394940697574
 9262.7   0.0006269144442732
 9263.6   0.0006186251830496
 9264.5   0.0006279085399701
 9265.4   0.0006436599438717
 9266.3   0.0006512277850553
 9267.2   0.0006514936957214
 9268.1   0.0006479982715585
 9269.0   0.0006402419412689
 9269.9   0.0006319976368090
 9270.8   0.0006286685455126
 9271.7   0.0006310451332771
 9272.6   0.0006375469694182
 9273.5   0.0006468503349620
 9274.4   0.0006545060494374
 9275.3   0.0006548288361365
 9276.2   0.0006482682984888
 9277.1   0.0006376197378103
 9278.0   0.0006242569841169
 9278.9   0.0006154149265105
 9279.8   0.0006185632601189
 9280.7   0.0006272785367885
 9281.6   0.0006326358009317
 9282.5   0.0006379884119066
 9283.4   0.0006455526021428
 9284.3   0.0006483724220758
 9285.2   0.0006412766627036
 9286.1   0.0006266470660693
 9287.0   0.0006150853748207
 9287.9   0.0006138764101335
 9288.8   0.0006170841253269
 9289.7   0.0006185955459475
 9290.6   0.0006213799302150
 9291.5   0.0006303069260380
 9292.4   0.0006422590180992
 9293.3   0.0006472583104328
 9294.2   0.0006409215185887
 9295.1   0.0006263542028211
 9296.0   0.0006109390798064
 9296.9   0.0006072228091216
 9297.8   0.0006200218851772
 9298.7   0.0006372430459472
 9299.6   0.0006452058695242
 9300.5   0.0006444779350488
 9301.4   0.0006442659295466
 9302.3   0.0006485217887753
 9303.2   0.0006509527828143
 9304.1   0.0006454192709769
 9305.0   0.0006348848918874
 9305.9   0.0006236487076516
 9306.8   0.0006146331942518
 9307.7   0.0006153036799967
 9308.6   0.0006261563715852
 9309.5   0.0006341123943779
 9310.4   0.0006311125684225
 9311.3   0.0006256455968905
 9312.2   0.0006284301601260
 9313.1   0.0006349838969894
 9314.0   0.0006342577521940
 9314.9   0.0006274517420266
 9315.8   0.0006205158368791
 9316.7   0.0006120333260005
 9317.6   0.0006067104595085
 9318.5   0.0006147963772815
 9319.4   0.0006301263473180
 9320.3   0.0006371470117141
 9321.2   0.0006310426635186
 9322.1   0.0006194876656735
 9323.0   0.0006124604868419
 9323.9   0.0006118379645231
 9324.8   0.0006166882838869
 9325.7   0.0006237404824460
 9326.6   0.0006240152699254
 9327.5   0.0006184245599127
 9328.4   0.0006184336156939
 9329.3   0.0006272506177793
 9330.2   0.0006376287577979
 9331.1   0.0006409443549065
 9332.0   0.0006316213028819
 9332.9   0.0006128294830806
 9333.8   0.0005998765303319
 9334.7   0.0006042568797069
 9335.6   0.0006193597035478
 9336.5   0.0006307135413520
 9337.4   0.0006312172289136
 9338.3   0.0006272349401818
 9339.2   0.0006269034556375
 9340.1   0.0006282170092285
 9341.0   0.0006288296883069
 9341.9   0.0006288461175700
 9342.8   0.0006239964782846
 9343.7   0.0006119409427148
 9344.6   0.0005991075048018
 9345.5   0.0005976853176299
 9346.4   0.0006109848598228
 9347.3   0.0006255920854561
 9348.2   0.0006274598671742
 9349.1   0.0006171187377396
 9350.0   0.0006073636927375
 9350.9   0.0006081504361004
 9351.8   0.0006159931721441
 9352.7   0.0006244302609422
 9353.6   0.0006303368494889
 9354.5   0.0006267466438689
 9355.4   0.0006095583058316
 9356.3   0.0005873137636340
 9357.2   0.0005769406347197
 9358.1   0.0005836997910626
 9359.0   0.0005956622274746
 9359.9   0.0006034586108043
 9360.8   0.0006057854096691
 9361.7   0.0006049916865539
 9362.6   0.0006074312352637
 9363.5   0.0006149752379086
 9364.4   0.0006215869962002
 9365.3   0.0006254187012501
 9366.2   0.0006263692719274
 9367.1   0.0006192927695128
 9368.0   0.0006070895853365
 9368.9   0.0006028775016826
 9369.8   0.0006092993749177
 9370.7   0.0006156350929538
 9371.6   0.0006135233420474
 9372.5   0.0006055028191846
 9373.4   0.0006025006666451
 9374.3   0.0006080967099044
 9375.2   0.0006163205404242
 9376.1   0.0006222057959844
 9377.0   0.0006231875070951
 9377.9   0.0006193929558037
 9378.8   0.0006106622520917
 9379.7   0.0005969404885745
 9380.6   0.0005864682829710
 9381.5   0.0005871440661689
 9382.4   0.0005939516870484
 9383.3   0.0005990403917988
 9384.2   0.0006017383703120
 9385.1   0.0006034653400014
 9386.0   0.0006040696791706
 9386.9   0.0006042195469805
 9387.8   0.0006072417081433
 9388.7   0.0006130666872784
 9389.6   0.0006158159222291
 9390.5   0.0006132272931687
 9391.4   0.0006084078636830
 9392.3   0.0006033635429985
 9393.2   0.0006005649486712
 9394.1   0.0006030497046998
 9395.0   0.0006093390342283
 9395.9   0.0006128626279557
 9396.8   0.0006107602191793
 9397.7   0.0006090254464848
 9398.6   0.0006115401259643
 9399.5   0.0006136959745879
 9400.4   0.0006127312654379
 9401.3   0.0006131592495321
 9402.2   0.0006166273273834
 9403.1   0.0006144675414637
 9404.0   0.0006002128828060
 9404.9   0.0005825005264414
 9405.8   0.0005759176893799
 9406.7   0.0005839159844162
 9407.6   0.0005973353635872
 9408.5   0.0006044493419027
 9409.4   0.0005985821979049
 9410.3   0.0005856358669724
 9411.2   0.0005773720549996
 9412.1   0.0005690051932478
 9413.0   0.0005514409150130
 9413.9   0.0005383075625123
 9414.8   0.0005464320657877
 9415.7   0.0005684690050961
 9416.6   0.0005844405754410
 9417.5   0.0005890533326712
 9418.4   0.0005925260994844
 9419.3   0.0005975689168376
 9420.2   0.0005979353001434
 9421.1   0.0005974628961897
 9422.0   0.0006043243506459
 9422.9   0.0006114313134154
 9423.8   0.0006079356744908
 9424.7   0.0005997712255560
 9425.6   0.0005982875091830
 9426.5   0.0006036416592828
 9427.4   0.0006107320854084
 9428.3   0.0006136429284703
 9429.2   0.0006065548289288
 9430.1   0.0005916421049060
 9431.0   0.0005777004255006
 9431.9   0.0005712920822468
 9432.8   0.0005766696413621
 9433.7   0.0005918174935537
 9434.6   0.0006042191890445
 9435.5   0.0006038926440172
 9436.4   0.0005913666731418
 9437.3   0.0005745813710583
 9438.2   0.0005639904380783
 9439.1   0.0005663621937066
 9440.0   0.0005786775908239
 9440.9   0.0005910791073466
 9441.8   0.0005986380359234
 9442.7   0.0006012504677288
 9443.6   0.0005989837305275
 9444.5   0.0005944160732354
 9445.4   0.0005901549523472
 9446.3   0.0005867869891995
 9447.2   0.0005871837254795
 9448.1   0.0005918981365381
 9449.0   0.0005969990469067
 9449.9   0.0006018134294946
 9450.8   0.0006030759414098
 9451.7   0.0005973383702497
 9452.6   0.0005900272049832
 9453.5   0.0005853186282816
 9454.4   0.0005827893092190
 9455.3   0.0005856048339199
 9456.2   0.0005954956440528
 9457.1   0.0006064882528299
 9458.0   0.0006112153348235
 9458.9   0.0006101401308254
 9459.8   0.0006101176882372
 9460.7   0.0006120322521925
 9461.6   0.0006084135548656
 9462.5   0.0005971336308487
 9463.4   0.0005881967201980
 9464.3   0.0005920450692726
 9465.2   0.0006042872326811
 9466.1   0.0006123431912095
 9467.0   0.0006130458911958
 9467.9   0.0006089239358307
 9468.8   0.0006004983009851
 9469.7   0.0005934368318832
 9470.6   0.0005959362632884
 9471.5   0.0006062609992534
 9472.4   0.0006144701543966
 9473.3   0.0006147552862268
 9474.2   0.0006122417521426
 9475.1   0.0006127157668084
 9476.0   0.0006116416724120
 9476.9   0.0006045764449819
 9477.8   0.0005968120611320
 9478.7   0.0005939603133064
 9479.6   0.0005964215171451
 9480.5   0.0006012940643355
 9481.4   0.0006060200725211
 9482.3   0.0006128359259289
 9483.2   0.0006189083820254
 9484.1   0.0006159113837645
 9485.0   0.0006060835345767
 9485.9   0.0005997358972713
 9486.8   0.0005993367986136
 9487.7   0.0006014911796995
 9488.6   0.0006077266756512
 9489.5   0.0006191232152221
 9490.4   0.0006279633757677
 9491.3   0.0006263658357417
 9492.2   0.0006157189573624
 9493.1   0.0006025613367997
 9494.0   0.0005922887879058
 9494.9   0.0005871500079068
 9495.8   0.0005864165970103
 9496.7   0.0005897803365130
 9497.6   0.0005993016135032
 9498.5   0.0006108658818912
 9499.4   0.0006152623741805
 9500.3   0.0006097001558747
 9501.2   0.0005988944970787
 9502.1   0.0005934148904054
 9503.0   0.0005986351724353
 9503.9   0.0006050281244403
 9504.8   0.0006067181909265
 9505.7   0.0006100847939173
 9506.6   0.0006177118377179
 9507.5   0.0006234671982979
 9508.4   0.0006210198107894
 9509.3   0.0006105288493386
 9510.2   0.0006010712849593
 9511.1   0.0006021464531637
 9512.0   0.0006089962746995
 9512.9   0.0006115489669839
 9513.8   0.0006119403700172
 9514.7   0.0006141271085190
 9515.6   0.0006148160995559
 9516.5   0.0006100483918245
 9517.4   0.0005991451238771
 9518.3   0.0005889423009191
 9519.2   0.0005866536580336
 9520.1   0.0005927673125655
 9521.0   0.0006072472561515
 9521.9   0.0006244183774665
 9522.8   0.0006330946033168
 9523.7   0.0006306241647289
 9524.6   0.0006210124373075
 9525.5   0.0006055666391762
 9526.4   0.0005895809303586
 9527.3   0.0005843899274948
 9528.2   0.0005897296885668
 9529.1   0.0005943973173881
 9530.0   0.0005993463912988
 9530.9   0.0006113782672979
 9531.8   0.0006245493104611
 9532.7   0.0006292670503247
 9533.6   0.0006220732522777
 9534.5   0.0006055743348005
 9535.4   0.0005907309787776
 9536.3   0.0005894075103589
 9537.2   0.0006019222062498
 9538.1   0.0006166904672966
 9539.0   0.0006222730521618
 9539.9   0.0006205577511865
 9540.8   0.0006187866837800
 9541.7   0.0006150726680921
 9542.6   0.0006046957808496
 9543.5   0.0005881294640206
 9544.4   0.0005692074628904
 9545.3   0.0005538792109467
 9546.2   0.0005520785422317
 9547.1   0.0005689764151922
 9548.0   0.0005926556007349
 9548.9   0.0006075716535627
 9549.8   0.0006093483047711
 9550.7   0.0006024424304553
 9551.6   0.0005930647931883
 9552.5   0.0005870494278863
 9553.4   0.0005898821335159
 9554.3   0.0005986420090132
 9555.2   0.0006039178427127
 9556.1   0.0006040377512780
 9557.0   0.0006069061431284
 9557.9   0.0006152666336191
 9558.8   0.0006212846834412
 9559.7   0.0006186641980754
 9560.6   0.0006100167144871
 9561.5   0.0006034558904906
 9562.4   0.0006028671931253
 9563.3   0.0006037699435509
 9564.2   0.0006048267496378
 9565.1   0.0006091051230419
 9566.0   0.0006148130928934
 9566.9   0.0006165240628429
 9567.8   0.0006100142089350
 9568.7   0.0005953003899562
 9569.6   0.0005807656821597
 9570.5   0.0005791697528457
 9571.4   0.0005907353455970
 9572.3   0.0006024898927710
 9573.2   0.0006055529302268
 9574.1   0.0006021677503567
 9575.0   0.0006015480199388
 9575.9   0.0006063562818208
 9576.8   0.0006097116456208
 9577.7   0.0006065581577338
 9578.6   0.0005983425597423
 9579.5   0.0005923833903948
 9580.4   0.0005944198315635
 9581.3   0.0006017490010117
 9582.2   0.0006076835085677
 9583.1   0.0006091539455145
 9584.0   0.0006083081427090
 9584.9   0.0006069758332707
 9585.8   0.0006045140567343
 9586.7   0.0005993540869231
 9587.6   0.0005927533888544
 9588.5   0.0005927600106707
 9589.4   0.0006015946590017
 9590.3   0.0006101939644022
 9591.2   0.0006136300427737
 9592.1   0.0006140659014603
 9593.0   0.0006140338303932
 9593.9   0.0006150638270725
 9594.8   0.0006139902695801
 9595.7   0.0006063739638600
 9596.6   0.0005966747210827
 9597.5   0.0005909157095554
 9598.4   0.0005866405933690
 9599.3   0.0005835526435665
 9600.2   0.0005880043653831
 9601.1   0.0005972506043387
 9602.0   0.0006008097053189
 9602.9   0.0005986401119523
 9603.8   0.0005972846798474
 9604.7   0.0005960723505616
 9605.6   0.0005927435456140
 9606.5   0.0005903360321777
 9607.4   0.0005897075681210
 9608.3   0.0005905408789595
 9609.2   0.0005969829397860
 9610.1   0.0006082738882322
 9611.0   0.0006167618755318
 9611.9   0.0006199860557820
 9612.8   0.0006206758700718
 9613.7   0.0006189950383348
 9614.6   0.0006135744195169
 9615.5   0.0006064279048176
 9616.4   0.0006014043086284
 9617.3   0.0006000260759993
 9618.2   0.0006014817301887
 9619.1   0.0006010916873122
 9620.0   0.0005954247011345
 9620.9   0.0005912740393009
 9621.8   0.0005950567429102
 9622.7   0.0005990187724635
 9623.6   0.0005931011952811
 9624.5   0.0005795453709008
 9625.4   0.0005688371780820
 9626.3   0.0005703383975261
 9627.2   0.0005849390371368
 9628.1   0.0006025149124985
 9629.0   0.0006132647690695
 9629.9   0.0006164619967377
 9630.8   0.0006148114105941
 9631.7   0.0006092496218115
 9632.6   0.0005988061584700
 9633.5   0.0005844288709333
 9634.4   0.0005739561642194
 9635.3   0.0005716069943536
 9636.2   0.0005702680988926
 9637.1   0.0005665391930665
 9638.0   0.0005674848242268
 9638.9   0.0005795247895799
 9639.8   0.0005961017013149
 9640.7   0.0006053054174718
 9641.6   0.0006044407872319
 9642.5   0.0005987783826352
 9643.4   0.0005938326733231
 9644.3   0.0005895748454463
 9645.2   0.0005835065772012
 9646.1   0.0005774888137280
 9647.0   0.0005761143394271
 9647.9   0.0005815136968457
 9648.8   0.0005899573000793
 9649.7   0.0005955232409197
 9650.6   0.0005976222135103
 9651.5   0.0005968143161289
 9652.4   0.0005915072704088
 9653.3   0.0005853931147665
 9654.2   0.0005844800915772
 9655.1   0.0005853374915096
 9656.0   0.0005822406291003
 9656.9   0.0005760035224365
 9657.8   0.0005691166903168
 9658.7   0.0005661785009433
 9659.6   0.0005714558379741
 9660.5   0.0005802451358118
 9661.4   0.0005850461673863
 9662.3   0.0005864377510288
 9663.2   0.0005868844551766
 9664.1   0.0005855065446899
 9665.0   0.0005846756320227
 9665.9   0.0005885403745668
 9666.8   0.0005959878060747
 9667.7   0.0006020151264395
 9668.6   0.0006021915173081
 9669.5   0.0005967294137059
 9670.4   0.0005921401012849
 9671.3   0.0005918071134093
 9672.2   0.0005905826142990
 9673.1   0.0005844528526464
 9674.0   0.0005744889161854
 9674.9   0.0005628939726809
 9675.8   0.0005581593382373
 9676.7   0.0005677744302573
 9677.6   0.0005825201771287
 9678.5   0.0005902614025183
 9679.4   0.0005917942277127
 9680.3   0.0005926261783944
 9681.2   0.0005942328457888
 9682.1   0.0005963857593371
 9683.0   0.0005982325302110
 9683.9   0.0005981227154413
 9684.8   0.0005962511396015
 9685.7   0.0005931623307526
 9686.6   0.0005883536035538
 9687.5   0.0005807433111587
 9688.4   0.0005717979532181
 9689.3   0.0005683492039115
 9690.2   0.0005738248017015
 9691.1   0.0005826364347467
 9692.0   0.0005867864522955
 9692.9   0.0005835463080990
 9693.8   0.0005793910646843
 9694.7   0.0005813366616922
 9695.6   0.0005873601521417
 9696.5   0.0005923195346096
 9697.4   0.0005937497395482
 9698.3   0.0005911796515735
 9699.2   0.0005866510093071
 9700.1   0.0005828223109197
 9701.0   0.0005788055887432
 9701.9   0.0005753837562251
 9702.8   0.0005771441929319
 9703.7   0.0005793195848620
 9704.6   0.0005724135673718
 9705.5   0.0005617626801091
 9706.4   0.0005621386203066
 9707.3   0.0005748891602383
 9708.2   0.0005883313757272
 9709.1   0.0005957279087335
 9710.0   0.0005982220426857
 9710.9   0.0005994208061965
 9711.8   0.0006016043590677
 9712.7   0.0006028152566094
 9713.6   0.0005994002248756
 9714.5   0.0005921228129753
 9715.4   0.0005857308989847
 9716.3   0.0005825701449965
 9717.2   0.0005829092893715
 9718.1   0.0005854396822421
 9719.0   0.0005888840647293
 9719.9   0.0005921379536688
 9720.8   0.0005903374281281
 9721.7   0.0005832361207476
 9722.6   0.0005790140506788
 9723.5   0.0005828276799599
 9724.4   0.0005899109115716
 9725.3   0.0005913887935875
 9726.2   0.0005843139376786
 9727.1   0.0005735161534750
 9728.0   0.0005676589958921
 9728.9   0.0005722777306537
 9729.8   0.0005818946123538
 9730.7   0.0005882253550793
 9731.6   0.0005900678665146
 9732.5   0.0005890159283575
 9733.4   0.0005854648093505
 9734.3   0.0005800028489227
 9735.2   0.0005751732898477
 9736.1   0.0005706244241964
 9737.0   0.0005624450851233
 9737.9   0.0005534598173169
 9738.8   0.0005543320358004
 9739.7   0.0005674871508109
 9740.6   0.0005822936036306
 9741.5   0.0005871990093474
 9742.4   0.0005786086881409
 9743.3   0.0005664462370832
 9744.2   0.0005658075002628
 9745.1   0.0005748002847256
 9746.0   0.0005783008989608
 9746.9   0.0005728336410800
 9747.8   0.0005694546177094
 9748.7   0.0005758662181809
 9749.6   0.0005867210573854
 9750.5   0.0005936245693235
 9751.4   0.0005931368099146
 9752.3   0.0005863271487999
 9753.2   0.0005795311608410
 9754.1   0.0005789013724210
 9755.0   0.0005831162479759
 9755.9   0.0005866285667189
 9756.8   0.0005871097401050
 9757.7   0.0005865273424136
 9758.6   0.0005865149578274
 9759.5   0.0005864397196769
 9760.4   0.0005858234970320
 9761.3   0.0005828684488721
 9762.2   0.0005739779267291
 9763.1   0.0005613872768156
 9764.0   0.0005561358901460
 9764.9   0.0005636897360313
 9765.8   0.0005763873014328
 9766.7   0.0005852798638111
 9767.6   0.0005861618539478
 9768.5   0.0005794967989834
 9769.4   0.0005696780413705
 9770.3   0.0005630307400325
 9771.2   0.0005647271419861
 9772.1   0.0005740611468528
 9773.0   0.0005861405925484
 9773.9   0.0005955668017328
 9774.8   0.0005987560474278
 9775.7   0.0005963981439233
 9776.6   0.0005914910201137
 9777.5   0.0005861534066578
 9778.4   0.0005813410285116
 9779.3   0.0005763720891521
 9780.2   0.0005713716872168
 9781.1   0.0005683291594947
 9782.0   0.0005653889298859
 9782.9   0.0005592234462189
 9783.8   0.0005573305373926
 9784.7   0.0005661558793871
 9785.6   0.0005742526784149
 9786.5   0.0005712220699621
 9787.4   0.0005639647740659
 9788.3   0.0005642463623296
 9789.2   0.0005727395754950
 9790.1   0.0005822860511807
 9791.0   0.0005887195215428
 9791.9   0.0005923148456478
 9792.8   0.0005942879321417
 9793.7   0.0005938014255089
 9794.6   0.0005908032818528
 9795.5   0.0005877109294373
 9796.4   0.0005852918188740
 9797.3   0.0005829119738917
 9798.2   0.0005801823896282
 9799.1   0.0005754479341527
 9800.0   0.0005689302414461
 9800.9   0.0005668384991630
 9801.8   0.0005727755122710
 9802.7   0.0005816736942448
 9803.6   0.0005875106642364
 9804.5   0.0005887869924818
 9805.4   0.0005867413523575
 9806.3   0.0005833868833975
 9807.2   0.0005814599348561
 9808.1   0.0005819743247045
 9809.0   0.0005823608956016
 9809.9   0.0005803077388210
 9810.8   0.0005785880710263
 9811.7   0.0005809217780562
 9812.6   0.0005855599129499
 9813.5   0.0005879396863450
 9814.4   0.0005865330693898
 9815.3   0.0005828025528516
 9816.2   0.0005802556949243
 9817.1   0.0005826585551924
 9818.0   0.0005892642643653
 9818.9   0.0005947653114061
 9819.8   0.0005951252518636
 9820.7   0.0005925495442934
 9821.6   0.0005909162106658
 9822.5   0.0005893142322332
 9823.4   0.0005850481360344
 9824.3   0.0005782458841952
 9825.2   0.0005718729408134
 9826.1   0.0005695838684047
 9827.0   0.0005730914265986
 9827.9   0.0005806444492311
 9828.8   0.0005878216390470
 9829.7   0.0005909823214479
 9830.6   0.0005883533887921
 9831.5   0.0005796775208779
 9832.4   0.0005687785481626
 9833.3   0.0005625156343121
 9834.2   0.0005654546469384
 9835.1   0.0005757146322781
 9836.0   0.0005859336697377
 9836.9   0.0005906359109718
 9837.8   0.0005899286651980
 9838.7   0.0005877787225187
 9839.6   0.0005878340236331
 9840.5   0.0005886809718339
 9841.4   0.0005869535726213
 9842.3   0.0005835249393188
 9843.2   0.0005814646596115
 9844.1   0.0005819037755158
 9845.0   0.0005840275172787
 9845.9   0.0005866142850718
 9846.8   0.0005879960970611
 9847.7   0.0005862779325977
 9848.6   0.0005819218870782
 9849.5   0.0005775740024998
 9850.4   0.0005751350264876
 9851.3   0.0005749397723910
 9852.2   0.0005772892643992
 9853.1   0.0005818195531712
 9854.0   0.0005850598047485
 9854.9   0.0005846143175832
 9855.8   0.0005828126824409
 9856.7   0.0005831953518354
 9857.6   0.0005863541729691
 9858.5   0.0005886437822818
 9859.4   0.0005863076770806
 9860.3   0.0005790646270379
 9861.2   0.0005701421770022
 9862.1   0.0005656256329732
 9863.0   0.0005686739592587
 9863.9   0.0005749241305871
 9864.8   0.0005791533235826
 9865.7   0.0005813337266169
 9866.6   0.0005817579523829
 9867.5   0.0005793955030909
 9868.4   0.0005781071124018
 9869.3   0.0005804006232171
 9870.2   0.0005803533040758
 9871.1   0.0005742814206770
 9872.0   0.0005669946308531
 9872.9   0.0005638144409393
 9873.8   0.0005671859834472
 9874.7   0.0005770106827980
 9875.6   0.0005875881215902
 9876.5   0.0005928466669802
 9877.4   0.0005931312261128
 9878.3   0.0005910900601887
 9879.2   0.0005862178709343
 9880.1   0.0005774842679406
 9881.0   0.0005696229192240
 9881.9   0.0005694160680004
 9882.8   0.0005760973732599
 9883.7   0.0005827367642119
 9884.6   0.0005839945155781
 9885.5   0.0005798905286009
 9886.4   0.0005739908840129
 9887.3   0.0005683956640064
 9888.2   0.0005622071650536
 9889.1   0.0005549955059994
 9890.0   0.0005499970727122
 9890.9   0.0005521331990613
 9891.8   0.0005625159564545
 9892.7   0.0005754843720391
 9893.6   0.0005840835342652
 9894.5   0.0005871959310976
 9895.4   0.0005864999603084
 9896.3   0.0005821064388880
 9897.2   0.0005753227997216
 9898.1   0.0005698395063072
 9899.0   0.0005688429766454
 9899.9   0.0005718892626957
 9900.8   0.0005756792681998
 9901.7   0.0005788661873107
 9902.6   0.0005819790852535
 9903.5   0.0005829244658586
 9904.4   0.0005794831616212
 9905.3   0.0005754567035851
 9906.2   0.0005765910028194
 9907.1   0.0005815497767961
 9908.0   0.0005850839654296
 9908.9   0.0005843695967291
 9909.8   0.0005788577042271
 9910.7   0.0005716489444547
 9911.6   0.0005676437478179
 9912.5   0.0005672015894575
 9913.4   0.0005682284362998
 9914.3   0.0005701290407505
 9915.2   0.0005732226817356
 9916.1   0.0005783865888430
 9917.0   0.0005839717508475
 9917.9   0.0005871273863506
 9918.8   0.0005873454051779
 9919.7   0.0005852597120134
 9920.6   0.0005811172827081
 9921.5   0.0005748829321517
 9922.4   0.0005680845102278
 9923.3   0.0005638891421858
 9924.2   0.0005651245941382
 9925.1   0.0005715010810865
 9926.0   0.0005773568427189
 9926.9   0.0005784414604342
 9927.8   0.0005768862642389
 9928.7   0.0005734520471346
 9929.6   0.0005657223830783
 9930.5   0.0005568378742603
 9931.4   0.0005550128658962
 9932.3   0.0005626804996410
 9933.2   0.0005735517681086
 9934.1   0.0005812972171433
 9935.0   0.0005846637127533
 9935.9   0.0005852795416686
 9936.8   0.0005848778300780
 9937.7   0.0005838849513636
 9938.6   0.0005820798084484
 9939.5   0.0005796291995157
 9940.4   0.0005768447078674
 9941.3   0.0005738307792330
 9942.2   0.0005703844638914
 9943.1   0.0005667958689835
 9944.0   0.0005650864739525
 9944.9   0.0005666282833408
 9945.8   0.0005696046644872
 9946.7   0.0005710261715806
 9947.6   0.0005693945918395
 9948.5   0.0005666558444141
 9949.4   0.0005666251692975
 9950.3   0.0005693211075754
 9951.2   0.0005714227646862
 9952.1   0.0005722254719954
 9953.0   0.0005728617032636
 9953.9   0.0005725872021331
 9954.8   0.0005709331798037
 9955.7   0.0005698859306085
 9956.6   0.0005715724893217
 9957.5   0.0005756007370379
 9958.4   0.0005793119250312
 9959.3   0.0005801139522620
 9960.2   0.0005778315374632
 9961.1   0.0005754665468255
 9962.0   0.0005757837497228
 9962.9   0.0005770611875698
 9963.8   0.0005766250783281
 9964.7   0.0005758922043356
 9965.6   0.0005770494114749
 9966.5   0.0005793786085110
 9967.4   0.0005816314577949
 9968.3   0.0005834105071746
 9969.2   0.0005842612494971
 9970.1   0.0005842379836561
 9971.0   0.0005834940494407
 9971.9   0.0005811638501838
 9972.8   0.0005773493260626
 9973.7   0.0005736968753695
 9974.6   0.0005709622442082
 9975.5   0.0005689631715596
 9976.4   0.0005682111479902
 9977.3   0.0005694669307083
 9978.2   0.0005719485726935
 9979.1   0.0005736606164511
 9980.0   0.0005735395624905
 9980.9   0.0005727877894764
 9981.8   0.0005732545380410
 9982.7   0.0005756719305114
 9983.6   0.0005791902625794
 9984.5   0.0005812723047966
 9985.4   0.0005796254769811
 9986.3   0.0005757605912626
 9987.2   0.0005745888519210
 9988.1   0.0005779540947550
 9989.0   0.0005827205497104
 9989.9   0.0005852417794190
 9990.8   0.0005836694380885
 9991.7   0.0005777737665902
 9992.6   0.0005693837105846
 9993.5   0.0005623180178377
 9994.4   0.0005599867447727
 9995.3   0.0005622931054910
 9996.2   0.0005658103279574
 9997.1   0.0005678154855183
 9998.0   0.0005691790427707
 9998.9   0.0005714443124344
 9999.8   0.0005726347360360
10000.7   0.0005704700821864
10001.6   0.0005676438551987
10002.5   0.0005684300974511
10003.4   0.0005727729709253
10004.3   0.0005776159526008
10005.2   0.0005809356301800
10006.1   0.0005823292182642
10007.0   0.0005813250645653
10007.9   0.0005778028309947
10008.8   0.0005745137927385
10009.7   0.0005743963897253
10010.6   0.0005760694900443
10011.5   0.0005770353087959
10012.4   0.0005771642373488
10013.3   0.0005770365615719
10014.2   0.0005770197743728
10015.1   0.0005772548667480
10016.0   0.0005770454025915
10016.9   0.0005758583077949
10017.8   0.0005746178089447
10018.7   0.0005735742822840
10019.6   0.0005716211328262
10020.5   0.0005695192251602
10021.4   0.0005697791940885
10022.3   0.0005726779389131
10023.2   0.0005755710999358
10024.1   0.0005765815891022
10025.0   0.0005760173745604
10025.9   0.0005752180318497
10026.8   0.0005749735973445
10027.7   0.0005745748924164
10028.6   0.0005736307287937
10029.5   0.0005730333693768
10030.4   0.0005725526971011
10031.3   0.0005707122616947
10032.2   0.0005687197034816
10033.1   0.0005687942973473
10034.0   0.0005687078557994
10034.9   0.0005641502207158
10035.8   0.0005560549250192
10036.7   0.0005519252382361
10037.6   0.0005557842895976
10038.5   0.0005620159556339
10039.4   0.0005653751851429
10040.3   0.0005672852391044
10041.2   0.0005696889226253
10042.1   0.0005719218348732
10043.0   0.0005726402124570
10043.9   0.0005708846794736
10044.8   0.0005669381485498
10045.7   0.0005617300005508
10046.6   0.0005548767070358
10047.5   0.0005442674477317
10048.4   0.0005315006217112
10049.3   0.0005258026024810
10050.2   0.0005336745461036
10051.1   0.0005492731829137
10052.0   0.0005621339313448
10052.9   0.0005677426813326
10053.8   0.0005668726462589
10054.7   0.0005620881155347
10055.6   0.0005568656500952
10056.5   0.0005538300663317
10057.4   0.0005546087919279
10058.3   0.0005599767225643
10059.2   0.0005672443628114
10060.1   0.0005722466976012
10061.0   0.0005732075768358
10061.9   0.0005696470441115
10062.8   0.0005622131783787
10063.7   0.0005539098860633
10064.6   0.0005490974721235
10065.5   0.0005505121426390
10066.4   0.0005557628850239
10067.3   0.0005595291593701
10068.2   0.0005605417603590
10069.1   0.0005616419124973
10070.0   0.0005643093948620
10070.9   0.0005681400618975
10071.8   0.0005723720825875
10072.7   0.0005755402458512
10073.6   0.0005761105810989
10074.5   0.0005738103768801
10075.4   0.0005699717636651
10076.3   0.0005669179609585
10077.2   0.0005662613273374
10078.1   0.0005666989041168
10079.0   0.0005664517850914
10079.9   0.0005659985307145
10080.8   0.0005659158117012
10081.7   0.0005658743985042
10082.6   0.0005650599508937
10083.5   0.0005624639483514
10084.4   0.0005590682451624
10085.3   0.0005577847939903
10086.2   0.0005598430692560
10087.1   0.0005641343283567
10088.0   0.0005687370275847
10088.9   0.0005719218706668
10089.8   0.0005729354738765
10090.7   0.0005717445491645
10091.6   0.0005696389189639
10092.5   0.0005690988651032
10093.4   0.0005710226280141
10094.3   0.0005737797017635
10095.2   0.0005751022753422
10096.1   0.0005745978361150
10097.0   0.0005738908766901
10097.9   0.0005740407444999
10098.8   0.0005744043359048
10099.7   0.0005739267060853
10100.6   0.0005726122576542
10101.5   0.0005709900916302
10102.4   0.0005688343145939
10103.3   0.0005660975716101
10104.2   0.0005638945112260
10105.1   0.0005629126211473
10106.0   0.0005633760767006
10106.9   0.0005651291399256
10107.8   0.0005670279189026
10108.7   0.0005688167757291
10109.6   0.0005699791729406
10110.5   0.0005680748459554
10111.4   0.0005624303023659
10112.3   0.0005557066532758
10113.2   0.0005513109484456
10114.1   0.0005524091319359
10115.0   0.0005596391889013
10115.9   0.0005685521536325
10116.8   0.0005731717116470
10117.7   0.0005715300739038
10118.6   0.0005664763752957
10119.5   0.0005618533810955
10120.4   0.0005597873744119
10121.3   0.0005605414024229
10122.2   0.0005615528222230
10123.1   0.0005605370713971
10124.0   0.0005600984923969
10124.9   0.0005628016967760
10125.8   0.0005655073351199
10126.7   0.0005647255670677
10127.6   0.0005619116172853
10128.5   0.0005608958306659
10129.4   0.0005629706425755
10130.3   0.0005656497578606
10131.2   0.0005663201362248
10132.1   0.0005654055381170
10133.0   0.0005643669509734
10133.9   0.0005630570483297
10134.8   0.0005612179372865
10135.7   0.0005596436988951
10136.6   0.0005593611084106
10137.5   0.0005611006774477
10138.4   0.0005640441284807
10139.3   0.0005660998266070
10140.2   0.0005657943640111
10141.1   0.0005627708784850
10142.0   0.0005579965489373
10142.9   0.0005532004568798
10143.8   0.0005480550908581
10144.7   0.0005414527462837
10145.6   0.0005387275646333
10146.5   0.0005454943450133
10147.4   0.0005556306634596
10148.3   0.0005604259322642
10149.2   0.0005599061375820
10150.1   0.0005588500473671
10151.0   0.0005589335538396
10151.9   0.0005575205298298
10152.8   0.0005533168576722
10153.7   0.0005487203149436
10154.6   0.0005461336545313
10155.5   0.0005463994220231
10156.4   0.0005503363960552
10157.3   0.0005573859816814
10158.2   0.0005642033384205
10159.1   0.0005678989204036
10160.0   0.0005680291733198
10160.9   0.0005654929102985
10161.8   0.0005626090914058
10162.7   0.0005613844133275
10163.6   0.0005610489914870
10164.5   0.0005599578593363
10165.4   0.0005577228710596
10166.3   0.0005543667198003
10167.2   0.0005517067540920
10168.1   0.0005525756079769
10169.0   0.0005555848476496
10169.9   0.0005572165347715
10170.8   0.0005561541090892
10171.7   0.0005530835549770
10172.6   0.0005510362683471
10173.5   0.0005532151322565
10174.4   0.0005586631689733
10175.3   0.0005637344780333
10176.2   0.0005662910360267
10177.1   0.0005655437372127
10178.0   0.0005609027746246
10178.9   0.0005539679790787
10179.8   0.0005499695832262
10180.7   0.0005521651627475
10181.6   0.0005570648414880
10182.5   0.0005602991155338
10183.4   0.0005618430009511
10184.3   0.0005627867708441
10185.2   0.0005627384494820
10186.1   0.0005613678408900
10187.0   0.0005592659332240
10187.9   0.0005574767542550
10188.8   0.0005572477825857
10189.7   0.0005593693051454
10190.6   0.0005631578431118
10191.5   0.0005647363051481
10192.4   0.0005593350148750
10193.3   0.0005493606266824
10194.2   0.0005420841812093
10195.1   0.0005398358419192
10196.0   0.0005419401835501
10196.9   0.0005473519971421
10197.8   0.0005534809355419
10198.7   0.0005590412209932
10199.6   0.0005630168163215
10200.5   0.0005635064369976
10201.4   0.0005602530133749
10202.3   0.0005542901214929
10203.2   0.0005479098762164
10204.1   0.0005440139216517
10205.0   0.0005435778839972
10205.9   0.0005464566917856
10206.8   0.0005521963747681
10207.7   0.0005579169439674
10208.6   0.0005597417017763
10209.5   0.0005573270296196
10210.4   0.0005539777507319
10211.3   0.0005527108362037
10212.2   0.0005537496381090
10213.1   0.0005546596188421
10214.0   0.0005518396557347
10214.9   0.0005431305355645
10215.8   0.0005322395448224
10216.7   0.0005268102639529
10217.6   0.0005289895215919
10218.5   0.0005362420211455
10219.4   0.0005463507427249
10220.3   0.0005548649309408
10221.2   0.0005577205086819
10222.1   0.0005561508160779
10223.0   0.0005537271597272
10223.9   0.0005522888654346
10224.8   0.0005513061163094
10225.7   0.0005491607194175
10226.6   0.0005461699850369
10227.5   0.0005447723522757
10228.4   0.0005462249282153
10229.3   0.0005490036928873
10230.2   0.0005508645306467
10231.1   0.0005512587255809
10232.0   0.0005504763132438
10232.9   0.0005492158773576
10233.8   0.0005503589460242
10234.7   0.0005561996385504
10235.6   0.0005626702984645
10236.5   0.0005631873370395
10237.4   0.0005586666409526
10238.3   0.0005552918770206
10239.2   0.0005549989779788
10240.1   0.0005546586524149
10241.0   0.0005526095045176
10241.9   0.0005506837013714
10242.8   0.0005496031641267
10243.7   0.0005485093116622
10244.6   0.0005481753931530
10245.5   0.0005495478272187
10246.4   0.0005514927441481
10247.3   0.0005519335781453
10248.2   0.0005505962576028
10249.1   0.0005492070363380
10250.0   0.0005485894893298
10250.9   0.0005482360633077
10251.8   0.0005483810989813
10252.7   0.0005494575199619
10253.6   0.0005503634918116
10254.5   0.0005499725183015
10255.4   0.0005487846002520
10256.3   0.0005474942051212
10257.2   0.0005462859920996
10258.1   0.0005455284205220
10259.0   0.0005456448571080
10259.9   0.0005461920696891
10260.8   0.0005467856707778
10261.7   0.0005480272792296
10262.6   0.0005494110956606
10263.5   0.0005490941791122
10264.4   0.0005465027939445
10265.3   0.0005438668457428
10266.2   0.0005439218247148
10267.1   0.0005460087348617
10268.0   0.0005476458268175
10268.9   0.0005485554854083
10269.8   0.0005493713289692
10270.7   0.0005490433164043
10271.6   0.0005468012767881
10272.5   0.0005442384907081
10273.4   0.0005437103919102
10274.3   0.0005456925699789
10275.2   0.0005483441599845
10276.1   0.0005497804498354
10277.0   0.0005497983108426
10277.9   0.0005491384200037
10278.8   0.0005484940635879
10279.7   0.0005484197560711
10280.6   0.0005485590289748
10281.5   0.0005481884220240
10282.4   0.0005478769461030
10283.3   0.0005487575044956
10284.2   0.0005506840951011
10285.1   0.0005522341012242
10286.0   0.0005517622341745
10286.9   0.0005470599571468
10287.8   0.0005375403266622
10288.7   0.0005289962149954
10289.6   0.0005294155728316
10290.5   0.0005378366260962
10291.4   0.0005464712955751
10292.3   0.0005512125518349
10293.2   0.0005523937406873
10294.1   0.0005511559621508
10295.0   0.0005487108296392
10295.9   0.0005461192297098
10296.8   0.0005436645761002
10297.7   0.0005416274190595
10298.6   0.0005413278266142
10299.5   0.0005431455330836
10300.4   0.0005446993333285
10301.3   0.0005437971913941
10302.2   0.0005419042825677
10303.1   0.0005422005462081
10304.0   0.0005442843781053
10304.9   0.0005449701477181
10305.8   0.0005439801682854
10306.7   0.0005430697222354
10307.6   0.0005430718698515
10308.5   0.0005441989029847
10309.4   0.0005456084550152
10310.3   0.0005459084053965
10311.2   0.0005449089764530
10312.1   0.0005434926594318
10313.0   0.0005429961305906
10313.9   0.0005441427786174
10314.8   0.0005454706496491
10315.7   0.0005456181550812
10316.6   0.0005454146684562
10317.5   0.0005455475700989
10318.4   0.0005454044672798
10319.3   0.0005447883162220
10320.2   0.0005442512332302
10321.1   0.0005441161839714
10322.0   0.0005439974923886
10322.9   0.0005433978421812
10323.8   0.0005428923649396
10324.7   0.0005415395457676
10325.6   0.0005342541518941
10326.5   0.0005191531893205
10327.4   0.0005078036467485
10328.3   0.0005105561747105
10329.2   0.0005189944804911
10330.1   0.0005231130354641
10331.0   0.0005246945757503
10331.9   0.0005278572983865
10332.8   0.0005331589034792
10333.7   0.0005391677901392
10334.6   0.0005435355401665
10335.5   0.0005449179248534
10336.4   0.0005441108507248
10337.3   0.0005423667359003
10338.2   0.0005400890458569
10339.1   0.0005359224200769
10340.0   0.0005298091592746
10340.9   0.0005255708031171
10341.8   0.0005239234741913
10342.7   0.0005202068813641
10343.6   0.0005160402913777
10344.5   0.0005184867482526
10345.4   0.0005258760867450
10346.3   0.0005307071491513
10347.2   0.0005311979152226
10348.1   0.0005315336949991
10349.0   0.0005345307290536
10349.9   0.0005384243928278
10350.8   0.0005404592948717
10351.7   0.0005394279380355
10352.6   0.0005359577125681
10353.5   0.0005325129363513
10354.4   0.0005318527591637
10355.3   0.0005341434064908
10356.2   0.0005370134448469
10357.1   0.0005388838394978
10358.0   0.0005399235362431
10358.9   0.0005403528089070
10359.8   0.0005401958539640
10360.7   0.0005395049300726
10361.6   0.0005381059371545
10362.5   0.0005359682358869
10363.4   0.0005336303767993
10364.3   0.0005321758322116
10365.2   0.0005327766636078
10366.1   0.0005354050593596
10367.0   0.0005385857503838
10367.9   0.0005400583349467
10368.8   0.0005366012099374
10369.7   0.0005255594207518
10370.6   0.0005116515305063
10371.5   0.0005075835876859
10372.4   0.0005178350183549
10373.3   0.0005316776568647
10374.2   0.0005387508662679
10375.1   0.0005387221597995
10376.0   0.0005347283097344
10376.9   0.0005272397155847
10377.8   0.0005178559576118
10378.7   0.0005137718360835
10379.6   0.0005200610224376
10380.5   0.0005310922525107
10381.4   0.0005381708667478
10382.3   0.0005395907989228
10383.2   0.0005382611740046
10384.1   0.0005368716663910
10385.0   0.0005367776365996
10385.9   0.0005371670351913
10386.8   0.0005366991412313
10387.7   0.0005359003354247
10388.6   0.0005359377755320
10389.5   0.0005366721170621
10390.4   0.0005371097654288
10391.3   0.0005372319647846
10392.2   0.0005374818399173
10393.1   0.0005361669977566
10394.0   0.0005298665006244
10394.9   0.0005178946147015
10395.8   0.0005072004887681
10396.7   0.0005066360952583
10397.6   0.0005152464250881
10398.5   0.0005246997658225
10399.4   0.0005301928666837
10400.3   0.0005329092431081
10401.2   0.0005350571813457
10402.1   0.0005369771501349
10403.0   0.0005378225950044
10403.9   0.0005367517936193
10404.8   0.0005334189082011
10405.7   0.0005284719819065
10406.6   0.0005248997088810
10407.5   0.0005259428418120
10408.4   0.0005306838833102
10409.3   0.0005353871983524
10410.2   0.0005379840957347
10411.1   0.0005390622706017
10412.0   0.0005394652707620
10412.9   0.0005389664153367
10413.8   0.0005374210981754
10414.7   0.0005353801112193
10415.6   0.0005340645889801
10416.5   0.0005342585187135
10417.4   0.0005352939202266
10418.3   0.0005360741491540
10419.2   0.0005359274669747
10420.1   0.0005347769890325
10421.0   0.0005322465245747
10421.9   0.0005268348899508
10422.8   0.0005202074540617
10423.7   0.0005184579344033
10424.6   0.0005228838132396
10425.5   0.0005276924330576
10426.4   0.0005296409293472
10427.3   0.0005308689362304
10428.2   0.0005331644156938
10429.1   0.0005357041506944
10430.0   0.0005370343125166
10430.9   0.0005367228723892
10431.8   0.0005350086094284
10432.7   0.0005318479628210
10433.6   0.0005282948035787
10434.5   0.0005266444321967
10435.4   0.0005279873723347
10436.3   0.0005311998838707
10437.2   0.0005338554469661
10438.1   0.0005346038911752
10439.0   0.0005339269983756
10439.9   0.0005326582941674
10440.8   0.0005315964769763
10441.7   0.0005313956748714
10442.6   0.0005320760038568
10443.5   0.0005331778740880
10444.4   0.0005341201764434
10445.3   0.0005345023447275
10446.2   0.0005344058809713
10447.1   0.0005345521336273
10448.0   0.0005358970424134
10448.9   0.0005380771590989
10449.8   0.0005386845049306
10450.7   0.0005357469598419
10451.6   0.0005298523979454
10452.5   0.0005234677142623
10453.4   0.0005184818445292
10454.3   0.0005130238571912
10455.2   0.0005069040461598
10456.1   0.0005054317837393
10457.0   0.0005098217973868
10457.9   0.0005138485775653
10458.8   0.0005134856304452
10459.7   0.0005132493926748
10460.6   0.0005179036346891
10461.5   0.0005247109692198
10462.4   0.0005290455385784
10463.3   0.0005300594639305
10464.2   0.0005296031313039
10465.1   0.0005298079780858
10466.0   0.0005308968194461
10466.9   0.0005301684196538
10467.8   0.0005246032662726
10468.7   0.0005151051835363
10469.6   0.0005093413040791
10470.5   0.0005138440317779
10471.4   0.0005238818820262
10472.3   0.0005313569461945
10473.2   0.0005344473657555
10474.1   0.0005348223037321
10475.0   0.0005334828713671
10475.9   0.0005307814208746
10476.8   0.0005279851173378
10477.7   0.0005267370660376
10478.6   0.0005274227998568
10479.5   0.0005288978183846
10480.4   0.0005297480238031
10481.3   0.0005300394553073
10482.2   0.0005308861171592
10483.1   0.0005323852963681
10484.0   0.0005328756687098
10484.9   0.0005303821074552
10485.8   0.0005261765382368
10486.7   0.0005247229600763
10487.6   0.0005273702548497
10488.5   0.0005308043645732
10489.4   0.0005326135879590
10490.3   0.0005331170249653
10491.2   0.0005331024927631
10492.1   0.0005333278850723
10493.0   0.0005337379723656
10493.9   0.0005319646857558
10494.8   0.0005262301928455
10495.7   0.0005200405484975
10496.6   0.0005202519813021
10497.5   0.0005276482279596
10498.4   0.0005344734950847
10499.3   0.0005349441451519
10500.2   0.0005307647768498
10501.1   0.0005262857445152
10502.0   0.0005242780814022
10502.9   0.0005245375134265
10503.8   0.0005253053577677
10504.7   0.0005256459696804
10505.6   0.0005259221889039
10506.5   0.0005269398725842
10507.4   0.0005281884965820
10508.3   0.0005279590238022
10509.2   0.0005256149366279
10510.1   0.0005225034346355
10511.0   0.0005202252076881
10511.9   0.0005189361011269
10512.8   0.0005188490868815
10513.7   0.0005205061158733
10514.6   0.0005226361573102
10515.5   0.0005238789469509
10516.4   0.0005247393177522
10517.3   0.0005259094821753
10518.2   0.0005270921027718
10519.1   0.0005277325218914
10520.0   0.0005274197931943
10520.9   0.0005261634735722
10521.8   0.0005248471996674
10522.7   0.0005243468409108
10523.6   0.0005245722690136
10524.5   0.0005247698854880
10525.4   0.0005247507001175
10526.3   0.0005248310209595
10527.2   0.0005245165741696
10528.1   0.0005225288838862
10529.0   0.0005182383406576
10529.9   0.0005127668949254
10530.8   0.0005082315950491
10531.7   0.0005061074953501
10532.6   0.0005077138406021
10533.5   0.0005126391833549
10534.4   0.0005171284526596
10535.3   0.0005195511425830
10536.2   0.0005224219683983
10537.1   0.0005267119747229
10538.0   0.0005300047713073
10538.9   0.0005305189463941
10539.8   0.0005283390086767
10540.7   0.0005241959708801
10541.6   0.0005200667494139
10542.5   0.0005185331725539
10543.4   0.0005202931439439
10544.3   0.0005234845014614
10545.2   0.0005256935393769
10546.1   0.0005262310160984
10547.0   0.0005258081862828
10547.9   0.0005247273268957
10548.8   0.0005231717369707
10549.7   0.0005220909133772
10550.6   0.0005221732744545
10551.5   0.0005229936638028
10552.4   0.0005238720387858
10553.3   0.0005244103745537
10554.2   0.0005240525817122
10555.1   0.0005229805633447
10556.0   0.0005225148170008
10556.9   0.0005230240167770
10557.8   0.0005236182979441
10558.7   0.0005239676792892
10559.6   0.0005242687034786
10560.5   0.0005243605498602
10561.4   0.0005239749811839
10562.3   0.0005232664110469
10563.2   0.0005228208880880
10564.1   0.0005231572405621
10565.0   0.0005239508562965
10565.9   0.0005243756189665
10566.8   0.0005242726407747
10567.7   0.0005243411855218
10568.6   0.0005247843103094
10569.5   0.0005247402483859
10570.4   0.0005238348134401
10571.3   0.0005224982087697
10572.2   0.0005212658708606
10573.1   0.0005204764787712
10574.0   0.0005198100377033
10574.9   0.0005184470889420
10575.8   0.0005158649743171
10576.7   0.0005133343666849
10577.6   0.0005135649490664
10578.5   0.0005161456677408
10579.4   0.0005171735525976
10580.3   0.0005147564464760
10581.2   0.0005103869067686
10582.1   0.0005051644413291
10583.0   0.0004951840040177
10583.9   0.0004755481710911
10584.8   0.0004575028984381
10585.7   0.0004619362223435
10586.6   0.0004866697084210
10587.5   0.0005108534405717
10588.4   0.0005237018760038
10589.3   0.0005273151327033
10590.2   0.0005258954868771
10591.1   0.0005224011723158
10592.0   0.0005193973374770
10592.9   0.0005185608052143
10593.8   0.0005204688189405
10594.7   0.0005241498329277
10595.6   0.0005270650786026
10596.5   0.0005274009657599
10597.4   0.0005258740107162
10598.3   0.0005240766350125
10599.2   0.0005223199566338
10600.1   0.0005194616227854
10601.0   0.0005127149942031
10601.9   0.0004985468486804
10602.8   0.0004817787991129
10603.7   0.0004773205270672
10604.6   0.0004899192663347
10605.5   0.0005070051630843
10606.4   0.0005178982656489
10607.3   0.0005230393006449
10608.2   0.0005252276498587
10609.1   0.0005242742156932
10610.0   0.0005199768000931
10610.9   0.0005140349190552
10611.8   0.0005100616145174
10612.7   0.0005105525595568
10613.6   0.0005135061043853
10614.5   0.0005157980402822
10615.4   0.0005164702083264
10616.3   0.0005162257380275
10617.2   0.0005163221659902
10618.1   0.0005165291603882
10619.0   0.0005160020638112
10619.9   0.0005157605643813
10620.8   0.0005169229973865
10621.7   0.0005189815590009
10622.6   0.0005203344139665
10623.5   0.0005196774224094
10624.4   0.0005170580108516
10625.3   0.0005125758644737
10626.2   0.0005057421858523
10627.1   0.0004987938961186
10628.0   0.0004980911603386
10628.9   0.0005050559509227
10629.8   0.0005121884703237
10630.7   0.0005146145964329
10631.6   0.0005145492373164
10632.5   0.0005146640989839
10633.4   0.0005148050541869
10634.3   0.0005137418768390
10635.2   0.0005116271908572
10636.1   0.0005105333383927
10637.0   0.0005124159028682
10637.9   0.0005159712097267
10638.8   0.0005177127474119
10639.7   0.0005168274642638
10640.6   0.0005153378419466
10641.5   0.0005147989692747
10642.4   0.0005153769285595
10643.3   0.0005158787190602
10644.2   0.0005145951963008
10645.1   0.0005115300470225
10646.0   0.0005087003480555
10646.9   0.0005076363474547
10647.8   0.0005081737167953
10648.7   0.0005094660089870
10649.6   0.0005107252278908
10650.5   0.0005117325314267
10651.4   0.0005127615616787
10652.3   0.0005136538603727
10653.2   0.0005137084098215
10654.1   0.0005127641388180
10655.0   0.0005118479299982
10655.9   0.0005118618179156
10656.8   0.0005121934456343
10657.7   0.0005109493316304
10658.6   0.0005049104857258
10659.5   0.0004897630988510
10660.4   0.0004693321826522
10661.3   0.0004601850919730
10662.2   0.0004711743003579
10663.1   0.0004908456763310
10664.0   0.0005053945583937
10664.9   0.0005120070683509
10665.8   0.0005129542028425
10666.7   0.0005110098586107
10667.6   0.0005097443042393
10668.5   0.0005107271607453
10669.4   0.0005119959723344
10670.3   0.0005112939524265
10671.2   0.0005091139431218
10672.1   0.0005073818549474
10673.0   0.0005066998436628
10673.9   0.0005065563113204
10674.8   0.0005073279139898
10675.7   0.0005092282678853
10676.6   0.0005109374123610
10677.5   0.0005116156295239
10678.4   0.0005119192308526
10679.3   0.0005120298688751
10680.2   0.0005100185906083
10681.1   0.0005025709443389
10682.0   0.0004899364114698
10682.9   0.0004793801624898
10683.8   0.0004770286302463
10684.7   0.0004798980959047
10685.6   0.0004849878744632
10686.5   0.0004927532963275
10687.4   0.0004975876875387
10688.3   0.0004918963975056
10689.2   0.0004772939682149
10690.1   0.0004639204764411
10691.0   0.0004610948579446
10691.9   0.0004688574879080
10692.8   0.0004768073184077
10693.7   0.0004783332354369
10694.6   0.0004805036162628
10695.5   0.0004893069809859
10696.4   0.0004998054948866
10697.3   0.0005067670640465
10698.2   0.0005100098569695
10699.1   0.0005111935871676
10700.0   0.0005120040258947
10700.9   0.0005125916136584
10701.8   0.0005119128237979
10702.7   0.0005101355640983
10703.6   0.0005087668167736
10704.5   0.0005075250651473
10705.4   0.0005039450964974
10706.3   0.0004974977740115
10707.2   0.0004932524023081
10708.1   0.0004962972924079
10709.0   0.0005036133256043
10709.9   0.0005092714349688
10710.8   0.0005116681745311
10711.7   0.0005119143987164
10712.6   0.0005114299323189
10713.5   0.0005111282996383
10714.4   0.0005108257363241
10715.3   0.0005104274609192
10716.2   0.0005101924043376
10717.1   0.0005096255768629
10718.0   0.0005088036841832
10718.9   0.0005089732026804
10719.8   0.0005103573412537
10720.7   0.0005116430832163
10721.6   0.0005118695135400
10722.5   0.0005109030862971
10723.4   0.0005079255597555
10724.3   0.0005012877437220
10725.2   0.0004902683971246
10726.1   0.0004762880606295
10727.0   0.0004656072499159
10727.9   0.0004649223035559
10728.8   0.0004719104673618
10729.7   0.0004813817764841
10730.6   0.0004914832677560
10731.5   0.0004995661788664
10732.4   0.0005033230394954
10733.3   0.0005041696655538
10734.2   0.0005044607391219
10735.1   0.0005045355119556
10736.0   0.0005044989666884
10736.9   0.0005051145092549
10737.8   0.0005063608424621
10738.7   0.0005071706369044
10739.6   0.0005064999363979
10740.5   0.0005041734238819
10741.4   0.0005016298589659
10742.3   0.0005002738899570
10743.2   0.0004994722564559
10744.1   0.0004986005390828
10745.0   0.0004981014688959
10745.9   0.0004969797332158
10746.8   0.0004918483266986
10747.7   0.0004790396579579
10748.6   0.0004626870647240
10749.5   0.0004571230925317
10750.4   0.0004680367764172
10751.3   0.0004823195330521
10752.2   0.0004874861246796
10753.1   0.0004863009627374
10754.0   0.0004870628653408
10754.9   0.0004919985882381
10755.8   0.0004982077400990
10756.7   0.0005028460897543
10757.6   0.0005048089750717
10758.5   0.0005044979644675
10759.4   0.0005034823926097
10760.3   0.0005027158010445
10761.2   0.0005021258151095
10762.1   0.0005020839723893
10763.0   0.0005032112918713
10763.9   0.0005048818866381
10764.8   0.0005057738273961
10765.7   0.0005056099284944
10766.6   0.0005048893675009
10767.5   0.0005037422183636
10768.4   0.0005022983044756
10769.3   0.0005011762108594
10770.2   0.0005008124404865
10771.1   0.0005010780648039
10772.0   0.0005016047676512
10772.9   0.0005016500823508
10773.8   0.0005004120174655
10774.7   0.0004984281213040
10775.6   0.0004974729690456
10776.5   0.0004983024857624
10777.4   0.0004994107272547
10778.3   0.0004987541294272
10779.2   0.0004961427356362
10780.1   0.0004928666546638
10781.0   0.0004894444642096
10781.9   0.0004847318786247
10782.8   0.0004785937412693
10783.7   0.0004727831511621
10784.6   0.0004670853466934
10785.5   0.0004590225873807
10786.4   0.0004523008711450
10787.3   0.0004570901266246
10788.2   0.0004727347582127
10789.1   0.0004873776700668
10790.0   0.0004950460912708
10790.9   0.0004981459961363
10791.8   0.0004996318601253
10792.7   0.0004998985940444
10793.6   0.0004988693848243
10794.5   0.0004975661397906
10795.4   0.0004970037865160
10796.3   0.0004974051043770
10797.2   0.0004982820118223
10798.1   0.0004985128447589
10799.0   0.0004979222145391
10799.9   0.0004973484431057
10800.8   0.0004972972582554
10801.7   0.0004978684167560
10802.6   0.0004989140552391
10803.5   0.0005000915573505
10804.4   0.0005008170936547
10805.3   0.0005006511903113
10806.2   0.0004999737606077
10807.1   0.0004997562070973
10808.0   0.0004992496560476
10808.9   0.0004927923113533
10809.8   0.0004758882460997
10810.7   0.0004581084545898
10811.6   0.0004567625077893
10812.5   0.0004718660117086
10813.4   0.0004868998254856
10814.3   0.0004934317640456
10815.2   0.0004943083851421
10816.1   0.0004921920168611
10817.0   0.0004882187839105
10817.9   0.0004852982049890
10818.8   0.0004860205914562
10819.7   0.0004881399663998
10820.6   0.0004884612855612
10821.5   0.0004888885537834
10822.4   0.0004914100698408
10823.3   0.0004934244979445
10824.2   0.0004902418024786
10825.1   0.0004759383571420
10826.0   0.0004504959429914
10826.9   0.0004294825575141
10827.8   0.0004288191589022
10828.7   0.0004401404961162
10829.6   0.0004466875037825
10830.5   0.0004508061661364
10831.4   0.0004610307516041
10832.3   0.0004733851279535
10833.2   0.0004793557512535
10834.1   0.0004794268731398
10835.0   0.0004810767792050
10835.9   0.0004872863247955
10836.8   0.0004932252349645
10837.7   0.0004946010694223
10838.6   0.0004934132229600
10839.5   0.0004933911383078
10840.4   0.0004944102895258
10841.3   0.0004931153844012
10842.2   0.0004866732877812
10843.1   0.0004767727059950
10844.0   0.0004719533480965
10844.9   0.0004772449309807
10845.8   0.0004856078912299
10846.7   0.0004898932085927
10847.6   0.0004904148287487
10848.5   0.0004893716600240
10849.4   0.0004889452866419
10850.3   0.0004909331200996
10851.2   0.0004939353800200
10852.1   0.0004952989372724
10853.0   0.0004952367279929
10853.9   0.0004951994668536
10854.8   0.0004949899311099
10855.7   0.0004944842749003
10856.6   0.0004948691634982
10857.5   0.0004961062619562
10858.4   0.0004964104001889
10859.3   0.0004950798446371
10860.2   0.0004927266658880
10861.1   0.0004889308260269
10862.0   0.0004831534165883
10862.9   0.0004780934183063
10863.8   0.0004787504456570
10864.7   0.0004851719609562
10865.6   0.0004905742892437
10866.5   0.0004872533588885
10867.4   0.0004693657928441
10868.3   0.0004386490125317
10869.2   0.0004146232017512
10870.1   0.0004174298854324
10871.0   0.0004392424346524
10871.9   0.0004592309419355
10872.8   0.0004705969495643
10873.7   0.0004772395977341
10874.6   0.0004816637226838
10875.5   0.0004844225145262
10876.4   0.0004863891223782
10877.3   0.0004878810712795
10878.2   0.0004887301670964
10879.1   0.0004879883804971
10880.0   0.0004841283627083
10880.9   0.0004762982618059
10881.8   0.0004665428946614
10882.7   0.0004589260162436
10883.6   0.0004548964799577
10884.5   0.0004539022410865
10885.4   0.0004583941591176
10886.3   0.0004697918440838
10887.2   0.0004819289532716
10888.1   0.0004885013743950
10889.0   0.0004893957133243
10889.9   0.0004868496786498
10890.8   0.0004837486283891
10891.7   0.0004837411117327
10892.6   0.0004869119953101
10893.5   0.0004883045811735
10894.4   0.0004848509997308
10895.3   0.0004791348689381
10896.2   0.0004762085988339
10897.1   0.0004787337658387
10898.0   0.0004840435676662
10898.9   0.0004883867632827
10899.8   0.0004911132692964
10900.7   0.0004927844367609
10901.6   0.0004932760260851
10902.5   0.0004930858546799
10903.4   0.0004934842374656
10904.3   0.0004933227009416
10905.2   0.0004909515538045
10906.1   0.0004889006162271
10907.0   0.0004894297888330
10907.9   0.0004908005763930
10908.8   0.0004917938846306
10909.7   0.0004929123272994
10910.6   0.0004939105392605
10911.5   0.0004932419147828
10912.4   0.0004875585351356
10913.3   0.0004734439368410
10914.2   0.0004567057749308
10915.1   0.0004520091532921
10916.0   0.0004633898005039
10916.9   0.0004784149880230
10917.8   0.0004862867526776
10918.7   0.0004878020032136
10919.6   0.0004878736977976
10920.5   0.0004883580926079
10921.4   0.0004883438109608
10922.3   0.0004869157894319
10923.2   0.0004830398076968
10924.1   0.0004735157388057
10925.0   0.0004577252482912
10925.9   0.0004434607463931
10926.8   0.0004397790523274
10927.7   0.0004457126292497
10928.6   0.0004537158280094
10929.5   0.0004599966386607
10930.4   0.0004647215372446
10931.3   0.0004680015913068
10932.2   0.0004700049949813
10933.1   0.0004705742206273
10934.0   0.0004686733656214
10934.9   0.0004641126880816
10935.8   0.0004553131174802
10936.7   0.0004403696467536
10937.6   0.0004265333437113
10938.5   0.0004253526201757
10939.4   0.0004362619372419
10940.3   0.0004498955411184
10941.2   0.0004610864464482
10942.1   0.0004684192310502
10943.0   0.0004701733680831
10943.9   0.0004682943829678
10944.8   0.0004683242348315
10945.7   0.0004706272309513
10946.6   0.0004699550271135
10947.5   0.0004653772402321
10948.4   0.0004634711235667
10949.3   0.0004680170183491
10950.2   0.0004723710952206
10951.1   0.0004676104030351
10952.0   0.0004559956298753
10952.9   0.0004503921415468
10953.8   0.0004576518356143
10954.7   0.0004686121585627
10955.6   0.0004696566516506
10956.5   0.0004604093746806
10957.4   0.0004547673366432
10958.3   0.0004615868767920
10959.2   0.0004727573439753
10960.1   0.0004761377275028
10961.0   0.0004678581663453
10961.9   0.0004522283891018
10962.8   0.0004370713379546
10963.7   0.0004253364414678
10964.6   0.0004162288669248
10965.5   0.0004117180856656
10966.4   0.0004132975141292
10967.3   0.0004198389022001
10968.2   0.0004313705268234
10969.1   0.0004462391889227
10970.0   0.0004565892309640
10970.9   0.0004582081039766
10971.8   0.0004555230111599
10972.7   0.0004523039136012
10973.6   0.0004510441935869
10974.5   0.0004552890999735
10975.4   0.0004622396089105
10976.3   0.0004634529762107
10977.2   0.0004551156083867
10978.1   0.0004389312808738
10979.0   0.0004218855087516
10979.9   0.0004144878661436
10980.8   0.0004196267893170
10981.7   0.0004314133001773
10982.6   0.0004431718562347
10983.5   0.0004490490224409
10984.4   0.0004479944355573
10985.3   0.0004468846907337
10986.2   0.0004499117914135
10987.1   0.0004555103402250
10988.0   0.0004629194009919
10988.9   0.0004683714465920
10989.8   0.0004669024055957
10990.7   0.0004623950963158
10991.6   0.0004614022533950
10992.5   0.0004617700326513
10993.4   0.0004584812807439
10994.3   0.0004509372065118
10995.2   0.0004415199099342
10996.1   0.0004335856496512
10997.0   0.0004302980073454
10997.9   0.0004340351814935
10998.8   0.0004437009930469
10999.7   0.0004521449542165
11000.6   0.0004526261991899
11001.5   0.0004472870108155
11002.4   0.0004442770552709
11003.3   0.0004482446686260
11004.2   0.0004531981451496
11005.1   0.0004512794649302
11006.0   0.0004469247795675
11006.9   0.0004482030406673
11007.8   0.0004532730253642
11008.7   0.0004553369560189
11009.6   0.0004533013023094
11010.5   0.0004522491851844
11011.4   0.0004523057032813
11012.3   0.0004462232249764
11013.2   0.0004354260492640
11014.1   0.0004318528813984
11015.0   0.0004389037555942
11015.9   0.0004467419816442
11016.8   0.0004447232583083
11017.7   0.0004347629012074
11018.6   0.0004303103561380
11019.5   0.0004360128853620
11020.4   0.0004418120573104
11021.3   0.0004412817393093
11022.2   0.0004402059626135
11023.1   0.0004455362383811
11024.0   0.0004560263049918
11024.9   0.0004655334793030
11025.8   0.0004695248238160
11026.7   0.0004664110668267
11027.6   0.0004560059026389
11028.5   0.0004417185644230
11029.4   0.0004336151793725
11030.3   0.0004383174206066
11031.2   0.0004493489728222
11032.1   0.0004567571745426
11033.0   0.0004582887111674
11033.9   0.0004577990546976
11034.8   0.0004591839807303
11035.7   0.0004608100124632
11036.6   0.0004557518754485
11037.5   0.0004440978367077
11038.4   0.0004372840235352
11039.3   0.0004408667482924
11040.2   0.0004471862876207
11041.1   0.0004517951433482
11042.0   0.0004577683079939
11042.9   0.0004631274691979
11043.8   0.0004631472988532
11044.7   0.0004597144061122
11045.6   0.0004564580832078
11046.5   0.0004524724298775
11047.4   0.0004468739884468
11048.3   0.0004451271175150
11049.2   0.0004530221122170
11050.1   0.0004649924232214
11051.0   0.0004710255063561
11051.9   0.0004704651575233
11052.8   0.0004679272837899
11053.7   0.0004627678150892
11054.6   0.0004529717506196
11055.5   0.0004438602745740
11056.4   0.0004412203174889
11057.3   0.0004405457154798
11058.2   0.0004382475872899
11059.1   0.0004410467185212
11060.0   0.0004519456912365
11060.9   0.0004650738178714
11061.8   0.0004726316010529
11062.7   0.0004697779203728
11063.6   0.0004601607165304
11064.5   0.0004537286779124
11065.4   0.0004551480373897
11066.3   0.0004581317204308
11067.2   0.0004543587884747
11068.1   0.0004443891966246
11069.0   0.0004380691561860
11069.9   0.0004425777182419
11070.8   0.0004519430425100
11071.7   0.0004573316976417
11072.6   0.0004600079136452
11073.5   0.0004641439358958
11074.4   0.0004686682471364
11075.3   0.0004724841672080
11076.2   0.0004739493424954
11077.1   0.0004678164310058
11078.0   0.0004540150267251
11078.9   0.0004411306187233
11079.8   0.0004358861402188
11080.7   0.0004368175971129
11081.6   0.0004428632795954
11082.5   0.0004543294019278
11083.4   0.0004647840328730
11084.3   0.0004686043913512
11085.2   0.0004675736072127
11086.1   0.0004652284462303
11087.0   0.0004624506121919
11087.9   0.0004589922702002
11088.8   0.0004545328169656
11089.7   0.0004462742308586
11090.6   0.0004360471040451
11091.5   0.0004330271620856
11092.4   0.0004404227644584
11093.3   0.0004532433524684
11094.2   0.0004654336151546
11095.1   0.0004715004158620
11096.0   0.0004695223898511
11096.9   0.0004639395902243
11097.8   0.0004620713789831
11098.7   0.0004658099132881
11099.6   0.0004679928218744
11100.5   0.0004616292206227
11101.4   0.0004512837959560
11102.3   0.0004472212937630
11103.2   0.0004508272485677
11104.1   0.0004548145484037
11105.0   0.0004566603528504
11105.9   0.0004605962888681
11106.8   0.0004647202486749
11107.7   0.0004625265662145
11108.6   0.0004577676637091
11109.5   0.0004592573218199
11110.4   0.0004637524254816
11111.3   0.0004635694843839
11112.2   0.0004607600088017
11113.1   0.0004586176185723
11114.0   0.0004577076736328
11114.9   0.0004606943991300
11115.8   0.0004650412814876
11116.7   0.0004630908523435
11117.6   0.0004538550293260
11118.5   0.0004424117433114
11119.4   0.0004331971101060
11120.3   0.0004319298376418
11121.2   0.0004404779939856
11122.1   0.0004511102327819
11123.0   0.0004587636564668
11123.9   0.0004649385538510
11124.8   0.0004675775803024
11125.7   0.0004634487883594
11126.6   0.0004565835039877
11127.5   0.0004533598964352
11128.4   0.0004520930534942
11129.3   0.0004473949643179
11130.2   0.0004392929394243
11131.1   0.0004306369011652
11132.0   0.0004249031599206
11132.9   0.0004251415453072
11133.8   0.0004315178174939
11134.7   0.0004434307155613
11135.6   0.0004585550513568
11136.5   0.0004718569201338
11137.4   0.0004780565151031
11138.3   0.0004750432665471
11139.2   0.0004671903293269
11140.1   0.0004631233887273
11141.0   0.0004664205521311
11141.9   0.0004711661036232
11142.8   0.0004690237491874
11143.7   0.0004566204071910
11144.6   0.0004398943435181
11145.5   0.0004305140575246
11146.4   0.0004334805596369
11147.3   0.0004418030731164
11148.2   0.0004477480681976
11149.1   0.0004532890966913
11150.0   0.0004615894181377
11150.9   0.0004683425969492
11151.8   0.0004683903456137
11152.7   0.0004637100816509
11153.6   0.0004613687147903
11154.5   0.0004635208766730
11155.4   0.0004632037453629
11156.3   0.0004546715171718
11157.2   0.0004429064824725
11158.1   0.0004357989827989
11159.0   0.0004361013671451
11159.9   0.0004428806394921
11160.8   0.0004507180422893
11161.7   0.0004546089141626
11162.6   0.0004569185320986
11163.5   0.0004617020248083
11164.4   0.0004674982974749
11165.3   0.0004698039781148
11166.2   0.0004662134503523
11167.1   0.0004596477226324
11168.0   0.0004551202615549
11168.9   0.0004525443750166
11169.8   0.0004476619845858
11170.7   0.0004417950553496
11171.6   0.0004418017845467
11172.5   0.0004465120435476
11173.4   0.0004490527091818
11174.3   0.0004495460881861
11175.2   0.0004517449965124
11176.1   0.0004567715635705
11177.0   0.0004626383496322
11177.9   0.0004649709112669
11178.8   0.0004626101084806
11179.7   0.0004591632920285
11180.6   0.0004563976278147
11181.5   0.0004544214272775
11182.4   0.0004535359651614
11183.3   0.0004494538838684
11184.2   0.0004392932973603
11185.1   0.0004292010766312
11186.0   0.0004244178702703
11186.9   0.0004213168915968
11187.8   0.0004172306224524
11188.7   0.0004143282624741
11189.6   0.0004143440474524
11190.5   0.0004206767588260
11191.4   0.0004351728453264
11192.3   0.0004529751510117
11193.2   0.0004662296648539
11194.1   0.0004699237077121
11195.0   0.0004623787744335
11195.9   0.0004472082290984
11196.8   0.0004353151248927
11197.7   0.0004303983368107
11198.6   0.0004235451864700
11199.5   0.0004148618018994
11200.4   0.0004163242926666
11201.3   0.0004288862003180
11202.2   0.0004417522462021
11203.1   0.0004489515564637
11204.0   0.0004515533217759
11204.9   0.0004528567815713
11205.8   0.0004555153871228
11206.7   0.0004585084480875
11207.6   0.0004587066014659
11208.5   0.0004548281141787
11209.4   0.0004498318285076
11210.3   0.0004473457839093
11211.2   0.0004454738501335
11212.1   0.0004411518801227
11213.0   0.0004356809712945
11213.9   0.0004320827479078
11214.8   0.0004317900994212
11215.7   0.0004353855667006
11216.6   0.0004430456837891
11217.5   0.0004515492770989
11218.4   0.0004546618528993
11219.3   0.0004491921610536
11220.2   0.0004397056396506
11221.1   0.0004338640880779
11222.0   0.0004327296098756
11222.9   0.0004302605314446
11223.8   0.0004270120473389
11224.7   0.0004321576281223
11225.6   0.0004441468739419
11226.5   0.0004486876144456
11227.4   0.0004395804336322
11228.3   0.0004278732771867
11229.2   0.0004280283708624
11230.1   0.0004394170358410
11231.0   0.0004468610311630
11231.9   0.0004397931192128
11232.8   0.0004249203408494
11233.7   0.0004167493416855
11234.6   0.0004227187837966
11235.5   0.0004378701437612
11236.4   0.0004499123283175
11237.3   0.0004531856531827
11238.2   0.0004520464144314
11239.1   0.0004511909473534
11240.0   0.0004507086643656
11240.9   0.0004496997143241
11241.8   0.0004488111381647
11242.7   0.0004460271118333
11243.6   0.0004387253602839
11244.5   0.0004324033869908
11245.4   0.0004354508542299
11246.3   0.0004462345357545
11247.2   0.0004560463494087
11248.1   0.0004576877008031
11249.0   0.0004444614639062
11249.9   0.0004141274245756
11250.8   0.0003803402691190
11251.7   0.0003631254796101
11252.6   0.0003659053538838
11253.5   0.0003781950511951
11254.4   0.0003937702431961
11255.3   0.0004137823026691
11256.2   0.0004341317526306
11257.1   0.0004441376391927
11258.0   0.0004407855326104
11258.9   0.0004309120465806
11259.8   0.0004213645686741
11260.7   0.0004168897599845
11261.6   0.0004219477180312
11262.5   0.0004354786658583
11263.4   0.0004492886963971
11264.3   0.0004583940875304
11265.2   0.0004643049713093
11266.1   0.0004675505561332
11267.0   0.0004663146030704
11267.9   0.0004598550033792
11268.8   0.0004506841815422
11269.7   0.0004443146743461
11270.6   0.0004455834859352
11271.5   0.0004515815629276
11272.4   0.0004525393281188
11273.3   0.0004431785854318
11274.2   0.0004290070037234
11275.1   0.0004198424457666
11276.0   0.0004188460234856
11276.9   0.0004215333712992
11277.8   0.0004242344280622
11278.7   0.0004280819180904
11279.6   0.0004337832661256
11280.5   0.0004380728787206
11281.4   0.0004404293862747
11282.3   0.0004449656167846
11283.2   0.0004510739022762
11284.1   0.0004516604520255
11285.0   0.0004436890379840
11285.9   0.0004348885725426
11286.8   0.0004344083297901
11287.7   0.0004382762579648
11288.6   0.0004357114674431
11289.5   0.0004284669856562
11290.4   0.0004284384939494
11291.3   0.0004381120011271
11292.2   0.0004484595734099
11293.1   0.0004495552871417
11294.0   0.0004392308017319
11294.9   0.0004260656645130
11295.8   0.0004173515332386
11296.7   0.0004132212379642
11297.6   0.0004136749218643
11298.5   0.0004209842258636
11299.4   0.0004351482909157
11300.3   0.0004502978612002
11301.2   0.0004594759849320
11302.1   0.0004614939923959
11303.0   0.0004589095153933
11303.9   0.0004547717750498
11304.8   0.0004533336239316
11305.7   0.0004555520039772
11306.6   0.0004568811277849
11307.5   0.0004549654184344
11308.4   0.0004523548121026
11309.3   0.0004489830906267
11310.2   0.0004425789352244
11311.1   0.0004371224512176
11312.0   0.0004376341207523
11312.9   0.0004387250381415
11313.8   0.0004334902597030
11314.7   0.0004286838590882
11315.6   0.0004342781126675
11316.5   0.0004455752534068
11317.4   0.0004523586420180
11318.3   0.0004546852977084
11319.2   0.0004557374506270
11320.1   0.0004542011534533
11321.0   0.0004509740023342
11321.9   0.0004490684941601
11322.8   0.0004494524879179
11323.7   0.0004529007003204
11324.6   0.0004586008313732
11325.5   0.0004633007102296
11326.4   0.0004643493195817
11327.3   0.0004588340982747
11328.2   0.0004448536901924
11329.1   0.0004280909022844
11330.0   0.0004201136538858
11330.9   0.0004215232059163
11331.8   0.0004191582152787
11332.7   0.0004089824880771
11333.6   0.0004055498816849
11334.5   0.0004194554811399
11335.4   0.0004393406165016
11336.3   0.0004494828050985
11337.2   0.0004488138942720
11338.1   0.0004461673869579
11339.0   0.0004477498220841
11339.9   0.0004486641338430
11340.8   0.0004376198033117
11341.7   0.0004132616847340
11342.6   0.0003910047937439
11343.5   0.0003847121354105
11344.4   0.0003922631536013
11345.3   0.0004058010095936
11346.2   0.0004167054945235
11347.1   0.0004161034819384
11348.0   0.0004067194376167
11348.9   0.0004025965874115
11349.8   0.0004099306963767
11350.7   0.0004195204107331
11351.6   0.0004205897445805
11352.5   0.0004141940006746
11353.4   0.0004104377127432
11354.3   0.0004126319321077
11355.2   0.0004105410130774
11356.1   0.0003966325859279
11357.0   0.0003841658534631
11357.9   0.0003927184124199
11358.8   0.0004179997195697
11359.7   0.0004392054240684
11360.6   0.0004469508373094
11361.5   0.0004467696143046
11362.4   0.0004472831451066
11363.3   0.0004516460987912
11364.2   0.0004564164910427
11365.1   0.0004570239442553
11366.0   0.0004524147663853
11366.9   0.0004457282352600
11367.8   0.0004430106418531
11368.7   0.0004460448654597
11369.6   0.0004484644055461
11370.5   0.0004434276731052
11371.4   0.0004302070915974
11372.3   0.0004136377323123
11373.2   0.0004031193529627
11374.1   0.0004064156215265
11375.0   0.0004209634297811
11375.9   0.0004371608577521
11376.8   0.0004475751135147
11377.7   0.0004510871817024
11378.6   0.0004493510488511
11379.5   0.0004412278699389
11380.4   0.0004262409457799
11381.3   0.0004132177301913
11382.2   0.0004145821822838
11383.1   0.0004293286450272
11384.0   0.0004442982092894
11384.9   0.0004506505355567
11385.8   0.0004484313322583
11386.7   0.0004418517524145
11387.6   0.0004364325653406
11388.5   0.0004336427404457
11389.4   0.0004300251169269
11390.3   0.0004244639366355
11391.2   0.0004205396693319
11392.1   0.0004209642172404
11393.0   0.0004248265258196
11393.9   0.0004290499202517
11394.8   0.0004295706097740
11395.7   0.0004265765823820
11396.6   0.0004265678845368
11397.5   0.0004329396109362
11398.4   0.0004418958859253
11399.3   0.0004486754446211
11400.2   0.0004506105898973
11401.1   0.0004451211757771
11402.0   0.0004290805953682
11402.9   0.0004054501607108
11403.8   0.0003885921618225
11404.7   0.0003898417164540
11405.6   0.0004043468945291
11406.5   0.0004211426483443
11407.4   0.0004336817554715
11408.3   0.0004406787602969
11409.2   0.0004413287005145
11410.1   0.0004348968408645
11411.0   0.0004258405585526
11411.9   0.0004195799354926
11412.8   0.0004172879638021
11413.7   0.0004189595965835
11414.6   0.0004243376926027
11415.5   0.0004315239739934
11416.4   0.0004360390504848
11417.3   0.0004345483901531
11418.2   0.0004318368816585
11419.1   0.0004346824729846
11420.0   0.0004396940425237
11420.9   0.0004385212293740
11421.8   0.0004324560035851
11422.7   0.0004302703746850
11423.6   0.0004332424605992
11424.5   0.0004354115170618
11425.4   0.0004359717227202
11426.3   0.0004373402552833
11427.2   0.0004379727998105
11428.1   0.0004372442210502
11429.0   0.0004388738679369
11429.9   0.0004441501669532
11430.8   0.0004491095136275
11431.7   0.0004492888753651
11432.6   0.0004419222300161
11433.5   0.0004276558668507
11434.4   0.0004149048973957
11435.3   0.0004129271935272
11436.2   0.0004194160007973
11437.1   0.0004233576995849
11438.0   0.0004143148398735
11438.9   0.0003947024159623
11439.8   0.0003861787066483
11440.7   0.0004029970820197
11441.6   0.0004302155746810
11442.5   0.0004476152023485
11443.4   0.0004507187939549
11444.3   0.0004435535234084
11445.2   0.0004315512845114
11446.1   0.0004225474040322
11447.0   0.0004233848669285
11447.9   0.0004297859798747
11448.8   0.0004298848775959
11449.7   0.0004218340733461
11450.6   0.0004172614765370
11451.5   0.0004249672662611
11452.4   0.0004390621422812
11453.3   0.0004476953442224
11454.2   0.0004456075392355
11455.1   0.0004359385778451
11456.0   0.0004270427940427
11456.9   0.0004239878817344
11457.8   0.0004241087567270
11458.7   0.0004263853371687
11459.6   0.0004330278421641
11460.5   0.0004387997035944
11461.4   0.0004345150663100
11462.3   0.0004218848644668
11463.2   0.0004142967641047
11464.1   0.0004186180540371
11465.0   0.0004271575841230
11465.9   0.0004327875597166
11466.8   0.0004371728844023
11467.7   0.0004420647243440
11468.6   0.0004440675911144
11469.5   0.0004404235519176
11470.4   0.0004317684442922
11471.3   0.0004184170729642
11472.2   0.0004070662418225
11473.1   0.0004097762827795
11474.0   0.0004247326034090
11474.9   0.0004382004113230
11475.8   0.0004437834615050
11476.7   0.0004443932413016
11477.6   0.0004427876835088
11478.5   0.0004397489857021
11479.4   0.0004369348211581
11480.3   0.0004351417764802
11481.2   0.0004345380458022
11482.1   0.0004359367165778
11483.0   0.0004353070355387
11483.9   0.0004266591940145
11484.8   0.0004143088623420
11485.7   0.0004102241323225
11486.6   0.0004188758753494
11487.5   0.0004320126282422
11488.4   0.0004398474181065
11489.3   0.0004424358324052
11490.2   0.0004438354338145
11491.1   0.0004420526261066
11492.0   0.0004342116797430
11492.9   0.0004238930286902
11493.8   0.0004171765741140
11494.7   0.0004177026326765
11495.6   0.0004248724490104
11496.5   0.0004345068695752
11497.4   0.0004426402496639
11498.3   0.0004480642688740
11499.2   0.0004500113692131
11500.1   0.0004461838878082
11501.0   0.0004362758609529
11501.9   0.0004247075836815
11502.8   0.0004182833122751
11503.7   0.0004186079602415
11504.6   0.0004219254186174
11505.5   0.0004273920322134
11506.4   0.0004347382752095
11507.3   0.0004399230141930
11508.2   0.0004393251536657
11509.1   0.0004343101479409
11510.0   0.0004313700973002
11510.9   0.0004354929832990
11511.8   0.0004438568025946
11512.7   0.0004497868001568
11513.6   0.0004503471489896
11514.5   0.0004453470691967
11515.4   0.0004330772373343
11516.3   0.0004161715971622
11517.2   0.0004070812393416
11518.1   0.0004135571967087
11519.0   0.0004279401754281
11519.9   0.0004387805182239
11520.8   0.0004386617550539
11521.7   0.0004259580331530
11522.6   0.0004108110400078
11523.5   0.0004075696430352
11524.4   0.0004171033761988
11525.3   0.0004277652878907
11526.2   0.0004320434107396
11527.1   0.0004305248313987
11528.0   0.0004261055027915
11528.9   0.0004240658759923
11529.8   0.0004285694627376
11530.7   0.0004367646225826
11531.6   0.0004419178989903
11532.5   0.0004409884107442
11533.4   0.0004366264592804
11534.3   0.0004328186643564
11535.2   0.0004312428152529
11536.1   0.0004313720301546
11537.0   0.0004332111769914
11537.9   0.0004361732764907
11538.8   0.0004360227286025
11539.7   0.0004294108271365
11540.6   0.0004209345443446
11541.5   0.0004203497484819
11542.4   0.0004290271197275
11543.3   0.0004382627279834
11544.2   0.0004420653328352
11545.1   0.0004414011825577
11546.0   0.0004398181031468
11546.9   0.0004396653360552
11547.8   0.0004398741917204
11548.7   0.0004371394531784
11549.6   0.0004315640628272
11550.5   0.0004275686378436
11551.4   0.0004259799388372
11552.3   0.0004213918433985
11553.2   0.0004132161194792
11554.1   0.0004099940868451
11555.0   0.0004170472876251
11555.9   0.0004291314222825
11556.8   0.0004374977471303
11557.7   0.0004385908837227
11558.6   0.0004342045210226
11559.5   0.0004289832367719
11560.4   0.0004283084915884
11561.3   0.0004335640303158
11562.2   0.0004405375545387
11563.1   0.0004429865169656
11564.0   0.0004375867300238
11564.9   0.0004286608795960
11565.8   0.0004255168770134
11566.7   0.0004300459488030
11567.6   0.0004345506451500
11568.5   0.0004351966838650
11569.4   0.0004354273020401
11570.3   0.0004360844725652
11571.2   0.0004343138704755
11572.1   0.0004303906769799
11573.0   0.0004263618923597
11573.9   0.0004215776837780
11574.8   0.0004177448333328
11575.7   0.0004190789682448
11576.6   0.0004232945596717
11577.5   0.0004259299709693
11578.4   0.0004281800283523
11579.3   0.0004309064985724
11580.2   0.0004322776082748
11581.1   0.0004338585042761
11582.0   0.0004380037254823
11582.9   0.0004426080712161
11583.8   0.0004428057234840
11584.7   0.0004358356712406
11585.6   0.0004269659809737
11586.5   0.0004248556976049
11587.4   0.0004279719601463
11588.3   0.0004270538542656
11589.2   0.0004187551435312
11590.1   0.0004067969665578
11591.0   0.0003956027682166
11591.9   0.0003872729886361
11592.8   0.0003844362741231
11593.7   0.0003920705840248
11594.6   0.0004093161202375
11595.5   0.0004264601100024
11596.4   0.0004353569676129
11597.3   0.0004372732138675
11598.2   0.0004363934787277
11599.1   0.0004322185130386
11600.0   0.0004257921656032
11600.9   0.0004233346127119
11601.8   0.0004257209363361
11602.7   0.0004263688721120
11603.6   0.0004236027425813
11604.5   0.0004211805895619
11605.4   0.0004178116599870
11606.3   0.0004090550059139
11607.2   0.0003991242859151
11608.1   0.0003959905203026
11609.0   0.0003950928525684
11609.9   0.0003881692246262
11610.8   0.0003828045154139
11611.7   0.0003915778850989
11612.6   0.0004102795408178
11613.5   0.0004247444152976
11614.4   0.0004287210844339
11615.3   0.0004264078155505
11616.2   0.0004245361323299
11617.1   0.0004250605443868
11618.0   0.0004261076504076
11618.9   0.0004268578842969
11619.8   0.0004284683100195
11620.7   0.0004314898268975
11621.6   0.0004347931468007
11622.5   0.0004372723548211
11623.4   0.0004381536290857
11624.3   0.0004364075456131
11625.2   0.0004315975298446
11626.1   0.0004253194395071
11627.0   0.0004207296975628
11627.9   0.0004185873431270
11628.8   0.0004175381610772
11629.7   0.0004182211745827
11630.6   0.0004219113875256
11631.5   0.0004272235875243
11632.4   0.0004310217897631
11633.3   0.0004322993349910
11634.2   0.0004328658045297
11635.1   0.0004332822272905
11636.0   0.0004299588629704
11636.9   0.0004186489797089
11637.8   0.0004045092185123
11638.7   0.0003994622491013
11639.6   0.0004037710470668
11640.5   0.0004079714262130
11641.4   0.0004112995510822
11642.3   0.0004182073224589
11643.2   0.0004258713768435
11644.1   0.0004297981854929
11645.0   0.0004309048520667
11645.9   0.0004309934412307
11646.8   0.0004298038766755
11647.7   0.0004280292299088
11648.6   0.0004283053417515
11649.5   0.0004312328646317
11650.4   0.0004337708099522
11651.3   0.0004327024783256
11652.2   0.0004280795915063
11653.1   0.0004238642506345
11654.0   0.0004228529382153
11654.9   0.0004218579476784
11655.8   0.0004185164360022
11656.7   0.0004167092170581
11657.6   0.0004181550995942
11658.5   0.0004188319923938
11659.4   0.0004175837979193
11660.3   0.0004184279542191
11661.2   0.0004235548865360
11662.1   0.0004302823297479
11663.0   0.0004345225113791
11663.9   0.0004343475880482
11664.8   0.0004306703681827
11665.7   0.0004262163913692
11666.6   0.0004226993120773
11667.5   0.0004187109742268
11668.4   0.0004144886893964
11669.3   0.0004139441255419
11670.2   0.0004180665104303
11671.1   0.0004234717379995
11672.0   0.0004273676209771
11672.9   0.0004291923429924
11673.8   0.0004294394620178
11674.7   0.0004298848060087
11675.6   0.0004323575711807
11676.5   0.0004359537901258
11677.4   0.0004375544799888
11678.3   0.0004352707050331
11679.2   0.0004301502871517
11680.1   0.0004249715972868
11681.0   0.0004219390201860
11681.9   0.0004204445299389
11682.8   0.0004190459665441
11683.7   0.0004191808010413
11684.6   0.0004227189627646
11685.5   0.0004276237599900
11686.4   0.0004297701591028
11687.3   0.0004256151662434
11688.2   0.0004127753212756
11689.1   0.0003950861233713
11690.0   0.0003865370721874
11690.9   0.0003962106509524
11691.8   0.0004133119389506
11692.7   0.0004224419560819
11693.6   0.0004212699661851
11694.5   0.0004168894020485
11695.4   0.0004161534855998
11696.3   0.0004203813184385
11697.2   0.0004248182932912
11698.1   0.0004238708008636
11699.0   0.0004177321981914
11699.9   0.0004129535018243
11700.8   0.0004152676297542
11701.7   0.0004227510696252
11702.6   0.0004296624561556
11703.5   0.0004334487033315
11704.4   0.0004339057160366
11705.3   0.0004310021748694
11706.2   0.0004262694732804
11707.1   0.0004222101925116
11708.0   0.0004207929806504
11708.9   0.0004224523362263
11709.8   0.0004243733430299
11710.7   0.0004229071655217
11711.6   0.0004194351145806
11712.5   0.0004190837645874
11713.4   0.0004225181606597
11714.3   0.0004261235069731
11715.2   0.0004287421310716
11716.1   0.0004308045226015
11717.0   0.0004309791237900
11717.9   0.0004291604866870
11718.8   0.0004276678935008
11719.7   0.0004272757388018
11720.6   0.0004260695660155
11721.5   0.0004214285318401
11722.4   0.0004141552362040
11723.3   0.0004101204024651
11724.2   0.0004133131201395
11725.1   0.0004200692340263
11726.0   0.0004240837369995
11726.9   0.0004236810231880
11727.8   0.0004221295853208
11728.7   0.0004228893403081
11729.6   0.0004253947492448
11730.5   0.0004268211600617
11731.4   0.0004265125476288
11732.3   0.0004258476456857
11733.2   0.0004251176351813
11734.1   0.0004227144885644
11735.0   0.0004180456427605
11735.9   0.0004136514770553
11736.8   0.0004130908776672
11737.7   0.0004164664290585
11738.6   0.0004195995861798
11739.5   0.0004193522523929
11740.4   0.0004177325203339
11741.3   0.0004185690168029
11742.2   0.0004216636600090
11743.1   0.0004240575002895
11744.0   0.0004245572505549
11744.9   0.0004235878166495
11745.8   0.0004209198689680
11746.7   0.0004163215365593
11747.6   0.0004123474445623
11748.5   0.0004124241502505
11749.4   0.0004152075322971
11750.3   0.0004146822611938
11751.2   0.0004074718907093
11752.1   0.0003977666346069
11753.0   0.0003928224644197
11753.9   0.0003950321108265
11754.8   0.0004015855971347
11755.7   0.0004087865539020
11756.6   0.0004138675630281
11757.5   0.0004168853931651
11758.4   0.0004196511647597
11759.3   0.0004223709773699
11760.2   0.0004241815967062
11761.1   0.0004250398198915
11762.0   0.0004256759795725
11762.9   0.0004262922738046
11763.8   0.0004256330630442
11764.7   0.0004223466377208
11765.6   0.0004179468166266
11766.5   0.0004152648378532
11767.4   0.0004136164351193
11768.3   0.0004099220343251
11769.2   0.0004050165928148
11770.1   0.0004030626201042
11771.0   0.0004032783839345
11771.9   0.0004015518795620
11772.8   0.0004007412618668
11773.7   0.0004064978394293
11774.6   0.0004155132454483
11775.5   0.0004202630205853
11776.4   0.0004190458591633
11777.3   0.0004158541079162
11778.2   0.0004145224427627
11779.1   0.0004140673629121
11780.0   0.0004110741229794
11780.9   0.0004043181522670
11781.8   0.0003957389986642
11782.7   0.0003903716765190
11783.6   0.0003940087717571
11784.5   0.0004055969860646
11785.4   0.0004163923363032
11786.3   0.0004209317166501
11787.2   0.0004213140639023
11788.1   0.0004215562076170
11789.0   0.0004227043589751
11789.9   0.0004227022471526
11790.8   0.0004201378503605
11791.7   0.0004162499135625
11792.6   0.0004132431794420
11793.5   0.0004121022225978
11794.4   0.0004120004255949
11795.3   0.0004120424472832
11796.2   0.0004129850717809
11797.1   0.0004146313626923
11798.0   0.0004144513566700
11798.9   0.0004114024576868
11799.8   0.0004086895532417
11800.7   0.0004100987473362
11801.6   0.0004149501047145
11802.5   0.0004198637071660
11803.4   0.0004226787665500
11804.3   0.0004232226861197
11805.2   0.0004225141159827
11806.1   0.0004214103128969
11807.0   0.0004200215927426
11807.9   0.0004186458656656
11808.8   0.0004176797963587
11809.7   0.0004158457322134
11810.6   0.0004122122521291
11811.5   0.0004094213534261
11812.4   0.0004106772435250
11813.3   0.0004154712953472
11814.2   0.0004204496842175
11815.1   0.0004227365374229
11816.0   0.0004216692080172
11816.9   0.0004186807644271
11817.8   0.0004165029385321
11818.7   0.0004173445176927
11819.6   0.0004201969813903
11820.5   0.0004221926178532
11821.4   0.0004222804553515
11822.3   0.0004210466856984
11823.2   0.0004190296088682
11824.1   0.0004152632987284
11825.0   0.0004065139107564
11825.9   0.0003886319643075
11826.8   0.0003629714955361
11827.7   0.0003422910907756
11828.6   0.0003426411521991
11829.5   0.0003633067742022
11830.4   0.0003872290340933
11831.3   0.0004034957584770
11832.2   0.0004118967315311
11833.1   0.0004155255942408
11834.0   0.0004176002271824
11834.9   0.0004194744517487
11835.8   0.0004204577735715
11836.7   0.0004175533375643
11837.6   0.0004082611038307
11838.5   0.0003970042666867
11839.4   0.0003930352931748
11840.3   0.0003971022695679
11841.2   0.0004019701635901
11842.1   0.0004048039788214
11843.0   0.0004070443361383
11843.9   0.0004100972797985
11844.8   0.0004142086044640
11845.7   0.0004178346394792
11846.6   0.0004192720389317
11847.5   0.0004181820521762
11848.4   0.0004161083856618
11849.3   0.0004155159657620
11850.2   0.0004170955731936
11851.1   0.0004192536410205
11852.0   0.0004206503073544
11852.9   0.0004211337715311
11853.8   0.0004206765798580
11854.7   0.0004187846016653
11855.6   0.0004150191505719
11856.5   0.0004107231667159
11857.4   0.0004094488429121
11858.3   0.0004124616619449
11859.2   0.0004158190659802
11860.1   0.0004151924273972
11861.0   0.0004110887625625
11861.9   0.0004077812906014
11862.8   0.0004079513102089
11863.7   0.0004108939737826
11864.6   0.0004149276979199
11865.5   0.0004182444404238
11866.4   0.0004195149701057
11867.3   0.0004190172958692
11868.2   0.0004179383335430
11869.1   0.0004169982145973
11870.0   0.0004156066667484
11870.9   0.0004124001327438
11871.8   0.0004080417248466
11872.7   0.0004058427091395
11873.6   0.0004068511222770
11874.5   0.0004074750047526
11875.4   0.0004061932358798
11876.3   0.0004062990059725
11877.2   0.0004087782139928
11878.1   0.0004106380495313
11879.0   0.0004103690248218
11879.9   0.0004080086157651
11880.8   0.0004007923035427
11881.7   0.0003853905315414
11882.6   0.0003678052424624
11883.5   0.0003619434675049
11884.4   0.0003737308016180
11885.3   0.0003946985502533
11886.2   0.0004120159242244
11887.1   0.0004208100541983
11888.0   0.0004225416770559
11888.9   0.0004188781661399
11889.8   0.0004135565166303
11890.7   0.0004104262229971
11891.6   0.0004076990726986
11892.5   0.0004025740374425
11893.4   0.0003987021361780
11894.3   0.0003993233341336
11895.2   0.0004021066087994
11896.1   0.0004055261147334
11897.0   0.0004094260423879
11897.9   0.0004122384888390
11898.8   0.0004129686425178
11899.7   0.0004127238500766
11900.6   0.0004130220823650
11901.5   0.0004133057824512
11902.4   0.0004115983560683
11903.3   0.0004075703589073
11904.2   0.0004043861243165
11905.1   0.0004051070074524
11906.0   0.0004075391110931
11906.9   0.0004077844404383
11907.8   0.0004068071319406
11908.7   0.0004080124456805
11909.6   0.0004112691981081
11910.5   0.0004140432738183
11911.4   0.0004153082554920
11912.3   0.0004153794847591
11913.2   0.0004145437757493
11914.1   0.0004134795603869
11915.0   0.0004132854158919
11915.9   0.0004139984244355
11916.8   0.0004145751667379
11917.7   0.0004140371531124
11918.6   0.0004118658058593
11919.5   0.0004081151733170
11920.4   0.0004040445101829
11921.3   0.0004016655958342
11922.2   0.0004015417857663
11923.1   0.0004024751039277
11924.0   0.0004032629568923
11924.9   0.0004030585754272
11925.8   0.0004024028008525
11926.7   0.0004035133331354
11927.6   0.0004067066235074
11928.5   0.0004097156842120
11929.4   0.0004110101598134
11930.3   0.0004112412075116
11931.2   0.0004118033818182
11932.1   0.0004130095188108
11933.0   0.0004141291426685
11933.9   0.0004144619157824
11934.8   0.0004132753220962
11935.7   0.0004098751447071
11936.6   0.0004061372904805
11937.5   0.0004058549505512
11938.4   0.0004089063192929
11939.3   0.0004111619246841
11940.2   0.0004104065007226
11941.1   0.0004083916073021
11942.0   0.0004080629862459
11942.9   0.0004102036583824
11943.8   0.0004134328139432
11944.7   0.0004164641740616
11945.6   0.0004183500673420
11946.5   0.0004176350901503
11947.4   0.0004126405941593
11948.3   0.0004031188160587
11949.2   0.0003938406492105
11950.1   0.0003924650653079
11951.0   0.0003994990807174
11951.9   0.0004072112774961
11952.8   0.0004092643626896
11953.7   0.0004061183556653
11954.6   0.0004024871305779
11955.5   0.0004018070879413
11956.4   0.0004038792153308
11957.3   0.0004062147120407
11958.2   0.0004067617814474
11959.1   0.0004067448868675
11960.0   0.0004088452912022
11960.9   0.0004126955731313
11961.8   0.0004156153288000
11962.7   0.0004164559057396
11963.6   0.0004160948914740
11964.5   0.0004156986205109
11965.4   0.0004157363469669
11966.3   0.0004157586463807
11967.2   0.0004146620378089
11968.1   0.0004110402980259
11969.0   0.0004043032979224
11969.9   0.0003955463217069
11970.8   0.0003858070616831
11971.7   0.0003741258913923
11972.6   0.0003643927162807
11973.5   0.0003663900708365
11974.4   0.0003802590176434
11975.3   0.0003957270436013
11976.2   0.0004061360019109
11977.1   0.0004114708950530
11978.0   0.0004135488567995
11978.9   0.0004136653649727
11979.8   0.0004121546602241
11980.7   0.0004078562424031
11981.6   0.0003983510725337
11982.5   0.0003808362968498
11983.4   0.0003604469012290
11984.3   0.0003531519003528
11985.2   0.0003658593948994
11986.1   0.0003851153861260
11987.0   0.0003963831045248
11987.9   0.0003993845769859
11988.8   0.0003979806087572
11989.7   0.0003898019497626
11990.6   0.0003748195713911
11991.5   0.0003641566932719
11992.4   0.0003681014345156
11993.3   0.0003820022734215
11994.2   0.0003949680402797
11995.1   0.0004030416092600
11996.0   0.0004073227029779
11996.9   0.0004094274383384
11997.8   0.0004109372840405
11998.7   0.0004122910696398
11999.6   0.0004126660792036
12000.5   0.0004115200754616
12001.4   0.0004090013870987
12002.3   0.0004045768326257
12003.2   0.0003977283354533
12004.1   0.0003903391043416
12005.0   0.0003869794453094
12005.9   0.0003907098186732
12006.8   0.0003987329186754
12007.7   0.0004050084676673
12008.6   0.0004060169165984
12009.5   0.0004036866099606
12010.4   0.0004025808382268
12011.3   0.0004037050794591
12012.2   0.0004048044083446
12013.1   0.0004052013593862
12014.0   0.0004060899355456
12014.9   0.0004080528208630
12015.8   0.0004101411269604
12016.7   0.0004111427751073
12017.6   0.0004107621459480
12018.5   0.0004094584355974
12019.4   0.0004080918000952
12020.3   0.0004067504706693
12021.2   0.0004046522855379
12022.1   0.0004025637288853
12023.0   0.0004028597419704
12023.9   0.0004056129142173
12024.8   0.0004080600869642
12025.7   0.0004084062826787
12026.6   0.0004063241330808
12027.5   0.0004022119851625
12028.4   0.0003969605984928
12029.3   0.0003865879348953
12030.2   0.0003664145536600
12031.1   0.0003463081207771
12032.0   0.0003446381989299
12032.9   0.0003618366951914
12033.8   0.0003812350375715
12034.7   0.0003938474857884
12035.6   0.0004008733760503
12036.5   0.0004040522773945
12037.4   0.0004033550896227
12038.3   0.0003992356398097
12039.2   0.0003954168562500
12040.1   0.0003952557134556
12041.0   0.0003979168961464
12041.9   0.0004006871777348
12042.8   0.0004012892977007
12043.7   0.0003991471222330
12044.6   0.0003966796903076
12045.5   0.0003966724242064
12046.4   0.0003990694143239
12047.3   0.0004024398114366
12048.2   0.0004056804567435
12049.1   0.0004076418745232
12050.0   0.0004071237979339
12050.9   0.0004036566865097
12051.8   0.0003987940541469
12052.7   0.0003962031342960
12053.6   0.0003983188224986
12054.5   0.0004025472280349
12055.4   0.0004041364281518
12056.3   0.0004020051697325
12057.2   0.0003993454545794
12058.1   0.0003998769537693
12059.0   0.0004034651549476
12059.9   0.0004062515794504
12060.8   0.0004055548927891
12061.7   0.0004018995428142
12062.6   0.0003976597549126
12063.5   0.0003961604325293
12064.4   0.0003987170263163
12065.3   0.0004024437845263
12066.2   0.0004041283030042
12067.1   0.0004039636524369
12068.0   0.0004038660432854
12068.9   0.0004046009575132
12069.8   0.0004052150683356
12070.7   0.0004045077867683
12071.6   0.0004025169824416
12072.5   0.0003998217958293
12073.4   0.0003974382998996
12074.3   0.0003972982395366
12075.2   0.0003994171491633
12076.1   0.0004009898484299
12077.0   0.0004004653289922
12077.9   0.0003989737380269
12078.8   0.0003969603479376
12079.7   0.0003919255841448
12080.6   0.0003815757210714
12081.5   0.0003670331386826
12082.4   0.0003532157454000
12083.3   0.0003487102759113
12084.2   0.0003596713970570
12085.1   0.0003793703698968
12086.0   0.0003934121640059
12086.9   0.0003970988333821
12087.8   0.0003965908863820
12088.7   0.0003977168457071
12089.6   0.0004009097781431
12090.5   0.0004039999471489
12091.4   0.0004057871574698
12092.3   0.0004060729693785
12093.2   0.0004047846860701
12094.1   0.0004022837871272
12095.0   0.0003998322833545
12095.9   0.0003987721484627
12096.8   0.0003992314161647
12097.7   0.0003994782130476
12098.6   0.0003977437982891
12099.5   0.0003950012925355
12100.4   0.0003925167512686
12101.3   0.0003863684843239
12102.2   0.0003731993740152
12103.1   0.0003610331288358
12104.0   0.0003621113752900
12104.9   0.0003751539910107
12105.8   0.0003879547493655
12106.7   0.0003945439218945
12107.6   0.0003959418052108
12108.5   0.0003924853244864
12109.4   0.0003853601785672
12110.3   0.0003802114837405
12111.2   0.0003823932469317
12112.1   0.0003897298614490
12113.0   0.0003958829963234
12113.9   0.0003979911678697
12114.8   0.0003972927989091
12115.7   0.0003960895611982
12116.6   0.0003952051370966
12117.5   0.0003939610230926
12118.4   0.0003924234731428
12119.3   0.0003922310467407
12120.2   0.0003948404002964
12121.1   0.0003988918064728
12122.0   0.0004016529606929
12122.9   0.0004025034166666
12123.8   0.0004020905016787
12124.7   0.0004004899191965
12125.6   0.0003983714390930
12126.5   0.0003973360375799
12127.4   0.0003979469985653
12128.3   0.0003987994231871
12129.2   0.0003980553457974
12130.1   0.0003963068641534
12131.0   0.0003960685861477
12131.9   0.0003971331952397
12132.8   0.0003967677067739
12133.7   0.0003944163177048
12134.6   0.0003917287909232
12135.5   0.0003902926442467
12136.4   0.0003919047164750
12137.3   0.0003970748874627
12138.2   0.0004023685821694
12139.1   0.0004041190682550
12140.0   0.0004029949701972
12140.9   0.0004015013747902
12141.8   0.0004007625232662
12142.7   0.0004005291847774
12143.6   0.0004002708265612
12144.5   0.0003996616910494
12145.4   0.0003982633782098
12146.3   0.0003964088759179
12147.2   0.0003963160273154
12148.1   0.0003989792860351
12149.0   0.0004016980248373
12149.9   0.0004023157866071
12150.8   0.0004017871509052
12151.7   0.0004011463738496
12152.6   0.0004003146021359
12153.5   0.0003991725356901
12154.4   0.0003979813962165
12155.3   0.0003975633269499
12156.2   0.0003982463404554
12157.1   0.0003994741325771
12158.0   0.0004007145598401
12158.9   0.0004015752527838
12159.8   0.0004018876951321
12160.7   0.0004017584802304
12161.6   0.0004011735411932
12162.5   0.0004002291628089
12163.4   0.0003996015220051
12164.3   0.0003996965898109
12165.2   0.0003997033905952
12166.1   0.0003984883409958
12167.0   0.0003962777281617
12167.9   0.0003950131044241
12168.8   0.0003962392500400
12169.7   0.0003987892220107
12170.6   0.0004001509537895
12171.5   0.0003993557989302
12172.4   0.0003970888469673
12173.3   0.0003942891072448
12174.2   0.0003919681427370
12175.1   0.0003912001552214
12176.0   0.0003919320269930
12176.9   0.0003925747011095
12177.8   0.0003925685088165
12178.7   0.0003937646593943
12179.6   0.0003963748004092
12180.5   0.0003979694411535
12181.4   0.0003975767853441
12182.3   0.0003960870914397
12183.2   0.0003942506649166
12184.1   0.0003932057423055
12185.0   0.0003944244428524
12185.9   0.0003970630397806
12186.8   0.0003981182709489
12187.7   0.0003955433150444
12188.6   0.0003899065744600
12189.5   0.0003843804361046
12190.4   0.0003826055387827
12191.3   0.0003846611653218
12192.2   0.0003874443326068
12193.1   0.0003895332114019
12194.0   0.0003918425787827
12194.9   0.0003946950424804
12195.8   0.0003969261292545
12196.7   0.0003978143474779
12197.6   0.0003979310346190
12198.5   0.0003978346782436
12199.4   0.0003975121063061
12200.3   0.0003965853383738
12201.2   0.0003951372366344
12202.1   0.0003942924002561
12203.0   0.0003946922863730
12203.9   0.0003948198905627
12204.8   0.0003930943884110
12205.7   0.0003909010638865
12206.6   0.0003905901964567
12207.5   0.0003919129847970
12208.4   0.0003934414789656
12209.3   0.0003948191031035
12210.2   0.0003952455122792
12211.1   0.0003936702358733
12212.0   0.0003917113236457
12212.9   0.0003921197644334
12213.8   0.0003942547453872
12214.7   0.0003950747052124
12215.6   0.0003935819330582
12216.5   0.0003917987674143
12217.4   0.0003919295572345
12218.3   0.0003936535202614
12219.2   0.0003951481894764
12220.1   0.0003953621278331
12221.0   0.0003940100603268
12221.9   0.0003914164201622
12222.8   0.0003895487100314
12223.7   0.0003897830865346
12224.6   0.0003899016707366
12225.5   0.0003873863469723
12226.4   0.0003840518866356
12227.3   0.0003835552862072
12228.2   0.0003859646251172
12229.1   0.0003886211188462
12230.0   0.0003900194674794
12230.9   0.0003899393256055
12231.8   0.0003891048335781
12232.7   0.0003893170538419
12233.6   0.0003910778126912
12234.5   0.0003930283134224
12235.4   0.0003943391466998
12236.3   0.0003951838756972
12237.2   0.0003954036484110
12238.1   0.0003946499067488
12239.0   0.0003933087562909
12239.9   0.0003919301657258
12240.8   0.0003907409949002
12241.7   0.0003897936098534
12242.6   0.0003890834647979
12243.5   0.0003884906153748
12244.4   0.0003882528026859
12245.3   0.0003892533054375
12246.2   0.0003913005920674
12247.1   0.0003930178616908
12248.0   0.0003940179349191
12248.9   0.0003943312005202
12249.8   0.0003930925271437
12250.7   0.0003907342299095
12251.6   0.0003898384234426
12252.5   0.0003913079297558
12253.4   0.0003929057203370
12254.3   0.0003929205030945
12255.2   0.0003922275031741
12256.1   0.0003924041445980
12257.0   0.0003934361815125
12257.9   0.0003939685039553
12258.8   0.0003929832492780
12259.7   0.0003902058447629
12260.6   0.0003865046431844
12261.5   0.0003840068582848
12262.4   0.0003840954116552
12263.3   0.0003858064889854
12264.2   0.0003876504321648
12265.1   0.0003893137966241
12266.0   0.0003904846053321
12266.9   0.0003902244216421
12267.8   0.0003869928321164
12268.7   0.0003781750425718
12269.6   0.0003644006982539
12270.5   0.0003544832326258
12271.4   0.0003571207306904
12272.3   0.0003688482322191
12273.2   0.0003797226863173
12274.1   0.0003858518752722
12275.0   0.0003883998070076
12275.9   0.0003882763190821
12276.8   0.0003863065971868
12277.7   0.0003842256287777
12278.6   0.0003839242108588
12279.5   0.0003854956573492
12280.4   0.0003871362570780
12281.3   0.0003873098918393
12282.2   0.0003858594993094
12283.1   0.0003839075668340
12284.0   0.0003834582139597
12284.9   0.0003853734579934
12285.8   0.0003878746432851
12286.7   0.0003886757398823
12287.6   0.0003877441756073
12288.5   0.0003862181869909
12289.4   0.0003840018113870
12290.3   0.0003808816831367
12291.2   0.0003786945151117
12292.1   0.0003789209812289
12293.0   0.0003800307260525
12293.9   0.0003803160010572
12294.8   0.0003801546077076
12295.7   0.0003804536632489
12296.6   0.0003815375650921
12297.5   0.0003835309107645
12298.4   0.0003858400991773
12299.3   0.0003871637465640
12300.2   0.0003869276161743
12301.1   0.0003859548534640
12302.0   0.0003859212790657
12302.9   0.0003873394931478
12303.8   0.0003888633699418
12304.7   0.0003895530410572
12305.6   0.0003898132605407
12306.5   0.0003898574298450
12307.4   0.0003891562689836
12308.3   0.0003876374032938
12309.2   0.0003861690423759
12310.1   0.0003851010686853
12311.0   0.0003836103725600
12311.9   0.0003815071047372
12312.8   0.0003801748668861
12313.7   0.0003804764279795
12314.6   0.0003814826219137
12315.5   0.0003824584986674
12316.4   0.0003837589160066
12317.3   0.0003852849762103
12318.2   0.0003857036539681
12319.1   0.0003842818963194
12320.0   0.0003828033700187
12320.9   0.0003834197358380
12321.8   0.0003858368777532
12322.7   0.0003882254921679
12323.6   0.0003888772220656
12324.5   0.0003876534746209
12325.4   0.0003865558996219
12326.3   0.0003868776125129
12327.2   0.0003875411185055
12328.1   0.0003876136005488
12329.0   0.0003873710631044
12329.9   0.0003864573956303
12330.8   0.0003841703276633
12331.7   0.0003814557767125
12332.6   0.0003799669776481
12333.5   0.0003796383207983
12334.4   0.0003798486082076
12335.3   0.0003811495624509
12336.2   0.0003833796827978
12337.1   0.0003850684965079
12338.0   0.0003853077409409
12338.9   0.0003840858905571
12339.8   0.0003817638522414
12340.7   0.0003787534313799
12341.6   0.0003755446065848
12342.5   0.0003740816505007
12343.4   0.0003766066743311
12344.3   0.0003814585686134
12345.2   0.0003846175329215
12346.1   0.0003850461970941
12347.0   0.0003843595326413
12347.9   0.0003839377766338
12348.8   0.0003842386934423
12349.7   0.0003847578438397
12350.6   0.0003846483870061
12351.5   0.0003836800627023
12352.4   0.0003820316957620
12353.3   0.0003801916540853
12354.2   0.0003795850241256
12355.1   0.0003807636358386
12356.0   0.0003819103912463
12356.9   0.0003819297197911
12357.8   0.0003820448678074
12358.7   0.0003831507469221
12359.6   0.0003844234600137
12360.5   0.0003847807159511
12361.4   0.0003841079394157
12362.3   0.0003830248608253
12363.2   0.0003821827089671
12364.1   0.0003816392547142
12365.0   0.0003811025296584
12365.9   0.0003809657623068
12366.8   0.0003820715698342
12367.7   0.0003840624457481
12368.6   0.0003853840528995
12369.5   0.0003853318300348
12370.4   0.0003846003519927
12371.3   0.0003836891542771
12372.2   0.0003825410745062
12373.1   0.0003821676040673
12374.0   0.0003840895415045
12374.9   0.0003873125405658
12375.8   0.0003888513790852
12376.7   0.0003878689163089
12377.6   0.0003861299557630
12378.5   0.0003849309774906
12379.4   0.0003842933502719
12380.3   0.0003839102871477
12381.2   0.0003836080817695
12382.1   0.0003830648422783
12383.0   0.0003820691358693
12383.9   0.0003816249014800
12384.8   0.0003828710199257
12385.7   0.0003849358812140
12386.6   0.0003858614321639
12387.5   0.0003843914605339
12388.4   0.0003801039955550
12389.3   0.0003743964910203
12390.2   0.0003713263306378
12391.1   0.0003730066254707
12392.0   0.0003762408637229
12392.9   0.0003774415958817
12393.8   0.0003753621308039
12394.7   0.0003698483412410
12395.6   0.0003647030468065
12396.5   0.0003656422351185
12397.4   0.0003715579152400
12398.3   0.0003767527838128
12399.2   0.0003794927482207
12400.1   0.0003814850558786
12401.0   0.0003830967343773
12401.9   0.0003833031918712
12402.8   0.0003822067980610
12403.7   0.0003809149353925
12404.6   0.0003799115333592
12405.5   0.0003785476539644
12406.4   0.0003764796428391
12407.3   0.0003750837997580
12408.2   0.0003762444072894
12409.1   0.0003797047895165
12410.0   0.0003828189402354
12410.9   0.0003837360796888
12411.8   0.0003831735116527
12412.7   0.0003824668743701
12413.6   0.0003816096534057
12414.5   0.0003799523380650
12415.4   0.0003777836753321
12416.3   0.0003756687030015
12417.2   0.0003738712199170
12418.1   0.0003734609178620
12419.0   0.0003749586653268
12419.9   0.0003764616028639
12420.8   0.0003753833206161
12421.7   0.0003711409197815
12422.6   0.0003669731843999
12423.5   0.0003673882112103
12424.4   0.0003717744307360
12425.3   0.0003755425663495
12426.2   0.0003770200904294
12427.1   0.0003777482396665
12428.0   0.0003785917516815
12428.9   0.0003790714575300
12429.8   0.0003780696662088
12430.7   0.0003739221184185
12431.6   0.0003664763334163
12432.5   0.0003591165246452
12433.4   0.0003568284472986
12434.3   0.0003607917009930
12435.2   0.0003667394521816
12436.1   0.0003705778864286
12437.0   0.0003718077187855
12437.9   0.0003714481004704
12438.8   0.0003704983888394
12439.7   0.0003705289207816
12440.6   0.0003724128812075
12441.5   0.0003747488790279
12442.4   0.0003761326596653
12443.3   0.0003768789204648
12444.2   0.0003774725931407
12445.1   0.0003779388405950
12446.0   0.0003784466086271
12446.9   0.0003789918525601
12447.8   0.0003791929410138
12448.7   0.0003786176304555
12449.6   0.0003772675673908
12450.5   0.0003760012971475
12451.4   0.0003762613376630
12452.3   0.0003784599238469
12453.2   0.0003811810250267
12454.1   0.0003827018235710
12455.0   0.0003821274436463
12455.9   0.0003797186416403
12456.8   0.0003769263469869
12457.7   0.0003749529741442
12458.6   0.0003739947794297
12459.5   0.0003742737189669
12460.4   0.0003757892200580
12461.3   0.0003775845197329
12462.2   0.0003786476970808
12463.1   0.0003793695108504
12464.0   0.0003807264104930
12464.9   0.0003824321187830
12465.8   0.0003833573475904
12466.7   0.0003825720359716
12467.6   0.0003800305470845
12468.5   0.0003772866453804
12469.4   0.0003766316224714
12470.3   0.0003785207729696
12471.2   0.0003810300476152
12472.1   0.0003823763165581
12473.0   0.0003823027965005
12473.9   0.0003813185440440
12474.8   0.0003798424159146
12475.7   0.0003782412249412
12476.6   0.0003774507232501
12477.5   0.0003781247167680
12478.4   0.0003796296945403
12479.3   0.0003811106190124
12480.2   0.0003819341939913
12481.1   0.0003813338994991
12482.0   0.0003793695824376
12482.9   0.0003773694717745
12483.8   0.0003765816546036
12484.7   0.0003773089090006
12485.6   0.0003792457723697
12486.5   0.0003813449597220
12487.4   0.0003823838332145
12488.3   0.0003821249380942
12489.2   0.0003810604721766
12490.1   0.0003798515790766
12491.0   0.0003792450922913
12491.9   0.0003792219338311
12492.8   0.0003785314752564
12493.7   0.0003762943393636
12494.6   0.0003737182380638
12495.5   0.0003727768305485
12496.4   0.0003735255611065
12497.3   0.0003743634535260
12498.2   0.0003741730673592
12499.1   0.0003732066759099
12500.0   0.0003724654978019
12500.9   0.0003721933232554
12501.8   0.0003716912821995
12502.7   0.0003711593534864
12503.6   0.0003717424670498
12504.5   0.0003735090602561
12505.4   0.0003752048895121
12506.3   0.0003760889556777
12507.2   0.0003764205833964
12508.1   0.0003761743234175
12509.0   0.0003749433814589
12509.9   0.0003732688493959
12510.8   0.0003725579884684
12511.7   0.0003731718845292
12512.6   0.0003745329362295
12513.5   0.0003766286873961
12514.4   0.0003789431732619
12515.3   0.0003801832067953
12516.2   0.0003801546792948
12517.1   0.0003797136305361
12518.0   0.0003792426225328
12518.9   0.0003778624928428
12519.8   0.0003734768460147
12520.7   0.0003649469086141
12521.6   0.0003568129987801
12522.5   0.0003560180049921
12523.4   0.0003618073802317
12524.3   0.0003676540860829
12525.2   0.0003703363512051
12526.1   0.0003710089487725
12527.0   0.0003716895283131
12527.9   0.0003735790725408
12528.8   0.0003762105823359
12529.7   0.0003781080369497
12530.6   0.0003785093190171
12531.5   0.0003773397988788
12532.4   0.0003753425517038
12533.3   0.0003741044510249
12534.2   0.0003743443039492
12535.1   0.0003751676641665
12536.0   0.0003752736490208
12536.9   0.0003739660729612
12537.8   0.0003715125289532
12538.7   0.0003692229912277
12539.6   0.0003688426842108
12540.5   0.0003708958767851
12541.4   0.0003738118741256
12542.3   0.0003759359022374
12543.2   0.0003770967961176
12544.1   0.0003776014859000
12545.0   0.0003773911269035
12545.9   0.0003763904451839
12546.8   0.0003746984816369
12547.7   0.0003724813901610
12548.6   0.0003704629173803
12549.5   0.0003698658801058
12550.4   0.0003711294300354
12551.3   0.0003732052441659
12552.2   0.0003747312685759
12553.1   0.0003755032649750
12554.0   0.0003757676365163
12554.9   0.0003745285336165
12555.8   0.0003708697832495
12556.7   0.0003667066294489
12557.6   0.0003654814860538
12558.5   0.0003675547230449
12559.4   0.0003697218108594
12560.3   0.0003696085956976
12561.2   0.0003682568145401
12562.1   0.0003686314303743
12563.0   0.0003717965153882
12563.9   0.0003755972947663
12564.8   0.0003775638310311
12565.7   0.0003772483820204
12566.6   0.0003753795264943
12567.5   0.0003722075333152
12568.4   0.0003682647249260
12569.3   0.0003655551134923
12570.2   0.0003657768906477
12571.1   0.0003680179638367
12572.0   0.0003700777424336
12572.9   0.0003712141176968
12573.8   0.0003718563622901
12574.7   0.0003719336048823
12575.6   0.0003714318859688
12576.5   0.0003710318924711
12577.4   0.0003711424231128
12578.3   0.0003712666984975
12579.2   0.0003705059412894
12580.1   0.0003687998750633
12581.0   0.0003672293234129
12581.9   0.0003659979519311
12582.8   0.0003640199617138
12583.7   0.0003620597967101
12584.6   0.0003624722821748
12585.5   0.0003651520059512
12586.4   0.0003683245360343
12587.3   0.0003716127152441
12588.2   0.0003744265218520
12589.1   0.0003755925700109
12590.0   0.0003751061349654
12590.9   0.0003734656426174
12591.8   0.0003714980683382
12592.7   0.0003698864972203
12593.6   0.0003687339790428
12594.5   0.0003690047934324
12595.4   0.0003714449506334
12596.3   0.0003740926033428
12597.2   0.0003742788016583
12598.1   0.0003721698784464
12599.0   0.0003697969416291
12599.9   0.0003682134326949
12600.8   0.0003679350658554
12601.7   0.0003690374729907
12602.6   0.0003699935558827
12603.5   0.0003700143161716
12604.4   0.0003702060267017
12605.3   0.0003707942945438
12606.2   0.0003707227789278
12607.1   0.0003701904922786
12608.0   0.0003705592021685
12608.9   0.0003711715948981
12609.8   0.0003697541682752
12610.7   0.0003661331085707
12611.6   0.0003622032216716
12612.5   0.0003584808302810
12613.4   0.0003552210497147
12614.3   0.0003545158835492
12615.2   0.0003566290447235
12616.1   0.0003593963232288
12617.0   0.0003617441687313
12617.9   0.0003640313440791
12618.8   0.0003661670051114
12619.7   0.0003673525965768
12620.6   0.0003674081482464
12621.5   0.0003672164019227
12622.4   0.0003671063723914
12623.3   0.0003662331516871
12624.2   0.0003650254755696
12625.1   0.0003651568380874
12626.0   0.0003657705909738
12626.9   0.0003639918637365
12627.8   0.0003602256609775
12628.7   0.0003581454800277
12629.6   0.0003589399190149
12630.5   0.0003600984147239
12631.4   0.0003606891165309
12632.3   0.0003621703631454
12633.2   0.0003638679104942
12634.1   0.0003643446812674
12635.0   0.0003641484965371
12635.9   0.0003632120285388
12636.8   0.0003600789072110
12637.7   0.0003545758557286
12638.6   0.0003499253684631
12639.5   0.0003506624947354
12640.4   0.0003568124475587
12641.3   0.0003639311577883
12642.2   0.0003680723343175
12643.1   0.0003680757347096
12644.0   0.0003657281755559
12644.9   0.0003642443518021
12645.8   0.0003637706592787
12646.7   0.0003607054026196
12647.6   0.0003543252790414
12648.5   0.0003493786569924
12649.4   0.0003503679169737
12650.3   0.0003565511256322
12651.2   0.0003632201178927
12652.1   0.0003662871642319
12653.0   0.0003658510907838
12653.9   0.0003646414102245
12654.8   0.0003637346509155
12655.7   0.0003633461829575
12656.6   0.0003639392113486
12657.5   0.0003644326977337
12658.4   0.0003642058020932
12659.3   0.0003646381888004
12660.2   0.0003660996057596
12661.1   0.0003674735073629
12662.0   0.0003680455607035
12662.9   0.0003674477001762
12663.8   0.0003660958832250
12664.7   0.0003649840265789
12665.6   0.0003639656270266
12666.5   0.0003628529113340
12667.4   0.0003629664486383
12668.3   0.0003645144861133
12669.2   0.0003652232710119
12670.1   0.0003641023943782
12671.0   0.0003630882542645
12671.9   0.0003631474210879
12672.8   0.0003632971815169
12673.7   0.0003638359826016
12674.6   0.0003651649632350
12675.5   0.0003657363364971
12676.4   0.0003639674525003
12677.3   0.0003584128224380
12678.2   0.0003498653139583
12679.1   0.0003449060603474
12680.0   0.0003482924142476
12680.9   0.0003548375534879
12681.8   0.0003569638008030
12682.7   0.0003539839763121
12683.6   0.0003513834136650
12684.5   0.0003531399130757
12685.4   0.0003570997449018
12686.3   0.0003599370571680
12687.2   0.0003605627651173
12688.1   0.0003599916782040
12689.0   0.0003603964680443
12689.9   0.0003621131291764
12690.8   0.0003638474723477
12691.7   0.0003648524135059
12692.6   0.0003651416973939
12693.5   0.0003653421415628
12694.4   0.0003659763683893
12695.3   0.0003664567901098
12696.2   0.0003657934630852
12697.1   0.0003641872252140
12698.0   0.0003635020998860
12698.9   0.0003649938698194
12699.8   0.0003674166313300
12700.7   0.0003687898170613
12701.6   0.0003684462342797
12702.5   0.0003673460821413
12703.4   0.0003670621672935
12704.3   0.0003676254869953
12705.2   0.0003674854266323
12706.1   0.0003664262939613
12707.0   0.0003660462017060
12707.9   0.0003667315417956
12708.8   0.0003673487666614
12709.7   0.0003674134099059
12710.6   0.0003669361380223
12711.5   0.0003657114957376
12712.4   0.0003641442728921
12713.3   0.0003631237973109
12714.2   0.0003625576857082
12715.1   0.0003620259359630
12716.0   0.0003621344621630
12716.9   0.0003635032810749
12717.8   0.0003654667032963
12718.7   0.0003666385142251
12719.6   0.0003666697620393
12720.5   0.0003662977949316
12721.4   0.0003658008007736
12722.3   0.0003652712344381
12723.2   0.0003654029190983
12724.1   0.0003661678999514
12725.0   0.0003660150970663
12725.9   0.0003641162822957
12726.8   0.0003624370612708
12727.7   0.0003629458673174
12728.6   0.0003644756500556
12729.5   0.0003655083670486
12730.4   0.0003664182404009
12731.3   0.0003673274336748
12732.2   0.0003671730558712
12733.1   0.0003653300791191
12734.0   0.0003632322877173
12734.9   0.0003622872292546
12735.8   0.0003609723870939
12736.7   0.0003581661687294
12737.6   0.0003563788152342
12738.5   0.0003577569870142
12739.4   0.0003605776194620
12740.3   0.0003623345841895
12741.2   0.0003629254649645
12742.1   0.0003633852695704
12743.0   0.0003636622046659
12743.9   0.0003628405267479
12744.8   0.0003613697676587
12745.7   0.0003608722365966
12746.6   0.0003615904352125
12747.5   0.0003625641285564
12748.4   0.0003630536418517
12749.3   0.0003629974816909
12750.2   0.0003631243700085
12751.1   0.0003638855209462
12752.0   0.0003647447463523
12752.9   0.0003650459137161
12753.8   0.0003647507954710
12754.7   0.0003643368782622
12755.6   0.0003644223891764
12756.5   0.0003650302361186
12757.4   0.0003652294275114
12758.3   0.0003644320892425
12759.2   0.0003634985205259
12760.1   0.0003635409001501
12761.0   0.0003642698010529
12761.9   0.0003644632296758
12762.8   0.0003638041620898
12763.7   0.0003632342205717
12764.6   0.0003634667358077
12765.5   0.0003639358109565
12766.4   0.0003638314010206
12767.3   0.0003632525468958
12768.2   0.0003627013612249
12769.1   0.0003625930497865
12770.0   0.0003632520457853
12770.9   0.0003643844479588
12771.8   0.0003649746128617
12772.7   0.0003644599724581
12773.6   0.0003633641871391
12774.5   0.0003623188350048
12775.4   0.0003617331800956
12776.3   0.0003622629611927
12777.2   0.0003637527624779
12778.1   0.0003647049080738
12779.0   0.0003641005689046
12779.9   0.0003628007600565
12780.8   0.0003620922615067
12781.7   0.0003619993771106
12782.6   0.0003623982968003
12783.5   0.0003634022357376
12784.4   0.0003640473438190
12785.3   0.0003635881834978
12786.2   0.0003629925063802
12787.1   0.0003626046469134
12788.0   0.0003613540184740
12788.9   0.0003595642310138
12789.8   0.0003594146495528
12790.7   0.0003615265436336
12791.6   0.0003634863149077
12792.5   0.0003633787909286
12793.4   0.0003620346338082
12794.3   0.0003607859024296
12795.2   0.0003600096465920
12796.1   0.0003597326399093
12797.0   0.0003597174276286
12797.9   0.0003594651543246
12798.8   0.0003591646670393
12799.7   0.0003597958156161
12800.6   0.0003614974792291
12801.5   0.0003631414077628
12802.4   0.0003634686686621
12803.3   0.0003621586944313
12804.2   0.0003597803527802
12805.1   0.0003561510820234
12806.0   0.0003508730183825
12806.9   0.0003459843032222
12807.8   0.0003449141711775
12808.7   0.0003479354876113
12809.6   0.0003513310368878
12810.5   0.0003520529866731
12811.4   0.0003508136654324
12812.3   0.0003496487626687
12813.2   0.0003481593873273
12814.1   0.0003436938026488
12815.0   0.0003343799209450
12815.9   0.0003196997336342
12816.8   0.0003022223336291
12817.7   0.0002904245442051
12818.6   0.0002931635386063
12819.5   0.0003081974096531
12820.4   0.0003235632985689
12821.3   0.0003325687503872
12822.2   0.0003366427244295
12823.1   0.0003379219841708
12824.0   0.0003383875622847
12824.9   0.0003404645146517
12825.8   0.0003444006976453
12826.7   0.0003486200545591
12827.6   0.0003522479365241
12828.5   0.0003547629059318
12829.4   0.0003549821489002
12830.3   0.0003528188015171
12831.2   0.0003513372792919
12832.1   0.0003531843078797
12833.0   0.0003564229344275
12833.9   0.0003577895520329
12834.8   0.0003569759813656
12835.7   0.0003560221498912
12836.6   0.0003565278597912
12837.5   0.0003574688091484
12838.4   0.0003565591219228
12839.3   0.0003536975773884
12840.2   0.0003516876843340
12841.1   0.0003527608445174
12842.0   0.0003556207461255
12842.9   0.0003578079893171
12843.8   0.0003583735568570
12844.7   0.0003570066385854
12845.6   0.0003536902325414
12846.5   0.0003501964298285
12847.4   0.0003497172501460
12848.3   0.0003528993943905
12849.2   0.0003566865900968
12850.1   0.0003585301538640
12851.0   0.0003585972668669
12851.9   0.0003580793334520
12852.8   0.0003578577245265
12853.7   0.0003582507848036
12854.6   0.0003587629554487
12855.5   0.0003586611226522
12856.4   0.0003581461601061
12857.3   0.0003582632767705
12858.2   0.0003597465278267
12859.1   0.0003623131080285
12860.0   0.0003645598724001
12860.9   0.0003648955805894
12861.8   0.0003631084418558
12862.7   0.0003605733242298
12863.6   0.0003585632987390
12864.5   0.0003570977511982
12865.4   0.0003564337440952
12866.3   0.0003572386527109
12867.2   0.0003587497118161
12868.1   0.0003591688906843
12869.0   0.0003576926050630
12869.9   0.0003554923043656
12870.8   0.0003545691157935
12871.7   0.0003554409190711
12872.6   0.0003567827854010
12873.5   0.0003573786593835
12874.4   0.0003570873889506
12875.3   0.0003563316464260
12876.2   0.0003556061423361
12877.1   0.0003545292524594
12878.0   0.0003514635376421
12878.9   0.0003464933562446
12879.8   0.0003438907175686
12880.7   0.0003467714510528
12881.6   0.0003521791161664
12882.5   0.0003557657674817
12883.4   0.0003562895066189
12884.3   0.0003549569251492
12885.2   0.0003536824868060
12886.1   0.0003534942768901
12887.0   0.0003540980326236
12887.9   0.0003546590615349
12888.8   0.0003545885481398
12889.7   0.0003539667846453
12890.6   0.0003536275293101
12891.5   0.0003542898147409
12892.4   0.0003555098360716
12893.3   0.0003558506627460
12894.2   0.0003541560397343
12895.1   0.0003509234193529
12896.0   0.0003478801972349
12896.9   0.0003445133687444
12897.8   0.0003370716391573
12898.7   0.0003249427159662
12899.6   0.0003172544293133
12900.5   0.0003230891979984
12901.4   0.0003372326316185
12902.3   0.0003487394262204
12903.2   0.0003540983225518
12904.1   0.0003557379809088
12905.0   0.0003561085126931
12905.9   0.0003557302996019
12906.8   0.0003543454093629
12907.7   0.0003518223828155
12908.6   0.0003491409194700
12909.5   0.0003483207019309
12910.4   0.0003501298787851
12911.3   0.0003530184116951
12912.2   0.0003551358573635
12913.1   0.0003560477888480
12914.0   0.0003559260870232
12914.9   0.0003545759559507
12915.8   0.0003523015839742
12916.7   0.0003507660778391
12917.6   0.0003512744973147
12918.5   0.0003529542874578
12919.4   0.0003543214097530
12920.3   0.0003551976729135
12921.2   0.0003559067047880
12922.1   0.0003561878134174
12923.0   0.0003556133404294
12923.9   0.0003543907169038
12924.8   0.0003532900242820
12925.7   0.0003529006077935
12926.6   0.0003531746113931
12927.5   0.0003533482819480
12928.4   0.0003528765544933
12929.3   0.0003518784534924
12930.2   0.0003500894355947
12931.1   0.0003471560246670
12932.0   0.0003444471255259
12932.9   0.0003438461795901
12933.8   0.0003449988194659
12934.7   0.0003463568072339
12935.6   0.0003473180945156
12936.5   0.0003483414156882
12937.4   0.0003500890454444
12938.3   0.0003522780926335
12939.2   0.0003537607960475
12940.1   0.0003542613946212
12941.0   0.0003544317542680
12941.9   0.0003544286724389
12942.8   0.0003540829241444
12943.7   0.0003535358046267
12944.6   0.0003529298905390
12945.5   0.0003525556755931
12946.4   0.0003531503433312
12947.3   0.0003545594980527
12948.2   0.0003550529343267
12949.1   0.0003534738423230
12950.0   0.0003510506369717
12950.9   0.0003500279887188
12951.8   0.0003510905182026
12952.7   0.0003531315839046
12953.6   0.0003549810858303
12954.5   0.0003561965577943
12955.4   0.0003565509395055
12956.3   0.0003560401397553
12957.2   0.0003552222309035
12958.1   0.0003546812034568
12959.0   0.0003545180633795
12959.9   0.0003545626120960
12960.8   0.0003546765359712
12961.7   0.0003547503137428
12962.6   0.0003546750362193
12963.5   0.0003545088751620
12964.4   0.0003543497475474
12965.3   0.0003542408097210
12966.2   0.0003543174581394
12967.1   0.0003542755545700
12968.0   0.0003533586048227
12968.9   0.0003516845416558
12969.8   0.0003508440756763
12970.7   0.0003519525283509
12971.6   0.0003536809870541
12972.5   0.0003535407691992
12973.4   0.0003494137561981
12974.3   0.0003400938396930
12975.2   0.0003293614647170
12976.1   0.0003259412250141
12977.0   0.0003329250434768
12977.9   0.0003436664849721
12978.8   0.0003509642526936
12979.7   0.0003536756967598
12980.6   0.0003538057170175
12981.5   0.0003530148466524
12982.4   0.0003524381079294
12983.3   0.0003522488599990
12984.2   0.0003518637280047
12985.1   0.0003512082254614
12986.0   0.0003509093238326
12986.9   0.0003515632836717
12987.8   0.0003532376689810
12988.7   0.0003553638590263
12989.6   0.0003570031916615
12990.5   0.0003574505579910
12991.4   0.0003564169747928
12992.3   0.0003541244805158
12993.2   0.0003516795305516
12994.1   0.0003502770513367
12995.0   0.0003502009219255
12995.9   0.0003510080712207
12996.8   0.0003521410962027
12997.7   0.0003535376515765
12998.6   0.0003555911090234
12999.5   0.0003581385002754
13000.4   0.0003597665364500
13001.3   0.0003590281144492
13002.2   0.0003560013359118
13003.1   0.0003520925493409
13004.0   0.0003486475010928
13004.9   0.0003454093362825
13005.8   0.0003421795543337
13006.7   0.0003410527467002
13007.6   0.0003435166923288
13008.5   0.0003477707332426
13009.4   0.0003510463417395
13010.3   0.0003522500447673
13011.2   0.0003519226729078
13012.1   0.0003513925839857
13013.0   0.0003513183516354
13013.9   0.0003511306356712
13014.8   0.0003506751334561
13015.7   0.0003504733434478
13016.6   0.0003505740702221
13017.5   0.0003506486247148
13018.4   0.0003505144237644
13019.3   0.0003502179847354
13020.2   0.0003498719679889
13021.1   0.0003494884932383
13022.0   0.0003490481496134
13022.9   0.0003486863514680
13023.8   0.0003486947450675
13024.7   0.0003493132620823
13025.6   0.0003504039396544
13026.5   0.0003512550291748
13027.4   0.0003505123656323
13028.3   0.0003469119588358
13029.2   0.0003412421807572
13030.1   0.0003364090924332
13031.0   0.0003351430226340
13031.9   0.0003371017737905
13032.8   0.0003392677591620
13033.7   0.0003408717706712
13034.6   0.0003431222468393
13035.5   0.0003455510467305
13036.4   0.0003470451969384
13037.3   0.0003473908629076
13038.2   0.0003466571191306
13039.1   0.0003453435512221
13040.0   0.0003446133366942
13040.9   0.0003449806900067
13041.8   0.0003459979477432
13042.7   0.0003470682372797
13043.6   0.0003477196808286
13044.5   0.0003477565768731
13045.4   0.0003470426949656
13046.3   0.0003451822545153
13047.2   0.0003426173601921
13048.1   0.0003415128304963
13049.0   0.0003433639574515
13049.9   0.0003466394764644
13050.8   0.0003487788457138
13051.7   0.0003491526597714
13052.6   0.0003488598967453
13053.5   0.0003491235774701
13054.4   0.0003500136462227
13055.3   0.0003503187723587
13056.2   0.0003491921508520
13057.1   0.0003473886222282
13058.0   0.0003465832160814
13058.9   0.0003473100767489
13059.8   0.0003484109805529
13060.7   0.0003487801056486
13061.6   0.0003482557580202
13062.5   0.0003471636379660
13063.4   0.0003461492795113
13064.3   0.0003457369157449
13065.2   0.0003456928717181
13066.1   0.0003454697200884
13067.0   0.0003449516685545
13067.9   0.0003444389037356
13068.8   0.0003442080672196
13069.7   0.0003442504325265
13070.6   0.0003443499136834
13071.5   0.0003444815840262
13072.4   0.0003447494991340
13073.3   0.0003451289220489
13074.2   0.0003455264278914
13075.1   0.0003454642937784
13076.0   0.0003440978730378
13076.9   0.0003418975222293
13077.8   0.0003411522350158
13078.7   0.0003426859192566
13079.6   0.0003447481139217
13080.5   0.0003459023179778
13081.4   0.0003460033239421
13082.3   0.0003453636636469
13083.2   0.0003444633507655
13084.1   0.0003435129232626
13085.0   0.0003422447452203
13085.9   0.0003409632376407
13086.8   0.0003407063612796
13087.7   0.0003415181315287
13088.6   0.0003424752345383
13089.5   0.0003433518735316
13090.4   0.0003444298157402
13091.3   0.0003457671362827
13092.2   0.0003471578537200
13093.1   0.0003484113563857
13094.0   0.0003492594285055
13094.9   0.0003488828297058
13095.8   0.0003468541127963
13096.7   0.0003437236580919
13097.6   0.0003404371039116
13098.5   0.0003379091378472
13099.4   0.0003359713474238
13100.3   0.0003326325560614
13101.2   0.0003278834108918
13102.1   0.0003263250398040
13103.0   0.0003307299328516
13103.9   0.0003375871708216
13104.8   0.0003424757857598
13105.7   0.0003447380952926
13106.6   0.0003454051484311
13107.5   0.0003450200593891
13108.4   0.0003442978984215
13109.3   0.0003441672267202
13110.2   0.0003447528279390
13111.1   0.0003452854224132
13112.0   0.0003453177297180
13112.9   0.0003452658791067
13113.8   0.0003455754400700
13114.7   0.0003458770727506
13115.6   0.0003454934226113
13116.5   0.0003444848877756
13117.4   0.0003438276420839
13118.3   0.0003444192494690
13119.2   0.0003454280957091
13120.1   0.0003441938177868
13121.0   0.0003372621577604
13121.9   0.0003226432634130
13122.8   0.0003074105696475
13123.7   0.0003052997636922
13124.6   0.0003179508833162
13125.5   0.0003328649961307
13126.4   0.0003410487127613
13127.3   0.0003433434190829
13128.2   0.0003432290764226
13129.1   0.0003427243329498
13130.0   0.0003426836857359
13130.9   0.0003427065363711
13131.8   0.0003422785129040
13132.7   0.0003410234174231
13133.6   0.0003383231087464
13134.5   0.0003357774248492
13135.4   0.0003366704215184
13136.3   0.0003408045825017
13137.2   0.0003447629718457
13138.1   0.0003468291646560
13139.0   0.0003473993388325
13139.9   0.0003472448894416
13140.8   0.0003471058348788
13141.7   0.0003470882351649
13142.6   0.0003466958871805
13143.5   0.0003456447973318
13144.4   0.0003441871351214
13145.3   0.0003421834021459
13146.2   0.0003387292945372
13147.1   0.0003337328298980
13148.0   0.0003280394029869
13148.9   0.0003198941430018
13149.8   0.0003086953165480
13150.7   0.0003023329179612
13151.6   0.0003078977885730
13152.5   0.0003204204342228
13153.4   0.0003308680854156
13154.3   0.0003369910677601
13155.2   0.0003408936083475
13156.1   0.0003436415618873
13157.0   0.0003448234165007
13157.9   0.0003441836703008
13158.8   0.0003425516431396
13159.7   0.0003411545258063
13160.6   0.0003407427239994
13161.5   0.0003410631733763
13162.4   0.0003413852585209
13163.3   0.0003413979187177
13164.2   0.0003415207050886
13165.1   0.0003423721847593
13166.0   0.0003435931617792
13166.9   0.0003443088691604
13167.8   0.0003442420604031
13168.7   0.0003434649526777
13169.6   0.0003422994664784
13170.5   0.0003414596447837
13171.4   0.0003413881112709
13172.3   0.0003416855704175
13173.2   0.0003413372986741
13174.1   0.0003387891593358
13175.0   0.0003324003665473
13175.9   0.0003235909813403
13176.8   0.0003195105572911
13177.7   0.0003249339823274
13178.6   0.0003342237570406
13179.5   0.0003403771245734
13180.4   0.0003427695545861
13181.3   0.0003430594040130
13182.2   0.0003423858650739
13183.1   0.0003419662996348
13184.0   0.0003425790646178
13184.9   0.0003437590114322
13185.8   0.0003448064610716
13186.7   0.0003457101492896
13187.6   0.0003465436534136
13188.5   0.0003468058415452
13189.4   0.0003460721264031
13190.3   0.0003444717479444
13191.2   0.0003422053042507
13192.1   0.0003398703873971
13193.0   0.0003387862099431
13193.9   0.0003395611056238
13194.8   0.0003412056784423
13195.7   0.0003419972789970
13196.6   0.0003410023528885
13197.5   0.0003391192908820
13198.4   0.0003379450495677
13199.3   0.0003374440035739
13200.2   0.0003365829849084
13201.1   0.0003360849956882
13202.0   0.0003372242738125
13202.9   0.0003391257122541
13203.8   0.0003404036941639
13204.7   0.0003413360995884
13205.6   0.0003424783092087
13206.5   0.0003434141257635
13207.4   0.0003435148775932
13208.3   0.0003425766199148
13209.2   0.0003410165020992
13210.1   0.0003393076081787
13211.0   0.0003373203653153
13211.9   0.0003354306886512
13212.8   0.0003352478155614
13213.7   0.0003370794529005
13214.6   0.0003388294235583
13215.5   0.0003389502806540
13216.4   0.0003382352640894
13217.3   0.0003386412816502
13218.2   0.0003408149626461
13219.1   0.0003433391846998
13220.0   0.0003443986609894
13220.9   0.0003434433405011
13221.8   0.0003416651966995
13222.7   0.0003407873478825
13223.6   0.0003411598339974
13224.5   0.0003419037503160
13225.4   0.0003426377840212
13226.3   0.0003433146732415
13227.2   0.0003433626975167
13228.1   0.0003423707029042
13229.0   0.0003407451830198
13229.9   0.0003395471139050
13230.8   0.0003396524258396
13231.7   0.0003407772684043
13232.6   0.0003419575624166
13233.5   0.0003427277619769
13234.4   0.0003430213375177
13235.3   0.0003428408411230
13236.2   0.0003423650654120
13237.1   0.0003421929482994
13238.0   0.0003427848778269
13238.9   0.0003432816822789
13239.8   0.0003426651410709
13240.7   0.0003413464009870
13241.6   0.0003403250949942
13242.5   0.0003399847586922
13243.4   0.0003400115430443
13244.3   0.0003399574947059
13245.2   0.0003397391859504
13246.1   0.0003394230389644
13247.0   0.0003388832786112
13247.9   0.0003381038049288
13248.8   0.0003374425789886
13249.7   0.0003372623224110
13250.6   0.0003376063884063
13251.5   0.0003381887073518
13252.4   0.0003385614118077
13253.3   0.0003386394096449
13254.2   0.0003387837187084
13255.1   0.0003390734321196
13256.0   0.0003390249103133
13256.9   0.0003382134801034
13257.8   0.0003367284322085
13258.7   0.0003348602281259
13259.6   0.0003329055216465
13260.5   0.0003319160182687
13261.4   0.0003329234112885
13262.3   0.0003349660447503
13263.2   0.0003362397421660
13264.1   0.0003364642503732
13265.0   0.0003365405408556
13265.9   0.0003371237152682
13266.8   0.0003379586940886
13267.7   0.0003382827371431
13268.6   0.0003381165975620
13269.5   0.0003380925657379
13270.4   0.0003381713331376
13271.3   0.0003378861118233
13272.2   0.0003372529337493
13273.1   0.0003366249529063
13274.0   0.0003362152843980
13274.9   0.0003362912813729
13275.8   0.0003370266000684
13276.7   0.0003379040658939
13277.6   0.0003380685231757
13278.5   0.0003369747780920
13279.4   0.0003337024232335
13280.3   0.0003276614619271
13281.2   0.0003227516679148
13282.1   0.0003238826204473
13283.0   0.0003289482848564
13283.9   0.0003325796244834
13284.8   0.0003315598325599
13285.7   0.0003237882005057
13286.6   0.0003118925585336
13287.5   0.0003055465784719
13288.4   0.0003110592154808
13289.3   0.0003229367136763
13290.2   0.0003311854243286
13291.1   0.0003314867098112
13292.0   0.0003251482607233
13292.9   0.0003166108281425
13293.8   0.0003136718119368
13294.7   0.0003201155479038
13295.6   0.0003296712798149
13296.5   0.0003356545382562
13297.4   0.0003379226785667
13298.3   0.0003383489660442
13299.2   0.0003377931844749
13300.1   0.0003367580263582
13301.0   0.0003359481531700
13301.9   0.0003357824610089
13302.8   0.0003361385357575
13303.7   0.0003367541570699
13304.6   0.0003375429657236
13305.5   0.0003385997897073
13306.4   0.0003393004601964
13307.3   0.0003376802485031
13308.2   0.0003332100643468
13309.1   0.0003293919358100
13310.0   0.0003299039382252
13310.9   0.0003335306783743
13311.8   0.0003366329313001
13312.7   0.0003381316988825
13313.6   0.0003389761809041
13314.5   0.0003394345573454
13315.4   0.0003383018974581
13316.3   0.0003335561204664
13317.2   0.0003239501951878
13318.1   0.0003124367608728
13319.0   0.0003075040482174
13319.9   0.0003138278505636
13320.8   0.0003250263548750
13321.7   0.0003330384483447
13322.6   0.0003356611206995
13323.5   0.0003328214138415
13324.4   0.0003254055272347
13325.3   0.0003188192074558
13326.2   0.0003195617063477
13327.1   0.0003264424535552
13328.0   0.0003328812786401
13328.9   0.0003361687849302
13329.8   0.0003377604190120
13330.7   0.0003389576255011
13331.6   0.0003399039832715
13332.5   0.0003402653876874
13333.4   0.0003399283551348
13334.3   0.0003388506670608
13335.2   0.0003371818154423
13336.1   0.0003358336172243
13337.0   0.0003355215041772
13337.9   0.0003356497812865
13338.8   0.0003356078812965
13339.7   0.0003356382951198
13340.6   0.0003360142854283
13341.5   0.0003368225085315
13342.4   0.0003378250622564
13343.3   0.0003381511670224
13344.2   0.0003367933796985
13345.1   0.0003340196010752
13346.0   0.0003318773432822
13346.9   0.0003317523770809
13347.8   0.0003326744274165
13348.7   0.0003331242420283
13349.6   0.0003321604456152
13350.5   0.0003289599141976
13351.4   0.0003247084182089
13352.3   0.0003234804041669
13353.2   0.0003268083214332
13354.1   0.0003309989289262
13355.0   0.0003331041188655
13355.9   0.0003342787932824
13356.8   0.0003358671665671
13357.7   0.0003371223228971
13358.6   0.0003370731854409
13359.5   0.0003358750733737
13360.4   0.0003344931826385
13361.3   0.0003338805715679
13362.2   0.0003343104240881
13363.1   0.0003354124518112
13364.0   0.0003365379100259
13364.9   0.0003371155793826
13365.8   0.0003372804017592
13366.7   0.0003377005971656
13367.6   0.0003380192676006
13368.5   0.0003372948623742
13369.4   0.0003359682369599
13370.3   0.0003352783260274
13371.2   0.0003354310680634
13372.1   0.0003358353281585
13373.0   0.0003360590596445
13373.9   0.0003358640525237
13374.8   0.0003353961370876
13375.7   0.0003350947835971
13376.6   0.0003349175837931
13377.5   0.0003344968228477
13378.4   0.0003340486225274
13379.3   0.0003339218487493
13380.2   0.0003338952898969
13381.1   0.0003334229539510
13382.0   0.0003322245591144
13382.9   0.0003304417227716
13383.8   0.0003288593735501
13384.7   0.0003289849160283
13385.6   0.0003309506111435
13386.5   0.0003322710621615
13387.4   0.0003302206686469
13388.3   0.0003248189381125
13389.2   0.0003195916119019
13390.1   0.0003173282643546
13391.0   0.0003167049474179
13391.9   0.0003172438737802
13392.8   0.0003210458021329
13393.7   0.0003271147576151
13394.6   0.0003315742180084
13395.5   0.0003333698362463
13396.4   0.0003345212305047
13397.3   0.0003361296482062
13398.2   0.0003375850768959
13399.1   0.0003384066295363
13400.0   0.0003383319103930
13400.9   0.0003369990926856
13401.8   0.0003353392037849
13402.7   0.0003346385655100
13403.6   0.0003346462575550
13404.5   0.0003347556249047
13405.4   0.0003349462258331
13406.3   0.0003351715393964
13407.2   0.0003353843645721
13408.1   0.0003359195862966
13409.0   0.0003366928784240
13409.9   0.0003369727235393
13410.8   0.0003366861277507
13411.7   0.0003360455225044
13412.6   0.0003343783746614
13413.5   0.0003306449373653
13414.4   0.0003250631363800
13415.3   0.0003207410661471
13416.2   0.0003214873305259
13417.1   0.0003263157621024
13418.0   0.0003306361965678
13418.9   0.0003325636354815
13419.8   0.0003332029879518
13420.7   0.0003336112676683
13421.6   0.0003339312195142
13422.5   0.0003339405079538
13423.4   0.0003339717128157
13424.3   0.0003347030942150
13425.2   0.0003356785808184
13426.1   0.0003356873180365
13427.0   0.0003342706824523
13427.9   0.0003317885787296
13428.8   0.0003293807682063
13429.7   0.0003274290755481
13430.6   0.0003246654336728
13431.5   0.0003214846817994
13432.4   0.0003215756011268
13433.3   0.0003266413550199
13434.2   0.0003325711342411
13435.1   0.0003353580813304
13436.0   0.0003361047179627
13436.9   0.0003370848756311
13437.8   0.0003384893306528
13438.7   0.0003394661451988
13439.6   0.0003399020325202
13440.5   0.0003405047967709
13441.4   0.0003406371006605
13442.3   0.0003387478606783
13443.2   0.0003360289393288
13444.1   0.0003347126153130
13445.0   0.0003341284780525
13445.9   0.0003329071251998
13446.8   0.0003311650685074
13447.7   0.0003295863809713
13448.6   0.0003287419383226
13449.5   0.0003293604947104
13450.4   0.0003313553723489
13451.3   0.0003333954716237
13452.2   0.0003343533477751
13453.1   0.0003336393656456
13454.0   0.0003322054918628
13454.9   0.0003320671388546
13455.8   0.0003328722693906
13456.7   0.0003327213778837
13457.6   0.0003311290458267
13458.5   0.0003286703904924
13459.4   0.0003265855921680
13460.3   0.0003265548239881
13461.2   0.0003291261146278
13462.1   0.0003324880322363
13463.0   0.0003347238294484
13463.9   0.0003359553154697
13464.8   0.0003361321967107
13465.7   0.0003351764717547
13466.6   0.0003344359522489
13467.5   0.0003346134061875
13468.4   0.0003348392459167
13469.3   0.0003343144293921
13470.2   0.0003331580884580
13471.1   0.0003320204818949
13472.0   0.0003313820063679
13472.9   0.0003311612708062
13473.8   0.0003310861257191
13474.7   0.0003310384128482
13475.6   0.0003309932520610
13476.5   0.0003309482344483
13477.4   0.0003309032239943
13478.3   0.0003308582099610
13479.2   0.0003308131995070
13480.1   0.0003307681854736
13481.0   0.0003307231750196
13481.9   0.0003306781609863
13482.8   0.0003306331505323
13483.7   0.0003305881364989
13484.6   0.0003305431224656
13485.5   0.0003304981120116
13486.4   0.0003304530979782
13487.3   0.0003304080875242
13488.2   0.0003303630734909
13489.1   0.0003303180630369
13490.0   0.0003302730490035
13490.9   0.0003302280385495
13491.8   0.0003301830245161
13492.7   0.0003301380140622
13493.6   0.0003300930000288
13494.5   0.0003300479859954
13495.4   0.0003300029755414
13496.3   0.0003299579615081
13497.2   0.0003299129510541
13498.1   0.0003298679370207
13499.0   0.0003298229265667
13499.9   0.0003297779125334
13500.8   0.0003297329020794
13501.7   0.0003296878880460
13502.6   0.0003296428775920
13503.5   0.0003295978635587
13504.4   0.0003295528531047
13505.3   0.0003295078390713
13506.2   0.0003294628250380
13507.1   0.0003294178145840
13508.0   0.0003293728005506
13508.9   0.0003293277900966
13509.8   0.0003292827760633
13510.7   0.0003292377656093
13511.6   0.0003291927515759
13512.5   0.0003291477411219
13513.4   0.0003291027270886
13514.3   0.0003290577166346
13515.2   0.0003290127026012
13516.1   0.0003289676885679
13517.0   0.0003289226781139
13517.9   0.0003288776640805
13518.8   0.0003288326536265
13519.7   0.0003287876395932
13520.6   0.0003287426291392
13521.5   0.0003286976151058
13522.4   0.0003286526046518
13523.3   0.0003286075906185
13524.2   0.0003285625801645
13525.1   0.0003285175661311
13526.0   0.0003284725520977
13526.9   0.0003284275416437
13527.8   0.0003283825276104
13528.7   0.0003283375171564
13529.6   0.0003282925031230
13530.5   0.0003282474926690
13531.4   0.0003282024786357
13532.3   0.0003281574681817
13533.2   0.0003281124541483
13534.1   0.0003280674436943
13535.0   0.0003280224296610
13535.9   0.0003279774156276
13536.8   0.0003279324051736
13537.7   0.0003278873911403
13538.6   0.0003278423806863
13539.5   0.0003277973666529
13540.4   0.0003277523561989
13541.3   0.0003277073421656
13542.2   0.0003276623317116
13543.1   0.0003276173176782
13544.0   0.0003275723072242
13544.9   0.0003275272931909
13545.8   0.0003274822827369
13546.7   0.0003274372687035
13547.6   0.0003273922546702
13548.5   0.0003273472442162
13549.4   0.0003273022301828
13550.3   0.0003272572197288
13551.2   0.0003272122056955
13552.1   0.0003271671952415
13553.0   0.0003271221812081
13553.9   0.0003270771707541
13554.8   0.0003270321567208
13555.7   0.0003269871462668
13556.6   0.0003269421322334
13557.5   0.0003268971182000
13558.4   0.0003268521077461
13559.3   0.0003268070937127
13560.2   0.0003267620832587
13561.1   0.0003267170692253
13562.0   0.0003266720587713
13562.9   0.0003266270447380
13563.8   0.0003265820342840
13564.7   0.0003265370202506
13565.6   0.0003264920097966
13566.5   0.0003264469957633
13567.4   0.0003264019817299
13568.3   0.0003263569712759
13569.2   0.0003263119572426
13570.1   0.0003262669467886
13571.0   0.0003262219327552
13571.9   0.0003261769223012
13572.8   0.0003261319082679
13573.7   0.0003260868978139
13574.6   0.0003260418837805
13575.5   0.0003259968733265
13576.4   0.0003259518592932
13577.3   0.0003259068452598
13578.2   0.0003258618348058
13579.1   0.0003258168207725
13580.0   0.0003257718103185
13580.9   0.0003257267962851
13581.8   0.0003256817858311
13582.7   0.0003256367717978
13583.6   0.0003255917613438
13584.5   0.0003255467473104
13585.4   0.0003255017368564
13586.3   0.0003254567228231
13587.2   0.0003254117123691
13588.1   0.0003253666983357
13589.0   0.0003253216843024
13589.9   0.0003252766738484
13590.8   0.0003252316598150
13591.7   0.0003251866493610
13592.6   0.0003251416353276
13593.5   0.0003250966248737
13594.4   0.0003250516108403
13595.3   0.0003250066003863
13596.2   0.0003249615863529
13597.1   0.0003249165758989
13598.0   0.0003248715618656
13598.9   0.0003248265478322
13599.8   0.0003247815373782
13600.7   0.0003247365233449
13601.6   0.0003246915128909
13602.5   0.0003246464988575
13603.4   0.0003246014884035
13604.3   0.0003245564743702
13605.2   0.0003245114639162
13606.1   0.0003244664498828
13607.0   0.0003244214394288
13607.9   0.0003243764253955
13608.8   0.0003243314113621
13609.7   0.0003242864009081
13610.6   0.0003242413868748
13611.5   0.0003241963764208
13612.4   0.0003241513623874
13613.3   0.0003241063519334
13614.2   0.0003240613379001
13615.1   0.0003240163274461
13616.0   0.0003239713134127
13616.9   0.0003239263029587
13617.8   0.0003238812889254
13618.7   0.0003238362748920
13619.6   0.0003237912644380
13620.5   0.0003237462504047
13621.4   0.0003237012399507
13622.3   0.0003236562259173
13623.2   0.0003236112154633
13624.1   0.0003235662014300
13625.0   0.0003235211909760
13625.9   0.0003234761769426
13626.8   0.0003234311664886
13627.7   0.0003233861524552
13628.6   0.0003233411384219
13629.5   0.0003232961279679
13630.4   0.0003232511139345
13631.3   0.0003232061034805
13632.2   0.0003231610894472
13633.1   0.0003231160789932
13634.0   0.0003230710649598
13634.9   0.0003230260545058
13635.8   0.0003229810404725
13636.7   0.0003229360300185
13637.6   0.0003228910159851
13638.5   0.0003228460055311
13639.4   0.0003228009914978
13640.3   0.0003227559774644
13641.2   0.0003227109670104
13642.1   0.0003226659529771
13643.0   0.0003226209425231
13643.9   0.0003225759284897
13644.8   0.0003225309180357
13645.7   0.0003224859040024
13646.6   0.0003224408935484
13647.5   0.0003223958795150
13648.4   0.0003223508690610
13649.3   0.0003223058550277
13650.2   0.0003222608409943
13651.1   0.0003222158305403
13652.0   0.0003221708165070
13652.9   0.0003221258060530
13653.8   0.0003220807920196
13654.7   0.0003220357815656
13655.6   0.0003219907675323
13656.5   0.0003219457570783
13657.4   0.0003219007430449
13658.3   0.0003218557325909
13659.2   0.0003218107185576
13660.1   0.0003217657045242
13661.0   0.0003217206940702
13661.9   0.0003216756800368
13662.8   0.0003216306695828
13663.7   0.0003215856555495
13664.6   0.0003215406450955
13665.5   0.0003214956310621
13666.4   0.0003214506206081
13667.3   0.0003214056065748
13668.2   0.0003213605961208
13669.1   0.0003213155820874
13670.0   0.0003212705680541
13670.9   0.0003212255576001
13671.8   0.0003211805435667
13672.7   0.0003211355331127
13673.6   0.0003210905190794
13674.5   0.0003210455086254
13675.4   0.0003210004945920
13676.3   0.0003209554841380
13677.2   0.0003209104701047
13678.1   0.0003208654596507
13679.0   0.0003208204456173
13679.9   0.0003207754351633
13680.8   0.0003207304211300
13681.7   0.0003206854070966
13682.6   0.0003206403966426
13683.5   0.0003205953826093
13684.4   0.0003205503721553
13685.3   0.0003205053581219
13686.2   0.0003204603476679
13687.1   0.0003204153336346
13688.0   0.0003203703231806
13688.9   0.0003203253091472
13689.8   0.0003202802986932
13690.7   0.0003202352846599
13691.6   0.0003201902706265
13692.5   0.0003201452601725
13693.4   0.0003201002461391
13694.3   0.0003200552356852
13695.2   0.0003200102216518
13696.1   0.0003199652111978
13697.0   0.0003199201971644
13697.9   0.0003198751867104
13698.8   0.0003198301726771
13699.7   0.0003197851622231
13700.6   0.0003197401481897
13701.5   0.0003196951341564
13702.4   0.0003196501237024
13703.3   0.0003196051096690
13704.2   0.0003195600992150
13705.1   0.0003195150851817
13706.0   0.0003194700747277
13706.9   0.0003194250606943
13707.8   0.0003193800502403
13708.7   0.0003193350362070
13709.6   0.0003192900257530
13710.5   0.0003192450117196
13711.4   0.0003191999976863
13712.3   0.0003191549872323
13713.2   0.0003191099731989
13714.1   0.0003190649627449
13715.0   0.0003190199487116
13715.9   0.0003189749382576
13716.8   0.0003189299242242
13717.7   0.0003188849137702
13718.6   0.0003188398997369
13719.5   0.0003187948892829
13720.4   0.0003187498752495
13721.3   0.0003187048612162
13722.2   0.0003186598507622
13723.1   0.0003186148367288
13724.0   0.0003185698262748
13724.9   0.0003185248122415
13725.8   0.0003184798017875
13726.7   0.0003184347877541
13727.6   0.0003183897773001
13728.5   0.0003183447632667
13729.4   0.0003182997528128
13730.3   0.0003182547387794
13731.2   0.0003182097283254
13732.1   0.0003181647142920
13733.0   0.0003181197002587
13733.9   0.0003180746898047
13734.8   0.0003180296757713
13735.7   0.0003179846653173
13736.6   0.0003179396512840
13737.5   0.0003178946408300
13738.4   0.0003178496267966
13739.3   0.0003178046163426
13740.2   0.0003177596023093
13741.1   0.0003177145918553
13742.0   0.0003176695778219
13742.9   0.0003176245637886
13743.8   0.0003175795533346
13744.7   0.0003175345393012
13745.6   0.0003174895288472
13746.5   0.0003174445148139
13747.4   0.0003173995043599
13748.3   0.0003173544903265
13749.2   0.0003173094798725
13750.1   0.0003172644658392
13751.0   0.0003172194553852
13751.9   0.0003171744413518
13752.8   0.0003171294273185
13753.7   0.0003170844168645
13754.6   0.0003170394028311
13755.5   0.0003169943923771
13756.4   0.0003169493783438
13757.3   0.0003169043678898
13758.2   0.0003168593538564
13759.1   0.0003168143434024
13760.0   0.0003167693293691
13760.9   0.0003167243189151
13761.8   0.0003166793048817
13762.7   0.0003166342908483
13763.6   0.0003165892803943
13764.5   0.0003165442663610
13765.4   0.0003164992559070
13766.3   0.0003164542418736
13767.2   0.0003164092314196
13768.1   0.0003163642173863
13769.0   0.0003163192069323
13769.9   0.0003162741928989
13770.8   0.0003162291824449
13771.7   0.0003161841684116
13772.6   0.0003161391579576
13773.5   0.0003160941439242
13774.4   0.0003160491298909
13775.3   0.0003160041194369
13776.2   0.0003159591054035
13777.1   0.0003159140949495
13778.0   0.0003158690809162
13778.9   0.0003158240704622
13779.8   0.0003157790564288
13780.7   0.0003157340459748
13781.6   0.0003156890319415
13782.5   0.0003156440214875
13783.4   0.0003155990074541
13784.3   0.0003155539934208
13785.2   0.0003155089829668
13786.1   0.0003154639689334
13787.0   0.0003154189584794
13787.9   0.0003153739444461
13788.8   0.0003153289339921
13789.7   0.0003152839199587
13790.6   0.0003152389095047
13791.5   0.0003151938954714
13792.4   0.0003151488850174
13793.3   0.0003151038709840
13794.2   0.0003150588569506
13795.1   0.0003150138464967
13796.0   0.0003149688324633
13796.9   0.0003149238220093
13797.8   0.0003148788079759
13798.7   0.0003148337975219
13799.6   0.0003147887834886
13800.5   0.0003147437730346
13801.4   0.0003146987590012
13802.3   0.0003146537485472
13803.2   0.0003146087345139
13804.1   0.0003145637204805
13805.0   0.0003145187100265
13805.9   0.0003144736959932
13806.8   0.0003144286855392
13807.7   0.0003143836715058
13808.6   0.0003143386610518
13809.5   0.0003142936470185
13810.4   0.0003142486365645
13811.3   0.0003142036225311
13812.2   0.0003141586120771
13813.1   0.0003141135980438
13814.0   0.0003140685840104
13814.9   0.0003140235735564
13815.8   0.0003139785595231
13816.7   0.0003139335490691
13817.6   0.0003138885350357
13818.5   0.0003138435245817
13819.4   0.0003137985105484
13820.3   0.0003137535000944
13821.2   0.0003137084860610
13822.1   0.0003136634756070
13823.0   0.0003136184615737
13823.9   0.0003135734511197
13824.8   0.0003135284370863
13825.7   0.0003134834230530
13826.6   0.0003134384125990
13827.5   0.0003133933985656
13828.4   0.0003133483881116
13829.3   0.0003133033740782
13830.2   0.0003132583636243
13831.1   0.0003132133495909
13832.0   0.0003131683391369
13832.9   0.0003131233251035
13833.8   0.0003130783146495
13834.7   0.0003130333006162
13835.6   0.0003129882865828
13836.5   0.0003129432761288
13837.4   0.0003128982620955
13838.3   0.0003128532516415
13839.2   0.0003128082376081
13840.1   0.0003127632271541
13841.0   0.0003127182131208
13841.9   0.0003126732026668
13842.8   0.0003126281886334
13843.7   0.0003125831781794
13844.6   0.0003125381641461
13845.5   0.0003124931501127
13846.4   0.0003124481396587
13847.3   0.0003124031256254
13848.2   0.0003123581151714
13849.1   0.0003123131011380
13850.0   0.0003122680906840
13850.9   0.0003122230766507
13851.8   0.0003121780661967
13852.7   0.0003121330521633
13853.6   0.0003120880417093
13854.5   0.0003120430276760
13855.4   0.0003119980136426
13856.3   0.0003119530031886
13857.2   0.0003119079891553
13858.1   0.0003118629787013
13859.0   0.0003118179646679
13859.9   0.0003117729542139
13860.8   0.0003117279401806
13861.7   0.0003116829297266
13862.6   0.0003116379156932
13863.5   0.0003115929052392
13864.4   0.0003115478912058
13865.3   0.0003115028807519
13866.2   0.0003114578667185
13867.1   0.0003114128526851
13868.0   0.0003113678422311
13868.9   0.0003113228281978
13869.8   0.0003112778177438
13870.7   0.0003112328037104
13871.6   0.0003111877932564
13872.5   0.0003111427792231
13873.4   0.0003110977687691
13874.3   0.0003110527547357
13875.2   0.0003110077442817
13876.1   0.0003109627302484
13877.0   0.0003109177162150
13877.9   0.0003108727057610
13878.8   0.0003108276917277
13879.7   0.0003107826812737
13880.6   0.0003107376672403
13881.5   0.0003106926567863
13882.4   0.0003106476427530
13883.3   0.0003106026322990
13884.2   0.0003105576182656
13885.1   0.0003105126078116
13886.0   0.0003104675937783
13886.9   0.0003104225797449
13887.8   0.0003103775692909
13888.7   0.0003103325552576
13889.6   0.0003102875448036
13890.5   0.0003102425307702
13891.4   0.0003101975203162
13892.3   0.0003101525062829
13893.2   0.0003101074958289
13894.1   0.0003100624817955
13895.0   0.0003100174713415
13895.9   0.0003099724573082
13896.8   0.0003099274432748
13897.7   0.0003098824328208
13898.6   0.0003098374187874
13899.5   0.0003097924083334
13900.4   0.0003097473943001
13901.3   0.0003097023838461
13902.2   0.0003096573698127
13903.1   0.0003096123593587
13904.0   0.0003095673453254
13904.9   0.0003095223348714
13905.8   0.0003094773208380
13906.7   0.0003094323068047
13907.6   0.0003093872963507
13908.5   0.0003093422823173
13909.4   0.0003092972718633
13910.3   0.0003092522578300
13911.2   0.0003092072473760
13912.1   0.0003091622333426
13913.0   0.0003091172228886
13913.9   0.0003090722088553
13914.8   0.0003090271984013
13915.7   0.0003089821843679
13916.6   0.0003089371739139
13917.5   0.0003088921598806
13918.4   0.0003088471458472
13919.3   0.0003088021353932
13920.2   0.0003087571213599
13921.1   0.0003087121109059
13922.0   0.0003086670968725
13922.9   0.0003086220864185
13923.8   0.0003085770723852
13924.7   0.0003085320619312
13925.6   0.0003084870478978
13926.5   0.0003084420374438
13927.4   0.0003083970234105
13928.3   0.0003083520093771
13929.2   0.0003083069989231
13930.1   0.0003082619848897
13931.0   0.0003082169744358
13931.9   0.0003081719604024
13932.8   0.0003081269499484
13933.7   0.0003080819359150
13934.6   0.0003080369254610
13935.5   0.0003079919114277
13936.4   0.0003079469009737
13937.3   0.0003079018869403
13938.2   0.0003078568729070
13939.1   0.0003078118624530
13940.0   0.0003077668484196
13940.9   0.0003077218379656
13941.8   0.0003076768239323
13942.7   0.0003076318134783
13943.6   0.0003075867994449
13944.5   0.0003075417889909
13945.4   0.0003074967749576
13946.3   0.0003074517645036
13947.2   0.0003074067504702
13948.1   0.0003073617364369
13949.0   0.0003073167259829
13949.9   0.0003072717119495
13950.8   0.0003072267014955
13951.7   0.0003071816874622
13952.6   0.0003071366770082
13953.5   0.0003070916629748
13954.4   0.0003070466525208
13955.3   0.0003070016384875
13956.2   0.0003069566280335
13957.1   0.0003069116140001
13958.0   0.0003068666035461
13958.9   0.0003068215895128
13959.8   0.0003067765754794
13960.7   0.0003067315650254
13961.6   0.0003066865509921
13962.5   0.0003066415405381
13963.4   0.0003065965265047
13964.3   0.0003065515160507
13965.2   0.0003065065020173
13966.1   0.0003064614915634
13967.0   0.0003064164775300
13967.9   0.0003063714670760
13968.8   0.0003063264530426
13969.7   0.0003062814390093
13970.6   0.0003062364285553
13971.5   0.0003061914145219
13972.4   0.0003061464040679
13973.3   0.0003061013900346
13974.2   0.0003060563795806
13975.1   0.0003060113655472
13976.0   0.0003059663550932
13976.9   0.0003059213410599
13977.8   0.0003058763306059
13978.7   0.0003058313165725
13979.6   0.0003057863025392
13980.5   0.0003057412920852
13981.4   0.0003056962780518
13982.3   0.0003056512675978
13983.2   0.0003056062535645
13984.1   0.0003055612431105
13985.0   0.0003055162290771
13985.9   0.0003054712186231
13986.8   0.0003054262045898
13987.7   0.0003053811941358
13988.6   0.0003053361801024
13989.5   0.0003052911660691
13990.4   0.0003052461556151
13991.3   0.0003052011415817
13992.2   0.0003051561311277
13993.1   0.0003051111170944
13994.0   0.0003050661066404
13994.9   0.0003050210926070
13995.8   0.0003049760821530
13996.7   0.0003049310681197
13997.6   0.0003048860576657
13998.5   0.0003048410436323
13999.4   0.0003047960295989
14000.3   0.0003047510191449
14001.2   0.0003047060051116
14002.1   0.0003046609946576
14003.0   0.0003046159806242
14003.9   0.0003045709701702
14004.8   0.0003045259561369
14005.7   0.0003044809456829
14006.6   0.0003044359316495
14007.5   0.0003043909211955
14008.4   0.0003043459071622
14009.3   0.0003043008967082
14010.2   0.0003042558826748
14011.1   0.0003042108686415
14012.0   0.0003041658581875
14012.9   0.0003041208441541
14013.8   0.0003040758337001
14014.7   0.0003040308196668
14015.6   0.0003039858092128
14016.5   0.0003039407951794
14017.4   0.0003038957847254
14018.3   0.0003038507706921
14019.2   0.0003038057602381
14020.1   0.0003037607462047
14021.0   0.0003037157321714
14021.9   0.0003036707217174
14022.8   0.0003036257076840
14023.7   0.0003035806972300
14024.6   0.0003035356831967
14025.5   0.0003034906727427
14026.4   0.0003034456587093
14027.3   0.0003034006482553
14028.2   0.0003033556342220
14029.1   0.0003033106237680
14030.0   0.0003032656097346
14030.9   0.0003032205957012
14031.8   0.0003031755852473
14032.7   0.0003031305712139
14033.6   0.0003030855607599
14034.5   0.0003030405467265
14035.4   0.0003029955362725
14036.3   0.0003029505222392
14037.2   0.0003029055117852
14038.1   0.0003028604977518
14039.0   0.0003028154872978
14039.9   0.0003027704732645
14040.8   0.0003027254592311
14041.7   0.0003026804487771
14042.6   0.0003026354347438
14043.5   0.0003025904242898
14044.4   0.0003025454102564
14045.3   0.0003025003998024
14046.2   0.0003024553857691
14047.1   0.0003024103753151
14048.0   0.0003023653612817
14048.9   0.0003023203508277
14049.8   0.0003022753367944
14050.7   0.0003022303263404
14051.6   0.0003021853123070
14052.5   0.0003021402982737
14053.4   0.0003020952878197
14054.3   0.0003020502737863
14055.2   0.0003020052633323
14056.1   0.0003019602492990
14057.0   0.0003019152388450
14057.9   0.0003018702248116
14058.8   0.0003018252143576
14059.7   0.0003017802003243
14060.6   0.0003017351898703
14061.5   0.0003016901758369
14062.4   0.0003016451618036
14063.3   0.0003016001513496
14064.2   0.0003015551373162
14065.1   0.0003015101268622
14066.0   0.0003014651128288
14066.9   0.0003014201023749
14067.8   0.0003013750883415
14068.7   0.0003013300778875
14069.6   0.0003012850638541
14070.5   0.0003012400534001
14071.4   0.0003011950393668
14072.3   0.0003011500253334
14073.2   0.0003011050148794
14074.1   0.0003010600008461
14075.0   0.0003010149903921
14075.9   0.0003009699763587
14076.8   0.0003009249659047
14077.7   0.0003008799518714
14078.6   0.0003008349414174
14079.5   0.0003007899273840
14080.4   0.0003007449169300
14081.3   0.0003006999028967
14082.2   0.0003006548888633
14083.1   0.0003006098784093
14084.0   0.0003005648643760
14084.9   0.0003005198539220
14085.8   0.0003004748398886
14086.7   0.0003004298294346
14087.6   0.0003003848154013
14088.5   0.0003003398049473
14089.4   0.0003002947909139
14090.3   0.0003002497804599
14091.2   0.0003002047664266
14092.1   0.0003001597523932
14093.0   0.0003001147419392
14093.9   0.0003000697279059
14094.8   0.0003000247174519
14095.7   0.0002999797034185
14096.6   0.0002999346929645
14097.5   0.0002998896789312
14098.4   0.0002998446684772
14099.3   0.0002997996544438
14100.2   0.0002997546439898
14101.1   0.0002997096299564
14102.0   0.0002996646195025
14102.9   0.0002996196054691
14103.8   0.0002995745914357
14104.7   0.0002995295809817
14105.6   0.0002994845669484
14106.5   0.0002994395564944
14107.4   0.0002993945424610
14108.3   0.0002993495320070
14109.2   0.0002993045179737
14110.1   0.0002992595075197
14111.0   0.0002992144934863
14111.9   0.0002991694830323
14112.8   0.0002991244689990
14113.7   0.0002990794549656
14114.6   0.0002990344445116
14115.5   0.0002989894304783
14116.4   0.0002989444200243
14117.3   0.0002988994059909
14118.2   0.0002988543955369
14119.1   0.0002988093815036
14120.0   0.0002987643710496
14120.9   0.0002987193570162
14121.8   0.0002986743465622
14122.7   0.0002986293325289
14123.6   0.0002985843184955
14124.5   0.0002985393080415
14125.4   0.0002984942940082
14126.3   0.0002984492835542
14127.2   0.0002984042695208
14128.1   0.0002983592590668
14129.0   0.0002983142450335
14129.9   0.0002982692345795
14130.8   0.0002982242205461
14131.7   0.0002981792100921
14132.6   0.0002981341960588
14133.5   0.0002980891820254
14134.4   0.0002980441715714
14135.3   0.0002979991575380
14136.2   0.0002979541470840
14137.1   0.0002979091330507
14138.0   0.0002978641225967
14138.9   0.0002978191085633
14139.8   0.0002977740981093
14140.7   0.0002977290840760
14141.6   0.0002976840736220
14142.5   0.0002976390595886
14143.4   0.0002975940491346
14144.3   0.0002975490351013
14145.2   0.0002975040210679
14146.1   0.0002974590106139
14147.0   0.0002974139965806
14147.9   0.0002973689861266
14148.8   0.0002973239720932
14149.7   0.0002972789616392
14150.6   0.0002972339476059
14151.5   0.0002971889371519
14152.4   0.0002971439231185
14153.3   0.0002970989126645
14154.2   0.0002970538986312
14155.1   0.0002970088845978
14156.0   0.0002969638741438
14156.9   0.0002969188601105
14157.8   0.0002968738496565
14158.7   0.0002968288356231
14159.6   0.0002967838251691
14160.5   0.0002967388111358
14161.4   0.0002966938006818
14162.3   0.0002966487866484
14163.2   0.0002966037761944
14164.1   0.0002965587621611
14165.0   0.0002965137481277
14165.9   0.0002964687376737
14166.8   0.0002964237236403
14167.7   0.0002963787131864
14168.6   0.0002963336991530
14169.5   0.0002962886886990
14170.4   0.0002962436746656
14171.3   0.0002961986642116
14172.2   0.0002961536501783
14173.1   0.0002961086397243
14174.0   0.0002960636256909
14174.9   0.0002960186116576
14175.8   0.0002959736012036
14176.7   0.0002959285871702
14177.6   0.0002958835767162
14178.5   0.0002958385626829
14179.4   0.0002957935522289
14180.3   0.0002957485381955
14181.2   0.0002957035277415
14182.1   0.0002956585137082
14183.0   0.0002956135032542
14183.9   0.0002955684892208
14184.8   0.0002955234751875
14185.7   0.0002954784647335
14186.6   0.0002954334507001
14187.5   0.0002953884402461
14188.4   0.0002953434262128
14189.3   0.0002952984157588
14190.2   0.0002952534017254
14191.1   0.0002952083912714
14192.0   0.0002951633772381
14192.9   0.0002951183667841
14193.8   0.0002950733527507
14194.7   0.0002950283422967
14195.6   0.0002949833282634
14196.5   0.0002949383142300
14197.4   0.0002948933037760
14198.3   0.0002948482897427
14199.2   0.0002948032792887
14200.1   0.0002947582652553
14201.0   0.0002947132548013
14201.9   0.0002946682407679
14202.8   0.0002946232303140
14203.7   0.0002945782162806
14204.6   0.0002945332058266
14205.5   0.0002944881917932
14206.4   0.0002944431777599
14207.3   0.0002943981673059
14208.2   0.0002943531532725
14209.1   0.0002943081428185
14210.0   0.0002942631287852
14210.9   0.0002942181183312
14211.8   0.0002941731042978
14212.7   0.0002941280938438
14213.6   0.0002940830798105
14214.5   0.0002940380693565
14215.4   0.0002939930553231
14216.3   0.0002939480412898
14217.2   0.0002939030308358
14218.1   0.0002938580168024
14219.0   0.0002938130063484
14219.9   0.0002937679923151
14220.8   0.0002937229818611
14221.7   0.0002936779678277
14222.6   0.0002936329573737
14223.5   0.0002935879433404
14224.4   0.0002935429328864
14225.3   0.0002934979188530
14226.2   0.0002934529048197
14227.1   0.0002934078943657
14228.0   0.0002933628803323
14228.9   0.0002933178698783
14229.8   0.0002932728558450
14230.7   0.0002932278453910
14231.6   0.0002931828313576
14232.5   0.0002931378209036
14233.4   0.0002930928068703
14234.3   0.0002930477964163
14235.2   0.0002930027823829
14236.1   0.0002929577719289
14237.0   0.0002929127578955
14237.9   0.0002928677438622
14238.8   0.0002928227334082
14239.7   0.0002927777193748
14240.6   0.0002927327089208
14241.5   0.0002926876948875
14242.4   0.0002926426844335
14243.3   0.0002925976704001
14244.2   0.0002925526599461
14245.1   0.0002925076459128
14246.0   0.0002924626354588
14246.9   0.0002924176214254
14247.8   0.0002923726073921
14248.7   0.0002923275969381
14249.6   0.0002922825829047
14250.5   0.0002922375724507
14251.4   0.0002921925584174
14252.3   0.0002921475479634
14253.2   0.0002921025339300
14254.1   0.0002920575234760
14255.0   0.0002920125094427
14255.9   0.0002919674989887
14256.8   0.0002919224849553
14257.7   0.0002918774709220
14258.6   0.0002918324604680
14259.5   0.0002917874464346
14260.4   0.0002917424359806
14261.3   0.0002916974219473
14262.2   0.0002916524114933
14263.1   0.0002916073974599
14264.0   0.0002915623870059
14264.9   0.0002915173729726
14265.8   0.0002914723625186
14266.7   0.0002914273484852
14267.6   0.0002913823344518
14268.5   0.0002913373239979
14269.4   0.0002912923099645
14270.3   0.0002912472995105
14271.2   0.0002912022854771
14272.1   0.0002911572750231
14273.0   0.0002911122609898
14273.9   0.0002910672505358
14274.8   0.0002910222365024
14275.7   0.0002909772260484
14276.6   0.0002909322120151
14277.5   0.0002908872015611
14278.4   0.0002908421875277
14279.3   0.0002907971734944
14280.2   0.0002907521630404
14281.1   0.0002907071490070
14282.0   0.0002906621385530
14282.9   0.0002906171245197
14283.8   0.0002905721140657
14284.7   0.0002905271000323
14285.6   0.0002904820895783
14286.5   0.0002904370755450
14287.4   0.0002903920650910
14288.3   0.0002903470510576
14289.2   0.0002903020370243
14290.1   0.0002902570265703
14291.0   0.0002902120125369
14291.9   0.0002901670020829
14292.8   0.0002901219880496
14293.7   0.0002900769775956
14294.6   0.0002900319635622
14295.5   0.0002899869531082
14296.4   0.0002899419390749
14297.3   0.0002898969286209
14298.2   0.0002898519145875
14299.1   0.0002898069005542
14300.0   0.0002897618901002
14300.9   0.0002897168760668
14301.8   0.0002896718656128
14302.7   0.0002896268515794
14303.6   0.0002895818411255
14304.5   0.0002895368270921
14305.4   0.0002894918166381
14306.3   0.0002894468026047
14307.2   0.0002894017921507
14308.1   0.0002893567781174
14309.0   0.0002893117640840
14309.9   0.0002892667536300
14310.8   0.0002892217395967
14311.7   0.0002891767291427
14312.6   0.0002891317151093
14313.5   0.0002890867046553
14314.4   0.0002890416906220
14315.3   0.0002889966801680
14316.2   0.0002889516661346
14317.1   0.0002889066556806
14318.0   0.0002888616416473
14318.9   0.0002888166276139
14319.8   0.0002887716171599
14320.7   0.0002887266031266
14321.6   0.0002886815926726
14322.5   0.0002886365786392
14323.4   0.0002885915681852
14324.3   0.0002885465541519
14325.2   0.0002885015436979
14326.1   0.0002884565296645
14327.0   0.0002884115192105
14327.9   0.0002883665051772
14328.8   0.0002883214947232
14329.7   0.0002882764806898
14330.6   0.0002882314666565
14331.5   0.0002881864562025
14332.4   0.0002881414421691
14333.3   0.0002880964317151
14334.2   0.0002880514176818
14335.1   0.0002880064072278
14336.0   0.0002879613931944
14336.9   0.0002879163827404
14337.8   0.0002878713687070
14338.7   0.0002878263582531
14339.6   0.0002877813442197
14340.5   0.0002877363301863
14341.4   0.0002876913197323
14342.3   0.0002876463056990
14343.2   0.0002876012952450
14344.1   0.0002875562812116
14345.0   0.0002875112707576
14345.9   0.0002874662567243
14346.8   0.0002874212462703
14347.7   0.0002873762322369
14348.6   0.0002873312217829
14349.5   0.0002872862077496
14350.4   0.0002872411937162
14351.3   0.0002871961832622
14352.2   0.0002871511692289
14353.1   0.0002871061587749
14354.0   0.0002870611447415
14354.9   0.0002870161342875
14355.8   0.0002869711202542
14356.7   0.0002869261098002
14357.6   0.0002868810957668
14358.5   0.0002868360853128
14359.4   0.0002867910712795
14360.3   0.0002867460572461
14361.2   0.0002867010467921
14362.1   0.0002866560327588
14363.0   0.0002866110223048
14363.9   0.0002865660082714
14364.8   0.0002865209978174
14365.7   0.0002864759837841
14366.6   0.0002864309733301
14367.5   0.0002863859592967
14368.4   0.0002863409488427
14369.3   0.0002862959348094
14370.2   0.0002862509243554
14371.1   0.0002862059103220
14372.0   0.0002861608962886
14372.9   0.0002861158858346
14373.8   0.0002860708718013
14374.7   0.0002860258613473
14375.6   0.0002859808473139
14376.5   0.0002859358368599
14377.4   0.0002858908228266
14378.3   0.0002858458123726
14379.2   0.0002858007983392
14380.1   0.0002857557878852
14381.0   0.0002857107738519
14381.9   0.0002856657598185
14382.8   0.0002856207493645
14383.7   0.0002855757353312
14384.6   0.0002855307248772
14385.5   0.0002854857108438
14386.4   0.0002854407003898
14387.3   0.0002853956863565
14388.2   0.0002853506759025
14389.1   0.0002853056618691
14390.0   0.0002852606514151
14390.9   0.0002852156373818
14391.8   0.0002851706233484
14392.7   0.0002851256128944
14393.6   0.0002850805988611
14394.5   0.0002850355884071
14395.4   0.0002849905743737
14396.3   0.0002849455639197
14397.2   0.0002849005498864
14398.1   0.0002848555394324
14399.0   0.0002848105253990
14399.9   0.0002847655149450
14400.8   0.0002847205009117
14401.7   0.0002846754868783
14402.6   0.0002846304764243
14403.5   0.0002845854623909
14404.4   0.0002845404519370
14405.3   0.0002844954379036
14406.2   0.0002844504274496
14407.1   0.0002844054134162
14408.0   0.0002843604029622
14408.9   0.0002843153889289
14409.8   0.0002842703784749
14410.7   0.0002842253644415
14411.6   0.0002841803504082
14412.5   0.0002841353399542
14413.4   0.0002840903259208
14414.3   0.0002840453154668
14415.2   0.0002840003014335
14416.1   0.0002839552909795
14417.0   0.0002839102769461
14417.9   0.0002838652664921
14418.8   0.0002838202524588
14419.7   0.0002837752420048
14420.6   0.0002837302279714
14421.5   0.0002836852175174
14422.4   0.0002836402034841
14423.3   0.0002835951894507
14424.2   0.0002835501789967
14425.1   0.0002835051649634
14426.0   0.0002834601545094
14426.9   0.0002834151404760
14427.8   0.0002833701300220
14428.7   0.0002833251159887
14429.6   0.0002832801055347
14430.5   0.0002832350915013
14431.4   0.0002831900810473
14432.3   0.0002831450670140
14433.2   0.0002831000529806
14434.1   0.0002830550425266
14435.0   0.0002830100284933
14435.9   0.0002829650180393
14436.8   0.0002829200040059
14437.7   0.0002828749935519
14438.6   0.0002828299795185
14439.5   0.0002827849690646
14440.4   0.0002827399550312
14441.3   0.0002826949445772
14442.2   0.0002826499305438
14443.1   0.0002826049165105
14444.0   0.0002825599060565
14444.9   0.0002825148920231
14445.8   0.0002824698815691
14446.7   0.0002824248675358
14447.6   0.0002823798570818
14448.5   0.0002823348430484
14449.4   0.0002822898325944
14450.3   0.0002822448185611
14451.2   0.0002821998081071
14452.1   0.0002821547940737
14453.0   0.0002821097800404
14453.9   0.0002820647695864
14454.8   0.0002820197555530
14455.7   0.0002819747450990
14456.6   0.0002819297131689
14457.5   0.0002818840190571
14458.4   0.0002818274007381
14459.3   0.0002816595824371
14460.2   0.0002809243281701
14461.1   0.0002786230608813
14462.0   0.0002746769022110
14462.9   0.0002714243519522
14463.8   0.0002709821506394
14464.7   0.0002726371537135
14465.6   0.0002757028971656
14466.5   0.0002803731281818
14467.4   0.0002848259774968
14468.3   0.0002869660232453
14469.2   0.0002867103173349
14470.1   0.0002852151147952
14471.0   0.0002839908590814
14471.9   0.0002843341161412
14472.8   0.0002862884074149
14473.7   0.0002883739645637
14474.6   0.0002890057789015
14475.5   0.0002875301518825
14476.4   0.0002842111329056
14477.3   0.0002795264233775
14478.2   0.0002750876731621
14479.1   0.0002739245278643
14480.0   0.0002770374150691
14480.9   0.0002823733855986
14481.8   0.0002868318258742
14482.7   0.0002875986107249
14483.6   0.0002830101430328
14484.5   0.0002741947767150
14485.4   0.0002664895417918
14486.3   0.0002653122114896
14487.2   0.0002705743004462
14488.1   0.0002779359991195
14489.0   0.0002833780368286
14489.9   0.0002856997458432
14490.8   0.0002856928448369
14491.7   0.0002845766822205
14492.6   0.0002838941555080
14493.5   0.0002847527044150
14494.4   0.0002864171892141
14495.3   0.0002871805557758
14496.2   0.0002858203022727
14497.1   0.0002828469313683
14498.0   0.0002816575994715
14498.9   0.0002838836608240
14499.8   0.0002847916729091
14500.7   0.0002795535549275
14501.6   0.0002726442909576
14502.5   0.0002733275943913
14503.4   0.0002819635810747
14504.3   0.0002900086977212
14505.2   0.0002904426271326
14506.1   0.0002833787312245
14507.0   0.0002755079437352
14507.9   0.0002732942454927
14508.8   0.0002754653565080
14509.7   0.0002750417105983
14510.6   0.0002682550003409
14511.5   0.0002600002011970
14512.4   0.0002594977843083
14513.3   0.0002686086124897
14514.2   0.0002794748913293
14515.1   0.0002851319984729
14516.0   0.0002850842856020
14516.9   0.0002828859428146
14517.8   0.0002820726620755
14518.7   0.0002831857929738
14519.6   0.0002850298685895
14520.5   0.0002863799960827
14521.4   0.0002857755674295
14522.3   0.0002816711509291
14523.2   0.0002744863084412
14524.1   0.0002676651253661
14525.0   0.0002651391780608
14525.9   0.0002680079027917
14526.8   0.0002738973676794
14527.7   0.0002783676735340
14528.6   0.0002778929215200
14529.5   0.0002732252855399
14530.4   0.0002688464967659
14531.3   0.0002677200005367
14532.2   0.0002689455018679
14533.1   0.0002711119024452
14534.0   0.0002735947972065
14534.9   0.0002749893767734
14535.8   0.0002740595663850
14536.7   0.0002719110268149
14537.6   0.0002713097086256
14538.5   0.0002733473882530
14539.4   0.0002750405759412
14540.3   0.0002716145627304
14541.2   0.0002626033481422
14542.1   0.0002542038211496
14543.0   0.0002534380922102
14543.9   0.0002599180047703
14544.8   0.0002679820669701
14545.7   0.0002745269842901
14546.6   0.0002780775055440
14547.5   0.0002777733816287
14548.4   0.0002757475353661
14549.3   0.0002740416660049
14550.2   0.0002728406009655
14551.1   0.0002724594492197
14552.0   0.0002718280930400
14552.9   0.0002678803343957
14553.8   0.0002609790989306
14554.7   0.0002569154083901
14555.6   0.0002601462355121
14556.5   0.0002682231583529
14557.4   0.0002753928386712
14558.3   0.0002794888902069
14559.2   0.0002815847022225
14560.1   0.0002822048120526
14561.0   0.0002815893661288
14561.9   0.0002802322409866
14562.8   0.0002780622789459
14563.7   0.0002743419922190
14564.6   0.0002691780743735
14565.5   0.0002653699716245
14566.4   0.0002659599539801
14567.3   0.0002694285150451
14568.2   0.0002724502287879
14569.1   0.0002750073845344
14570.0   0.0002775282312515
14570.9   0.0002781942248994
14571.8   0.0002762368124236
14572.7   0.0002735487988491
14573.6   0.0002722241957732
14574.5   0.0002722276999668
14575.4   0.0002714335007967
14576.3   0.0002688340513306
14577.2   0.0002670113337570
14578.1   0.0002688972843072
14579.0   0.0002733621387962
14579.9   0.0002769830982787
14580.8   0.0002782933839139
14581.7   0.0002783281824533
14582.6   0.0002783472318081
14583.5   0.0002787170978314
14584.4   0.0002795211688768
14585.3   0.0002807447445122
14586.2   0.0002818248379162
14587.1   0.0002816170453209
14588.0   0.0002793979315065
14588.9   0.0002756108968714
14589.8   0.0002712047617858
14590.7   0.0002665432823052
14591.6   0.0002628338875713
14592.5   0.0002627698563974
14593.4   0.0002667064581761
14594.3   0.0002716656330411
14595.2   0.0002751398029635
14596.1   0.0002761311174975
14597.0   0.0002735154964822
14597.9   0.0002679366055167
14598.8   0.0002634575552853
14599.7   0.0002632858533785
14600.6   0.0002656439859621
14601.5   0.0002661787101556
14602.4   0.0002648217675607
14603.3   0.0002662323182327
14604.2   0.0002716265822218
14605.1   0.0002766033639594
14606.0   0.0002776674039332
14606.9   0.0002764428296563
14607.8   0.0002761430797192
14608.7   0.0002758827313787
14609.6   0.0002732869221218
14610.5   0.0002702524730156
14611.4   0.0002708734275746
14612.3   0.0002754264524424
14613.2   0.0002796679298020
14614.1   0.0002798199989184
14615.0   0.0002764531811659
14615.9   0.0002725709606061
14616.8   0.0002697480982169
14617.7   0.0002677362723080
14618.6   0.0002659910621993
14619.5   0.0002649349970399
14620.4   0.0002666913246413
14621.3   0.0002721604760037
14622.2   0.0002780950408294
14623.1   0.0002813435750461
14624.0   0.0002820661619575
14624.9   0.0002805067349584
14625.8   0.0002759261991284
14626.7   0.0002695540253091
14627.6   0.0002646198272193
14628.5   0.0002623604456031
14629.4   0.0002615885100532
14630.3   0.0002617352172880
14631.2   0.0002641092350720
14632.1   0.0002696284616829
14633.0   0.0002759950481211
14633.9   0.0002801624649396
14634.8   0.0002812900886672
14635.7   0.0002798548511482
14636.6   0.0002765744463087
14637.5   0.0002721365193462
14638.4   0.0002682428376751
14639.3   0.0002669640897822
14640.2   0.0002682299841928
14641.1   0.0002708087234810
14642.0   0.0002740465052998
14642.9   0.0002772569336482
14643.8   0.0002795086089020
14644.7   0.0002796231555858
14645.6   0.0002760805447178
14646.5   0.0002691551235162
14647.4   0.0002628606218123
14648.3   0.0002605493251564
14649.2   0.0002599446745828
14650.1   0.0002568895367749
14651.0   0.0002514718029212
14651.9   0.0002475259127029
14652.8   0.0002482704661476
14653.7   0.0002529563318090
14654.6   0.0002579266671190
14655.5   0.0002610619861738
14656.4   0.0002622440770250
14657.3   0.0002623923555989
14658.2   0.0002637558233673
14659.1   0.0002682193642312
14660.0   0.0002744994590104
14660.9   0.0002794780733805
14661.8   0.0002814760471656
14662.7   0.0002803017163672
14663.6   0.0002764588723485
14664.5   0.0002712782532086
14665.4   0.0002674605577743
14666.3   0.0002669399577361
14667.2   0.0002693356449664
14668.1   0.0002730070591097
14669.0   0.0002758440420747
14669.9   0.0002769210106973
14670.8   0.0002765045485635
14671.7   0.0002749532825056
14672.6   0.0002734034804060
14673.5   0.0002729084369993
14674.4   0.0002722558910074
14675.3   0.0002694792023643
14676.2   0.0002653645095209
14677.1   0.0002625036271681
14678.0   0.0002615941726009
14678.9   0.0002616301988609
14679.8   0.0002621726938453
14680.7   0.0002628897363278
14681.6   0.0002631398119047
14682.5   0.0002637466745228
14683.4   0.0002666561610071
14684.3   0.0002716903234675
14685.2   0.0002754064652953
14686.1   0.0002756651098604
14687.0   0.0002744253555171
14687.9   0.0002727938044108
14688.8   0.0002687735959375
14689.7   0.0002626521419798
14690.6   0.0002597083616458
14691.5   0.0002639600151263
14692.4   0.0002719559406261
14693.3   0.0002777550087730
14694.2   0.0002794274039581
14695.1   0.0002777680984931
14696.0   0.0002743760176167
14696.9   0.0002712480469882
14697.8   0.0002699024366476
14698.7   0.0002704368959684
14699.6   0.0002710362991999
14700.5   0.0002690645764423
14701.4   0.0002644382212229
14702.3   0.0002615525016900
14703.2   0.0002644650234717
14704.1   0.0002704896056261
14705.0   0.0002738713922628
14705.9   0.0002739496084409
14706.8   0.0002727379986066
14707.7   0.0002696423424416
14708.6   0.0002638982640049
14709.5   0.0002579882535898
14710.4   0.0002557459562597
14711.3   0.0002585845034051
14712.2   0.0002645447537193
14713.1   0.0002699387492564
14714.0   0.0002717830002607
14714.9   0.0002699455285645
14715.8   0.0002667299351994
14716.7   0.0002635043554194
14717.6   0.0002598066544551
14718.5   0.0002571872930084
14719.4   0.0002590895117505
14720.3   0.0002645472879063
14721.2   0.0002687029966377
14722.1   0.0002706706460836
14723.0   0.0002732349068600
14723.9   0.0002762695957833
14724.8   0.0002769398596079
14725.7   0.0002741837451270
14726.6   0.0002705778440127
14727.5   0.0002691947327157
14728.4   0.0002697338702603
14729.3   0.0002707555055542
14730.2   0.0002719512659818
14731.1   0.0002720422282615
14732.0   0.0002700990652185
14732.9   0.0002684175713000
14733.8   0.0002695797107976
14734.7   0.0002723543699435
14735.6   0.0002725521188542
14736.5   0.0002679768196281
14737.4   0.0002617449638857
14738.3   0.0002582643475357
14739.2   0.0002576061747897
14740.1   0.0002579575104654
14741.0   0.0002602988594293
14741.9   0.0002653205478194
14742.8   0.0002698241703583
14743.7   0.0002710566228069
14744.6   0.0002699047345968
14745.5   0.0002678500637468
14746.4   0.0002655935384600
14747.3   0.0002637165434690
14748.2   0.0002615885744816
14749.1   0.0002589052069166
14750.0   0.0002581856875168
14750.9   0.0002606217499298
14751.8   0.0002634869847845
14752.7   0.0002651001021860
14753.6   0.0002660997423118
14754.5   0.0002669129156701
14755.4   0.0002678809858392
14756.3   0.0002695403700501
14757.2   0.0002717539680705
14758.1   0.0002737246134407
14759.0   0.0002750552871114
14759.9   0.0002761597738549
14760.8   0.0002771818887831
14761.7   0.0002773471836353
14762.6   0.0002762349225215
14763.5   0.0002735372160396
14764.4   0.0002686797809078
14765.3   0.0002632654975573
14766.2   0.0002607331610941
14767.1   0.0002615558412330
14768.0   0.0002625118239029
14768.9   0.0002609378468048
14769.8   0.0002584985200153
14770.7   0.0002591128921311
14771.6   0.0002625274084370
14772.5   0.0002652385088846
14773.4   0.0002669567127210
14774.3   0.0002687713946310
14775.2   0.0002687005662522
14776.1   0.0002655782474334
14777.0   0.0002616200835891
14777.9   0.0002586899441966
14778.8   0.0002573481601920
14779.7   0.0002586863576778
14780.6   0.0002622702457271
14781.5   0.0002648480865959
14782.4   0.0002648165273774
14783.3   0.0002648261272214
14784.2   0.0002676357925096
14785.1   0.0002721646781725
14786.0   0.0002754617592510
14786.9   0.0002765608304226
14787.8   0.0002758957351941
14788.7   0.0002729930530734
14789.6   0.0002683937327613
14790.5   0.0002650799145947
14791.4   0.0002649820978403
14792.3   0.0002671025931236
14793.2   0.0002698112989792
14794.1   0.0002723857179798
14795.0   0.0002744810933135
14795.9   0.0002759057072915
14796.8   0.0002762464015295
14797.7   0.0002752579433249
14798.6   0.0002741181891457
14799.5   0.0002726354606761
14800.4   0.0002679378081817
14801.3   0.0002601120096703
14802.2   0.0002548820490505
14803.1   0.0002564913973857
14804.0   0.0002615091449004
14804.9   0.0002634461979755
14805.8   0.0002609498161852
14806.7   0.0002584392637079
14807.6   0.0002594785058745
14808.5   0.0002626989564314
14809.4   0.0002646161440577
14810.3   0.0002641511959111
14811.2   0.0002631243025371
14812.1   0.0002630636001682
14813.0   0.0002632669221426
14813.9   0.0002633003390491
14814.8   0.0002648442960535
14815.7   0.0002683432387276
14816.6   0.0002714537492372
14817.5   0.0002728676501903
14818.4   0.0002732040420373
14819.3   0.0002722527089563
14820.2   0.0002693312280360
14821.1   0.0002649792307728
14822.0   0.0002613596600821
14822.9   0.0002603638785065
14823.8   0.0002605675226234
14824.7   0.0002585213813887
14825.6   0.0002547746145553
14826.5   0.0002545595844938
14827.4   0.0002596605270766
14828.3   0.0002657421606525
14829.2   0.0002692263635214
14830.1   0.0002705995456734
14831.0   0.0002705618442728
14831.9   0.0002683085475689
14832.8   0.0002645506202906
14833.7   0.0002613722630092
14834.6   0.0002599764628804
14835.5   0.0002614690489079
14836.4   0.0002659455971665
14837.3   0.0002700863656487
14838.2   0.0002695932908900
14839.1   0.0002648539030562
14840.0   0.0002615822604903
14840.9   0.0002628109367139
14841.8   0.0002646467762219
14842.7   0.0002642988874700
14843.6   0.0002646627902792
14844.5   0.0002674516738024
14845.4   0.0002698408143831
14846.3   0.0002699006791817
14847.2   0.0002688481325335
14848.1   0.0002678835522405
14849.0   0.0002673455457737
14849.9   0.0002677635398737
14850.8   0.0002692473600481
14851.7   0.0002711943494271
14852.6   0.0002729408373674
14853.5   0.0002738582953839
14854.4   0.0002732921694638
14855.3   0.0002709997360359
14856.2   0.0002680223920416
14857.1   0.0002664779052919
14858.0   0.0002670350649148
14858.9   0.0002669293807268
14859.8   0.0002641355290517
14860.7   0.0002613076734551
14861.6   0.0002613184473292
14862.5   0.0002632495550871
14863.4   0.0002647686391179
14864.3   0.0002642021015713
14865.2   0.0002617366955637
14866.1   0.0002599331705193
14867.0   0.0002601982114010
14867.9   0.0002608760885246
14868.8   0.0002599413099843
14869.7   0.0002572797586194
14870.6   0.0002547947842498
14871.5   0.0002550282909685
14872.4   0.0002582093363494
14873.3   0.0002600351464902
14874.2   0.0002548185834155
14875.1   0.0002405157823637
14876.0   0.0002205179150538
14876.9   0.0002037160512709
14877.8   0.0002020979120271
14878.7   0.0002182388755916
14879.6   0.0002390546553327
14880.5   0.0002528295329753
14881.4   0.0002597946564399
14882.3   0.0002643694080238
14883.2   0.0002674810245557
14884.1   0.0002676214893864
14885.0   0.0002652922243425
14885.9   0.0002630140654029
14886.8   0.0002631688440949
14887.7   0.0002660622771490
14888.6   0.0002692831464910
14889.5   0.0002705888254897
14890.4   0.0002703647396469
14891.3   0.0002700382554688
14892.2   0.0002701473257315
14893.1   0.0002699972825331
14894.0   0.0002683857507882
14894.9   0.0002649636211831
14895.8   0.0002607490785087
14896.7   0.0002568209025438
14897.6   0.0002541269257553
14898.5   0.0002541410642279
14899.4   0.0002576830630253
14900.3   0.0002628218895560
14901.2   0.0002649802687872
14902.1   0.0002616804960299
14903.0   0.0002561484230953
14903.9   0.0002538420910119
14904.8   0.0002565394145022
14905.7   0.0002618572913662
14906.6   0.0002669985518618
14907.5   0.0002703581106719
14908.4   0.0002702716583860
14909.3   0.0002652586857378
14910.2   0.0002574630827086
14911.1   0.0002529906650316
14912.0   0.0002554153701348
14912.9   0.0002615526627612
14913.8   0.0002658842433540
14914.7   0.0002666934472019
14915.6   0.0002663531144793
14916.5   0.0002670219537186
14917.4   0.0002684276257227
14918.3   0.0002698971606707
14919.2   0.0002714628479707
14920.1   0.0002728667768264
14921.0   0.0002736936054437
14921.9   0.0002739702219761
14922.8   0.0002732613690696
14923.7   0.0002704645858986
14924.6   0.0002659906111999
14925.5   0.0002622380601205
14926.4   0.0002612891681631
14927.3   0.0002628877497829
14928.2   0.0002652170148269
14929.1   0.0002673364076672
14930.0   0.0002690351755779
14930.9   0.0002695099526474
14931.8   0.0002680451173993
14932.7   0.0002650981013237
14933.6   0.0002623177474157
14934.5   0.0002609334083982
14935.4   0.0002602126791747
14936.3   0.0002584841095114
14937.2   0.0002556128684903
14938.1   0.0002539613194988
14939.0   0.0002559188966251
14939.9   0.0002608707803335
14940.8   0.0002655972073042
14941.7   0.0002677438283373
14942.6   0.0002680790425749
14943.5   0.0002685768778826
14944.4   0.0002688870580752
14945.3   0.0002669182238612
14946.2   0.0002628094441207
14947.1   0.0002591768767733
14948.0   0.0002582240403609
14948.9   0.0002602117950728
14949.8   0.0002638107951807
14950.7   0.0002670982012487
14951.6   0.0002688166699577
14952.5   0.0002690109039367
14953.4   0.0002671564589146
14954.3   0.0002618376800519
14955.2   0.0002546181965164
14956.1   0.0002503226457629
14957.0   0.0002508800380443
14957.9   0.0002531676107011
14958.8   0.0002554146399453
14959.7   0.0002592314369602
14960.6   0.0002639746654474
14961.5   0.0002674001703891
14962.4   0.0002697716718829
14963.3   0.0002719555075236
14964.2   0.0002732607534197
14965.1   0.0002727200266392
14966.0   0.0002700140160418
14966.9   0.0002651894072219
14967.8   0.0002599866497394
14968.7   0.0002577558600522
14969.6   0.0002596137949504
14970.5   0.0002626621606089
14971.4   0.0002632058475202
14972.3   0.0002607591221933
14973.2   0.0002584794706606
14974.1   0.0002597104161985
14975.0   0.0002642351140100
14975.9   0.0002685354790030
14976.8   0.0002692968912340
14977.7   0.0002658549713467
14978.6   0.0002599539701812
14979.5   0.0002547857284686
14980.4   0.0002533689353925
14981.3   0.0002547312506070
14982.2   0.0002546129670712
14983.1   0.0002521801690347
14984.0   0.0002515374984976
14984.9   0.0002555195724677
14985.8   0.0002611753588275
14986.7   0.0002635178782421
14987.6   0.0002619908659286
14988.5   0.0002608168787489
14989.4   0.0002630097129010
14990.3   0.0002669867113384
14991.2   0.0002701389106558
14992.1   0.0002721138655757
14993.0   0.0002731466398385
14993.9   0.0002725057267672
14994.8   0.0002700201868587
14995.7   0.0002669177048539
14996.6   0.0002642654276112
14997.5   0.0002620830487701
14998.4   0.0002611400233840
14999.3   0.0002628188972109
15000.2   0.0002662207819549
15001.1   0.0002685381921580
15002.0   0.0002678284408321
15002.9   0.0002643318140041
15003.8   0.0002606662950670
15004.7   0.0002595485825877
15005.6   0.0002604460391396
15006.5   0.0002611662135623
15007.4   0.0002616488867003
15008.3   0.0002627130483723
15009.2   0.0002632944760571
15010.1   0.0002620825798739
15011.0   0.0002600425844006
15011.9   0.0002592733405295
15012.8   0.0002605140076097
15013.7   0.0002626772189771
15014.6   0.0002638425942163
15015.5   0.0002628644839419
15016.4   0.0002601338151323
15017.3   0.0002573381845153
15018.2   0.0002562351044603
15019.1   0.0002560906021113
15020.0   0.0002544468990773
15020.9   0.0002502327680293
15021.8   0.0002429344311895
15022.7   0.0002304812752378
15023.6   0.0002144922232978
15024.5   0.0002048129784058
15025.4   0.0002103810239099
15026.3   0.0002271963997775
15027.2   0.0002426411527356
15028.1   0.0002508495812687
15029.0   0.0002545047558549
15029.9   0.0002566663350341
15030.8   0.0002581614624073
15031.7   0.0002592568182031
15032.6   0.0002606370230596
15033.5   0.0002618853642879
15034.4   0.0002616225640857
15035.3   0.0002599945064350
15036.2   0.0002578177650861
15037.1   0.0002531716768542
15038.0   0.0002424749236704
15038.9   0.0002264571831588
15039.8   0.0002147080121837
15040.7   0.0002172685038939
15041.6   0.0002318719533022
15042.5   0.0002480896153962
15043.4   0.0002581246057357
15044.3   0.0002599284350258
15045.2   0.0002540612265996
15046.1   0.0002418478877785
15047.0   0.0002296664625326
15047.9   0.0002262363330576
15048.8   0.0002316308297051
15049.7   0.0002374067787648
15050.6   0.0002385086239405
15051.5   0.0002385897644559
15052.4   0.0002424521446224
15053.3   0.0002497850723987
15054.2   0.0002573500429355
15055.1   0.0002625978645624
15056.0   0.0002644839475489
15056.9   0.0002633660024112
15057.8   0.0002610335016257
15058.7   0.0002595670198718
15059.6   0.0002595858759412
15060.5   0.0002593023870372
15061.4   0.0002573856002993
15062.3   0.0002559729557016
15063.2   0.0002577043745357
15064.1   0.0002615104621049
15065.0   0.0002637348626343
15065.9   0.0002628122574978
15066.8   0.0002610198821603
15067.7   0.0002609711455923
15068.6   0.0002624658971327
15069.5   0.0002638098931819
15070.4   0.0002640666836384
15071.3   0.0002632491899924
15072.2   0.0002621761980389
15073.1   0.0002619949428198
15074.0   0.0002622182519414
15074.9   0.0002601290545833
15075.8   0.0002544611950418
15076.7   0.0002484164181374
15077.6   0.0002462991228021
15078.5   0.0002481413908409
15079.4   0.0002514144687302
15080.3   0.0002555675645287
15081.2   0.0002602940416105
15082.1   0.0002641832025497
15083.0   0.0002663460702985
15083.9   0.0002666353398691
15084.8   0.0002655477906578
15085.7   0.0002636764116829
15086.6   0.0002611786088865
15087.5   0.0002587149424480
15088.4   0.0002577524847155
15089.3   0.0002587568603348
15090.2   0.0002601795629345
15091.1   0.0002601520269168
15092.0   0.0002582090392625
15092.9   0.0002541963581836
15093.8   0.0002482203980577
15094.7   0.0002430293271861
15095.6   0.0002423666838192
15096.5   0.0002458243421532
15097.4   0.0002496273013617
15098.3   0.0002523250507959
15099.2   0.0002546255342047
15100.1   0.0002562507641610
15101.0   0.0002567177632809
15101.9   0.0002567592731206
15102.8   0.0002575512351906
15103.7   0.0002589977799084
15104.6   0.0002592903210141
15105.5   0.0002576236134324
15106.4   0.0002565583063652
15107.3   0.0002586465945658
15108.2   0.0002625857054759
15109.1   0.0002653464874425
15110.0   0.0002654078376756
15110.9   0.0002632954603812
15111.8   0.0002608363182539
15112.7   0.0002595181007566
15113.6   0.0002593590554673
15114.5   0.0002592398448772
15115.4   0.0002581047903979
15116.3   0.0002559128296097
15117.2   0.0002533261298244
15118.1   0.0002511174391068
15119.0   0.0002502485422695
15119.9   0.0002507188522976
15120.8   0.0002506898236867
15121.7   0.0002495731706980
15122.6   0.0002500506788193
15123.5   0.0002537192115777
15124.4   0.0002580755756603
15125.3   0.0002604963291499
15126.2   0.0002607208480952
15127.1   0.0002594399704830
15128.0   0.0002579632553385
15128.9   0.0002577940410870
15129.8   0.0002592339568297
15130.7   0.0002610729783889
15131.6   0.0002614858969561
15132.5   0.0002590673948841
15133.4   0.0002537310306249
15134.3   0.0002470972664271
15135.2   0.0002424122240185
15136.1   0.0002422980137946
15137.0   0.0002458433736112
15137.9   0.0002503342357311
15138.8   0.0002546348906522
15139.7   0.0002587009399910
15140.6   0.0002611212460606
15141.5   0.0002599813594451
15142.4   0.0002556789255820
15143.3   0.0002515127114285
15144.2   0.0002510884641863
15145.1   0.0002542393427198
15146.0   0.0002575119123399
15146.9   0.0002589903133631
15147.8   0.0002596620840983
15148.7   0.0002608250611662
15149.6   0.0002624596404111
15150.5   0.0002638397522043
15151.4   0.0002641172743149
15152.3   0.0002626169461314
15153.2   0.0002601115550915
15154.1   0.0002586077370319
15155.0   0.0002586663275783
15155.9   0.0002581341232544
15156.8   0.0002543438206634
15157.7   0.0002468260726253
15158.6   0.0002390528549145
15159.5   0.0002360814061265
15160.4   0.0002385921590479
15161.3   0.0002423637236884
15162.2   0.0002445070946625
15163.1   0.0002464915635217
15164.0   0.0002496453162813
15164.9   0.0002528816448799
15165.8   0.0002547427976229
15166.7   0.0002541286724830
15167.6   0.0002515255470140
15168.5   0.0002501550243267
15169.4   0.0002526399306884
15170.3   0.0002574313445221
15171.2   0.0002609782864159
15172.1   0.0002618012886972
15173.0   0.0002608503708219
15173.9   0.0002593206346153
15174.8   0.0002573615971101
15175.7   0.0002545234401149
15176.6   0.0002511269387286
15177.5   0.0002483592271208
15178.4   0.0002476208301756
15179.3   0.0002495527325515
15180.2   0.0002528633722463
15181.1   0.0002553988836019
15182.0   0.0002561997511200
15182.9   0.0002558063615417
15183.8   0.0002550542091154
15184.7   0.0002545591120183
15185.6   0.0002548508871410
15186.5   0.0002554542097719
15187.4   0.0002554670024051
15188.3   0.0002555514216144
15189.2   0.0002565264285836
15190.1   0.0002574090236322
15191.0   0.0002573057125599
15191.9   0.0002567564060531
15192.8   0.0002561138500555
15193.7   0.0002551352064565
15194.6   0.0002541631739356
15195.5   0.0002535476564246
15196.4   0.0002527682256945
15197.3   0.0002510512459994
15198.2   0.0002486605412383
15199.1   0.0002472704215541
15200.0   0.0002483667580946
15200.9   0.0002515317643626
15201.8   0.0002549517141373
15202.7   0.0002573781552302
15203.6   0.0002584043900019
15204.5   0.0002573653339621
15205.4   0.0002531496673686
15206.3   0.0002462511701141
15207.2   0.0002412182962234
15208.1   0.0002422829554264
15209.0   0.0002473995899242
15209.9   0.0002522371345516
15210.8   0.0002553075633862
15211.7   0.0002565231642071
15212.6   0.0002562438237816
15213.5   0.0002558249491590
15214.4   0.0002556287035796
15215.3   0.0002535686994830
15216.2   0.0002480428832700
15217.1   0.0002409242195721
15218.0   0.0002360594789661
15218.9   0.0002353926942796
15219.8   0.0002380087197627
15220.7   0.0002416106084142
15221.6   0.0002442913881019
15222.5   0.0002459383304568
15223.4   0.0002467769244310
15224.3   0.0002471636313438
15225.2   0.0002481709635145
15226.1   0.0002493178978902
15227.0   0.0002492341301244
15227.9   0.0002489661541674
15228.8   0.0002502908109337
15229.7   0.0002519551955107
15230.6   0.0002518490674819
15231.5   0.0002510953902482
15232.4   0.0002521699141679
15233.3   0.0002551273569196
15234.2   0.0002582008138929
15235.1   0.0002601436512141
15236.0   0.0002604664164370
15236.9   0.0002590028411236
15237.8   0.0002563244417105
15238.7   0.0002535149983425
15239.6   0.0002514652240572
15240.5   0.0002498555750558
15241.4   0.0002476612518899
15242.3   0.0002447454120412
15243.2   0.0002415531990566
15244.1   0.0002390909679415
15245.0   0.0002398212111043
15245.9   0.0002451437196603
15246.8   0.0002523653185976
15247.7   0.0002576141603422
15248.6   0.0002591668688823
15249.5   0.0002574112786291
15250.4   0.0002539713989770
15251.3   0.0002503117645080
15252.2   0.0002473502591825
15253.1   0.0002462367059196
15254.0   0.0002481322885280
15254.9   0.0002523445368326
15255.8   0.0002561764816996
15256.7   0.0002578413172760
15257.6   0.0002573768058114
15258.5   0.0002551250697085
15259.4   0.0002516136422262
15260.3   0.0002476566989437
15261.2   0.0002441892796946
15262.1   0.0002425484222519
15263.0   0.0002435602608371
15263.9   0.0002463657597502
15264.8   0.0002495966155070
15265.7   0.0002525807495475
15266.6   0.0002546336271381
15267.5   0.0002555367176029
15268.4   0.0002560668351598
15269.3   0.0002567810069955
15270.2   0.0002572809433876
15271.1   0.0002569710638612
15272.0   0.0002563183281633
15272.9   0.0002564554104987
15273.8   0.0002572434352725
15274.7   0.0002575281733731
15275.6   0.0002572703627990
15276.5   0.0002573396699497
15277.4   0.0002579120525914
15278.3   0.0002583507497106
15279.2   0.0002582403729813
15280.1   0.0002579070307491
15281.0   0.0002575945848215
15281.9   0.0002563640151164
15282.8   0.0002529007837187
15283.7   0.0002476441103341
15284.6   0.0002435040899382
15285.5   0.0002432946472578
15286.4   0.0002467483503988
15287.3   0.0002509575240330
15288.2   0.0002531086300044
15289.1   0.0002526875111230
15290.0   0.0002509005799922
15290.9   0.0002481310500694
15291.8   0.0002426679478257
15292.7   0.0002328715612137
15293.6   0.0002224298839730
15294.5   0.0002190587244566
15295.4   0.0002252596151543
15296.3   0.0002360484795924
15297.2   0.0002455898690073
15298.1   0.0002518916439710
15299.0   0.0002549439147115
15299.9   0.0002549265619734
15300.8   0.0002534505233280
15301.7   0.0002530333166873
15302.6   0.0002543879219600
15303.5   0.0002557362060826
15304.4   0.0002555886827537
15305.3   0.0002547250511552
15306.2   0.0002545075871288
15307.1   0.0002545386881892
15308.0   0.0002538103492460
15308.9   0.0002529889183038
15309.8   0.0002534864028342
15310.7   0.0002552734449251
15311.6   0.0002571680288920
15312.5   0.0002584470989273
15313.4   0.0002590681071768
15314.3   0.0002589792030291
15315.2   0.0002577842658544
15316.1   0.0002549459585261
15317.0   0.0002510750236889
15317.9   0.0002485868314746
15318.8   0.0002492722682069
15319.7   0.0002517522314722
15320.6   0.0002533232842331
15321.5   0.0002533000398682
15322.4   0.0002527685370989
15323.3   0.0002529603836447
15324.2   0.0002544046053577
15325.1   0.0002559032261864
15326.0   0.0002550978379364
15326.9   0.0002511653058902
15327.8   0.0002467510742919
15328.7   0.0002453987991827
15329.6   0.0002472644332846
15330.5   0.0002498686790933
15331.4   0.0002513578074589
15332.3   0.0002505711213658
15333.2   0.0002459935492460
15334.1   0.0002383704606384
15335.0   0.0002335022516324
15335.9   0.0002361861024111
15336.8   0.0002432964476760
15337.7   0.0002488956658278
15338.6   0.0002509691175805
15339.5   0.0002503838850359
15340.4   0.0002484794757253
15341.3   0.0002465398419315
15342.2   0.0002450054990884
15343.1   0.0002437368306738
15344.0   0.0002436467560754
15344.9   0.0002458097240463
15345.8   0.0002492780023419
15346.7   0.0002518303689045
15347.6   0.0002523548632866
15348.5   0.0002520086174610
15349.4   0.0002523835769138
15350.3   0.0002528545348060
15351.2   0.0002516956668436
15352.1   0.0002492475598837
15353.0   0.0002481131425305
15353.9   0.0002499880221197
15354.8   0.0002535941881067
15355.7   0.0002561238328910
15356.6   0.0002559385294156
15357.5   0.0002536298850655
15358.4   0.0002507963597625
15359.3   0.0002486482998266
15360.2   0.0002480534924935
15361.1   0.0002489641425670
15362.0   0.0002499161736233
15362.9   0.0002501630206173
15363.8   0.0002508700766849
15364.7   0.0002528361225774
15365.6   0.0002551817202417
15366.5   0.0002569829043846
15367.4   0.0002581934654665
15368.3   0.0002591529129570
15369.2   0.0002599038484009
15370.1   0.0002598489982858
15371.0   0.0002584919912624
15371.9   0.0002562059577305
15372.8   0.0002540855304550
15373.7   0.0002522848080496
15374.6   0.0002490343409784
15375.5   0.0002434454063284
15376.4   0.0002390722550466
15377.3   0.0002405600662076
15378.2   0.0002466246763466
15379.1   0.0002514575821233
15380.0   0.0002518271582184
15380.9   0.0002497976753259
15381.8   0.0002492030219053
15382.7   0.0002511043135931
15383.6   0.0002535669634933
15384.5   0.0002543821233965
15385.4   0.0002520380004286
15386.3   0.0002463443014860
15387.2   0.0002410715925679
15388.1   0.0002413213674785
15389.0   0.0002465415385482
15389.9   0.0002517496221187
15390.8   0.0002539671753320
15391.7   0.0002530019722303
15392.6   0.0002484921645571
15393.5   0.0002402450574581
15394.4   0.0002320501803826
15395.3   0.0002299054241961
15396.2   0.0002347534169759
15397.1   0.0002413462690871
15398.0   0.0002441115932617
15398.9   0.0002427336398227
15399.8   0.0002414140192162
15400.7   0.0002424980105435
15401.6   0.0002437121939378
15402.5   0.0002434722407915
15403.4   0.0002441235590627
15404.3   0.0002474220110362
15405.2   0.0002514393130691
15406.1   0.0002538676011118
15407.0   0.0002546768479120
15407.9   0.0002546963697423
15408.8   0.0002541179093470
15409.7   0.0002531282341599
15410.6   0.0002527790604177
15411.5   0.0002537556351466
15412.4   0.0002552300666594
15413.3   0.0002558694370265
15414.2   0.0002551481780577
15415.1   0.0002534975346443
15416.0   0.0002516053918011
15416.9   0.0002496384403305
15417.8   0.0002477706228189
15418.7   0.0002464099397926
15419.6   0.0002450486446958
15420.5   0.0002423821180203
15421.4   0.0002388105823428
15422.3   0.0002369524792147
15423.2   0.0002382004410308
15424.1   0.0002410800255404
15425.0   0.0002436319590005
15425.9   0.0002454148382955
15426.8   0.0002468661399829
15427.7   0.0002483523762255
15428.6   0.0002497500626770
15429.5   0.0002506924580958
15430.4   0.0002509732338447
15431.3   0.0002503786734875
15432.2   0.0002489695652976
15433.1   0.0002475099702327
15434.0   0.0002468333423058
15434.9   0.0002467591815427
15435.8   0.0002467132583518
15436.7   0.0002469764666011
15437.6   0.0002477999019850
15438.5   0.0002485942479088
15439.4   0.0002492347171395
15440.3   0.0002502461369395
15441.2   0.0002514375054922
15442.1   0.0002522849118510
15443.0   0.0002527759642712
15443.9   0.0002528890290999
15444.8   0.0002522928938242
15445.7   0.0002510292579899
15446.6   0.0002501618465871
15447.5   0.0002507048569994
15448.4   0.0002518029044740
15449.3   0.0002514653171206
15450.2   0.0002495452337920
15451.1   0.0002483463736385
15452.0   0.0002495462897032
15452.9   0.0002519878321166
15453.8   0.0002532674927463
15454.7   0.0002525835235516
15455.6   0.0002510455870310
15456.5   0.0002492371296282
15457.4   0.0002463275429218
15458.3   0.0002424996570491
15459.2   0.0002403089347195
15460.1   0.0002414809532512
15461.0   0.0002443979957648
15461.9   0.0002470037556429
15462.8   0.0002490824833726
15463.7   0.0002507531855202
15464.6   0.0002513292656410
15465.5   0.0002504375074304
15466.4   0.0002488317778283
15467.3   0.0002474793738621
15468.2   0.0002468710186508
15469.1   0.0002469939195612
15470.0   0.0002476142799465
15470.9   0.0002483936820417
15471.8   0.0002486057304962
15472.7   0.0002472417580380
15473.6   0.0002441576023572
15474.5   0.0002414104362767
15475.4   0.0002416407072538
15476.3   0.0002440357072470
15477.2   0.0002448895815097
15478.1   0.0002435584783158
15479.0   0.0002434679562974
15479.9   0.0002460698218316
15480.8   0.0002488935468466
15481.7   0.0002503432020283
15482.6   0.0002512480964907
15483.5   0.0002518397611455
15484.4   0.0002515880712773
15485.3   0.0002513964896041
15486.2   0.0002525235442135
15487.1   0.0002539287043690
15488.0   0.0002532712940268
15488.9   0.0002497602387980
15489.8   0.0002457248466789
15490.7   0.0002447472124594
15491.6   0.0002472963898121
15492.5   0.0002502379795777
15493.4   0.0002507824288927
15494.3   0.0002487078066892
15495.2   0.0002453936663802
15496.1   0.0002424269745618
15497.0   0.0002408116701713
15497.9   0.0002399801525921
15498.8   0.0002380858370773
15499.7   0.0002344091934888
15500.6   0.0002317432359316
15501.5   0.0002342373233521
15502.4   0.0002413374745992
15503.3   0.0002482009979256
15504.2   0.0002516115339831
15505.1   0.0002518321048942
15506.0   0.0002501171690136
15506.9   0.0002473843704848
15507.8   0.0002450800356844
15508.7   0.0002446799634407
15509.6   0.0002461721593179
15510.5   0.0002479097955006
15511.4   0.0002480324744906
15512.3   0.0002458408072099
15513.2   0.0002425405226041
15514.1   0.0002409151029418
15515.0   0.0002425464571832
15515.9   0.0002458185829627
15516.8   0.0002479379758031
15517.7   0.0002477487171347
15518.6   0.0002464874150432
15519.5   0.0002463582430938
15520.4   0.0002477381723397
15521.3   0.0002490895275533
15522.2   0.0002496074036985
15523.1   0.0002498593799156
15524.0   0.0002504223595782
15524.9   0.0002511385537524
15525.8   0.0002513361415918
15526.7   0.0002508377049517
15527.6   0.0002503145349328
15528.5   0.0002496470343742
15529.4   0.0002473304760589
15530.3   0.0002429235320379
15531.2   0.0002390110730434
15532.1   0.0002378590917699
15533.0   0.0002379623742073
15533.9   0.0002376124237440
15534.8   0.0002376739636832
15535.7   0.0002383474274558
15536.6   0.0002387788513150
15537.5   0.0002395694031171
15538.4   0.0002410128194741
15539.3   0.0002415434095066
15540.2   0.0002401538660994
15541.1   0.0002377534290581
15542.0   0.0002360404331907
15542.9   0.0002361270859208
15543.8   0.0002383317498583
15544.7   0.0002423307792575
15545.6   0.0002465338071303
15546.5   0.0002493116912797
15547.4   0.0002501464517591
15548.3   0.0002485691888084
15549.2   0.0002444197475365
15550.1   0.0002392592801943
15551.0   0.0002359075923972
15551.9   0.0002352149468335
15552.8   0.0002347910360512
15553.7   0.0002323522891181
15554.6   0.0002289571443093
15555.5   0.0002269852569011
15556.4   0.0002264458258490
15557.3   0.0002270913419774
15558.2   0.0002301670646857
15559.1   0.0002345756408949
15560.0   0.0002374323103408
15560.9   0.0002388813964042
15561.8   0.0002404415213785
15562.7   0.0002418356678429
15563.6   0.0002424663045712
15564.5   0.0002424762838273
15565.4   0.0002423793726510
15566.3   0.0002429516228564
15567.2   0.0002445988730363
15568.1   0.0002466763121963
15569.0   0.0002479877575442
15569.9   0.0002479289164425
15570.8   0.0002471250386826
15571.7   0.0002467316562630
15572.6   0.0002470285283946
15573.5   0.0002472272580500
15574.4   0.0002466168447066
15575.3   0.0002454510077299
15576.2   0.0002447529609118
15577.1   0.0002449077825561
15578.0   0.0002451991532111
15578.9   0.0002449067194861
15579.8   0.0002441439900505
15580.7   0.0002440637909068
15581.6   0.0002454956960415
15582.5   0.0002475254760210
15583.4   0.0002488720456301
15584.3   0.0002494989097128
15585.2   0.0002492646262729
15586.1   0.0002467490841676
15587.0   0.0002417706523450
15587.9   0.0002367778565500
15588.8   0.0002333776791608
15589.7   0.0002300669320852
15590.6   0.0002266010805959
15591.5   0.0002260965447260
15592.4   0.0002291422867135
15593.3   0.0002324176553933
15594.2   0.0002348294640618
15595.1   0.0002384014113657
15596.0   0.0002429802935313
15596.9   0.0002460263505025
15597.8   0.0002466660823849
15598.7   0.0002465972298129
15599.6   0.0002475839019168
15600.5   0.0002491375733048
15601.4   0.0002489451934343
15602.3   0.0002449470302402
15603.2   0.0002381386075841
15604.1   0.0002329012949586
15605.0   0.0002328412798268
15605.9   0.0002372770341177
15606.8   0.0002426939912502
15607.7   0.0002462126884130
15608.6   0.0002468718848560
15609.5   0.0002453411142143
15610.4   0.0002431798786537
15611.3   0.0002412545193482
15612.2   0.0002388671290746
15613.1   0.0002361324299055
15614.0   0.0002357891585282
15614.9   0.0002390864615271
15615.8   0.0002432264962404
15616.7   0.0002458870990749
15617.6   0.0002471885114763
15618.5   0.0002464544419775
15619.4   0.0002417514240222
15620.3   0.0002335118872700
15621.2   0.0002273493172022
15622.1   0.0002291274896386
15623.0   0.0002370571218089
15623.9   0.0002445316598112
15624.8   0.0002481741205102
15625.7   0.0002491513645794
15626.6   0.0002495184959716
15627.5   0.0002497501414230
15628.4   0.0002488169270630
15629.3   0.0002450092932102
15630.2   0.0002373989113311
15631.1   0.0002283939391470
15632.0   0.0002246619156982
15632.9   0.0002299164450461
15633.8   0.0002388667854561
15634.7   0.0002443271996003
15635.6   0.0002448696444736
15636.5   0.0002433401051319
15637.4   0.0002423432927006
15638.3   0.0002426101805321
15639.2   0.0002440044630122
15640.1   0.0002461389285382
15641.0   0.0002480422604613
15641.9   0.0002483401992422
15642.8   0.0002463642814744
15643.7   0.0002430544006040
15644.6   0.0002405068447014
15645.5   0.0002397380947821
15646.4   0.0002394248936094
15647.3   0.0002382841801617
15648.2   0.0002380339936247
15649.1   0.0002409179091601
15650.0   0.0002450334896849
15650.9   0.0002464291716947
15651.8   0.0002445754711796
15652.7   0.0002430608398729
15653.6   0.0002448095720720
15654.5   0.0002484413269048
15655.4   0.0002508348879952
15656.3   0.0002509498606229
15657.2   0.0002494514330796
15658.1   0.0002468394701704
15659.0   0.0002431822195552
15659.9   0.0002379571626589
15660.8   0.0002318684777435
15661.7   0.0002285604724578
15662.6   0.0002302447976502
15663.5   0.0002335406259527
15664.4   0.0002349726241507
15665.3   0.0002366168819856
15666.2   0.0002407159258664
15667.1   0.0002451111618003
15668.0   0.0002468561607268
15668.9   0.0002455763962956
15669.8   0.0002429039457791
15670.7   0.0002405778341514
15671.6   0.0002391174516273
15672.5   0.0002379693360628
15673.4   0.0002371307277712
15674.3   0.0002366778170129
15675.2   0.0002349270266817
15676.1   0.0002307119184684
15677.0   0.0002270122381179
15677.9   0.0002273477995535
15678.8   0.0002302081056292
15679.7   0.0002322819475322
15680.6   0.0002329954822418
15681.5   0.0002332641597534
15682.4   0.0002337592389537
15683.3   0.0002339568697455
15684.2   0.0002318306832796
15685.1   0.0002268218304749
15686.0   0.0002228996678351
15686.9   0.0002247578174949
15687.8   0.0002313827979429
15688.7   0.0002373735336676
15689.6   0.0002379014499181
15690.5   0.0002307162244387
15691.4   0.0002187328738252
15692.3   0.0002102978968496
15693.2   0.0002120423481340
15694.1   0.0002219926794470
15695.0   0.0002323405953484
15695.9   0.0002379499967799
15696.8   0.0002387576436061
15697.7   0.0002369407210166
15698.6   0.0002349924251711
15699.5   0.0002343482513027
15700.4   0.0002349715539221
15701.3   0.0002361563221346
15702.2   0.0002373644349341
15703.1   0.0002384520056215
15704.0   0.0002393287877892
15704.9   0.0002395595491386
15705.8   0.0002388924852620
15706.7   0.0002382304181722
15707.6   0.0002386796958799
15708.5   0.0002401596610835
15709.4   0.0002420293291243
15710.3   0.0002436777855486
15711.2   0.0002446035942124
15712.1   0.0002447332243199
15713.0   0.0002436658555412
15713.9   0.0002407701352760
15714.8   0.0002375167367088
15715.7   0.0002364781459858
15716.6   0.0002378340827805
15717.5   0.0002403348743426
15718.4   0.0002433497837217
15719.3   0.0002458984563847
15720.2   0.0002462932311753
15721.1   0.0002434426144274
15722.0   0.0002378383207429
15722.9   0.0002319153279886
15723.8   0.0002296125537892
15724.7   0.0002323781356778
15725.6   0.0002368859639649
15726.5   0.0002397388894000
15727.4   0.0002403108460979
15728.3   0.0002392687511812
15729.2   0.0002379152913038
15730.1   0.0002375551468227
15731.0   0.0002384130729211
15731.9   0.0002399280657431
15732.8   0.0002414650143604
15733.7   0.0002425519192868
15734.6   0.0002430759268760
15735.5   0.0002433465622976
15736.4   0.0002435027727336
15737.3   0.0002426165768487
15738.2   0.0002387651817386
15739.1   0.0002302512548160
15740.0   0.0002194165280362
15740.9   0.0002133783586307
15741.8   0.0002168588675999
15742.7   0.0002266985072000
15743.6   0.0002357849241452
15744.5   0.0002406136349118
15745.4   0.0002415659022058
15746.3   0.0002380623314191
15747.2   0.0002286430769315
15748.1   0.0002164823618635
15749.0   0.0002108986817142
15749.9   0.0002167215883997
15750.8   0.0002269776328639
15751.7   0.0002335648295861
15752.6   0.0002363449365182
15753.5   0.0002388248317756
15754.4   0.0002418774318172
15755.3   0.0002439878834159
15756.2   0.0002445906727222
15757.1   0.0002443088911730
15758.0   0.0002433861142273
15758.9   0.0002411993757256
15759.8   0.0002376420143144
15760.7   0.0002341418009675
15761.6   0.0002321585562495
15762.5   0.0002297057102167
15763.4   0.0002223093848132
15764.3   0.0002094543526204
15765.2   0.0001983864985341
15766.1   0.0001971251821252
15767.0   0.0002028688095626
15767.9   0.0002053078356858
15768.8   0.0002020836339595
15769.7   0.0002015411389751
15770.6   0.0002090564995800
15771.5   0.0002199073979090
15772.4   0.0002266718051732
15773.3   0.0002284172837340
15774.2   0.0002299735143644
15775.1   0.0002341967835189
15776.0   0.0002389776203434
15776.9   0.0002419377154010
15777.8   0.0002436403883936
15778.7   0.0002454106540235
15779.6   0.0002469915715010
15780.5   0.0002470375841758
15781.4   0.0002453708408005
15782.3   0.0002430931901300
15783.2   0.0002407434153524
15784.1   0.0002382745588416
15785.0   0.0002364625614517
15785.9   0.0002358446815630
15786.8   0.0002353588227944
15787.7   0.0002336422475670
15788.6   0.0002313153055278
15789.5   0.0002308034248108
15790.4   0.0002330705557418
15791.3   0.0002368739408941
15792.2   0.0002408129372648
15793.1   0.0002439629495931
15794.0   0.0002451101416827
15794.9   0.0002432497620814
15795.8   0.0002386033015961
15796.7   0.0002320140968528
15797.6   0.0002260115528190
15798.5   0.0002248606775678
15799.4   0.0002294542458481
15800.3   0.0002357655311718
15801.2   0.0002404145544791
15802.1   0.0002434666677277
15803.0   0.0002453024571246
15803.9   0.0002453850973920
15804.8   0.0002436541725096
15805.7   0.0002409940135158
15806.6   0.0002387880073183
15807.5   0.0002369926110008
15808.4   0.0002340640178919
15809.3   0.0002301445827245
15810.2   0.0002284392323705
15811.1   0.0002312463312575
15812.0   0.0002364001230931
15812.9   0.0002400099579242
15813.8   0.0002401530571640
15814.7   0.0002373547456061
15815.6   0.0002325427003404
15816.5   0.0002254339192560
15817.4   0.0002175414587409
15818.3   0.0002137505977697
15819.2   0.0002167516335489
15820.1   0.0002224540017017
15821.0   0.0002247216623780
15821.9   0.0002234596157796
15822.8   0.0002234305406370
15823.7   0.0002263263396482
15824.6   0.0002293867140600
15825.5   0.0002310623915183
15826.4   0.0002324724661354
15827.3   0.0002344058646839
15828.2   0.0002364805656333
15829.1   0.0002382188818944
15830.0   0.0002389995009720
15830.9   0.0002370545876219
15831.8   0.0002306346329238
15832.7   0.0002208472197678
15833.6   0.0002126001806767
15834.5   0.0002102500372249
15835.4   0.0002134631214586
15836.3   0.0002189519270876
15837.2   0.0002242866949521
15838.1   0.0002292590454419
15839.0   0.0002335288319610
15839.9   0.0002364969626822
15840.8   0.0002385551234083
15841.7   0.0002397462843581
15842.6   0.0002396225601949
15843.5   0.0002383939662965
15844.4   0.0002370956786766
15845.3   0.0002367456995783
15846.2   0.0002372093985282
15847.1   0.0002375657596256
15848.0   0.0002378391941068
15848.9   0.0002385970269777
15849.8   0.0002390637755424
15850.7   0.0002376159279376
15851.6   0.0002342446109293
15852.5   0.0002314125531639
15853.4   0.0002317606495187
15854.3   0.0002350262716008
15855.2   0.0002384736213775
15856.1   0.0002401066937118
15857.0   0.0002396602759128
15857.9   0.0002379253349884
15858.8   0.0002363128439750
15859.7   0.0002355374257076
15860.6   0.0002346853912361
15861.5   0.0002320137317581
15862.4   0.0002276667241230
15863.3   0.0002248616189395
15864.2   0.0002260797324713
15865.1   0.0002292468434031
15866.0   0.0002300328064655
15866.9   0.0002270761798078
15867.8   0.0002236409103716
15868.7   0.0002237945150335
15869.6   0.0002274441953019
15870.5   0.0002311800880391
15871.4   0.0002325685612176
15872.3   0.0002318028823892
15873.2   0.0002307440360671
15874.1   0.0002309522689237
15875.0   0.0002318405551549
15875.9   0.0002309003538839
15876.8   0.0002263384378855
15877.7   0.0002194476255172
15878.6   0.0002142935401741
15879.5   0.0002137151978978
15880.4   0.0002162834174465
15881.3   0.0002184863203388
15882.2   0.0002179937395318
15883.1   0.0002148518416130
15884.0   0.0002111970321215
15884.9   0.0002081636138710
15885.8   0.0002031549973041
15886.7   0.0001934908931055
15887.6   0.0001837544715142
15888.5   0.0001832402821100
15889.4   0.0001927784071485
15890.3   0.0002024500280034
15891.2   0.0002047843292071
15892.1   0.0002030733342021
15893.0   0.0002037755617129
15893.9   0.0002075476453606
15894.8   0.0002115533108936
15895.7   0.0002140013212108
15896.6   0.0002139601979419
15897.5   0.0002123415146354
15898.4   0.0002123858127967
15899.3   0.0002157802811065
15900.2   0.0002207794445832
15901.1   0.0002248294440711
15902.0   0.0002259655866758
15902.9   0.0002231564403948
15903.8   0.0002183061496658
15904.7   0.0002153654941132
15905.6   0.0002166792839420
15906.5   0.0002212284932119
15907.4   0.0002255296241879
15908.3   0.0002267615254150
15909.2   0.0002245606019089
15910.1   0.0002203032894600
15911.0   0.0002169422380567
15911.9   0.0002175493011190
15912.8   0.0002223691458105
15913.7   0.0002286437283751
15914.6   0.0002330421320427
15915.5   0.0002343227555203
15916.4   0.0002338162617404
15917.3   0.0002328607085937
15918.2   0.0002305211779449
15919.1   0.0002255930826641
15920.0   0.0002207476455475
15920.9   0.0002204111069467
15921.8   0.0002249344517600
15922.7   0.0002310900384962
15923.6   0.0002361369076851
15924.5   0.0002390188796279
15925.4   0.0002393172515114
15926.3   0.0002372090728064
15927.2   0.0002342309413529
15928.1   0.0002323069529423
15929.0   0.0002322006423662
15929.9   0.0002331948382852
15930.8   0.0002342694015778
15931.7   0.0002351388603746
15932.6   0.0002356296944538
15933.5   0.0002357307362117
15934.4   0.0002360743762631
15935.3   0.0002366326096941
15936.2   0.0002360824298235
15937.1   0.0002332192709976
15938.0   0.0002289958729862
15938.9   0.0002258046586431
15939.8   0.0002243069577100
15940.7   0.0002235498049175
15941.6   0.0002237442536582
15942.5   0.0002255769934402
15943.4   0.0002281867192494
15944.3   0.0002307458257472
15945.2   0.0002333735271030
15946.1   0.0002357080538064
15947.0   0.0002369489714417
15947.9   0.0002374199866037
15948.8   0.0002381611360769
15949.7   0.0002388192873468
15950.6   0.0002377257570247
15951.5   0.0002337442987044
15952.4   0.0002275926528438
15953.3   0.0002219313471107
15954.2   0.0002201175314058
15955.1   0.0002224005439578
15956.0   0.0002246473441230
15956.9   0.0002229663441561
15957.8   0.0002164592069826
15958.7   0.0002071208567727
15959.6   0.0002007567472518
15960.5   0.0002021254373068
15961.4   0.0002086795070506
15962.3   0.0002153194062718
15963.2   0.0002198314653626
15964.1   0.0002219240237398
15965.0   0.0002217505858434
15965.9   0.0002198534462133
15966.8   0.0002186099657561
15967.7   0.0002212846891664
15968.6   0.0002271161039910
15969.5   0.0002315396634019
15970.4   0.0002322118851365
15971.3   0.0002305586431077
15972.2   0.0002287851238394
15973.1   0.0002286019966150
15974.0   0.0002306663961659
15974.9   0.0002335223891127
15975.8   0.0002349810249090
15976.7   0.0002342045614685
15977.6   0.0002311948385823
15978.5   0.0002255253217970
15979.4   0.0002182511349002
15980.3   0.0002132926580104
15981.2   0.0002141254963734
15982.1   0.0002199555116682
15983.0   0.0002266570080983
15983.9   0.0002315290291229
15984.8   0.0002347383228141
15985.7   0.0002370070966714
15986.6   0.0002382154170737
15987.5   0.0002380127465428
15988.4   0.0002367770941463
15989.3   0.0002353561561711
15990.2   0.0002342326129141
15991.1   0.0002333044812456
15992.0   0.0002329361794027
15992.9   0.0002338546396401
15993.8   0.0002355109992916
15994.7   0.0002361477316702
15995.6   0.0002341362744354
15996.5   0.0002298414431333
15997.4   0.0002266571512728
15998.3   0.0002272091816726
15999.2   0.0002300200532052
16000.1   0.0002326483666317
16001.0   0.0002341964900114
16001.9   0.0002339231843871
16002.8   0.0002308573407129
16003.7   0.0002248425337912
16004.6   0.0002171039105964
16005.5   0.0002093005618318
16006.4   0.0002036586025403
16007.3   0.0002024644313487
16008.2   0.0002054342193136
16009.1   0.0002111600465930
16010.0   0.0002189132091487
16010.9   0.0002264439574230
16011.8   0.0002301179093326
16012.7   0.0002295129795690
16013.6   0.0002276841269720
16014.5   0.0002265514635053
16015.4   0.0002260945510224
16016.3   0.0002262889639694
16017.2   0.0002269235666287
16018.1   0.0002270984541661
16019.0   0.0002265003144487
16019.9   0.0002254327273290
16020.8   0.0002241763361197
16021.7   0.0002237332829193
16022.6   0.0002251445494633
16023.5   0.0002279127621815
16024.4   0.0002307527625472
16025.3   0.0002333079353281
16026.2   0.0002352959405952
16027.1   0.0002355594888837
16028.0   0.0002337957448480
16028.9   0.0002315651198113
16029.8   0.0002307884774028
16030.7   0.0002319299711510
16031.6   0.0002338832888388
16032.5   0.0002351141663689
16033.4   0.0002349733614989
16034.3   0.0002339612866760
16035.2   0.0002322279958366
16036.1   0.0002287156055064
16037.0   0.0002234237720670
16037.9   0.0002183432032022
16038.8   0.0002146603637413
16039.7   0.0002119590886373
16040.6   0.0002105548591154
16041.5   0.0002112966636115
16042.4   0.0002140229834985
16043.3   0.0002181113608860
16044.2   0.0002222308321752
16045.1   0.0002253152885222
16046.0   0.0002278852870130
16046.9   0.0002304962799156
16047.8   0.0002325239910249
16048.7   0.0002335252633389
16049.6   0.0002337575638132
16050.5   0.0002332886461562
16051.4   0.0002326964517561
16052.3   0.0002330658130896
16053.2   0.0002343257765003
16054.1   0.0002351239201253
16055.0   0.0002344566450664
16055.9   0.0002325096914811
16056.8   0.0002298520630949
16057.7   0.0002258561656358
16058.6   0.0002200301126927
16059.5   0.0002150701682652
16060.4   0.0002149262636694
16061.3   0.0002193002990531
16062.2   0.0002239341029210
16063.1   0.0002266368312451
16064.0   0.0002285504609874
16064.9   0.0002309237056296
16065.8   0.0002333332056109
16066.7   0.0002344093151871
16067.6   0.0002333455830383
16068.5   0.0002297714559041
16069.4   0.0002240062198694
16070.3   0.0002179762543574
16071.2   0.0002148467088105
16072.1   0.0002160682800042
16073.0   0.0002190809701800
16073.9   0.0002202604946299
16074.8   0.0002189777593298
16075.7   0.0002182578712560
16076.6   0.0002210081334831
16077.5   0.0002261850014536
16078.4   0.0002304454959537
16079.3   0.0002319062829455
16080.2   0.0002307747147630
16081.1   0.0002282228994219
16082.0   0.0002262270839910
16082.9   0.0002266232797876
16083.8   0.0002287586150981
16084.7   0.0002300538208890
16085.6   0.0002290389004747
16086.5   0.0002261390174136
16087.4   0.0002227127715444
16088.3   0.0002202161069846
16089.2   0.0002198496270360
16090.1   0.0002216836267529
16091.0   0.0002239227348731
16091.9   0.0002236198315197
16092.8   0.0002183424372191
16093.7   0.0002095523769777
16094.6   0.0002039207405609
16095.5   0.0002064617712899
16096.4   0.0002142177794370
16097.3   0.0002207414210402
16098.2   0.0002224658994949
16099.1   0.0002196439677394
16100.0   0.0002146638035064
16100.9   0.0002100103167370
16101.8   0.0002078521809023
16102.7   0.0002095356184134
16103.6   0.0002135484713016
16104.5   0.0002167242156501
16105.4   0.0002179899704656
16106.3   0.0002184541204148
16107.2   0.0002186266921061
16108.1   0.0002181327690391
16109.0   0.0002172861465601
16109.9   0.0002170585207302
16110.8   0.0002180165579528
16111.7   0.0002196556113980
16112.6   0.0002202283662931
16113.5   0.0002178115214648
16114.4   0.0002126745275665
16115.3   0.0002079873733355
16116.2   0.0002071771923223
16117.1   0.0002102766032360
16118.0   0.0002145699670005
16118.9   0.0002186058566506
16119.8   0.0002221871997749
16120.7   0.0002245808145557
16121.6   0.0002250386863072
16122.5   0.0002234756620512
16123.4   0.0002200448131248
16124.3   0.0002150699212894
16125.2   0.0002109106546739
16126.1   0.0002109290311090
16127.0   0.0002147955561745
16127.9   0.0002188196876265
16128.8   0.0002212668031037
16129.7   0.0002234730133247
16130.6   0.0002260960794092
16131.5   0.0002280198172645
16132.4   0.0002282369877834
16133.3   0.0002264534212512
16134.2   0.0002229941772607
16135.1   0.0002192536349347
16136.0   0.0002178491298020
16136.9   0.0002205171884437
16137.8   0.0002257163164550
16138.7   0.0002301807163653
16139.6   0.0002320910853105
16140.5   0.0002318274475380
16141.4   0.0002305079593678
16142.3   0.0002289192710995
16143.2   0.0002278836798803
16144.1   0.0002280903950881
16145.0   0.0002293512175453
16145.9   0.0002306664784912
16146.8   0.0002310139663547
16147.7   0.0002297688680267
16148.6   0.0002266753952715
16149.5   0.0002222807678288
16150.4   0.0002181687666642
16151.3   0.0002151736475674
16152.2   0.0002131797542529
16153.1   0.0002128892963348
16154.0   0.0002142677902572
16154.9   0.0002150409392102
16155.8   0.0002140550724623
16156.7   0.0002137983571723
16157.6   0.0002168345780619
16158.5   0.0002220739953511
16159.4   0.0002261939856476
16160.3   0.0002270126783792
16161.2   0.0002239173586741
16162.1   0.0002169425566198
16163.0   0.0002083091077027
16163.9   0.0002027396769861
16164.8   0.0002041876570273
16165.7   0.0002118588200212
16166.6   0.0002202620874452
16167.5   0.0002249815239255
16168.4   0.0002258792739850
16169.3   0.0002250414495733
16170.2   0.0002242385561373
16171.1   0.0002240036785237
16172.0   0.0002241207558152
16172.9   0.0002236561441285
16173.8   0.0002219091371809
16174.7   0.0002202260790820
16175.6   0.0002203010523599
16176.5   0.0002209429425965
16177.4   0.0002194868302491
16178.3   0.0002150509363631
16179.2   0.0002096085908290
16180.1   0.0002069322531273
16181.0   0.0002094567507917
16181.9   0.0002156801771409
16182.8   0.0002209798243236
16183.7   0.0002215254619862
16184.6   0.0002176981201763
16185.5   0.0002140676360164
16186.4   0.0002148835583233
16187.3   0.0002192488994412
16188.2   0.0002231208007057
16189.1   0.0002247648903106
16190.0   0.0002251534549114
16190.9   0.0002252202958830
16191.8   0.0002247614791804
16192.7   0.0002226718165055
16193.6   0.0002184578966398
16194.5   0.0002132910437190
16195.4   0.0002087056435385
16196.3   0.0002050458802126
16197.2   0.0002031890620747
16198.1   0.0002052089487027
16199.0   0.0002108321235120
16199.9   0.0002166588923272
16200.8   0.0002194014768267
16201.7   0.0002182662720143
16202.6   0.0002146853190403
16203.5   0.0002115836137567
16204.4   0.0002116679900137
16205.3   0.0002137511060389
16206.2   0.0002139881097924
16207.1   0.0002123570025268
16208.0   0.0002129619466079
16208.9   0.0002173556004646
16209.8   0.0002223513886047
16210.7   0.0002241718726576
16211.6   0.0002213403804311
16212.5   0.0002151942217296
16213.4   0.0002092401959227
16214.3   0.0002059745559438
16215.2   0.0002063125191300
16216.1   0.0002108984597938
16217.0   0.0002179118974618
16217.9   0.0002237674156977
16218.8   0.0002268534970743
16219.7   0.0002279792774314
16220.6   0.0002282852733520
16221.5   0.0002280265178268
16222.4   0.0002268839645879
16223.3   0.0002243180322503
16224.2   0.0002205912203499
16225.1   0.0002177188840446
16226.0   0.0002180286239759
16226.9   0.0002213935625643
16227.8   0.0002252136346937
16228.7   0.0002269976593840
16229.6   0.0002255342021895
16230.5   0.0002215774378750
16231.4   0.0002185580113434
16232.3   0.0002191774196189
16233.2   0.0002215772839625
16234.1   0.0002218756236318
16235.0   0.0002194723052055
16235.9   0.0002177919960552
16236.8   0.0002194035564350
16237.7   0.0002225649368111
16238.6   0.0002237397973548
16239.5   0.0002209653995021
16240.4   0.0002150517166636
16241.3   0.0002096947782422
16242.2   0.0002087581634901
16243.1   0.0002119151269359
16244.0   0.0002152735546682
16244.9   0.0002164121061823
16245.8   0.0002167160582883
16246.7   0.0002189941384819
16247.6   0.0002232393240586
16248.5   0.0002266563101231
16249.4   0.0002274447465234
16250.3   0.0002260289735649
16251.2   0.0002237891531520
16252.1   0.0002221898986124
16253.0   0.0002222919282738
16253.9   0.0002237921956081
16254.8   0.0002253608215628
16255.7   0.0002261652541236
16256.6   0.0002260260599657
16257.5   0.0002249249879318
16258.4   0.0002234906094592
16259.3   0.0002229002118978
16260.2   0.0002236154575416
16261.1   0.0002249147187475
16262.0   0.0002257670359885
16262.9   0.0002259600315089
16263.8   0.0002261739877624
16264.7   0.0002269258896335
16265.6   0.0002278998693263
16266.5   0.0002285507580743
16267.4   0.0002287546097941
16268.3   0.0002286776284951
16269.2   0.0002283726061605
16270.1   0.0002275487233566
16271.0   0.0002260934700556
16271.9   0.0002248412130073
16272.8   0.0002249823937100
16273.7   0.0002263513200027
16274.6   0.0002273336073904
16275.5   0.0002267598180602
16276.4   0.0002251304145700
16277.3   0.0002238393644163
16278.2   0.0002235623469955
16279.1   0.0002238442323461
16280.0   0.0002241990650567
16280.9   0.0002245432885438
16281.8   0.0002242414983714
16282.7   0.0002222028809517
16283.6   0.0002187882572650
16284.5   0.0002164912601529
16285.4   0.0002174472464021
16286.3   0.0002207881460077
16287.2   0.0002238887560071
16288.1   0.0002253562972516
16289.0   0.0002252030183115
16289.9   0.0002236720400670
16290.8   0.0002210609934739
16291.7   0.0002181087765879
16292.6   0.0002166255649047
16293.5   0.0002181140131919
16294.4   0.0002214767468944
16295.3   0.0002243541694705
16296.2   0.0002254025604816
16297.1   0.0002244325610373
16298.0   0.0002222764833347
16298.9   0.0002204698728818
16299.8   0.0002201735913446
16300.7   0.0002212812315045
16301.6   0.0002227519798556
16302.5   0.0002238508935354
16303.4   0.0002244929484225
16304.3   0.0002247654200559
16305.2   0.0002249074275908
16306.1   0.0002251321398216
16307.0   0.0002250331275609
16307.9   0.0002237166066803
16308.8   0.0002209780596990
16309.7   0.0002181930919958
16310.6   0.0002175283117510
16311.5   0.0002194704654144
16312.4   0.0002220170548897
16313.3   0.0002223935928403
16314.2   0.0002184870004172
16315.1   0.0002107298504542
16316.0   0.0002039137106976
16316.9   0.0002027887607520
16317.8   0.0002066547847071
16318.7   0.0002122979931953
16319.6   0.0002177013237036
16320.5   0.0002216747857333
16321.4   0.0002230832890112
16322.3   0.0002212534986219
16323.2   0.0002173907891544
16324.1   0.0002149447439059
16325.0   0.0002166151811809
16325.9   0.0002209664196198
16326.8   0.0002243579528542
16327.7   0.0002252734887543
16328.6   0.0002243679428484
16329.5   0.0002221570436655
16330.4   0.0002190677444442
16331.3   0.0002163964393229
16332.2   0.0002156594025345
16333.1   0.0002171514373405
16334.0   0.0002197755307014
16334.9   0.0002221107016896
16335.8   0.0002231043607045
16336.7   0.0002225812515347
16337.6   0.0002215551885723
16338.5   0.0002213267394895
16339.4   0.0002222005507883
16340.3   0.0002235091899178
16341.2   0.0002244570545989
16342.1   0.0002247721385149
16343.0   0.0002245895947262
16343.9   0.0002237664063182
16344.8   0.0002221252553680
16345.7   0.0002202248907344
16346.6   0.0002194534992473
16347.5   0.0002207464607793
16348.4   0.0002231299423916
16349.3   0.0002247687417021
16350.2   0.0002249430780180
16351.1   0.0002241851198695
16352.0   0.0002232533802060
16352.9   0.0002224801346103
16353.8   0.0002219727925220
16354.7   0.0002217313754174
16355.6   0.0002214307700132
16356.5   0.0002209570595930
16357.4   0.0002209136455336
16358.3   0.0002218051030779
16359.2   0.0002230057099592
16360.1   0.0002228722570950
16361.0   0.0002196215967384
16361.9   0.0002126942462616
16362.8   0.0002043823455851
16363.7   0.0001982523190598
16364.6   0.0001965799489303
16365.5   0.0002000421995833
16366.4   0.0002071722456465
16367.3   0.0002148989710482
16368.2   0.0002204688169705
16369.1   0.0002231896675952
16370.0   0.0002239237084591
16370.9   0.0002233710051395
16371.8   0.0002219316477770
16372.7   0.0002200614535702
16373.6   0.0002181609314448
16374.5   0.0002160914921548
16375.4   0.0002136766302921
16376.3   0.0002116165438702
16377.2   0.0002104106645914
16378.1   0.0002077865425957
16379.0   0.0001999727063059
16379.9   0.0001871969139882
16380.8   0.0001766512670729
16381.7   0.0001763574195007
16382.6   0.0001860146334309
16383.5   0.0001986841008551
16384.4   0.0002087771340990
16385.3   0.0002150801833149
16386.2   0.0002179592452380
16387.1   0.0002177770665440
16388.0   0.0002161006087851
16388.9   0.0002151165961458
16389.8   0.0002156973652284
16390.7   0.0002167774908467
16391.6   0.0002164006092775
16392.5   0.0002130415623159
16393.4   0.0002076613043631
16394.3   0.0002035740616327
16395.2   0.0002022648784405
16396.1   0.0002015157183592
16397.0   0.0001997198495662
16397.9   0.0001990175862617
16398.8   0.0002017114341934
16399.7   0.0002062844175734
16400.6   0.0002090006114505
16401.5   0.0002077470515151
16402.4   0.0002029939046208
16403.3   0.0001968692757707
16404.2   0.0001925166879130
16405.1   0.0001916693316652
16406.0   0.0001927800679716
16406.9   0.0001938686229830
16407.8   0.0001954606830087
16408.7   0.0001986224964874
16409.6   0.0002020741951867
16410.5   0.0002038885513750
16411.4   0.0002040784400108
16412.3   0.0002041593800821
16413.2   0.0002053744368403
16414.1   0.0002075662974064
16415.0   0.0002095881956348
16415.9   0.0002107152323473
16416.8   0.0002112043268575
16417.7   0.0002116302671370
16418.6   0.0002123654784517
16419.5   0.0002134873036158
16420.4   0.0002146489205269
16421.3   0.0002152376680032
16422.2   0.0002150197207631
16423.1   0.0002143869435775
16424.0   0.0002138970580287
16424.9   0.0002138368138179
16425.8   0.0002139301134198
16426.7   0.0002132093018710
16427.6   0.0002114083539659
16428.5   0.0002100915216809
16429.4   0.0002110469710262
16430.3   0.0002140150265808
16431.2   0.0002167680807088
16432.1   0.0002171318081294
16433.0   0.0002144470410345
16433.9   0.0002098619594172
16434.8   0.0002059737720640
16435.7   0.0002051289857967
16436.6   0.0002077917756202
16437.5   0.0002121084481780
16438.4   0.0002148061940329
16439.3   0.0002145772545778
16440.2   0.0002135203088959
16441.1   0.0002135465026535
16442.0   0.0002133356282291
16442.9   0.0002102462824761
16443.8   0.0002049669517417
16444.7   0.0002022206876599
16445.6   0.0002050708963607
16446.5   0.0002112914628012
16447.4   0.0002166436191974
16448.3   0.0002190462826007
16449.2   0.0002191434121180
16450.1   0.0002187897319613
16451.0   0.0002189662015759
16451.9   0.0002189882790693
16452.8   0.0002179004148744
16453.7   0.0002159302849320
16454.6   0.0002145791945910
16455.5   0.0002148551024101
16456.4   0.0002161870861266
16457.3   0.0002176764901029
16458.2   0.0002188113584554
16459.1   0.0002193523071562
16460.0   0.0002195745138349
16460.9   0.0002199085504630
16461.8   0.0002201519934854
16462.7   0.0002197632785516
16463.6   0.0002186548401944
16464.5   0.0002166865285670
16465.4   0.0002136863947866
16466.3   0.0002108910863119
16467.2   0.0002105312890288
16468.1   0.0002128430366841
16469.0   0.0002152916018021
16469.9   0.0002157071046674
16470.8   0.0002143385434694
16471.7   0.0002124489204957
16472.6   0.0002108373636953
16473.5   0.0002103649740590
16474.4   0.0002115066074022
16475.3   0.0002127628697546
16476.2   0.0002125035522698
16477.1   0.0002118048933811
16478.0   0.0002122295128767
16478.9   0.0002128975539186
16479.8   0.0002125226839499
16480.7   0.0002119052550606
16481.6   0.0002123395459873
16482.5   0.0002134543520262
16483.4   0.0002136165220969
16484.3   0.0002110914374174
16485.2   0.0002056991528145
16486.1   0.0002006248872029
16487.0   0.0002004338173783
16487.9   0.0002056096652312
16488.8   0.0002119626536801
16489.7   0.0002159598039152
16490.6   0.0002169789300777
16491.5   0.0002159642101076
16492.4   0.0002142179548257
16493.3   0.0002127078299334
16494.2   0.0002123790370680
16495.1   0.0002136629857711
16496.0   0.0002155948272979
16496.9   0.0002170940673559
16497.8   0.0002180847912955
16498.7   0.0002188564906077
16499.6   0.0002195411076665
16500.5   0.0002202064498709
16501.4   0.0002205910306438
16502.3   0.0002199478124645
16503.2   0.0002179391614481
16504.1   0.0002149320228599
16505.0   0.0002118648977748
16505.9   0.0002105518095005
16506.8   0.0002123260231647
16507.7   0.0002160580931452
16508.6   0.0002191785077443
16509.5   0.0002204818136273
16510.4   0.0002205038016367
16511.3   0.0002202087370820
16512.2   0.0002201448347651
16513.1   0.0002200320741820
16514.0   0.0002190802185144
16514.9   0.0002162139671214
16515.8   0.0002110809248366
16516.7   0.0002057915253621
16517.6   0.0002033954050291
16518.5   0.0002039775808002
16519.4   0.0002050459804347
16520.3   0.0002045617968066
16521.2   0.0002024199577987
16522.1   0.0002001577019563
16523.0   0.0001987930351022
16523.9   0.0001988990056391
16524.8   0.0002018486239095
16525.7   0.0002076465538199
16526.6   0.0002135583467563
16527.5   0.0002172439816974
16528.4   0.0002185581187242
16529.3   0.0002180182975219
16530.2   0.0002158945378621
16531.1   0.0002132165536547
16532.0   0.0002121876522596
16532.9   0.0002135133040880
16533.8   0.0002151159518610
16534.7   0.0002148934874684
16535.6   0.0002127966052241
16536.5   0.0002095693252480
16537.4   0.0002058737146301
16538.3   0.0002027814230637
16539.2   0.0002009039198035
16540.1   0.0001993794237802
16541.0   0.0001981157342555
16541.9   0.0001989006414066
16542.8   0.0002018164812553
16543.7   0.0002050320567236
16544.6   0.0002081798749042
16545.5   0.0002118040522314
16546.4   0.0002149619391521
16547.3   0.0002164149195594
16548.2   0.0002161295622295
16549.1   0.0002143683738570
16550.0   0.0002114180683494
16550.9   0.0002083489853542
16551.8   0.0002073877947153
16552.7   0.0002097419434710
16553.6   0.0002132615712674
16554.5   0.0002146121282838
16555.4   0.0002128787515397
16556.3   0.0002100574748071
16557.2   0.0002082965190930
16558.1   0.0002071890292663
16559.0   0.0002053003619818
16559.9   0.0002025998206467
16560.8   0.0002004668262377
16561.7   0.0002009099223905
16562.6   0.0002044659916526
16563.5   0.0002092674670678
16564.4   0.0002131094234052
16565.3   0.0002152594090368
16566.2   0.0002159035900639
16567.1   0.0002154999563569
16568.0   0.0002148809561285
16568.9   0.0002145574463986
16569.8   0.0002145424095066
16570.7   0.0002150165995611
16571.6   0.0002160771532380
16572.5   0.0002171804981657
16573.4   0.0002175607264366
16574.3   0.0002170880755070
16575.2   0.0002164673715032
16576.1   0.0002163784279826
16577.0   0.0002167147052901
16577.9   0.0002168648701869
16578.8   0.0002164010459594
16579.7   0.0002152522324197
16580.6   0.0002137819637028
16581.5   0.0002127001235710
16582.4   0.0002122349033931
16583.3   0.0002117002722630
16584.2   0.0002106688867920
16585.1   0.0002096745906509
16586.0   0.0002093749373565
16586.9   0.0002098351428508
16587.8   0.0002104473172394
16588.7   0.0002107601282618
16589.6   0.0002112573121259
16590.5   0.0002124531334026
16591.4   0.0002136763367845
16592.3   0.0002139723785045
16593.2   0.0002134739669199
16594.1   0.0002129392391470
16595.0   0.0002129760671837
16595.9   0.0002139170738107
16596.8   0.0002153636507427
16597.7   0.0002162252421059
16598.6   0.0002158682116681
16599.5   0.0002148160909637
16600.4   0.0002141585159709
16601.3   0.0002145604280057
16602.2   0.0002158151583918
16603.1   0.0002169752898684
16604.0   0.0002169896538407
16604.9   0.0002155220732233
16605.8   0.0002132418131993
16606.7   0.0002114923543901
16607.6   0.0002114757962700
16608.5   0.0002129539717935
16609.4   0.0002141879633669
16610.3   0.0002135423613338
16611.2   0.0002106871021558
16612.1   0.0002071387893671
16613.0   0.0002056209402157
16613.9   0.0002072316952394
16614.8   0.0002103698849411
16615.7   0.0002131719834620
16616.6   0.0002146692298164
16617.5   0.0002144040708158
16618.4   0.0002127624903424
16619.3   0.0002109433127560
16620.2   0.0002099407984040
16621.1   0.0002097722212786
16622.0   0.0002098978890344
16622.9   0.0002098046073293
16623.8   0.0002094735988399
16624.7   0.0002095906403378
16625.6   0.0002105404163972
16626.5   0.0002118223248650
16627.4   0.0002128936416780
16628.3   0.0002135544345156
16629.2   0.0002133367700450
16630.1   0.0002114283697479
16631.0   0.0002080301502687
16631.9   0.0002054244941921
16632.8   0.0002060791341096
16633.7   0.0002093580964670
16634.6   0.0002121829776153
16635.5   0.0002130426611795
16636.4   0.0002130129345934
16637.3   0.0002134478769637
16638.2   0.0002144213448080
16639.1   0.0002152135824887
16640.0   0.0002153840495163
16640.9   0.0002151809888351
16641.8   0.0002152725023363
16642.7   0.0002155908398907
16643.6   0.0002143835324472
16644.5   0.0002101810343198
16645.4   0.0002052742326526
16646.3   0.0002034889623450
16647.2   0.0002047565175786
16648.1   0.0002060334686327
16649.0   0.0002061377604496
16649.9   0.0002060301899388
16650.8   0.0002050479705589
16651.7   0.0002012924271345
16652.6   0.0001966161720551
16653.5   0.0001959017818785
16654.4   0.0002004364124144
16655.3   0.0002065681105009
16656.2   0.0002102791231056
16657.1   0.0002102442708757
16658.0   0.0002071473941490
16658.9   0.0002025929446958
16659.8   0.0001989554163552
16660.7   0.0001979253516680
16661.6   0.0001997208768425
16662.5   0.0002030823255548
16663.4   0.0002050019399873
16664.3   0.0002036163947253
16665.2   0.0002013649736062
16666.1   0.0002019930439332
16667.0   0.0002054955230151
16667.9   0.0002090569362619
16668.8   0.0002108926648097
16669.7   0.0002113484533736
16670.6   0.0002113025445002
16671.5   0.0002105545154968
16672.4   0.0002088056365439
16673.3   0.0002072260076361
16674.2   0.0002074372936869
16675.1   0.0002092373037997
16676.0   0.0002107209629029
16676.9   0.0002102313923379
16677.8   0.0002069482528672
16678.7   0.0002004707384783
16679.6   0.0001926036985791
16680.5   0.0001884818613328
16681.4   0.0001919130109254
16682.3   0.0002000427329080
16683.2   0.0002062376210187
16684.1   0.0002075603485098
16685.0   0.0002063822379072
16685.9   0.0002061765141821
16686.8   0.0002076029142608
16687.7   0.0002091346405916
16688.6   0.0002101872230335
16689.5   0.0002111836811081
16690.4   0.0002117097289325
16691.3   0.0002108171224136
16692.2   0.0002089575195335
16693.1   0.0002081161551346
16694.0   0.0002093145571300
16694.9   0.0002112569756661
16695.8   0.0002123808016925
16696.7   0.0002126706904924
16697.6   0.0002126844030212
16698.5   0.0002124702463235
16699.4   0.0002121088633838
16700.3   0.0002119505160698
16701.2   0.0002120102448527
16702.1   0.0002120300208176
16703.0   0.0002120449002178
16703.9   0.0002122946787077
16704.8   0.0002124334218662
16705.7   0.0002115104838493
16706.6   0.0002094945345175
16707.5   0.0002078959135247
16708.4   0.0002079341196150
16709.3   0.0002088973290131
16710.2   0.0002094276362761
16711.1   0.0002094864845365
16712.0   0.0002097612684365
16712.9   0.0002103791483252
16713.8   0.0002111835236162
16714.7   0.0002119224359893
16715.6   0.0002113231365592
16716.5   0.0002071924797695
16717.4   0.0001991273294442
16718.3   0.0001908748640431
16719.2   0.0001880120774707
16720.1   0.0001912045410105
16721.0   0.0001954488997550
16721.9   0.0001972966621117
16722.8   0.0001976008361380
16723.7   0.0001984992483791
16724.6   0.0002007226108940
16725.5   0.0002034914607384
16726.4   0.0002056492744307
16727.3   0.0002068052252146
16728.2   0.0002075533508607
16729.1   0.0002082492357453
16730.0   0.0002086710418639
16730.9   0.0002089624375744
16731.8   0.0002095562140518
16732.7   0.0002104484948489
16733.6   0.0002114088586557
16734.5   0.0002122207720792
16735.4   0.0002125216137212
16736.3   0.0002121531651245
16737.2   0.0002112867416251
16738.1   0.0002097956839845
16739.0   0.0002078928066401
16739.9   0.0002066858857675
16740.8   0.0002068779900272
16741.7   0.0002079130801360
16742.6   0.0002088209096737
16743.5   0.0002094051256801
16744.4   0.0002099029932020
16745.3   0.0002098689212727
16746.2   0.0002085724949200
16747.1   0.0002057880891764
16748.0   0.0002009437616614
16748.9   0.0001926878851300
16749.8   0.0001831806821840
16750.7   0.0001789128392575
16751.6   0.0001822743094459
16752.5   0.0001890628738119
16753.4   0.0001956722160353
16754.3   0.0002015466368723
16755.2   0.0002056950401297
16756.1   0.0002070665077681
16757.0   0.0002063644270110
16757.9   0.0002046470571656
16758.8   0.0002023934347399
16759.7   0.0002004167724652
16760.6   0.0001994392814201
16761.5   0.0001982024943664
16762.4   0.0001958517603203
16763.3   0.0001950144227015
16764.2   0.0001978196245277
16765.1   0.0002023217580527
16766.0   0.0002057264669119
16766.9   0.0002075096146589
16767.8   0.0002083509683198
16768.7   0.0002087654797023
16769.6   0.0002087743744123
16770.5   0.0002082939347950
16771.4   0.0002079505954098
16772.3   0.0002082039210457
16773.2   0.0002083780426000
16774.1   0.0002078540099553
16775.0   0.0002071282302547
16775.9   0.0002068214146606
16776.8   0.0002068624162312
16777.7   0.0002069791928564
16778.6   0.0002069426046368
16779.5   0.0002065457896109
16780.4   0.0002058484013950
16781.3   0.0002049060346112
16782.2   0.0002036868973824
16783.1   0.0002026559235378
16784.0   0.0002023477835805
16784.9   0.0002023363940564
16785.8   0.0002020308276590
16786.7   0.0002018016519662
16787.6   0.0002021696531428
16788.5   0.0002030185843091
16789.4   0.0002038053455688
16790.3   0.0002038274767526
16791.2   0.0002027393906373
16792.1   0.0002010751671315
16793.0   0.0001997009648620
16793.9   0.0001989901647836
16794.8   0.0001989807188521
16795.7   0.0001992838870782
16796.6   0.0001989200486974
16797.5   0.0001971302433405
16798.4   0.0001943104878359
16799.3   0.0001920324828088
16800.2   0.0001915779577591
16801.1   0.0001921955548783
16802.0   0.0001920538229541
16802.9   0.0001906562689388
16803.8   0.0001888037209777
16804.7   0.0001870109626486
16805.6   0.0001854933819491
16806.5   0.0001848008187107
16807.4   0.0001853861765330
16808.3   0.0001871341749633
16809.2   0.0001891982631099
16810.1   0.0001906690508340
16811.0   0.0001917053829807
16811.9   0.0001931943717512
16812.8   0.0001949955809496
16813.7   0.0001959983422775
16814.6   0.0001959761681413
16815.5   0.0001957190161694
16816.4   0.0001954875496860
16817.3   0.0001945739502198
16818.2   0.0001927126972547
16819.1   0.0001907439704214
16820.0   0.0001900254102902
16820.9   0.0001915168330256
16821.8   0.0001946093250362
16822.7   0.0001977553964890
16823.6   0.0001999830936090
16824.5   0.0002009970404374
16825.4   0.0002003833054477
16826.3   0.0001975140366541
16827.2   0.0001935210706910
16828.1   0.0001917966602441
16829.0   0.0001942063964631
16829.9   0.0001986725896329
16830.8   0.0002019580914813
16831.7   0.0002029163184100
16832.6   0.0002023712033340
16833.5   0.0002014433472762
16834.4   0.0002005864914065
16835.3   0.0001996768578713
16836.2   0.0001986331307665
16837.1   0.0001977941645389
16838.0   0.0001980232042161
16838.9   0.0001996941891332
16839.8   0.0002017856880198
16840.7   0.0002030460952713
16841.6   0.0002030246513245
16842.5   0.0002021764073954
16843.4   0.0002017725696649
16844.3   0.0002025365196623
16845.2   0.0002035491671828
16846.1   0.0002036961285522
16847.0   0.0002033382068538
16847.9   0.0002034779343363
16848.8   0.0002041388775071
16849.7   0.0002046113065163
16850.6   0.0002046232365237
16851.5   0.0002043816046575
16852.4   0.0002038928716627
16853.3   0.0002027753453101
16854.2   0.0002008765770712
16855.1   0.0001988339543475
16856.0   0.0001978664103443
16856.9   0.0001987392158428
16857.8   0.0002009468005382
16858.7   0.0002031729084223
16859.6   0.0002042055788836
16860.5   0.0002035474276138
16861.4   0.0002014694014388
16862.3   0.0001987836285437
16863.2   0.0001967915463854
16864.1   0.0001962278150572
16865.0   0.0001961963381640
16865.9   0.0001955744672888
16866.8   0.0001949689111371
16867.7   0.0001958184150010
16868.6   0.0001980862403278
16869.5   0.0002003748438403
16870.4   0.0002015938307360
16871.3   0.0002017059327168
16872.2   0.0002012228193175
16873.1   0.0002005872645483
16874.0   0.0002003078668530
16874.9   0.0002008187525079
16875.8   0.0002018205116148
16876.7   0.0002024527125235
16877.6   0.0002023440216729
16878.5   0.0002021558332332
16879.4   0.0002026567611081
16880.3   0.0002035219568869
16881.2   0.0002037665417253
16882.1   0.0002030127320552
16883.0   0.0002016327276428
16883.9   0.0002002744392085
16884.8   0.0001997454634675
16885.7   0.0002000866516572
16886.6   0.0001999918487240
16887.5   0.0001980081386891
16888.4   0.0001939300412240
16889.3   0.0001894138658690
16890.2   0.0001873724243342
16891.1   0.0001891238410535
16892.0   0.0001928932509191
16892.9   0.0001964139704204
16893.8   0.0001987776009012
16894.7   0.0002001545055877
16895.6   0.0002009736600568
16896.5   0.0002013354689404
16897.4   0.0002011844342591
16898.3   0.0002006790858745
16899.2   0.0002004914343388
16900.1   0.0002012598835919
16901.0   0.0002025867846170
16901.9   0.0002033532580633
16902.8   0.0002030378699016
16903.7   0.0002022019640269
16904.6   0.0002016867974574
16905.5   0.0002016671288733
16906.4   0.0002017891671579
16907.3   0.0002018227773498
16908.2   0.0002017957710774
16909.1   0.0002017629053924
16910.0   0.0002017105357740
16910.9   0.0002016052453155
16911.8   0.0002014140967450
16912.7   0.0002010425842160
16913.6   0.0002005301594363
16914.5   0.0002002116321758
16915.4   0.0002004100504269
16916.3   0.0002010992920190
16917.2   0.0002018424674100
16918.1   0.0002022613885643
16919.0   0.0002024989900710
16919.9   0.0002028035470888
16920.8   0.0002029141851113
16921.7   0.0002024683722242
16922.6   0.0002017443464100
16923.5   0.0002012322974632
16924.4   0.0002005764334045
16925.3   0.0001985738458242
16926.2   0.0001948100877681
16927.1   0.0001907877710517
16928.0   0.0001888936380842
16928.9   0.0001900652593069
16929.8   0.0001931902912806
16930.7   0.0001968374910524
16931.6   0.0001998486313653
16932.5   0.0002013342447992
16933.4   0.0002012038343912
16934.3   0.0002002246109357
16935.2   0.0001993597695136
16936.1   0.0001989850928302
16937.0   0.0001989107101468
16937.9   0.0001988395453081
16938.8   0.0001988096898650
16939.7   0.0001990636132540
16940.6   0.0001994422021780
16941.5   0.0001996150351626
16942.4   0.0001995808164795
16943.3   0.0001993237038806
16944.2   0.0001987367281875
16945.1   0.0001980754342395
16946.0   0.0001977731859090
16946.9   0.0001981118005387
16947.8   0.0001990755325234
16948.7   0.0002000411794657
16949.6   0.0002002736445906
16950.5   0.0001998997374697
16951.4   0.0001994706151390
16952.3   0.0001989284673525
16953.2   0.0001981082677102
16954.1   0.0001974201679340
16955.0   0.0001971967048999
16955.9   0.0001970742084572
16956.8   0.0001965516075566
16957.7   0.0001955748502803
16958.6   0.0001939896805230
16959.5   0.0001911962046807
16960.4   0.0001877284525511
16961.3   0.0001859899823775
16962.2   0.0001877155525371
16963.1   0.0001918650045470
16964.0   0.0001958071113816
16964.9   0.0001979487213105
16965.8   0.0001983362049445
16966.7   0.0001974705152139
16967.6   0.0001955358889450
16968.5   0.0001928428535281
16969.4   0.0001909142692191
16970.3   0.0001913756666403
16971.2   0.0001937441829478
16972.1   0.0001961158168779
16973.0   0.0001972336188412
16973.9   0.0001971667742902
16974.8   0.0001967686420598
16975.7   0.0001967338936314
16976.6   0.0001969250744162
16977.5   0.0001967684845679
16978.4   0.0001963549288746
16979.3   0.0001964271102515
16980.2   0.0001972184781477
16981.1   0.0001980528735324
16982.0   0.0001982896124133
16982.9   0.0001981199292656
16983.8   0.0001981730183355
16984.7   0.0001986163006150
16985.6   0.0001989266561963
16986.5   0.0001985990123054
16987.4   0.0001978700791885
16988.3   0.0001975572681661
16989.2   0.0001979890105885
16990.1   0.0001983558592111
16991.0   0.0001978049240955
16991.9   0.0001964693431220
16992.8   0.0001947906554218
16993.7   0.0001924583801360
16994.6   0.0001891531953861
16995.5   0.0001862683384790
16996.4   0.0001861953052143
16997.3   0.0001891395365477
16998.2   0.0001921915710504
16999.1   0.0001925802824050
17000.0   0.0001907442066592
17000.9   0.0001895797942679
17001.8   0.0001907684174513
17002.7   0.0001927369366817
17003.6   0.0001927521740179
17004.5   0.0001904502982379
17005.4   0.0001882616590959
17006.3   0.0001879127788612
17007.2   0.0001885109579516
17008.1   0.0001884267212896
17009.0   0.0001871093592593
17009.9   0.0001853941441887
17010.8   0.0001852876224304
17011.7   0.0001880722214595
17012.6   0.0001921308364673
17013.5   0.0001948436729045
17014.4   0.0001955564344723
17015.3   0.0001953945972821
17016.2   0.0001953314144165
17017.1   0.0001951439060553
17018.0   0.0001942794118310
17018.9   0.0001929200818029
17019.8   0.0001919986256411
17020.7   0.0001923230409491
17021.6   0.0001937057978894
17022.5   0.0001951723225956
17023.4   0.0001958220838452
17024.3   0.0001955047270354
17025.2   0.0001948304722242
17026.1   0.0001944161433891
17027.0   0.0001943793726222
17027.9   0.0001945158321489
17028.8   0.0001946024741409
17029.7   0.0001947281920077
17030.6   0.0001950411605219
17031.5   0.0001951303868119
17032.4   0.0001945674608398
17033.3   0.0001937534534906
17034.2   0.0001934353772294
17035.1   0.0001934775778857
17036.0   0.0001929778669933
17036.9   0.0001919474944812
17037.8   0.0001916199866061
17038.7   0.0001926115624334
17039.6   0.0001941680114048
17040.5   0.0001954952667865
17041.4   0.0001963484359152
17042.3   0.0001964415100174
17043.2   0.0001954451306888
17044.1   0.0001938580137595
17045.0   0.0001931439958363
17045.9   0.0001940298230471
17046.8   0.0001954996371853
17047.7   0.0001962298624513
17048.6   0.0001958993693897
17049.5   0.0001949029471087
17050.4   0.0001937816552693
17051.3   0.0001930346964945
17052.2   0.0001929813246552
17053.1   0.0001933052424321
17054.0   0.0001933571037815
17054.9   0.0001931377498529
17055.8   0.0001929716424860
17056.7   0.0001925365998936
17057.6   0.0001914144167934
17058.5   0.0001900175178011
17059.4   0.0001889725629757
17060.3   0.0001884763025865
17061.2   0.0001886226483059
17062.1   0.0001889866907102
17063.0   0.0001883767534218
17063.9   0.0001864477825418
17064.8   0.0001846148888473
17065.7   0.0001841876385219
17066.6   0.0001850429015763
17067.5   0.0001867989750432
17068.4   0.0001889343067743
17069.3   0.0001903732632485
17070.2   0.0001907298927979
17071.1   0.0001907516016173
17072.0   0.0001909541182357
17072.9   0.0001908749642652
17073.8   0.0001898123810910
17074.7   0.0001878470510706
17075.6   0.0001860065297595
17076.5   0.0001854382884375
17077.4   0.0001867047698631
17078.3   0.0001893216078609
17079.2   0.0001918143995531
17080.1   0.0001931304229026
17081.0   0.0001935404779818
17081.9   0.0001938963988179
17082.8   0.0001943514607716
17083.7   0.0001942200051905
17084.6   0.0001933348294232
17085.5   0.0001923689426637
17086.4   0.0001916837994390
17087.3   0.0001910463189741
17088.2   0.0001907367866456
17089.1   0.0001914380155149
17090.0   0.0001927378708947
17090.9   0.0001934763537445
17091.8   0.0001932588002341
17092.7   0.0001925710762906
17093.6   0.0001920428307390
17094.5   0.0001918382953615
17095.4   0.0001915000995169
17096.3   0.0001907320941044
17097.2   0.0001900942664416
17098.1   0.0001901913923795
17099.0   0.0001909167425569
17099.9   0.0001919083756540
17100.8   0.0001928730167962
17101.7   0.0001935836414859
17102.6   0.0001938387639606
17103.5   0.0001933843355536
17104.4   0.0001918504222337
17105.3   0.0001880371652061
17106.2   0.0001800972137404
17107.1   0.0001683411489177
17108.0   0.0001587308639784
17108.9   0.0001583554571056
17109.8   0.0001665052879336
17110.7   0.0001764766980986
17111.6   0.0001835746730948
17112.5   0.0001877846664024
17113.4   0.0001904422088839
17114.3   0.0001918871786832
17115.2   0.0001922171885311
17116.1   0.0001919252881308
17117.0   0.0001917060451623
17117.9   0.0001918156129562
17118.8   0.0001920674316814
17119.7   0.0001921795444003
17120.6   0.0001920165403387
17121.5   0.0001916772527892
17122.4   0.0001914545807938
17123.3   0.0001916678569688
17124.2   0.0001922779947015
17125.1   0.0001929179556630
17126.0   0.0001933030339669
17126.9   0.0001932788768652
17127.8   0.0001927186998416
17128.7   0.0001914975760680
17129.6   0.0001897075487907
17130.5   0.0001880571165596
17131.4   0.0001876424333678
17132.3   0.0001887399510971
17133.2   0.0001903384539710
17134.1   0.0001912723591474
17135.0   0.0001911111877182
17135.9   0.0001901800135936
17136.8   0.0001892577878693
17137.7   0.0001890641874370
17138.6   0.0001899147472122
17139.5   0.0001914607516107
17140.4   0.0001927152529178
17141.3   0.0001930051238209
17142.2   0.0001926148626034
17143.1   0.0001922796626833
17144.0   0.0001925219853660
17144.9   0.0001932692555451
17145.8   0.0001939737523703
17146.7   0.0001942374080396
17147.6   0.0001939975873296
17148.5   0.0001933393537345
17149.4   0.0001924309622372
17150.3   0.0001914748865039
17151.2   0.0001909097019555
17152.1   0.0001911249754135
17153.0   0.0001918122483576
17153.9   0.0001921783059417
17154.8   0.0001916785592557
17155.7   0.0001905100842906
17156.6   0.0001893567034873
17157.5   0.0001885191582657
17158.4   0.0001876150333657
17159.3   0.0001861216670378
17160.2   0.0001845104753321
17161.1   0.0001843113770026
17162.0   0.0001859879099280
17162.9   0.0001879786032945
17163.8   0.0001885198884552
17164.7   0.0001875297193164
17165.6   0.0001866488566781
17166.5   0.0001875124775385
17167.4   0.0001897287171267
17168.3   0.0001915290994929
17169.2   0.0001920704777169
17170.1   0.0001917217621328
17171.0   0.0001909720723063
17171.9   0.0001901445027614
17172.8   0.0001896862659152
17173.7   0.0001899528817153
17174.6   0.0001908274196242
17175.5   0.0001918121588736
17176.4   0.0001923554806902
17177.3   0.0001922075063619
17178.2   0.0001915682326375
17179.1   0.0001908098986562
17180.0   0.0001901684021492
17180.9   0.0001897060776737
17181.8   0.0001895381734680
17182.7   0.0001897904968830
17183.6   0.0001903531436651
17184.5   0.0001909372952430
17185.4   0.0001911873743992
17186.3   0.0001909500771381
17187.2   0.0001904680554436
17188.1   0.0001900042419542
17189.0   0.0001896010771434
17189.9   0.0001892809892819
17190.8   0.0001891816226645
17191.7   0.0001894114426422
17192.6   0.0001898267092697
17193.5   0.0001901982647510
17194.4   0.0001904974598873
17195.3   0.0001907743341337
17196.2   0.0001910084887165
17197.1   0.0001911242309066
17198.0   0.0001909179917536
17198.9   0.0001903096472804
17199.8   0.0001897025770594
17200.7   0.0001892584214161
17201.6   0.0001880538665006
17202.5   0.0001848821346148
17203.4   0.0001803107870024
17204.3   0.0001769282379620
17205.2   0.0001770614975407
17206.1   0.0001805639587257
17207.0   0.0001848985388224
17207.9   0.0001879403112995
17208.8   0.0001893831656969
17209.7   0.0001897559059464
17210.6   0.0001895505580541
17211.5   0.0001889720511272
17212.4   0.0001883282781471
17213.3   0.0001881230841673
17214.2   0.0001885122286244
17215.1   0.0001890789165041
17216.0   0.0001892909685380
17216.9   0.0001890067494446
17217.8   0.0001885590215998
17218.7   0.0001882013003455
17219.6   0.0001876516573789
17220.5   0.0001867066347098
17221.4   0.0001857694472601
17222.3   0.0001846820698581
17223.2   0.0001820968948803
17224.1   0.0001775496506791
17225.0   0.0001737687868609
17225.9   0.0001742932812430
17226.8   0.0001787858865114
17227.7   0.0001839052950133
17228.6   0.0001872409079039
17229.5   0.0001882067373936
17230.4   0.0001867839667860
17231.3   0.0001836106170295
17232.2   0.0001805098459589
17233.1   0.0001790963208386
17234.0   0.0001798891097408
17234.9   0.0001825719940922
17235.8   0.0001858446281408
17236.7   0.0001881905873205
17237.6   0.0001890193595304
17238.5   0.0001888316972567
17239.4   0.0001884734390984
17240.3   0.0001882088993271
17241.2   0.0001878652342202
17242.1   0.0001873915094826
17243.0   0.0001869965879382
17243.9   0.0001868945224832
17244.8   0.0001871118075417
17245.7   0.0001876222994669
17246.6   0.0001883204357690
17247.5   0.0001888289196732
17248.4   0.0001888900873589
17249.3   0.0001888076618532
17250.2   0.0001888966161119
17251.1   0.0001889597381283
17252.0   0.0001886534021684
17252.9   0.0001879918003954
17253.8   0.0001873646463846
17254.7   0.0001869186724262
17255.6   0.0001862421339833
17256.5   0.0001852374362216
17257.4   0.0001848092087309
17258.3   0.0001856401178188
17259.2   0.0001869457825001
17260.1   0.0001876393551180
17261.0   0.0001876254385657
17261.9   0.0001874724280777
17262.8   0.0001876651300905
17263.7   0.0001881681160975
17264.6   0.0001885975355151
17265.5   0.0001887000949217
17266.4   0.0001884291158815
17267.3   0.0001878363845773
17268.2   0.0001871642845410
17269.1   0.0001867532236616
17270.0   0.0001867512764897
17270.9   0.0001868641766678
17271.8   0.0001863401189676
17272.7   0.0001844664098292
17273.6   0.0001816219245253
17274.5   0.0001794323726464
17275.4   0.0001790806325030
17276.3   0.0001799451947351
17277.2   0.0001809393333843
17278.1   0.0001819949725997
17279.0   0.0001829311435112
17279.9   0.0001828858144941
17280.8   0.0001817098264521
17281.7   0.0001806420496263
17282.6   0.0001810340575715
17283.5   0.0001827381300940
17284.4   0.0001844783684715
17285.3   0.0001855371682619
17286.2   0.0001860928281330
17287.1   0.0001864880431849
17288.0   0.0001868022787926
17288.9   0.0001869321415585
17289.8   0.0001867837377070
17290.7   0.0001860094576762
17291.6   0.0001841891525913
17292.5   0.0001817923879735
17293.4   0.0001804400448564
17294.3   0.0001810861909523
17295.2   0.0001827421998265
17296.1   0.0001841297602682
17297.0   0.0001849530882712
17297.9   0.0001852325933473
17298.8   0.0001845880901778
17299.7   0.0001823449874916
17300.6   0.0001786542483828
17301.5   0.0001754967838267
17302.4   0.0001755279135220
17303.3   0.0001788834276551
17304.2   0.0001825284332791
17305.1   0.0001840497973622
17306.0   0.0001838904084544
17306.9   0.0001835493455423
17307.8   0.0001834246370550
17308.7   0.0001830013061290
17309.6   0.0001824402020512
17310.5   0.0001826351161086
17311.4   0.0001838275871042
17312.3   0.0001853123092774
17313.2   0.0001863017983378
17314.1   0.0001864049268627
17315.0   0.0001856330342651
17315.9   0.0001843525933348
17316.8   0.0001831028489974
17317.7   0.0001822085565998
17318.6   0.0001815910203297
17319.5   0.0001808457510130
17320.4   0.0001796150596096
17321.3   0.0001778830430224
17322.2   0.0001759686294002
17323.1   0.0001741983029212
17324.0   0.0001722563532814
17324.9   0.0001689497009938
17325.8   0.0001641873515645
17326.7   0.0001610153190125
17327.6   0.0001631908684344
17328.5   0.0001703787211642
17329.4   0.0001780166963307
17330.3   0.0001826763002266
17331.2   0.0001841936983787
17332.1   0.0001836928206149
17333.0   0.0001824900875937
17333.9   0.0001816775334647
17334.8   0.0001814435184769
17335.7   0.0001805171550123
17336.6   0.0001773988450769
17337.5   0.0001726647976484
17338.4   0.0001695138654246
17339.3   0.0001705038019049
17340.2   0.0001744779619098
17341.1   0.0001784956397755
17342.0   0.0001808757603685
17342.9   0.0001816719353454
17343.8   0.0001815287108280
17344.7   0.0001809592525236
17345.6   0.0001803913906138
17346.5   0.0001799661554682
17347.4   0.0001793200702215
17348.3   0.0001779427932815
17349.2   0.0001763081173938
17350.1   0.0001757576726505
17351.0   0.0001765937932868
17351.9   0.0001776796029290
17352.8   0.0001780432122308
17353.7   0.0001775329529640
17354.6   0.0001760963230739
17355.5   0.0001736220581499
17356.4   0.0001707160364862
17357.3   0.0001683372760500
17358.2   0.0001666978789863
17359.1   0.0001651389709944
17360.0   0.0001630567462299
17360.9   0.0001608978121979
17361.8   0.0001599788902231
17362.7   0.0001610939324997
17363.6   0.0001635962488692
17364.5   0.0001664627579762
17365.4   0.0001691173331681
17366.3   0.0001713331575505
17367.2   0.0001729855011599
17368.1   0.0001740601610953
17369.0   0.0001747957840364
17369.9   0.0001754741085800
17370.8   0.0001760532347363
17371.7   0.0001762739094488
17372.6   0.0001762254484916
17373.5   0.0001762416522550
17374.4   0.0001766298410230
17375.3   0.0001775263454651
17376.2   0.0001786483818115
17377.1   0.0001796169065594
17378.0   0.0001803402236603
17378.9   0.0001808933958760
17379.8   0.0001812954403471
17380.7   0.0001814913745222
17381.6   0.0001815034620215
17382.5   0.0001814643610911
17383.4   0.0001815418327624
17384.3   0.0001817594184871
17385.2   0.0001818938485165
17386.1   0.0001815367357535
17387.0   0.0001803773452045
17387.9   0.0001785669155743
17388.8   0.0001769855828911
17389.7   0.0001766831878068
17390.6   0.0001776811993237
17391.5   0.0001789032286755
17392.4   0.0001794501728045
17393.3   0.0001795960245723
17394.2   0.0001800491500922
17395.1   0.0001807912337784
17396.0   0.0001812672672033
17396.9   0.0001810716157977
17397.8   0.0001800572072319
17398.7   0.0001783542299937
17399.6   0.0001767279620230
17400.5   0.0001762520860899
17401.4   0.0001773346206176
17402.3   0.0001792411417506
17403.2   0.0001805947483818
17404.1   0.0001803031271716
17405.0   0.0001775836760768
17405.9   0.0001722431203869
17406.8   0.0001667206007645
17407.7   0.0001650458181463
17408.6   0.0001682354754677
17409.5   0.0001736400408554
17410.4   0.0001783223199979
17411.3   0.0001812266557830
17412.2   0.0001825630492712
17413.1   0.0001829121263707
17414.0   0.0001828845259245
17414.9   0.0001827027123252
17415.8   0.0001823147347395
17416.7   0.0001816034049158
17417.6   0.0001806525586277
17418.5   0.0001798949548359
17419.4   0.0001797019951091
17420.3   0.0001800326206070
17421.2   0.0001806482562368
17422.1   0.0001813589453551
17423.0   0.0001818989133112
17423.9   0.0001819144334168
17424.8   0.0001812301170242
17425.7   0.0001799737795053
17426.6   0.0001787458442093
17427.5   0.0001784471251279
17428.4   0.0001793368645793
17429.3   0.0001806294288024
17430.2   0.0001812968219802
17431.1   0.0001808830407871
17432.0   0.0001795902403262
17432.9   0.0001782416197437
17433.8   0.0001779511582462
17434.7   0.0001789804032598
17435.6   0.0001804946265195
17436.5   0.0001817926564255
17437.4   0.0001826744246419
17438.3   0.0001829547279153
17439.2   0.0001825536462920
17440.1   0.0001817830601609
17441.0   0.0001811164150694
17441.9   0.0001808373681515
17442.8   0.0001809374005298
17443.7   0.0001810175996735
17444.6   0.0001806971681934
17445.5   0.0001798402908476
17446.4   0.0001781458575420
17447.3   0.0001756280783366
17448.2   0.0001736104610230
17449.1   0.0001734906097275
17450.0   0.0001748842801369
17450.9   0.0001764983424895
17451.8   0.0001774602740560
17452.7   0.0001773809232206
17453.6   0.0001764120942271
17454.5   0.0001752524388054
17455.4   0.0001747130757612
17456.3   0.0001752318002147
17457.2   0.0001766213149871
17458.1   0.0001782425074250
17459.0   0.0001793430318169
17459.9   0.0001797398575809
17460.8   0.0001801211489218
17461.7   0.0001807911765086
17462.6   0.0001810404288326
17463.5   0.0001802020102471
17464.4   0.0001775511253755
17465.3   0.0001723994167276
17466.2   0.0001669759129453
17467.1   0.0001654631572234
17468.0   0.0001681105522188
17468.9   0.0001712777061029
17469.8   0.0001730658864304
17470.7   0.0001745389112546
17471.6   0.0001762133824685
17472.5   0.0001772745553748
17473.4   0.0001773677619133
17474.3   0.0001768412487720
17475.2   0.0001761616285000
17476.1   0.0001755581304804
17477.0   0.0001749913137438
17477.9   0.0001744699226669
17478.8   0.0001741454679859
17479.7   0.0001742251015907
17480.6   0.0001750446605276
17481.5   0.0001766351635315
17482.4   0.0001782335626040
17483.3   0.0001791513606597
17484.2   0.0001794348424050
17485.1   0.0001792710652015
17486.0   0.0001786492694928
17486.9   0.0001776642582120
17487.8   0.0001768904578155
17488.7   0.0001770301960361
17489.6   0.0001780674266022
17490.5   0.0001792316564462
17491.4   0.0001797791195825
17492.3   0.0001795520986644
17493.2   0.0001788433638768
17494.1   0.0001779773376864
17495.0   0.0001772424592522
17495.9   0.0001770140388043
17496.8   0.0001774429893258
17497.7   0.0001778945435066
17498.6   0.0001774472344469
17499.5   0.0001763092520510
17500.4   0.0001757358922440
17501.3   0.0001762855137344
17502.2   0.0001771381960702
17503.1   0.0001769928131986
17504.0   0.0001754638036022
17504.9   0.0001737865297492
17505.8   0.0001735174191350
17506.7   0.0001746498785782
17507.6   0.0001758293493377
17508.5   0.0001763385419552
17509.4   0.0001763296365071
17510.3   0.0001756621538453
17511.2   0.0001745823539488
17512.1   0.0001740363368741
17513.0   0.0001742800089756
17513.9   0.0001746192678901
17514.8   0.0001744960770516
17515.7   0.0001741633970010
17516.6   0.0001741665360998
17517.5   0.0001744875009046
17518.4   0.0001746094604433
17519.3   0.0001741522043418
17520.2   0.0001732093722411
17521.1   0.0001722141418870
17522.0   0.0001715904419587
17522.9   0.0001714104251983
17523.8   0.0001715159232596
17524.7   0.0001718608053490
17525.6   0.0001725717486018
17526.5   0.0001739534997419
17527.4   0.0001759059583832
17528.3   0.0001776219931273
17529.2   0.0001783684149980
17530.1   0.0001781836949583
17531.0   0.0001776265639702
17531.9   0.0001769811158496
17532.8   0.0001760134931004
17533.7   0.0001744507551932
17534.6   0.0001725857188445
17535.5   0.0001710821406019
17536.4   0.0001704274541528
17537.3   0.0001707163085176
17538.2   0.0001718118468607
17539.1   0.0001736249824872
17540.0   0.0001756601851973
17540.9   0.0001769399388903
17541.8   0.0001769417500466
17542.7   0.0001763607984166
17543.6   0.0001764021901375
17544.5   0.0001772170493745
17545.4   0.0001776594582901
17546.3   0.0001764461840532
17547.2   0.0001736379791439
17548.1   0.0001710822372447
17549.0   0.0001707706360461
17549.9   0.0001724995206931
17550.8   0.0001742358575680
17551.7   0.0001745078960988
17552.6   0.0001732495362414
17553.5   0.0001717299009892
17554.4   0.0001717912369049
17555.3   0.0001736687186890
17556.2   0.0001756160302103
17557.1   0.0001764283982126
17558.0   0.0001766096391142
17558.9   0.0001770136092811
17559.8   0.0001776598198054
17560.7   0.0001779583706569
17561.6   0.0001775957027269
17562.5   0.0001768356864463
17563.4   0.0001762013772945
17564.3   0.0001761243924162
17565.2   0.0001766690063818
17566.1   0.0001774602239449
17567.0   0.0001777693983373
17567.9   0.0001770012962822
17568.8   0.0001754537634969
17569.7   0.0001741881554352
17570.6   0.0001740357033273
17571.5   0.0001748152092240
17572.4   0.0001757020601318
17573.3   0.0001761826715583
17574.2   0.0001762169833048
17575.1   0.0001759872886047
17576.0   0.0001757208052409
17576.9   0.0001752974027277
17577.8   0.0001740564063465
17578.7   0.0001712552885703
17579.6   0.0001676554652095
17580.5   0.0001657923438184
17581.4   0.0001672929655094
17582.3   0.0001710569920175
17583.2   0.0001745284058325
17584.1   0.0001763008441340
17585.0   0.0001767670414772
17585.9   0.0001767646934170
17586.8   0.0001766926051034
17587.7   0.0001766006406028
17588.6   0.0001764764761783
17589.5   0.0001761731254048
17590.4   0.0001753991639370
17591.3   0.0001741119902304
17592.2   0.0001729330635336
17593.1   0.0001726227330079
17594.0   0.0001732734678434
17594.9   0.0001744840253459
17595.8   0.0001756994507782
17596.7   0.0001765301021522
17597.6   0.0001770129936312
17598.5   0.0001774323085150
17599.4   0.0001779736903184
17600.3   0.0001785465633324
17601.2   0.0001788051792626
17602.1   0.0001782388242634
17603.0   0.0001765470969542
17603.9   0.0001741189986176
17604.8   0.0001719497882425
17605.7   0.0001703460738202
17606.6   0.0001685113331758
17607.5   0.0001664006596568
17608.4   0.0001655925833073
17609.3   0.0001667282248017
17610.2   0.0001679930847771
17611.1   0.0001680453112212
17612.0   0.0001679626458983
17612.9   0.0001690140650482
17613.8   0.0001702638487586
17614.7   0.0001693931443445
17615.6   0.0001657592239989
17616.5   0.0001622091680618
17617.4   0.0001625290733760
17618.3   0.0001668184819474
17619.2   0.0001714437919937
17620.1   0.0001733753507510
17621.0   0.0001722146394181
17621.9   0.0001694267509570
17622.8   0.0001675560663779
17623.7   0.0001684677007755
17624.6   0.0001715219294259
17625.5   0.0001745557950964
17626.4   0.0001762407538356
17627.3   0.0001766187521652
17628.2   0.0001759211635052
17629.1   0.0001740019893340
17630.0   0.0001715291812096
17630.9   0.0001703332525521
17631.8   0.0001712275735846
17632.7   0.0001729468261734
17633.6   0.0001739654297493
17634.5   0.0001737209093394
17635.4   0.0001721478342401
17636.3   0.0001698472720853
17637.2   0.0001685663121478
17638.1   0.0001694814042073
17639.0   0.0001715734042044
17639.9   0.0001732436732495
17640.8   0.0001740240417719
17641.7   0.0001740877973351
17642.6   0.0001734862930191
17643.5   0.0001724823361850
17644.4   0.0001718408539954
17645.3   0.0001720597318691
17646.2   0.0001729892773849
17647.1   0.0001743436678960
17648.0   0.0001758527511944
17648.9   0.0001772288397868
17649.8   0.0001782968170567
17650.7   0.0001789227791406
17651.6   0.0001787250051744
17652.5   0.0001774397034731
17653.4   0.0001756752972558
17654.3   0.0001743780154361
17655.2   0.0001739341139273
17656.1   0.0001739760532903
17657.0   0.0001740075158661
17657.9   0.0001740795755448
17658.8   0.0001744613286231
17659.7   0.0001751125896247
17660.6   0.0001754817970457
17661.5   0.0001749024883421
17662.4   0.0001735674729075
17663.3   0.0001725972694397
17664.2   0.0001727780020722
17665.1   0.0001737276850682
17666.0   0.0001745769992260
17666.9   0.0001749081115169
17667.8   0.0001747623313363
17668.7   0.0001742777181851
17669.6   0.0001735164920808
17670.5   0.0001725286853197
17671.4   0.0001717143092964
17672.3   0.0001715940571125
17673.2   0.0001720834880825
17674.1   0.0001727056166717
17675.0   0.0001731799105276
17675.9   0.0001734375671893
17676.8   0.0001734886267619
17677.7   0.0001734455706386
17678.6   0.0001734554389345
17679.5   0.0001735187792919
17680.4   0.0001733196165340
17681.3   0.0001721292358847
17682.2   0.0001696501531420
17683.1   0.0001671655080736
17684.0   0.0001667785828198
17684.9   0.0001689190330359
17685.8   0.0001717543945508
17686.7   0.0001735460504370
17687.6   0.0001738745175806
17688.5   0.0001732002699282
17689.4   0.0001725091849655
17690.3   0.0001724683337280
17691.2   0.0001729488306151
17692.1   0.0001735008144833
17693.0   0.0001735048233666
17693.9   0.0001722672094807
17694.8   0.0001700954684980
17695.7   0.0001686811416011
17696.6   0.0001692554427798
17697.5   0.0001711482478047
17698.4   0.0001729312165838
17699.3   0.0001738048954462
17700.2   0.0001734991822950
17701.1   0.0001723929094508
17702.0   0.0001715492828963
17702.9   0.0001714860892927
17703.8   0.0001713987636429
17704.7   0.0001698014240610
17705.6   0.0001664872586964
17706.5   0.0001635526128895
17707.4   0.0001632048708914
17708.3   0.0001652242277740
17709.2   0.0001675644599775
17710.1   0.0001686730701439
17711.0   0.0001683722141845
17711.9   0.0001675758423428
17712.8   0.0001675954608158
17713.7   0.0001687639429396
17714.6   0.0001699264797462
17715.5   0.0001699617793961
17716.4   0.0001693252116680
17717.3   0.0001692082775510
17718.2   0.0001692771086469
17719.1   0.0001674278393796
17720.0   0.0001629896547031
17720.9   0.0001589726461778
17721.8   0.0001591080963249
17722.7   0.0001632344865173
17723.6   0.0001676907326452
17724.5   0.0001696726744761
17725.4   0.0001687522599081
17726.3   0.0001658357220842
17727.2   0.0001631736660295
17728.1   0.0001632865626283
17729.0   0.0001661340438566
17729.9   0.0001693107796879
17730.8   0.0001713090935122
17731.7   0.0001726309297426
17732.6   0.0001736579662910
17733.5   0.0001737078267780
17734.4   0.0001725954010137
17735.3   0.0001710862497074
17736.2   0.0001693713388824
17737.1   0.0001661466503631
17738.0   0.0001610688304469
17738.9   0.0001569099253468
17739.8   0.0001570256711163
17740.7   0.0001611825753540
17741.6   0.0001657906257256
17742.5   0.0001682789611143
17743.4   0.0001687904123080
17744.3   0.0001683280019278
17745.2   0.0001673191091560
17746.1   0.0001659660895399
17747.0   0.0001650147600382
17747.9   0.0001651327858601
17748.8   0.0001661420401472
17749.7   0.0001674815548375
17750.6   0.0001684951365711
17751.5   0.0001684660292143
17752.4   0.0001672567459640
17753.3   0.0001658547929151
17754.2   0.0001656010520735
17755.1   0.0001664611937958
17756.0   0.0001672142696970
17756.9   0.0001674623766258
17757.8   0.0001678593097706
17758.7   0.0001684529001212
17759.6   0.0001680970687691
17760.5   0.0001659329804584
17761.4   0.0001632103974235
17762.3   0.0001622931720654
17763.2   0.0001635290571203
17764.1   0.0001650870881689
17765.0   0.0001658491912165
17765.9   0.0001661742543886
17766.8   0.0001660711258638
17767.7   0.0001649973786653
17768.6   0.0001630554540809
17769.5   0.0001607318587435
17770.4   0.0001589222666836
17771.3   0.0001592150869794
17772.2   0.0001618992992735
17773.1   0.0001651493439802
17774.0   0.0001673984385152
17774.9   0.0001689210052634
17775.8   0.0001703275184171
17776.7   0.0001713210414164
17777.6   0.0001716071718881
17778.5   0.0001717037215490
17779.4   0.0001724360765343
17780.3   0.0001734515875430
17781.2   0.0001730369580416
17782.1   0.0001708254217326
17783.0   0.0001690742591480
17783.9   0.0001692658730353
17784.8   0.0001698612172724
17785.7   0.0001689132738455
17786.6   0.0001668176229010
17787.5   0.0001654180322298
17788.4   0.0001656225855042
17789.3   0.0001666637462078
17790.2   0.0001672768941823
17791.1   0.0001670390242236
17792.0   0.0001664936478543
17792.9   0.0001664354510375
17793.8   0.0001671807740446
17794.7   0.0001683407229738
17795.6   0.0001691802654784
17796.5   0.0001691810278821
17797.4   0.0001684018656041
17798.3   0.0001675397552337
17799.2   0.0001674434561280
17800.1   0.0001681656958414
17801.0   0.0001688783965601
17801.9   0.0001691681922966
17802.8   0.0001698595385525
17803.7   0.0001717796254606
17804.6   0.0001737618751164
17805.5   0.0001735517273022
17806.4   0.0001711850579446
17807.3   0.0001691294349848
17808.2   0.0001687291587176
17809.1   0.0001687414538198
17810.0   0.0001678428447138
17810.9   0.0001664002193955
17811.8   0.0001650284618289
17812.7   0.0001636203164869
17813.6   0.0001627912436108
17814.5   0.0001637750450679
17815.4   0.0001661985618235
17816.3   0.0001684339330917
17817.2   0.0001696341211878
17818.1   0.0001701067756968
17819.0   0.0001702138057242
17819.9   0.0001696090155557
17820.8   0.0001680570729987
17821.7   0.0001664931288471
17822.6   0.0001661964857946
17823.5   0.0001667821800767
17824.4   0.0001664080546149
17825.3   0.0001643126184320
17826.2   0.0001619067407633
17827.1   0.0001609558908958
17828.0   0.0001619070843818
17828.9   0.0001640742688390
17829.8   0.0001662454764971
17830.7   0.0001676845976219
17831.6   0.0001685489128781
17832.5   0.0001689213023503
17833.4   0.0001678737345920
17834.3   0.0001641106279795
17835.2   0.0001587129492808
17836.1   0.0001556220357681
17837.0   0.0001575466648842
17837.9   0.0001633256134476
17838.8   0.0001701707674977
17839.7   0.0001759366657140
17840.6   0.0001772153670752
17841.5   0.0001708703856550
17842.4   0.0001607432446881
17843.3   0.0001541658554128
17844.2   0.0001525321817460
17845.1   0.0001528152983965
17846.0   0.0001540627984751
17846.9   0.0001570969791293
17847.8   0.0001613385781872
17848.7   0.0001655553722791
17849.6   0.0001689707726870
17850.5   0.0001709667885621
17851.4   0.0001712920879721
17852.3   0.0001701854070807
17853.2   0.0001682205065835
17854.1   0.0001664096581682
17855.0   0.0001658996601947
17855.9   0.0001667496830658
17856.8   0.0001679727217972
17857.7   0.0001687425061516
17858.6   0.0001687622427436
17859.5   0.0001681691892969
17860.4   0.0001674524582188
17861.3   0.0001672411399537
17862.2   0.0001679657957353
17863.1   0.0001692337625953
17864.0   0.0001694604685297
17864.9   0.0001675311218170
17865.8   0.0001651789309712
17866.7   0.0001651093804240
17867.6   0.0001671074329550
17868.5   0.0001688329887971
17869.4   0.0001691546587358
17870.3   0.0001686500691755
17871.2   0.0001681314628409
17872.1   0.0001679433101948
17873.0   0.0001680260864778
17873.9   0.0001679646897130
17874.8   0.0001674070397177
17875.7   0.0001666298890400
17876.6   0.0001662357191613
17877.5   0.0001662988340190
17878.4   0.0001663713053241
17879.3   0.0001663259082992
17880.2   0.0001665309304697
17881.1   0.0001667945324486
17882.0   0.0001662970980293
17882.9   0.0001652141375578
17883.8   0.0001647315753799
17884.7   0.0001652958149772
17885.6   0.0001662455838779
17886.5   0.0001666144906326
17887.4   0.0001656202696582
17888.3   0.0001635167477007
17889.2   0.0001620862743101
17890.1   0.0001628136969371
17891.0   0.0001649465768065
17891.9   0.0001665801824655
17892.8   0.0001667976858649
17893.7   0.0001662141320402
17894.6   0.0001660551153858
17895.5   0.0001669293383109
17896.4   0.0001682716806957
17897.3   0.0001689485377017
17898.2   0.0001686183989969
17899.1   0.0001683347311249
17900.0   0.0001689893531456
17900.9   0.0001693167393225
17901.8   0.0001672789881080
17902.7   0.0001634971113309
17903.6   0.0001611557945813
17904.5   0.0001622132807466
17905.4   0.0001655747867286
17906.3   0.0001686622390001
17907.2   0.0001692444398267
17908.1   0.0001672051781222
17909.0   0.0001650702902317
17909.9   0.0001651462263575
17910.8   0.0001670418376007
17911.7   0.0001689204934149
17912.6   0.0001696167004419
17913.5   0.0001692667678754
17914.4   0.0001686610971842
17915.3   0.0001680193322252
17916.2   0.0001667874166806
17917.1   0.0001649583350046
17918.0   0.0001640002154567
17918.9   0.0001654058409291
17919.8   0.0001680493809537
17920.7   0.0001687227266074
17921.6   0.0001665113477903
17922.5   0.0001639957698914
17923.4   0.0001631635865513
17924.3   0.0001634289316786
17925.2   0.0001640266168173
17926.1   0.0001654940327841
17927.0   0.0001672333047343
17927.9   0.0001660573274303
17928.8   0.0001610672984808
17929.7   0.0001573320464491
17930.6   0.0001596531827661
17931.5   0.0001652606370256
17932.4   0.0001674270053887
17933.3   0.0001647915869323
17934.2   0.0001620748668893
17935.1   0.0001615364094232
17936.0   0.0001598938553638
17936.9   0.0001547055012265
17937.8   0.0001491775875084
17938.7   0.0001482081858173
17939.6   0.0001520867411123
17940.5   0.0001569852887750
17941.4   0.0001596829988362
17942.3   0.0001604533845231
17943.2   0.0001618559138490
17944.1   0.0001652022612407
17945.0   0.0001683341083163
17945.9   0.0001678221953851
17946.8   0.0001639982861816
17947.7   0.0001610314404507
17948.6   0.0001612014314233
17949.5   0.0001626212633762
17950.4   0.0001631747684724
17951.3   0.0001634065678363
17952.2   0.0001645515049290
17953.1   0.0001654402171041
17954.0   0.0001635699692069
17954.9   0.0001593895986840
17955.8   0.0001564360395380
17956.7   0.0001564202080280
17957.6   0.0001579356160558
17958.5   0.0001599814959973
17959.4   0.0001629524078813
17960.3   0.0001671232966792
17961.2   0.0001715201003729
17962.1   0.0001734218967505
17963.0   0.0001701704525140
17963.9   0.0001632309859031
17964.8   0.0001579828564512
17965.7   0.0001571836068039
17966.6   0.0001588731650209
17967.5   0.0001604484629029
17968.4   0.0001610622301068
17969.3   0.0001611257923845
17970.2   0.0001611359649260
17971.1   0.0001614345336743
17972.0   0.0001625421845722
17972.9   0.0001645065052131
17973.8   0.0001658906366277
17974.7   0.0001651104005416
17975.6   0.0001629029983937
17976.5   0.0001612424294146
17977.4   0.0001602768934324
17978.3   0.0001588949454275
17979.2   0.0001575039452207
17980.1   0.0001570793006695
17981.0   0.0001572110604963
17981.9   0.0001576563114239
17982.8   0.0001589434815512
17983.7   0.0001602979400702
17984.6   0.0001598389193440
17985.5   0.0001576317856481
17986.4   0.0001562687903552
17987.3   0.0001576498649963
17988.2   0.0001612488078344
17989.1   0.0001657255601166
17990.0   0.0001693854630376
17990.9   0.0001698166971908
17991.8   0.0001660890512994
17992.7   0.0001612498136346
17993.6   0.0001599567304043
17994.5   0.0001629557653211
17995.4   0.0001670817904188
17996.3   0.0001693900088250
17997.2   0.0001685670101231
17998.1   0.0001649092011278
17999.0   0.0001610282369233
17999.9   0.0001602003058631
18000.8   0.0001627442072390
18001.7   0.0001662378775155
18002.6   0.0001687088243725
18003.5   0.0001698224993336
18004.4   0.0001693110195050
18005.3   0.0001665355371063
18006.2   0.0001627265251998
18007.1   0.0001605504639294
18008.0   0.0001607449377255
18008.9   0.0001616413956360
18009.8   0.0001617470332923
18010.7   0.0001610462053113
18011.6   0.0001600861314328
18012.5   0.0001588900989738
18013.4   0.0001574200020662
18014.3   0.0001566220481473
18015.2   0.0001575123495583
18016.1   0.0001594997928658
18017.0   0.0001610330511628
18017.9   0.0001617158248511
18018.8   0.0001617817029748
18019.7   0.0001608993226879
18020.6   0.0001592635908889
18021.5   0.0001577195121862
18022.4   0.0001569577849715
18023.3   0.0001574911848017
18024.2   0.0001588818127551
18025.1   0.0001595700270708
18026.0   0.0001587026013506
18026.9   0.0001570792505585
18027.8   0.0001559136211847
18028.7   0.0001557088030377
18029.6   0.0001566338958295
18030.5   0.0001584148601668
18031.4   0.0001598527929440
18032.3   0.0001603477647636
18033.2   0.0001602969020557
18034.1   0.0001599004950769
18035.0   0.0001595729549875
18035.9   0.0001596531147582
18036.8   0.0001595036299399
18037.7   0.0001584130525899
18038.6   0.0001566139802695
18039.5   0.0001551877018890
18040.4   0.0001552520444672
18041.3   0.0001567895299885
18042.2   0.0001586998595607
18043.1   0.0001601392348201
18044.0   0.0001609893471752
18044.9   0.0001615119552346
18045.8   0.0001619392592503
18046.7   0.0001623329244393
18047.6   0.0001624869371482
18048.5   0.0001619020947538
18049.4   0.0001605686256028
18050.3   0.0001590378871754
18051.2   0.0001579066948257
18052.1   0.0001576824514911
18053.0   0.0001573790398686
18053.9   0.0001548032284969
18054.8   0.0001502866701504
18055.7   0.0001473306985157
18056.6   0.0001490521380936
18057.5   0.0001554633269387
18058.4   0.0001630985531566
18059.3   0.0001676561667641
18060.2   0.0001681486688252
18061.1   0.0001666490815692
18062.0   0.0001648387951134
18062.9   0.0001631653404378
18063.8   0.0001611892723369
18064.7   0.0001579207330763
18065.6   0.0001540356275522
18066.5   0.0001531926560205
18067.4   0.0001580032051137
18068.3   0.0001645872877925
18069.2   0.0001668780568179
18070.1   0.0001654540942834
18071.0   0.0001638336893047
18071.9   0.0001616617514572
18072.8   0.0001586269909466
18073.7   0.0001569543022541
18074.6   0.0001573615797497
18075.5   0.0001582720401171
18076.4   0.0001585742669715
18077.3   0.0001586428940438
18078.2   0.0001593342438791
18079.1   0.0001608633000072
18080.0   0.0001619528429221
18080.9   0.0001608639908237
18081.8   0.0001580487345749
18082.7   0.0001564466272853
18083.6   0.0001584577337428
18084.5   0.0001625908173387
18085.4   0.0001650168181703
18086.3   0.0001644849860998
18087.2   0.0001625203397372
18088.1   0.0001605012978382
18089.0   0.0001589393831838
18089.9   0.0001578442385703
18090.8   0.0001571433211053
18091.7   0.0001569420035726
18092.6   0.0001573089237824
18093.5   0.0001579883543484
18094.4   0.0001585050564635
18095.3   0.0001587016886138
18096.2   0.0001587311932796
18097.1   0.0001587165357997
18098.0   0.0001586961012326
18098.9   0.0001586752156660
18099.8   0.0001586543122027
18100.7   0.0001586334051600
18101.6   0.0001586125016967
18102.5   0.0001585915982334
18103.4   0.0001585706911907
18104.3   0.0001585497877274
18105.2   0.0001585288842640
18106.1   0.0001585079772214
18107.0   0.0001584870737580
18107.9   0.0001584661702947
18108.8   0.0001584452632520
18109.7   0.0001584243597887
18110.6   0.0001584034527460
18111.5   0.0001583825492827
18112.4   0.0001583616458193
18113.3   0.0001583407387767
18114.2   0.0001583198353133
18115.1   0.0001582989318500
18116.0   0.0001582780248073
18116.9   0.0001582571213440
18117.8   0.0001582362178807
18118.7   0.0001582153108380
18119.6   0.0001581944073746
18120.5   0.0001581735039113
18121.4   0.0001581525968686
18122.3   0.0001581316934053
18123.2   0.0001581107899420
18124.1   0.0001580898828993
18125.0   0.0001580689794360
18125.9   0.0001580480759726
18126.8   0.0001580271689300
18127.7   0.0001580062654666
18128.6   0.0001579853584239
18129.5   0.0001579644549606
18130.4   0.0001579435514973
18131.3   0.0001579226444546
18132.2   0.0001579017409913
18133.1   0.0001578808375279
18134.0   0.0001578599304853
18134.9   0.0001578390270219
18135.8   0.0001578181235586
18136.7   0.0001577972165159
18137.6   0.0001577763130526
18138.5   0.0001577554095893
18139.4   0.0001577345025466
18140.3   0.0001577135990833
18141.2   0.0001576926956199
18142.1   0.0001576717885772
18143.0   0.0001576508851139
18143.9   0.0001576299816506
18144.8   0.0001576090746079
18145.7   0.0001575881711446
18146.6   0.0001575672641019
18147.5   0.0001575463606386
18148.4   0.0001575254571752
18149.3   0.0001575045501325
18150.2   0.0001574836466692
18151.1   0.0001574627432059
18152.0   0.0001574418361632
18152.9   0.0001574209326999
18153.8   0.0001574000292365
18154.7   0.0001573791221939
18155.6   0.0001573582187305
18156.5   0.0001573373152672
18157.4   0.0001573164082245
18158.3   0.0001572955047612
18159.2   0.0001572746012979
18160.1   0.0001572536942552
18161.0   0.0001572327907919
18161.9   0.0001572118873285
18162.8   0.0001571909802858
18163.7   0.0001571700768225
18164.6   0.0001571491697798
18165.5   0.0001571282663165
18166.4   0.0001571073628532
18167.3   0.0001570864558105
18168.2   0.0001570655523472
18169.1   0.0001570446488838
18170.0   0.0001570237418411
18170.9   0.0001570028383778
18171.8   0.0001569819349145
18172.7   0.0001569610278718
18173.6   0.0001569401244085
18174.5   0.0001569192209451
18175.4   0.0001568983139025
18176.3   0.0001568774104391
18177.2   0.0001568565069758
18178.1   0.0001568355999331
18179.0   0.0001568146964698
18179.9   0.0001567937894271
18180.8   0.0001567728859638
18181.7   0.0001567519825005
18182.6   0.0001567310754578
18183.5   0.0001567101719944
18184.4   0.0001566892685311
18185.3   0.0001566683614884
18186.2   0.0001566474580251
18187.1   0.0001566265545618
18188.0   0.0001566056475191
18188.9   0.0001565847440558
18189.8   0.0001565638405924
18190.7   0.0001565429335497
18191.6   0.0001565220300864
18192.5   0.0001565011266231
18193.4   0.0001564802195804
18194.3   0.0001564593161171
18195.2   0.0001564384126537
18196.1   0.0001564175056111
18197.0   0.0001563966021477
18197.9   0.0001563756951050
18198.8   0.0001563547916417
18199.7   0.0001563338881784
18200.6   0.0001563129811357
18201.5   0.0001562920776724
18202.4   0.0001562711742091
18203.3   0.0001562502671664
18204.2   0.0001562293637030
18205.1   0.0001562084602397
18206.0   0.0001561875531970
18206.9   0.0001561666497337
18207.8   0.0001561457462704
18208.7   0.0001561248392277
18209.6   0.0001561039357644
18210.5   0.0001560830323010
18211.4   0.0001560621252583
18212.3   0.0001560412217950
18213.2   0.0001560203183317
18214.1   0.0001559994112890
18215.0   0.0001559785078257
18215.9   0.0001559576007830
18216.8   0.0001559366973197
18217.7   0.0001559157938563
18218.6   0.0001558948868136
18219.5   0.0001558739833503
18220.4   0.0001558530798870
18221.3   0.0001558321728443
18222.2   0.0001558112693810
18223.1   0.0001557903659177
18224.0   0.0001557694588750
18224.9   0.0001557485554116
18225.8   0.0001557276519483
18226.7   0.0001557067449056
18227.6   0.0001556858414423
18228.5   0.0001556649379790
18229.4   0.0001556440309363
18230.3   0.0001556231274730
18231.2   0.0001556022240096
18232.1   0.0001555813169669
18233.0   0.0001555604135036
18233.9   0.0001555395064609
18234.8   0.0001555186029976
18235.7   0.0001554976995343
18236.6   0.0001554767924916
18237.5   0.0001554558890283
18238.4   0.0001554349855649
18239.3   0.0001554140785222
18240.2   0.0001553931750589
18241.1   0.0001553722715956
18242.0   0.0001553513645529
18242.9   0.0001553304610896
18243.8   0.0001553095576263
18244.7   0.0001552886505836
18245.6   0.0001552677471202
18246.5   0.0001552468436569
18247.4   0.0001552259366142
18248.3   0.0001552050331509
18249.2   0.0001551841296876
18250.1   0.0001551632226449
18251.0   0.0001551423191816
18251.9   0.0001551214121389
18252.8   0.0001551005086755
18253.7   0.0001550796052122
18254.6   0.0001550586981695
18255.5   0.0001550377947062
18256.4   0.0001550168912429
18257.3   0.0001549959842002
18258.2   0.0001549750807369
18259.1   0.0001549541772735
18260.0   0.0001549332702308
18260.9   0.0001549123667675
18261.8   0.0001548914633042
18262.7   0.0001548705562615
18263.6   0.0001548496527982
18264.5   0.0001548287493349
18265.4   0.0001548078422922
18266.3   0.0001547869388288
18267.2   0.0001547660353655
18268.1   0.0001547451283228
18269.0   0.0001547242248595
18269.9   0.0001547033178168
18270.8   0.0001546824143535
18271.7   0.0001546615108902
18272.6   0.0001546406038475
18273.5   0.0001546197003841
18274.4   0.0001545987969208
18275.3   0.0001545778898781
18276.2   0.0001545569864148
18277.1   0.0001545360829515
18278.0   0.0001545151759088
18278.9   0.0001544942724455
18279.8   0.0001544733689821
18280.7   0.0001544524619394
18281.6   0.0001544315584761
18282.5   0.0001544106550128
18283.4   0.0001543897479701
18284.3   0.0001543688445068
18285.2   0.0001543479374641
18286.1   0.0001543270340008
18287.0   0.0001543061305374
18287.9   0.0001542852234948
18288.8   0.0001542643200314
18289.7   0.0001542434165681
18290.6   0.0001542225095254
18291.5   0.0001542016060621
18292.4   0.0001541807025988
18293.3   0.0001541597955561
18294.2   0.0001541388920927
18295.1   0.0001541179886294
18296.0   0.0001540970815867
18296.9   0.0001540761781234
18297.8   0.0001540552746601
18298.7   0.0001540343676174
18299.6   0.0001540134641541
18300.5   0.0001539925606907
18301.4   0.0001539716536480
18302.3   0.0001539507501847
18303.2   0.0001539298431420
18304.1   0.0001539089396787
18305.0   0.0001538880362154
18305.9   0.0001538671291727
18306.8   0.0001538462257094
18307.7   0.0001538253222460
18308.6   0.0001538044152034
18309.5   0.0001537835117400
18310.4   0.0001537626082767
18311.3   0.0001537417012340
18312.2   0.0001537207977707
18313.1   0.0001536998943074
18314.0   0.0001536789872647
18314.9   0.0001536580838013
18315.8   0.0001536371803380
18316.7   0.0001536162732953
18317.6   0.0001535953698320
18318.5   0.0001535744663687
18319.4   0.0001535535593260
18320.3   0.0001535326558627
18321.2   0.0001535117488200
18322.1   0.0001534908453566
18323.0   0.0001534699418933
18323.9   0.0001534490348506
18324.8   0.0001534281313873
18325.7   0.0001534072279240
18326.6   0.0001533863208813
18327.5   0.0001533654174180
18328.4   0.0001533445139546
18329.3   0.0001533236069120
18330.2   0.0001533027034486
18331.1   0.0001532817999853
18332.0   0.0001532608929426
18332.9   0.0001532399894793
18333.8   0.0001532190860160
18334.7   0.0001531981789733
18335.6   0.0001531772755099
18336.5   0.0001531563720466
18337.4   0.0001531354650039
18338.3   0.0001531145615406
18339.2   0.0001530936544979
18340.1   0.0001530727510346
18341.0   0.0001530518475713
18341.9   0.0001530309405286
18342.8   0.0001530100370652
18343.7   0.0001529891336019
18344.6   0.0001529682265592
18345.5   0.0001529473230959
18346.4   0.0001529264196326
18347.3   0.0001529055125899
18348.2   0.0001528846091266
18349.1   0.0001528637056632
18350.0   0.0001528427986206
18350.9   0.0001528218951572
18351.8   0.0001528009916939
18352.7   0.0001527800846512
18353.6   0.0001527591811879
18354.5   0.0001527382777246
18355.4   0.0001527173706819
18356.3   0.0001526964672185
18357.2   0.0001526755601759
18358.1   0.0001526546567125
18359.0   0.0001526337532492
18359.9   0.0001526128462065
18360.8   0.0001525919427432
18361.7   0.0001525710392799
18362.6   0.0001525501322372
18363.5   0.0001525292287739
18364.4   0.0001525083253105
18365.3   0.0001524874182678
18366.2   0.0001524665148045
18367.1   0.0001524456113412
18368.0   0.0001524247042985
18368.9   0.0001524038008352
18369.8   0.0001523828973718
18370.7   0.0001523619903292
18371.6   0.0001523410868658
18372.5   0.0001523201834025
18373.4   0.0001522992763598
18374.3   0.0001522783728965
18375.2   0.0001522574658538
18376.1   0.0001522365623905
18377.0   0.0001522156589271
18377.9   0.0001521947518845
18378.8   0.0001521738484211
18379.7   0.0001521529449578
18380.6   0.0001521320379151
18381.5   0.0001521111344518
18382.4   0.0001520902309885
18383.3   0.0001520693239458
18384.2   0.0001520484204825
18385.1   0.0001520275170191
18386.0   0.0001520066099764
18386.9   0.0001519857065131
18387.8   0.0001519648030498
18388.7   0.0001519438960071
18389.6   0.0001519229925438
18390.5   0.0001519020855011
18391.4   0.0001518811820378
18392.3   0.0001518602785744
18393.2   0.0001518393715317
18394.1   0.0001518184680684
18395.0   0.0001517975646051
18395.9   0.0001517766575624
18396.8   0.0001517557540991
18397.7   0.0001517348506357
18398.6   0.0001517139435931
18399.5   0.0001516930401297
18400.4   0.0001516721366664
18401.3   0.0001516512296237
18402.2   0.0001516303261604
18403.1   0.0001516094226971
18404.0   0.0001515885156544
18404.9   0.0001515676121911
18405.8   0.0001515467087277
18406.7   0.0001515258016850
18407.6   0.0001515048982217
18408.5   0.0001514839911790
18409.4   0.0001514630877157
18410.3   0.0001514421842524
18411.2   0.0001514212772097
18412.1   0.0001514003737464
18413.0   0.0001513794702830
18413.9   0.0001513585632403
18414.8   0.0001513376597770
18415.7   0.0001513167563137
18416.6   0.0001512958492710
18417.5   0.0001512749458077
18418.4   0.0001512540423443
18419.3   0.0001512331353017
18420.2   0.0001512122318383
18421.1   0.0001511913283750
18422.0   0.0001511704213323
18422.9   0.0001511495178690
18423.8   0.0001511286144057
18424.7   0.0001511077073630
18425.6   0.0001510868038997
18426.5   0.0001510658968570
18427.4   0.0001510449933936
18428.3   0.0001510240899303
18429.2   0.0001510031828876
18430.1   0.0001509822794243
18431.0   0.0001509613759610
18431.9   0.0001509404689183
18432.8   0.0001509195654550
18433.7   0.0001508986619916
18434.6   0.0001508777549489
18435.5   0.0001508568514856
18436.4   0.0001508359480223
18437.3   0.0001508150409796
18438.2   0.0001507941375163
18439.1   0.0001507732340529
18440.0   0.0001507523270103
18440.9   0.0001507314235469
18441.8   0.0001507105200836
18442.7   0.0001506896130409
18443.6   0.0001506687095776
18444.5   0.0001506478025349
18445.4   0.0001506268990716
18446.3   0.0001506059956083
18447.2   0.0001505850885656
18448.1   0.0001505641851022
18449.0   0.0001505432816389
18449.9   0.0001505223745962
18450.8   0.0001505014711329
18451.7   0.0001504805676696
18452.6   0.0001504596606269
18453.5   0.0001504387571636
18454.4   0.0001504178537002
18455.3   0.0001503969466575
18456.2   0.0001503760431942
18457.1   0.0001503551397309
18458.0   0.0001503342326882
18458.9   0.0001503133292249
18459.8   0.0001502924257615
18460.7   0.0001502715187189
18461.6   0.0001502506152555
18462.5   0.0001502297082128
18463.4   0.0001502088047495
18464.3   0.0001501879012862
18465.2   0.0001501669942435
18466.1   0.0001501460907802
18467.0   0.0001501251873169
18467.9   0.0001501042802742
18468.8   0.0001500833768108
18469.7   0.0001500624733475
18470.6   0.0001500415663048
18471.5   0.0001500206628415
18472.4   0.0001499997593782
18473.3   0.0001499788523355
18474.2   0.0001499579488722
18475.1   0.0001499370454088
18476.0   0.0001499161383661
18476.9   0.0001498952349028
18477.8   0.0001498743314395
18478.7   0.0001498534243968
18479.6   0.0001498325209335
18480.5   0.0001498116138908
18481.4   0.0001497907104275
18482.3   0.0001497698069641
18483.2   0.0001497488999214
18484.1   0.0001497279964581
18485.0   0.0001497070929948
18485.9   0.0001496861859521
18486.8   0.0001496652824888
18487.7   0.0001496443790255
18488.6   0.0001496234719828
18489.5   0.0001496025685194
18490.4   0.0001495816650561
18491.3   0.0001495607580134
18492.2   0.0001495398545501
18493.1   0.0001495189510868
18494.0   0.0001494980440441
18494.9   0.0001494771405808
18495.8   0.0001494562335381
18496.7   0.0001494353300747
18497.6   0.0001494144266114
18498.5   0.0001493935195687
18499.4   0.0001493726161054
18500.3   0.0001493517126421
18501.2   0.0001493308055994
18502.1   0.0001493099021361
18503.0   0.0001492889986727
18503.9   0.0001492680916300
18504.8   0.0001492471881667
18505.7   0.0001492262847034
18506.6   0.0001492053776607
18507.5   0.0001491844741974
18508.4   0.0001491635707341
18509.3   0.0001491426636914
18510.2   0.0001491217602280
18511.1   0.0001491008567647
18512.0   0.0001490799497220
18512.9   0.0001490590462587
18513.8   0.0001490381392160
18514.7   0.0001490172357527
18515.6   0.0001489963322894
18516.5   0.0001489754252467
18517.4   0.0001489545217833
18518.3   0.0001489336183200
18519.2   0.0001489127112773
18520.1   0.0001488918078140
18521.0   0.0001488709043507
18521.9   0.0001488499973080
18522.8   0.0001488290938447
18523.7   0.0001488081903813
18524.6   0.0001487872833386
18525.5   0.0001487663798753
18526.4   0.0001487454764120
18527.3   0.0001487245693693
18528.2   0.0001487036659060
18529.1   0.0001486827624427
18530.0   0.0001486618554000
18530.9   0.0001486409519366
18531.8   0.0001486200448940
18532.7   0.0001485991414306
18533.6   0.0001485782379673
18534.5   0.0001485573309246
18535.4   0.0001485364274613
18536.3   0.0001485155239980
18537.2   0.0001484946169553
18538.1   0.0001484737134919
18539.0   0.0001484528100286
18539.9   0.0001484319029859
18540.8   0.0001484109995226
18541.7   0.0001483900960593
18542.6   0.0001483691890166
18543.5   0.0001483482855533
18544.4   0.0001483273820899
18545.3   0.0001483064750472
18546.2   0.0001482855715839
18547.1   0.0001482646681206
18548.0   0.0001482437610779
18548.9   0.0001482228576146
18549.8   0.0001482019505719
18550.7   0.0001481810471086
18551.6   0.0001481601436452
18552.5   0.0001481392366026
18553.4   0.0001481183331392
18554.3   0.0001480974296759
18555.2   0.0001480765226332
18556.1   0.0001480556191699
18557.0   0.0001480347157066
18557.9   0.0001480138086639
18558.8   0.0001479929052005
18559.7   0.0001479720017372
18560.6   0.0001479510946945
18561.5   0.0001479301912312
18562.4   0.0001479092877679
18563.3   0.0001478883807252
18564.2   0.0001478674772619
18565.1   0.0001478465737985
18566.0   0.0001478256667559
18566.9   0.0001478047632925
18567.8   0.0001477838562498
18568.7   0.0001477629527865
18569.6   0.0001477420493232
18570.5   0.0001477211422805
18571.4   0.0001477002388172
18572.3   0.0001476793353538
18573.2   0.0001476584283112
18574.1   0.0001476375248478
18575.0   0.0001476166213845
18575.9   0.0001475957143418
18576.8   0.0001475748108785
18577.7   0.0001475539074152
18578.6   0.0001475330003725
18579.5   0.0001475120969091
18580.4   0.0001474911934458
18581.3   0.0001474702864031
18582.2   0.0001474493829398
18583.1   0.0001474284794765
18584.0   0.0001474075724338
18584.9   0.0001473866689705
18585.8   0.0001473657619278
18586.7   0.0001473448584645
18587.6   0.0001473239550011
18588.5   0.0001473030479584
18589.4   0.0001472821444951
18590.3   0.0001472612410318
18591.2   0.0001472403339891
18592.1   0.0001472194305258
18593.0   0.0001471985270624
18593.9   0.0001471776200198
18594.8   0.0001471567165564
18595.7   0.0001471358130931
18596.6   0.0001471149060504
18597.5   0.0001470940025871
18598.4   0.0001470730991238
18599.3   0.0001470521920811
18600.2   0.0001470312886177
18601.1   0.0001470103815751
18602.0   0.0001469894781117
18602.9   0.0001469685746484
18603.8   0.0001469476676057
18604.7   0.0001469267641424
18605.6   0.0001469058606791
18606.5   0.0001468849536364
18607.4   0.0001468640501731
18608.3   0.0001468431467097
18609.2   0.0001468222396670
18610.1   0.0001468013362037
18611.0   0.0001467804327404
18611.9   0.0001467595256977
18612.8   0.0001467386222344
18613.7   0.0001467177187710
18614.6   0.0001466968117284
18615.5   0.0001466759082650
18616.4   0.0001466550048017
18617.3   0.0001466340977590
18618.2   0.0001466131942957
18619.1   0.0001465922872530
18620.0   0.0001465713837897
18620.9   0.0001465504803263
18621.8   0.0001465295732837
18622.7   0.0001465086698203
18623.6   0.0001464877663570
18624.5   0.0001464668593143
18625.4   0.0001464459558510
18626.3   0.0001464250523877
18627.2   0.0001464041453450
18628.1   0.0001463832418817
18629.0   0.0001463623384183
18629.9   0.0001463414313756
18630.8   0.0001463205279123
18631.7   0.0001462996244490
18632.6   0.0001462787174063
18633.5   0.0001462578139430
18634.4   0.0001462369104796
18635.3   0.0001462160034370
18636.2   0.0001461950999736
18637.1   0.0001461741929309
18638.0   0.0001461532894676
18638.9   0.0001461323860043
18639.8   0.0001461114789616
18640.7   0.0001460905754983
18641.6   0.0001460696720349
18642.5   0.0001460487649923
18643.4   0.0001460278615289
18644.3   0.0001460069580656
18645.2   0.0001459860510229
18646.1   0.0001459651475596
18647.0   0.0001459442440963
18647.9   0.0001459233370536
18648.8   0.0001459024335903
18649.7   0.0001458815301269
18650.6   0.0001458606230842
18651.5   0.0001458397196209
18652.4   0.0001458188161576
18653.3   0.0001457979091149
18654.2   0.0001457770056516
18655.1   0.0001457560986089
18656.0   0.0001457351951456
18656.9   0.0001457142916822
18657.8   0.0001456933846395
18658.7   0.0001456724811762
18659.6   0.0001456515777129
18660.5   0.0001456306706702
18661.4   0.0001456097672069
18662.3   0.0001455888637435
18663.2   0.0001455679567009
18664.1   0.0001455470532375
18665.0   0.0001455261497742
18665.9   0.0001455052427315
18666.8   0.0001454843392682
18667.7   0.0001454634358049
18668.6   0.0001454425287622
18669.5   0.0001454216252989
18670.4   0.0001454007218355
18671.3   0.0001453798147928
18672.2   0.0001453589113295
18673.1   0.0001453380042868
18674.0   0.0001453171008235
18674.9   0.0001452961973602
18675.8   0.0001452752903175
18676.7   0.0001452543868542
18677.6   0.0001452334833908
18678.5   0.0001452125763481
18679.4   0.0001451916728848
18680.3   0.0001451707694215
18681.2   0.0001451498623788
18682.1   0.0001451289589155
18683.0   0.0001451080554521
18683.9   0.0001450871484095
18684.8   0.0001450662449461
18685.7   0.0001450453414828
18686.6   0.0001450244344401
18687.5   0.0001450035309768
18688.4   0.0001449826275135
18689.3   0.0001449617204708
18690.2   0.0001449408170075
18691.1   0.0001449199099648
18692.0   0.0001448990065014
18692.9   0.0001448781030381
18693.8   0.0001448571959954
18694.7   0.0001448362925321
18695.6   0.0001448153890688
18696.5   0.0001447944820261
18697.4   0.0001447735785628
18698.3   0.0001447526750994
18699.2   0.0001447317680567
18700.1   0.0001447108645934
18701.0   0.0001446899611301
18701.9   0.0001446690540874
18702.8   0.0001446481506241
18703.7   0.0001446272471607
18704.6   0.0001446063401181
18705.5   0.0001445854366547
18706.4   0.0001445645296120
18707.3   0.0001445436261487
18708.2   0.0001445227226854
18709.1   0.0001445018156427
18710.0   0.0001444809121794
18710.9   0.0001444600087161
18711.8   0.0001444391016734
18712.7   0.0001444181982100
18713.6   0.0001443972947467
18714.5   0.0001443763877040
18715.4   0.0001443554842407
18716.3   0.0001443345807774
18717.2   0.0001443136737347
18718.1   0.0001442927702714
18719.0   0.0001442718668080
18719.9   0.0001442509597653
18720.8   0.0001442300563020
18721.7   0.0001442091528387
18722.6   0.0001441882457960
18723.5   0.0001441673423327
18724.4   0.0001441464352900
18725.3   0.0001441255318267
18726.2   0.0001441046283633
18727.1   0.0001440837213206
18728.0   0.0001440628178573
18728.9   0.0001440419143940
18729.8   0.0001440210073513
18730.7   0.0001440001038880
18731.6   0.0001439792004247
18732.5   0.0001439582933820
18733.4   0.0001439373899186
18734.3   0.0001439164864553
18735.2   0.0001438955794126
18736.1   0.0001438746759493
18737.0   0.0001438537724860
18737.9   0.0001438328654433
18738.8   0.0001438119619800
18739.7   0.0001437910585166
18740.6   0.0001437701514739
18741.5   0.0001437492480106
18742.4   0.0001437283409679
18743.3   0.0001437074375046
18744.2   0.0001436865340413
18745.1   0.0001436656269986
18746.0   0.0001436447235353
18746.9   0.0001436238200719
18747.8   0.0001436029130292
18748.7   0.0001435820095659
18749.6   0.0001435611061026
18750.5   0.0001435401990599
18751.4   0.0001435192955966
18752.3   0.0001434983921333
18753.2   0.0001434774850906
18754.1   0.0001434565816272
18755.0   0.0001434356781639
18755.9   0.0001434147711212
18756.8   0.0001433938676579
18757.7   0.0001433729641946
18758.6   0.0001433520571519
18759.5   0.0001433311536886
18760.4   0.0001433102466459
18761.3   0.0001432893431825
18762.2   0.0001432684397192
18763.1   0.0001432475326765
18764.0   0.0001432266292132
18764.9   0.0001432057257499
18765.8   0.0001431848187072
18766.7   0.0001431639152439
18767.6   0.0001431430117805
18768.5   0.0001431221047378
18769.4   0.0001431012012745
18770.3   0.0001430802978112
18771.2   0.0001430593907685
18772.1   0.0001430384873052
18773.0   0.0001430175838419
18773.9   0.0001429966767992
18774.8   0.0001429757733358
18775.7   0.0001429548698725
18776.6   0.0001429339628298
18777.5   0.0001429130593665
18778.4   0.0001428921523238
18779.3   0.0001428712488605
18780.2   0.0001428503453972
18781.1   0.0001428294383545
18782.0   0.0001428085348911
18782.9   0.0001427876314278
18783.8   0.0001427667243851
18784.7   0.0001427458209218
18785.6   0.0001427249174585
18786.5   0.0001427040104158
18787.4   0.0001426831069525
18788.3   0.0001426622034891
18789.2   0.0001426412964465
18790.1   0.0001426203929831
18791.0   0.0001425994895198
18791.9   0.0001425785824771
18792.8   0.0001425576790138
18793.7   0.0001425367755505
18794.6   0.0001425158685078
18795.5   0.0001424949650444
18796.4   0.0001424740580018
18797.3   0.0001424531545384
18798.2   0.0001424322510751
18799.1   0.0001424113440324
18800.0   0.0001423904405691
18800.9   0.0001423695371058
18801.8   0.0001423486300631
18802.7   0.0001423277265997
18803.6   0.0001423068231364
18804.5   0.0001422859160937
18805.4   0.0001422650126304
18806.3   0.0001422441091671
18807.2   0.0001422232021244
18808.1   0.0001422022986611
18809.0   0.0001421813951977
18809.9   0.0001421604881551
18810.8   0.0001421395846917
18811.7   0.0001421186776490
18812.6   0.0001420977741857
18813.5   0.0001420768707224
18814.4   0.0001420559636797
18815.3   0.0001420350602164
18816.2   0.0001420141567530
18817.1   0.0001419932497104
18818.0   0.0001419723462470
18818.9   0.0001419514427837
18819.8   0.0001419305357410
18820.7   0.0001419096322777
18821.6   0.0001418887288144
18822.5   0.0001418678217717
18823.4   0.0001418469183083
18824.3   0.0001418260148450
18825.2   0.0001418051078023
18826.1   0.0001417842043390
18827.0   0.0001417633008757
18827.9   0.0001417423938330
18828.8   0.0001417214903697
18829.7   0.0001417005833270
18830.6   0.0001416796798637
18831.5   0.0001416587764003
18832.4   0.0001416378693576
18833.3   0.0001416169658943
18834.2   0.0001415960624310
18835.1   0.0001415751553883
18836.0   0.0001415542519250
18836.9   0.0001415333484616
18837.8   0.0001415124414190
18838.7   0.0001414915379556
18839.6   0.0001414706344923
18840.5   0.0001414497274496
18841.4   0.0001414288239863
18842.3   0.0001414079205230
18843.2   0.0001413870134803
18844.1   0.0001413661100169
18845.0   0.0001413452065536
18845.9   0.0001413242995109
18846.8   0.0001413033960476
18847.7   0.0001412824890049
18848.6   0.0001412615855416
18849.5   0.0001412406820783
18850.4   0.0001412197750356
18851.3   0.0001411988715723
18852.2   0.0001411779681089
18853.1   0.0001411570610662
18854.0   0.0001411361576029
18854.9   0.0001411152541396
18855.8   0.0001410943470969
18856.7   0.0001410734436336
18857.6   0.0001410525401702
18858.5   0.0001410316331276
18859.4   0.0001410107296642
18860.3   0.0001409898262009
18861.2   0.0001409689191582
18862.1   0.0001409480156949
18863.0   0.0001409271122316
18863.9   0.0001409062051889
18864.8   0.0001408853017255
18865.7   0.0001408643946829
18866.6   0.0001408434912195
18867.5   0.0001408225877562
18868.4   0.0001408016807135
18869.3   0.0001407807772502
18870.2   0.0001407598737869
18871.1   0.0001407389667442
18872.0   0.0001407180632809
18872.9   0.0001406971598175
18873.8   0.0001406762527748
18874.7   0.0001406553493115
18875.6   0.0001406344458482
18876.5   0.0001406135388055
18877.4   0.0001405926353422
18878.3   0.0001405717318788
18879.2   0.0001405508248362
18880.1   0.0001405299213728
18881.0   0.0001405090179095
18881.9   0.0001404881108668
18882.8   0.0001404672074035
18883.7   0.0001404463003608
18884.6   0.0001404253968975
18885.5   0.0001404044934341
18886.4   0.0001403835863915
18887.3   0.0001403626829281
18888.2   0.0001403417794648
18889.1   0.0001403208724221
18890.0   0.0001402999689588
18890.9   0.0001402790654955
18891.8   0.0001402581584528
18892.7   0.0001402372549895
18893.6   0.0001402163515261
18894.5   0.0001401954444834
18895.4   0.0001401745410201
18896.3   0.0001401536375568
18897.2   0.0001401327305141
18898.1   0.0001401118270508
18899.0   0.0001400909235874
18899.9   0.0001400700165448
18900.8   0.0001400491130814
18901.7   0.0001400282060387
18902.6   0.0001400073025754
18903.5   0.0001399863991121
18904.4   0.0001399654920694
18905.3   0.0001399445886061
18906.2   0.0001399236851427
18907.1   0.0001399027781001
18908.0   0.0001398818746367
18908.9   0.0001398609711734
18909.8   0.0001398400641307
18910.7   0.0001398191606674
18911.6   0.0001397982572041
18912.5   0.0001397773501614
18913.4   0.0001397564466981
18914.3   0.0001397355432347
18915.2   0.0001397146361920
18916.1   0.0001396937327287
18917.0   0.0001396728256860
18917.9   0.0001396519222227
18918.8   0.0001396310187594
18919.7   0.0001396101117167
18920.6   0.0001395892082534
18921.5   0.0001395683047900
18922.4   0.0001395473977473
18923.3   0.0001395264942840
18924.2   0.0001395055908207
18925.1   0.0001394846837780
18926.0   0.0001394637803147
18926.9   0.0001394428768513
18927.8   0.0001394219698087
18928.7   0.0001394010663453
18929.6   0.0001393801628820
18930.5   0.0001393592558393
18931.4   0.0001393383523760
18932.3   0.0001393174489127
18933.2   0.0001392965418700
18934.1   0.0001392756384067
18935.0   0.0001392547313640
18935.9   0.0001392338279006
18936.8   0.0001392129244373
18937.7   0.0001391920173946
18938.6   0.0001391711139313
18939.5   0.0001391502104680
18940.4   0.0001391293034253
18941.3   0.0001391083999620
18942.2   0.0001390874964986
18943.1   0.0001390665894559
18944.0   0.0001390456859926
18944.9   0.0001390247825293
18945.8   0.0001390038754866
18946.7   0.0001389829720233
18947.6   0.0001389620685599
18948.5   0.0001389411615173
18949.4   0.0001389202580539
18950.3   0.0001388993545906
18951.2   0.0001388784475479
18952.1   0.0001388575440846
18953.0   0.0001388366370419
18953.9   0.0001388157335786
18954.8   0.0001387948301153
18955.7   0.0001387739230726
18956.6   0.0001387530196092
18957.5   0.0001387321161459
18958.4   0.0001387112091032
18959.3   0.0001386903056399
18960.2   0.0001386694021766
18961.1   0.0001386484951339
18962.0   0.0001386275916706
18962.9   0.0001386066882072
18963.8   0.0001385857811645
18964.7   0.0001385648777012
18965.6   0.0001385439742379
18966.5   0.0001385230671952
18967.4   0.0001385021637319
18968.3   0.0001384812602686
18969.2   0.0001384603532259
18970.1   0.0001384394497625
18971.0   0.0001384185427198
18971.9   0.0001383976392565
18972.8   0.0001383767357932
18973.7   0.0001383558287505
18974.6   0.0001383349252872
18975.5   0.0001383140218239
18976.4   0.0001382931147812
18977.3   0.0001382722113178
18978.2   0.0001382513078545
18979.1   0.0001382304008118
18980.0   0.0001382094973485
18980.9   0.0001381885938852
18981.8   0.0001381676868425
18982.7   0.0001381467833792
18983.6   0.0001381258799158
18984.5   0.0001381049728731
18985.4   0.0001380840694098
18986.3   0.0001380631659465
18987.2   0.0001380422589038
18988.1   0.0001380213554405
18989.0   0.0001380004483978
18989.9   0.0001379795449345
18990.8   0.0001379586414711
18991.7   0.0001379377344284
18992.6   0.0001379168309651
18993.5   0.0001378959275018
18994.4   0.0001378750204591
18995.3   0.0001378541169958
18996.2   0.0001378332135325
18997.1   0.0001378123064898
18998.0   0.0001377914030264
18998.9   0.0001377704995631
18999.8   0.0001377495925204
19000.7   0.0001377286890571
19001.6   0.0001377077855938
19002.5   0.0001376868785511
19003.4   0.0001376659750878
19004.3   0.0001376450716244
19005.2   0.0001376241645817
19006.1   0.0001376032611184
19007.0   0.0001375823540757
19007.9   0.0001375614506124
19008.8   0.0001375405471491
19009.7   0.0001375196401064
19010.6   0.0001374987366431
19011.5   0.0001374778331797
19012.4   0.0001374569261371
19013.3   0.0001374360226737
19014.2   0.0001374151192104
19015.1   0.0001373942121677
19016.0   0.0001373733087044
19016.9   0.0001373524052411
19017.8   0.0001373314981984
19018.7   0.0001373105947350
19019.6   0.0001372896912717
19020.5   0.0001372687842290
19021.4   0.0001372478807657
19022.3   0.0001372269737230
19023.2   0.0001372060702597
19024.1   0.0001371851667964
19025.0   0.0001371642597537
19025.9   0.0001371433562903
19026.8   0.0001371224528270
19027.7   0.0001371015457843
19028.6   0.0001370806423210
19029.5   0.0001370597388577
19030.4   0.0001370388318150
19031.3   0.0001370179283517
19032.2   0.0001369970248883
19033.1   0.0001369761178457
19034.0   0.0001369552143823
19034.9   0.0001369343109190
19035.8   0.0001369134038763
19036.7   0.0001368925004130
19037.6   0.0001368715969497
19038.5   0.0001368506899070
19039.4   0.0001368297864436
19040.3   0.0001368088794010
19041.2   0.0001367879759376
19042.1   0.0001367670724743
19043.0   0.0001367461654316
19043.9   0.0001367252619683
19044.8   0.0001367043585050
19045.7   0.0001366834514623
19046.6   0.0001366625479989
19047.5   0.0001366416445356
19048.4   0.0001366207374929
19049.3   0.0001365998340296
19050.2   0.0001365789305663
19051.1   0.0001365580235236
19052.0   0.0001365371200603
19052.9   0.0001365162165969
19053.8   0.0001364953095543
19054.7   0.0001364744060909
19055.6   0.0001364535026276
19056.5   0.0001364325955849
19057.4   0.0001364116921216
19058.3   0.0001363907850789
19059.2   0.0001363698816156
19060.1   0.0001363489781522
19061.0   0.0001363280711096
19061.9   0.0001363071676462
19062.8   0.0001362862641829
19063.7   0.0001362653571402
19064.6   0.0001362444536769
19065.5   0.0001362235502136
19066.4   0.0001362026431709
19067.3   0.0001361817397075
19068.2   0.0001361608362442
19069.1   0.0001361399292015
19070.0   0.0001361190257382
19070.9   0.0001360981222749
19071.8   0.0001360772152322
19072.7   0.0001360563117689
19073.6   0.0001360354083055
19074.5   0.0001360145012629
19075.4   0.0001359935977995
19076.3   0.0001359726907568
19077.2   0.0001359517872935
19078.1   0.0001359308838302
19079.0   0.0001359099767875
19079.9   0.0001358890733242
19080.8   0.0001358681698608
19081.7   0.0001358472628182
19082.6   0.0001358263593548
19083.5   0.0001358054558915
19084.4   0.0001357845488488
19085.3   0.0001357636453855
19086.2   0.0001357427419222
19087.1   0.0001357218348795
19088.0   0.0001357009314161
19088.9   0.0001356800279528
19089.8   0.0001356591209101
19090.7   0.0001356382174468
19091.6   0.0001356173139835
19092.5   0.0001355964069408
19093.4   0.0001355755034775
19094.3   0.0001355545964348
19095.2   0.0001355336929715
19096.1   0.0001355127895081
19097.0   0.0001354918824654
19097.9   0.0001354709790021
19098.8   0.0001354500755388
19099.7   0.0001354291684961
19100.6   0.0001354082650328
19101.5   0.0001353873615694
19102.4   0.0001353664545268
19103.3   0.0001353455510634
19104.2   0.0001353246476001
19105.1   0.0001353037405574
19106.0   0.0001352828370941
19106.9   0.0001352619336308
19107.8   0.0001352410265881
19108.7   0.0001352201231247
19109.6   0.0001351992196614
19110.5   0.0001351783126187
19111.4   0.0001351574091554
19112.3   0.0001351365021127
19113.2   0.0001351155986494
19114.1   0.0001350946951861
19115.0   0.0001350737881434
19115.9   0.0001350528846801
19116.8   0.0001350319812167
19117.7   0.0001350110741740
19118.6   0.0001349901707107
19119.5   0.0001349692672474
19120.4   0.0001349483602047
19121.3   0.0001349274567414
19122.2   0.0001349065532780
19123.1   0.0001348856462354
19124.0   0.0001348647427720
19124.9   0.0001348438393087
19125.8   0.0001348229322660
19126.7   0.0001348020288027
19127.6   0.0001347811217600
19128.5   0.0001347602182967
19129.4   0.0001347393148333
19130.3   0.0001347184077907
19131.2   0.0001346975043273
19132.1   0.0001346766008640
19133.0   0.0001346556938213
19133.9   0.0001346347903580
19134.8   0.0001346138868947
19135.7   0.0001345929798520
19136.6   0.0001345720763887
19137.5   0.0001345511729253
19138.4   0.0001345302658826
19139.3   0.0001345093624193
19140.2   0.0001344884589560
19141.1   0.0001344675519133
19142.0   0.0001344466484500
19142.9   0.0001344257449866
19143.8   0.0001344048379440
19144.7   0.0001343839344806
19145.6   0.0001343630274379
19146.5   0.0001343421239746
19147.4   0.0001343212205113
19148.3   0.0001343003134686
19149.2   0.0001342794100053
19150.1   0.0001342585065419
19151.0   0.0001342375994993
19151.9   0.0001342166960359
19152.8   0.0001341957925726
19153.7   0.0001341748855299
19154.6   0.0001341539820666
19155.5   0.0001341330786033
19156.4   0.0001341121715606
19157.3   0.0001340912680973
19158.2   0.0001340703646339
19159.1   0.0001340494575912
19160.0   0.0001340285541279
19160.9   0.0001340076506646
19161.8   0.0001339867436219
19162.7   0.0001339658401586
19163.6   0.0001339449331159
19164.5   0.0001339240296526
19165.4   0.0001339031261892
19166.3   0.0001338822191465
19167.2   0.0001338613156832
19168.1   0.0001338404122199
19169.0   0.0001338195051772
19169.9   0.0001337986017139
19170.8   0.0001337776982505
19171.7   0.0001337567912079
19172.6   0.0001337358877445
19173.5   0.0001337149842812
19174.4   0.0001336940772385
19175.3   0.0001336731737752
19176.2   0.0001336522703119
19177.1   0.0001336313632692
19178.0   0.0001336104598059
19178.9   0.0001335895563425
19179.8   0.0001335686492998
19180.7   0.0001335477458365
19181.6   0.0001335268387938
19182.5   0.0001335059353305
19183.4   0.0001334850318672
19184.3   0.0001334641248245
19185.2   0.0001334432213612
19186.1   0.0001334223178978
19187.0   0.0001334014108551
19187.9   0.0001333805073918
19188.8   0.0001333596039285
19189.7   0.0001333386968858
19190.6   0.0001333177934225
19191.5   0.0001332968899592
19192.4   0.0001332759829165
19193.3   0.0001332550794531
19194.2   0.0001332341759898
19195.1   0.0001332132689471
19196.0   0.0001331923654838
19196.9   0.0001331714620205
19197.8   0.0001331505549778
19198.7   0.0001331296515145
19199.6   0.0001331087444718
19200.5   0.0001330878410084
19201.4   0.0001330669375451
19202.3   0.0001330460305024
19203.2   0.0001330251270391
19204.1   0.0001330042235758
19205.0   0.0001329833165331
19205.9   0.0001329624130698
19206.8   0.0001329415096064
19207.7   0.0001329206025637
19208.6   0.0001328996991004
19209.5   0.0001328787956371
19210.4   0.0001328578885944
19211.3   0.0001328369851311
19212.2   0.0001328160816678
19213.1   0.0001327951746251
19214.0   0.0001327742711617
19214.9   0.0001327533676984
19215.8   0.0001327324606557
19216.7   0.0001327115571924
19217.6   0.0001326906501497
19218.5   0.0001326697466864
19219.4   0.0001326488432231
19220.3   0.0001326279361804
19221.2   0.0001326070327170
19222.1   0.0001325861292537
19223.0   0.0001325652222110
19223.9   0.0001325443187477
19224.8   0.0001325234152844
19225.7   0.0001325025082417
19226.6   0.0001324816047784
19227.5   0.0001324607013150
19228.4   0.0001324397942723
19229.3   0.0001324188908090
19230.2   0.0001323979873457
19231.1   0.0001323770803030
19232.0   0.0001323561768397
19232.9   0.0001323352697970
19233.8   0.0001323143663337
19234.7   0.0001322934628703
19235.6   0.0001322725558277
19236.5   0.0001322516523643
19237.4   0.0001322307489010
19238.3   0.0001322098418583
19239.2   0.0001321889383950
19240.1   0.0001321680349317
19241.0   0.0001321471278890
19241.9   0.0001321262244256
19242.8   0.0001321053209623
19243.7   0.0001320844139196
19244.6   0.0001320635104563
19245.5   0.0001320426069930
19246.4   0.0001320216999503
19247.3   0.0001320007964870
19248.2   0.0001319798930236
19249.1   0.0001319589859809
19250.0   0.0001319380825176
19250.9   0.0001319171754749
19251.8   0.0001318962720116
19252.7   0.0001318753685483
19253.6   0.0001318544615056
19254.5   0.0001318335580423
19255.4   0.0001318126545789
19256.3   0.0001317917475363
19257.2   0.0001317708440729
19258.1   0.0001317499406096
19259.0   0.0001317290335669
19259.9   0.0001317081301036
19260.8   0.0001316872266403
19261.7   0.0001316663195976
19262.6   0.0001316454161342
19263.5   0.0001316245126709
19264.4   0.0001316036056282
19265.3   0.0001315827021649
19266.2   0.0001315617987016
19267.1   0.0001315408916589
19268.0   0.0001315199881956
19268.9   0.0001314990811529
19269.8   0.0001314781776895
19270.7   0.0001314572742262
19271.6   0.0001314363671835
19272.5   0.0001314154637202
19273.4   0.0001313945602569
19274.3   0.0001313736532142
19275.2   0.0001313527497509
19276.1   0.0001313318462875
19277.0   0.0001313109392449
19277.9   0.0001312900357815
19278.8   0.0001312691323182
19279.7   0.0001312482252755
19280.6   0.0001312273218122
19281.5   0.0001312064183489
19282.4   0.0001311855113062
19283.3   0.0001311646078428
19284.2   0.0001311437043795
19285.1   0.0001311227973368
19286.0   0.0001311018938735
19286.9   0.0001310809868308
19287.8   0.0001310600833675
19288.7   0.0001310391799042
19289.6   0.0001310182728615
19290.5   0.0001309973693981
19291.4   0.0001309764659348
19292.3   0.0001309555588921
19293.2   0.0001309346554288
19294.1   0.0001309137519655
19295.0   0.0001308928449228
19295.9   0.0001308719414595
19296.8   0.0001308510379961
19297.7   0.0001308301309535
19298.6   0.0001308092274901
19299.5   0.0001307883240268
19300.4   0.0001307674169841
19301.3   0.0001307465135208
19302.2   0.0001307256100575
19303.1   0.0001307047030148
19304.0   0.0001306837995514
19304.9   0.0001306628925088
19305.8   0.0001306419890454
19306.7   0.0001306210855821
19307.6   0.0001306001785394
19308.5   0.0001305792750761
19309.4   0.0001305583716128
19310.3   0.0001305374645701
19311.2   0.0001305165611067
19312.1   0.0001304956576434
19313.0   0.0001304747506007
19313.9   0.0001304538471374
19314.8   0.0001304329436741
19315.7   0.0001304120366314
19316.6   0.0001303911331681
19317.5   0.0001303702297047
19318.4   0.0001303493226621
19319.3   0.0001303284191987
19320.2   0.0001303075157354
19321.1   0.0001302866086927
19322.0   0.0001302657052294
19322.9   0.0001302447981867
19323.8   0.0001302238947234
19324.7   0.0001302029912600
19325.6   0.0001301820842174
19326.5   0.0001301611807540
19327.4   0.0001301402772907
19328.3   0.0001301193702480
19329.2   0.0001300984667847
19330.1   0.0001300775633214
19331.0   0.0001300566562787
19331.9   0.0001300357528153
19332.8   0.0001300148493520
19333.7   0.0001299939423093
19334.6   0.0001299730388460
19335.5   0.0001299521353827
19336.4   0.0001299312283400
19337.3   0.0001299103248767
19338.2   0.0001298894214133
19339.1   0.0001298685143707
19340.0   0.0001298476109073
19340.9   0.0001298267038646
19341.8   0.0001298058004013
19342.7   0.0001297848969380
19343.6   0.0001297639898953
19344.5   0.0001297430935907
19345.4   0.0001297223476192
19346.3   0.0001297045796754
19347.2   0.0001297148417010
19348.1   0.0001298761205110
19349.0   0.0001304148356910
19349.9   0.0001313259296052
19350.8   0.0001320956566899
19351.7   0.0001324091764255
19352.6   0.0001324889567841
19353.5   0.0001325658843927
19354.4   0.0001328869816338
19355.3   0.0001336923018759
19356.2   0.0001348581352732
19357.1   0.0001356734204540
19358.0   0.0001348631463774
19358.9   0.0001318365575461
19359.8   0.0001284792072012
19360.7   0.0001272156322161
19361.6   0.0001280149033395
19362.5   0.0001295303972720
19363.4   0.0001308391795759
19364.3   0.0001315466615875
19365.2   0.0001317313816272
19366.1   0.0001316770147257
19367.0   0.0001312869324763
19367.9   0.0001306001284284
19368.8   0.0001305772777931
19369.7   0.0001318128156501
19370.6   0.0001334214731688
19371.5   0.0001343478258953
19372.4   0.0001346446157016
19373.3   0.0001346544875769
19374.2   0.0001339036094029
19375.1   0.0001322683572382
19376.0   0.0001307526557028
19376.9   0.0001296577079541
19377.8   0.0001287184122613
19378.7   0.0001283618113467
19379.6   0.0001287007194840
19380.5   0.0001289988157567
19381.4   0.0001283180536688
19382.3   0.0001260210887709
19383.2   0.0001226577429978
19384.1   0.0001204022593048
19385.0   0.0001213866441976
19385.9   0.0001250181305783
19386.8   0.0001282467062827
19387.7   0.0001291254714159
19388.6   0.0001283174487569
19389.5   0.0001278783400114
19390.4   0.0001291951973518
19391.3   0.0001311311265079
19392.2   0.0001315176723495
19393.1   0.0001302562521392
19394.0   0.0001288219917855
19394.9   0.0001282302125911
19395.8   0.0001287030997585
19396.7   0.0001298004993689
19397.6   0.0001307198795018
19398.5   0.0001309760256735
19399.4   0.0001306454001757
19400.3   0.0001298652034625
19401.2   0.0001288911486032
19402.1   0.0001289251274691
19403.0   0.0001307692818308
19403.9   0.0001326871996465
19404.8   0.0001326347477028
19405.7   0.0001311444309896
19406.6   0.0001299759166516
19407.5   0.0001300288840232
19408.4   0.0001314331815530
19409.3   0.0001334743116835
19410.2   0.0001339984338122
19411.1   0.0001323847222369
19412.0   0.0001310867639181
19412.9   0.0001313142644704
19413.8   0.0001314814563835
19414.7   0.0001305307174762
19415.6   0.0001291946532891
19416.5   0.0001282869382909
19417.4   0.0001278154255979
19418.3   0.0001273039958803
19419.2   0.0001263824323377
19420.1   0.0001253615594475
19421.0   0.0001249751675183
19421.9   0.0001252219286077
19422.8   0.0001248515578946
19423.7   0.0001231253219741
19424.6   0.0001215982452321
19425.5   0.0001221125205410
19426.4   0.0001237565242412
19427.3   0.0001240269985916
19428.2   0.0001223208464609
19429.1   0.0001206299352458
19430.0   0.0001202039090616
19430.9   0.0001188526003796
19431.8   0.0001151626666269
19432.7   0.0001124338984576
19433.6   0.0001137208001329
19434.5   0.0001175377940125
19435.4   0.0001208562760854
19436.3   0.0001228376094251
19437.2   0.0001240733870993
19438.1   0.0001244080143218
19439.0   0.0001228109324539
19439.9   0.0001194662208297
19440.8   0.0001174663428250
19441.7   0.0001188974891354
19442.6   0.0001204160004685
19443.5   0.0001182390658342
19444.4   0.0001140054022178
19445.3   0.0001112626852820
19446.2   0.0001113941730774
19447.1   0.0001135832775362
19448.0   0.0001158241395430
19448.9   0.0001165529616997
19449.8   0.0001146033558085
19450.7   0.0001089939901707
19451.6   0.0001017381868676
19452.5   0.0000983162040164
19453.4   0.0001020394150805
19454.3   0.0001100482119595
19455.2   0.0001172331976218
19456.1   0.0001215511659079
19457.0   0.0001233418410494
19457.9   0.0001236421243112
19458.8   0.0001237119397311
19459.7   0.0001238874214422
19460.6   0.0001236800225766
19461.5   0.0001225515469613
19462.4   0.0001206295629923
19463.3   0.0001195455430302
19464.2   0.0001215382157829
19465.1   0.0001255905919659
19466.0   0.0001274704862387
19466.9   0.0001261297151930
19467.8   0.0001246025883400
19468.7   0.0001244688383890
19469.6   0.0001249515652174
19470.5   0.0001253363177996
19471.4   0.0001251223150144
19472.3   0.0001239804633302
19473.2   0.0001224994959058
19474.1   0.0001224191750639
19475.0   0.0001247986334753
19475.9   0.0001274505849962
19476.8   0.0001278197566236
19477.7   0.0001272926457292
19478.6   0.0001278201217184
19479.5   0.0001283028485468
19480.4   0.0001277190370081
19481.3   0.0001263778793916
19482.2   0.0001240716045779
19483.1   0.0001212778495456
19484.0   0.0001200395842161
19484.9   0.0001212289948588
19485.8   0.0001232737866747
19486.7   0.0001247959561139
19487.6   0.0001258878506684
19488.5   0.0001267826477557
19489.4   0.0001268575351290
19490.3   0.0001248848853170
19491.2   0.0001212168107168
19492.1   0.0001187931651042
19493.0   0.0001200326796304
19493.9   0.0001235544156699
19494.8   0.0001257435308668
19495.7   0.0001251476318288
19496.6   0.0001240089908307
19497.5   0.0001249483795869
19498.4   0.0001267370681835
19499.3   0.0001263533392983
19500.2   0.0001241543701229
19501.1   0.0001230589248431
19502.0   0.0001235588111242
19502.9   0.0001215793390517
19503.8   0.0001134552724582
19504.7   0.0001020668687729
19505.6   0.0000949264461446
19506.5   0.0000956660385962
19507.4   0.0001009098620778
19508.3   0.0001063331510984
19509.2   0.0001108633396484
19510.1   0.0001158208536903
19511.0   0.0001213078911154
19511.9   0.0001247762696330
19512.8   0.0001247320537970
19513.7   0.0001232583274182
19514.6   0.0001238273919930
19515.5   0.0001267752814325
19516.4   0.0001285046671900
19517.3   0.0001267102050855
19518.2   0.0001237726778936
19519.1   0.0001236946156279
19520.0   0.0001268699053977
19520.9   0.0001293212302024
19521.8   0.0001279456785140
19522.7   0.0001234826530781
19523.6   0.0001188408779751
19524.5   0.0001172707307924
19525.4   0.0001207230737765
19526.3   0.0001272320364237
19527.2   0.0001307112102915
19528.1   0.0001287145071793
19529.0   0.0001263896841214
19529.9   0.0001269926416575
19530.8   0.0001269332028027
19531.7   0.0001230559432361
19532.6   0.0001179131901473
19533.5   0.0001164580728619
19534.4   0.0001196890753726
19535.3   0.0001239438214203
19536.2   0.0001263396768806
19537.1   0.0001261122157012
19538.0   0.0001238958222005
19538.9   0.0001229246880991
19539.8   0.0001244868712055
19540.7   0.0001252910460523
19541.6   0.0001232454488803
19542.5   0.0001202050508775
19543.4   0.0001195177886715
19544.3   0.0001224693040029
19545.2   0.0001257765218294
19546.1   0.0001253221650095
19547.0   0.0001215623120355
19547.9   0.0001185208366452
19548.8   0.0001196481704447
19549.7   0.0001244510382309
19550.6   0.0001284221414622
19551.5   0.0001279776600971
19552.4   0.0001237055648907
19553.3   0.0001193781363556
19554.2   0.0001191412578796
19555.1   0.0001228384434161
19556.0   0.0001259508939389
19556.9   0.0001259559551541
19557.8   0.0001238423895121
19558.7   0.0001216775817500
19559.6   0.0001220031889849
19560.5   0.0001245990340354
19561.4   0.0001261203981185
19562.3   0.0001247915713977
19563.2   0.0001210822124574
19564.1   0.0001175469321190
19565.0   0.0001186361994232
19565.9   0.0001244081288613
19566.8   0.0001285422719478
19567.7   0.0001268586876830
19568.6   0.0001213181209267
19569.5   0.0001161141178268
19570.4   0.0001149870345826
19571.3   0.0001184637243746
19572.2   0.0001227984583837
19573.1   0.0001246968472105
19574.0   0.0001237010226826
19574.9   0.0001214948661520
19575.8   0.0001218830083882
19576.7   0.0001260911547460
19577.6   0.0001294856015796
19578.5   0.0001280851482826
19579.4   0.0001234438384965
19580.3   0.0001192501634918
19581.2   0.0001181687636213
19582.1   0.0001202115474162
19583.0   0.0001223823720827
19583.9   0.0001231257013862
19584.8   0.0001234157834716
19585.7   0.0001226657070742
19586.6   0.0001210787118431
19587.5   0.0001220579567747
19588.4   0.0001257208055091
19589.3   0.0001275473852124
19590.2   0.0001251075537331
19591.1   0.0001197698615313
19592.0   0.0001148194203051
19592.9   0.0001137941412225
19593.8   0.0001169603608937
19594.7   0.0001205316245397
19595.6   0.0001215157875121
19596.5   0.0001204580543710
19597.4   0.0001190549988792
19598.3   0.0001186261879528
19599.2   0.0001197718015446
19600.1   0.0001212961078617
19601.0   0.0001215807851132
19601.9   0.0001213851193902
19602.8   0.0001227342840354
19603.7   0.0001255395574488
19604.6   0.0001274066948820
19605.5   0.0001266022730593
19606.4   0.0001237628060183
19607.3   0.0001211469988763
19608.2   0.0001206480038559
19609.1   0.0001215547130539
19610.0   0.0001216150789629
19610.9   0.0001197334880734
19611.8   0.0001161409164964
19612.7   0.0001125877393572
19613.6   0.0001125709700549
19614.5   0.0001172135326170
19615.4   0.0001223632010297
19616.3   0.0001242979919493
19617.2   0.0001234034454171
19618.1   0.0001207623035638
19619.0   0.0001173003499977
19619.9   0.0001154838819869
19620.8   0.0001172795395977
19621.7   0.0001208066339394
19622.6   0.0001226889371216
19623.5   0.0001220972151969
19624.4   0.0001198553044377
19625.3   0.0001174240168912
19626.2   0.0001174361902951
19627.1   0.0001207474778541
19628.0   0.0001243360154922
19628.9   0.0001256048557162
19629.8   0.0001248206787545
19630.7   0.0001223139203990
19631.6   0.0001183313059455
19632.5   0.0001147996622370
19633.4   0.0001135698978880
19634.3   0.0001140872442879
19635.2   0.0001152233009880
19636.1   0.0001167670933419
19637.0   0.0001174784911734
19637.9   0.0001158508630459
19638.8   0.0001137965393938
19639.7   0.0001149722804601
19640.6   0.0001189295888373
19641.5   0.0001220545707000
19642.4   0.0001226999543922
19643.3   0.0001212513944946
19644.2   0.0001183017905416
19645.1   0.0001155357469156
19646.0   0.0001158238854084
19646.9   0.0001194186833475
19647.8   0.0001227951224201
19648.7   0.0001235846576839
19649.6   0.0001222832703380
19650.5   0.0001195127775673
19651.4   0.0001163983906107
19652.3   0.0001157012994817
19653.2   0.0001186682812283
19654.1   0.0001224934754220
19655.0   0.0001239194316601
19655.9   0.0001228041352489
19656.8   0.0001203398030494
19657.7   0.0001173306385434
19658.6   0.0001155025555089
19659.5   0.0001166877711414
19660.4   0.0001196915701866
19661.3   0.0001217033280876
19662.2   0.0001218836562524
19663.1   0.0001207761807432
19664.0   0.0001185697987129
19664.9   0.0001160481394810
19665.8   0.0001155898274682
19666.7   0.0001181663726087
19667.6   0.0001210941603616
19668.5   0.0001219976445561
19669.4   0.0001213398870158
19670.3   0.0001198590627659
19671.2   0.0001176315804074
19672.1   0.0001158382780156
19673.0   0.0001164603994460
19673.9   0.0001191026974326
19674.8   0.0001211843673963
19675.7   0.0001217564064194
19676.6   0.0001215060301763
19677.5   0.0001204190966150
19678.4   0.0001183049010056
19679.3   0.0001165469268985
19680.2   0.0001170699787985
19681.1   0.0001192527764247
19682.0   0.0001206510821056
19682.9   0.0001203780055604
19683.8   0.0001190436702043
19684.7   0.0001171710169771
19685.6   0.0001154483103056
19686.5   0.0001152708742639
19687.4   0.0001173043660398
19688.3   0.0001199221275125
19689.2   0.0001211781393096
19690.1   0.0001211701931301
19691.0   0.0001205197732782
19691.9   0.0001187745202171
19692.8   0.0001160470835698
19693.7   0.0001143836582613
19694.6   0.0001154549965504
19695.5   0.0001180299739312
19696.4   0.0001199492805387
19697.3   0.0001207913715477
19698.2   0.0001208656074774
19699.1   0.0001200266448291
19700.0   0.0001186089891272
19700.9   0.0001180130614544
19701.8   0.0001190492504268
19702.7   0.0001206893096721
19703.6   0.0001217911405304
19704.5   0.0001220973261571
19705.4   0.0001213941715920
19706.3   0.0001196496487204
19707.2   0.0001176822498298
19708.1   0.0001171435131736
19709.0   0.0001187876063579
19709.9   0.0001209532445315
19710.8   0.0001219173988807
19711.7   0.0001220403928544
19712.6   0.0001217583858056
19713.5   0.0001205637994082
19714.4   0.0001187055960579
19715.3   0.0001174066820499
19716.2   0.0001172988717219
19717.1   0.0001176545742171
19718.0   0.0001175440829483
19718.9   0.0001165260986018
19719.8   0.0001136938547096
19720.7   0.0001080762815989
19721.6   0.0001012693407979
19722.5   0.0000975955070072
19723.4   0.0001001046850101
19724.3   0.0001070257393923
19725.2   0.0001133713829942
19726.1   0.0001165098017750
19727.0   0.0001173728141441
19727.9   0.0001175280867878
19728.8   0.0001175932454601
19729.7   0.0001173943153606
19730.6   0.0001168278171870
19731.5   0.0001158243256697
19732.4   0.0001143000730429
19733.3   0.0001130322314604
19734.2   0.0001133569653315
19735.1   0.0001154136943136
19736.0   0.0001176175528950
19736.9   0.0001185088601062
19737.8   0.0001183379563967
19738.7   0.0001181900321794
19739.6   0.0001183840943491
19740.5   0.0001185645656883
19741.4   0.0001186513079024
19742.3   0.0001187700710725
19743.2   0.0001188202751780
19744.1   0.0001184497935048
19745.0   0.0001175287955011
19745.9   0.0001167093045721
19746.8   0.0001167851404758
19747.7   0.0001175691062552
19748.6   0.0001183429531834
19749.5   0.0001187976536218
19750.4   0.0001190066238266
19751.3   0.0001191481982590
19752.2   0.0001191449124064
19753.1   0.0001187569956698
19754.0   0.0001182433216934
19754.9   0.0001180004835828
19755.8   0.0001180206461186
19756.7   0.0001182512821904
19757.6   0.0001185388444062
19758.5   0.0001185624896594
19759.4   0.0001182006235061
19760.3   0.0001175604298862
19761.2   0.0001169399478027
19762.1   0.0001166966479546
19763.0   0.0001169069639988
19763.9   0.0001174133468185
19764.8   0.0001180303103910
19765.7   0.0001185811953956
19766.6   0.0001189122217818
19767.5   0.0001188621859061
19768.4   0.0001183160757680
19769.3   0.0001174406859714
19770.2   0.0001167218251740
19771.1   0.0001164696735682
19772.0   0.0001163863317463
19772.9   0.0001153269019884
19773.8   0.0001114888471536
19774.7   0.0001039806739039
19775.6   0.0000956540692158
19776.5   0.0000919772072864
19777.4   0.0000953671226499
19778.3   0.0001028099367832
19779.2   0.0001093690068932
19780.1   0.0001130885061609
19781.0   0.0001150141446565
19781.9   0.0001163178120548
19782.8   0.0001172408216589
19783.7   0.0001176391865478
19784.6   0.0001176310971938
19785.5   0.0001174745252424
19786.4   0.0001173324532790
19787.3   0.0001172559158207
19788.2   0.0001171034959270
19789.1   0.0001162327592987
19790.0   0.0001140778484674
19790.9   0.0001115818317718
19791.8   0.0001110764583316
19792.7   0.0001133120622583
19793.6   0.0001162874984536
19794.5   0.0001183860093068
19795.4   0.0001196639017326
19796.3   0.0001204026816693
19797.2   0.0001205235208683
19798.1   0.0001200358294673
19799.0   0.0001192192235026
19799.9   0.0001182985691175
19800.8   0.0001175205880283
19801.7   0.0001169184286894
19802.6   0.0001163054024131
19803.5   0.0001157796480962
19804.4   0.0001155668587141
19805.3   0.0001156365774913
19806.2   0.0001158308937956
19807.1   0.0001161169741563
19808.0   0.0001164599377086
19808.9   0.0001167303225750
19809.8   0.0001168319871416
19810.7   0.0001166786509317
19811.6   0.0001160425342030
19812.5   0.0001145494613826
19813.4   0.0001122576436047
19814.3   0.0001103064234220
19815.2   0.0001102219576809
19816.1   0.0001121092003801
19817.0   0.0001144210088846
19817.9   0.0001158829770652
19818.8   0.0001164143760331
19819.7   0.0001164481616137
19820.6   0.0001163429856948
19821.5   0.0001163185279268
19822.4   0.0001164890271686
19823.3   0.0001167473639087
19824.2   0.0001167703541390
19825.1   0.0001163718389170
19826.0   0.0001158466787739
19826.9   0.0001156475911825
19827.8   0.0001158607528180
19828.7   0.0001162213089255
19829.6   0.0001164672073891
19830.5   0.0001165359346835
19831.4   0.0001165027146418
19832.3   0.0001164651528363
19833.2   0.0001164920409898
19834.1   0.0001166255117508
19835.0   0.0001168352980497
19835.9   0.0001170435130095
19836.8   0.0001171989467244
19837.7   0.0001172079273390
19838.6   0.0001169389921135
19839.5   0.0001164653425424
19840.4   0.0001161329202058
19841.3   0.0001161128328366
19842.2   0.0001161453119506
19843.1   0.0001158432139532
19844.0   0.0001149389100853
19844.9   0.0001133367670021
19845.8   0.0001115707643902
19846.7   0.0001108287343944
19847.6   0.0001116519764928
19848.5   0.0001131655518883
19849.4   0.0001139447964916
19850.3   0.0001129386813033
19851.2   0.0001100270829965
19852.1   0.0001067417815922
19853.0   0.0001057220254624
19853.9   0.0001079697133089
19854.8   0.0001115861413214
19855.7   0.0001143403623208
19856.6   0.0001156427053559
19857.5   0.0001158710076849
19858.4   0.0001149996124542
19859.3   0.0001121187393750
19860.2   0.0001069749339542
19861.1   0.0001018015522805
19862.0   0.0001005216017227
19862.9   0.0001045526663953
19863.8   0.0001106785659183
19864.7   0.0001149566923466
19865.6   0.0001163174934917
19866.5   0.0001160798919850
19867.4   0.0001156741786697
19868.3   0.0001154697399349
19869.2   0.0001153391612970
19870.1   0.0001151816766087
19871.0   0.0001150667218778
19871.9   0.0001151600357972
19872.8   0.0001154447452629
19873.7   0.0001156889148955
19874.6   0.0001157452790799
19875.5   0.0001156795906623
19876.4   0.0001156289964065
19877.3   0.0001156344585101
19878.2   0.0001155520544805
19879.1   0.0001151707524015
19880.0   0.0001145514694036
19880.9   0.0001140787003552
19881.8   0.0001140519446380
19882.7   0.0001143387587675
19883.6   0.0001146090147769
19884.5   0.0001147560656303
19885.4   0.0001147946010218
19886.3   0.0001147614740435
19887.2   0.0001147724054094
19888.1   0.0001148433805420
19889.0   0.0001148914835632
19889.9   0.0001150008938652
19890.8   0.0001153607877910
19891.7   0.0001158763982013
19892.6   0.0001162874555013
19893.5   0.0001167660195338
19894.4   0.0001174006221932
19895.3   0.0001174876471767
19896.2   0.0001167200605494
19897.1   0.0001158620879194
19898.0   0.0001154739635799
19898.9   0.0001154028667491
19899.8   0.0001153607591562
19900.7   0.0001150527945875
19901.6   0.0001144387589316
19902.5   0.0001139806724185
19903.4   0.0001140145224275
19904.3   0.0001143640290502
19905.2   0.0001146769009217
19906.1   0.0001147830003155
19907.0   0.0001147294459288
19907.9   0.0001146220078543
19908.8   0.0001145470632113
19909.7   0.0001145280997612
19910.6   0.0001144710912919
19911.5   0.0001142418762261
19912.4   0.0001138469546817
19913.3   0.0001133312691049
19914.2   0.0001124434875635
19915.1   0.0001107492403846
19916.0   0.0001086862045700
19916.9   0.0001077753325761
19917.8   0.0001088081891642
19918.7   0.0001107838527974
19919.6   0.0001121816144155
19920.5   0.0001124309526442
19921.4   0.0001117636596885
19922.3   0.0001107118110155
19923.2   0.0001100361316189
19924.1   0.0001100816682389
19925.0   0.0001102442391979
19925.9   0.0001094778480769
19926.8   0.0001072899784973
19927.7   0.0001045532748866
19928.6   0.0001032900363613
19929.5   0.0001045593597988
19930.4   0.0001068488903656
19931.3   0.0001077243517494
19932.2   0.0001064943404245
19933.1   0.0001050567834801
19934.0   0.0001059472244861
19934.9   0.0001091648366104
19935.8   0.0001121454270843
19936.7   0.0001132735161287
19937.6   0.0001130850735545
19938.5   0.0001124837159923
19939.4   0.0001120111867609
19940.3   0.0001119186424040
19941.2   0.0001121021955723
19942.1   0.0001123542720115
19943.0   0.0001125724805449
19943.9   0.0001125522142076
19944.8   0.0001119940845781
19945.7   0.0001109325931088
19946.6   0.0001099655466366
19947.5   0.0001095980250942
19948.4   0.0001096814027098
19949.3   0.0001099426172554
19950.2   0.0001103894502602
19951.1   0.0001111133543762
19952.0   0.0001120927424821
19952.9   0.0001130319880639
19953.8   0.0001134710431191
19954.7   0.0001134663613160
19955.6   0.0001135681189460
19956.5   0.0001139305756937
19957.4   0.0001143926388760
19958.3   0.0001147190801018
19959.2   0.0001139653670745
19960.1   0.0001114795766108
19961.0   0.0001087598391672
19961.9   0.0001078323016724
19962.8   0.0001087577237653
19963.7   0.0001103321017517
19964.6   0.0001116248735777
19965.5   0.0001121997760890
19966.4   0.0001121121354555
19967.3   0.0001119546436085
19968.2   0.0001118594433664
19969.1   0.0001110023942112
19970.0   0.0001092515036579
19970.9   0.0001077486949778
19971.8   0.0001070284131744
19972.7   0.0001065198147307
19973.6   0.0001064280972060
19974.5   0.0001077012756145
19975.4   0.0001098679052708
19976.3   0.0001114618480399
19977.2   0.0001121636710830
19978.1   0.0001127702759872
19979.0   0.0001134160713058
19979.9   0.0001133859044584
19980.8   0.0001127414299237
19981.7   0.0001123733571599
19982.6   0.0001125010651510
19983.5   0.0001124408889480
19984.4   0.0001119206182108
19985.3   0.0001116999613951
19986.2   0.0001122774410457
19987.1   0.0001127473215505
19988.0   0.0001120843238270
19988.9   0.0001109806352808
19989.8   0.0001106613670927
19990.7   0.0001109657952536
19991.6   0.0001109622087347
19992.5   0.0001104503566527
19993.4   0.0001101313211230
19994.3   0.0001105270122298
19995.2   0.0001111438218898
19996.1   0.0001110280331680
19997.0   0.0001102457317911
19997.9   0.0001096857731085
19998.8   0.0001095569340396
19999.7   0.0001091721492432
20000.6   0.0001082147634641
20001.5   0.0001075089888074
20002.4   0.0001078356841678
20003.3   0.0001087448774417
20004.2   0.0001090241462800
20005.1   0.0001081116098837
20006.0   0.0001064809536175
20006.9   0.0001047282912809
20007.8   0.0001035621321618
20008.7   0.0001036355341006
20009.6   0.0001046630144897
20010.5   0.0001059847111251
20011.4   0.0001072560855360
20012.3   0.0001083112451172
20013.2   0.0001089026305820
20014.1   0.0001089051969832
20015.0   0.0001088006188174
20015.9   0.0001089243322426
20016.8   0.0001088674239954
20017.7   0.0001083348402593
20018.6   0.0001076359773471
20019.5   0.0001073655889013
20020.4   0.0001078730240530
20021.3   0.0001083688978713
20022.2   0.0001075855334244
20023.1   0.0001058886768920
20024.0   0.0001048658174569
20024.9   0.0001049525346155
20025.8   0.0001052631658075
20026.7   0.0001049425660974
20027.6   0.0001038142694501
20028.5   0.0001026384925903
20029.4   0.0001026195398782
20030.3   0.0001038458465654
20031.2   0.0001049850459438
20032.1   0.0001049441768095
20033.0   0.0001039615028509
20033.9   0.0001032343737314
20034.8   0.0001036370410112
20035.7   0.0001047552044899
20036.6   0.0001054592073634
20037.5   0.0001050864098441
20038.4   0.0001038345322080
20039.3   0.0001023981671905
20040.2   0.0001015113449176
20041.1   0.0001013676515040
20042.0   0.0001013605393154
20042.9   0.0001007712549350
20043.8   0.0001001117291909
20044.7   0.0001008070986476
20045.6   0.0001028886827067
20046.5   0.0001048228543969
20047.4   0.0001051272288674
20048.3   0.0001034181273439
20049.2   0.0001008922981575
20050.1   0.0000994192625952
20051.0   0.0000999329150954
20051.9   0.0001014268111687
20052.8   0.0001020349301422
20053.7   0.0001014932333552
20054.6   0.0001012703931298
20055.5   0.0001026431135443
20056.4   0.0001051272360261
20057.3   0.0001070609423995
20058.2   0.0001075887727453
20059.1   0.0001069820604603
20060.0   0.0001058338589912
20060.9   0.0001048317133133
20061.8   0.0001047060885098
20062.7   0.0001056251250242
20063.6   0.0001067221738573
20064.5   0.0001067191063456
20065.4   0.0001051820503476
20066.3   0.0001031820399065
20067.2   0.0001024223028161
20068.1   0.0001033843346046
20069.0   0.0001049793404437
20069.9   0.0001058995581469
20070.8   0.0001056333074415
20071.7   0.0001047973442971
20072.6   0.0001043386457134
20073.5   0.0001045329405415
20074.4   0.0001054866682145
20075.3   0.0001071497248489
20076.2   0.0001086014095278
20077.1   0.0001089667834541
20078.0   0.0001083683609672
20078.9   0.0001074474524475
20079.8   0.0001067532140686
20080.7   0.0001066777182041
20081.6   0.0001073757829191
20082.5   0.0001085147424803
20083.4   0.0001095044176674
20084.3   0.0001101061510624
20085.2   0.0001102395538155
20086.1   0.0001095292942205
20087.0   0.0001083831795183
20087.9   0.0001080375457633
20088.8   0.0001082502420820
20089.7   0.0001077810201794
20090.6   0.0001068647039788
20091.5   0.0001062921029961
20092.4   0.0001060680708438
20093.3   0.0001058414221792
20094.2   0.0001052430390653
20095.1   0.0001045257352895
20096.0   0.0001046941083914
20096.9   0.0001061728351363
20097.8   0.0001080300971148
20098.7   0.0001089406934979
20099.6   0.0001081502777115
20100.5   0.0001060016379193
20101.4   0.0001041284549468
20102.3   0.0001038607116482
20103.2   0.0001050134553254
20104.1   0.0001067372680191
20105.0   0.0001078978147014
20105.9   0.0001074209365475
20106.8   0.0001056166956310
20107.7   0.0001039527835295
20108.6   0.0001034803366235
20109.5   0.0001043887030652
20110.4   0.0001062809282337
20111.3   0.0001080749142833
20112.2   0.0001084630923132
20113.1   0.0001070908658504
20114.0   0.0001045986790702
20114.9   0.0001020231110950
20115.8   0.0001008574674038
20116.7   0.0001020057333014
20117.6   0.0001044393044797
20118.5   0.0001063155692813
20119.4   0.0001063672552420
20120.3   0.0001041725419258
20121.2   0.0001007798096058
20122.1   0.0000984851354984
20123.0   0.0000989073067117
20123.9   0.0001014629018572
20124.8   0.0001042423251315
20125.7   0.0001058822089882
20126.6   0.0001058417586390
20127.5   0.0001040314865007
20128.4   0.0001012041678081
20129.3   0.0000991415364611
20130.2   0.0000994517524474
20131.1   0.0001019007506680
20132.0   0.0001047340719475
20132.9   0.0001063113921680
20133.8   0.0001058277669202
20134.7   0.0001035160586378
20135.6   0.0001008547506694
20136.5   0.0000997199073724
20137.4   0.0001008902686603
20138.3   0.0001036442068902
20139.2   0.0001064241634892
20140.1   0.0001078383472117
20141.0   0.0001071686131324
20141.9   0.0001043576950681
20142.8   0.0001005896346212
20143.7   0.0000982662719422
20144.6   0.0000990244985427
20145.5   0.0001020367198223
20146.4   0.0001051696013329
20147.3   0.0001071556558487
20148.2   0.0001075353293188
20149.1   0.0001058309811856
20150.0   0.0001024447167694
20150.9   0.0000994517381299
20151.8   0.0000990593400345
20152.7   0.0001013111942562
20153.6   0.0001043958868410
20154.5   0.0001067904966840
20155.4   0.0001076769538622
20156.3   0.0001066789459246
20157.2   0.0001045645606091
20158.1   0.0001029393664465
20159.0   0.0001028858621709
20159.9   0.0001043502034673
20160.8   0.0001065611062295
20161.7   0.0001086401561015
20162.6   0.0001096678190380
20163.5   0.0001089980956968
20164.4   0.0001068502147289
20165.3   0.0001041954748864
20166.2   0.0001023936607761
20167.1   0.0001023204127498
20168.0   0.0001037670183166
20168.9   0.0001059318547136
20169.8   0.0001077477249712
20170.7   0.0001083810068467
20171.6   0.0001073962640179
20172.5   0.0001046828369862
20173.4   0.0001014893425907
20174.3   0.0000998824532759
20175.2   0.0001006531217323
20176.1   0.0001029899535436
20177.0   0.0001054063115789
20177.9   0.0001070463779830
20178.8   0.0001078294346049
20179.7   0.0001073736138268
20180.6   0.0001055066303061
20181.5   0.0001033585990051
20182.4   0.0001025056160031
20183.3   0.0001033381465412
20184.2   0.0001049161611575
20185.1   0.0001063078020698
20186.0   0.0001072679403768
20186.9   0.0001076015761166
20187.8   0.0001068842866582
20188.7   0.0001052483973675
20189.6   0.0001038819479920
20190.5   0.0001038149531079
20191.4   0.0001048052797385
20192.3   0.0001061896903433
20193.2   0.0001075051660507
20194.1   0.0001082566777716
20195.0   0.0001081958071727
20195.9   0.0001074331242688
20196.8   0.0001063196998630
20197.7   0.0001055649488212
20198.6   0.0001055841520884
20199.5   0.0001061190087182
20200.4   0.0001070109387381
20201.3   0.0001080795960864
20202.2   0.0001087919281310
20203.1   0.0001088070043960
20204.0   0.0001079567130728
20204.9   0.0001062587970499
20205.8   0.0001044942261820
20206.7   0.0001036167460391
20207.6   0.0001037796785135
20208.5   0.0001046615254758
20209.4   0.0001059566310446
20210.3   0.0001074302035109
20211.2   0.0001086634326806
20212.1   0.0001089658814553
20213.0   0.0001078575146854
20213.9   0.0001058458713239
20214.8   0.0001045029777176
20215.7   0.0001046718340331
20216.6   0.0001058252327332
20217.5   0.0001075040779252
20218.4   0.0001091661466562
20219.3   0.0001099790157689
20220.2   0.0001098626113972
20221.1   0.0001091350276990
20222.0   0.0001080141761208
20222.9   0.0001072204780611
20223.8   0.0001073477135767
20224.7   0.0001080114808626
20225.6   0.0001086076054002
20226.5   0.0001087906001884
20227.4   0.0001085275995420
20228.3   0.0001082242988796
20229.2   0.0001080178306475
20230.1   0.0001075204892916
20231.0   0.0001068089160714
20231.9   0.0001065396944970
20232.8   0.0001068997888671
20233.7   0.0001075690075185
20234.6   0.0001082678704308
20235.5   0.0001087511878537
20236.4   0.0001088528882138
20237.3   0.0001085511624699
20238.2   0.0001079606038373
20239.1   0.0001071866817425
20240.0   0.0001063863654459
20240.9   0.0001060547520446
20241.8   0.0001064405569587
20242.7   0.0001072247553965
20243.6   0.0001080540000819
20244.5   0.0001087239882958
20245.4   0.0001091413703252
20246.3   0.0001093154668240
20247.2   0.0001091019078794
20248.1   0.0001082122579120
20249.0   0.0001071093317695
20249.9   0.0001067972044049
20250.8   0.0001072391265276
20251.7   0.0001075984227003
20252.6   0.0001075436835454
20253.5   0.0001072498789255
20254.4   0.0001070651445683
20255.3   0.0001072526923026
20256.2   0.0001076301107758
20257.1   0.0001078125758186
20258.0   0.0001077882934393
20258.9   0.0001078262024427
20259.8   0.0001078529438425
20260.7   0.0001076718819088
20261.6   0.0001073545787895
20262.5   0.0001069404396604
20263.4   0.0001065827148268
20264.3   0.0001066455862880
20265.2   0.0001072230480417
20266.1   0.0001079378355273
20267.0   0.0001083704548929
20267.9   0.0001086034426044
20268.8   0.0001089325504535
20269.7   0.0001093296733044
20270.6   0.0001095162367146
20271.5   0.0001093653988982
20272.4   0.0001091241965552
20273.3   0.0001090577815274
20274.2   0.0001091374867194
20275.1   0.0001091309687046
20276.0   0.0001088986145399
20276.9   0.0001086184365441
20277.8   0.0001083676200397
20278.7   0.0001076934296570
20279.6   0.0001063476439277
20280.5   0.0001048707462358
20281.4   0.0001040318229605
20282.3   0.0001041574942957
20283.2   0.0001050600979676
20284.1   0.0001062339956633
20285.0   0.0001070294476095
20285.9   0.0001072208252591
20286.8   0.0001071779194689
20287.7   0.0001072226578915
20288.6   0.0001073900753042
20289.5   0.0001076736930651
20290.4   0.0001079132811167
20291.3   0.0001078177014623
20292.2   0.0001073761265376
20293.1   0.0001067301844653
20294.0   0.0001057098377410
20294.9   0.0001041323994016
20295.8   0.0001027903863180
20296.7   0.0001029969297166
20297.6   0.0001047584939219
20298.5   0.0001065572476792
20299.4   0.0001067912913019
20300.3   0.0001053012788344
20301.2   0.0001037229671312
20302.1   0.0001037176303052
20303.0   0.0001051544570601
20303.9   0.0001067722884789
20304.8   0.0001078132881113
20305.7   0.0001084016776516
20306.6   0.0001087908328468
20307.5   0.0001089423400036
20308.4   0.0001088248510857
20309.3   0.0001084655978653
20310.2   0.0001079574146274
20311.1   0.0001075487447607
20312.0   0.0001074439088810
20312.9   0.0001076269645182
20313.8   0.0001078845746482
20314.7   0.0001079752326823
20315.6   0.0001079039676215
20316.5   0.0001078699458032
20317.4   0.0001079513619294
20318.3   0.0001080411287028
20319.2   0.0001080304013604
20320.1   0.0001079723656148
20321.0   0.0001079745669213
20321.9   0.0001080441425241
20322.8   0.0001081499233548
20323.7   0.0001082196994018
20324.6   0.0001081532342630
20325.5   0.0001079496939476
20326.4   0.0001076240974507
20327.3   0.0001071533614788
20328.2   0.0001067372465429
20329.1   0.0001067394872224
20330.0   0.0001071218774268
20330.9   0.0001073664014161
20331.8   0.0001071790827609
20332.7   0.0001068494523252
20333.6   0.0001067307965359
20334.5   0.0001068972940530
20335.4   0.0001073552803441
20336.3   0.0001080039606269
20337.2   0.0001085313435527
20338.1   0.0001087138730240
20339.0   0.0001085444332728
20339.9   0.0001080498301274
20340.8   0.0001071442126342
20341.7   0.0001056042645132
20342.6   0.0001037546623654
20343.5   0.0001028009418511
20344.4   0.0001034983300670
20345.3   0.0001051697051344
20346.2   0.0001065279828306
20347.1   0.0001068120014798
20348.0   0.0001060929688731
20348.9   0.0001051717059967
20349.8   0.0001049828195818
20350.7   0.0001056499657837
20351.6   0.0001065220625689
20352.5   0.0001071093174520
20353.4   0.0001074257758424
20354.3   0.0001075610112279
20355.2   0.0001074921729733
20356.1   0.0001073991955139
20357.0   0.0001075840479899
20357.9   0.0001079757337927
20358.8   0.0001081965481003
20359.7   0.0001080100705947
20360.6   0.0001073043174141
20361.5   0.0001060213494556
20362.4   0.0001046669875794
20363.3   0.0001041167969707
20364.2   0.0001046288852905
20365.1   0.0001056642689069
20366.0   0.0001065512808859
20366.9   0.0001070206459628
20367.8   0.0001070576135946
20368.7   0.0001067096353586
20369.6   0.0001061711993687
20370.5   0.0001056878354141
20371.4   0.0001054917079536
20372.3   0.0001056998477468
20373.2   0.0001061306595355
20374.1   0.0001063856459945
20375.0   0.0001060321483852
20375.9   0.0001048640599911
20376.8   0.0001032486052674
20377.7   0.0001021611777544
20378.6   0.0001024819958054
20379.5   0.0001037369660088
20380.4   0.0001044253879274
20381.3   0.0001041798545586
20382.2   0.0001041024723714
20383.1   0.0001049309725499
20384.0   0.0001061778748754
20384.9   0.0001070257608685
20385.8   0.0001072519513750
20386.7   0.0001071172779490
20387.6   0.0001068192890571
20388.5   0.0001064545737331
20389.4   0.0001062331724105
20390.3   0.0001063401236920
20391.2   0.0001068400636635
20392.1   0.0001075895208316
20393.0   0.0001081493399191
20393.9   0.0001081977937176
20394.8   0.0001078493286887
20395.7   0.0001075141466654
20396.6   0.0001076067375539
20397.5   0.0001080783540485
20398.4   0.0001083823598448
20399.3   0.0001081773018807
20400.2   0.0001075455591301
20401.1   0.0001066731258850
20402.0   0.0001060007287618
20402.9   0.0001058930437114
20403.8   0.0001059458786467
20404.7   0.0001055797387373
20405.6   0.0001049402037197
20406.5   0.0001045608738682
20407.4   0.0001048156777798
20408.3   0.0001058079193681
20409.2   0.0001070932532837
20410.1   0.0001079452519616
20411.0   0.0001079469986894
20411.9   0.0001071143213976
20412.8   0.0001058978543715
20413.7   0.0001049783239054
20414.6   0.0001048427305839
20415.5   0.0001054421338154
20416.4   0.0001062221587193
20417.3   0.0001065752840751
20418.2   0.0001064151578190
20419.1   0.0001062743851633
20420.0   0.0001065026946511
20420.9   0.0001067894658283
20421.8   0.0001068540410649
20422.7   0.0001067444625330
20423.6   0.0001064565316431
20424.5   0.0001061102858175
20425.4   0.0001061616496358
20426.3   0.0001066842505364
20427.2   0.0001070509989370
20428.1   0.0001068229113696
20429.0   0.0001062404528290
20429.9   0.0001057769113710
20430.8   0.0001057144622744
20431.7   0.0001060754479051
20432.6   0.0001066153335359
20433.5   0.0001070497998513
20434.4   0.0001072312590939
20435.3   0.0001070394662386
20436.2   0.0001065283228698
20437.1   0.0001059849437835
20438.0   0.0001056120961532
20438.9   0.0001054280561919
20439.8   0.0001054270002807
20440.7   0.0001054743086839
20441.6   0.0001052504089679
20442.5   0.0001046095603250
20443.4   0.0001039189442586
20444.3   0.0001037221331403
20445.2   0.0001040892681117
20446.1   0.0001047224247096
20447.0   0.0001053857409961
20447.9   0.0001059212025378
20448.8   0.0001061022716301
20449.7   0.0001058043829603
20450.6   0.0001052529180993
20451.5   0.0001049376910089
20452.4   0.0001051750956508
20453.3   0.0001056603817217
20454.2   0.0001058360996706
20455.1   0.0001055280814115
20456.0   0.0001049613899525
20456.9   0.0001045942263461
20457.8   0.0001047600581023
20458.7   0.0001052625895305
20459.6   0.0001055963004368
20460.5   0.0001055375166049
20461.4   0.0001053154495213
20462.3   0.0001051988303880
20463.2   0.0001052237176792
20464.1   0.0001052743334112
20465.0   0.0001050742579164
20465.9   0.0001045129533944
20466.8   0.0001039598456071
20467.7   0.0001037438133247
20468.6   0.0001038567815107
20469.5   0.0001040610198014
20470.4   0.0001040949306595
20471.3   0.0001040229389886
20472.2   0.0001040027227625
20473.1   0.0001041588974049
20474.0   0.0001044894155220
20474.9   0.0001045664326145
20475.8   0.0001043426080651
20476.7   0.0001043785519998
20477.6   0.0001047543991339
20478.5   0.0001050429420943
20479.4   0.0001048426482586
20480.3   0.0001042537683459
20481.2   0.0001041072114442
20482.1   0.0001046827904545
20483.0   0.0001052522988700
20483.9   0.0001053166879799
20484.8   0.0001048142782500
20485.7   0.0001040794857204
20486.6   0.0001039235043634
20487.5   0.0001045044953663
20488.4   0.0001051257577503
20489.3   0.0001052654315424
20490.2   0.0001047507052342
20491.1   0.0001039345610070
20492.0   0.0001034781675312
20492.9   0.0001033513508008
20493.8   0.0001032352900476
20494.7   0.0001029391051532
20495.6   0.0001022045739170
20496.5   0.0001016309420786
20497.4   0.0001021654765660
20498.3   0.0001033861135466
20499.2   0.0001042071006482
20500.1   0.0001040996697324
20501.0   0.0001032501694478
20501.9   0.0001026851209151
20502.8   0.0001031539490880
20503.7   0.0001041342177166
20504.6   0.0001049460452355
20505.5   0.0001052917648951
20506.4   0.0001049229798386
20507.3   0.0001042262895980
20508.2   0.0001038716895458
20509.1   0.0001037483734296
20510.0   0.0001036522926648
20510.9   0.0001036157760325
20511.8   0.0001033562688416
20512.7   0.0001029674680031
20513.6   0.0001030508277219
20514.5   0.0001035520670010
20515.4   0.0001040486817469
20516.3   0.0001043890216282
20517.2   0.0001040913190851
20518.1   0.0001030928959418
20519.0   0.0001026019974341
20519.9   0.0001031849642438
20520.8   0.0001039898120104
20521.7   0.0001044992158101
20522.6   0.0001044514993598
20523.5   0.0001035738509870
20524.4   0.0001027448282219
20525.3   0.0001029973198668
20526.2   0.0001038247677134
20527.1   0.0001044521150097
20528.0   0.0001047516394472
20528.9   0.0001044659384987
20529.8   0.0001036167066661
20530.7   0.0001028721174278
20531.6   0.0001026534722126
20532.5   0.0001030072454326
20533.4   0.0001037042542363
20534.3   0.0001039445867948
20535.2   0.0001033082803600
20536.1   0.0001025671022519
20537.0   0.0001024969002611
20537.9   0.0001029627289303
20538.8   0.0001037503027047
20539.7   0.0001045868707610
20540.6   0.0001046051004423
20541.5   0.0001035522996594
20542.4   0.0001026046318432
20543.3   0.0001025025484915
20544.2   0.0001028430387059
20545.1   0.0001033117594981
20546.0   0.0001034839696740
20546.9   0.0001028583476293
20547.8   0.0001019595130237
20548.7   0.0001017751330232
20549.6   0.0001022956292600
20550.5   0.0001031083659364
20551.4   0.0001040007970667
20552.3   0.0001043280937596
20553.2   0.0001035540678634
20554.1   0.0001023005007692
20555.0   0.0001016901733305
20555.9   0.0001020417309265
20556.8   0.0001029457913980
20557.7   0.0001036627300791
20558.6   0.0001034406987891
20559.5   0.0001022487646975
20560.4   0.0001009752677260
20561.3   0.0001003744935995
20562.2   0.0001004135444188
20563.1   0.0001009518551312
20564.0   0.0001017448480569
20564.9   0.0001021047956732
20565.8   0.0001016982591051
20566.7   0.0001012477107245
20567.6   0.0001013687253121
20568.5   0.0001018198141761
20569.4   0.0001024941835268
20570.3   0.0001032472415312
20571.2   0.0001033407451566
20572.1   0.0001024412519487
20573.0   0.0001013326775759
20573.9   0.0001007958952503
20574.8   0.0001008935974652
20575.7   0.0001015530015111
20576.6   0.0001024158671265
20577.5   0.0001027747230379
20578.4   0.0001023903212330
20579.3   0.0001017296823079
20580.2   0.0001011803972773
20581.1   0.0001006916893380
20582.0   0.0001003228828054
20582.9   0.0001001188199034
20583.8   0.0000999187372499
20584.7   0.0000997235475817
20585.6   0.0000996919812044
20586.5   0.0000999181072825
20587.4   0.0001004474767531
20588.3   0.0001014379572963
20589.2   0.0001027516218475
20590.1   0.0001037536315097
20591.0   0.0001038252545064
20591.9   0.0001029037625510
20592.8   0.0001015727166269
20593.7   0.0001005428702807
20594.6   0.0001002967713730
20595.5   0.0001007771358238
20596.4   0.0001013663414582
20597.3   0.0001015580161947
20598.2   0.0001013824807932
20599.1   0.0001011776447494
20600.0   0.0001008734564056
20600.9   0.0000998611704004
20601.8   0.0000983274396279
20602.7   0.0000976330974475
20603.6   0.0000985143752916
20604.5   0.0001003691102418
20605.4   0.0001022372928482
20606.3   0.0001034404124402
20607.2   0.0001036776452728
20608.1   0.0001031409774868
20609.0   0.0001023833235839
20609.9   0.0001016932730564
20610.8   0.0001013083951966
20611.7   0.0001016767113569
20612.6   0.0001024783663342
20613.5   0.0001026814413328
20614.4   0.0001019189803493
20615.3   0.0001008997253298
20616.2   0.0001004126817930
20617.1   0.0001004601620055
20618.0   0.0001008650413299
20618.9   0.0001017423174493
20619.8   0.0001028429528013
20620.7   0.0001035336655105
20621.6   0.0001033391093890
20622.5   0.0001023109310247
20623.4   0.0001010466079533
20624.3   0.0001003100937515
20625.2   0.0001006223678699
20626.1   0.0001015703363524
20627.0   0.0001017207768598
20627.9   0.0000997461762966
20628.8   0.0000961308614651
20629.7   0.0000933908433668
20630.6   0.0000933914769135
20631.5   0.0000954041726070
20632.4   0.0000978229431310
20633.3   0.0000999202620573
20634.2   0.0001012240726300
20635.1   0.0001012602313263
20636.0   0.0001002606055180
20636.9   0.0000991249031745
20637.8   0.0000986448823423
20638.7   0.0000991488741495
20639.6   0.0001004776149657
20640.5   0.0001019289667641
20641.4   0.0001026485684891
20642.3   0.0001020991259667
20643.2   0.0001003806035673
20644.1   0.0000983292865778
20645.0   0.0000971592939640
20645.9   0.0000976169581126
20646.8   0.0000992681885410
20647.7   0.0001009967152520
20648.6   0.0001020155514863
20649.5   0.0001020741563502
20650.4   0.0001013095083776
20651.3   0.0001001808430562
20652.2   0.0000993765715666
20653.1   0.0000996091727072
20654.0   0.0001009315422623
20654.9   0.0001025140131820
20655.8   0.0001033928928548
20656.7   0.0001030269390722
20657.6   0.0001015101315145
20658.5   0.0000995525221739
20659.4   0.0000981851815378
20660.3   0.0000982312407443
20661.2   0.0000996078948756
20662.1   0.0001013316109266
20663.0   0.0001024182187661
20663.9   0.0001024698939887
20664.8   0.0001015230028936
20665.7   0.0000999123122984
20666.6   0.0000983926018796
20667.5   0.0000978948954289
20668.4   0.0000987371868821
20669.3   0.0001003107022428
20670.2   0.0001016943576025
20671.1   0.0001022042875682
20672.0   0.0001015230207904
20672.9   0.0000998662280363
20673.8   0.0000979979559460
20674.7   0.0000968927318542
20675.6   0.0000971879896944
20676.5   0.0000986372010354
20677.4   0.0001003854285448
20678.3   0.0001015777205724
20679.2   0.0001014837695269
20680.1   0.0001000000531539
20681.0   0.0000980694321890
20681.9   0.0000969938774136
20682.8   0.0000975410577804
20683.7   0.0000993337516810
20684.6   0.0001011571242776
20685.5   0.0001021912551178
20686.4   0.0001022565390678
20687.3   0.0001014042433029
20688.2   0.0001000008191370
20689.1   0.0000987005736070
20690.0   0.0000982504225354
20690.9   0.0000987732310389
20691.8   0.0000995350047853
20692.7   0.0001001611064643
20693.6   0.0001007334067807
20694.5   0.0001006925376464
20695.4   0.0000990701425434
20696.3   0.0000956007582256
20697.2   0.0000916664866103
20698.1   0.0000898474414602
20699.0   0.0000915164613086
20699.9   0.0000953373781670
20700.8   0.0000986066977282
20701.7   0.0000998507115100
20702.6   0.0000995382297888
20703.5   0.0000988645476753
20704.4   0.0000985903830046
20705.3   0.0000988727909417
20706.2   0.0000995116100873
20707.1   0.0001000585685338
20708.0   0.0001003915922030
20708.9   0.0001007696513817
20709.8   0.0001010433650530
20710.7   0.0001006576353055
20711.6   0.0000995251150132
20712.5   0.0000983190030760
20713.4   0.0000978374216428
20714.3   0.0000979666759175
20715.2   0.0000979639591832
20716.1   0.0000977917311104
20717.0   0.0000980142456140
20717.9   0.0000986905263431
20718.8   0.0000992118529915
20719.7   0.0000990720825566
20720.6   0.0000984343622746
20721.5   0.0000979288957711
20722.4   0.0000979874648413
20723.3   0.0000986751315150
20724.2   0.0000997133786195
20725.1   0.0001004934035233
20726.0   0.0001005875299574
20726.9   0.0001002200728435
20727.8   0.0000998571149854
20728.7   0.0000996259849618
20729.6   0.0000994139579835
20730.5   0.0000989862280239
20731.4   0.0000983524844110
20732.3   0.0000980676926199
20733.2   0.0000983485650116
20734.1   0.0000983973230557
20735.0   0.0000975265613718
20735.9   0.0000962229082909
20736.8   0.0000956903138168
20737.7   0.0000966206575299
20738.6   0.0000983938045446
20739.5   0.0000998866232305
20740.4   0.0001005774433205
20741.3   0.0001005636949981
20742.2   0.0001000609953400
20743.1   0.0000992874633955
20744.0   0.0000987749849254
20744.9   0.0000991120747477
20745.8   0.0001001974333905
20746.7   0.0001012560935860
20747.6   0.0001016605756013
20748.5   0.0001014051560398
20749.4   0.0001008601555033
20750.3   0.0001004058022628
20751.2   0.0001002641132909
20752.1   0.0001004155595986
20753.0   0.0001007579755088
20753.9   0.0001012155036418
20754.8   0.0001015282609737
20755.7   0.0001015196991442
20756.6   0.0001014179057206
20757.5   0.0001012943927396
20758.4   0.0001008974238012
20759.3   0.0001002788781516
20760.2   0.0000997421495164
20761.1   0.0000993349829809
20762.0   0.0000991286471852
20762.9   0.0000993514730932
20763.8   0.0000998935528718
20764.7   0.0001004011276184
20765.6   0.0001005629433325
20766.5   0.0001002357647585
20767.4   0.0000997333621872
20768.3   0.0000995926575394
20769.2   0.0000999275890075
20770.1   0.0001004474767531
20771.0   0.0001008569985076
20771.9   0.0001010569057725
20772.8   0.0001011794236914
20773.7   0.0001013185212065
20774.6   0.0001012879105184
20775.5   0.0001009132803668
20776.4   0.0001004081467437
20777.3   0.0001001066429201
20778.2   0.0001001063207777
20779.1   0.0001002683154598
20780.0   0.0001003669733638
20780.9   0.0001003731227046
20781.8   0.0001004072447450
20782.7   0.0001004309508473
20783.6   0.0001002938112422
20784.5   0.0000999929302272
20785.4   0.0000996699574014
20786.3   0.0000993980011959
20787.2   0.0000992040034546
20788.1   0.0000991854659484
20789.0   0.0000993697886791
20789.9   0.0000995158910021
20790.8   0.0000992727844394
20791.7   0.0000985843625208
20792.6   0.0000978205055867
20793.5   0.0000974656442412
20794.4   0.0000976830975296
20795.3   0.0000981611926660
20796.2   0.0000984246120975
20797.1   0.0000981486004770
20798.0   0.0000973414726580
20798.9   0.0000966209152438
20799.8   0.0000967290727697
20800.7   0.0000974275097381
20801.6   0.0000974651037579
20802.5   0.0000959028275881
20803.4   0.0000934389213325
20804.3   0.0000920158393205
20805.2   0.0000928964764591
20806.1   0.0000954444583055
20807.0   0.0000979469178495
20807.9   0.0000994294924066
20808.8   0.0000999967708807
20809.7   0.0001001179680156
20810.6   0.0001001403998658
20811.5   0.0000999657091932
20812.4   0.0000994521783912
20813.3   0.0000989743409688
20814.2   0.0000989228232380
20815.1   0.0000990627225298
20816.0   0.0000989868078802
20816.9   0.0000986460993248
20817.8   0.0000982903001869
20818.7   0.0000981896593173
20819.6   0.0000984282236719
20820.5   0.0000990067592337
20821.4   0.0000998121975947
20822.3   0.0001004264551709
20823.2   0.0001004526095556
20824.1   0.0001000966851401
20825.0   0.0000997758993034
20825.9   0.0000994218075203
20826.8   0.0000989957169076
20827.7   0.0000988366071899
20828.6   0.0000990456561406
20829.5   0.0000993003705682
20830.4   0.0000992920235003
20831.3   0.0000990488453505
20832.2   0.0000987697017898
20833.1   0.0000986471659741
20834.0   0.0000991620461949
20834.9   0.0001007978102080
20835.8   0.0001029029571950
20836.7   0.0001038595841497
20837.6   0.0001027731982305
20838.5   0.0001000527305974
20839.4   0.0000967535054821
20840.3   0.0000942526244361
20841.2   0.0000938196292377
20842.1   0.0000953432089447
20843.0   0.0000971858241815
20843.9   0.0000980709784726
20844.8   0.0000980748907132
20845.7   0.0000979818416665
20846.6   0.0000982495205366
20847.5   0.0000984576424331
20848.4   0.0000981552652456
20849.3   0.0000976813543812
20850.2   0.0000975526119550
20851.1   0.0000978066033519
20852.0   0.0000980883276312
20852.9   0.0000980742285316
20853.8   0.0000979010805633
20854.7   0.0000979009302301
20855.6   0.0000981992949549
20856.5   0.0000988281563205
20857.4   0.0000994939280481
20858.3   0.0000996433090650
20859.2   0.0000991582341763
20860.1   0.0000984628504021
20861.0   0.0000980764477349
20861.9   0.0000981182009711
20862.8   0.0000983682622305
20863.7   0.0000988265957195
20864.6   0.0000994511546942
20865.5   0.0000997996805723
20866.4   0.0000995910002956
20867.3   0.0000989664341622
20868.2   0.0000983152017955
20869.1   0.0000980796834765
20870.0   0.0000983613397480
20870.9   0.0000988965185202
20871.8   0.0000993192624311
20872.7   0.0000993251612167
20873.6   0.0000988986196046
20874.5   0.0000982510882964
20875.4   0.0000976242671660
20876.3   0.0000972672582044
20877.2   0.0000973561444553
20878.1   0.0000978990403280
20879.0   0.0000986687029842
20879.9   0.0000992105429456
20880.8   0.0000991857952495
20881.7   0.0000987171711001
20882.6   0.0000981973764178
20883.5   0.0000978756241538
20884.4   0.0000978108126794
20885.3   0.0000980496132718
20886.2   0.0000985763877063
20887.1   0.0000990573105373
20888.0   0.0000988882036666
20888.9   0.0000979478234276
20889.8   0.0000970309774816
20890.7   0.0000968393564355
20891.6   0.0000971792488969
20892.5   0.0000976889354660
20893.4   0.0000983703239420
20894.3   0.0000990930218136
20895.2   0.0000993634675291
20896.1   0.0000989778057894
20897.0   0.0000983926305145
20897.9   0.0000979880912294
20898.8   0.0000975664068091
20899.7   0.0000970003990078
20900.6   0.0000967540602830
20901.5   0.0000972011366842
20902.4   0.0000978259104206
20903.3   0.0000978038866175
20904.2   0.0000971074397734
20905.1   0.0000964110215641
20906.0   0.0000961456585400
20906.9   0.0000961126282044
20907.8   0.0000961192392827
20908.7   0.0000964366998939
20909.6   0.0000971850689365
20910.5   0.0000979612496075
20911.4   0.0000983425982182
20912.3   0.0000981795726804
20913.2   0.0000972888918572
20914.1   0.0000951860857718
20915.0   0.0000918341545783
20915.9   0.0000886826926091
20916.8   0.0000881014582097
20917.7   0.0000907877322152
20918.6   0.0000945830924421
20919.5   0.0000971936307660
20920.4   0.0000982617655277
20921.3   0.0000984749629569
20922.2   0.0000982761080239
20923.1   0.0000975826105725
20924.0   0.0000965013359796
20924.9   0.0000956867094011
20925.8   0.0000956390681174
20926.7   0.0000961969113981
20927.6   0.0000969234713993
20928.5   0.0000975586038039
20929.4   0.0000979734122734
20930.3   0.0000981416493595
20931.2   0.0000981957191741
20932.1   0.0000982454830184
20933.0   0.0000982958839888
20933.9   0.0000982952468627
20934.8   0.0000980889504399
20935.7   0.0000975539184215
20936.6   0.0000968956848264
20937.5   0.0000964927741501
20938.4   0.0000965020339548
20939.3   0.0000968104960546
20940.2   0.0000971887699949
20941.1   0.0000974954531526
20942.0   0.0000977418491472
20942.9   0.0000978851058789
20943.8   0.0000977868953948
20944.7   0.0000974455246578
20945.6   0.0000969904734421
20946.5   0.0000965377452311
20947.4   0.0000962476345109
20948.3   0.0000962147867227
20949.2   0.0000962635089732
20950.1   0.0000961264552727
20951.0   0.0000957701478657
20951.9   0.0000954031811242
20952.8   0.0000952563163975
20953.7   0.0000953497198009
20954.6   0.0000955379511929
20955.5   0.0000957826648882
20956.4   0.0000961149404711
20957.3   0.0000964488303454
20958.2   0.0000966259227686
20959.1   0.0000965909381025
20960.0   0.0000963982826213
20960.9   0.0000961548753924
20961.8   0.0000960183550166
20962.7   0.0000961014892356
20963.6   0.0000964415570856
20964.5   0.0000969124899223
20965.4   0.0000971888129472
20966.3   0.0000971367260982
20967.2   0.0000969493179590
20968.1   0.0000967668529162
20969.0   0.0000965176578619
20969.9   0.0000961130935213
20970.8   0.0000956805171080
20971.7   0.0000954962981787
20972.6   0.0000956989937651
20973.5   0.0000961808508091
20974.4   0.0000966993032313
20975.3   0.0000970804836120
20976.2   0.0000972630560356
20977.1   0.0000972569353297
20978.0   0.0000971678199999
20978.9   0.0000971526327747
20979.8   0.0000972840310861
20980.7   0.0000973974359541
20981.6   0.0000971919520461
20982.5   0.0000966326949181
20983.4   0.0000960810546685
20984.3   0.0000958345835073
20985.2   0.0000958360725211
20986.1   0.0000959207243889
20987.0   0.0000959785203174
20987.9   0.0000958858005718
20988.8   0.0000955889284403
20989.7   0.0000952906818344
20990.6   0.0000953133284461
20991.5   0.0000956941437321
20992.4   0.0000961172706346
20993.3   0.0000963464427481
20994.2   0.0000964321541065
20995.1   0.0000964590923710
20996.0   0.0000964197122505
20996.9   0.0000963300886515
20997.8   0.0000962458591483
20998.7   0.0000962167696883
20999.6   0.0000962746085691
21000.5   0.0000963491737999
21001.4   0.0000963142034511
21002.3   0.0000961664725193
21003.2   0.0000960000895417
21004.1   0.0000958097069542
21005.0   0.0000955358823227
21005.9   0.0000952621758101
21006.8   0.0000951356239523
21007.7   0.0000951020710302
21008.6   0.0000949710234961
21009.5   0.0000947576506783
21010.4   0.0000946320616684
21011.3   0.0000945939915937
21012.2   0.0000945364497998
21013.1   0.0000944987734548
21014.0   0.0000945800786208
21014.9   0.0000947448294102
21015.8   0.0000948914614785
21016.7   0.0000950148742374
21017.6   0.0000951389849715
21018.5   0.0000952018635914
21019.4   0.0000951060763342
21020.3   0.0000947485984764
21021.2   0.0000940957768739
21022.1   0.0000933656661474
21023.0   0.0000929857385428
21023.9   0.0000931889209222
21024.8   0.0000937752952827
21025.7   0.0000943512358084
21026.6   0.0000946886048208
21027.5   0.0000948463257469
21028.4   0.0000949356773145
21029.3   0.0000949703004653
21030.2   0.0000949578049190
21031.1   0.0000949224050470
21032.0   0.0000948933084283
21032.9   0.0000948794742013
21033.8   0.0000948428287120
21034.7   0.0000947639539315
21035.6   0.0000946859668324
21036.5   0.0000946646517426
21037.4   0.0000947055280357
21038.3   0.0000947295562804
21039.2   0.0000946040030641
21040.1   0.0000942079933942
21041.0   0.0000936290139918
21041.9   0.0000931889746126
21042.8   0.0000930453563656
21043.7   0.0000929383120207
21044.6   0.0000925680737439
21045.5   0.0000920513966844
21046.4   0.0000918144358831
21047.3   0.0000921467043073
21048.2   0.0000928975216323
21049.1   0.0000936449063509
21050.0   0.0000940797878721
21050.9   0.0000941674249262
21051.8   0.0000939814485311
21052.7   0.0000935766622701
21053.6   0.0000929794030753
21054.5   0.0000921375876770
21055.4   0.0000911390356767
21056.3   0.0000900494820238
21057.2   0.0000884482731536
21058.1   0.0000856783781360
21059.0   0.0000821248394815
21059.9   0.0000796409496581
21060.8   0.0000800061195608
21061.7   0.0000831493418429
21062.6   0.0000871205667724
21063.5   0.0000901760553577
21064.4   0.0000918557273819
21065.3   0.0000924705182828
21066.2   0.0000925310810567
21067.1   0.0000924158721912
21068.0   0.0000923627974388
21068.9   0.0000924388874771
21069.8   0.0000925870085592
21070.7   0.0000927373846381
21071.6   0.0000928539357636
21072.5   0.0000929171544228
21073.4   0.0000929288016607
21074.3   0.0000929255587604
21075.2   0.0000929046982494
21076.1   0.0000927756479982
21077.0   0.0000924824232347
21077.9   0.0000920961637419
21078.8   0.0000917819997214
21079.7   0.0000916460269877
21080.6   0.0000916392798938
21081.5   0.0000916217016560
21082.4   0.0000914574841913
21083.3   0.0000911795468750
21084.2   0.0000910615675848
21085.1   0.0000912919029904
21086.0   0.0000917043562408
21086.9   0.0000920807295409
21087.8   0.0000923984228105
21088.7   0.0000926118707948
21089.6   0.0000923324730995
21090.5   0.0000909633964737
21091.4   0.0000885944470637
21092.3   0.0000863946152625
21093.2   0.0000857015688105
21094.1   0.0000867447053209
21095.0   0.0000885663311897
21095.9   0.0000902757047445
21096.8   0.0000915596319715
21097.7   0.0000923392094554
21098.6   0.0000926179521277
21099.5   0.0000925863821711
21100.4   0.0000925352653287
21101.3   0.0000925287974249
21102.2   0.0000924585882754
21103.1   0.0000922700848520
21104.0   0.0000920159824950
21104.9   0.0000918268813184
21105.8   0.0000918095285804
21106.7   0.0000918786281282
21107.6   0.0000918000754902
21108.5   0.0000915018109875
21109.4   0.0000912500781669
21110.3   0.0000913291677090
21111.2   0.0000916089662926
21112.1   0.0000917550328219
21113.0   0.0000917078353789
21113.9   0.0000916622450686
21114.8   0.0000917889973705
21115.7   0.0000920754392466
21116.6   0.0000923389517414
21117.5   0.0000924568093334
21118.4   0.0000924608325342
21119.3   0.0000924214094614
21120.2   0.0000923646300712
21121.1   0.0000921353040452
21122.0   0.0000914683403907
21122.9   0.0000904504061551
21123.8   0.0000897870862892
21124.7   0.0000901102667180
21125.6   0.0000911290850555
21126.5   0.0000920042028207
21127.4   0.0000922576143612
21128.3   0.0000920805827871
21129.2   0.0000919020944134
21130.1   0.0000918305000515
21131.0   0.0000916922222099
21131.9   0.0000914382773447
21132.8   0.0000912657808199
21133.7   0.0000913375076182
21134.6   0.0000915504795476
21135.5   0.0000916494739115
21136.4   0.0000914210749398
21137.3   0.0000907794710520
21138.2   0.0000899328306762
21139.1   0.0000893624023651
21140.0   0.0000893785810731
21140.9   0.0000897421474225
21141.8   0.0000899913460561
21142.7   0.0000901389123373
21143.6   0.0000905308844889
21144.5   0.0000911312469890
21145.4   0.0000915179968542
21146.3   0.0000914900671068
21147.2   0.0000912173127040
21148.1   0.0000909210920160
21149.0   0.0000907535564844
21149.9   0.0000907621290520
21150.8   0.0000908537141404
21151.7   0.0000909548775965
21152.6   0.0000910327072038
21153.5   0.0000909940536935
21154.4   0.0000908353949751
21155.3   0.0000907750254867
21156.2   0.0000909973824984
21157.1   0.0000913840285621
21158.0   0.0000916509736634
21158.9   0.0000915216478015
21159.8   0.0000907120967557
21160.7   0.0000889825857206
21161.6   0.0000865600532890
21162.5   0.0000843690302932
21163.4   0.0000836579939770
21164.3   0.0000849345226666
21165.2   0.0000872329551021
21166.1   0.0000892164646927
21167.0   0.0000903826238118
21167.9   0.0000909857674747
21168.8   0.0000913323318634
21169.7   0.0000914187805699
21170.6   0.0000912201225017
21171.5   0.0000909631924502
21172.4   0.0000909832189703
21173.3   0.0000913500282200
21174.2   0.0000918083366534
21175.1   0.0000920522235166
21176.0   0.0000919235920505
21176.9   0.0000915025841293
21177.8   0.0000911858250727
21178.7   0.0000913493302448
21179.6   0.0000918925697360
21180.5   0.0000924427424480
21181.4   0.0000927561941758
21182.3   0.0000928050846562
21183.2   0.0000926817291670
21184.1   0.0000924550339707
21185.0   0.0000922015651605
21185.9   0.0000920404366836
21186.8   0.0000919768314535
21187.7   0.0000918261582877
21188.6   0.0000914370961558
21189.5   0.0000908724664083
21190.4   0.0000903680164430
21191.3   0.0000900941667560
21192.2   0.0000899064185776
21193.1   0.0000895270887260
21194.0   0.0000890191417259
21194.9   0.0000888232862967
21195.8   0.0000892532139835
21196.7   0.0000901314064191
21197.6   0.0000909169757518
21198.5   0.0000912512486177
21199.4   0.0000911930160073
21200.3   0.0000908873422291
21201.2   0.0000903289584650
21202.1   0.0000894964243476
21203.0   0.0000886995621335
21203.9   0.0000884167568874
21204.8   0.0000886517204056
21205.7   0.0000888527587483
21206.6   0.0000886496050038
21207.5   0.0000883969093353
21208.4   0.0000886091546546
21209.3   0.0000891977517978
21210.2   0.0000896712080835
21211.1   0.0000898120738025
21212.0   0.0000898122384531
21212.9   0.0000899482004487
21213.8   0.0000903222256885
21214.7   0.0000908292885867
21215.6   0.0000913300195967
21216.5   0.0000917897955678
21217.4   0.0000921643433942
21218.3   0.0000923837796481
21219.2   0.0000924686677536
21220.1   0.0000924664199154
21221.0   0.0000923850682177
21221.9   0.0000921831099795
21222.8   0.0000917932174361
21223.7   0.0000912125915280
21224.6   0.0000906843638732
21225.5   0.0000905687147465
21226.4   0.0000909401019978
21227.3   0.0000915546530815
21228.2   0.0000921358302111
21229.1   0.0000925693551549
21230.0   0.0000928185860027
21230.9   0.0000928628089975
21231.8   0.0000927287118485
21232.7   0.0000924901653907
21233.6   0.0000922771505089
21234.5   0.0000920614618451
21235.4   0.0000915454290704
21236.3   0.0000905553494156
21237.2   0.0000895055552953
21238.1   0.0000891221521319
21239.0   0.0000896682479526
21239.9   0.0000907052530191
21240.8   0.0000915581286403
21241.7   0.0000919191786995
21242.6   0.0000918977490702
21243.5   0.0000917172347787
21244.4   0.0000915386032306
21245.3   0.0000913765727549
21246.2   0.0000911984602141
21247.1   0.0000911016421011
21248.0   0.0000912455610144
21248.9   0.0000916068294146
21249.8   0.0000919498251811
21250.7   0.0000920672246150
21251.6   0.0000919495531498
21252.5   0.0000917816847377
21253.4   0.0000918112251971
21254.3   0.0000921018656626
21255.2   0.0000924371693842
21256.1   0.0000924786112161
21257.0   0.0000919481464612
21257.9   0.0000908618965577
21258.8   0.0000897854183074
21259.7   0.0000894086763333
21260.6   0.0000898429278871
21261.5   0.0000906685395219
21262.4   0.0000913804635194
21263.3   0.0000916881023663
21264.2   0.0000915798875707
21265.1   0.0000913083573090
21266.0   0.0000912261250887
21266.9   0.0000914090447103
21267.8   0.0000916327511408
21268.7   0.0000917739819546
21269.6   0.0000919460704323
21270.5   0.0000922185993355
21271.4   0.0000924508819130
21272.3   0.0000925033195393
21273.2   0.0000923860382243
21274.1   0.0000921571023486
21275.0   0.0000919248734615
21275.9   0.0000918225252371
21276.8   0.0000918710935751
21277.7   0.0000919788108397
21278.6   0.0000920722571954
21279.5   0.0000921454837455
21280.4   0.0000921635308794
21281.3   0.0000920577178344
21282.2   0.0000918508522934
21283.1   0.0000916784452526
21284.0   0.0000916323824667
21284.9   0.0000916267771887
21285.8   0.0000915520222518
21286.7   0.0000914367239024
21287.6   0.0000913366414130
21288.5   0.0000912317554223
21289.4   0.0000911128311810
21290.3   0.0000910519283679
21291.2   0.0000911136794893
21292.1   0.0000912382770165
21293.0   0.0000912463520530
21293.9   0.0000910354525731
21294.8   0.0000907602284118
21295.7   0.0000906867119335
21296.6   0.0000908883480293
21297.5   0.0000911890500762
21298.4   0.0000913843256490
21299.3   0.0000914504758041
21300.2   0.0000914931990470
21301.1   0.0000915840038348
21302.0   0.0000916783414512
21302.9   0.0000916982212175
21303.8   0.0000916523660345
21304.7   0.0000915876333060
21305.6   0.0000915019255270
21306.5   0.0000913497024982
21307.4   0.0000911274457085
21308.3   0.0000909106367050
21309.2   0.0000908011333396
21310.1   0.0000908518922461
21311.0   0.0000910283833368
21311.9   0.0000912392684992
21312.8   0.0000913763365172
21313.7   0.0000913656771826
21314.6   0.0000911964772485
21315.5   0.0000908742883026
21316.4   0.0000904582735888
21317.3   0.0000901196339035
21318.2   0.0000900697841546
21319.1   0.0000903874738448
21320.0   0.0000908412221734
21320.9   0.0000910313577851
21321.8   0.0000907592798813
21322.7   0.0000901386725202
21323.6   0.0000894806107344
21324.5   0.0000890837527561
21325.4   0.0000890373141374
21326.3   0.0000891930485186
21327.2   0.0000893468321484
21328.1   0.0000894520617577
21329.0   0.0000895666621320
21329.9   0.0000896959164066
21330.8   0.0000897867247739
21331.7   0.0000898470692068
21332.6   0.0000899187029416
21333.5   0.0000899202635427
21334.4   0.0000897417787484
21335.3   0.0000894171737343
21336.2   0.0000890606551450
21337.1   0.0000887717506692
21338.0   0.0000886830147515
21338.9   0.0000888882123107
21339.8   0.0000892252305458
21340.7   0.0000894055229170
21341.6   0.0000893491981055
21342.5   0.0000892030599889
21343.4   0.0000891547171506
21344.3   0.0000892550680921
21345.2   0.0000893934139415
21346.1   0.0000894990515979
21347.0   0.0000896051939441
21347.9   0.0000897020299538
21348.8   0.0000896657388211
21349.7   0.0000892808287471
21350.6   0.0000882784539902
21351.5   0.0000863425642071
21352.4   0.0000836288615647
21353.3   0.0000813459742903
21354.2   0.0000811210830915
21355.1   0.0000832516864879
21356.0   0.0000861647738086
21356.9   0.0000882790946957
21357.8   0.0000892519683662
21358.7   0.0000895125744206
21359.6   0.0000894860227269
21360.5   0.0000893084900424
21361.4   0.0000890654407496
21362.3   0.0000888918525199
21363.2   0.0000888993799144
21364.1   0.0000890247649007
21365.0   0.0000890167936656
21365.9   0.0000887122080129
21366.8   0.0000882242195251
21367.7   0.0000877895921384
21368.6   0.0000876029141887
21369.5   0.0000876857727970
21370.4   0.0000877957164237
21371.3   0.0000877090279000
21372.2   0.0000875322003494
21373.1   0.0000875421044390
21374.0   0.0000878244909000
21374.9   0.0000882382506169
21375.8   0.0000885803873370
21376.7   0.0000887102572617
21377.6   0.0000886336983272
21378.5   0.0000885141154837
21379.4   0.0000885193986193
21380.3   0.0000886259167982
21381.2   0.0000886980659610
21382.1   0.0000886367193072
21383.0   0.0000883634172623
21383.9   0.0000878242761384
21384.8   0.0000871455471270
21385.7   0.0000865778462884
21386.6   0.0000862463867996
21387.5   0.0000861518666359
21388.4   0.0000863611876180
21389.3   0.0000869513274654
21390.2   0.0000877118126422
21391.1   0.0000882621464253
21392.0   0.0000884249214079
21392.9   0.0000883110046915
21393.8   0.0000880881107757
21394.7   0.0000878100195469
21395.6   0.0000875548684373
21396.5   0.0000874765090847
21397.4   0.0000876426594039
21398.3   0.0000879425632535
21399.2   0.0000881668781753
21400.1   0.0000881858452048
21401.0   0.0000880638964042
21401.9   0.0000879710728572
21402.8   0.0000879858556147
21403.7   0.0000880495968604
21404.6   0.0000881024819067
21405.5   0.0000881571709506
21406.4   0.0000882376421257
21407.3   0.0000883150529478
21408.2   0.0000883154860504
21409.1   0.0000881984194970
21410.0   0.0000879968943614
21410.9   0.0000877866534837
21411.8   0.0000876625212734
21412.7   0.0000876774185704
21413.6   0.0000877814741496
21414.5   0.0000878635095051
21415.4   0.0000878621171340
21416.3   0.0000878188462490
21417.2   0.0000877782169318
21418.1   0.0000876846989890
21419.0   0.0000874793833109
21419.9   0.0000872627389580
21420.8   0.0000872070083203
21421.7   0.0000872981960997
21422.6   0.0000873036975762
21423.5   0.0000869221735769
21424.4   0.0000859677085557
21425.3   0.0000845958758226
21426.2   0.0000834342875464
21427.1   0.0000831008594096
21428.0   0.0000836200312832
21428.9   0.0000846121726494
21429.8   0.0000856709903367
21430.7   0.0000865482127656
21431.6   0.0000870828295783
21432.5   0.0000871718733210
21433.4   0.0000869290459484
21434.3   0.0000866226992505
21435.2   0.0000864574903030
21436.1   0.0000864656190300
21437.0   0.0000865409538232
21437.9   0.0000865336483491
21438.8   0.0000863495403800
21439.7   0.0000859295132035
21440.6   0.0000852739641285
21441.5   0.0000845812255015
21442.4   0.0000841980907901
21443.3   0.0000842776384902
21444.2   0.0000846900953200
21445.1   0.0000852851388909
21446.0   0.0000858759480787
21446.9   0.0000862013656075
21447.8   0.0000860718894125
21448.7   0.0000854390299016
21449.6   0.0000844725990794
21450.5   0.0000835511357588
21451.4   0.0000831205637872
21452.3   0.0000834131478453
21453.2   0.0000842469240007
21454.1   0.0000852133906165
21455.0   0.0000858953159965
21455.9   0.0000860225944644
21456.8   0.0000856369327247
21457.7   0.0000851597145316
21458.6   0.0000851612608152
21459.5   0.0000858131124111
21460.4   0.0000867158950510
21461.3   0.0000873671667906
21462.2   0.0000875585229640
21463.1   0.0000874098649779
21464.0   0.0000871514566506
21464.9   0.0000868771774404
21465.8   0.0000866094806735
21466.7   0.0000863984415985
21467.6   0.0000862902625964
21468.5   0.0000863128233035
21469.4   0.0000864987782225
21470.3   0.0000868417310367
21471.2   0.0000872025913898
21472.1   0.0000873932531674
21473.0   0.0000873404719225
21473.9   0.0000871099503902
21474.8   0.0000868254843210
21475.7   0.0000865955175895
21476.6   0.0000865108084520
21477.5   0.0000865930872039
21478.4   0.0000867621439636
21479.3   0.0000869453248784
21480.2   0.0000870708924122
21481.1   0.0000870214865039
21482.0   0.0000867661170534
21482.9   0.0000863870628126
21483.8   0.0000859435049223
21484.7   0.0000854177506054
21485.6   0.0000848793897820
21486.5   0.0000845306312456
21487.4   0.0000845246214999
21488.3   0.0000848405823592
21489.2   0.0000853048038956
21490.1   0.0000858020450295
21491.0   0.0000862962401279
21491.9   0.0000867172731046
21492.8   0.0000869993946930
21493.7   0.0000871664076380
21494.6   0.0000872946238982
21495.5   0.0000874195149329
21496.4   0.0000875283060056
21497.3   0.0000876065758742
21498.2   0.0000877381066219
21499.1   0.0000881725264057
21500.0   0.0000890630461576
21500.9   0.0000899808370546
21501.8   0.0000901509103526
21502.7   0.0000894995849226
21503.6   0.0000887304520117
21504.5   0.0000882522852881
21505.4   0.0000879390841155
21506.3   0.0000876544390782
21507.2   0.0000874457015318
21508.1   0.0000873922187323
21509.0   0.0000874903540498
21509.9   0.0000877001224519
21510.8   0.0000879578864944
21511.7   0.0000881794238327
21512.6   0.0000882715959361
21513.5   0.0000881734820948
21514.4   0.0000879366036189
21515.3   0.0000877344091429
21516.2   0.0000877328020102
21517.1   0.0000878977854580
21518.0   0.0000880552415113
21518.9   0.0000880872051976
21519.8   0.0000879001800499
21520.7   0.0000874052690795
21521.6   0.0000867462014934
21522.5   0.0000863070426369
21523.4   0.0000863557469905
21524.3   0.0000867884701576
21525.2   0.0000872787923883
21526.1   0.0000876563969882
21527.0   0.0000879441310133
21527.9   0.0000881778345968
21528.8   0.0000883584347929
21529.7   0.0000884503527618
21530.6   0.0000884355019965
21531.5   0.0000883758698563
21532.4   0.0000883077045214
21533.3   0.0000881368616610
21534.2   0.0000878009494482
21535.1   0.0000874065862840
21536.0   0.0000871656022820
21536.9   0.0000871719162733
21537.8   0.0000872958158252
21538.7   0.0000874541881948
21539.6   0.0000876958486959
21540.5   0.0000879500405369
21541.4   0.0000880565945095
21542.3   0.0000880566374618
21543.2   0.0000881309378200
21544.1   0.0000883087854882
21545.0   0.0000884591579878
21545.9   0.0000884589897579
21546.8   0.0000883060258015
21547.7   0.0000881137783674
21548.6   0.0000879897141649
21549.5   0.0000879440093150
21550.4   0.0000879314457609
21551.3   0.0000879082586658
21552.2   0.0000879157860602
21553.1   0.0000880735141449
21554.0   0.0000883465620553
21554.9   0.0000885154720612
21555.8   0.0000884796068724
21556.7   0.0000883787154476
21557.6   0.0000883503168041
21558.5   0.0000883461217940
21559.4   0.0000882381897678
21560.3   0.0000879870904939
21561.2   0.0000877096292325
21562.1   0.0000875434610165
21563.0   0.0000875100083164
21563.9   0.0000875999934308
21564.8   0.0000878085090569
21565.7   0.0000881021669230
21566.6   0.0000884478758446
21567.5   0.0000887868734659
21568.4   0.0000889597458234
21569.3   0.0000888289452652
21570.2   0.0000884862072125
21571.1   0.0000881808985291
21572.0   0.0000881097659046
21572.9   0.0000882720827291
21573.8   0.0000885003922168
21574.7   0.0000886621685579
21575.6   0.0000887429225025
21576.5   0.0000887556936595
21577.4   0.0000886718220923
21578.3   0.0000884795746581
21579.2   0.0000882919517573
21580.1   0.0000882516875349
21581.0   0.0000883492000437
21581.9   0.0000884707479560
21582.8   0.0000885387092673
21583.7   0.0000885272803703
21584.6   0.0000884735899680
21585.5   0.0000885267613631
21586.4   0.0000887610412236
21587.3   0.0000889720337669
21588.2   0.0000889281436526
21589.1   0.0000886933841579
21590.0   0.0000884754798701
21590.9   0.0000882921199873
21591.8   0.0000880107071122
21592.7   0.0000876048971542
21593.6   0.0000872300021299
21594.5   0.0000870454288440
21595.4   0.0000870402423511
21596.3   0.0000871226463807
21597.2   0.0000872687487037
21598.1   0.0000874752205151
21599.0   0.0000876567835591
21599.9   0.0000877272432638
21600.8   0.0000877343125001
21601.7   0.0000878542353829
21602.6   0.0000881545902319
21603.5   0.0000884614953100
21604.4   0.0000885812571215
21605.3   0.0000885053388926
21606.2   0.0000883676051137
21607.1   0.0000882799251072
21608.0   0.0000882387445686
21608.9   0.0000881422092251
21609.8   0.0000878933255752
21610.7   0.0000874204240904
21611.6   0.0000867219584871
21612.5   0.0000860826024375
21613.4   0.0000859888804711
21614.3   0.0000865242990604
21615.2   0.0000871567147307
21616.1   0.0000873994884128
21617.0   0.0000872957907697
21617.9   0.0000871567111513
21618.8   0.0000871393261990
21619.7   0.0000872059917820
21620.6   0.0000872829444460
21621.5   0.0000872635264172
21622.4   0.0000869836419289
21623.3   0.0000863314180795
21624.2   0.0000854526243115
21625.1   0.0000847785627857
21626.0   0.0000847422752324
21626.9   0.0000853654525741
21627.8   0.0000861730385512
21628.7   0.0000867267190361
21629.6   0.0000870111564705
21630.5   0.0000872530746855
21631.4   0.0000875652450024
21632.3   0.0000878181160595
21633.2   0.0000878274116579
21634.1   0.0000875671349046
21635.0   0.0000871905217874
21635.9   0.0000868362832506
21636.8   0.0000865140978840
21637.7   0.0000861710269508
21638.6   0.0000858359165147
21639.5   0.0000856283136255
21640.4   0.0000855786249478
21641.3   0.0000855627755410
21642.2   0.0000854797451234
21643.1   0.0000853439477783
21644.0   0.0000851448924012
21644.9   0.0000847736268481
21645.8   0.0000841373812624
21646.7   0.0000832714195005
21647.6   0.0000823771521584
21648.5   0.0000816824162484
21649.4   0.0000812375375743
21650.3   0.0000807879377241
21651.2   0.0000798887093889
21652.1   0.0000782483924296
21653.0   0.0000760800983707
21653.9   0.0000740825075772
21654.8   0.0000731305910604
21655.7   0.0000737252051081
21656.6   0.0000754953025080
21657.5   0.0000776450733781
21658.4   0.0000795376779588
21659.3   0.0000809825582740
21660.2   0.0000821041937321
21661.1   0.0000830221170654
21662.0   0.0000837451156033
21662.9   0.0000842637827871
21663.8   0.0000846408433243
21664.7   0.0000849598788539
21665.6   0.0000853606920251
21666.5   0.0000859739115869
21667.4   0.0000866995087402
21668.3   0.0000871890828846
21669.2   0.0000871547389239
21670.1   0.0000866635469087
21671.0   0.0000861415616580
21671.9   0.0000859428785343
21672.8   0.0000860163520603
21673.7   0.0000861047479388
21674.6   0.0000860820082637
21675.5   0.0000859822765516
21676.4   0.0000858572244457
21677.3   0.0000857500261883
21678.2   0.0000857350859390
21679.1   0.0000858658184895
21680.0   0.0000860709122472
21680.9   0.0000862237187117
21681.8   0.0000862956423748
21682.7   0.0000863141297700
21683.6   0.0000862686003088
21684.5   0.0000861821193880
21685.4   0.0000861436877979
21686.3   0.0000861966372728
21687.2   0.0000863007429630
21688.1   0.0000863088323169
21689.0   0.0000860425529766
21689.9   0.0000855500437569
21690.8   0.0000851198762530
21691.7   0.0000849621803825
21692.6   0.0000850175602429
21693.5   0.0000850730331666
21694.4   0.0000850069402813
21695.3   0.0000849108058261
21696.2   0.0000848874039694
21697.1   0.0000848516390027
21698.0   0.0000846572403731
21698.9   0.0000843127627515
21699.8   0.0000840335225480
21700.7   0.0000840331180803
21701.6   0.0000842908892815
21702.5   0.0000846369310836
21703.4   0.0000849316949720
21704.3   0.0000850869855125
21705.2   0.0000850415884876
21706.1   0.0000848814013824
21707.0   0.0000848402387406
21707.9   0.0000850435428183
21708.8   0.0000854397994640
21709.7   0.0000859113157364
21710.6   0.0000863003921857
21711.5   0.0000865096702154
21712.4   0.0000865728387635
21713.3   0.0000865651288217
21714.2   0.0000864803874700
21715.1   0.0000862221724281
21716.0   0.0000858086203141
21716.9   0.0000854449537426
21717.8   0.0000853648834559
21718.7   0.0000856308406538
21719.6   0.0000860401798609
21720.5   0.0000863448442595
21721.4   0.0000864568710737
21722.3   0.0000863792991804
21723.2   0.0000861821981339
21724.1   0.0000860134348818
21725.0   0.0000859956955728
21725.9   0.0000861260988221
21726.8   0.0000862660231694
21727.7   0.0000862965085799
21728.6   0.0000862532949647
21729.5   0.0000862261097243
21730.4   0.0000862301579806
21731.3   0.0000861500984320
21732.2   0.0000858219498513
21733.1   0.0000852883746325
21734.0   0.0000848663501730
21734.9   0.0000848225853363
21735.8   0.0000851036868070
21736.7   0.0000854727367362
21737.6   0.0000857786682283
21738.5   0.0000860255796508
21739.4   0.0000861945147122
21740.3   0.0000861839555997
21741.2   0.0000859851722539
21742.1   0.0000857525997483
21743.0   0.0000856485728040
21743.9   0.0000856524671478
21744.8   0.0000856419760432
21745.7   0.0000856053233952
21746.6   0.0000856222645068
21747.5   0.0000856734708332
21748.4   0.0000856472842343
21749.3   0.0000855659719096
21750.2   0.0000855570915170
21751.1   0.0000855544034176
21752.0   0.0000853117049020
21752.9   0.0000847716367238
21753.8   0.0000841906564590
21754.7   0.0000837706078063
21755.6   0.0000835277840131
21756.5   0.0000835125609944
21757.4   0.0000837272939690
21758.3   0.0000840256515351
21759.2   0.0000842726094892
21760.1   0.0000844535103516
21761.0   0.0000845875860245
21761.9   0.0000846746217461
21762.8   0.0000847211928011
21763.7   0.0000847215221022
21764.6   0.0000846242887835
21765.5   0.0000843852483740
21766.4   0.0000840817937991
21767.3   0.0000838653140967
21768.2   0.0000838682276959
21769.1   0.0000841703793837
21770.0   0.0000847059769411
21770.9   0.0000852988120467
21771.8   0.0000857539849607
21772.7   0.0000859027610656
21773.6   0.0000856511248878
21774.5   0.0000850467463456
21775.4   0.0000843106652464
21776.3   0.0000834775834869
21777.2   0.0000822273917294
21778.1   0.0000805002001197
21779.0   0.0000791001656079
21779.9   0.0000788979460763
21780.8   0.0000796576330558
21781.7   0.0000806063138310
21782.6   0.0000815402118487
21783.5   0.0000826801342578
21784.4   0.0000838938666527
21785.3   0.0000847761145034
21786.2   0.0000851094817911
21787.1   0.0000849685122706
21788.0   0.0000846843898199
21788.9   0.0000845433200774
21789.8   0.0000845828791658
21790.7   0.0000847562848481
21791.6   0.0000850348950841
21792.5   0.0000853310728198
21793.4   0.0000854870112245
21794.3   0.0000854011495330
21795.2   0.0000851909587664
21796.1   0.0000851017682700
21797.0   0.0000851842582042
21797.9   0.0000852381884237
21798.8   0.0000851287745424
21799.7   0.0000849402890158
21800.6   0.0000848003467716
21801.5   0.0000846920281745
21802.4   0.0000844941969386
21803.3   0.0000841787908801
21804.2   0.0000838958138247
21805.1   0.0000838273370855
21806.0   0.0000840162199210
21806.9   0.0000843371167180
21807.8   0.0000845742994395
21808.7   0.0000846081995596
21809.6   0.0000845039936473
21810.5   0.0000843822309734
21811.4   0.0000842785118541
21812.3   0.0000841527546143
21813.2   0.0000839945934270
21814.1   0.0000837909135165
21815.0   0.0000834811771645
21815.9   0.0000829999357705
21816.8   0.0000821892500675
21817.7   0.0000808293831354
21818.6   0.0000793406091265
21819.5   0.0000788772108429
21820.4   0.0000799648352208
21821.3   0.0000818147308761
21822.2   0.0000832753210031
21823.1   0.0000839478505626
21824.0   0.0000840551812564
21824.9   0.0000838750034247
21825.8   0.0000837304831789
21826.7   0.0000838566341484
21827.6   0.0000841145270478
21828.5   0.0000841963548004
21829.4   0.0000839902946154
21830.3   0.0000835407305588
21831.2   0.0000829568617504
21832.1   0.0000825139195101
21833.0   0.0000825843326831
21833.9   0.0000831899675807
21834.8   0.0000838312099532
21835.7   0.0000840501486760
21836.6   0.0000838877459469
21837.5   0.0000837119313552
21838.4   0.0000837763741555
21839.3   0.0000839721186245
21840.2   0.0000841109441083
21841.1   0.0000843183071804
21842.0   0.0000847543698904
21842.9   0.0000851837356176
21843.8   0.0000852333097558
21844.7   0.0000848709854444
21845.6   0.0000843801084129
21846.5   0.0000839942068561
21847.4   0.0000837916580234
21848.3   0.0000837121747517
21849.2   0.0000835553200308
21850.1   0.0000832448069577
21851.0   0.0000830926197225
21851.9   0.0000835310734451
21852.8   0.0000845721804583
21853.7   0.0000856329775318
21854.6   0.0000858806012469
21855.5   0.0000850430345491
21856.4   0.0000837428391302
21857.3   0.0000828334919438
21858.2   0.0000827367167832
21859.1   0.0000832399640834
21860.0   0.0000838087888411
21860.9   0.0000841137002156
21861.8   0.0000841031983729
21862.7   0.0000838730240385
21863.6   0.0000836408381038
21864.5   0.0000835623570529
21865.4   0.0000835563723627
21866.3   0.0000834379635493
21867.2   0.0000831465714182
21868.1   0.0000827771742911
21869.0   0.0000824788811535
21869.9   0.0000822879938762
21870.8   0.0000820344964311
21871.7   0.0000814989811990
21872.6   0.0000807490229205
21873.5   0.0000802445586378
21874.4   0.0000803367271619
21875.3   0.0000806472796080
21876.2   0.0000803172447045
21877.1   0.0000789067548817
21878.0   0.0000770507242031
21878.9   0.0000761151438861
21879.8   0.0000768758080308
21880.7   0.0000787318351301
21881.6   0.0000804595242709
21882.5   0.0000815311596468
21883.4   0.0000821394862233
21884.3   0.0000824907717880
21885.2   0.0000826400991144
21886.1   0.0000825965490394
21887.0   0.0000823984887243
21887.9   0.0000821556470344
21888.8   0.0000820579090259
21889.7   0.0000821951059008
21890.6   0.0000823961907751
21891.5   0.0000823491150303
21892.4   0.0000818403018250
21893.3   0.0000809033219782
21894.2   0.0000799459791514
21895.1   0.0000794803437678
21896.0   0.0000796517700638
21896.9   0.0000802971143830
21897.8   0.0000811435435765
21898.7   0.0000818824094179
21899.6   0.0000823156873858
21900.5   0.0000825017890585
21901.4   0.0000826095993865
21902.3   0.0000827213040583
21903.2   0.0000828468823301
21904.1   0.0000829591919138
21905.0   0.0000830470508883
21905.9   0.0000831181262430
21906.8   0.0000831412668064
21907.7   0.0000830732231698
21908.6   0.0000829301811998
21909.5   0.0000827877835146
21910.4   0.0000827346013813
21911.3   0.0000827397771361
21912.2   0.0000826440578868
21913.1   0.0000823770590951
21914.0   0.0000820135786503
21914.9   0.0000816320832859
21915.8   0.0000813545146437
21916.7   0.0000813481541207
21917.6   0.0000815924168166
21918.5   0.0000818692660074
21919.4   0.0000820256482528
21920.3   0.0000821122795067
21921.2   0.0000822366551135
21922.1   0.0000823523973036
21923.0   0.0000822912009829
21923.9   0.0000820509328529
21924.8   0.0000818523964830
21925.7   0.0000817887912530
21926.6   0.0000817362963569
21927.5   0.0000816413932017
21928.4   0.0000815940919572
21929.3   0.0000816502807529
21930.2   0.0000817641867313
21931.1   0.0000818709268306
21932.0   0.0000819218432288
21932.9   0.0000818866974914
21933.8   0.0000817627836221
21934.7   0.0000815407344353
21935.6   0.0000812192291471
21936.5   0.0000808583938495
21937.4   0.0000805447917886
21938.3   0.0000803136653444
21939.2   0.0000801922641859
21940.1   0.0000802267549004
21941.0   0.0000804091411973
21941.9   0.0000806792182387
21942.8   0.0000809632977370
21943.7   0.0000812249847582
21944.6   0.0000814297348974
21945.5   0.0000815408096018
21946.4   0.0000815772940199
21947.3   0.0000815486985116
21948.2   0.0000814271613374
21949.1   0.0000812176112763
21950.0   0.0000810190570096
21950.9   0.0000809506232227
21951.8   0.0000810241683359
21952.7   0.0000811778445849
21953.6   0.0000813394204819
21954.5   0.0000814679553052
21955.4   0.0000815637568798
21956.3   0.0000815865896183
21957.2   0.0000814708832218
21958.1   0.0000812620275565
21959.0   0.0000810662974050
21959.9   0.0000808531214520
21960.8   0.0000805581177464
21961.7   0.0000801551032687
21962.6   0.0000797288587436
21963.5   0.0000801815010499
21964.4   0.0000811099298053
21965.3   0.0000814534553172
21966.2   0.0000815933796645
21967.1   0.0000817522996762
21968.0   0.0000816760807810
21968.9   0.0000818615703831
21969.8   0.0000813649699547
21970.7   0.0000807387680536
21971.6   0.0000803885491383
21972.5   0.0000802524081746
21973.4   0.0000795552168236
21974.3   0.0000801718976266
21975.2   0.0000806343760146
21976.1   0.0000811156066705
21977.0   0.0000815527109744
21977.9   0.0000816245165185
21978.8   0.0000812281131190
21979.7   0.0000805724316077
21980.6   0.0000801029376738
21981.5   0.0000800294140367
21982.4   0.0000802203442663
21983.3   0.0000807099255695
21984.2   0.0000809906941597
21985.1   0.0000796762528873
21986.0   0.0000786860837485
21986.9   0.0000784327652714
21987.8   0.0000783722633466
21988.7   0.0000792270968778
21989.6   0.0000798240017160
21990.5   0.0000790872655938
21991.4   0.0000785257069373
21992.3   0.0000789970335036
21993.2   0.0000800872922905
21994.1   0.0000803410438702
21995.0   0.0000807927913365
21995.9   0.0000803929947036
21996.8   0.0000791189214551
21997.7   0.0000790846025499
21998.6   0.0000796180059595
21999.5   0.0000795087996810
22000.4   0.0000799570214775
22001.3   0.0000806028633278
22002.2   0.0000797445649759
22003.1   0.0000786192678325
22004.0   0.0000786601226493
22004.9   0.0000792049334797
22005.8   0.0000796116418571
22006.7   0.0000794282211251
22007.6   0.0000793501982324
22008.5   0.0000796801508105
22009.4   0.0000798750433918
22010.3   0.0000796541503383
22011.2   0.0000793590965217
22012.1   0.0000800219152772
22013.0   0.0000803102363174
22013.9   0.0000795491712842
22014.8   0.0000793006742052
22015.7   0.0000794394316811
22016.6   0.0000793387192244
22017.5   0.0000799635931828
22018.4   0.0000795575183521
22019.3   0.0000792441811638
22020.2   0.0000799830935369
22021.1   0.0000807480779694
22022.0   0.0000807705742480
22022.9   0.0000805502252573
22023.8   0.0000801555972204
22024.7   0.0000794862819263
22025.6   0.0000794108827045
22026.5   0.0000807231262497
22027.4   0.0000817246061666
22028.3   0.0000815471772836
22029.2   0.0000828891867879
22030.1   0.0000811753891439
22031.0   0.0000801144238405
22031.9   0.0000795849899414
22032.8   0.0000792888766341
22033.7   0.0000797536100191
22034.6   0.0000802215612488
22035.5   0.0000802202368855
22036.4   0.0000799922101673
22037.3   0.0000800574261093
22038.2   0.0000800491112557
22039.1   0.0000795438881487
22040.0   0.0000787671741529
22040.9   0.0000782047743467
22041.8   0.0000793970162633
22042.7   0.0000803832588439
22043.6   0.0000805115216359
22044.5   0.0000806296262037
22045.4   0.0000798897187685
22046.3   0.0000794380858417
22047.2   0.0000794592434396
22048.1   0.0000791097117614
22049.0   0.0000783765872137
22049.9   0.0000784001573003
22050.8   0.0000778751725459
22051.7   0.0000771827846961
22052.6   0.0000779165320525
22053.5   0.0000783792788925
22054.4   0.0000767932787236
22055.3   0.0000709106181996
22056.2   0.0000677389149487
22057.1   0.0000717148037845
22058.0   0.0000767460526457
22058.9   0.0000786860980660
22059.8   0.0000787147472647
22060.7   0.0000767102160918
22061.6   0.0000706485123933
22062.5   0.0000690974539382
22063.4   0.0000730207261797
22064.3   0.0000773110975991
22065.2   0.0000789166231776
22066.1   0.0000789378237279
22067.0   0.0000785428592311
22067.9   0.0000782399236635
22068.8   0.0000783356142780
22069.7   0.0000785859081958
22070.6   0.0000784157776281
22071.5   0.0000774239082932
22072.4   0.0000772522386006
22073.3   0.0000781695892364
22074.2   0.0000788384177375
22075.1   0.0000790532258787
22076.0   0.0000791300246303
22076.9   0.0000791016653598
22077.8   0.0000796266393762
22078.7   0.0000793484300285
22079.6   0.0000792031903313
22080.5   0.0000796278456205
22081.4   0.0000789545500779
22082.3   0.0000741705419403
22083.2   0.0000699610318463
22084.1   0.0000720776005715
22085.0   0.0000767897602126
22085.9   0.0000791386508883
22086.8   0.0000792650058812
22087.7   0.0000783069436031
22088.6   0.0000784040874378
22089.5   0.0000787752348720
22090.4   0.0000787752706656
22091.3   0.0000787865993405
22092.2   0.0000794678231659
22093.1   0.0000799548380678
22094.0   0.0000808461846520
22094.9   0.0000807488117382
22095.8   0.0000803003894976
22096.7   0.0000798952631974
22097.6   0.0000790203458763
22098.5   0.0000791308335657
22099.4   0.0000787768455841
22100.3   0.0000783820958490
22101.2   0.0000788617408483
22102.1   0.0000788404758696
22103.0   0.0000788944955731
22103.9   0.0000787573738648
22104.8   0.0000787302387355
22105.7   0.0000793925420631
22106.6   0.0000800793282142
22107.5   0.0000797894143587
22108.4   0.0000790481539254
22109.3   0.0000789518047086
22110.2   0.0000785697008530
22111.1   0.0000779643451455
22112.0   0.0000782408113448
22112.9   0.0000789610501959
22113.8   0.0000790723539794
22114.7   0.0000789494852833
22115.6   0.0000788203276513
22116.5   0.0000789257863396
22117.4   0.0000791648374872
22118.3   0.0000794858345062
22119.2   0.0000795380824265
22120.1   0.0000793540030922
22121.0   0.0000793588531252
22121.9   0.0000791956343020
22122.8   0.0000794144441679
22123.7   0.0000791307154468
22124.6   0.0000789086233077
22125.5   0.0000789411811677
22126.4   0.0000791717098587
22127.3   0.0000790662905433
22128.2   0.0000790794411125
22129.1   0.0000786526883183
22130.0   0.0000785636266788
22130.9   0.0000795470129301
22131.8   0.0000797180669727
22132.7   0.0000789745587012
22133.6   0.0000785103872758
22134.5   0.0000783172557397
22135.4   0.0000780254484028
22136.3   0.0000784139020433
22137.2   0.0000792677512505
22138.1   0.0000789814453901
22139.0   0.0000783148897826
22139.9   0.0000788367891287
22140.8   0.0000789777908634
22141.7   0.0000793048441598
22142.6   0.0000795185355406
22143.5   0.0000792195014755
22144.4   0.0000787999396158
22145.3   0.0000786488584029
22146.2   0.0000782476550814
22147.1   0.0000783143850929
22148.0   0.0000790533296802
22148.9   0.0000788508882283
22149.8   0.0000786713797370
22150.7   0.0000783955792987
22151.6   0.0000779208237053
22152.5   0.0000781163963650
22153.4   0.0000792489524509
22154.3   0.0000796126834509
22155.2   0.0000787629540873
22156.1   0.0000777489607273
22157.0   0.0000774935733800
22157.9   0.0000775339306658
22158.8   0.0000771965652327
22159.7   0.0000774181061504
22160.6   0.0000782684833782
22161.5   0.0000788826120974
22162.4   0.0000790472734028
22163.3   0.0000787305179255
22164.2   0.0000787386037001
22165.1   0.0000790871975860
22166.0   0.0000783531567221
22166.9   0.0000778314470822
22167.8   0.0000775459143636
22168.7   0.0000782975155684
22169.6   0.0000782114247979
22170.5   0.0000781672590729
22171.4   0.0000780548492671
22172.3   0.0000782772814454
22173.2   0.0000783193031337
22174.1   0.0000785072267008
22175.0   0.0000785215047684
22175.9   0.0000787273322950
22176.8   0.0000785100186017
22177.7   0.0000784670054307
22178.6   0.0000783441474726
22179.5   0.0000778487067568
22180.4   0.0000785440153645
22181.3   0.0000788224860055
22182.2   0.0000783938433090
22183.1   0.0000785694359803
22184.0   0.0000786920040102
22184.9   0.0000786783952829
22185.8   0.0000788969080619
22186.7   0.0000787503941125
22187.6   0.0000784702340135
22188.5   0.0000781675597391
22189.4   0.0000781668975575
22190.3   0.0000785154771259
22191.2   0.0000783887713557
22192.1   0.0000778083566298
22193.0   0.0000783186803250
22193.9   0.0000784045098023
22194.8   0.0000781277286193
22195.7   0.0000783995846027
22196.6   0.0000785874401619
22197.5   0.0000784687807933
22198.4   0.0000778238337831
22199.3   0.0000779533207162
22200.2   0.0000783342004307
22201.1   0.0000784458836264
22202.0   0.0000782497669039
22202.9   0.0000784603836144
22203.8   0.0000785121089480
22204.7   0.0000785338607197
22205.6   0.0000778923677921
22206.5   0.0000767397100195
22207.4   0.0000769803181887
22208.3   0.0000771016441807
22209.2   0.0000783351239056
22210.1   0.0000776231319003
22211.0   0.0000765464030948
22211.9   0.0000766055484420
22212.8   0.0000781537398296
22213.7   0.0000782742318306
22214.6   0.0000783374325929
22215.5   0.0000780469460399
22216.4   0.0000778075119008
22217.3   0.0000781182791085
22218.2   0.0000785776720880
22219.1   0.0000782078168028
22220.0   0.0000780736051143
22220.9   0.0000777732323685
22221.8   0.0000778651897104
22222.7   0.0000783757961751
22223.6   0.0000780154977815
22224.5   0.0000780146423144
22225.4   0.0000781174343795
22226.3   0.0000782819596692
22227.2   0.0000779312682783
22228.1   0.0000776953526502
22229.0   0.0000778513089517
22229.9   0.0000780394544391
22230.8   0.0000780825857290
22231.7   0.0000768455874930
22232.6   0.0000761446449725
22233.5   0.0000770673861246
22234.4   0.0000782240993122
22235.3   0.0000783772529747
22236.2   0.0000779769015409
22237.1   0.0000779841497453
22238.0   0.0000776988031534
22238.9   0.0000777559190035
22239.8   0.0000778663530024
22240.7   0.0000780122190876
22241.6   0.0000781687838803
22242.5   0.0000775311817172
22243.4   0.0000773071781997
22244.3   0.0000781170334911
22245.2   0.0000795191977223
22246.1   0.0000806045527858
22247.0   0.0000793687751116
22247.9   0.0000780530918013
22248.8   0.0000775190190513
22249.7   0.0000777263749647
22250.6   0.0000782105979657
22251.5   0.0000782439826579
22252.4   0.0000781308534007
22253.3   0.0000778528874495
22254.2   0.0000779795538468
22255.1   0.0000771021882434
22256.0   0.0000733799006542
22256.9   0.0000716020575189
22257.8   0.0000725295449026
22258.7   0.0000730197919667
22259.6   0.0000723184199230
22260.5   0.0000726931359793
22261.4   0.0000752724479652
22262.3   0.0000776812571299
22263.2   0.0000788797450299
22264.1   0.0000775073682340
22265.0   0.0000774653751806
22265.9   0.0000778713927415
22266.8   0.0000781053647770
22267.7   0.0000782232080515
22268.6   0.0000778135216465
22269.5   0.0000776676770375
22270.4   0.0000777854379867
22271.3   0.0000779755342253
22272.2   0.0000771636530161
22273.1   0.0000757905603481
22274.0   0.0000756479514807
22274.9   0.0000761150758782
22275.8   0.0000762153516531
22276.7   0.0000766388615470
22277.6   0.0000769297847820
22278.5   0.0000772908742142
22279.4   0.0000773118456854
22280.3   0.0000774017019428
22281.2   0.0000777691053663
22282.1   0.0000775534632342
22283.0   0.0000774375205999
22283.9   0.0000778303983296
22284.8   0.0000794859562045
22285.7   0.0000786572484231
22286.6   0.0000789620846310
22287.5   0.0000783037364964
22288.4   0.0000777807347074
22289.3   0.0000774626906605
22290.2   0.0000777852948123
22291.1   0.0000781490651852
22292.0   0.0000782571403858
22292.9   0.0000776323630701
22293.8   0.0000767421940955
22294.7   0.0000764059490022
22295.6   0.0000763907009279
22296.5   0.0000766246658047
22297.4   0.0000768816173324
22298.3   0.0000768591425299
22299.2   0.0000771249028630
22300.1   0.0000766172099974
22301.0   0.0000765706854741
22301.9   0.0000767986513432
22302.8   0.0000771389375342
22303.7   0.0000777772340932
22304.6   0.0000781089477165
22305.5   0.0000782043340854
22306.4   0.0000782379979677
22307.3   0.0000775678486826
22308.2   0.0000763847054996
22309.1   0.0000768388225023
22310.0   0.0000769908880393
22310.9   0.0000767485617772
22311.8   0.0000774542684261
22312.7   0.0000780303127532
22313.6   0.0000782434922856
22314.5   0.0000780300550393
22315.4   0.0000770045934093
22316.3   0.0000762903499865
22317.2   0.0000765542132586
22318.1   0.0000777259633383
22319.0   0.0000780733939321
22319.9   0.0000778655798606
22320.8   0.0000771175794921
22321.7   0.0000775983913629
22322.6   0.0000774116811989
22323.5   0.0000768259081709
22324.4   0.0000771971629859
22325.3   0.0000778013554013
22326.2   0.0000779035604513
22327.1   0.0000779499095860
22328.0   0.0000772952481923
22328.9   0.0000762840861062
22329.8   0.0000777994941340
22330.7   0.0000779028660554
22331.6   0.0000777147420442
22332.5   0.0000776543904525
22333.4   0.0000775639758149
22334.3   0.0000774049376844
22335.2   0.0000770127794060
22336.1   0.0000773361137472
22337.0   0.0000774465405875
22337.9   0.0000776391030053
22338.8   0.0000774609296153
22339.7   0.0000777390852726
22340.6   0.0000776591223667
22341.5   0.0000770920514955
22342.4   0.0000766299990513
22343.3   0.0000762005259433
22344.2   0.0000759677494141
22345.1   0.0000765705029267
22346.0   0.0000764493093711
22346.9   0.0000768990667131
22347.8   0.0000770620242431
22348.7   0.0000766808438623
22349.6   0.0000765538839575
22350.5   0.0000770798888296
22351.4   0.0000770793626637
22352.3   0.0000766112432041
22353.2   0.0000767095932831
22354.1   0.0000772621963806
22355.0   0.0000771881429983
22355.9   0.0000768527318959
22356.8   0.0000767395310515
22357.7   0.0000759376434158
22358.6   0.0000763778402868
22359.5   0.0000772091645805
22360.4   0.0000768453942076
22361.3   0.0000768120417296
22362.2   0.0000771015725935
22363.1   0.0000769307977409
22364.0   0.0000768296987133
22364.9   0.0000768860557390
22365.8   0.0000766910486182
22366.7   0.0000762208567090
22367.6   0.0000762159315094
22368.5   0.0000762624846676
22369.4   0.0000772309915187
22370.3   0.0000774231745244
22371.2   0.0000763118834172
22372.1   0.0000764583723110
22373.0   0.0000764603874908
22373.9   0.0000762126134425
22374.8   0.0000756571862299
22375.7   0.0000758760283100
22376.6   0.0000763073984789
22377.5   0.0000763994202492
22378.4   0.0000764572985030
22379.3   0.0000733517776214
22380.2   0.0000694521398951
22381.1   0.0000703313381309
22382.0   0.0000735271662692
22382.9   0.0000757056149729
22383.8   0.0000760316230961
22384.7   0.0000752301685630
22385.6   0.0000750163841188
22386.5   0.0000759040940730
22387.4   0.0000771766174586
22388.3   0.0000769691684818
22389.2   0.0000758504466230
22390.1   0.0000761843651322
22391.0   0.0000761791464251
22391.9   0.0000742492592289
22392.8   0.0000736302625799
22393.7   0.0000749226156207
22394.6   0.0000753481943849
22395.5   0.0000758647246906
22396.4   0.0000766398888234
22397.3   0.0000763326472855
22398.2   0.0000767270784575
22399.1   0.0000765664868846
22400.0   0.0000761612961559
22400.9   0.0000762415847837
22401.8   0.0000766649300271
22402.7   0.0000765766272120
22403.6   0.0000764066398187
22404.5   0.0000761953143949
22405.4   0.0000766797951098
22406.3   0.0000760072154392
22407.2   0.0000748473738908
22408.1   0.0000756244171877
22409.0   0.0000759847120019
22409.9   0.0000763635872747
22410.8   0.0000764399636617
22411.7   0.0000767560354812
22412.6   0.0000765011420856
22413.5   0.0000755519172476
22414.4   0.0000756646599339
22415.3   0.0000754992863359
22416.2   0.0000751212378953
22417.1   0.0000756522001812
22418.0   0.0000756451595798
22418.9   0.0000745475380490
22419.8   0.0000738044628801
22420.7   0.0000744011493773
22421.6   0.0000750820045286
22422.5   0.0000759597280680
22423.4   0.0000755353698656
22424.3   0.0000746811484050
22425.2   0.0000754456245684
22426.1   0.0000763436108656
22427.0   0.0000768006522056
22427.9   0.0000765578319918
22428.8   0.0000761389931628
22429.7   0.0000757648820184
22430.6   0.0000761723921724
22431.5   0.0000756237907996
22432.4   0.0000752958820361
22433.3   0.0000765313948376
22434.2   0.0000775822162343
22435.1   0.0000772213845161
22436.0   0.0000775744776576
22436.9   0.0000791741187681
22437.8   0.0000774110512315
22438.7   0.0000771366896960
22439.6   0.0000771465866268
22440.5   0.0000768556741299
22441.4   0.0000770151489424
22442.3   0.0000768872834595
22443.2   0.0000758284013437
22444.1   0.0000760131714945
22445.0   0.0000768361666171
22445.9   0.0000768751064762
22446.8   0.0000762315733133
22447.7   0.0000765600476157
22448.6   0.0000768269998757
22449.5   0.0000765281877309
22450.4   0.0000763612356350
22451.3   0.0000765845733915
22452.2   0.0000762380125822
22453.1   0.0000759667078203
22454.0   0.0000764677180204
22454.9   0.0000760372749058
22455.8   0.0000757501386339
22456.7   0.0000761527128503
22457.6   0.0000762102009538
22458.5   0.0000768926596585
22459.4   0.0000763967500465
22460.3   0.0000757488643817
22461.2   0.0000762235662846
22462.1   0.0000767229514552
22463.0   0.0000753699783708
22463.9   0.0000738214469440
22464.8   0.0000738279005304
22465.7   0.0000768180085230
22466.6   0.0000773744773294
22467.5   0.0000766415532259
22468.4   0.0000768043997957
22469.3   0.0000764052796618
22470.2   0.0000769611793500
22471.1   0.0000776000342892
22472.0   0.0000742079713095
22472.9   0.0000733914942018
22473.8   0.0000759109270716
22474.7   0.0000747976386814
22475.6   0.0000761114356689
22476.5   0.0000767696084149
22477.4   0.0000763707102014
22478.3   0.0000759537970682
22479.2   0.0000758390141466
22480.1   0.0000762666045112
22481.0   0.0000765368855761
22481.9   0.0000766724753183
22482.8   0.0000765227256273
22483.7   0.0000760603045091
22484.6   0.0000761112352248
22485.5   0.0000766851892056
22486.4   0.0000763695325919
22487.3   0.0000763767485820
22488.2   0.0000762768701161
22489.1   0.0000754806378694
22490.0   0.0000753255692493
22490.9   0.0000756838596218
22491.8   0.0000760906145309
22492.7   0.0000755674982024
22493.6   0.0000747102020714
22494.5   0.0000750328169613
22495.4   0.0000761737773848
22496.3   0.0000765879057758
22497.2   0.0000748112939404
22498.1   0.0000747006666560
22499.0   0.0000760644744637
22499.9   0.0000762036507247
22500.8   0.0000759193421473
22501.7   0.0000756483881626
22502.6   0.0000757823492959
22503.5   0.0000758718905697
22504.4   0.0000759733439540
22505.3   0.0000753993720764
22506.2   0.0000748711766359
22507.1   0.0000743255389733
22508.0   0.0000734832582582
22508.9   0.0000737556260901
22509.8   0.0000742235808991
22510.7   0.0000754783721345
22511.6   0.0000771461248894
22512.5   0.0000784473619021
22513.4   0.0000761121551203
22514.3   0.0000756241881086
22515.2   0.0000760305815023
22516.1   0.0000748195873179
22517.0   0.0000741745436650
22517.9   0.0000738115786481
22518.8   0.0000735030020088
22519.7   0.0000740419892202
22520.6   0.0000741115755611
22521.5   0.0000737522614915
22522.4   0.0000738918923313
22523.3   0.0000748329383313
22524.2   0.0000751711663901
22525.1   0.0000739141953245
22526.0   0.0000736503177348
22526.9   0.0000746804361124
22527.8   0.0000749528504760
22528.7   0.0000744751025375
22529.6   0.0000756765290922
22530.5   0.0000762463274359
22531.4   0.0000753138217892
22532.3   0.0000724430604024
22533.2   0.0000729518557109
22534.1   0.0000752630772003
22535.0   0.0000746490415444
22535.9   0.0000714570146866
22536.8   0.0000677431672286
22537.7   0.0000692636865827
22538.6   0.0000722204886290
22539.5   0.0000745913673142
22540.4   0.0000752640543656
22541.3   0.0000756761783149
22542.2   0.0000754485131120
22543.1   0.0000751991068755
22544.0   0.0000754940461526
22544.9   0.0000752359635471
22545.8   0.0000745137453098
22546.7   0.0000738877617497
22547.6   0.0000744252563679
22548.5   0.0000754051455843
22549.4   0.0000761966566550
22550.3   0.0000752650816420
22551.2   0.0000718454432716
22552.1   0.0000710341490774
22553.0   0.0000735555148017
22553.9   0.0000753282967217
22554.8   0.0000754114524169
22555.7   0.0000752420556181
22556.6   0.0000752118207628
22557.5   0.0000748281419887
22558.4   0.0000728527217520
22559.3   0.0000737124232130
22560.2   0.0000760639268215
22561.1   0.0000749816786427
22562.0   0.0000735816620276
22562.9   0.0000718727036786
22563.8   0.0000731319547967
22564.7   0.0000745787500696
22565.6   0.0000757155298005
22566.5   0.0000753454275394
22567.4   0.0000746946533309
22568.3   0.0000749020987283
22569.2   0.0000754101244743
22570.1   0.0000746500294478
22571.0   0.0000738890002083
22571.9   0.0000741247010748
22572.8   0.0000745578859792
22573.7   0.0000738073227888
22574.6   0.0000734786909946
22575.5   0.0000732172939016
22576.4   0.0000729776342628
22577.3   0.0000737768624339
22578.2   0.0000747839691050
22579.1   0.0000749296490634
22580.0   0.0000739173881137
22580.9   0.0000738897769295
22581.8   0.0000751545510003
22582.7   0.0000755655402924
22583.6   0.0000743088555756
22584.5   0.0000744255892484
22585.4   0.0000749410815398
22586.3   0.0000750521848791
22587.2   0.0000761879981827
22588.1   0.0000788571127356
22589.0   0.0000788169093623
22589.9   0.0000787903863036
22590.8   0.0000749347138580
22591.7   0.0000739414736282
22592.6   0.0000743531752131
22593.5   0.0000745104952507
22594.4   0.0000742595928417
22595.3   0.0000744237208224
22596.2   0.0000748786396018
22597.1   0.0000755080844031
22598.0   0.0000749186031580
22598.9   0.0000749715490534
22599.8   0.0000748624322590
22600.7   0.0000744653917334
22601.6   0.0000734997984815
22602.5   0.0000718163896052
22603.4   0.0000761530063578
22604.3   0.0000776168894962
22605.2   0.0000757781936588
22606.1   0.0000738126095038
22607.0   0.0000693644097776
22607.9   0.0000680279590196
22608.8   0.0000675412447840
22609.7   0.0000734418629579
22610.6   0.0000788529177255
22611.5   0.0000764196794277
22612.4   0.0000738634578942
22613.3   0.0000741248728840
22614.2   0.0000745245836123
22615.1   0.0000745308367545
22616.0   0.0000717260644516
22616.9   0.0000739729004104
22617.8   0.0000736544089435
22618.7   0.0000685077364553
22619.6   0.0000675033930503
22620.5   0.0000710993542814
22621.4   0.0000735847832297
22622.3   0.0000735062162742
22623.2   0.0000702668487989
22624.1   0.0000668837986481
22625.0   0.0000679228439498
22625.9   0.0000680703207471
22626.8   0.0000686794741557
22627.7   0.0000731361247512
22628.6   0.0000738783802467
22629.5   0.0000727858700423
22630.4   0.0000752932691032
22631.3   0.0000760199400646
22632.2   0.0000757210599119
22633.1   0.0000750743375391
22634.0   0.0000734315651387
22634.9   0.0000730381970367
22635.8   0.0000749009748092
22636.7   0.0000760697003295
22637.6   0.0000743395700651
22638.5   0.0000702392555114
22639.4   0.0000717186372793
22640.3   0.0000758975438439
22641.2   0.0000770473918188
22642.1   0.0000758843932747
22643.0   0.0000737272489227
22643.9   0.0000758596742134
22644.8   0.0000769670459213
22645.7   0.0000755470707940
22646.6   0.0000756824314571
22647.5   0.0000756469027282
22648.4   0.0000742891834121
22649.3   0.0000704691613938
22650.2   0.0000672008691090
22651.1   0.0000675663754716
22652.0   0.0000694208419699
22652.9   0.0000712641372850
22653.8   0.0000724834463231
22654.7   0.0000739174167486
22655.6   0.0000750126615842
22656.5   0.0000752236111752
22657.4   0.0000747722610179
22658.3   0.0000748448325451
22659.2   0.0000746460205644
22660.1   0.0000739682186073
22661.0   0.0000737997774976
22661.9   0.0000749543430691
22662.8   0.0000752858992006
22663.7   0.0000715661851714
22664.6   0.0000682316926205
22665.5   0.0000687984771429
22666.4   0.0000722478886311
22667.3   0.0000753136714561
22668.2   0.0000761037901556
22669.1   0.0000757568570929
22670.0   0.0000751403695753
22670.9   0.0000745899033559
22671.8   0.0000749826665461
22672.7   0.0000716588941789
22673.6   0.0000698723317222
22674.5   0.0000734948410676
22675.4   0.0000768441879632
22676.3   0.0000737673270184
22677.2   0.0000674319311247
22678.1   0.0000689133316517
22679.0   0.0000760736877367
22679.9   0.0000777536067368
22680.8   0.0000751540964215
22681.7   0.0000751126868038
22682.6   0.0000768572776833
22683.5   0.0000768277300652
22684.4   0.0000755103429794
22685.3   0.0000746327017653
22686.2   0.0000741561994442
22687.1   0.0000743322574323
22688.0   0.0000746360914194
22688.9   0.0000745836001026
22689.8   0.0000741800057686
22690.7   0.0000735936528842
22691.6   0.0000738322745085
22692.5   0.0000743353857931
22693.4   0.0000733072790160
22694.3   0.0000694137476780
22695.2   0.0000672790852872
22696.1   0.0000730511686379
22697.0   0.0000800704979326
22697.9   0.0000802553002976
22698.8   0.0000772098160240
22699.7   0.0000751360134940
22700.6   0.0000742399528925
22701.5   0.0000736311967929
22702.4   0.0000740990979115
22703.3   0.0000745508203223
22704.2   0.0000742617440372
22705.1   0.0000719113428715
22706.0   0.0000681159790653
22706.9   0.0000688095158896
22707.8   0.0000720754064237
22708.7   0.0000751938738510
22709.6   0.0000755781933306
22710.5   0.0000744643608777
22711.4   0.0000733421026109
22712.3   0.0000721086944732
22713.2   0.0000724044892174
22714.1   0.0000718647002293
22715.0   0.0000675376296302
22715.9   0.0000692360897159
22716.8   0.0000781971216747
22717.7   0.0000691406711328
22718.6   0.0000115838306650
22719.5   0.0000011583830307
22720.4   0.0000042214293633
22721.3   0.0000454866663888
22722.2   0.0000568878125962
22723.1   0.0000182154518999
22724.0   0.0000742849418703
22724.9   0.0000681854258111
22725.8   0.0000835141967620
22726.7   0.0000765939369977
22727.6   0.0000822771162007
22728.5   0.0000784096426048
22729.4   0.0000022132986427
22730.3   0.0000373571520091
22731.2   0.0000705170854470
22732.1   0.0000741555694768
22733.0   0.0000716955683030
22733.9   0.0000722190640437
22734.8   0.0000708131414844
22735.7   0.0000707328528567
22736.6   0.0000715242529671
22737.5   0.0000732424961764
22738.4   0.0000752650673245
22739.3   0.0000774579086354
22740.2   0.0000762900457409
22741.1   0.0000707757228533
22742.0   0.0000686966658226
22742.9   0.0000716053934826
22743.8   0.0000749665952190
22744.7   0.0000750611654937
22745.6   0.0000787844588831
22746.5   0.0000818341310081
22747.4   0.0000784629142220
22748.3   0.0000744795087299
22749.2   0.0000733800653048
22750.1   0.0000732341168943
22751.0   0.0000735893898662
22751.9   0.0000703738609296
22752.8   0.0000660279449993
22753.7   0.0000664018485408
22754.6   0.0000696992267062
22755.5   0.0000740122805309
22756.4   0.0000775724087875
22757.3   0.0000786943842847
22758.2   0.0000734094232168
22759.1   0.0000693707130308
22760.0   0.0000693734082890
22760.9   0.0000711801475989
22761.8   0.0000725035873827
22762.7   0.0000739637980975
22763.6   0.0000773913862268
22764.5   0.0000777096629321
22765.4   0.0000730119639061
22766.3   0.0000693659453231
22767.2   0.0000703558030576
22768.1   0.0000723598939691
22769.0   0.0000733876392309
22769.9   0.0000732436487304
22770.8   0.0000728145729314
22771.7   0.0000732936702886
22772.6   0.0000747315135818
22773.5   0.0000752401764540
22774.4   0.0000744018187176
22775.3   0.0000734714571077
22776.2   0.0000731218359455
22777.1   0.0000734258560593
22778.0   0.0000735817550910
22778.9   0.0000744894307162
22779.8   0.0000750785361286
22780.7   0.0000744506662457
22781.6   0.0000731165957622
22782.5   0.0000724519586918
22783.4   0.0000731908639062
22784.3   0.0000729560793559
22785.2   0.0000724090099492
22786.1   0.0000727305295549
22787.0   0.0000735373960806
22787.9   0.0000738086650489
22788.8   0.0000732277241571
22789.7   0.0000727618060039
22790.6   0.0000728664128046
22791.5   0.0000731239370299
22792.4   0.0000732514553149
22793.3   0.0000728624755084
22794.2   0.0000725401111738
22795.1   0.0000724583585878
22796.0   0.0000723920473615
22796.9   0.0000734221585802
22797.8   0.0000752031658699
22798.7   0.0000764237026285
22799.6   0.0000776325993079
22800.5   0.0000760235301628
22801.4   0.0000696808645886
22802.3   0.0000672264865897
22803.2   0.0000693343001999
22804.1   0.0000715078952912
22805.0   0.0000722420149010
22805.9   0.0000720997711283
22806.8   0.0000699969113525
22807.7   0.0000647575549124
22808.6   0.0000613392695402
22809.5   0.0000633880523427
22810.4   0.0000677993452863
22811.3   0.0000706724654714
22812.2   0.0000716516674507
22813.1   0.0000719036651440
22814.0   0.0000724835572833
22814.9   0.0000735437315480
22815.8   0.0000742299772157
22816.7   0.0000743477166888
22817.6   0.0000743794477166
22818.5   0.0000759293679351
22819.4   0.0000771549086392
22820.3   0.0000752350615483
22821.2   0.0000730699924930
22822.1   0.0000714620830605
22823.0   0.0000682131837491
22823.9   0.0000673831480251
22824.8   0.0000691480768290
22825.7   0.0000709779209087
22826.6   0.0000716214648097
22827.5   0.0000723950504446
22828.4   0.0000730509860905
22829.3   0.0000736902490768
22830.2   0.0000752164989865
22831.1   0.0000770993927631
22832.0   0.0000755462869141
22832.9   0.0000700262012567
22833.8   0.0000673650722563
22834.7   0.0000691435704145
22835.6   0.0000711541041744
22836.5   0.0000721375297986
22837.4   0.0000729053956161
22838.3   0.0000730520634779
22839.2   0.0000733070678337
22840.1   0.0000734097024069
22841.0   0.0000740862694847
22841.9   0.0000740974907788
22842.8   0.0000734520104440
22843.7   0.0000737578202379
22844.6   0.0000753144267011
22845.5   0.0000742737814254
22846.4   0.0000695398377983
22847.3   0.0000671095596314
22848.2   0.0000690044514232
22849.1   0.0000717238022960
22850.0   0.0000727158291227
22850.9   0.0000725824514251
22851.8   0.0000722076709403
22852.7   0.0000724180478336
22853.6   0.0000726090174362
22854.5   0.0000729963686338
22855.4   0.0000730402981211
22856.3   0.0000727742979709
22857.2   0.0000730494899180
22858.1   0.0000732647920109
22859.0   0.0000729257442786
22859.9   0.0000724350497944
22860.8   0.0000726781420396
22861.7   0.0000731067847360
22862.6   0.0000724919508828
22863.5   0.0000720130575491
22864.4   0.0000727178586199
22865.3   0.0000728801468095
22866.2   0.0000727876024526
22867.1   0.0000733494438786
22868.0   0.0000739538295795
22868.9   0.0000734768869971
22869.8   0.0000724931929208
22870.7   0.0000712813038964
22871.6   0.0000710630058790
22872.5   0.0000719545027963
22873.4   0.0000726693547104
22874.3   0.0000729943498747
22875.2   0.0000730086959502
22876.1   0.0000731040751604
22877.0   0.0000729262346509
22877.9   0.0000727881429360
22878.8   0.0000723644469153
22879.7   0.0000720679148229
22880.6   0.0000719997423293
22881.5   0.0000723820788434
22882.4   0.0000725986372917
22883.3   0.0000723591673590
22884.2   0.0000727213449167
22885.1   0.0000742401998684
22886.0   0.0000749360203245
22886.9   0.0000724333495983
22887.8   0.0000697223457935
22888.7   0.0000700707356558
22889.6   0.0000724311053395
22890.5   0.0000744085443353
22891.4   0.0000732995189631
22892.3   0.0000706956489872
22893.2   0.0000696395945660
22894.1   0.0000706453732944
22895.0   0.0000706372946785
22895.9   0.0000700700269425
22896.8   0.0000708056105106
22897.7   0.0000717046849334
22898.6   0.0000722203168198
22899.5   0.0000722307255991
22900.4   0.0000724903222740
22901.3   0.0000729563227524
22902.2   0.0000732431905723
22903.1   0.0000722603949155
22904.0   0.0000711330969096
22904.9   0.0000700805574201
22905.8   0.0000698127962247
22906.7   0.0000703638315624
22907.6   0.0000713020355504
22908.5   0.0000717189844772
22909.4   0.0000713432518826
22910.3   0.0000716862297524
22911.2   0.0000725296272279
22912.1   0.0000729084702864
22913.0   0.0000727213341786
22913.9   0.0000725868289826
22914.8   0.0000723579718527
22915.7   0.0000720603910079
22916.6   0.0000716505220555
22917.5   0.0000704854618000
22918.4   0.0000701164440850
22919.3   0.0000704771183114
22920.2   0.0000706735213827
22921.1   0.0000706938951007
22922.0   0.0000708206116091
22922.9   0.0000711831399440
22923.8   0.0000709798072315
22924.7   0.0000710671149845
22925.6   0.0000715075910456
22926.5   0.0000715462230798
22927.4   0.0000696527343971
22928.3   0.0000643606146089
22929.2   0.0000588900637167
22930.1   0.0000563312041947
22931.0   0.0000566347482536
22931.9   0.0000574306297230
22932.8   0.0000585421785441
22933.7   0.0000592267598094
22934.6   0.0000601811711402
22935.5   0.0000617994678758
22936.4   0.0000630025301981
22937.3   0.0000631532176814
22938.2   0.0000646048773048
22939.1   0.0000660786287391
22940.0   0.0000653872037373
22940.9   0.0000649269660287
22941.8   0.0000652622446947
22942.7   0.0000645154684674
22943.6   0.0000639662872382
22944.5   0.0000651692708146
22945.4   0.0000665275377728
22946.3   0.0000662418225068
22947.2   0.0000651741423238
22948.1   0.0000660047936978
22949.0   0.0000675071227436
22949.9   0.0000665397612877
22950.8   0.0000639354904234
22951.7   0.0000634512244701
22952.6   0.0000659681840021
22953.5   0.0000677411592075
22954.4   0.0000658849960926
22955.3   0.0000634097862176
22956.2   0.0000635905546437
22957.1   0.0000664206974514
22958.0   0.0000695029310157
22958.9   0.0000692324172924
22959.8   0.0000665602853389
22960.7   0.0000644352335301
22961.6   0.0000648956752622
22962.5   0.0000669011836004
22963.4   0.0000679446529913
22964.3   0.0000675778079480
22965.2   0.0000660630692605
22966.1   0.0000651492442945
22967.0   0.0000660717527882
22967.9   0.0000683372085786
22968.8   0.0000702480643168
22969.7   0.0000701849959908
22970.6   0.0000679767741694
22971.5   0.0000655314054200
22972.4   0.0000658231483284
22973.3   0.0000681451401125
22974.2   0.0000702130331189
22975.1   0.0000712496909874
22976.0   0.0000700224286111
22976.9   0.0000667284687346
22977.8   0.0000640073210231
22978.7   0.0000652633435583
22979.6   0.0000681512286041
22980.5   0.0000701599619458
22981.4   0.0000707360742808
22982.3   0.0000698112356237
22983.2   0.0000672145351061
22984.1   0.0000645513193387
22985.0   0.0000638084911456
22985.9   0.0000655278654328
22986.8   0.0000674844832906
22987.7   0.0000691541939555
22988.6   0.0000702208611796
22989.5   0.0000698189920971
22990.4   0.0000677738316071
22991.3   0.0000652009517314
22992.2   0.0000654166940856
22993.1   0.0000676084580090
22994.0   0.0000689410108438
22994.9   0.0000691303124645
22995.8   0.0000696070295472
22996.7   0.0000690413080948
22997.6   0.0000669564381832
22998.5   0.0000644695059036
22999.4   0.0000642206079362
23000.3   0.0000667347540911
23001.2   0.0000690174230245
23002.1   0.0000703492707253
23003.0   0.0000702232629302
23003.9   0.0000700324007085
23004.8   0.0000685494181043
23005.7   0.0000655808292250
23006.6   0.0000647080988931
23007.5   0.0000666526829420
23008.4   0.0000686868977487
23009.3   0.0000699657530223
23010.2   0.0000703490380669
23011.1   0.0000705583375728
23012.0   0.0000706780600114
23012.9   0.0000696435354415
23013.8   0.0000670319734206
23014.7   0.0000652291069784
23015.6   0.0000663532336711
23016.5   0.0000685188825828
23017.4   0.0000699661467520
23018.3   0.0000708284360904
23019.2   0.0000706339945085
23020.1   0.0000696720593626
23021.0   0.0000691684219121
23021.9   0.0000675426693693
23022.8   0.0000654670342069
23023.7   0.0000651967603006
23024.6   0.0000670966381412
23025.5   0.0000686667137367
23026.4   0.0000696045239951
23027.3   0.0000699097181391
23028.2   0.0000701174642027
23029.1   0.0000698422865730
23030.0   0.0000689066203514
23030.9   0.0000671574443116
23031.8   0.0000649478480158
23032.7   0.0000650279827311
23033.6   0.0000675941871001
23034.5   0.0000692746143693
23035.4   0.0000697328190013
23036.3   0.0000698801311480
23037.2   0.0000692045877672
23038.1   0.0000685920733394
23039.0   0.0000687940208395
23039.9   0.0000681538200609
23040.8   0.0000656552333847
23041.7   0.0000645461364252
23042.6   0.0000658950612534
23043.5   0.0000679500542458
23044.4   0.0000689480263897
23045.3   0.0000694718263760
23046.2   0.0000694373428202
23047.1   0.0000700834101701
23048.0   0.0000698988297255
23048.9   0.0000690045874389
23049.8   0.0000680148335059
23050.7   0.0000650748007620
23051.6   0.0000632038155166
23052.5   0.0000644952236063
23053.4   0.0000663160083255
23054.3   0.0000676455867119
23055.2   0.0000691054359114
23056.1   0.0000696747188272
23057.0   0.0000697613321843
23057.9   0.0000700439656212
23058.8   0.0000695150722054
23059.7   0.0000678745154290
23060.6   0.0000657556129609
23061.5   0.0000648890999776
23062.4   0.0000658573562735
23063.3   0.0000673556227455
23064.2   0.0000688515876889
23065.1   0.0000696276860347
23066.0   0.0000692133929931
23066.9   0.0000685032729932
23067.8   0.0000689471745020
23068.7   0.0000697718984555
23069.6   0.0000694877974810
23070.5   0.0000677630505743
23071.4   0.0000652944052458
23072.3   0.0000646457893914
23073.2   0.0000654489834936
23074.1   0.0000659257900603
23075.0   0.0000668270514721
23075.9   0.0000682116947353
23076.8   0.0000689563305053
23077.7   0.0000689663240788
23078.6   0.0000687542362513
23079.5   0.0000688831504868
23080.4   0.0000689194809924
23081.3   0.0000674209496477
23082.2   0.0000653124165861
23083.1   0.0000648484813985
23084.0   0.0000658578287490
23084.9   0.0000668336339155
23085.8   0.0000679462637034
23086.7   0.0000685903158735
23087.6   0.0000688747604666
23088.5   0.0000691756128467
23089.4   0.0000688331683016
23090.3   0.0000684574464451
23091.2   0.0000684911425416
23092.1   0.0000681119844993
23093.0   0.0000663945681222
23093.9   0.0000649135291106
23094.8   0.0000653221882393
23095.7   0.0000668796752252
23096.6   0.0000674881843490
23097.5   0.0000680224575431
23098.4   0.0000686644372637
23099.3   0.0000689182282164
23100.2   0.0000688196490582
23101.1   0.0000688563804522
23102.0   0.0000691253013603
23102.9   0.0000693760283807
23103.8   0.0000685706222339
23104.7   0.0000665252183474
23105.6   0.0000646376678232
23106.5   0.0000654733660950
23107.4   0.0000670381585549
23108.3   0.0000676254850253
23109.2   0.0000677790896871
23110.1   0.0000681870007296
23111.0   0.0000685163448165
23111.9   0.0000687937738637
23112.8   0.0000687078513231
23113.7   0.0000686800217978
23114.6   0.0000689370592302
23115.5   0.0000689454778853
23116.4   0.0000676230761159
23117.3   0.0000651819918606
23118.2   0.0000644756373476
23119.1   0.0000662919693426
23120.0   0.0000679587413529
23120.9   0.0000679531718685
23121.8   0.0000675230759518
23122.7   0.0000675567756277
23123.6   0.0000679351497901
23124.5   0.0000681726653921
23125.4   0.0000682711192726
23126.3   0.0000683038668387
23127.2   0.0000683907522272
23128.1   0.0000680033473392
23129.0   0.0000666306197660
23129.9   0.0000648932484560
23130.8   0.0000647236977446
23131.7   0.0000659955661073
23132.6   0.0000674178857155
23133.5   0.0000674294542075
23134.4   0.0000670528160348
23135.3   0.0000672950349161
23136.2   0.0000678447960016
23137.1   0.0000681218850095
23138.0   0.0000678972586834
23138.9   0.0000673443728165
23139.8   0.0000667850118871
23140.7   0.0000660404369662
23141.6   0.0000649357640960
23142.5   0.0000628539008468
23143.4   0.0000607331979606
23144.3   0.0000614390119903
23145.2   0.0000641340518489
23146.1   0.0000668496229173
23147.0   0.0000679514394582
23147.9   0.0000677688455584
23148.8   0.0000673646856854
23149.7   0.0000677590130560
23150.6   0.0000678307577510
23151.5   0.0000678411557923
23152.4   0.0000678555734550
23153.3   0.0000673226926320
23154.2   0.0000674092129258
23155.1   0.0000665154896465
23156.0   0.0000647656585838
23156.9   0.0000637921800014
23157.8   0.0000647889101074
23158.7   0.0000664313961589
23159.6   0.0000671753017394
23160.5   0.0000667587715977
23161.4   0.0000662158793044
23162.3   0.0000646786049654
23163.2   0.0000626074583206
23164.1   0.0000623189762092
23165.0   0.0000644555428196
23165.9   0.0000671848192581
23166.8   0.0000676775682950
23167.7   0.0000670654153825
23168.6   0.0000654602871130
23169.5   0.0000640163875424
23170.4   0.0000643486130142
23171.3   0.0000656352927692
23172.2   0.0000656052404613
23173.1   0.0000645782719207
23174.0   0.0000647134500365
23174.9   0.0000664895714996
23175.8   0.0000672849339617
23176.7   0.0000678292329436
23177.6   0.0000681468939990
23178.5   0.0000671459796210
23179.4   0.0000674249155788
23180.3   0.0000678438832647
23181.2   0.0000676659031602
23182.1   0.0000669199716619
23183.0   0.0000654255565814
23183.9   0.0000635841654858
23184.8   0.0000633816560261
23185.7   0.0000648415231223
23186.6   0.0000658564793302
23187.5   0.0000666083418284
23188.4   0.0000676303815900
23189.3   0.0000676527275355
23190.2   0.0000672872605458
23191.1   0.0000674765836427
23192.0   0.0000671130029759
23192.9   0.0000666308846386
23193.8   0.0000667484737786
23194.7   0.0000672026516304
23195.6   0.0000672592950049
23196.5   0.0000673555726344
23197.4   0.0000669023576305
23198.3   0.0000649820702783
23199.2   0.0000639152563005
23200.1   0.0000646962941633
23201.0   0.0000661867075191
23201.9   0.0000665730922895
23202.8   0.0000671585932862
23203.7   0.0000680172638915
23204.6   0.0000678316311149
23205.5   0.0000670209203564
23206.4   0.0000663519629983
23207.3   0.0000662725978455
23208.2   0.0000666407314584
23209.1   0.0000672054363726
23210.0   0.0000673104619584
23210.9   0.0000670900664360
23211.8   0.0000667070033118
23212.7   0.0000652958978390
23213.6   0.0000640535234040
23214.5   0.0000642562798396
23215.4   0.0000653479023627
23216.3   0.0000664027541189
23217.2   0.0000663335973013
23218.1   0.0000646201647520
23219.0   0.0000596175257166
23219.9   0.0000532874022204
23220.8   0.0000495752549585
23221.7   0.0000500989654608
23222.6   0.0000523318526531
23223.5   0.0000539806312198
23224.4   0.0000553618633527
23225.3   0.0000564015887329
23226.2   0.0000568337570991
23227.1   0.0000573625144992
23228.0   0.0000581303409436
23228.9   0.0000579508503491
23229.8   0.0000572791512011
23230.7   0.0000588103191517
23231.6   0.0000606406679212
23232.5   0.0000596824660480
23233.4   0.0000594529932682
23234.3   0.0000611328800540
23235.2   0.0000621030190934
23236.1   0.0000612431494025
23237.0   0.0000604303053453
23237.9   0.0000617003267581
23238.8   0.0000626663924856
23239.7   0.0000613105451749
23240.6   0.0000590475305081
23241.5   0.0000599353299464
23242.4   0.0000631716263307
23243.3   0.0000633893552298
23244.2   0.0000604206124380
23245.1   0.0000572829417435
23246.0   0.0000581868626199
23246.9   0.0000617564010143
23247.8   0.0000641714991149
23248.7   0.0000630150329031
23249.6   0.0000613530178625
23250.5   0.0000608913054576
23251.4   0.0000620686966088
23252.3   0.0000639786252927
23253.2   0.0000643035989809
23254.1   0.0000626999024554
23255.0   0.0000606471358250
23255.9   0.0000604001742915
23256.8   0.0000626897299138
23257.7   0.0000648933629955
23258.6   0.0000649781329822
23259.5   0.0000627351448355
23260.4   0.0000600425890529
23261.3   0.0000589333739746
23262.2   0.0000609184763805
23263.1   0.0000646983594541
23264.0   0.0000666146057086
23264.9   0.0000654499749764
23265.8   0.0000631128102846
23266.7   0.0000606759783092
23267.6   0.0000603121971981
23268.5   0.0000622014765533
23269.4   0.0000648788880630
23270.3   0.0000664254150481
23271.2   0.0000662379138455
23272.1   0.0000641273369692
23273.0   0.0000613532290448
23273.9   0.0000600097663202
23274.8   0.0000615637562712
23275.7   0.0000631614609478
23276.6   0.0000628262323928
23277.5   0.0000630125846208
23278.4   0.0000630071296759
23279.3   0.0000609451927248
23280.2   0.0000590748553436
23281.1   0.0000594452367947
23282.0   0.0000621061438748
23282.9   0.0000650432844958
23283.8   0.0000663661837962
23284.7   0.0000662283104222
23285.6   0.0000654274643803
23286.5   0.0000631806069453
23287.4   0.0000604624014678
23288.3   0.0000601920559744
23289.2   0.0000621530299135
23290.1   0.0000646086893234
23291.0   0.0000660069771075
23291.9   0.0000663342380068
23292.8   0.0000660673501752
23293.7   0.0000642931544079
23294.6   0.0000606349982147
23295.5   0.0000579913185951
23296.4   0.0000593897996646
23297.3   0.0000629503610238
23298.2   0.0000656199516316
23299.1   0.0000658011996919
23300.0   0.0000661449435448
23300.9   0.0000667730711416
23301.8   0.0000657485294072
23302.7   0.0000631453144542
23303.6   0.0000601666604141
23304.5   0.0000604754804499
23305.4   0.0000631150402259
23306.3   0.0000651019466294
23307.2   0.0000646531235004
23308.1   0.0000642553993170
23309.0   0.0000650735766208
23309.9   0.0000656913849223
23310.8   0.0000639457989807
23311.7   0.0000603576443341
23312.6   0.0000584087006245
23313.5   0.0000604128237503
23314.4   0.0000636920796152
23315.3   0.0000659719315921
23316.2   0.0000668167787085
23317.1   0.0000664232137416
23318.0   0.0000662052521841
23318.9   0.0000657503262460
23319.8   0.0000639371082942
23320.7   0.0000611500037130
23321.6   0.0000597976391198
23322.5   0.0000617721645165
23323.4   0.0000645517130684
23324.3   0.0000659025635923
23325.2   0.0000661480719055
23326.1   0.0000661059535746
23327.0   0.0000656977561833
23327.9   0.0000650100680335
23328.8   0.0000636935865258
23329.7   0.0000607433132325
23330.6   0.0000578471849202
23331.5   0.0000583478300256
23332.4   0.0000626933414882
23333.3   0.0000655142316499
23334.2   0.0000661204285070
23335.1   0.0000660427707090
23336.0   0.0000660066979174
23336.9   0.0000663170391812
23337.8   0.0000665945111807
23338.7   0.0000653185551888
23339.6   0.0000629964381271
23340.5   0.0000609978093191
23341.4   0.0000619165809608
23342.3   0.0000646229566530
23343.2   0.0000661602417301
23344.1   0.0000666419949726
23345.0   0.0000664451695368
23345.9   0.0000646885734834
23346.8   0.0000616498542005
23347.7   0.0000584962088216
23348.6   0.0000580768151918
23349.5   0.0000598723188902
23350.4   0.0000599418408025
23351.3   0.0000601437525091
23352.2   0.0000622223370643
23353.1   0.0000650545129486
23354.0   0.0000664488813333
23354.9   0.0000662067877296
23355.8   0.0000660700561715
23356.7   0.0000659957808689
23357.6   0.0000664061366143
23358.5   0.0000666664026295
23359.4   0.0000658623244254
23360.3   0.0000638206645495
23361.2   0.0000605537037868
23362.1   0.0000599557466167
23363.0   0.0000621310383247
23363.9   0.0000643916619789
23364.8   0.0000648496876429
23365.7   0.0000646372812523
23366.6   0.0000641743661824
23367.5   0.0000642382899754
23368.4   0.0000650924541663
23369.3   0.0000659082547749
23370.2   0.0000661621173148
23371.1   0.0000649475580877
23372.0   0.0000616897425901
23372.9   0.0000591178184036
23373.8   0.0000601393606342
23374.7   0.0000630021865795
23375.6   0.0000643816397704
23376.5   0.0000640351684451
23377.4   0.0000615629401771
23378.3   0.0000587399596691
23379.2   0.0000586146068969
23380.1   0.0000615352502469
23381.0   0.0000643226554944
23381.9   0.0000648372386282
23382.8   0.0000629807139979
23383.7   0.0000604499095009
23384.6   0.0000599885765081
23385.5   0.0000607143776849
23386.4   0.0000619783213442
23387.3   0.0000637716344741
23388.2   0.0000652661318799
23389.1   0.0000658218740762
23390.0   0.0000653332269861
23390.9   0.0000648744890294
23391.8   0.0000648091907620
23392.7   0.0000654370499068
23393.6   0.0000660589064646
23394.5   0.0000637389692333
23395.4   0.0000616480716791
23396.3   0.0000616283708808
23397.2   0.0000623110228709
23398.1   0.0000633364415486
23399.0   0.0000642764924864
23399.9   0.0000648960618331
23400.8   0.0000648928260915
23401.7   0.0000646210560127
23402.6   0.0000647701113078
23403.5   0.0000651875577657
23404.4   0.0000644444682793
23405.3   0.0000632948207486
23406.2   0.0000628036609477
23407.1   0.0000617996575819
23408.0   0.0000603861360409
23408.9   0.0000616793982392
23409.8   0.0000630997885723
23410.7   0.0000639581692494
23411.6   0.0000643625403046
23412.5   0.0000651910082689
23413.4   0.0000654290679337
23414.3   0.0000652170910663
23415.2   0.0000652751697643
23416.1   0.0000650679283905
23417.0   0.0000650954214558
23417.9   0.0000653524803644
23418.8   0.0000649496019023
23419.7   0.0000630570223771
23420.6   0.0000612011993014
23421.5   0.0000622570962308
23422.4   0.0000637356296903
23423.3   0.0000637810625088
23424.2   0.0000636533115653
23425.1   0.0000634567438435
23426.0   0.0000633290716460
23426.9   0.0000641607932486
23427.8   0.0000646761244688
23428.7   0.0000641107430555
23429.6   0.0000643900011558
23430.5   0.0000655645109221
23431.4   0.0000659646046419
23432.3   0.0000644807128803
23433.2   0.0000623237474963
23434.1   0.0000609542270298
23435.0   0.0000618445463376
23435.9   0.0000634271353763
23436.8   0.0000640790836149
23437.7   0.0000642563048951
23438.6   0.0000641538886629
23439.5   0.0000640127079601
23440.4   0.0000632493557159
23441.3   0.0000628514167709
23442.2   0.0000634816347140
23443.1   0.0000641137855117
23444.0   0.0000640248885228
23444.9   0.0000636661435715
23445.8   0.0000621830428485
23446.7   0.0000600218359227
23447.6   0.0000592676683166
23448.5   0.0000608552756182
23449.4   0.0000625730749869
23450.3   0.0000632544563041
23451.2   0.0000635624065554
23452.1   0.0000641376992169
23453.0   0.0000646827641819
23453.9   0.0000649637511130
23454.8   0.0000648365907640
23455.7   0.0000645756697259
23456.6   0.0000649976190189
23457.5   0.0000649135792217
23458.4   0.0000634787461704
23459.3   0.0000615521233507
23460.2   0.0000602251614765
23461.1   0.0000596783855774
23462.0   0.0000609005760004
23462.9   0.0000630050393295
23463.8   0.0000644219541039
23464.7   0.0000645508826568
23465.6   0.0000635520085141
23466.5   0.0000631020113550
23467.4   0.0000639745090285
23468.3   0.0000648580418695
23469.2   0.0000652203697603
23470.1   0.0000649916414874
23471.0   0.0000643026755060
23471.9   0.0000631233944526
23472.8   0.0000623478330108
23473.7   0.0000620586994559
23474.6   0.0000607216223099
23475.5   0.0000592645327971
23476.4   0.0000599176693834
23477.3   0.0000627266187996
23478.2   0.0000643133276818
23479.1   0.0000645451163076
23480.0   0.0000642077723507
23480.9   0.0000639771004853
23481.8   0.0000635227114512
23482.7   0.0000636075959774
23483.6   0.0000632070798931
23484.5   0.0000631019576646
23485.4   0.0000640640145087
23486.3   0.0000643519919302
23487.2   0.0000636734955773
23488.1   0.0000629698506398
23489.0   0.0000616903296052
23489.9   0.0000600041932565
23490.8   0.0000605144417852
23491.7   0.0000626874283852
23492.6   0.0000643372771806
23493.5   0.0000644737760803
23494.4   0.0000631804601916
23495.3   0.0000619369725756
23496.2   0.0000622585029193
23497.1   0.0000632104194361
23498.0   0.0000636220136401
23498.9   0.0000629644100124
23499.8   0.0000613547216380
23500.7   0.0000604380689775
23501.6   0.0000621647201038
23502.5   0.0000642800038387
23503.4   0.0000639463716783
23504.3   0.0000617763094155
23505.2   0.0000602843640935
23506.1   0.0000605000420193
23507.0   0.0000618402188912
23507.9   0.0000634882565303
23508.8   0.0000639848426413
23509.7   0.0000626661132955
23510.6   0.0000616029359475
23511.5   0.0000625694705712
23512.4   0.0000633283700914
23513.3   0.0000634588449279
23514.2   0.0000633263048006
23515.1   0.0000624863685664
23516.0   0.0000612952648864
23516.9   0.0000574138246271
23517.8   0.0000509635563278
23518.7   0.0000470645915211
23519.6   0.0000462403615193
23520.5   0.0000466495110203
23521.4   0.0000485977746515
23522.3   0.0000513150101224
23523.2   0.0000528930748498
23524.1   0.0000536581952980
23525.0   0.0000549011531686
23525.9   0.0000553306334353
23526.8   0.0000546714298336
23527.7   0.0000547232553894
23528.6   0.0000567271565949
23529.5   0.0000563967172237
23530.4   0.0000562533208970
23531.3   0.0000566725892492
23532.2   0.0000565813692556
23533.1   0.0000565883096349
23534.0   0.0000568784382520
23534.9   0.0000573411492984
23535.8   0.0000560348009594
23536.7   0.0000541708598948
23537.6   0.0000559940928963
23538.5   0.0000595216203405
23539.4   0.0000597652244342
23540.3   0.0000587250802689
23541.2   0.0000578336155658
23542.1   0.0000579883906785
23543.0   0.0000587329083296
23543.9   0.0000597120637771
23544.8   0.0000597201567104
23545.7   0.0000589127998124
23546.6   0.0000585104868893
23547.5   0.0000594941487513
23548.4   0.0000604606189465
23549.3   0.0000595531831384
23550.2   0.0000579167676817
23551.1   0.0000566638914041
23552.0   0.0000559540004831
23552.9   0.0000548940087657
23553.8   0.0000554510287936
23554.7   0.0000577412716531
23555.6   0.0000587825647930
23556.5   0.0000586649291214
23557.4   0.0000580875747485
23558.3   0.0000585225851266
23559.2   0.0000602986457406
23560.1   0.0000612710397768
23561.0   0.0000611610746740
23561.9   0.0000600567454223
23562.8   0.0000581277709630
23563.7   0.0000566348914280
23564.6   0.0000575359380782
23565.5   0.0000589241535428
23566.4   0.0000593866283515
23567.3   0.0000593737319168
23568.2   0.0000591385142640
23569.1   0.0000582995194015
23570.0   0.0000568469971523
23570.9   0.0000568194575553
23571.8   0.0000592990915195
23572.7   0.0000615134769991
23573.6   0.0000614862595444
23574.5   0.0000596907558461
23575.4   0.0000583167397033
23576.3   0.0000580271515696
23577.2   0.0000588255815434
23578.1   0.0000591020226872
23579.0   0.0000576488203596
23579.9   0.0000584668795445
23580.8   0.0000604488929626
23581.7   0.0000608864983769
23582.6   0.0000597978001910
23583.5   0.0000580064306537
23584.4   0.0000570620486900
23585.3   0.0000584244641266
23586.2   0.0000598528650677
23587.1   0.0000596397428051
23588.0   0.0000597347211269
23588.9   0.0000604929799417
23589.8   0.0000605765222078
23590.7   0.0000594192721161
23591.6   0.0000580387594346
23592.5   0.0000580931370741
23593.4   0.0000597432865358
23594.3   0.0000615189033091
23595.2   0.0000625769693307
23596.1   0.0000631780083299
23597.0   0.0000627497987360
23597.9   0.0000608584684075
23598.8   0.0000586916132514
23599.7   0.0000568694934309
23600.6   0.0000569555519872
23601.5   0.0000593142071574
23602.4   0.0000615133624596
23603.3   0.0000618796705988
23604.2   0.0000603835982746
23605.1   0.0000590265626163
23606.0   0.0000580253511515
23606.9   0.0000561360360027
23607.8   0.0000546891154522
23608.7   0.0000557560475489
23609.6   0.0000584012913489
23610.5   0.0000607810146330
23611.4   0.0000623012977494
23612.3   0.0000628474043082
23613.2   0.0000631198938383
23614.1   0.0000630081605316
23615.0   0.0000619805405475
23615.9   0.0000603727635514
23616.8   0.0000579532019887
23617.7   0.0000569089737735
23618.6   0.0000588655880519
23619.5   0.0000612085334104
23620.4   0.0000624529409219
23621.3   0.0000629814620842
23622.2   0.0000611658388024
23623.1   0.0000587723743547
23624.0   0.0000581732717894
23624.9   0.0000585063312521
23625.8   0.0000580435844121
23626.7   0.0000571788575294
23627.6   0.0000572713625134
23628.5   0.0000589671344996
23629.4   0.0000609289853820
23630.3   0.0000623672116667
23631.2   0.0000639016439938
23632.1   0.0000648790491342
23633.0   0.0000640965043608
23633.9   0.0000633577530589
23634.8   0.0000613967218501
23635.7   0.0000585120152761
23636.6   0.0000562529880166
23637.5   0.0000569028960199
23638.4   0.0000593626323210
23639.3   0.0000606574479616
23640.2   0.0000603924142387
23641.1   0.0000591638060229
23642.0   0.0000588009125932
23642.9   0.0000599827779447
23643.8   0.0000611227075125
23644.7   0.0000612458947717
23645.6   0.0000596413678346
23646.5   0.0000566397486198
23647.4   0.0000544206777577
23648.3   0.0000555060328212
23649.2   0.0000579444253976
23650.1   0.0000604715145188
23651.0   0.0000616580795701
23651.9   0.0000617092429442
23652.8   0.0000603594340142
23653.7   0.0000592346522985
23654.6   0.0000607853671350
23655.5   0.0000615900896239
23656.4   0.0000594635559600
23657.3   0.0000562994302146
23658.2   0.0000554763062351
23659.1   0.0000569676502246
23660.0   0.0000583540473742
23660.9   0.0000588915598892
23661.8   0.0000595040850551
23662.7   0.0000601084492798
23663.6   0.0000603398119618
23664.5   0.0000613531574576
23665.4   0.0000613344123484
23666.3   0.0000600137573068
23667.2   0.0000599909317271
23668.1   0.0000581219974551
23669.0   0.0000566611245586
23669.9   0.0000589084616279
23670.8   0.0000615042243531
23671.7   0.0000614663797781
23672.6   0.0000601113915139
23673.5   0.0000597732422010
23674.4   0.0000604705158773
23675.3   0.0000613331774692
23676.2   0.0000617549227386
23677.1   0.0000619300608312
23678.0   0.0000616800461034
23678.9   0.0000604143056054
23679.8   0.0000566883384339
23680.7   0.0000543951461817
23681.6   0.0000558784151347
23682.5   0.0000583301300896
23683.4   0.0000590501505998
23684.3   0.0000595959314368
23685.2   0.0000608921573453
23686.1   0.0000619480292192
23687.0   0.0000623068135434
23687.9   0.0000620230239732
23688.8   0.0000617031007622
23689.7   0.0000615117123745
23690.6   0.0000612766343167
23691.5   0.0000592768493754
23692.4   0.0000555069276612
23693.3   0.0000543491263481
23694.2   0.0000543471147477
23695.1   0.0000544339392871
23696.0   0.0000567910159594
23696.9   0.0000582568283729
23697.8   0.0000571818319777
23698.7   0.0000574110828372
23699.6   0.0000590795729403
23700.5   0.0000605947769446
23701.4   0.0000604678313572
23702.3   0.0000603380294404
23703.2   0.0000601141404625
23704.1   0.0000578010433884
23705.0   0.0000556601922839
23705.9   0.0000573278233405
23706.8   0.0000593594431111
23707.7   0.0000592571557358
23708.6   0.0000597152923600
23709.5   0.0000604609876206
23710.4   0.0000611248587079
23711.3   0.0000618539349993
23712.2   0.0000614368035251
23713.1   0.0000613531180846
23714.0   0.0000620258731439
23714.9   0.0000611200838415
23715.8   0.0000596589460724
23716.7   0.0000580982770353
23717.6   0.0000562715326815
23718.5   0.0000552403154404
23719.4   0.0000562670656401
23720.3   0.0000588357791405
23721.2   0.0000601656832488
23722.1   0.0000592520193540
23723.0   0.0000573754109338
23723.9   0.0000571528856921
23724.8   0.0000593275009010
23725.7   0.0000605899555465
23726.6   0.0000603370057434
23727.5   0.0000600513119536
23728.4   0.0000605735620769
23729.3   0.0000597090964876
23730.2   0.0000577268038793
23731.1   0.0000561766008914
23732.0   0.0000561529449001
23732.9   0.0000567731406348
23733.8   0.0000574664626976
23734.7   0.0000582808637764
23735.6   0.0000589836854610
23736.5   0.0000595055239579
23737.4   0.0000595480610740
23738.3   0.0000592292510440
23739.2   0.0000593906014413
23740.1   0.0000589905649912
23741.0   0.0000587200476885
23741.9   0.0000596739543295
23742.8   0.0000596430429752
23743.7   0.0000572942489422
23744.6   0.0000550420618400
23745.5   0.0000562126844212
23746.4   0.0000578826921730
23747.3   0.0000585682148099
23748.2   0.0000582555934937
23749.1   0.0000574397284565
23750.0   0.0000568405149311
23750.9   0.0000575836760047
23751.8   0.0000586336025613
23752.7   0.0000589537834862
23753.6   0.0000595259227314
23754.5   0.0000597628871120
23755.4   0.0000599981477172
23756.3   0.0000601501881986
23757.2   0.0000589985970754
23758.1   0.0000567129286382
23759.0   0.0000559002384935
23759.9   0.0000574940201914
23760.8   0.0000591434931540
23761.7   0.0000599122788670
23762.6   0.0000593049401940
23763.5   0.0000588164470163
23764.4   0.0000594713625445
23765.3   0.0000601455171336
23766.2   0.0000598953484934
23767.1   0.0000600758055152
23768.0   0.0000602625980044
23768.9   0.0000599800468929
23769.8   0.0000600838519168
23770.7   0.0000605036571730
23771.6   0.0000597689577069
23772.5   0.0000569357115939
23773.4   0.0000548464426486
23774.3   0.0000570930602664
23775.2   0.0000586832268105
23776.1   0.0000579923959825
23777.0   0.0000582332045959
23777.9   0.0000596461069075
23778.8   0.0000604836664465
23779.7   0.0000603710025062
23780.6   0.0000603086285761
23781.5   0.0000601458643316
23782.4   0.0000597366575608
23783.3   0.0000589501003246
23784.2   0.0000589138664617
23785.1   0.0000595657466926
23786.0   0.0000592129184236
23786.9   0.0000574057066382
23787.8   0.0000555936126056
23788.7   0.0000558687007512
23789.6   0.0000573695658387
23790.5   0.0000580429437066
23791.4   0.0000584816980955
23792.3   0.0000581070428884
23793.2   0.0000576737577618
23794.1   0.0000588344726741
23795.0   0.0000595075355583
23795.9   0.0000588099826919
23796.8   0.0000590137628244
23797.7   0.0000598380071437
23798.6   0.0000601044081822
23799.5   0.0000598868510924
23800.4   0.0000594852003509
23801.3   0.0000586439540709
23802.2   0.0000562691416689
23803.1   0.0000536225914025
23804.0   0.0000543946987617
23804.9   0.0000567396700380
23805.8   0.0000585730541049
23806.7   0.0000594828415526
23807.6   0.0000595880210508
23808.5   0.0000590180330011
23809.4   0.0000588472259343
23810.3   0.0000592011924398
23811.2   0.0000598983444179
23812.1   0.0000601458034824
23813.0   0.0000599506925602
23813.9   0.0000595472414005
23814.8   0.0000591875729744
23815.7   0.0000587243572381
23816.6   0.0000586133326447
23817.5   0.0000585444836521
23818.4   0.0000567710359710
23819.3   0.0000560212924541
23820.2   0.0000564841753098
23821.1   0.0000554867042763
23822.0   0.0000514080341136
23822.9   0.0000459548252214
23823.8   0.0000442862527930
23824.7   0.0000454880551805
23825.6   0.0000470591831079
23826.5   0.0000486782851996
23827.4   0.0000494593910702
23828.3   0.0000503189815710
23829.2   0.0000509530294295
23830.1   0.0000505094822774
23831.0   0.0000507081510836
23831.9   0.0000526659286541
23832.8   0.0000531674005917
23833.7   0.0000525739104632
23834.6   0.0000516225201124
23835.5   0.0000507039274387
23836.4   0.0000513180132056
23837.3   0.0000515180851210
23838.2   0.0000492436272398
23839.1   0.0000496653689299
23840.0   0.0000505292725597
23840.9   0.0000528529430637
23841.8   0.0000535880076246
23842.7   0.0000525400676129
23843.6   0.0000520159562223
23844.5   0.0000527567513388
23845.4   0.0000540138655789
23846.3   0.0000554773907812
23847.2   0.0000556027149184
23848.1   0.0000552759980819
23849.0   0.0000547319174409
23849.9   0.0000533277881411
23850.8   0.0000521699510344
23851.7   0.0000523037475171
23852.6   0.0000527072273116
23853.5   0.0000542503145316
23854.4   0.0000548997715356
23855.3   0.0000552079293897
23856.2   0.0000558222191802
23857.1   0.0000537797503690
23858.0   0.0000506006414219
23858.9   0.0000502558523959
23859.8   0.0000517217721902
23860.7   0.0000523717124078
23861.6   0.0000538615888596
23862.5   0.0000552846816096
23863.4   0.0000554044971116
23864.3   0.0000551482614559
23865.2   0.0000552194799850
23866.1   0.0000547463243656
23867.0   0.0000536433051597
23867.9   0.0000543538117306
23868.8   0.0000546037512917
23869.7   0.0000547004154922
23870.6   0.0000560621257948
23871.5   0.0000575677872249
23872.4   0.0000568861804080
23873.3   0.0000552181878359
23874.2   0.0000550206322107
23875.1   0.0000563080278377
23876.0   0.0000574633772891
23876.9   0.0000574288328842
23877.8   0.0000569763230142
23878.7   0.0000562400307328
23879.6   0.0000548932606795
23880.5   0.0000548127071791
23881.4   0.0000568019902777
23882.3   0.0000581635216123
23883.2   0.0000579613557712
23884.1   0.0000566444089467
23885.0   0.0000549175359001
23885.9   0.0000521078383976
23886.8   0.0000502717483344
23887.7   0.0000519108518906
23888.6   0.0000547160143438
23889.5   0.0000571221783613
23890.4   0.0000583920816552
23891.3   0.0000577802186710
23892.2   0.0000566018396163
23893.1   0.0000578943215141
23894.0   0.0000567276934989
23894.9   0.0000550122672460
23895.8   0.0000549892018492
23896.7   0.0000559256483713
23897.6   0.0000560795501201
23898.5   0.0000566987400546
23899.4   0.0000573980790217
23900.3   0.0000574489274121
23901.2   0.0000571521340265
23902.1   0.0000561619720464
23903.0   0.0000542202658031
23903.9   0.0000533782499606
23904.8   0.0000550009421505
23905.7   0.0000555742840607
23906.6   0.0000562168830106
23907.5   0.0000583214394031
23908.4   0.0000567443733172
23909.3   0.0000561966918400
23910.2   0.0000566012060696
23911.1   0.0000557418804414
23912.0   0.0000552463466623
23912.9   0.0000559003995648
23913.8   0.0000560317620826
23914.7   0.0000555213166891
23915.6   0.0000562116750416
23916.5   0.0000574784249192
23917.4   0.0000571641893115
23918.3   0.0000561801480373
23919.2   0.0000557647668703
23920.1   0.0000541985999360
23921.0   0.0000519762825943
23921.9   0.0000507107604372
23922.8   0.0000508445855548
23923.7   0.0000525674389800
23924.6   0.0000548484578284
23925.5   0.0000570644933930
23926.4   0.0000583684364020
23927.3   0.0000577661768411
23928.2   0.0000566612963679
23929.1   0.0000558306664701
23930.0   0.0000542510339830
23930.9   0.0000546191675959
23931.8   0.0000564026267473
23932.7   0.0000577971812588
23933.6   0.0000577770831515
23934.5   0.0000582944402895
23935.4   0.0000586822675420
23936.3   0.0000580185360497
23937.2   0.0000574601666030
23938.1   0.0000565263759661
23939.0   0.0000548559959608
23939.9   0.0000531015403648
23940.8   0.0000527141390561
23941.7   0.0000535938598785
23942.6   0.0000544269917490
23943.5   0.0000543652978973
23944.4   0.0000550241865153
23945.3   0.0000556469021196
23946.2   0.0000554216887784
23947.1   0.0000553182273730
23948.0   0.0000554167957931
23948.9   0.0000551285964512
23949.8   0.0000538146527099
23950.7   0.0000531381071082
23951.6   0.0000544380412338
23952.5   0.0000555045080138
23953.4   0.0000563428084804
23954.3   0.0000575672861145
23955.2   0.0000581577982154
23956.1   0.0000583551569758
23957.0   0.0000586499852928
23957.9   0.0000589400566400
23958.8   0.0000571015827230
23959.7   0.0000548436113747
23960.6   0.0000521733907995
23961.5   0.0000521395909015
23962.4   0.0000555225873619
23963.3   0.0000583612633643
23964.2   0.0000591300311804
23965.1   0.0000595457595454
23966.0   0.0000588627889923
23966.9   0.0000583003211782
23967.8   0.0000584378115606
23968.7   0.0000584317409658
23969.6   0.0000582832404715
23970.5   0.0000575812885714
23971.4   0.0000536650103997
23972.3   0.0000498570794600
23973.2   0.0000511143690887
23974.1   0.0000540543123487
23975.0   0.0000564755526312
23975.9   0.0000581712243954
23976.8   0.0000584062308659
23977.7   0.0000579924604110
23978.6   0.0000579818977191
23979.5   0.0000573189393686
23980.4   0.0000558043402762
23981.3   0.0000558487851913
23982.2   0.0000559794282577
23983.1   0.0000545642172588
23984.0   0.0000531226514310
23984.9   0.0000541883343311
23985.8   0.0000562155013776
23986.7   0.0000574472558509
23987.6   0.0000576599092173
23988.5   0.0000575709871729
23989.4   0.0000575206900040
23990.3   0.0000577858132109
23991.2   0.0000582008579181
23992.1   0.0000576418406073
23993.0   0.0000568253384440
23993.9   0.0000571880350089
23994.8   0.0000555628157907
23995.7   0.0000519467492936
23996.6   0.0000500101257417
23997.5   0.0000518918955992
23998.4   0.0000545164757530
23999.3   0.0000555374273891
24000.2   0.0000554127654335
24001.1   0.0000559895041565
24002.0   0.0000560160988025
24002.9   0.0000548812590848
24003.8   0.0000548616083976
24004.7   0.0000565168763443
24005.6   0.0000577904627998
24006.5   0.0000581563163603
24007.4   0.0000561193740812
24008.3   0.0000536284078627
24009.2   0.0000537419702225
24010.1   0.0000559793781467
24011.0   0.0000571176146771
24011.9   0.0000574019805243
24012.8   0.0000574558069424
24013.7   0.0000571179260815
24014.6   0.0000570572165538
24015.5   0.0000576124111080
24016.4   0.0000575338942636
24017.3   0.0000574024601586
24018.2   0.0000576093901281
24019.1   0.0000574459529638
24020.0   0.0000564319059134
24020.9   0.0000536307058120
24021.8   0.0000512874776841
24022.7   0.0000510585095941
24023.6   0.0000529004161175
24024.5   0.0000554760807354
24025.4   0.0000567453612206
24026.3   0.0000576849074687
24027.2   0.0000581676378765
24028.1   0.0000569358225540
24029.0   0.0000558332149746
24029.9   0.0000548225038878
24030.8   0.0000546952683723
24031.7   0.0000562191022139
24032.6   0.0000575193226884
24033.5   0.0000558138577948
24034.4   0.0000524168588775
24035.3   0.0000513701179514
24036.2   0.0000536485095494
24037.1   0.0000545564822615
24038.0   0.0000553692654695
24038.9   0.0000560856350323
24039.8   0.0000561427186681
24040.7   0.0000561679674747
24041.6   0.0000560887347582
24042.5   0.0000555610368487
24043.4   0.0000553545006089
24044.3   0.0000559261459024
24045.2   0.0000564511843473
24046.1   0.0000564720699138
24047.0   0.0000555257157227
24047.9   0.0000523241856636
24048.8   0.0000492851370796
24049.7   0.0000498770200754
24050.6   0.0000535617709147
24051.5   0.0000568326976085
24052.4   0.0000560828323933
24053.3   0.0000561671656980
24054.2   0.0000562119936047
24055.1   0.0000566084721707
24056.0   0.0000570990234805
24056.9   0.0000571121382561
24057.8   0.0000572130082047
24058.7   0.0000574891665790
24059.6   0.0000574127293429
24060.5   0.0000561673160312
24061.4   0.0000549017831360
24062.3   0.0000530513434179
24063.2   0.0000520532889487
24064.1   0.0000516336662399
24065.0   0.0000522885388158
24065.9   0.0000544954255359
24066.8   0.0000566014995771
24067.7   0.0000573840694061
24068.6   0.0000568159676791
24069.5   0.0000568354393984
24070.4   0.0000562741670906
24071.3   0.0000560885020998
24072.2   0.0000558962510863
24073.1   0.0000563046703979
24074.0   0.0000565046062976
24074.9   0.0000555154250622
24075.8   0.0000529103738975
24076.7   0.0000507887153221
24077.6   0.0000509716814753
24078.5   0.0000530153278960
24079.4   0.0000550171065410
24080.3   0.0000558367120095
24081.2   0.0000558675732527
24082.1   0.0000552822583828
24083.0   0.0000548469544971
24083.9   0.0000551827199561
24084.8   0.0000558273305065
24085.7   0.0000563526266653
24086.6   0.0000565631538917
24087.5   0.0000571440124583
24088.4   0.0000582833800666
24089.3   0.0000578217499869
24090.2   0.0000569213977326
24091.1   0.0000562441326795
24092.0   0.0000534958677354
24092.9   0.0000525645647538
24093.8   0.0000538068640222
24094.7   0.0000545739137455
24095.6   0.0000533846248010
24096.5   0.0000524687595998
24097.4   0.0000537621363376
24098.3   0.0000555889522786
24099.2   0.0000562705805717
24100.1   0.0000563932774586
24101.0   0.0000564924400524
24101.9   0.0000559193451181
24102.8   0.0000541425757908
24103.7   0.0000525188563246
24104.6   0.0000535056465474
24105.5   0.0000552666523725
24106.4   0.0000557334188340
24107.3   0.0000541980129210
24108.2   0.0000524762583593
24109.1   0.0000533579728853
24110.0   0.0000547301384989
24110.9   0.0000549341727661
24111.8   0.0000548094893343
24112.7   0.0000549092604194
24113.6   0.0000554333646512
24114.5   0.0000551926813155
24115.4   0.0000552182558438
24116.3   0.0000553651778402
24117.2   0.0000555849577127
24118.1   0.0000560354667203
24119.0   0.0000560855813419
24119.9   0.0000558164170374
24120.8   0.0000556660194822
24121.7   0.0000560179815460
24122.6   0.0000556521780965
24123.5   0.0000540270591004
24124.4   0.0000529342911820
24125.3   0.0000539809354654
24126.2   0.0000553010536030
24127.1   0.0000550324154643
24128.0   0.0000532620102394
24128.9   0.0000527332993710
24129.8   0.0000524430025241
24130.7   0.0000511502915473
24131.6   0.0000512937379850
24132.5   0.0000538411041814
24133.4   0.0000541391181289
24134.3   0.0000502837320322
24135.2   0.0000457049715648
24136.1   0.0000447217893371
24137.0   0.0000455270379920
24137.9   0.0000467376992959
24138.8   0.0000471915657434
24139.7   0.0000467514762532
24140.6   0.0000465625791001
24141.5   0.0000473590010529
24142.4   0.0000486053772125
24143.3   0.0000499501714590
24144.2   0.0000502013136852
24145.1   0.0000499515638301
24146.0   0.0000508658075812
24146.9   0.0000515852052827
24147.8   0.0000516615422968
24148.7   0.0000517147387475
24149.6   0.0000529034406768
24150.5   0.0000553606571083
24151.4   0.0000544728719875
24152.3   0.0000516853522006
24153.2   0.0000494667215998
24154.1   0.0000501011238150
24155.0   0.0000507817821015
24155.9   0.0000510052093419
24156.8   0.0000502002971469
24157.7   0.0000496037395067
24158.6   0.0000492774056616
24159.5   0.0000478035289497
24160.4   0.0000475802341456
24161.3   0.0000492080698760
24162.2   0.0000509640681763
24163.1   0.0000523303779567
24164.0   0.0000526686060155
24164.9   0.0000515981697252
24165.8   0.0000509598803249
24166.7   0.0000517296861555
24167.6   0.0000519795040184
24168.5   0.0000523623523810
24169.4   0.0000528185740475
24170.3   0.0000520919245623
24171.2   0.0000517598744791
24172.1   0.0000524631829567
24173.0   0.0000526473839892
24173.9   0.0000521124056611
24174.8   0.0000527859052273
24175.7   0.0000545581072910
24176.6   0.0000537631922489
24177.5   0.0000521569006872
24178.4   0.0000519123051108
24179.3   0.0000525154451943
24180.2   0.0000544050645887
24181.1   0.0000566597500843
24182.0   0.0000569295586738
24182.9   0.0000537055896058
24183.8   0.0000524609172217
24184.7   0.0000543566752187
24185.6   0.0000545690064427
24186.5   0.0000524179899553
24187.4   0.0000502902965787
24188.3   0.0000491160373676
24189.2   0.0000496638226463
24190.1   0.0000502742073548
24191.0   0.0000506535729999
24191.9   0.0000500897235529
24192.8   0.0000485662011156
24193.7   0.0000483911167134
24194.6   0.0000506562682581
24195.5   0.0000529808514990
24196.4   0.0000530655463191
24197.3   0.0000511275590309
24198.2   0.0000513535347758
24199.1   0.0000534769078647
24200.0   0.0000541343003101
24200.9   0.0000525875156111
24201.8   0.0000513455420645
24202.7   0.0000522322676947
24203.6   0.0000531712985149
24204.5   0.0000521178498679
24205.4   0.0000511545474065
24206.3   0.0000522151762500
24207.2   0.0000538110053419
24208.1   0.0000542148824454
24209.0   0.0000536715964224
24209.9   0.0000522899097107
24210.8   0.0000511786901908
24211.7   0.0000511858596491
24212.6   0.0000510783678842
24213.5   0.0000507542496631
24214.4   0.0000516894577267
24215.3   0.0000531648198731
24216.2   0.0000531222219078
24217.1   0.0000509484693247
24218.0   0.0000500473152937
24218.9   0.0000512446148462
24219.8   0.0000533030118101
24220.7   0.0000532546618130
24221.6   0.0000518216721322
24222.5   0.0000512798250120
24223.4   0.0000525803461527
24224.3   0.0000531507923606
24225.2   0.0000518390463464
24226.1   0.0000486893024701
24227.0   0.0000477822281774
24227.9   0.0000495914408252
24228.8   0.0000512310920235
24229.7   0.0000514273161267
24230.6   0.0000509937267546
24231.5   0.0000515234434232
24232.4   0.0000522424330776
24233.3   0.0000537479656508
24234.2   0.0000538750078809
24235.1   0.0000537392785437
24236.0   0.0000537853556470
24236.9   0.0000529698163316
24237.8   0.0000525869214374
24238.7   0.0000525389079002
24239.6   0.0000516234221111
24240.5   0.0000503015751426
24241.4   0.0000506735136154
24242.3   0.0000516960759636
24243.2   0.0000525432174498
24244.1   0.0000529908021202
24245.0   0.0000529918329759
24245.9   0.0000520591555200
24246.8   0.0000500908653688
24247.7   0.0000489194123760
24248.6   0.0000498232258716
24249.5   0.0000504751991658
24250.4   0.0000487971808060
24251.3   0.0000484330023860
24252.2   0.0000511583451076
24253.1   0.0000542659098038
24254.0   0.0000558707230897
24254.9   0.0000548289181012
24255.8   0.0000534415115720
24256.7   0.0000520009551239
24257.6   0.0000513939278552
24258.5   0.0000519004359525
24259.4   0.0000507051730560
24260.3   0.0000480342974579
24261.2   0.0000474850983319
24262.1   0.0000492100635796
24263.0   0.0000506708756270
24263.9   0.0000515698927799
24264.8   0.0000524222851875
24265.7   0.0000529379815024
24266.6   0.0000527606206271
24267.5   0.0000514693378150
24268.4   0.0000501605877253
24269.3   0.0000510040496292
24270.2   0.0000514599777882
24271.1   0.0000504030965348
24272.0   0.0000499035216580
24272.9   0.0000507437263443
24273.8   0.0000518795038543
24274.7   0.0000522706921261
24275.6   0.0000511386872616
24276.5   0.0000481604412686
24277.4   0.0000470111087216
24278.3   0.0000490209838792
24279.2   0.0000511148988340
24280.1   0.0000512140721659
24281.0   0.0000507742117547
24281.9   0.0000499047923309
24282.8   0.0000486961354687
24283.7   0.0000495992080367
24284.6   0.0000510380141778
24285.5   0.0000518157876641
24286.4   0.0000522534968798
24287.3   0.0000519210924400
24288.2   0.0000513358956889
24289.1   0.0000519223237399
24290.0   0.0000526852571990
24290.9   0.0000526518904036
24291.8   0.0000516308134898
24292.7   0.0000509410349937
24293.6   0.0000500910944478
24294.5   0.0000490163844014
24295.4   0.0000500349879773
24296.3   0.0000511181381549
24297.2   0.0000517346829423
24298.1   0.0000521086008013
24299.0   0.0000522614788530
24299.9   0.0000521529633911
24300.8   0.0000517416519565
24301.7   0.0000510881359581
24302.6   0.0000494249325699
24303.5   0.0000488834075922
24304.4   0.0000493808957019
24305.3   0.0000496719477939
24306.2   0.0000486681949833
24307.1   0.0000460043743040
24308.0   0.0000453579382800
24308.9   0.0000479748371269
24309.8   0.0000503930456914
24310.7   0.0000515344535350
24311.6   0.0000515721549356
24312.5   0.0000512177517482
24313.4   0.0000515015878500
24314.3   0.0000522248297843
24315.2   0.0000524619444981
24316.1   0.0000523663183121
24317.0   0.0000515753620423
24317.9   0.0000507625108264
24318.8   0.0000494972499626
24319.7   0.0000490202680072
24320.6   0.0000497770378081
24321.5   0.0000516994727764
24322.4   0.0000529076750599
24323.3   0.0000541707525140
24324.2   0.0000541584108802
24325.1   0.0000524984647098
24326.0   0.0000508966008166
24326.9   0.0000496092767768
24327.8   0.0000495205372798
24328.7   0.0000479683835406
24329.6   0.0000472566850428
24330.5   0.0000482061747533
24331.4   0.0000485186385778
24332.3   0.0000472487066490
24333.2   0.0000468583559475
24334.1   0.0000486891485576
24335.0   0.0000502026702627
24335.9   0.0000508644867973
24336.8   0.0000513396754932
24337.7   0.0000508109682042
24338.6   0.0000492114094190
24339.5   0.0000485875913719
24340.4   0.0000498241386084
24341.3   0.0000509279059006
24342.2   0.0000528048257251
24343.1   0.0000546914456156
24344.0   0.0000564705415270
24344.9   0.0000540876827234
24345.8   0.0000439313234396
24346.7   0.0000397330847508
24347.6   0.0000436013064330
24348.5   0.0000469528081034
24349.4   0.0000497416916266
24350.3   0.0000520732975720
24351.2   0.0000544563747166
24352.1   0.0000554681023416
24353.0   0.0000529740542940
24353.9   0.0000500223206217
24354.8   0.0000493643340025
24355.7   0.0000494025544102
24356.6   0.0000484690322253
24357.5   0.0000478452284956
24358.4   0.0000483131904634
24359.3   0.0000473603468923
24360.2   0.0000473256092020
24361.1   0.0000486840085965
24362.0   0.0000497114424539
24362.9   0.0000498226245391
24363.8   0.0000488778452665
24364.7   0.0000478769165711
24365.6   0.0000491991680073
24366.5   0.0000504101657711
24367.4   0.0000508199846124
24368.3   0.0000510589498554
24369.2   0.0000495376859943
24370.1   0.0000478161282975
24371.0   0.0000480237598216
24371.9   0.0000490261023643
24372.8   0.0000479050360245
24373.7   0.0000450787768225
24374.6   0.0000445269074939
24375.5   0.0000471551708093
24376.4   0.0000493287193689
24377.3   0.0000500594815389
24378.2   0.0000498018391947
24379.1   0.0000498138730035
24380.0   0.0000504193611473
24380.9   0.0000507579185073
24381.8   0.0000504267990577
24382.7   0.0000490700927006
24383.6   0.0000476792177714
24384.5   0.0000482570124057
24385.4   0.0000492859388563
24386.3   0.0000501336780956
24387.2   0.0000503517720894
24388.1   0.0000494347113819
24389.0   0.0000477244250902
24389.9   0.0000474731003167
24390.8   0.0000484185883026
24391.7   0.0000499110526318
24392.6   0.0000501922901182
24393.5   0.0000498462518955
24394.4   0.0000498964309456
24395.3   0.0000502211648166
24396.2   0.0000501717302735
24397.1   0.0000501517574438
24398.0   0.0000500871929452
24398.9   0.0000495579559109
24399.8   0.0000478022010071
24400.7   0.0000462609177847
24401.6   0.0000457840074165
24402.5   0.0000456772064681
24403.4   0.0000463200416558
24404.3   0.0000465838691344
24405.2   0.0000472346505016
24406.1   0.0000486606496921
24407.0   0.0000491270081065
24407.9   0.0000493652109457
24408.8   0.0000490308629133
24409.7   0.0000488234568889
24410.6   0.0000482169736829
24411.5   0.0000473398622141
24412.4   0.0000481816024459
24413.3   0.0000495032060179
24414.2   0.0000495865442605
24415.1   0.0000495160559209
24416.0   0.0000493079232864
24416.9   0.0000492264284143
24417.8   0.0000501382847321
24418.7   0.0000498716832494
24419.6   0.0000475685010030
24420.5   0.0000462460920749
24421.4   0.0000472940643009
24422.3   0.0000482559636532
24423.2   0.0000490490818565
24424.1   0.0000491552349407
24425.0   0.0000493702256293
24425.9   0.0000499382915626
24426.8   0.0000499842398090
24427.7   0.0000497806493825
24428.6   0.0000498923218401
24429.5   0.0000499987254796
24430.4   0.0000499270308956
24431.3   0.0000494642482619
24432.2   0.0000492323093030
24433.1   0.0000490409388121
24434.0   0.0000479091845029
24434.9   0.0000453936245008
24435.8   0.0000440567585370
24436.7   0.0000443571133860
24437.6   0.0000461178614972
24438.5   0.0000466495647107
24439.4   0.0000456982638439
24440.3   0.0000456733264417
24441.2   0.0000469648741265
24442.1   0.0000482416283157
24443.0   0.0000492401803160
24443.9   0.0000496377434282
24444.8   0.0000497246932452
24445.7   0.0000492424245748
24446.6   0.0000493652145251
24447.5   0.0000503494061324
24448.4   0.0000514355522345
24449.3   0.0000519387100507
24450.2   0.0000539582888537
24451.1   0.0000541400952942
24452.0   0.0000475902563540
24452.9   0.0000377558569372
24453.8   0.0000351890515936
24454.7   0.0000380181631877
24455.6   0.0000406045515686
24456.5   0.0000420717134009
24457.4   0.0000425328065765
24458.3   0.0000437170951548
24459.2   0.0000451011191886
24460.1   0.0000450138006976
24461.0   0.0000454670550745
24461.9   0.0000474553896426
24462.8   0.0000475441362984
24463.7   0.0000444789512265
24464.6   0.0000435655987361
24465.5   0.0000438797734946
24466.4   0.0000428682033615
24467.3   0.0000416817743258
24468.2   0.0000410894940210
24469.1   0.0000415146432619
24470.0   0.0000426665636863
24470.9   0.0000438593890385
24471.8   0.0000432813617459
24472.7   0.0000424709695504
24473.6   0.0000421529827733
24474.5   0.0000431723917052
24475.4   0.0000452657303830
24476.3   0.0000472414512859
24477.2   0.0000471865295837
24478.1   0.0000460687992075
24479.0   0.0000457414738797
24479.9   0.0000461747590063
24480.8   0.0000468162340372
24481.7   0.0000466518089695
24482.6   0.0000458285489743
24483.5   0.0000454674631215
24484.4   0.0000451387561607
24485.3   0.0000456805209556
24486.2   0.0000456654196351
24487.1   0.0000435243358722
24488.0   0.0000420121134749
24488.9   0.0000445137676627
24489.8   0.0000471390636886
24490.7   0.0000498821206637
24491.6   0.0000528119092789
24492.5   0.0000503080108321
24493.4   0.0000452941111297
24494.3   0.0000445772261390
24495.2   0.0000450779034586
24496.1   0.0000450260063157
24497.0   0.0000443713341839
24497.9   0.0000452339206092
24498.8   0.0000463431893779
24499.7   0.0000452325676111
24500.6   0.0000437594497235
24501.5   0.0000442098155568
24502.4   0.0000464844774615
24503.3   0.0000484267206089
24504.2   0.0000450660486178
24505.1   0.0000404767254586
24506.0   0.0000432565281451
24506.9   0.0000452939786933
24507.8   0.0000461273539604
24508.7   0.0000470564878497
24509.6   0.0000461296769651
24510.5   0.0000453141984989
24511.4   0.0000454873929989
24512.3   0.0000449155866342
24513.2   0.0000451264968522
24514.1   0.0000452664247788
24515.0   0.0000449615313012
24515.9   0.0000459289034951
24516.8   0.0000467012184572
24517.7   0.0000465244231209
24518.6   0.0000466758765873
24519.5   0.0000473277639768
24520.4   0.0000475863083198
24521.3   0.0000471080664296
24522.2   0.0000452105473874
24523.1   0.0000444401867560
24524.0   0.0000449472174399
24524.9   0.0000453256202371
24525.8   0.0000451713712905
24526.7   0.0000444625219634
24527.6   0.0000453168042731
24528.5   0.0000456161175283
24529.4   0.0000457313765047
24530.3   0.0000444267784728
24531.2   0.0000436665689068
24532.1   0.0000450499414971
24533.0   0.0000463485154659
24533.9   0.0000459904613311
24534.8   0.0000446215958875
24535.7   0.0000452084069300
24536.6   0.0000465100877834
24537.5   0.0000430130743845
24538.4   0.0000416252454908
24539.3   0.0000435324216467
24540.2   0.0000457857541443
24541.1   0.0000473271196920
24542.0   0.0000467729023031
24542.9   0.0000456010949537
24543.8   0.0000448620429855
24544.7   0.0000450789701080
24545.6   0.0000452734009518
24546.5   0.0000436928127755
24547.4   0.0000407425681170
24548.3   0.0000403993110571
24549.2   0.0000431088723798
24550.1   0.0000453722199270
24551.0   0.0000456300161838
24551.9   0.0000457647003478
24552.8   0.0000457579711507
24553.7   0.0000459494168082
24554.6   0.0000457628999297
24555.5   0.0000441729159329
24556.4   0.0000423720610911
24557.3   0.0000408123978543
24558.2   0.0000419368180546
24559.1   0.0000445637319512
24560.0   0.0000463775297593
24560.9   0.0000463864137312
24561.8   0.0000451885557986
24562.7   0.0000437411914074
24563.6   0.0000429305737122
24564.5   0.0000418954728654
24565.4   0.0000416442805281
24566.3   0.0000431544770076
24567.2   0.0000437906438473
24568.1   0.0000433493087397
24569.0   0.0000426537388388
24569.9   0.0000435082967593
24570.8   0.0000454132358151
24571.7   0.0000461196511773
24572.6   0.0000450748216295
24573.5   0.0000439315489393
24574.4   0.0000443901616184
24575.3   0.0000456371212137
24576.2   0.0000471680207123
24577.1   0.0000471660341674
24578.0   0.0000487707114376
24578.9   0.0000471895326668
24579.8   0.0000469142011247
24580.7   0.0000467768467580
24581.6   0.0000461902719532
24582.5   0.0000462345128448
24583.4   0.0000462988554230
24584.3   0.0000456568613849
24585.2   0.0000447938919681
24586.1   0.0000432295326108
24587.0   0.0000423418835056
24587.9   0.0000412186838672
24588.8   0.0000407113632551
24589.7   0.0000425608222285
24590.6   0.0000450262246567
24591.5   0.0000467360885838
24592.4   0.0000473094161766
24593.3   0.0000469785830759
24594.2   0.0000468860816713
24595.1   0.0000465729843001
24596.0   0.0000463704497849
24596.9   0.0000460362234507
24597.8   0.0000461475558691
24598.7   0.0000461188601387
24599.6   0.0000450757415251
24600.5   0.0000438430098864
24601.4   0.0000438364918716
24602.3   0.0000444319936006
24603.2   0.0000441916538833
24604.1   0.0000436751199982
24605.0   0.0000438743364465
24605.9   0.0000448529800456
24606.8   0.0000460102050817
24607.7   0.0000460539305454
24608.6   0.0000456179036290
24609.5   0.0000459836963404
24610.4   0.0000462312914207
24611.3   0.0000452056221878
24612.2   0.0000443920014095
24613.1   0.0000444672359807
24614.0   0.0000447709554282
24614.9   0.0000446897648017
24615.8   0.0000439620379292
24616.7   0.0000412596782791
24617.6   0.0000368190703758
24618.5   0.0000350633942179
24619.4   0.0000434372214046
24620.3   0.0000523827905275
24621.2   0.0000514584315046
24622.1   0.0000472277638127
24623.0   0.0000450719080304
24623.9   0.0000434608272849
24624.8   0.0000426320586543
24625.7   0.0000443194119855
24626.6   0.0000457073947917
24627.5   0.0000465003376063
24628.4   0.0000464772972650
24629.3   0.0000463509709069
24630.2   0.0000463559963286
24631.1   0.0000462362201996
24632.0   0.0000463983723735
24632.9   0.0000456882237387
24633.8   0.0000442325230176
24634.7   0.0000425869515576
24635.6   0.0000446396644976
24636.5   0.0000462560140613
24637.4   0.0000459927199074
24638.3   0.0000448393784770
24639.2   0.0000432118756271
24640.1   0.0000432369311482
24641.0   0.0000434648826999
24641.9   0.0000434447559577
24642.8   0.0000440260869998
24643.7   0.0000443070703517
24644.6   0.0000445399506823
24645.5   0.0000447759736912
24646.4   0.0000441859519626
24647.3   0.0000432729538288
24648.2   0.0000437346662338
24649.1   0.0000436095926518
24650.0   0.0000422358127467
24650.9   0.0000417104235245
24651.8   0.0000438046498836
24652.7   0.0000457264405671
24653.6   0.0000462298131449
24654.5   0.0000459179255975
24655.4   0.0000460570589062
24656.3   0.0000459781984432
24657.2   0.0000455406538780
24658.1   0.0000459542346269
24659.0   0.0000461634732837
24659.9   0.0000463503480983
24660.8   0.0000459839862686
24661.7   0.0000447530836830
24662.6   0.0000437970902750
24663.5   0.0000425241087313
24664.4   0.0000426537173627
24665.3   0.0000442988771963
24666.2   0.0000445029866299
24667.1   0.0000426851620417
24668.0   0.0000380311312095
24668.9   0.0000390718480725
24669.8   0.0000484149910456
24670.7   0.0000504423549570
24671.6   0.0000481475734688
24672.5   0.0000472097095200
24673.4   0.0000460058561591
24674.3   0.0000442231093004
24675.2   0.0000419966220041
24676.1   0.0000414208103354
24677.0   0.0000423303257517
24677.9   0.0000434755026615
24678.8   0.0000443347244882
24679.7   0.0000450071502464
24680.6   0.0000446038207850
24681.5   0.0000431409828198
24682.4   0.0000421941418357
24683.3   0.0000430083388910
24684.2   0.0000447191871423
24685.1   0.0000455039117460
24686.0   0.0000453334089248
24686.9   0.0000454412729432
24687.8   0.0000457329120502
24688.7   0.0000456347337804
24689.6   0.0000451335302949
24690.5   0.0000448481121158
24691.4   0.0000433146999064
24692.3   0.0000418376733575
24693.2   0.0000422307551108
24694.1   0.0000432191524663
24695.0   0.0000439747768720
24695.9   0.0000436606128515
24696.8   0.0000426734038435
24697.7   0.0000428493508715
24698.6   0.0000445182597597
24699.5   0.0000446744809339
24700.4   0.0000444584379134
24701.3   0.0000446359204869
24702.2   0.0000441711190941
24703.1   0.0000433472720838
24704.0   0.0000434294756692
24704.9   0.0000437149690148
24705.8   0.0000432988361822
24706.7   0.0000424472204957
24707.6   0.0000419669347909
24708.5   0.0000421343522036
24709.4   0.0000402589571866
24710.3   0.0000361040896047
24711.2   0.0000276959327748
24712.1   0.0000189120386971
24713.0   0.0000188035844422
24713.9   0.0000510818935540
24714.8   0.0000853926628701
24715.7   0.0000779032275708
24716.6   0.0000616660615433
24717.5   0.0000487171856858
24718.4   0.0000367926045868
24719.3   0.0000285928237878
24720.2   0.0000461326263579
24721.1   0.0000743486902748
24722.0   0.0000683265420853
24722.9   0.0000555571138700
24723.8   0.0000500201586882
24724.7   0.0000461778945258
24725.6   0.0000441733204006
24726.5   0.0000429790883598
24727.4   0.0000418191430100
24728.3   0.0000420617090892
24729.2   0.0000431760856049
24730.1   0.0000444686856215
24731.0   0.0000448950697417
24731.9   0.0000441996000629
24732.8   0.0000435332914313
24733.7   0.0000432778217587
24734.6   0.0000438891084659
24735.5   0.0000447359779208
24736.4   0.0000447017699757
24737.3   0.0000437318528567
24738.2   0.0000423571960084
24739.1   0.0000426419269503
24740.0   0.0000434138553415
24740.9   0.0000431733438150
24741.8   0.0000419109679155
24742.7   0.0000410682791533
24743.6   0.0000438775686088
24744.5   0.0000461830022728
24745.4   0.0000450877073261
24746.3   0.0000418312197712
24747.2   0.0000388431806487
24748.1   0.0000396407122031
24749.0   0.0000423334505331
24749.9   0.0000437788856492
24750.8   0.0000439928168472
24751.7   0.0000437972262907
24752.6   0.0000426186324744
24753.5   0.0000414799914762
24754.4   0.0000411132752899
24755.3   0.0000414969325879
24756.2   0.0000420171174204
24757.1   0.0000430876718296
24758.0   0.0000436596177893
24758.9   0.0000438608887904
24759.8   0.0000438184196822
