3540.5   0.0003826570325506
3541.4   0.0003758874908907
3542.3   0.0003774222081174
3543.2   0.0003830936574363
3544.1   0.0003831640453272
3545.0   0.0003772913650018
3545.9   0.0003719273815384
3546.8   0.0003645653511816
3547.7   0.0003567111554938
3548.6   0.0003598920145285
3549.5   0.0003714251804340
3550.4   0.0003713719770867
3551.3   0.0003564220427310
3552.2   0.0003455850570590
3553.1   0.0003471641791466
3554.0   0.0003583587751725
3554.9   0.0003772119036719
3555.8   0.0003914507416103
3556.7   0.0003909996129696
3557.6   0.0003828084627495
3558.5   0.0003736348377982
3559.4   0.0003627351972799
3560.3   0.0003539234444494
3561.2   0.0003644919731801
3562.1   0.0003901615571436
3563.0   0.0003916273299811
3563.9   0.0003547714673108
3564.8   0.0003098679109909
3565.7   0.0002888018256949
3566.6   0.0002938478607313
3567.5   0.0003028122123097
3568.4   0.0003047123073041
3569.3   0.0003062798813783
3570.2   0.0002972961456347
3571.1   0.0002940146195431
3572.0   0.0002995285553347
3572.9   0.0003052220352386
3573.8   0.0003130426179589
3574.7   0.0003201288363898
3575.6   0.0003184287007456
3576.5   0.0003130098985878
3577.4   0.0003150315914133
3578.3   0.0003204282942479
3579.2   0.0003216916675299
3580.1   0.0003035932498198
3581.0   0.0002778842101440
3581.9   0.0002780077154594
3582.8   0.0002955719172603
3583.7   0.0002912716914195
3584.6   0.0002621348680009
3585.5   0.0002393414267436
3586.4   0.0002331327198511
3587.3   0.0002401492377728
3588.2   0.0002514620806438
3589.1   0.0002627654376466
3590.0   0.0002913124875262
3590.9   0.0003323372517545
3591.8   0.0003543170048687
3592.7   0.0003583122394282
3593.6   0.0003687596171260
3594.5   0.0003804524274422
3595.4   0.0003900528820894
3596.3   0.0004093096755197
3597.2   0.0004304807583775
3598.1   0.0004369639711707
3599.0   0.0004348721310379
3599.9   0.0004303603290955
3600.8   0.0004075437918114
3601.7   0.0003687794480894
3602.6   0.0003460943381954
3603.5   0.0003407041311183
3604.4   0.0003395460303508
3605.3   0.0003507658532868
3606.2   0.0003692746379000
3607.1   0.0003690310298088
3608.0   0.0003404890837387
3608.9   0.0003069577085191
3609.8   0.0002906188849743
3610.7   0.0002998707339684
3611.6   0.0003187374382573
3612.5   0.0003228681901283
3613.4   0.0003228804598925
3614.3   0.0003454556918142
3615.2   0.0003836994469700
3616.1   0.0004034417381284
3617.0   0.0003806661344274
3617.9   0.0003312437648712
3618.8   0.0002994944268310
3619.7   0.0003065363778773
3620.6   0.0003356859006736
3621.5   0.0003686429684435
3622.4   0.0003898108893453
3623.3   0.0003859249141144
3624.2   0.0003843609487944
3625.1   0.0004204470813843
3626.0   0.0004736265764628
3626.9   0.0004974745644275
3627.8   0.0004875172555463
3628.7   0.0004586754391890
3629.6   0.0003981249090528
3630.5   0.0003231729751949
3631.4   0.0002900014786891
3632.3   0.0003027194845120
3633.2   0.0003209553442025
3634.1   0.0003330118825702
3635.0   0.0003509331620041
3635.9   0.0003729578011464
3636.8   0.0003913660218099
3637.7   0.0004164505064303
3638.6   0.0004513257473346
3639.5   0.0004653558618054
3640.4   0.0004496244087723
3641.3   0.0004277781795625
3642.2   0.0004039007716591
3643.1   0.0003775241124614
3644.0   0.0003574606421818
3644.9   0.0003503419793325
3645.8   0.0003621612335211
3646.7   0.0003728458266598
3647.6   0.0003638375513877
3648.5   0.0003524556094666
3649.4   0.0003498954561496
3650.3   0.0003579496111876
3651.2   0.0003831922967170
3652.1   0.0004121972287629
3653.0   0.0004241014089664
3653.9   0.0004261032708284
3654.8   0.0004287023299524
3655.7   0.0004365422968380
3656.6   0.0004530691536597
3657.5   0.0004702990301633
3658.4   0.0004797738314271
3659.3   0.0004743448560195
3660.2   0.0004608163240094
3661.1   0.0004520747184862
3662.0   0.0004419239460123
3662.9   0.0004265939239195
3663.8   0.0004222770290714
3664.7   0.0004396072976792
3665.6   0.0004513136837849
3666.5   0.0004387582093761
3667.4   0.0004163573318345
3668.3   0.0003881302409736
3669.2   0.0003694984493968
3670.1   0.0003841506787179
3671.0   0.0004258123365040
3671.9   0.0004573235655070
3672.8   0.0004529619221072
3673.7   0.0004356724496061
3674.6   0.0004378122689848
3675.5   0.0004452028600532
3676.4   0.0004318648358944
3677.3   0.0004125346300935
3678.2   0.0004037116385714
3679.1   0.0003964871189330
3680.0   0.0004004287377163
3680.9   0.0004261871314016
3681.8   0.0004520138508325
3682.7   0.0004623322069763
3683.6   0.0004524431551026
3684.5   0.0004182968138030
3685.4   0.0003816612569826
3686.3   0.0003650839463407
3687.2   0.0003650652839262
3688.1   0.0003823905690163
3689.0   0.0004229524503761
3689.9   0.0004720870819329
3690.8   0.0005077761140876
3691.7   0.0005210449532735
3692.6   0.0005049318315253
3693.5   0.0004693760139533
3694.4   0.0004485098536385
3695.3   0.0004458164857388
3696.2   0.0004419493447679
3697.1   0.0004499941170450
3698.0   0.0004906304418480
3698.9   0.0005417777958985
3699.8   0.0005628652243977
3700.7   0.0005527884829380
3701.6   0.0005271807977008
3702.5   0.0004861030363398
3703.4   0.0004362950112544
3704.3   0.0003979670862036
3705.2   0.0003802754610114
3706.1   0.0003796804633711
3707.0   0.0003888794183398
3707.9   0.0003970919117632
3708.8   0.0004007339352120
3709.7   0.0004126831389199
3710.6   0.0004369284335344
3711.5   0.0004608396262507
3712.4   0.0004994432944893
3713.3   0.0005560103442939
3714.2   0.0005793444456644
3715.1   0.0005602719736495
3716.0   0.0005575801867279
3716.9   0.0005751844800692
3717.8   0.0005534607079176
3718.7   0.0004865501094281
3719.6   0.0004198218045780
3720.5   0.0003799004255302
3721.4   0.0003659491881148
3722.3   0.0003879720744336
3723.2   0.0004365796904050
3724.1   0.0004868471614501
3725.0   0.0005391151539630
3725.9   0.0005609382184079
3726.8   0.0005155843239364
3727.7   0.0004672150575859
3728.6   0.0004818252878822
3729.5   0.0005034511768730
3730.4   0.0004789394874625
3731.3   0.0004389740816137
3732.2   0.0004018533020181
3733.1   0.0003585041564120
3734.0   0.0003223610742444
3734.9   0.0003152624485730
3735.8   0.0003337190609116
3736.7   0.0003692630211485
3737.6   0.0004218989347414
3738.5   0.0004782011019897
3739.4   0.0005240703952952
3740.3   0.0005508286201007
3741.2   0.0005437196837031
3742.1   0.0005131057284637
3743.0   0.0004882170789030
3743.9   0.0004751252061478
3744.8   0.0004554303099610
3745.7   0.0004210075380918
3746.6   0.0003844872551904
3747.5   0.0003418186518830
3748.4   0.0002929824471117
3749.3   0.0002765022463260
3750.2   0.0003179438560303
3751.1   0.0003911441349820
3752.0   0.0004557561632782
3752.9   0.0005102208216402
3753.8   0.0005713941196393
3754.7   0.0006215313318434
3755.6   0.0006248859609837
3756.5   0.0005657226015822
3757.4   0.0004716067051990
3758.3   0.0004046972065204
3759.2   0.0003930430270583
3760.1   0.0004090203909114
3761.0   0.0004324731687406
3761.9   0.0004652446434387
3762.8   0.0004950320221273
3763.7   0.0005149421031701
3764.6   0.0005214245942124
3765.5   0.0004944189807162
3766.4   0.0004415199030214
3767.3   0.0004098229778394
3768.2   0.0004158177715321
3769.1   0.0004201424337940
3770.0   0.0004133205136449
3770.9   0.0004356020273461
3771.8   0.0004860202412084
3772.7   0.0005180519213012
3773.6   0.0005154754770368
3774.5   0.0005026356671683
3775.4   0.0005004612037495
3776.3   0.0005125878550554
3777.2   0.0005308699411684
3778.1   0.0005565856828162
3779.0   0.0006020974001368
3779.9   0.0006396713361492
3780.8   0.0006363615242988
3781.7   0.0006151461053183
3782.6   0.0006137891450113
3783.5   0.0006315867644690
3784.4   0.0006321728948847
3785.3   0.0005885394138189
3786.2   0.0005241131504399
3787.1   0.0004857305441711
3788.0   0.0004664682173177
3788.9   0.0004447876814780
3789.8   0.0004376081853441
3790.7   0.0004553948066937
3791.6   0.0004700069616590
3792.5   0.0004577967247326
3793.4   0.0004273963733711
3794.3   0.0003950114134293
3795.2   0.0003730885411547
3796.1   0.0003567850834007
3797.0   0.0003390675439166
3797.9   0.0003392705964847
3798.8   0.0003749059784940
3799.7   0.0004300275675917
3800.6   0.0004769614433779
3801.5   0.0005150244858725
3802.4   0.0005596403385621
3803.3   0.0005998590102156
3804.2   0.0006115940601402
3805.1   0.0005920494599723
3806.0   0.0005542093353783
3806.9   0.0005278234996343
3807.8   0.0005383765279066
3808.7   0.0005758890463599
3809.6   0.0006110365248051
3810.5   0.0006289735452810
3811.4   0.0006270140261346
3812.3   0.0005936611639547
3813.2   0.0005376982195986
3814.1   0.0004917424193003
3815.0   0.0004698923407526
3815.9   0.0004762822414736
3816.8   0.0005039244735750
3817.7   0.0005162717056835
3818.6   0.0004916173501914
3819.5   0.0004528688162495
3820.4   0.0004432410725470
3821.3   0.0004720011592146
3822.2   0.0004968632071016
3823.1   0.0004803551501706
3824.0   0.0004337489492632
3824.9   0.0003920752622966
3825.8   0.0003727051196161
3826.7   0.0003740591585506
3827.6   0.0003902843235236
3828.5   0.0004092644801698
3829.4   0.0004156581958595
3830.3   0.0004028271844774
3831.2   0.0003705296594938
3832.1   0.0003256865240295
3833.0   0.0002906098115352
3833.9   0.0002795549602185
3834.8   0.0002879677566830
3835.7   0.0003067602924814
3836.6   0.0003241519786482
3837.5   0.0003314986116539
3838.4   0.0003330574559800
3839.3   0.0003390313876367
3840.2   0.0003604363865031
3841.1   0.0004077105162542
3842.0   0.0004632784910584
3842.9   0.0004938855381113
3843.8   0.0004992064227393
3844.7   0.0004942895811023
3845.6   0.0004877977072991
3846.5   0.0004888544536280
3847.4   0.0004900246523143
3848.3   0.0004732828512202
3849.2   0.0004459541339337
3850.1   0.0004413573028691
3851.0   0.0004674079025350
3851.9   0.0004897962009906
3852.8   0.0004890663734206
3853.7   0.0004828867084070
3854.6   0.0004843389741932
3855.5   0.0004862346699444
3856.4   0.0004882901819518
3857.3   0.0004837144878759
3858.2   0.0004586228201163
3859.1   0.0004292857795793
3860.0   0.0004258720699778
3860.9   0.0004567012444423
3861.8   0.0005027512847781
3862.7   0.0005302596492842
3863.6   0.0005255323531640
3864.5   0.0005085396577322
3865.4   0.0004958364306169
3866.3   0.0004897630691904
3867.2   0.0004887417573906
3868.1   0.0004817220775129
3869.0   0.0004612055882928
3869.9   0.0004313827750752
3870.8   0.0004057671162097
3871.7   0.0004003519571752
3872.6   0.0004238867052777
3873.5   0.0004728144349286
3874.4   0.0005224475900976
3875.3   0.0005407369624570
3876.2   0.0005185186191384
3877.1   0.0004746884437857
3878.0   0.0004425248551356
3878.9   0.0004394434946088
3879.8   0.0004407882538898
3880.7   0.0004192914551911
3881.6   0.0003982812884002
3882.5   0.0004210977569461
3883.4   0.0004723220977523
3884.3   0.0004867734741269
3885.2   0.0004507687962740
3886.1   0.0004194900054087
3887.0   0.0004189242214927
3887.9   0.0004162543276797
3888.8   0.0004004067415004
3889.7   0.0004086417466761
3890.6   0.0004600645002235
3891.5   0.0005273276568111
3892.4   0.0005722986796494
3893.3   0.0005802617566059
3894.2   0.0005649740428596
3895.1   0.0005543774002155
3896.0   0.0005681974508245
3896.9   0.0005900605208871
3897.8   0.0005936322251832
3898.7   0.0005864538288601
3899.6   0.0005975661109218
3900.5   0.0006356557894591
3901.4   0.0006660113922689
3902.3   0.0006592329146462
3903.2   0.0006353454366002
3904.1   0.0006106352313411
3905.0   0.0005761946906538
3905.9   0.0005421371247068
3906.8   0.0005350747584226
3907.7   0.0005635725745846
3908.6   0.0006101399727924
3909.5   0.0006456181505961
3910.4   0.0006613435203007
3911.3   0.0006629113005895
3912.2   0.0006489698927331
3913.1   0.0006285862744047
3914.0   0.0006161966995805
3914.9   0.0006042873983831
3915.8   0.0005823340750970
3916.7   0.0005641890185354
3917.6   0.0005569788308065
3918.5   0.0005424816060694
3919.4   0.0005202321243576
3920.3   0.0005075729584122
3921.2   0.0005105964413959
3922.1   0.0005214299901592
3923.0   0.0005297922984344
3923.9   0.0005221135913066
3924.8   0.0004944302194077
3925.7   0.0004598233667067
3926.6   0.0004278383598344
3927.5   0.0003973806464661
3928.4   0.0003705149495245
3929.3   0.0003470294523241
3930.2   0.0003228217231222
3931.1   0.0003011798525058
3932.0   0.0002886172980649
3932.9   0.0002844912032053
3933.8   0.0002850094031199
3934.7   0.0002893257480626
3935.6   0.0003034411322392
3936.5   0.0003282757192254
3937.4   0.0003565726824409
3938.3   0.0003850364388372
3939.2   0.0004098160696528
3940.1   0.0004277913429229
3941.0   0.0004394004988805
3941.9   0.0004473759830776
3942.8   0.0004578920302119
3943.7   0.0004792807037617
3944.6   0.0005181250930882
3945.5   0.0005618175515079
3946.4   0.0005772527430080
3947.3   0.0005581142136072
3948.2   0.0005403476294355
3949.1   0.0005495368235834
3950.0   0.0005716406491029
3950.9   0.0005760132562416
3951.8   0.0005607225523848
3952.7   0.0005636896013270
3953.6   0.0005991938996371
3954.5   0.0006231703248812
3955.4   0.0006020975376132
3956.3   0.0005638932038005
3957.2   0.0005526898436573
3958.1   0.0005710163002620
3959.0   0.0005814432970910
3959.9   0.0005501591446481
3960.8   0.0004844145518163
3961.7   0.0004219482543818
3962.6   0.0003829130822514
3963.5   0.0003530617770603
3964.4   0.0003164357404771
3965.3   0.0002753766758997
3966.2   0.0002364625001413
3967.1   0.0002040815785673
3968.0   0.0001849460392772
3968.9   0.0001840848530553
3969.8   0.0002002346638042
3970.7   0.0002289313910593
3971.6   0.0002662749682637
3972.5   0.0003101994352075
3973.4   0.0003615247867615
3974.3   0.0004156749336051
3975.2   0.0004606039230496
3976.1   0.0004975380097627
3977.0   0.0005380452442736
3977.9   0.0005859787793347
3978.8   0.0006375559188226
3979.7   0.0006721406378314
3980.6   0.0006646701042658
3981.5   0.0006283403979538
3982.4   0.0006081906268958
3983.3   0.0006265243353779
3984.2   0.0006729936098413
3985.1   0.0007220017975258
3986.0   0.0007498564305870
3986.9   0.0007640120953340
3987.8   0.0007747404746899
3988.7   0.0007661286812096
3989.6   0.0007443123531058
3990.5   0.0007373773586594
3991.4   0.0007479978878192
3992.3   0.0007637635380942
3993.2   0.0007741634864514
3994.1   0.0007661807847461
3995.0   0.0007331724382979
3995.9   0.0006897402226076
3996.8   0.0006697697207093
3997.7   0.0007011443669592
3998.6   0.0007736346149352
3999.5   0.0008386211288073
4000.4   0.0008547680697374
4001.3   0.0008452387591011
4002.2   0.0008481306428493
4003.1   0.0008411126814260
4004.0   0.0007880727935803
4004.9   0.0007200437906192
4005.8   0.0007032153794250
4006.7   0.0007452126857182
4007.6   0.0007993511470721
4008.5   0.0008266843323399
4009.4   0.0008306120316428
4010.3   0.0008299005227964
4011.2   0.0008280944272559
4012.1   0.0008294248546274
4013.0   0.0008364329864917
4013.9   0.0008486116725959
4014.8   0.0008699085463135
4015.7   0.0008819485187810
4016.6   0.0008657839121400
4017.5   0.0008513252495189
4018.4   0.0008693936973849
4019.3   0.0008912484501284
4020.2   0.0008769232083044
4021.1   0.0008367506943352
4022.0   0.0008039062884337
4022.9   0.0007853603164680
4023.8   0.0007774304056809
4024.7   0.0008012123018905
4025.6   0.0008650988674909
4026.5   0.0009284381397442
4027.4   0.0009512125405271
4028.3   0.0009285477083946
4029.2   0.0008634710100374
4030.1   0.0007758306621408
4031.0   0.0007152562454889
4031.9   0.0007049752829121
4032.8   0.0007259471625396
4033.7   0.0007637518526045
4034.6   0.0008161183125526
4035.5   0.0008719697979585
4036.4   0.0009148166393528
4037.3   0.0009355820982417
4038.2   0.0009284063139693
4039.1   0.0008959832043405
4040.0   0.0008610555505781
4040.9   0.0008552221541195
4041.8   0.0008773655384586
4042.7   0.0008749353002918
4043.6   0.0008097518515492
4044.5   0.0007237441040402
4045.4   0.0007088382995926
4046.3   0.0007945209842734
4047.2   0.0008916594356750
4048.1   0.0009148098342736
4049.0   0.0008890559773078
4049.9   0.0008705213471410
4050.8   0.0008633012267458
4051.7   0.0008462756057284
4052.6   0.0008137854763793
4053.5   0.0007812059186649
4054.4   0.0007719060560558
4055.3   0.0007879659057186
4056.2   0.0007998961033212
4057.1   0.0007951478076886
4058.0   0.0008000964063623
4058.9   0.0008340522398107
4059.8   0.0008777143846953
4060.7   0.0008864077703890
4061.6   0.0008335287298721
4062.5   0.0007550720083313
4063.4   0.0007291526985790
4064.3   0.0007748398013524
4065.2   0.0008194486083791
4066.1   0.0008134202704571
4067.0   0.0008022336824285
4067.9   0.0008391097884913
4068.8   0.0008951986268144
4069.7   0.0009022090270385
4070.6   0.0008570177327193
4071.5   0.0008284504222627
4072.4   0.0008506729242409
4073.3   0.0008759175000702
4074.2   0.0008486471414940
4075.1   0.0007640871574208
4076.0   0.0006615095917308
4076.9   0.0006013067736513
4077.8   0.0006257581796826
4078.7   0.0007152024234981
4079.6   0.0008159179407733
4080.5   0.0008906225890476
4081.4   0.0009143039213077
4082.3   0.0008848797207652
4083.2   0.0008422579968930
4084.1   0.0008161629923662
4085.0   0.0007997031552648
4085.9   0.0008059094563211
4086.8   0.0008569921621183
4087.7   0.0009243667776561
4088.6   0.0009571620357627
4089.5   0.0009504779356540
4090.4   0.0009353240551339
4091.3   0.0009292225110558
4092.2   0.0009343452922642
4093.1   0.0009449808063461
4094.0   0.0009297022347771
4094.9   0.0008761248831433
4095.8   0.0008221023830901
4096.7   0.0007991096698643
4097.6   0.0007926558426408
4098.5   0.0007664347723016
4099.4   0.0006985899189106
4100.3   0.0006053756611651
4101.2   0.0005524441046827
4102.1   0.0005925133739134
4103.0   0.0006948384642877
4103.9   0.0007909199975149
4104.8   0.0008534199766550
4105.7   0.0008861862959901
4106.6   0.0008879980280609
4107.5   0.0008621324715613
4108.4   0.0008245095252303
4109.3   0.0007937667890205
4110.2   0.0007873226538797
4111.1   0.0008100402769303
4112.0   0.0008495389505727
4112.9   0.0008901223126121
4113.8   0.0009216683918697
4114.7   0.0009452048240575
4115.6   0.0009576757848805
4116.5   0.0009352529798612
4117.4   0.0008728167897472
4118.3   0.0008149799396412
4119.2   0.0008072180936912
4120.1   0.0008327468331348
4121.0   0.0008437099533574
4121.9   0.0008340529271924
4122.8   0.0008349904471573
4123.7   0.0008592513109683
4124.6   0.0008803993665376
4125.5   0.0008677088559846
4126.4   0.0008240526225830
4127.3   0.0007802095588225
4128.2   0.0007621029612696
4129.1   0.0007709803590570
4130.0   0.0007886077827940
4130.9   0.0007890945178091
4131.8   0.0007670629704803
4132.7   0.0007535192817028
4133.6   0.0007751236900140
4134.5   0.0008281622718343
4135.4   0.0008791896434009
4136.3   0.0008957010341334
4137.2   0.0009037330898482
4138.1   0.0009390036783642
4139.0   0.0009725250865485
4139.9   0.0009607490686718
4140.8   0.0008970617063017
4141.7   0.0008040094644340
4142.6   0.0007315764066193
4143.5   0.0007295784628332
4144.4   0.0007925903351603
4145.3   0.0008624980211744
4146.2   0.0008983328126285
4147.1   0.0008992791998179
4148.0   0.0008713827052083
4148.9   0.0008297456556888
4149.8   0.0008114803416904
4150.7   0.0008294222425768
4151.6   0.0008500654849910
4152.5   0.0008455511741051
4153.4   0.0008217546366643
4154.3   0.0007996341421373
4155.2   0.0007895182886562
4156.1   0.0007958983598182
4157.0   0.0008291386976061
4157.9   0.0008769741432918
4158.8   0.0009022403029080
4159.7   0.0008911684388930
4160.6   0.0008791846942523
4161.5   0.0008990439777840
4162.4   0.0009224808770948
4163.3   0.0009175619045744
4164.2   0.0009055926636886
4165.1   0.0009019129717200
4166.0   0.0008922455660907
4166.9   0.0008843831561911
4167.8   0.0009016727317994
4168.7   0.0009241047477341
4169.6   0.0009102529057194
4170.5   0.0008497771970863
4171.4   0.0007606752693809
4172.3   0.0006888300604363
4173.2   0.0006794510114499
4174.1   0.0007235974855135
4175.0   0.0007675199418658
4175.9   0.0007706508969856
4176.8   0.0007357925313033
4177.7   0.0007089344642990
4178.6   0.0007330348932103
4179.5   0.0007872007810959
4180.4   0.0008184833181917
4181.3   0.0008166216822060
4182.2   0.0008125781590787
4183.1   0.0008310501000302
4184.0   0.0008732936264652
4184.9   0.0009076590706967
4185.8   0.0008925933812547
4186.7   0.0008484091699332
4187.6   0.0008398741569940
4188.5   0.0008699451150224
4189.4   0.0008850697130801
4190.3   0.0008738274471300
4191.2   0.0008787623669069
4192.1   0.0009183982419461
4193.0   0.0009485784249340
4193.9   0.0009219773699650
4194.8   0.0008512112128871
4195.7   0.0007886522563931
4196.6   0.0007584602504390
4197.5   0.0007499111461741
4198.4   0.0007658867915728
4199.3   0.0008066912843203
4200.2   0.0008320197207227
4201.1   0.0008167599834135
4202.0   0.0007952669309454
4202.9   0.0007932497404703
4203.8   0.0007944393920600
4204.7   0.0008010402502392
4205.6   0.0008361028370386
4206.5   0.0008894633884693
4207.4   0.0009231710083689
4208.3   0.0009203995539028
4209.2   0.0009081698640730
4210.1   0.0009195769641660
4211.0   0.0009504353179857
4211.9   0.0009697207064967
4212.8   0.0009464396366280
4213.7   0.0008741313386004
4214.6   0.0007961765432113
4215.5   0.0007881435939002
4216.4   0.0008701432184419
4217.3   0.0009695797245003
4218.2   0.0010203434851669
4219.1   0.0010321049992887
4220.0   0.0010358020820155
4220.9   0.0010226148694120
4221.8   0.0009718480155276
4222.7   0.0009020221279415
4223.6   0.0008380374042276
4224.5   0.0007697127583772
4225.4   0.0006989989110501
4226.3   0.0006826953158198
4227.2   0.0007705700608921
4228.1   0.0009143731406496
4229.0   0.0010159379868116
4229.9   0.0010434769054363
4230.8   0.0010119218902160
4231.7   0.0009357367591348
4232.6   0.0008652664511608
4233.5   0.0008502486034884
4234.4   0.0008622155760145
4235.3   0.0008568933853613
4236.2   0.0008481947755663
4237.1   0.0008492543057913
4238.0   0.0008464289605962
4238.9   0.0008516103067294
4239.8   0.0008901519387654
4240.7   0.0009454608050201
4241.6   0.0009764671521299
4242.5   0.0009855360544720
4243.4   0.0009963406644637
4244.3   0.0009878774829172
4245.2   0.0009345592054639
4246.1   0.0008678752711055
4247.0   0.0008418226092944
4247.9   0.0008629999473261
4248.8   0.0008880879375934
4249.7   0.0008948523926284
4250.6   0.0009095177509408
4251.5   0.0009391931895119
4252.4   0.0009520206952472
4253.3   0.0009357780020396
4254.2   0.0009140689742265
4255.1   0.0009167929993521
4256.0   0.0009436683883764
4256.9   0.0009507606557666
4257.8   0.0009103869451600
4258.7   0.0008579377244496
4259.6   0.0008327343227870
4260.5   0.0008482662632680
4261.4   0.0009060666821414
4262.3   0.0009772374321157
4263.2   0.0010227495274963
4264.1   0.0010446467604317
4265.0   0.0010645204102419
4265.9   0.0010679296862312
4266.8   0.0010336087155987
4267.7   0.0009815646376900
4268.6   0.0009341934496362
4269.5   0.0008829253569818
4270.4   0.0008231461722731
4271.3   0.0007908899589326
4272.2   0.0008133518072351
4273.1   0.0008477118211508
4274.0   0.0008644951401024
4274.9   0.0009008092428487
4275.8   0.0009683649147387
4276.7   0.0010225866180222
4277.6   0.0010299831205736
4278.5   0.0009929177095777
4279.4   0.0009383864095553
4280.3   0.0009075028975638
4281.2   0.0009147168315232
4282.1   0.0009351042991893
4283.0   0.0009459948318994
4283.9   0.0009326651937979
4284.8   0.0008976765005363
4285.7   0.0008716544959511
4286.6   0.0008609509998144
4287.5   0.0008328235449377
4288.4   0.0007706531653454
4289.3   0.0007129913913704
4290.2   0.0007244498388799
4291.1   0.0008107807932864
4292.0   0.0009016053683882
4292.9   0.0009319312075684
4293.8   0.0009057443001020
4294.7   0.0008692114724837
4295.6   0.0008428716225786
4296.5   0.0008152693273568
4297.4   0.0007693318114129
4298.3   0.0006957917940327
4299.2   0.0006273481624018
4300.1   0.0006121154391953
4301.0   0.0006346788137819
4301.9   0.0006529695609049
4302.8   0.0006712385180265
4303.7   0.0007008302335008
4304.6   0.0007261924203470
4305.5   0.0007387110167251
4306.4   0.0007340970354859
4307.3   0.0007072586963378
4308.2   0.0006846606089730
4309.1   0.0007024668894406
4310.0   0.0007556346990294
4310.9   0.0008056315478808
4311.8   0.0008230878823009
4312.7   0.0008141250429624
4313.6   0.0008172397758730
4314.5   0.0008774652088120
4315.4   0.0009897896414612
4316.3   0.0010885114767172
4317.2   0.0011304902924414
4318.1   0.0011272650285458
4319.0   0.0010956628589376
4319.9   0.0010491152229551
4320.8   0.0010159304943506
4321.7   0.0010026773618375
4322.6   0.0009673479334439
4323.5   0.0008861629250107
4324.4   0.0008008728040456
4325.3   0.0007813572801257
4326.2   0.0008631955074331
4327.1   0.0010020051024888
4328.0   0.0011019637437224
4328.9   0.0011031626749657
4329.8   0.0010398576343234
4330.7   0.0009982841676155
4331.6   0.0010088337589790
4332.5   0.0010366317517842
4333.4   0.0010638992920952
4334.3   0.0010863919351000
4335.2   0.0010590213562652
4336.1   0.0009415260256852
4337.0   0.0007817730773445
4337.9   0.0006586573699094
4338.8   0.0005804907234659
4339.7   0.0005452550539425
4340.6   0.0005999970364704
4341.5   0.0007332679156225
4342.4   0.0008426280144874
4343.3   0.0008855268219419
4344.2   0.0009208796213149
4345.1   0.0009707047622058
4346.0   0.0010021854714593
4346.9   0.0010242381214078
4347.8   0.0010607180206315
4348.7   0.0010739056456641
4349.6   0.0010066320065049
4350.5   0.0008887160670339
4351.4   0.0008304399112533
4352.3   0.0008818845235404
4353.2   0.0009750344423544
4354.1   0.0010392460020448
4355.0   0.0010827713579617
4355.9   0.0011173234263376
4356.8   0.0011041160734489
4357.7   0.0010311410838648
4358.6   0.0009710839907157
4359.5   0.0009922660029433
4360.4   0.0010677808680829
4361.3   0.0011277801524271
4362.2   0.0011538423001064
4363.1   0.0011726606127203
4364.0   0.0011919407083918
4364.9   0.0011866679404862
4365.8   0.0011340281088173
4366.7   0.0010498899021840
4367.6   0.0009892631757811
4368.5   0.0009856127662750
4369.4   0.0010145909248018
4370.3   0.0010443542794983
4371.2   0.0010586951936262
4372.1   0.0010261001010843
4373.0   0.0009326502776140
4373.9   0.0008425436727471
4374.8   0.0008466483728498
4375.7   0.0009498996413901
4376.6   0.0010693622585303
4377.5   0.0011334324925334
4378.4   0.0011343007244182
4379.3   0.0011119738778908
4380.2   0.0010981455443318
4381.1   0.0010580024503014
4382.0   0.0009405723522493
4382.9   0.0007885915605848
4383.8   0.0007102947927765
4384.7   0.0007528796729871
4385.6   0.0008586618123820
4386.5   0.0009376680956296
4387.4   0.0009619715083708
4388.3   0.0009574498425002
4389.2   0.0009429971601003
4390.1   0.0009349965864695
4391.0   0.0009610128857863
4391.9   0.0010079574159896
4392.8   0.0010131560154048
4393.7   0.0009628399464701
4394.6   0.0009300974105435
4395.5   0.0009767814230647
4396.4   0.0010555911838708
4397.3   0.0010670241295175
4398.2   0.0009947662853102
4399.1   0.0009032829235420
4400.0   0.0008689198851466
4400.9   0.0009357367591348
4401.8   0.0010428146818612
4402.7   0.0010704251569258
4403.6   0.0010117820080305
4404.5   0.0009727046993990
4405.4   0.0009965105852316
4406.3   0.0010094103347885
4407.2   0.0009623709459040
4408.1   0.0009179040144699
4409.0   0.0009435316681469
4409.9   0.0010179123534038
4410.8   0.0010902512399191
4411.7   0.0011364447368256
4412.6   0.0011281560815046
4413.5   0.0010485340416879
4414.4   0.0009478025771561
4415.3   0.0008979411425090
4416.2   0.0009028581903605
4417.1   0.0009298810915077
4418.0   0.0009843541702961
4418.9   0.0010609630722243
4419.8   0.0010986572313043
4420.7   0.0010640578710643
4421.6   0.0010036482885553
4422.5   0.0009828153975170
4423.4   0.0010162856644993
4424.3   0.0010662397582059
4425.2   0.0010922761978079
4426.1   0.0010841622749270
4427.0   0.0010605687900542
4427.9   0.0010408981240739
4428.8   0.0010164063687341
4429.7   0.0009871661115471
4430.6   0.0009839412600806
4431.5   0.0010037722234843
4432.4   0.0009999395890770
4433.3   0.0009575868376824
4434.2   0.0009171047957126
4435.1   0.0009304778076023
4436.0   0.0010086030049265
4436.9   0.0011061115426607
4437.8   0.0011673892195781
4438.7   0.0011708507365801
4439.6   0.0011223147801559
4440.5   0.0010396138887558
4441.4   0.0009454431393092
4442.3   0.0008705075995060
4443.2   0.0008604743693109
4444.1   0.0009328342897077
4445.0   0.0010314000205689
4445.9   0.0010865536072870
4446.8   0.0011000596962829
4447.7   0.0011025185295305
4448.6   0.0010807749264155
4449.5   0.0010330561294122
4450.4   0.0010099174163033
4451.3   0.0010299280612957
4452.2   0.0010429091281132
4453.1   0.0010038369748449
4454.0   0.0009328878367458
4454.9   0.0008894714308358
4455.8   0.0008985459697082
4456.7   0.0009281266183364
4457.6   0.0009429905612356
4458.5   0.0009439286998440
4459.4   0.0009376605344304
4460.3   0.0009151432144209
4461.2   0.0008958630500111
4462.1   0.0009206977401046
4463.0   0.0009750503208728
4463.9   0.0010085016161188
4464.8   0.0010142288808356
4465.7   0.0010094321935280
4466.6   0.0009881938847353
4467.5   0.0009443352174092
4468.4   0.0009050697723936
4469.3   0.0009073984842764
4470.2   0.0009531430521638
4471.1   0.0010200411746745
4472.0   0.0010942573694793
4472.9   0.0011631589348302
4473.8   0.0012031508048762
4474.7   0.0012086242882519
4475.6   0.0012098186827757
4476.5   0.0012254922238966
4477.4   0.0012207348548249
4478.3   0.0011545648757989
4479.2   0.0010508349146099
4480.1   0.0009727565279827
4481.0   0.0009561449857297
4481.9   0.0009987720024414
4482.8   0.0010719111387867
4483.7   0.0011400710879705
4484.6   0.0011850870999442
4485.5   0.0012011041944623
4486.4   0.0011788486981603
4487.3   0.0011139402708547
4488.2   0.0010320918015592
4489.1   0.0009852279699730
4490.0   0.0010044622860202
4490.9   0.0010685113486655
4491.8   0.0011188970493712
4492.7   0.0011111333474905
4493.6   0.0010613770822506
4494.5   0.0010237743449430
4495.4   0.0010233714017629
4496.3   0.0010550035412152
4497.2   0.0011112989377533
4498.1   0.0011636521999719
4499.0   0.0011673625491663
4499.9   0.0011167568175634
4500.8   0.0010778639334547
4501.7   0.0011259763939845
4502.6   0.0012369114219084
4503.5   0.0013173361861293
4504.4   0.0013270625003744
4505.3   0.0012902323114123
4506.2   0.0012354731443408
4507.1   0.0011846874561965
4508.0   0.0011639146423229
4508.9   0.0011875128701297
4509.8   0.0012286628409432
4510.7   0.0012417103088376
4511.6   0.0012170117203300
4512.5   0.0011762866889125
4513.4   0.0011348265714547
4514.3   0.0011049809371631
4515.2   0.0011014571433748
4516.1   0.0011080846032276
4517.0   0.0010981521431966
4517.9   0.0010888429321957
4518.8   0.0011050883061920
4519.7   0.0011359006054346
4520.6   0.0011484110219699
4521.5   0.0011121241395407
4522.4   0.0010561318783531
4523.3   0.0010360094650886
4524.2   0.0010344300680483
4525.1   0.0010149977860579
4526.0   0.0009906924486479
4526.9   0.0009776857424911
4527.8   0.0009711319012235
4528.7   0.0009714089160675
4529.6   0.0009884913148173
4530.5   0.0010230932183698
4531.4   0.0010526449282264
4532.3   0.0010336212946847
4533.2   0.0009646841916975
4534.1   0.0009177360183709
4535.0   0.0009529893536052
4535.9   0.0010594630677758
4536.8   0.0011687074802927
4537.7   0.0012068812256176
4538.6   0.0011664043390109
4539.5   0.0011005199671008
4540.4   0.0010621101748839
4541.3   0.0010741804608865
4542.2   0.0011124909264410
4543.1   0.0011168378598714
4544.0   0.0010754770003379
4544.9   0.0010506227886028
4545.8   0.0010724884019779
4546.7   0.0010905980927487
4547.6   0.0010553191869135
4548.5   0.0009896795229053
4549.4   0.0009679412126298
4550.3   0.0010159482287996
4551.2   0.0010668267134798
4552.1   0.0010589381143356
4553.0   0.0010050224334059
4553.9   0.0009534954727855
4554.8   0.0009509017065011
4555.7   0.0010114685619538
4556.6   0.0010942025851541
4557.5   0.0011428454294400
4558.4   0.0011524734480952
4559.3   0.0011552776906707
4560.2   0.0011654523152912
4561.1   0.0011706614316470
4562.0   0.0011410605739955
4562.9   0.0010686378269070
4563.8   0.0010024858572828
4564.7   0.0009965151906893
4565.6   0.0010506810785749
4566.5   0.0011268661409180
4567.4   0.0011848839098998
4568.3   0.0012083706443872
4569.2   0.0011972017908077
4570.1   0.0011410424271174
4571.0   0.0010707283610145
4571.9   0.0010672495907306
4572.8   0.0011340978780646
4573.7   0.0011851407157205
4574.6   0.0011871959871443
4575.5   0.0011797746013736
4576.4   0.0011807409226337
4577.3   0.0011692775947137
4578.2   0.0011280313904556
4579.1   0.0010694780136165
4580.0   0.0010275604436060
4580.9   0.0010130996501015
4581.8   0.0009981298504132
4582.7   0.0009760710140290
4583.6   0.0009829592665167
4584.5   0.0010284131406633
4585.4   0.0010799253913142
4586.3   0.0011199209732217
4587.2   0.0011505399807170
4588.1   0.0011661603184907
4589.0   0.0011585673622359
4589.9   0.0011249807215239
4590.8   0.0010760470460208
4591.7   0.0010414885162565
4592.6   0.0010411495683170
4593.5   0.0010580700199272
4594.4   0.0010661097743175
4595.3   0.0010682059449553
4596.2   0.0010803667591340
4597.1   0.0011019939197811
4598.0   0.0011194736251807
4598.9   0.0011108645812273
4599.8   0.0010749661382235
4600.7   0.0010579924145279
4601.6   0.0010860199928367
4602.5   0.0011239538419319
4603.4   0.0011362538509144
4604.3   0.0011235345390662
4605.2   0.0011119468637881
4606.1   0.0011285535943689
4607.0   0.0011757700527914
4607.9   0.0012312445093090
4608.8   0.0012624974202515
4609.7   0.0012539518903716
4610.6   0.0012218726090927
4611.5   0.0011902623971181
4612.4   0.0011689013219454
4613.3   0.0011627429313968
4614.2   0.0011670679373495
4615.1   0.0011617011356209
4616.0   0.0011509423739917
4616.9   0.0011527103198453
4617.8   0.0011511654981068
4618.7   0.0011399831718451
4619.6   0.0011521186216374
4620.5   0.0011940511078318
4621.4   0.0012285931404341
4622.3   0.0012383006204193
4623.2   0.0012344923880640
4624.1   0.0012175390796063
4625.0   0.0011940747537639
4625.9   0.0011857742067386
4626.8   0.0011837772252870
4627.7   0.0011579198486301
4628.6   0.0011223133366543
4629.5   0.0011316671587306
4630.4   0.0011909163721123
4631.3   0.0012311665602189
4632.2   0.0012110793408998
4633.1   0.0011691498791851
4634.0   0.0011492422039785
4634.9   0.0011450034644350
4635.8   0.0011323515847361
4636.7   0.0011115897002324
4637.6   0.0011024667009467
4638.5   0.0011141044863541
4639.4   0.0011409421381205
4640.3   0.0011771754735115
4641.2   0.0012073968994043
4642.1   0.0012098926450517
4643.0   0.0011880070976059
4643.9   0.0011553832725070
4644.8   0.0011064393550159
4645.7   0.0010457667802504
4646.6   0.0010068429639631
4647.5   0.0010133403024511
4648.4   0.0010584377004237
4649.3   0.0011163325655491
4650.2   0.0011599738827668
4651.1   0.0011852992259514
4652.0   0.0012014360623698
4652.9   0.0011927456324177
4653.8   0.0011429975470206
4654.7   0.0010800126887961
4655.6   0.0010446238018814
4656.5   0.0010647070343863
4657.4   0.0011470541304011
4658.3   0.0012440053390148
4659.2   0.0012879617520253
4660.1   0.0012604171281320
4661.0   0.0011913987766224
4661.9   0.0011231510487894
4662.8   0.0010911737062237
4663.7   0.0010988323761735
4664.6   0.0010963694186355
4665.5   0.0010348529452991
4666.4   0.0009425343459700
4667.3   0.0008953750089707
4668.2   0.0009189655381020
4669.1   0.0009778487894416
4670.0   0.0010469624120613
4670.9   0.0011143366151701
4671.8   0.0011502573293426
4672.7   0.0011495706349772
4673.6   0.0011494933732689
4674.5   0.0011787725362627
4675.4   0.0012243561193450
4676.3   0.0012432993979605
4677.2   0.0012106677367097
4678.1   0.0011483680606107
4679.0   0.0010962597125086
4679.9   0.0010698929172390
4680.8   0.0010664012241783
4681.7   0.0010913002532033
4682.6   0.0011415096404909
4683.5   0.0011867276052219
4684.4   0.0012046440729835
4685.3   0.0012029774471995
4686.2   0.0011940002415825
4687.1   0.0011823037537739
4688.0   0.0011740562726196
4688.9   0.0011689853199949
4689.8   0.0011576153385162
4690.7   0.0011470741332100
4691.6   0.0011567382394069
4692.5   0.0011802693787552
4693.4   0.0011998867039119
4694.3   0.0012195466467369
4695.2   0.0012424796264889
4696.1   0.0012425490520454
4697.0   0.0011954155605997
4697.9   0.0011277123765868
4698.8   0.0010932735199847
4699.7   0.0011014363157078
4700.6   0.0011126545920350
4701.5   0.0011025939353081
4702.4   0.0010865359415761
4703.3   0.0010920826311079
4704.2   0.0011215233288123
4705.1   0.0011407373670980
4706.0   0.0011196126825081
4706.9   0.0010681716446061
4707.8   0.0010275175509850
4708.7   0.0010315117888410
4709.6   0.0010839030632702
4710.5   0.0011530911293331
4711.4   0.0011899489510414
4712.3   0.0011768023626992
4713.2   0.0011373345524972
4714.1   0.0011092010486612
4715.0   0.0011261470708723
4715.9   0.0011790223307896
4716.8   0.0012198620174825
4717.7   0.0012310685395817
4718.6   0.0012332267807913
4719.5   0.0012411287838795
4720.4   0.0012494036228274
4721.3   0.0012474405980340
4722.2   0.0012444931051025
4723.1   0.0012585569356481
4724.0   0.0012823386943814
4724.9   0.0012876338709319
4725.8   0.0012499137975601
4726.7   0.0011727336126618
4727.6   0.0010992890726063
4728.5   0.0010703269300742
4729.4   0.0010769490970875
4730.3   0.0010918331115337
4731.2   0.0011153848723344
4732.1   0.0011502538236957
4733.0   0.0011797318462290
4733.9   0.0011960894696646
4734.8   0.0011923887438146
4735.7   0.0011626920651475
4736.6   0.0011456055421073
4737.5   0.0011777128685614
4738.4   0.0012185687774635
4739.3   0.0012115996888824
4740.2   0.0011770668671955
4741.1   0.0011713999545961
4742.0   0.0012047173478778
4742.9   0.0012391521489276
4743.8   0.0012430056110018
4744.7   0.0012299008154698
4745.6   0.0012321530905023
4746.5   0.0012495101669982
4747.4   0.0012559239886040
4748.3   0.0012502650496329
4749.2   0.0012522250499465
4750.1   0.0012573672153202
4751.0   0.0012452871684967
4751.9   0.0012183368548620
4752.8   0.0011930483553391
4753.7   0.0011713453764854
4754.6   0.0011516701737856
4755.5   0.0011432159282017
4756.4   0.0011566858609178
4757.3   0.0011911832137065
4758.2   0.0012322421751767
4759.1   0.0012587612255033
4760.0   0.0012481810456520
4760.9   0.0011913921777576
4761.8   0.0011163803385806
4762.7   0.0010668095289361
4763.6   0.0010524037259713
4764.5   0.0010557901121484
4765.4   0.0010714780195478
4766.3   0.0011062305284411
4767.2   0.0011572627116799
4768.1   0.0012117320786069
4769.0   0.0012562929751258
4769.9   0.0012692134148733
4770.8   0.0012426780048611
4771.7   0.0012141839692988
4772.6   0.0012238192742005
4773.5   0.0012633269525439
4774.4   0.0012964819862569
4775.3   0.0013062962853656
4776.2   0.0013101881033413
4777.1   0.0013188750963847
4778.0   0.0013114938537081
4778.9   0.0012836030643670
4779.8   0.0012696449531341
4780.7   0.0012827458993283
4781.6   0.0012854199518009
4782.5   0.0012597924356003
4783.4   0.0012388517631041
4784.3   0.0012323477570131
4785.2   0.0012059404749586
4786.1   0.0011633754600805
4787.0   0.0011486394389244
4787.9   0.0011590860605023
4788.8   0.0011637103524677
4789.7   0.0011715799111375
4790.6   0.0011947713464264
4791.5   0.0012204561902647
4792.4   0.0012519972516355
4793.3   0.0012978276047650
4794.2   0.0013379038852895
4795.1   0.0013463170254449
4796.0   0.0013193378417769
4796.9   0.0012644455975991
4797.8   0.0011981520273349
4798.7   0.0011551869562800
4799.6   0.0011615904671596
4800.5   0.0012078321495266
4801.4   0.0012585918546408
4802.3   0.0012770591901346
4803.2   0.0012534186196122
4804.1   0.0012095647639583
4805.0   0.0011798676728622
4805.9   0.0011770960121816
4806.8   0.0011788317885693
4807.7   0.0011735462353632
4808.6   0.0011771765733223
4809.5   0.0011907914061107
4810.4   0.0012007347955115
4811.3   0.0012080182925037
4812.2   0.0012220786861405
4813.1   0.0012438486159764
4814.0   0.0012682271595425
4814.9   0.0012871344193545
4815.8   0.0012947376863355
4816.7   0.0012965268035468
4817.6   0.0013018409518336
4818.5   0.0013091329723595
4819.4   0.0013085376997665
4820.3   0.0012971855902132
4821.2   0.0012696225444891
4822.1   0.0012089756778010
4823.0   0.0011353181181421
4823.9   0.0011109357939763
4824.8   0.0011545863221094
4825.7   0.0012208192653035
4826.6   0.0012599590569358
4827.5   0.0012542643741138
4828.4   0.0012266319028333
4829.3   0.0012120445623491
4830.2   0.0012083456236916
4831.1   0.0011939522623365
4832.0   0.0011800542282684
4832.9   0.0011906763384062
4833.8   0.0012154589249633
4834.7   0.0012274500245887
4835.6   0.0012263014096893
4836.5   0.0012286803004396
4837.4   0.0012233084120861
4838.3   0.0011880142463761
4839.2   0.0011445192039942
4840.1   0.0011345764332370
4841.0   0.0011580136075004
4841.9   0.0011770324981081
4842.8   0.0011780752562185
4843.7   0.0011890517803851
4844.6   0.0012192085923937
4845.5   0.0012360028407151
4846.4   0.0012087918719219
4847.3   0.0011448275634459
4848.2   0.0010943980077848
4849.1   0.0011070725710813
4850.0   0.0011656406578899
4850.9   0.0012082026482883
4851.8   0.0012100731514984
4852.7   0.0011786655796629
4853.6   0.0011069010693354
4854.5   0.0010112710771779
4855.4   0.0009620771589453
4856.3   0.0009952890391289
4857.2   0.0010442180404361
4858.1   0.0010167610577156
4859.0   0.0008951147662413
4859.9   0.0007384231412494
4860.8   0.0006444593624468
4861.7   0.0006836275429453
4862.6   0.0008148637721260
4863.5   0.0009310215953024
4864.4   0.0009931468139140
4865.3   0.0010354669834138
4866.2   0.0010799112999884
4867.1   0.0011185091598513
4868.0   0.0011431254000256
4868.9   0.0011440992824849
4869.8   0.0011023141021989
4870.7   0.0010327441268372
4871.6   0.0009953742057273
4872.5   0.0010188881605320
4873.4   0.0010643387352462
4874.3   0.0010886257883017
4875.2   0.0010943188214075
4876.1   0.0011065011506350
4877.0   0.0011398802707976
4877.9   0.0011961213641777
4878.8   0.0012577280907374
4879.7   0.0012803085811295
4880.6   0.0012383524490030
4881.5   0.0011718495022587
4882.4   0.0011307342442234
4883.3   0.0011095429523422
4884.2   0.0010858123348109
4885.1   0.0010680351305912
4886.0   0.0010746762006025
4886.9   0.0011028602957351
4887.8   0.0011276453568665
4888.7   0.0011268026268445
4889.6   0.0010986427962876
4890.5   0.0010730651840019
4891.4   0.0010973422700221
4892.3   0.0011727271512734
4893.2   0.0012513931805562
4894.1   0.0013046251228620
4895.0   0.0013310768097774
4895.9   0.0013351476219600
4896.8   0.0013271173534378
4897.7   0.0013051230621996
4898.6   0.0012552719382787
4899.5   0.0012014678194066
4900.4   0.0011910627844244
4901.3   0.0012120026320625
4902.2   0.0012138929318671
4903.1   0.0011994034745437
4904.0   0.0012124618030696
4904.9   0.0012589564419195
4905.8   0.0012955350491621
4906.7   0.0012876615036782
4907.6   0.0012409965316314
4908.5   0.0011720852741979
4909.4   0.0010969063325181
4910.3   0.0010534913701098
4911.2   0.0010743399334519
4912.1   0.0011355856471180
4913.0   0.0011904948696250
4913.9   0.0012317907028452
4914.8   0.0012696328552154
4915.7   0.0012812559306533
4916.6   0.0012354033063553
4917.5   0.0011438593175170
4918.4   0.0010538033726848
4919.3   0.0010000479204403
4920.2   0.0009884844409998
4921.1   0.0010127954836784
4922.0   0.0010419339396286
4922.9   0.0010360097400413
4923.8   0.0010212560531743
4924.7   0.0010652002307898
4925.6   0.0011593864463257
4926.5   0.0012301400243177
4927.4   0.0012582257551223
4928.3   0.0012785132774824
4929.2   0.0012967205077231
4930.1   0.0012992759181061
4931.0   0.0012845425777389
4931.9   0.0012369085349050
4932.8   0.0011540310551341
4933.7   0.0010980311640091
4934.6   0.0011180760406125
4935.5   0.0011645385099966
4936.4   0.0011620727341934
4937.3   0.0011049889795295
4938.2   0.0010508169052082
4939.1   0.0010634452764513
4940.0   0.0011498900612751
4940.9   0.0012431907916444
4941.8   0.0012837938815400
4942.7   0.0012853809085177
4943.6   0.0012759133247622
4944.5   0.0012507411302309
4945.4   0.0012181507118849
4946.3   0.0012146693982886
4947.2   0.0012492635344273
4948.1   0.0012846045795725
4949.0   0.0012949300157483
4949.9   0.0012936259150977
4950.8   0.0012901531250350
4951.7   0.0012753375738108
4952.6   0.0012576860229745
4953.5   0.0012604002185411
4954.4   0.0012768843202182
4955.3   0.0012643937690153
4956.2   0.0011950619714290
4957.1   0.0011194531412046
4958.0   0.0011290337305193
4958.9   0.0012199627876466
4959.8   0.0012951972697716
4960.7   0.0013037070558006
4961.6   0.0012813338797435
4962.5   0.0012777164645612
4963.4   0.0012850304813030
4964.3   0.0012629388568094
4965.2   0.0012190899503041
4966.1   0.0011944309549852
4967.0   0.0011909541781084
4967.9   0.0011855479206675
4968.8   0.0011758378286317
4969.7   0.0011722410349018
4970.6   0.0011866584546181
4971.5   0.0012211465964915
4972.4   0.0012571242946108
4973.3   0.0012815706140172
4974.2   0.0012920820556937
4975.1   0.0012843908038491
4976.0   0.0012625059437851
4976.9   0.0012339922491048
4977.8   0.0012029378540109
4978.7   0.0011781516930687
4979.6   0.0011541146407546
4980.5   0.0011032894281598
4981.4   0.0010215927327541
4982.3   0.0009523899567217
4983.2   0.0009389810635048
4984.1   0.0009754925135507
4985.0   0.0010354322018974
4985.9   0.0011101996768634
4986.8   0.0011848224579716
4987.7   0.0012245767688858
4988.6   0.0012136663708432
4989.5   0.0011767686809936
4990.4   0.0011523986609611
4991.3   0.0011559297409960
4992.2   0.0011655007069662
4993.1   0.0011596756965649
4994.0   0.0011633424657566
4994.9   0.0011928085965857
4995.8   0.0012136667832723
4996.7   0.0012073351725234
4997.6   0.0011831811278359
4998.5   0.0011403861837634
4999.4   0.0010903632831439
5000.3   0.0010621407633716
5001.2   0.0010673738006123
5002.1   0.0010926231193756
5003.0   0.0011113291825502
5003.9   0.0010959393926145
5004.8   0.0010473924380823
5005.7   0.0010149470572850
5006.6   0.0010495446303325
5007.5   0.0011358288427802
5008.4   0.0012044227360610
5009.3   0.0012104332020576
5010.2   0.0011674546583204
5011.1   0.0011021573791605
5012.0   0.0010322217854476
5012.9   0.0009827082347026
5013.8   0.0009758940819673
5014.7   0.0010131331255926
5015.6   0.0010539460731355
5016.5   0.0010433300119570
5017.4   0.0009910643909112
5018.3   0.0009714003925339
5019.2   0.0010210235119293
5020.1   0.0010860514061825
5021.0   0.0011095256990604
5021.9   0.0011070235607628
5022.8   0.0011211791567716
5023.7   0.0011544197007739
5024.6   0.0011777191924735
5025.5   0.0011752755503625
5026.4   0.0011463091460636
5027.3   0.0011177968948850
5028.2   0.0011324931166379
5029.1   0.0011738525326697
5030.0   0.0011957988446619
5030.9   0.0012091317134576
5031.8   0.0012456216484549
5032.7   0.0012867736814136
5033.6   0.0012837203316930
5034.5   0.0012192046055796
5035.4   0.0011375508027948
5036.3   0.0011052338249078
5037.2   0.0011193280377266
5038.1   0.0011112066911229
5039.0   0.0010549167936387
5039.9   0.0009854370027623
5040.8   0.0009508405295256
5041.7   0.0009966697141061
5042.6   0.0011083678045074
5043.5   0.0012103482416736
5044.4   0.0012730782874845
5045.3   0.0013117450229984
5046.2   0.0013112003417020
5047.1   0.0012523277447795
5048.0   0.0011718937696432
5048.9   0.0011295063054704
5049.8   0.0011311419303376
5050.7   0.0011392623833451
5051.6   0.0011472199268785
5052.5   0.0011807297870494
5053.4   0.0012371034763685
5054.3   0.0012817938756086
5055.2   0.0012966939747877
5056.1   0.0012906652244366
5057.0   0.0012839704011726
5057.9   0.0012863633145106
5058.8   0.0012906667366765
5059.7   0.0012983909828449
5060.6   0.0013174996455088
5061.5   0.0013340113799321
5062.4   0.0013157284002229
5063.3   0.0012485226743803
5064.2   0.0011652265791254
5065.1   0.0011268645599400
5066.0   0.0011455370788853
5066.9   0.0011690022295859
5067.8   0.0011699497165861
5068.7   0.0011795701740421
5069.6   0.0012111384557301
5070.5   0.0012215335924151
5071.4   0.0011858106379712
5072.3   0.0011520314616318
5073.2   0.0011590878476948
5074.1   0.0011750965561556
5075.0   0.0011740509110419
5075.9   0.0011783427851944
5076.8   0.0011886792194782
5077.7   0.0011566771999077
5078.6   0.0010641442062117
5079.5   0.0009842380715190
5080.4   0.0009929863102761
5081.3   0.0010613497244571
5082.2   0.0011109694756820
5083.1   0.0011281084459495
5084.0   0.0011556125830578
5084.9   0.0011975144120263
5085.8   0.0012106456030174
5086.7   0.0011891539253128
5087.6   0.0011746941628809
5088.5   0.0011891144696005
5089.4   0.0012115493725385
5090.3   0.0012244748989109
5091.2   0.0012370897287336
5092.1   0.0012561509620569
5093.0   0.0012754614400017
5093.9   0.0012875681572369
5094.8   0.0012802827355758
5095.7   0.0012377758731935
5096.6   0.0011588479514651
5097.5   0.0010718997282497
5098.4   0.0010176002133524
5099.3   0.0010274189804425
5100.2   0.0011008197342807
5101.1   0.0011845961719005
5102.0   0.0012226879813211
5102.9   0.0012135040112745
5103.8   0.0011921054050584
5104.7   0.0011790308543233
5105.6   0.0011665378285462
5106.5   0.0011438396583990
5107.4   0.0011230563963229
5108.3   0.0011202120793916
5109.2   0.0011243784376371
5110.1   0.0011319623891909
5111.0   0.0011638023241454
5111.9   0.0012090028981182
5112.8   0.0012319094824111
5113.7   0.0012266631099646
5114.6   0.0012152802057090
5115.5   0.0012232216645096
5116.4   0.0012529010211566
5117.3   0.0012772175628892
5118.2   0.0012757890461423
5119.1   0.0012537382521246
5120.0   0.0012244410797289
5120.9   0.0011889969273217
5121.8   0.0011379426791288
5122.7   0.0010809640938723
5123.6   0.0010513610365992
5124.5   0.0010622270985191
5125.4   0.0010888303531097
5126.3   0.0011039009917002
5127.2   0.0011009475872857
5128.1   0.0010872873873020
5129.0   0.0010765585955170
5129.9   0.0010800091831492
5130.8   0.0010927967520049
5131.7   0.0011068216767436
5132.6   0.0011291017813122
5133.5   0.0011675033249481
5134.4   0.0012086315744984
5135.3   0.0012149872436084
5136.2   0.0011742360916846
5137.1   0.0011291127794202
5138.0   0.0011131795454752
5138.9   0.0011194741750861
5139.8   0.0011364245278022
5140.7   0.0011387098658968
5141.6   0.0011017185546532
5142.5   0.0010676708870034
5143.4   0.0010869460335264
5144.3   0.0011230018869503
5145.2   0.0011207083690130
5146.1   0.0010924892174113
5147.0   0.0010801920954321
5147.9   0.0011028371997084
5148.8   0.0011436772300922
5149.7   0.0011593685744003
5150.6   0.0011326880581013
5151.5   0.0010976147481467
5152.4   0.0010777304439194
5153.3   0.0010658676784662
5154.2   0.0010708251443644
5155.1   0.0011069398376660
5156.0   0.0011607900798533
5156.9   0.0012067489733695
5157.8   0.0012308499521861
5158.7   0.0012382613021833
5159.6   0.0012382507165044
5160.5   0.0012244021739220
5161.4   0.0011963032453879
5162.3   0.0011762376098558
5163.2   0.0011688199359465
5164.1   0.0011422502255852
5165.0   0.0010767304409537
5165.9   0.0009870423140944
5166.8   0.0008999645881579
5167.7   0.0008548628596803
5168.6   0.0008870213273364
5169.5   0.0009742700738517
5170.4   0.0010300759171095
5171.3   0.0010001109533466
5172.2   0.0009511285424776
5173.1   0.0009856184028053
5174.0   0.0011001012828786
5174.9   0.0012040101695364
5175.8   0.0012435988214495
5176.7   0.0012472514305772
5177.6   0.0012543377864844
5178.5   0.0012618309349095
5179.4   0.0012580251771285
5180.3   0.0012456070759618
5181.2   0.0012060075634171
5182.1   0.0011083208563340
5183.0   0.0009907961745535
5183.9   0.0009534982910507
5184.8   0.0010235213197219
5185.7   0.0011148972437230
5186.6   0.0011485532412533
5187.5   0.0011328108932196
5188.4   0.0011260572300780
5189.3   0.0011508135586523
5190.2   0.0011507956179887
5191.1   0.0010839641027693
5192.0   0.0010165872876099
5192.9   0.0010222304855390
5193.8   0.0010611355363047
5194.7   0.0010641731449833
5195.6   0.0010426658637129
5196.5   0.0010379314531917
5197.4   0.0010578556255603
5198.3   0.0010968576658904
5199.2   0.0011424393930420
5200.1   0.0011748918538713
5201.0   0.0011910418880193
5201.9   0.0011977537583507
5202.8   0.0011899631111054
5203.7   0.0011523339096005
5204.6   0.0010909208184789
5205.5   0.0010538104527168
5206.4   0.0010674189615931
5207.3   0.0010930990624973
5208.2   0.0011033994092394
5209.1   0.0011181860216920
5210.0   0.0011408968396633
5210.9   0.0011608476824437
5211.8   0.0011882760013454
5212.7   0.0012165984664236
5213.6   0.0012093689976367
5214.5   0.0011544667176854
5215.4   0.0010910149210401
5216.3   0.0010677508295006
5217.2   0.0010971161901655
5218.1   0.0011542720511747
5219.0   0.0012054976636371
5219.9   0.0012336926881394
5220.8   0.0012430775111325
5221.7   0.0012405425847256
5222.6   0.0012216152533666
5223.5   0.0011757046140491
5224.4   0.0010955425671319
5225.3   0.0009931546500659
5226.2   0.0009170257468117
5227.1   0.0009274513345080
5228.0   0.0010220499790922
5228.9   0.0011243780252080
5229.8   0.0011807468341167
5230.7   0.0011969389360277
5231.6   0.0011764331012247
5232.5   0.0011208039838140
5233.4   0.0010628862288764
5234.3   0.0010391897742179
5235.2   0.0010636612517962
5236.1   0.0011198219902501
5237.0   0.0011718114213099
5237.9   0.0011994342692460
5238.8   0.0012065023407986
5239.7   0.0012093398526506
5240.6   0.0012152766313240
5241.5   0.0012097987487050
5242.4   0.0011946769001743
5243.3   0.0011998757058039
5244.2   0.0012287071083278
5245.1   0.0012374254459789
5246.0   0.0011962885354186
5246.9   0.0011388954589685
5247.8   0.0011105308573891
5248.7   0.0010992267270818
5249.6   0.0010799652594556
5250.5   0.0010779607855429
5251.4   0.0011123268484179
5252.3   0.0011464879340560
5253.2   0.0011460623760164
5254.1   0.0011217703050741
5255.0   0.0011122013325109
5255.9   0.0011462307845444
5256.8   0.0012078244508510
5257.7   0.0012550866201597
5258.6   0.0012655828019615
5259.5   0.0012411663149229
5260.4   0.0011882815003993
5261.3   0.0011126654526666
5262.2   0.0010316224573023
5263.1   0.0009654700752490
5264.0   0.0009206537476728
5264.9   0.0009050796019525
5265.8   0.0009349158191143
5266.7   0.0010002154353721
5267.6   0.0010395758765452
5268.5   0.0010056397709530
5269.4   0.0009505228216821
5270.3   0.0009645907077799
5271.2   0.0010411580918507
5272.1   0.0010923414990738
5273.0   0.0010809605194872
5273.9   0.0010409187455264
5274.8   0.0010121461828801
5275.7   0.0010326995157618
5276.6   0.0011144663928439
5277.5   0.0012015252845206
5278.4   0.0012285505227658
5279.3   0.0011975512556880
5280.2   0.0011558972965775
5281.1   0.0011310087157550
5282.0   0.0011118732452030
5282.9   0.0010870789731563
5283.8   0.0010852510876144
5284.7   0.0011414530002349
5285.6   0.0012277127418924
5286.5   0.0012813580755810
5287.4   0.0012860765388457
5288.3   0.0012747946797070
5289.2   0.0012764009533736
5290.1   0.0012846502217205
5291.0   0.0012780739030697
5291.9   0.0012528062999519
5292.8   0.0012267299234704
5293.7   0.0012190822516286
5294.6   0.0012180922844364
5295.5   0.0011872436914376
5296.4   0.0011181872589791
5297.3   0.0010553719778316
5298.2   0.0010558473710479
5299.1   0.0011146746007751
5300.0   0.0011634927274065
5300.9   0.0011631248406955
5301.8   0.0011473069494077
5302.7   0.0011623427377437
5303.6   0.0012068109752031
5304.5   0.0012419462182532
5305.4   0.0012401602629979
5306.3   0.0012127008744412
5307.2   0.0011949096476339
5308.1   0.0012072609352947
5309.0   0.0012355018768978
5309.9   0.0012524441872475
5310.8   0.0012499406054482
5311.7   0.0012379125246849
5312.6   0.0012242021458336
5313.5   0.0012129138253065
5314.4   0.0011965814975192
5315.3   0.0011581418729345
5316.2   0.0011129898968512
5317.1   0.0011047821463618
5318.0   0.0011381750141594
5318.9   0.0011729752960841
5319.8   0.0011867795712819
5320.7   0.0011902600600202
5321.6   0.0011897969021990
5322.5   0.0011759781919844
5323.4   0.0011461397064629
5324.3   0.0011207247974367
5325.2   0.0011172660986999
5326.1   0.0011068050421053
5327.0   0.0010479304517758
5327.9   0.0009735241271797
5328.8   0.0009682633884547
5329.7   0.0010479514856572
5330.6   0.0011377995662491
5331.5   0.0011753690342802
5332.4   0.0011704678649470
5333.3   0.0011671581218348
5334.2   0.0011801961038610
5335.1   0.0011836412611774
5336.0   0.0011624931368699
5336.9   0.0011412259580438
5337.8   0.0011397660966894
5338.7   0.0011356585095832
5339.6   0.0011093983272226
5340.5   0.0010940347952696
5341.4   0.0011247097556392
5342.3   0.0011781699774232
5343.2   0.0012106829965845
5344.1   0.0012074523023731
5345.0   0.0011800704504776
5345.9   0.0011550914102172
5346.8   0.0011481946341959
5347.7   0.0011415352110919
5348.6   0.0011250907026034
5349.5   0.0011274553645516
5350.4   0.0011658258385325
5351.3   0.0012092283593313
5352.2   0.0012254577173329
5353.1   0.0012297557779211
5354.0   0.0012526950815852
5354.9   0.0012860313091268
5355.8   0.0013009433687482
5356.7   0.0012977889739108
5357.6   0.0012962822331212
5358.5   0.0013004479039849
5359.4   0.0012951975447243
5360.3   0.0012656351804506
5361.2   0.0012171156524501
5362.1   0.0011741181369768
5363.0   0.0011533688315590
5363.9   0.0011454735648118
5364.8   0.0011409677774596
5365.7   0.0011475779152924
5366.6   0.0011604099577472
5367.5   0.0011607187296280
5368.4   0.0011394688728219
5369.3   0.0010980049747645
5370.2   0.0010582789839783
5371.1   0.0010565262292614
5372.0   0.0011044222332790
5372.9   0.0011725173623642
5373.8   0.0012247563129981
5374.7   0.0012508013448719
5375.6   0.0012534899698375
5376.5   0.0012410175655128
5377.4   0.0012273712506404
5378.3   0.0012138415157124
5379.2   0.0011917843977825
5380.1   0.0011655512982627
5381.0   0.0011525963519516
5381.9   0.0011577687621221
5382.8   0.0011716065815493
5383.7   0.0011933293569973
5384.6   0.0012179049041722
5385.5   0.0012287387278881
5386.4   0.0012240224642449
5387.3   0.0012142588939092
5388.2   0.0012013704861512
5389.1   0.0011824591020487
5390.0   0.0011620046834004
5390.9   0.0011453395941093
5391.8   0.0011315613019415
5392.7   0.0011237125709386
5393.6   0.0011263603654285
5394.5   0.0011294352989359
5395.4   0.0011109392308851
5396.3   0.0010728747792579
5397.2   0.0010568150670715
5398.1   0.0010872935049995
5399.0   0.0011318634749575
5399.9   0.0011558148107678
5400.8   0.0011652674096012
5401.7   0.0011657033471052
5402.6   0.0011373320779229
5403.5   0.0010782732692851
5404.4   0.0010216169285916
5405.3   0.0010023237039286
5406.2   0.0010302432258267
5407.1   0.0010793943201764
5408.0   0.0011046747773329
5408.9   0.0010905976803196
5409.8   0.0010733345001704
5410.7   0.0010953773205599
5411.6   0.0011468052294705
5412.5   0.0011795676994678
5413.4   0.0011733473070856
5414.3   0.0011569631507145
5415.2   0.0011655765939110
5416.1   0.0011943391207838
5417.0   0.0012100138991918
5417.9   0.0011980140010801
5418.8   0.0011723471666436
5419.7   0.0011523161064133
5420.6   0.0011495316604322
5421.5   0.0011629781534307
5422.4   0.0011665864951739
5423.3   0.0011398888630694
5424.2   0.0011158669331537
5425.1   0.0011411470466193
5426.0   0.0012044572426247
5426.9   0.0012465655610700
5427.8   0.0012264870027610
5428.7   0.0011649675736831
5429.6   0.0011259959843643
5430.5   0.0011396181033992
5431.4   0.0011634571210320
5432.3   0.0011528563884665
5433.2   0.0011198916907592
5434.1   0.0010947048549967
5435.0   0.0010909870133412
5435.9   0.0011153470663383
5436.8   0.0011673606244974
5437.7   0.0012283162630664
5438.6   0.0012697586460751
5439.5   0.0012819110054583
5440.4   0.0012762328197983
5441.3   0.0012675258926842
5442.2   0.0012612186152492
5443.1   0.0012464113126059
5444.0   0.0012079250835388
5444.9   0.0011475313795481
5445.8   0.0010912132306742
5446.7   0.0010804359784760
5447.6   0.0011323997701966
5448.5   0.0012075789180909
5449.4   0.0012533577175894
5450.3   0.0012605128116712
5451.2   0.0012519000558565
5452.1   0.0012384842888221
5453.0   0.0012110749416567
5453.9   0.0011617471901980
5454.8   0.0011110391761911
5455.7   0.0011061931348741
5456.6   0.0011612239552121
5457.5   0.0012291073019809
5458.4   0.0012641357259075
5459.3   0.0012631606061611
5460.2   0.0012399929542806
5461.1   0.0011972658547866
5462.0   0.0011415877957955
5462.9   0.0011070848064764
5463.8   0.0011226920152587
5464.7   0.0011648655662318
5465.6   0.0011878382766488
5466.5   0.0011895068271017
5467.4   0.0011953193271551
5468.3   0.0012067403123595
5469.2   0.0012095024871720
5470.1   0.0012021859958559
5471.0   0.0011886665716541
5471.9   0.0011654151966768
5472.8   0.0011377972291512
5473.7   0.0011232707219516
5474.6   0.0011094084317343
5475.5   0.0010648626576138
5476.4   0.0010144610783898
5477.3   0.0010223137962068
5478.2   0.0010879409498671
5479.1   0.0011406134321690
5480.0   0.0011378211500360
5480.9   0.0011110582166655
5481.8   0.0011093461549480
5482.7   0.0011413734701668
5483.6   0.0011846023583362
5484.5   0.0012152685202193
5485.4   0.0012164388563819
5486.3   0.0011885992082428
5487.2   0.0011572606495347
5488.1   0.0011493699195071
5489.0   0.0011625350671565
5489.9   0.0011776094863466
5490.8   0.0011857211408678
5491.7   0.0011824490662752
5492.6   0.0011653214378065
5493.5   0.0011542752131307
5494.4   0.0011677876260387
5495.3   0.0011853903727711
5496.2   0.0011793612099909
5497.1   0.0011654285318827
5498.0   0.0011795015733437
5498.9   0.0012120687581866
5499.8   0.0012142006039371
5500.7   0.0011721430142647
5501.6   0.0011270873403642
5502.5   0.0011201435474314
5503.4   0.0011464136280892
5504.3   0.0011688856496416
5505.2   0.0011620702596191
5506.1   0.0011383395046114
5507.0   0.0011294460908293
5507.9   0.0011387636191494
5508.8   0.0011421944789255
5509.7   0.0011345886686321
5510.6   0.0011247609655793
5511.5   0.0011125652324078
5512.4   0.0011049618279505
5513.3   0.0011181142590376
5514.2   0.0011509209276812
5515.1   0.0011816449671075
5516.0   0.0011984122700644
5516.9   0.0012095445549349
5517.8   0.0012237886169746
5518.7   0.0012356511762133
5519.6   0.0012340017349729
5520.5   0.0012193511553680
5521.4   0.0012051707448782
5522.3   0.0012015937477426
5523.2   0.0012027099182236
5524.1   0.0011898254972797
5525.0   0.0011565922395238
5525.9   0.0011171412701746
5526.8   0.0010880211673170
5527.7   0.0010811034261524
5528.6   0.0011038775519826
5529.5   0.0011494159053460
5530.4   0.0011917848102116
5531.3   0.0012080189798854
5532.2   0.0011972474329557
5533.1   0.0011687648079304
5534.0   0.0011341827009722
5534.9   0.0011169901149284
5535.8   0.0011346062656048
5536.7   0.0011704084751641
5537.6   0.0011946951845288
5538.5   0.0012054010177634
5539.4   0.0012178888194393
5540.3   0.0012318407442364
5541.2   0.0012317090418937
5542.1   0.0012076840874982
5543.0   0.0011716614346127
5543.9   0.0011473620774238
5544.8   0.0011428142910469
5545.7   0.0011518521924722
5546.6   0.0011716078188364
5547.5   0.0011995318774540
5548.4   0.0012241996712594
5549.3   0.0012367695463158
5550.2   0.0012402416489967
5551.1   0.0012347449321179
5552.0   0.0012171144151630
5552.9   0.0011925493161907
5553.8   0.0011754520699952
5554.7   0.0011793271158563
5555.6   0.0011965836971407
5556.5   0.0012065679170173
5557.4   0.0012029571006998
5558.3   0.0011978289579138
5559.2   0.0011993603069700
5560.1   0.0011990333882111
5561.0   0.0011887663794837
5561.9   0.0011684454503707
5562.8   0.0011489702070211
5563.7   0.0011449873797021
5564.6   0.0011486160679450
5565.5   0.0011455838895822
5566.4   0.0011411686991443
5567.3   0.0011424386369221
5568.2   0.0011426858193983
5569.1   0.0011416706940342
5570.0   0.0011529872659512
5570.9   0.0011660176180400
5571.8   0.0011552577566000
5572.7   0.0011373058886783
5573.6   0.0011449075746813
5574.5   0.0011665199566207
5575.4   0.0011732472243032
5576.3   0.0011704073753533
5577.2   0.0011751915523131
5578.1   0.0011828129661721
5579.0   0.0011893958836877
5579.9   0.0011945803917770
5580.8   0.0011883785587020
5581.7   0.0011764060183838
5582.6   0.0011777744579659
5583.5   0.0011916126898221
5584.4   0.0011932703796434
5585.3   0.0011599393762031
5586.2   0.0010968267337118
5587.1   0.0010372717041909
5588.0   0.0010125836326239
5588.9   0.0010260644259716
5589.8   0.0010594735159784
5590.7   0.0010933427393267
5591.6   0.0011128602566537
5592.5   0.0011136346609300
5593.4   0.0011044219583263
5594.3   0.0011083758468738
5595.2   0.0011415947383512
5596.1   0.0011755549023046
5597.0   0.0011713809828599
5597.9   0.0011388859043622
5598.8   0.0011148041722345
5599.7   0.0011055158576387
5600.6   0.0010900268097787
5601.5   0.0010696433289267
5602.4   0.0010716192077587
5603.3   0.0011114447314219
5604.2   0.0011723901967409
5605.1   0.0012192758183286
5606.0   0.0012384771400519
5606.9   0.0012414031866730
5607.8   0.0012383971288166
5608.7   0.0012329079731370
5609.6   0.0012266024828945
5610.5   0.0012255777341859
5611.4   0.0012323555931650
5612.3   0.0012321625763704
5613.2   0.0012004485697520
5614.1   0.0011323104793077
5615.0   0.0010707926999460
5615.9   0.0010673685765110
5616.8   0.0011115654356567
5617.7   0.0011509119917185
5618.6   0.0011626043552366
5619.5   0.0011664776139051
5620.4   0.0011798271173391
5621.3   0.0011954661518963
5622.2   0.0011935941364463
5623.1   0.0011594960149762
5624.0   0.0011123051271547
5624.9   0.0010940339704115
5625.8   0.0011147451261424
5626.7   0.0011467820647056
5627.6   0.0011718640747517
5628.5   0.0011974447115172
5629.4   0.0012233727510176
5630.3   0.0012381748295595
5631.2   0.0012391036197762
5632.1   0.0012259315983093
5633.0   0.0012033882265316
5633.9   0.0011847931755092
5634.8   0.0011741299599428
5635.7   0.0011601473779198
5636.6   0.0011364459053745
5637.5   0.0011207545610664
5638.4   0.0011273223561835
5639.3   0.0011369327091278
5640.2   0.0011284145370415
5641.1   0.0011152421031455
5642.0   0.0011240654727276
5642.9   0.0011485312450374
5643.8   0.0011652760706112
5644.7   0.0011744663645699
5645.6   0.0011860843533829
5646.5   0.0012006175281854
5647.4   0.0012085716348101
5648.3   0.0011996818641513
5649.2   0.0011808899469965
5650.1   0.0011701722907958
5651.0   0.0011760146232170
5651.9   0.0011851117082108
5652.8   0.0011766852328495
5653.7   0.0011490945543792
5654.6   0.0011235225098856
5655.5   0.0011150435872970
5656.4   0.0010976508356884
5657.3   0.0010440757524144
5658.2   0.0009966345201606
5659.1   0.0010130300870687
5660.0   0.0010705300513804
5660.9   0.0011003527958599
5661.8   0.0010879858358952
5662.7   0.0010813689617213
5663.6   0.0011107607178454
5664.5   0.0011493822236403
5665.4   0.0011564153074621
5666.3   0.0011304699459416
5667.2   0.0011038388523903
5668.1   0.0010973514809375
5669.0   0.0011107184438679
5669.9   0.0011376996896812
5670.8   0.0011697389653424
5671.7   0.0012008409272532
5672.6   0.0012243698669799
5673.5   0.0012305006247823
5674.4   0.0012175935202407
5675.3   0.0012023581162454
5676.2   0.0012013637498101
5677.1   0.0012047528167759
5678.0   0.0011987225541850
5678.9   0.0011902431504292
5679.8   0.0011861394813990
5680.7   0.0011738743914093
5681.6   0.0011397950354609
5682.5   0.0010995271816435
5683.4   0.0010803890990408
5684.3   0.0010866338934750
5685.2   0.0011024101294289
5686.1   0.0011080503028784
5687.0   0.0011017551233621
5687.9   0.0011004534285477
5688.8   0.0011166233967663
5689.7   0.0011444610514984
5690.6   0.0011681381907298
5691.5   0.0011835971312692
5692.4   0.0011913381495523
5693.3   0.0011894895050817
5694.2   0.0011860706057480
5695.1   0.0011884791913898
5696.0   0.0011933486036862
5696.9   0.0011908628938124
5697.8   0.0011788414119138
5698.7   0.0011655304018576
5699.6   0.0011483213873901
5700.5   0.0011233851022743
5701.4   0.0011082456567709
5702.3   0.0011198866728725
5703.2   0.0011464723992285
5704.1   0.0011565210267748
5705.0   0.0011375666813132
5705.9   0.0011062776828290
5706.8   0.0010798846295766
5707.7   0.0010581067261125
5708.6   0.0010380620557236
5709.5   0.0010296041670165
5710.4   0.0010350694705494
5711.3   0.0010496999786073
5712.2   0.0010817468842059
5713.1   0.0011269642990315
5714.0   0.0011613135897919
5714.9   0.0011762510825380
5715.8   0.0011833568226104
5716.7   0.0011880739111117
5717.6   0.0011885506790915
5718.5   0.0011932767035555
5719.4   0.0012061563128272
5720.3   0.0012171922267768
5721.2   0.0012229376383717
5722.1   0.0012278179112997
5723.0   0.0012347507061246
5723.9   0.0012395531674388
5724.8   0.0012345319812526
5725.7   0.0012188286077639
5726.6   0.0012011978158563
5727.5   0.0011967371207467
5728.4   0.0012081145259483
5729.3   0.0012177432319852
5730.2   0.0012098574511062
5731.1   0.0011891660232315
5732.0   0.0011794403963682
5732.9   0.0011940277368524
5733.8   0.0012169475188748
5734.7   0.0012301699941619
5735.6   0.0012330178167401
5736.5   0.0012319395897316
5737.4   0.0012285605585393
5738.3   0.0012226281791091
5739.2   0.0012150007162907
5740.1   0.0012037390661753
5741.0   0.0011911522815279
5741.9   0.0011845854487452
5742.8   0.0011882020390694
5743.7   0.0012022276511898
5744.6   0.0012180687759807
5745.5   0.0012223187198466
5746.4   0.0012061066838650
5747.3   0.0011780248023982
5748.2   0.0011654939706250
5749.1   0.0011796988519051
5750.0   0.0011982406995803
5750.9   0.0011926018321562
5751.8   0.0011575630975034
5752.7   0.0011144597939792
5753.6   0.0010921318476410
5754.5   0.0011081098301377
5755.4   0.0011518097122802
5756.3   0.0011947351901465
5757.2   0.0012204028494411
5758.1   0.0012242277164346
5759.0   0.0012069852952141
5759.9   0.0011775408856483
5760.8   0.0011478844875516
5761.7   0.0011271764937768
5762.6   0.0011240216177721
5763.5   0.0011478059198179
5764.4   0.0011885776244560
5765.3   0.0012201870115725
5766.2   0.0012317671943895
5767.1   0.0012287934434752
5768.0   0.0012201443939042
5768.9   0.0012124113492494
5769.8   0.0012063685763107
5770.7   0.0012000025964745
5771.6   0.0011930006510458
5772.5   0.0011889023435933
5773.4   0.0011864427542259
5774.3   0.0011833716700562
5775.2   0.0011892942886655
5776.1   0.0012057332981000
5777.0   0.0012176388874360
5777.9   0.0012120371386262
5778.8   0.0011866155619971
5779.7   0.0011478009706693
5780.6   0.0011094682339463
5781.5   0.0010892216108001
5782.4   0.0010892565297929
5783.3   0.0010916319148963
5784.2   0.0010868390769265
5785.1   0.0010878953077191
5786.0   0.0011103785335940
5786.9   0.0011450371461406
5787.8   0.0011706691303226
5788.7   0.0011803324803996
5789.6   0.0011742131331342
5790.5   0.0011588280173944
5791.4   0.0011484286189426
5792.3   0.0011495081519764
5793.2   0.0011590371189219
5794.1   0.0011725077390197
5795.0   0.0011829657023964
5795.9   0.0011779216951362
5796.8   0.0011555863250751
5797.7   0.0011384956777444
5798.6   0.0011478928048707
5799.5   0.0011780146291484
5800.4   0.0012064338775766
5801.3   0.0012178448270075
5802.2   0.0012091539846262
5803.1   0.0011824492037516
5804.0   0.0011497508664713
5804.9   0.0011283906848949
5805.8   0.0011262140905927
5806.7   0.0011389981538015
5807.6   0.0011535160687292
5808.5   0.0011635254467777
5809.4   0.0011725010026786
5810.3   0.0011815844775137
5811.2   0.0011884107281678
5812.1   0.0011913679819201
5813.0   0.0011909064738151
5813.9   0.0011832319940852
5814.8   0.0011655635336578
5815.7   0.0011492600071657
5816.6   0.0011512994000712
5817.5   0.0011741558054965
5818.4   0.0011991454314358
5819.3   0.0012096251160757
5820.2   0.0012098080970968
5821.1   0.0012073076772535
5822.0   0.0012042205083510
5822.9   0.0012021670241197
5823.8   0.0012031476429201
5824.7   0.0012069715475792
5825.6   0.0012081697914407
5826.5   0.0012062474596468
5827.4   0.0012060460567949
5828.3   0.0012100613285324
5829.2   0.0012159512277706
5830.1   0.0012158831769776
5831.0   0.0012088764198768
5831.9   0.0012021369167992
5832.8   0.0011985031419313
5833.7   0.0011964656049566
5834.6   0.0011948898510396
5835.5   0.0011959977729395
5836.4   0.0011983882117032
5837.3   0.0011968165820767
5838.2   0.0011957269445312
5839.1   0.0012016433767048
5840.0   0.0012127609516059
5840.9   0.0012212473666556
5841.8   0.0012223464900692
5842.7   0.0012209517925043
5843.6   0.0012190957243108
5844.5   0.0012128570475742
5845.4   0.0011991571169255
5846.3   0.0011814986922717
5847.2   0.0011699766619505
5848.1   0.0011699592024542
5849.0   0.0011790885943900
5849.9   0.0011877464424474
5850.8   0.0011821904732620
5851.7   0.0011550395816335
5852.6   0.0011142915916657
5853.5   0.0010882473846500
5854.4   0.0010960235281403
5855.3   0.0011134994529403
5856.2   0.0011059179072225
5857.1   0.0010788119016221
5858.0   0.0010689408935193
5858.9   0.0010910194577597
5859.8   0.0011239705453083
5860.7   0.0011438664662871
5861.6   0.0011444037238607
5862.5   0.0011428626827218
5863.4   0.0011555201989510
5864.3   0.0011715627265938
5865.2   0.0011740260278227
5866.1   0.0011648136001718
5867.0   0.0011609059724159
5867.9   0.0011711181280798
5868.8   0.0011869200721110
5869.7   0.0011979624474491
5870.6   0.0011999355080159
5871.5   0.0011957797354493
5872.4   0.0011903037774993
5873.3   0.0011874224106918
5874.2   0.0011895954993471
5875.1   0.0011912650121344
5876.0   0.0011880260693421
5876.9   0.0011816658635126
5877.8   0.0011756101677970
5878.7   0.0011727789798571
5879.6   0.0011713167814047
5880.5   0.0011714875270307
5881.4   0.0011736756006080
5882.3   0.0011695172159908
5883.2   0.0011578230652802
5884.1   0.0011522081874790
5885.0   0.0011635655898717
5885.9   0.0011826475821238
5886.8   0.0011846919929160
5887.7   0.0011431596316366
5888.6   0.0010522200575685
5889.5   0.0009619794819991
5890.4   0.0009444269828725
5891.3   0.0009996493077652
5892.2   0.0010636967206944
5893.1   0.0010936120554952
5894.0   0.0010802450925648
5894.9   0.0010280633320922
5895.8   0.0009822839826883
5896.7   0.0009995884057424
5897.6   0.0010636830417976
5898.5   0.0011168719540061
5899.4   0.0011443578754981
5900.3   0.0011642048548965
5901.2   0.0011823544825468
5902.1   0.0011916093903897
5903.0   0.0011919599550807
5903.9   0.0011857475363268
5904.8   0.0011709587929908
5905.7   0.0011568069775816
5906.6   0.0011571827004446
5907.5   0.0011706119401612
5908.4   0.0011807550826977
5909.3   0.0011807796909642
5910.2   0.0011828859661137
5911.1   0.0011905308884285
5912.0   0.0011871713788778
5912.9   0.0011619136740571
5913.8   0.0011299258145506
5914.7   0.0011148248624251
5915.6   0.0011198538847632
5916.5   0.0011380574718806
5917.4   0.0011627001762521
5918.3   0.0011823379853849
5919.2   0.0011929687565328
5920.1   0.0011957701121049
5921.0   0.0011905099920234
5921.9   0.0011819705111029
5922.8   0.0011792274455029
5923.7   0.0011862539991981
5924.6   0.0011944506141032
5925.5   0.0011936848708369
5926.4   0.0011808749620744
5927.3   0.0011573370863850
5928.2   0.0011291191720704
5929.1   0.0011066659160397
5930.0   0.0011056337436083
5930.9   0.0011309377779587
5931.8   0.0011600514194279
5932.7   0.0011665188568100
5933.6   0.0011499309604891
5934.5   0.0011340798686629
5935.4   0.0011387880899396
5936.3   0.0011586934280483
5937.2   0.0011778833392347
5938.1   0.0011882577169909
5939.0   0.0011893047368681
5939.9   0.0011806017965681
5940.8   0.0011664987852629
5941.7   0.0011584458331430
5942.6   0.0011610510099645
5943.5   0.0011707067988423
5944.4   0.0011813253345951
5945.3   0.0011856398923453
5946.2   0.0011779194955146
5947.1   0.0011550223970898
5948.0   0.0011276248728904
5948.9   0.0011188780776350
5949.8   0.0011342485521436
5950.7   0.0011495412150384
5951.6   0.0011419985063894
5952.5   0.0011252477693326
5953.4   0.0011268560364063
5954.3   0.0011436863035312
5955.2   0.0011504682868008
5956.1   0.0011396625769982
5957.0   0.0011310067223479
5957.9   0.0011393007392466
5958.8   0.0011564153074621
5959.7   0.0011714538453250
5960.6   0.0011807959131735
5961.5   0.0011871168007671
5962.4   0.0011916084280553
5963.3   0.0011919416707263
5964.2   0.0011867865825758
5965.1   0.0011778657422620
5966.0   0.0011735627325251
5966.9   0.0011784478171254
5967.8   0.0011855289489313
5968.7   0.0011907948430194
5969.6   0.0011961972511225
5970.5   0.0012029411534433
5971.4   0.0012070081162881
5972.3   0.0012038156405019
5973.2   0.0011934847052721
5974.1   0.0011737666099513
5975.0   0.0011451517326778
5975.9   0.0011207754574715
5976.8   0.0011164748535708
5977.7   0.0011332919229662
5978.6   0.0011565487969974
5979.5   0.0011762767906154
5980.4   0.0011890146617708
5981.3   0.0011870931548350
5982.2   0.0011641291054280
5983.1   0.0011264618917125
5984.0   0.0010981299407661
5984.9   0.0010973859875013
5985.8   0.0011135529999784
5986.7   0.0011288093691170
5987.6   0.0011395897145331
5988.5   0.0011481436992084
5989.4   0.0011482982913634
5990.3   0.0011358690546124
5991.2   0.0011263194662145
5992.1   0.0011371504029271
5993.0   0.0011625229692377
5993.9   0.0011797766635189
5994.8   0.0011768099238984
5995.7   0.0011588853450321
5996.6   0.0011356329389822
5997.5   0.0011214422865043
5998.4   0.0011286693494551
5999.3   0.0011501035620457
6000.2   0.0011662737364789
6001.1   0.0011625580257068
6002.0   0.0011435148705235
6002.9   0.0011288334274782
6003.8   0.0011305584119725
6004.7   0.0011378620492499
6005.6   0.0011303869789648
6006.5   0.0011042678473386
6007.4   0.0010749709498957
6008.3   0.0010675021347845
6009.2   0.0010946114398173
6010.1   0.0011321396649435
6011.0   0.0011467788340114
6011.9   0.0011332528109448
6012.8   0.0011118627970005
6013.7   0.0011057849675927
6014.6   0.0011148392974417
6015.5   0.0011201962008732
6016.4   0.0011170343135747
6017.3   0.0011178082366838
6018.2   0.0011217734670301
6019.1   0.0011119362093711
6020.0   0.0010909021904336
6020.9   0.0010791773824971
6021.8   0.0010830150347911
6022.7   0.0010932174296342
6023.6   0.0011017312024773
6024.5   0.0011116989939301
6025.4   0.0011217473465237
6026.3   0.0011217683116670
6027.2   0.0011173803415462
6028.1   0.0011216493258866
6029.0   0.0011325305789431
6029.9   0.0011412808111073
6030.8   0.0011473695698849
6031.7   0.0011565637819195
6032.6   0.0011659747254190
6033.5   0.0011692601352174
6034.4   0.0011678680497032
6035.3   0.0011669121766456
6036.2   0.0011688897739320
6037.1   0.0011723650385690
6038.0   0.0011757508061025
6038.9   0.0011758731600535
6039.8   0.0011692916173014
6040.7   0.0011567635350552
6041.6   0.0011422597801915
6042.5   0.0011356477864280
6043.4   0.0011416551592067
6044.3   0.0011507752027508
6045.2   0.0011558722758819
6046.1   0.0011603190858802
6047.0   0.0011676458879225
6047.9   0.0011732529983099
6048.8   0.0011734777721412
6049.7   0.0011729137066795
6050.6   0.0011712602786251
6051.5   0.0011630451044128
6052.4   0.0011494914486000
6053.3   0.0011390124513418
6054.2   0.0011349399894430
6055.1   0.0011300742202698
6056.0   0.0011273064089270
6056.9   0.0011374601371424
6057.8   0.0011562708198189
6058.7   0.0011715984704446
6059.6   0.0011783705554170
6060.5   0.0011788799052916
6061.4   0.0011739662256107
6062.3   0.0011624373214721
6063.2   0.0011448767112408
6064.1   0.0011191226480606
6065.0   0.0010956143297863
6065.9   0.0010983477720418
6066.8   0.0011286259069287
6067.7   0.0011600892254240
6068.6   0.0011745969671018
6069.5   0.0011776544411129
6070.4   0.0011794567560538
6071.3   0.0011828320753847
6072.2   0.0011860637319305
6073.1   0.0011851066215859
6074.0   0.0011802849135827
6074.9   0.0011735474726504
6075.8   0.0011623254157236
6076.7   0.0011432634262804
6077.6   0.0011191492497342
6078.5   0.0011055310487753
6079.4   0.0011140272933839
6080.3   0.0011307913656466
6081.2   0.0011329668601380
6082.1   0.0011175066135732
6083.0   0.0011002501697650
6083.9   0.0010915147163084
6084.8   0.0010900779509807
6085.7   0.0010951465665074
6086.6   0.0011055534574202
6087.5   0.0011166814805240
6088.4   0.0011204461328765
6089.3   0.0011148846646371
6090.2   0.0011103572934980
6091.1   0.0011118840370965
6092.0   0.0011146810621636
6092.9   0.0011165580267622
6093.8   0.0011212735342854
6094.7   0.0011314081532883
6095.6   0.0011386418838420
6096.5   0.0011391545331490
6097.4   0.0011413254909208
6098.3   0.0011478950732305
6099.2   0.0011513238708614
6100.1   0.0011380776809040
6101.0   0.0010967780670841
6101.9   0.0010395854311515
6102.8   0.0010097289362283
6103.7   0.0010359676035402
6104.6   0.0010871053686153
6105.5   0.0011164332669751
6106.4   0.0011171755705238
6107.3   0.0011090529866329
6108.2   0.0011096400793831
6109.1   0.0011215968786593
6110.0   0.0011327894469090
6110.9   0.0011320089249352
6111.8   0.0011223798064692
6112.7   0.0011147645790458
6113.6   0.0011122526799274
6114.5   0.0011096659249368
6115.4   0.0011036270013358
6116.3   0.0011019983877624
6117.2   0.0011137623764586
6118.1   0.0011281040467063
6119.0   0.0011296469437758
6119.9   0.0011158232844127
6120.8   0.0010897469079313
6121.7   0.0010641714952671
6122.6   0.0010612477857440
6123.5   0.0010850729870037
6124.4   0.0011107557686968
6125.3   0.0011203191047296
6126.2   0.0011187959355162
6127.1   0.0011094412198436
6128.0   0.0010943356622603
6128.9   0.0010843334329820
6129.8   0.0010867923349677
6130.7   0.0010968905914761
6131.6   0.0011069216220497
6132.5   0.0011182555159866
6133.4   0.0011271915474370
6134.3   0.0011146967344674
6135.2   0.0010652116413268
6136.1   0.0009916935514243
6137.0   0.0009456861287568
6137.9   0.0009704368208008
6138.8   0.0010386499733319
6139.7   0.0010773874404276
6140.6   0.0010524438003272
6141.5   0.0010102033671101
6142.4   0.0010165071388982
6143.3   0.0010689895601470
6144.2   0.0011143551744773
6145.1   0.0011263750753978
6146.0   0.0011166726132994
6146.9   0.0010958663239348
6147.8   0.0010724863398327
6148.7   0.0010627857336649
6149.6   0.0010710722581025
6150.5   0.0010875377317343
6151.4   0.0011034910372263
6152.3   0.0011150895731359
6153.2   0.0011169205518956
6154.1   0.0011051684549037
6155.0   0.0010933924370270
6155.9   0.0010943412987907
6156.8   0.0010995165959645
6157.7   0.0011017433003961
6158.6   0.0011001562734184
6159.5   0.0010839637590784
6160.4   0.0010420768462939
6161.3   0.0009905112548193
6162.2   0.0009656144941541
6163.1   0.0009821557859925
6164.0   0.0010210532068208
6164.9   0.0010541755211627
6165.8   0.0010711586619881
6166.7   0.0010777742301367
6167.6   0.0010687277364395
6168.5   0.0010369594266631
6169.4   0.0010067408877736
6170.3   0.0010124139868088
6171.2   0.0010478547023072
6172.1   0.0010746215537537
6173.0   0.0010793097034834
6173.9   0.0010782922410213
6174.8   0.0010784888322010
6175.7   0.0010766830803514
6176.6   0.0010784124640889
6177.5   0.0010905903940731
6178.4   0.0011045971031955
6179.3   0.0011082154807122
6180.2   0.0011093913846670
6181.1   0.0011202684446948
6182.0   0.0011348084933148
6182.9   0.0011414187686239
6183.8   0.0011395676495790
6184.7   0.0011334326987480
6185.6   0.0011207189546919
6186.5   0.0011039040849181
6187.4   0.0010953901058604
6188.3   0.0010981043014270
6189.2   0.0010947627325398
6190.1   0.0010666328718271
6191.0   0.0010313319697760
6191.9   0.0010310746827880
6192.8   0.0010709790491376
6193.7   0.0011115362219324
6194.6   0.0011266700309055
6195.5   0.0011300705771466
6196.4   0.0011377262226167
6197.3   0.0011428281761581
6198.2   0.0011322369981989
6199.1   0.0011064116535315
6200.0   0.0010862730867960
6200.9   0.0010920948665030
6201.8   0.0011174105863431
6202.7   0.0011394555376160
6203.6   0.0011453133361266
6204.5   0.0011418205432551
6205.4   0.0011398903753092
6206.3   0.0011396115732726
6207.2   0.0011373855562228
6208.1   0.0011344840491302
6209.0   0.0011353373648310
6209.9   0.0011376272396451
6210.8   0.0011328832057793
6211.7   0.0011164124393081
6212.6   0.0010888010019091
6213.5   0.0010612066803155
6214.4   0.0010485306047792
6215.3   0.0010545008589436
6216.2   0.0010730286840311
6217.1   0.0010865778031245
6218.0   0.0010767652912083
6218.9   0.0010495019439260
6219.8   0.0010342828996162
6220.7   0.0010492814318615
6221.6   0.0010803688212793
6222.5   0.0011061355322837
6223.4   0.0011179113439459
6224.3   0.0011183349085784
6225.2   0.0011139025335968
6226.1   0.0011070925738902
6227.0   0.0011005992222162
6227.9   0.0010912647843052
6228.8   0.0010669006757558
6229.7   0.0010308458534044
6230.6   0.0010070170090214
6231.5   0.0010123631892977
6232.4   0.0010396620742163
6233.3   0.0010742276152744
6234.2   0.0011070450070733
6235.1   0.0011238486725246
6236.0   0.0011139353217061
6236.9   0.0010841982249924
6237.8   0.0010516333085092
6238.7   0.0010303527257391
6239.6   0.0010258314722975
6240.5   0.0010390304391289
6241.4   0.0010597345835659
6242.3   0.0010658696031351
6243.2   0.0010506058102736
6244.1   0.0010253380696795
6245.0   0.0010001107471320
6245.9   0.0009834543875891
6246.8   0.0009879625807774
6247.7   0.0010184794433451
6248.6   0.0010599095909587
6249.5   0.0010905896379532
6250.4   0.0010941293102599
6251.3   0.0010660002056671
6252.2   0.0010244716937254
6253.1   0.0009965321002803
6254.0   0.0009916252944168
6254.9   0.0009988727038673
6255.8   0.0010055751570687
6256.7   0.0010097960246868
6257.6   0.0010142589881561
6258.5   0.0010240795424387
6259.4   0.0010423288404423
6260.3   0.0010601114062397
6261.2   0.0010702855496930
6262.1   0.0010790154353574
6263.0   0.0010877779716549
6263.9   0.0010856418641376
6264.8   0.0010748806279341
6265.7   0.0010767146311736
6266.6   0.0010944123053251
6267.5   0.0011073787309115
6268.4   0.0011011521520936
6269.3   0.0010800784712293
6270.2   0.0010621332709106
6271.1   0.0010615733297394
6272.0   0.0010765430606895
6272.9   0.0010949333406894
6273.8   0.0011070177180179
6274.7   0.0011126959036780
6275.6   0.0011135417956559
6276.5   0.0011087672420406
6277.4   0.0010965515060603
6278.3   0.0010742232847694
6279.2   0.0010464469444892
6280.1   0.0010295273177371
6281.0   0.0010379432761577
6281.9   0.0010650788391733
6282.8   0.0010928509864248
6283.7   0.0011136678614683
6284.6   0.0011250994323516
6285.5   0.0011274679436376
6286.4   0.0011250053985286
6287.3   0.0011222360062077
6288.2   0.0011209100468176
6289.1   0.0011149828914887
6290.0   0.0011012481105855
6290.9   0.0010883179787554
6291.8   0.0010864280913799
6292.7   0.0010951119912055
6293.6   0.0011038422892990
6294.5   0.0011057793310623
6295.4   0.0010984859357730
6296.3   0.0010808866259494
6297.2   0.0010607874461880
6298.1   0.0010484481877077
6299.0   0.0010414916782126
6299.9   0.0010256525468288
6300.8   0.0010004314794552
6301.7   0.0009902000083642
6302.6   0.0010121220557808
6303.5   0.0010538494272618
6304.4   0.0010883951717256
6305.3   0.0011023523206240
6306.2   0.0011043279245033
6307.1   0.0011033531484478
6308.0   0.0010968404813468
6308.9   0.0010805617693357
6309.8   0.0010615683118527
6310.7   0.0010546520141897
6311.6   0.0010617019388643
6312.5   0.0010675735537480
6313.4   0.0010536410818543
6314.3   0.0010215298373242
6315.2   0.0009992053278948
6316.1   0.0009990897790231
6317.0   0.0010008641862650
6317.9   0.0009932069598169
6318.8   0.0009925696194610
6319.7   0.0010071463742662
6320.6   0.0010214848138198
6321.5   0.0010263032223906
6322.4   0.0010326010139575
6323.3   0.0010528372576392
6324.2   0.0010810988206947
6325.1   0.0010973024706190
6326.0   0.0010945932242010
6326.9   0.0010842387805154
6327.8   0.0010775319280709
6328.7   0.0010752794468238
6329.6   0.0010704235072096
6330.5   0.0010654023210234
6331.4   0.0010690924611945
6332.3   0.0010771485752705
6333.2   0.0010746939350516
6334.1   0.0010505143197631
6335.0   0.0010137727343082
6335.9   0.0009902138934755
6336.8   0.0009929797114113
6337.7   0.0010118011172431
6338.6   0.0010309992082722
6339.5   0.0010495890351933
6340.4   0.0010672478035380
6341.3   0.0010726986033162
6342.2   0.0010612311511057
6343.1   0.0010414628081792
6344.0   0.0010302758764597
6344.9   0.0010357077045016
6345.8   0.0010450571273347
6346.7   0.0010495805803978
6347.6   0.0010574543320963
6348.5   0.0010726390073187
6349.4   0.0010850366245093
6350.3   0.0010891897162871
6351.2   0.0010892892491640
6352.1   0.0010845190947919
6353.0   0.0010712607381776
6353.9   0.0010523149849878
6354.8   0.0010397691682925
6355.7   0.0010423662340094
6356.6   0.0010467922850789
6357.5   0.0010371542993884
6358.4   0.0010212429241830
6359.3   0.0010153014713138
6360.2   0.0010182251808369
6361.1   0.0010159734557097
6362.0   0.0010083825616002
6362.9   0.0010088417326073
6363.8   0.0010209457690537
6364.7   0.0010364999807033
6365.6   0.0010484514184019
6366.5   0.0010565550992948
6367.4   0.0010586563565574
6368.3   0.0010494382236380
6369.2   0.0010333938400646
6370.1   0.0010238973862757
6371.0   0.0010311041027268
6371.9   0.0010517195061803
6372.8   0.0010718457000444
6373.7   0.0010817335490000
6374.6   0.0010822205589678
6375.5   0.0010805494652024
6376.4   0.0010784891758919
6377.3   0.0010725469669027
6378.2   0.0010651806404100
6379.1   0.0010599807349696
6380.0   0.0010574783217193
6380.9   0.0010593467627842
6381.8   0.0010653355762558
6382.7   0.0010680814601209
6383.6   0.0010616713503766
6384.5   0.0010551166842508
6385.4   0.0010600366878438
6386.3   0.0010739389836788
6387.2   0.0010856122379843
6388.1   0.0010872407828195
6389.0   0.0010804140509982
6389.9   0.0010700290188250
6390.8   0.0010568877233222
6391.7   0.0010370384755640
6392.6   0.0010108886179738
6393.5   0.0009985923208527
6394.4   0.0010186701917799
6395.3   0.0010562175948569
6396.2   0.0010835644590215
6397.1   0.0010879856296807
6398.0   0.0010671239373472
6398.9   0.0010263494144440
6399.8   0.0009936743794049
6400.7   0.0010040244925855
6401.6   0.0010486007177174
6402.5   0.0010867862860083
6403.4   0.0010999022171247
6404.3   0.0010950811965032
6405.2   0.0010794783182259
6406.1   0.0010520347394495
6407.0   0.0010201686839886
6407.9   0.0010075174916715
6408.8   0.0010233988282946
6409.7   0.0010426500539328
6410.6   0.0010398788056812
6411.5   0.0010286509060096
6412.4   0.0010322778757981
6413.3   0.0010429716798522
6414.2   0.0010442369434341
6415.1   0.0010383217485477
6416.0   0.0010349075234098
6416.9   0.0010367379522642
6417.8   0.0010392906818584
6418.7   0.0010310194860337
6419.6   0.0010073603562041
6420.5   0.0009890290535581
6421.4   0.0010008262427926
6422.3   0.0010383544679188
6423.2   0.0010732384042021
6424.1   0.0010857778969854
6425.0   0.0010844198368676
6425.9   0.0010848266981237
6426.8   0.0010887944717825
6427.7   0.0010884903053594
6428.6   0.0010739702595483
6429.5   0.0010437273873450
6430.4   0.0010101254867582
6431.3   0.0009903846391015
6432.2   0.0009936897080179
6433.1   0.0010162766597984
6434.0   0.0010476580423894
6434.9   0.0010722291215829
6435.8   0.0010775517934033
6436.7   0.0010618107513949
6437.6   0.0010297276207782
6438.5   0.0010010543847944
6439.4   0.0010033584196725
6440.3   0.0010366685267077
6441.2   0.0010720007046283
6442.1   0.0010878313124785
6443.0   0.0010896312215832
6443.9   0.0010902997690704
6444.8   0.0010933054832360
6445.7   0.0010974712228379
6446.6   0.0010959692937205
6447.5   0.0010770634086720
6448.4   0.0010377331435576
6449.3   0.0009989866030228
6450.2   0.0009934683710953
6451.1   0.0010240105980495
6452.0   0.0010600742876254
6452.9   0.0010742766943311
6453.8   0.0010589717273030
6454.7   0.0010203704992696
6455.6   0.0009803118157177
6456.5   0.0009722091658975
6457.4   0.0010056850006719
6458.3   0.0010513246053666
6459.2   0.0010782139482403
6460.1   0.0010747430141084
6461.0   0.0010414517413331
6461.9   0.0009974285148167
6462.8   0.0009799209704563
6463.7   0.0010050421612620
6464.6   0.0010444262483673
6465.5   0.0010675107957945
6466.4   0.0010716143273483
6467.3   0.0010656871032813
6468.2   0.0010556584785438
6469.1   0.0010431635968360
6470.0   0.0010293303141284
6470.9   0.0010183232014740
6471.8   0.0010199509901893
6472.7   0.0010372366477217
6473.6   0.0010527533283279
6474.5   0.0010530395540874
6475.4   0.0010487529040362
6476.3   0.0010548806373588
6477.2   0.0010688332495377
6478.1   0.0010765424420459
6479.0   0.0010722030698147
6479.9   0.0010555196961691
6480.8   0.0010278734772536
6481.7   0.0010025187141303
6482.6   0.0009968284992896
6483.5   0.0010140678960304
6484.4   0.0010404174380182
6485.3   0.0010601378704370
6486.2   0.0010689201345905
6487.1   0.0010692555081450
6488.0   0.0010647917198175
6488.9   0.0010565120691974
6489.8   0.0010409351052119
6490.7   0.0010181775452818
6491.6   0.0009912283314579
6492.5   0.0009563538123045
6493.4   0.0009092806042381
6494.3   0.0008613689279166
6495.2   0.0008320380738153
6496.1   0.0008306237171325
6497.0   0.0008582921384784
6497.9   0.0009033401824415
6498.8   0.0009448532970320
6499.7   0.0009770380914090
6500.6   0.0010045908951451
6501.5   0.0010274606357763
6502.4   0.0010439589662556
6503.3   0.0010546237627999
6504.2   0.0010616845481061
6505.1   0.0010665329265211
6506.0   0.0010697450614252
6506.9   0.0010702671278622
6507.8   0.0010675436526420
6508.7   0.0010648238892833
6509.6   0.0010634945617225
6510.5   0.0010626712846041
6511.4   0.0010612585776374
6512.3   0.0010582136827123
6513.2   0.0010517720221458
6514.1   0.0010360530450914
6515.0   0.0010105487076998
6515.9   0.0009875968249498
6516.8   0.0009786562567799
6517.7   0.0009834609177157
6518.6   0.0009980125830872
6519.5   0.0010210472953378
6520.4   0.0010443926353998
6521.3   0.0010561437013191
6522.2   0.0010561991042879
6523.1   0.0010529105325335
6524.0   0.0010498551206676
6524.9   0.0010404705038891
6525.8   0.0010209171739730
6526.7   0.0010044135506543
6527.6   0.0010065308239117
6528.5   0.0010254335470041
6529.4   0.0010446347312511
6530.3   0.0010509532817468
6531.2   0.0010442944772863
6532.1   0.0010313224151697
6533.0   0.0010210932124385
6533.9   0.0010203654813828
6534.8   0.0010282472067095
6535.7   0.0010381677750363
6536.6   0.0010431435940272
6537.5   0.0010436050333940
6538.4   0.0010438888533174
6539.3   0.0010445743103956
6540.2   0.0010443018322710
6541.1   0.0010420497634530
6542.0   0.0010395756703307
6542.9   0.0010360493332299
6543.8   0.0010246787331077
6544.7   0.0010018778681275
6545.6   0.0009771397551694
6546.5   0.0009700097505213
6547.4   0.0009854604424798
6548.3   0.0010056086325598
6549.2   0.0010156010322792
6550.1   0.0010156892233573
6551.0   0.0010116696898530
6551.9   0.0010053125085032
6552.8   0.0009946703955565
6553.7   0.0009802735285544
6554.6   0.0009656564931788
6555.5   0.0009571528935855
6556.4   0.0009572377164931
6557.3   0.0009564104525605
6558.2   0.0009406417090676
6559.1   0.0009004458928572
6560.0   0.0008289049190739
6560.9   0.0007224407595095
6561.8   0.0006074202094336
6562.7   0.0005518619954502
6563.6   0.0006040450963172
6564.5   0.0007328455882771
6565.4   0.0008602640992345
6566.3   0.0009375064921809
6567.2   0.0009649770850600
6568.1   0.0009631909923283
6569.0   0.0009554732762865
6569.9   0.0009582700951390
6570.8   0.0009695485861072
6571.7   0.0009763747680231
6572.6   0.0009711001441867
6573.5   0.0009595131562905
6574.4   0.0009562816372210
6575.3   0.0009715095487553
6576.2   0.0009998973838377
6577.1   0.0010250284042024
6578.0   0.0010372060592339
6578.9   0.0010358423625859
6579.8   0.0010245388509221
6580.7   0.0010130343488355
6581.6   0.0010103485421351
6582.5   0.0010157835321330
6583.4   0.0010206748031690
6584.3   0.0010182672485998
6585.2   0.0010107824174939
6586.1   0.0010056467135086
6587.0   0.0010094151464607
6587.9   0.0010207146025722
6588.8   0.0010310442317766
6589.7   0.0010323396714172
6590.6   0.0010153857443160
6591.5   0.0009774965750343
6592.4   0.0009366551698871
6593.3   0.0009229526959260
6594.2   0.0009467782408766
6595.1   0.0009838032338258
6596.0   0.0010054952145715
6596.9   0.0010074190586053
6597.8   0.0010040176187680
6598.7   0.0010091685138899
6599.6   0.0010225156114877
6600.5   0.0010345252704203
6601.4   0.0010375571738304
6602.3   0.0010291770967370
6603.2   0.0010124842372233
6604.1   0.0009953683629825
6605.0   0.0009878717089105
6605.9   0.0009899952373418
6606.8   0.0009905031437147
6607.7   0.0009844284075248
6608.6   0.0009798263867279
6609.5   0.0009885064372157
6610.4   0.0010087384191307
6611.3   0.0010244863349566
6612.2   0.0010263558070942
6613.1   0.0010208103548495
6614.0   0.0010205883992834
6614.9   0.0010289648332535
6615.8   0.0010375083009881
6616.7   0.0010407751514794
6617.6   0.0010404610867591
6618.5   0.0010403087629640
6619.4   0.0010423321398747
6620.3   0.0010457764723331
6621.2   0.0010475982401774
6622.1   0.0010427560481982
6623.0   0.0010311729783779
6623.9   0.0010195952701352
6624.8   0.0010143904155462
6625.7   0.0010153692471540
6626.6   0.0010160595846427
6627.5   0.0010153374901173
6628.4   0.0010173449197715
6629.3   0.0010206382344601
6630.2   0.0010190864701660
6631.1   0.0010072643289740
6632.0   0.0009854138379974
6632.9   0.0009622142916039
6633.8   0.0009524208201621
6634.7   0.0009647567104719
6635.6   0.0009892000053986
6636.5   0.0010087505857876
6637.4   0.0010160029443867
6638.3   0.0010137525252849
6639.2   0.0010098983758289
6640.1   0.0010095166040066
6641.0   0.0010086262384296
6641.9   0.0009979510624208
6642.8   0.0009784027503915
6643.7   0.0009664345405783
6644.6   0.0009726441410671
6645.5   0.0009894689778762
6646.4   0.0010039998155807
6647.3   0.0010127419366403
6648.2   0.0010192743315975
6649.1   0.0010235608441724
6650.0   0.0010248818544139
6650.9   0.0010249592535986
6651.8   0.0010241534359765
6652.7   0.0010230863445523
6653.6   0.0010227360548140
6654.5   0.0010234652293713
6655.4   0.0010241056629451
6656.3   0.0010237043694811
6657.2   0.0010241968097648
6658.1   0.0010256607954097
6659.0   0.0010257693329876
6659.9   0.0010211069600734
6660.8   0.0010074063420430
6661.7   0.0009836981331566
6662.6   0.0009590546726652
6663.5   0.0009515523820629
6664.4   0.0009666661882271
6665.3   0.0009873090182123
6666.2   0.0009979734710658
6667.1   0.0009996623680184
6668.0   0.0010010627708518
6668.9   0.0010054533530232
6669.8   0.0010099925471283
6670.7   0.0010132966537102
6671.6   0.0010152635965795
6672.5   0.0010164636276336
6673.4   0.0010172641524163
6674.3   0.0010159082919201
6675.2   0.0010076865188431
6676.1   0.0009857222661873
6677.0   0.0009549735497563
6677.9   0.0009371112476763
6678.8   0.0009466112071120
6679.7   0.0009734579323175
6680.6   0.0009982999086575
6681.5   0.0010137624235820
6682.4   0.0010209560110417
6683.3   0.0010221549422850
6684.2   0.0010217139868943
6685.1   0.0010219322993371
6686.0   0.0010225033073544
6686.9   0.0010228584775032
6687.8   0.0010231185140181
6688.7   0.0010239068034057
6689.6   0.0010236820983125
6690.5   0.0010219993877957
6691.4   0.0010208399122647
6692.3   0.0010211465532620
6693.2   0.0010210120326541
6694.1   0.0010139969582341
6695.0   0.0009980467459600
6695.9   0.0009824811925116
6696.8   0.0009776386568415
6697.7   0.0009833993970493
6698.6   0.0009919390841844
6699.5   0.0009990689513561
6700.4   0.0010035172048561
6701.3   0.0010016825829731
6702.2   0.0009922259285874
6703.1   0.0009790109457614
6704.0   0.0009700818568666
6704.9   0.0009717845014542
6705.8   0.0009824339006474
6706.7   0.0009949434923246
6707.6   0.0010019626910351
6708.5   0.0010016816893768
6709.4   0.0009975143000587
6710.3   0.0009934254784743
6711.2   0.0009907046153048
6712.1   0.0009872030239469
6713.0   0.0009832507851156
6713.9   0.0009800330136811
6714.8   0.0009735517599259
6715.7   0.0009606863107183
6716.6   0.0009468935147956
6717.5   0.0009451559512153
6718.4   0.0009609783104844
6719.3   0.0009820918594900
6720.2   0.0009931832451466
6721.1   0.0009933819672097
6722.0   0.0009945568400918
6722.9   0.0010020336288314
6723.8   0.0010067254904225
6724.7   0.0010013881086327
6725.6   0.0009909922845659
6726.5   0.0009863688174586
6727.4   0.0009910756639719
6728.3   0.0009996647051163
6729.2   0.0010072500314337
6730.1   0.0010103921908760
6731.0   0.0010072564240840
6731.9   0.0010006880790614
6732.8   0.0009965715559926
6733.7   0.0009980073589859
6734.6   0.0010013762856666
6735.5   0.0010009320995816
6736.4   0.0009928909016896
6737.3   0.0009792478862496
6738.2   0.0009693680796604
6739.1   0.0009694777857873
6740.0   0.0009761403021092
6740.9   0.0009817155867217
6741.8   0.0009831142023625
6742.7   0.0009844429800178
6743.6   0.0009884229203335
6744.5   0.0009927897878346
6745.4   0.0009939173001144
6746.3   0.0009897066744843
6747.2   0.0009799657190081
6748.1   0.0009657034413521
6749.0   0.0009535404275518
6749.9   0.0009525631769220
6750.8   0.0009628510133162
6751.7   0.0009757381150489
6752.6   0.0009843059160974
6753.5   0.0009893066870457
6754.4   0.0009919789523257
6755.3   0.0009912732862241
6756.2   0.0009891265242898
6757.1   0.0009884899400538
6758.0   0.0009913873228560
6758.9   0.0009972184509548
6759.8   0.0010024949994600
6760.7   0.0010054393304355
6761.6   0.0010062596518125
6762.5   0.0010058505909348
6763.4   0.0010041135772599
6764.3   0.0009997234762557
6765.2   0.0009903483453453
6766.1   0.0009740868178779
6767.0   0.0009583306534710
6767.9   0.0009554327207634
6768.8   0.0009648732216780
6769.7   0.0009730583573079
6770.6   0.0009710432977163
6771.5   0.0009651724389525
6772.4   0.0009652449577268
6773.3   0.0009727300637855
6774.2   0.0009844699253823
6775.1   0.0009962571475815
6776.0   0.0010051031320230
6776.9   0.0010099957778225
6777.8   0.0010116063819941
6778.7   0.0010117980240252
6779.6   0.0010104078631799
6780.5   0.0010063006885028
6781.4   0.0009992581188129
6782.3   0.0009910839812910
6783.2   0.0009853409067940
6784.1   0.0009821621786428
6785.0   0.0009797285723053
6785.9   0.0009791992883601
6786.8   0.0009838461951850
6787.7   0.0009933586649685
6788.6   0.0010014410370272
6789.5   0.0010048153252855
6790.4   0.0010047170296957
6791.3   0.0010008705789153
6792.2   0.0009925285827707
6793.1   0.0009800656643141
6794.0   0.0009668600986180
6794.9   0.0009589130032871
6795.8   0.0009608538943882
6796.7   0.0009713935874546
6797.6   0.0009819231072711
6798.5   0.0009867702483989
6799.4   0.0009882457820572
6800.3   0.0009900278192366
6801.2   0.0009920147649147
6802.1   0.0009901885978272
6803.0   0.0009844996202737
6803.9   0.0009801945483917
6804.8   0.0009791798354566
6805.7   0.0009793002647387
6806.6   0.0009796735817656
6807.5   0.0009812212905073
6808.4   0.0009813832376469
6809.3   0.0009786462210064
6810.2   0.0009784376693843
6811.1   0.0009825788007197
6812.0   0.0009851692675718
6812.9   0.0009822975928469
6813.8   0.0009781651225216
6814.7   0.0009798446023442
6815.6   0.0009876986949247
6816.5   0.0009958557166412
6817.4   0.0009972692484659
6818.3   0.0009894045014683
6819.2   0.0009787664440739
6820.1   0.0009747407928721
6821.0   0.0009806449896506
6821.9   0.0009905494732445
6822.8   0.0009964070655405
6823.7   0.0009969276884758
6824.6   0.0009941197340389
6825.5   0.0009878322531982
6826.4   0.0009757325472568
6827.3   0.0009603170492437
6828.2   0.0009527778462416
6829.1   0.0009604809210522
6830.0   0.0009773936739868
6830.9   0.0009907581623429
6831.8   0.0009942482056874
6832.7   0.0009921356753641
6833.6   0.0009902726646149
6834.5   0.0009892026861874
6835.4   0.0009847078282049
6836.3   0.0009740378762975
6837.2   0.0009598891541062
6838.1   0.0009451067346822
6839.0   0.0009309822770665
6839.9   0.0009180040285141
6840.8   0.0009069689394226
6841.7   0.0009023183894745
6842.6   0.0009091094461831
6843.5   0.0009277997683156
6844.4   0.0009507108205899
6845.3   0.0009674123411136
6846.2   0.0009744882488182
6847.1   0.0009748777193161
6848.0   0.0009740385636792
6848.9   0.0009758104963469
6849.8   0.0009801917301265
6850.7   0.0009852054925898
6851.6   0.0009867457776087
6852.5   0.0009794734162008
6853.4   0.0009604620867924
6854.3   0.0009365290353365
6855.2   0.0009224446520767
6856.1   0.0009238224400506
6857.0   0.0009340574855267
6857.9   0.0009462344531765
6858.8   0.0009557619766202
6859.7   0.0009580117770785
6860.6   0.0009530562358492
6861.5   0.0009497785934645
6862.4   0.0009554395945809
6863.3   0.0009663924728154
6864.2   0.0009733391527516
6865.1   0.0009689605997607
6866.0   0.0009545754182484
6866.9   0.0009401777263883
6867.8   0.0009362136645910
6868.7   0.0009432183595466
6869.6   0.0009501540413747
6870.5   0.0009496767234896
6871.4   0.0009454619735691
6872.3   0.0009437800191721
6873.2   0.0009461846867380
6874.1   0.0009487457336513
6875.0   0.0009504804102283
6875.9   0.0009545697817181
6876.8   0.0009604906131349
6877.7   0.0009639407883381
6878.6   0.0009621759357024
6879.5   0.0009568152516713
6880.4   0.0009494410890267
6881.3   0.0009413885493358
6882.2   0.0009381618419386
6883.1   0.0009427903269326
6884.0   0.0009502790761145
6884.9   0.0009542779194283
6885.8   0.0009554518987141
6886.7   0.0009575545307403
6887.6   0.0009603941047376
6888.5   0.0009647639279802
6889.4   0.0009712010518272
6890.3   0.0009750466090113
6891.2   0.0009739066551220
6892.1   0.0009710995942814
6893.0   0.0009688867749611
6893.9   0.0009644994922221
6894.8   0.0009580378975849
6895.7   0.0009563894874172
6896.6   0.0009605622383129
6897.5   0.0009629260754030
6898.4   0.0009596884386360
6899.3   0.0009568608250811
6900.2   0.0009610413433906
6901.1   0.0009674402488125
6902.0   0.0009672344467174
6902.9   0.0009609310186202
6903.8   0.0009563548433771
6904.7   0.0009571051205541
6905.6   0.0009586073933623
6906.5   0.0009580354917488
6907.4   0.0009591218986000
6908.3   0.0009647947914206
6909.2   0.0009710537459188
6910.1   0.0009707009816062
6911.0   0.0009637685304722
6911.9   0.0009549493539188
6912.8   0.0009454728342007
6913.7   0.0009365638855911
6914.6   0.0009306546709258
6915.5   0.0009284409580093
6916.4   0.0009308897554833
6917.3   0.0009411609572393
6918.2   0.0009583645413911
6919.1   0.0009734066536391
6920.0   0.0009798668047747
6920.9   0.0009794002787829
6921.8   0.0009745398024492
6922.7   0.0009652136131192
6923.6   0.0009524924453402
6924.5   0.0009429546799084
6925.4   0.0009428233899947
6926.3   0.0009501814679064
6927.2   0.0009590049062267
6928.1   0.0009653763163787
6929.0   0.0009692079197133
6929.9   0.0009699773748410
6930.8   0.0009651273467099
6931.7   0.0009555631170808
6932.6   0.0009482418140925
6933.5   0.0009508764795909
6934.4   0.0009607906552675
6935.3   0.0009675422562638
6936.2   0.0009677399472542
6937.1   0.0009656872191429
6938.0   0.0009657048161156
6938.9   0.0009683339138219
6939.8   0.0009719164100114
6940.7   0.0009744344955656
6941.6   0.0009722265566557
6942.5   0.0009624244929421
6943.4   0.0009452374059523
6944.3   0.0009279104367769
6945.2   0.0009236116888069
6946.1   0.0009356191481179
6947.0   0.0009534245349892
6947.9   0.0009650773740569
6948.8   0.0009643508802884
6949.7   0.0009527249178471
6950.6   0.0009389825757446
6951.5   0.0009325486825918
6952.4   0.0009344257846668
6953.3   0.0009390603873584
6954.2   0.0009440270641720
6955.1   0.0009499418466294
6956.0   0.0009560449716855
6956.9   0.0009591520059206
6957.8   0.0009581241639941
6958.7   0.0009565638074282
6959.6   0.0009575968047178
6960.5   0.0009614537037007
6961.4   0.0009657583631537
6962.3   0.0009671114053847
6963.2   0.0009637963006948
6964.1   0.0009564431031934
6965.0   0.0009506185052213
6965.9   0.0009527824516993
6966.8   0.0009616527007165
6967.7   0.0009700625414395
6968.6   0.0009720586980331
6969.5   0.0009682150655178
6970.4   0.0009637400728679
6971.3   0.0009626784804977
6972.2   0.0009634469732909
6973.1   0.0009586084931731
6974.0   0.0009446193122853
6974.9   0.0009256796767931
6975.8   0.0009055751354540
6976.7   0.0008842394246678
6977.6   0.0008653433004401
6978.5   0.0008617705650714
6979.4   0.0008807587297150
6980.3   0.0009113501732022
6981.2   0.0009376977217829
6982.1   0.0009524294811721
6983.0   0.0009569437920580
6983.9   0.0009559679161917
6984.8   0.0009539066645467
6985.7   0.0009537019622624
6986.6   0.0009544730671063
6987.5   0.0009540840090374
6988.4   0.0009533689945441
6989.3   0.0009553682443555
6990.2   0.0009603952732865
6991.1   0.0009638298449241
6992.0   0.0009628659982383
6992.9   0.0009597043171544
6993.8   0.0009580619559460
6994.7   0.0009595730959788
6995.6   0.0009604507449935
6996.5   0.0009539877068546
6997.4   0.0009365713780521
6998.3   0.0009141266455551
6999.2   0.0009009783387585
7000.1   0.0009048572339574
7001.0   0.0009183172683763
7001.9   0.0009261836650900
7002.8   0.0009206863983058
7003.7   0.0009089191789155
7004.6   0.0009025829627089
7005.5   0.0009067058096898
7006.4   0.0009177623450918
7007.3   0.0009298657628947
7008.2   0.0009399268320506
7009.1   0.0009444396306966
7010.0   0.0009416172412430
7010.9   0.0009355481415834
7011.8   0.0009327562718794
7012.7   0.0009335550782077
7013.6   0.0009273549635871
7014.5   0.0009055868209437
7015.4   0.0008779460323441
7016.3   0.0008664628390916
7017.2   0.0008816048966457
7018.1   0.0009104030298929
7019.0   0.0009335034558385
7019.9   0.0009411623320028
7020.8   0.0009328219168363
7021.7   0.0009135286234351
7022.6   0.0008931199844112
7023.5   0.0008843828812384
7024.4   0.0008933117639186
7025.3   0.0009122953231045
7026.2   0.0009283686454495
7027.1   0.0009346665057546
7028.0   0.0009341432707687
7028.9   0.0009324912862159
7029.8   0.0009315248962177
7030.7   0.0009306242199144
7031.6   0.0009282405862300
7032.5   0.0009238762620414
7033.4   0.0009192912883119
7034.3   0.0009184715855785
7035.2   0.0009219828690190
7036.1   0.0009208593435534
7037.0   0.0009109182225124
7037.9   0.0009049773882868
7038.8   0.0009164225005904
7039.7   0.0009398987181371
7040.6   0.0009578326453952
7041.5   0.0009621220449734
7042.4   0.0009570397505499
7043.3   0.0009492079291380
7044.2   0.0009444797050525
7045.1   0.0009458293791129
7046.0   0.0009520275690646
7046.9   0.0009585873218153
7047.8   0.0009609334931945
7048.7   0.0009576521389484
7049.6   0.0009491843519441
7050.5   0.0009367531217861
7051.4   0.0009229660311319
7052.3   0.0009134697835576
7053.2   0.0009141202529049
7054.1   0.0009236849637012
7055.0   0.0009358830339706
7055.9   0.0009452103918496
7056.8   0.0009485916914018
7057.7   0.0009451868146557
7058.6   0.0009363852350750
7059.5   0.0009286212582416
7060.4   0.0009285639306039
7061.3   0.0009352298150963
7062.2   0.0009439489088674
7063.1   0.0009507284863008
7064.0   0.0009507915879452
7064.9   0.0009388468865877
7065.8   0.0009169848475977
7066.7   0.0008968592723772
7067.6   0.0008899166479934
7068.5   0.0009005276225469
7069.4   0.0009217806413090
7070.3   0.0009393745208168
7071.2   0.0009464652072290
7072.1   0.0009473181792389
7073.0   0.0009480738867317
7073.9   0.0009490975356295
7074.8   0.0009481279149370
7075.7   0.0009463913824293
7076.6   0.0009462495068367
7077.5   0.0009486884060136
7078.4   0.0009527923499964
7079.3   0.0009567071952607
7080.2   0.0009576308301142
7081.1   0.0009499860452758
7082.0   0.0009312460254429
7082.9   0.0009074488693584
7083.8   0.0008903136796905
7084.7   0.0008887081621438
7085.6   0.0008997004960907
7086.5   0.0009125870479180
7087.4   0.0009187875749676
7088.3   0.0009158136865770
7089.2   0.0009079301740577
7090.1   0.0009027050417072
7091.0   0.0009043266439868
7091.9   0.0009098531932334
7092.8   0.0009147190311448
7093.7   0.0009175896747970
7094.6   0.0009178761067710
7095.5   0.0009178173356316
7096.4   0.0009212489515276
7097.3   0.0009274136659883
7098.2   0.0009326454659418
7099.1   0.0009349397399991
7100.0   0.0009355388619298
7100.9   0.0009358925198387
7101.8   0.0009365160438215
7102.7   0.0009377331219429
7103.6   0.0009379765238196
7104.5   0.0009356497366056
7105.4   0.0009305635928444
7106.3   0.0009247638780914
7107.2   0.0009223983912851
7108.1   0.0009228589370557
7109.0   0.0009199425825173
7109.9   0.0009103462521606
7110.8   0.0008994795028590
7111.7   0.0008961008153575
7112.6   0.0009014870012514
7113.5   0.0009100690311020
7114.4   0.0009160594255516
7115.3   0.0009171869378314
7116.2   0.0009155520690841
7117.1   0.0009137072052130
7118.0   0.0009123467392592
7118.9   0.0009097756565724
7119.8   0.0009026589871302
7120.7   0.0008914495780276
7121.6   0.0008845211137077
7122.5   0.0008915007879677
7123.4   0.0009088968390087
7124.3   0.0009228852637766
7125.2   0.0009264544934984
7126.1   0.0009228530943108
7127.0   0.0009178239344964
7127.9   0.0009116929704795
7128.8   0.0009004786122284
7129.7   0.0008864657854084
7130.6   0.0008793755801635
7131.5   0.0008852131696507
7132.4   0.0008995668003408
7133.3   0.0009146160613590
7134.2   0.0009264810264338
7135.1   0.0009338303745974
7136.0   0.0009371430047130
7136.9   0.0009368664710362
7137.8   0.0009333718222339
7138.7   0.0009290626947996
7139.6   0.0009252369342098
7140.5   0.0009215000520799
7141.4   0.0009179235361115
7142.3   0.0009158090123811
7143.2   0.0009155922809163
7144.1   0.0009138404197956
7145.0   0.0009070078452295
7145.9   0.0008930201765815
7146.8   0.0008743311604743
7147.7   0.0008641080067024
7148.6   0.0008724993568564
7149.5   0.0008906082915073
7150.4   0.0009031525272246
7151.3   0.0009086258043858
7152.2   0.0009131045776354
7153.1   0.0009147115386837
7154.0   0.0009105236653895
7154.9   0.0009069954036199
7155.8   0.0009111234747021
7156.7   0.0009197727304876
7157.6   0.0009246660636688
7158.5   0.0009245566324947
7159.4   0.0009238836857643
7160.3   0.0009243161863595
7161.2   0.0009215051387048
7162.1   0.0009063073344910
7163.0   0.0008771831760811
7163.9   0.0008505125580793
7164.8   0.0008476051395036
7165.7   0.0008711764906841
7166.6   0.0009029393701448
7167.5   0.0009260585616121
7168.4   0.0009368382883845
7169.3   0.0009390328233503
7170.2   0.0009378890201231
7171.1   0.0009370482147701
7172.0   0.0009374600251748
7172.9   0.0009364140363702
7173.8   0.0009305764468830
7174.7   0.0009212028282124
7175.6   0.0009138358143379
7176.5   0.0009143253676182
7177.4   0.0009197742427274
7178.3   0.0009173406363900
7179.2   0.0009007856656548
7180.1   0.0008807783888330
7181.0   0.0008752648311013
7181.9   0.0008894595391316
7182.8   0.0009088393738946
7183.7   0.0009165713874768
7184.6   0.0009072683629116
7185.5   0.0008855699207774
7186.4   0.0008640724690661
7187.3   0.0008574624687097
7188.2   0.0008672328441247
7189.1   0.0008804936753133
7190.0   0.0008872683035982
7190.9   0.0008855506053503
7191.8   0.0008784076779254
7192.7   0.0008738422258376
7193.6   0.0008772586505970
7194.5   0.0008843760761591
7195.4   0.0008870774176870
7196.3   0.0008860805079392
7197.2   0.0008898556772324
7198.1   0.0008980195727663
7199.0   0.0009001523121130
7199.9   0.0008898266009845
7200.8   0.0008740425288787
7201.7   0.0008687628184174
7202.6   0.0008796699857658
7203.5   0.0008933666857202
7204.4   0.0008905482830808
7205.3   0.0008663212384517
7206.2   0.0008377687067027
7207.1   0.0008285116679764
7208.0   0.0008441093908906
7208.9   0.0008686103571459
7209.8   0.0008856637483859
7210.7   0.0008915456739958
7211.6   0.0008881731041919
7212.5   0.0008786506673730
7213.4   0.0008683520390853
7214.3   0.0008637458939980
7215.2   0.0008680588707702
7216.1   0.0008763655354930
7217.0   0.0008815681904604
7217.9   0.0008809252823123
7218.8   0.0008757720500925
7219.7   0.0008687608937485
7220.6   0.0008601376209930
7221.5   0.0008496377960680
7222.4   0.0008410508170687
7223.3   0.0008411209987451
7224.2   0.0008528209922006
7225.1   0.0008696918148486
7226.0   0.0008828676169151
7226.9   0.0008890550837116
7227.8   0.0008919266209601
7228.7   0.0008985245233977
7229.6   0.0009104244074653
7230.5   0.0009217242760058
7231.4   0.0009260348469418
7232.3   0.0009214416933695
7233.2   0.0009105011880064
7234.1   0.0008988093056555
7235.0   0.0008942187641339
7235.9   0.0008992657958738
7236.8   0.0009060547904371
7237.7   0.0009057591475477
7238.6   0.0008993422327241
7239.5   0.0008961741589899
7240.4   0.0009009683029850
7241.3   0.0009073600596367
7242.2   0.0009074434390426
7243.1   0.0009004240341176
7244.0   0.0008936765574118
7244.9   0.0008954430597637
7245.8   0.0009057388697862
7246.7   0.0009160608003151
7247.6   0.0009160437532478
7248.5   0.0009026837328730
7249.4   0.0008832312418593
7250.3   0.0008698543806318
7251.2   0.0008698479192434
7252.1   0.0008787845005992
7253.0   0.0008875829182238
7253.9   0.0008934121903919
7254.8   0.0008996401439733
7255.7   0.0009079724480352
7256.6   0.0009141625268823
7257.5   0.0009133182846205
7258.4   0.0009031767918002
7259.3   0.0008837456096207
7260.2   0.0008621706899864
7261.1   0.0008522496404924
7262.0   0.0008607084915340
7262.9   0.0008774253406706
7263.8   0.0008899501234845
7264.7   0.0008989263667671
7265.6   0.0009083734665465
7266.5   0.0009166011511065
7267.4   0.0009205311875073
7268.3   0.0009210173726170
7269.2   0.0009210296080121
7270.1   0.0009205348993688
7271.0   0.0009179346716958
7271.9   0.0009122714022197
7272.8   0.0009038634861656
7273.7   0.0008955428675933
7274.6   0.0008907936783645
7275.5   0.0008902561458383
7276.4   0.0008907592405390
7277.3   0.0008904132125675
7278.2   0.0008908036453998
7279.1   0.0008886478787646
7280.0   0.0008760415037374
7280.9   0.0008535556658119
7281.8   0.0008338199047802
7282.7   0.0008287919135147
7283.6   0.0008380037225220
7284.5   0.0008529722161849
7285.4   0.0008630675169518
7286.3   0.0008576185731044
7287.2   0.0008359738842229
7288.1   0.0008128568923772
7289.0   0.0008031816505959
7289.9   0.0008052042713868
7290.8   0.0008094839101442
7291.7   0.0008171770866577
7292.6   0.0008345205529950
7293.5   0.0008594603437576
7294.4   0.0008826972149800
7295.3   0.0008968699267943
7296.2   0.0009008897352513
7297.1   0.0008978023601342
7298.0   0.0008922021923025
7298.9   0.0008870401615963
7299.8   0.0008836443582893
7300.7   0.0008844855073332
7301.6   0.0008907171727760
7302.5   0.0009000474176584
7303.4   0.0009066881439789
7304.3   0.0009039800661099
7305.2   0.0008898123721823
7306.1   0.0008696311190403
7307.0   0.0008542464844677
7307.9   0.0008492169122242
7308.8   0.0008492250233288
7309.7   0.0008495535918039
7310.6   0.0008541147133868
7311.5   0.0008674466198481
7312.4   0.0008845254442127
7313.3   0.0008958236630370
7314.2   0.0008982070217687
7315.1   0.0008954820343087
7316.0   0.0008936885865924
7316.9   0.0008949649170204
7317.8   0.0008952006202215
7318.7   0.0008903747191896
7319.6   0.0008825087349049
7320.5   0.0008776574007485
7321.4   0.0008764225881780
7322.3   0.0008727923189570
7323.2   0.0008642650734316
7324.1   0.0008541287359744
7325.0   0.0008486327064774
7325.9   0.0008538164584467
7326.8   0.0008675224380548
7327.7   0.0008782567288937
7328.6   0.0008781243391693
7329.5   0.0008731716162051
7330.4   0.0008736874274681
7331.3   0.0008804003288721
7332.2   0.0008865033851900
7333.1   0.0008883327829717
7334.0   0.0008897008101248
7334.9   0.0008938442098199
7335.8   0.0008990204005901
7336.7   0.0009032613397551
7337.6   0.0009055703925200
7338.5   0.0009062900812092
7339.4   0.0009061163798417
7340.3   0.0009034417774637
7341.2   0.0008961331910378
7342.1   0.0008845553453187
7343.0   0.0008736602071509
7343.9   0.0008704032549568
7344.8   0.0008771552683822
7345.7   0.0008886663005954
7346.6   0.0008964194167972
7347.5   0.0008964944101459
7348.4   0.0008882838413913
7349.3   0.0008728211202522
7350.2   0.0008570030914881
7351.1   0.0008485819777044
7352.0   0.0008465047788029
7352.9   0.0008420741910138
7353.8   0.0008322505435134
7354.7   0.0008264255331121
7355.6   0.0008343946933971
7356.5   0.0008547858729247
7357.4   0.0008767852507877
7358.3   0.0008896737960221
7359.2   0.0008899771375871
7360.1   0.0008805984322916
7361.0   0.0008682909995862
7361.9   0.0008603532526471
7362.8   0.0008602368789173
7363.7   0.0008667883830870
7364.6   0.0008754385324688
7365.5   0.0008825002801094
7366.4   0.0008867869301607
7367.3   0.0008876260857975
7368.2   0.0008851083439343
7369.1   0.0008816095021034
7370.0   0.0008803695341698
7370.9   0.0008807955733766
7371.8   0.0008804794465112
7372.7   0.0008786983716663
7373.6   0.0008745022497911
7374.5   0.0008690009961928
7375.4   0.0008661843120077
7376.3   0.0008687301677844
7377.2   0.0008755378591313
7378.1   0.0008812362538147
7379.0   0.0008806514294243
7379.9   0.0008723800273851
7380.8   0.0008594536761547
7381.7   0.0008464187186081
7382.6   0.0008333210718463
7383.5   0.0008179591896095
7384.4   0.0008018150669445
7385.3   0.0007903845958721
7386.2   0.0007872772179462
7387.1   0.0007893456183614
7388.0   0.0007942164741594
7388.9   0.0008048543253393
7389.8   0.0008200008508747
7390.7   0.0008290652164973
7391.6   0.0008238169193819
7392.5   0.0008130414543763
7393.4   0.0008127895977041
7394.3   0.0008254243615975
7395.2   0.0008408387597997
7396.1   0.0008499347449827
7397.0   0.0008501251497267
7397.9   0.0008423297595474
7398.8   0.0008309166104950
7399.7   0.0008247443348351
7400.6   0.0008293401691962
7401.5   0.0008413638507164
7402.4   0.0008513682796163
7403.3   0.0008517263367683
7404.2   0.0008441998503285
7405.1   0.0008362943415934
7406.0   0.0008314083633968
7406.9   0.0008247173207324
7407.8   0.0008127858858427
7408.7   0.0008034311701701
7409.6   0.0008005319314372
