3540.5   0.0009165397975810
3541.4   0.0009166847621782
3542.3   0.0009262672756290
3543.2   0.0009429968265823
3544.1   0.0009517305546375
3545.0   0.0009519478601045
3545.9   0.0009532354285859
3546.8   0.0009481275126086
3547.7   0.0009443539780703
3548.6   0.0009577408575542
3549.5   0.0009820735541330
3550.4   0.0009984525029042
3551.3   0.0009973275776295
3552.2   0.0009775947137933
3553.1   0.0009554931284379
3554.0   0.0009409514821867
3554.9   0.0009520406374468
3555.8   0.0009646918039210
3556.7   0.0009639025600820
3557.6   0.0009674116226232
3558.5   0.0009734616670539
3559.4   0.0009785526115662
3560.3   0.0009818203964461
3561.2   0.0009930383934117
3562.1   0.0010096021190086
3563.0   0.0010013829799164
3563.9   0.0009409490071813
3564.8   0.0008479740887987
3565.7   0.0008042239147758
3566.6   0.0008280954117920
3567.5   0.0008526240580776
3568.4   0.0008312274249515
3569.3   0.0007847309850266
3570.2   0.0007699392925237
3571.1   0.0007898347995666
3572.0   0.0008054710345988
3572.9   0.0008158924334239
3573.8   0.0008312943915240
3574.7   0.0008407202017809
3575.6   0.0008641251956517
3576.5   0.0008926649062717
3577.4   0.0009123379456937
3578.3   0.0009259593849673
3579.2   0.0008963168826916
3580.1   0.0007977851530812
3581.0   0.0007459145573210
3581.9   0.0008240219773235
3582.8   0.0009140283036121
3583.7   0.0008749007323807
3584.6   0.0007569730932297
3585.5   0.0006987982346354
3586.4   0.0007238716649489
3587.3   0.0007603219168551
3588.2   0.0007932648740810
3589.1   0.0008301203904296
3590.0   0.0008811154000223
3590.9   0.0009351478775713
3591.8   0.0009496809673757
3592.7   0.0009255040547031
3593.6   0.0009014325065427
3594.5   0.0009139626098995
3595.4   0.0009574736984086
3596.3   0.0009891210257072
3597.2   0.0009932148259337
3598.1   0.0009821357828382
3599.0   0.0009843071403617
3599.9   0.0009835769430782
3600.8   0.0009461306783172
3601.7   0.0008951498116120
3602.6   0.0008702026772842
3603.5   0.0008647670706026
3604.4   0.0008572847052366
3605.3   0.0008542275079521
3606.2   0.0008608951015671
3607.1   0.0008430269774527
3608.0   0.0008018902676177
3608.9   0.0007905966769182
3609.8   0.0008242633256994
3610.7   0.0008602718245133
3611.6   0.0008615649087209
3612.5   0.0008462888223198
3613.4   0.0008623211996319
3614.3   0.0009167154522442
3615.2   0.0009650762783187
3616.1   0.0009548370398851
3617.0   0.0008659658217502
3617.9   0.0007712319524446
3618.8   0.0007667768721560
3619.7   0.0008253173951075
3620.6   0.0008707005776399
3621.5   0.0009013688635487
3622.4   0.0009129735977740
3623.3   0.0008948148373207
3624.2   0.0009044729445054
3625.1   0.0009632589172701
3626.0   0.0010059347268413
3626.9   0.0010043588555975
3627.8   0.0009929671839729
3628.7   0.0009587271118166
3629.6   0.0008596729439406
3630.5   0.0007500360776071
3631.4   0.0007294506805102
3632.3   0.0007970116078473
3633.2   0.0008478950300574
3634.1   0.0008433083502002
3635.0   0.0008318970199620
3635.9   0.0008557129354302
3636.8   0.0008885607110229
3637.7   0.0009173490536058
3638.6   0.0009457485374959
3639.5   0.0009537841019079
3640.4   0.0009411911334160
3641.3   0.0009094438159025
3642.2   0.0008706540475399
3643.1   0.0008362802543819
3644.0   0.0008088376075482
3644.9   0.0008147293930673
3645.8   0.0008364996105676
3646.7   0.0008353626638385
3647.6   0.0008276958752191
3648.5   0.0008346234858214
3649.4   0.0008549655545383
3650.3   0.0008814745586513
3651.2   0.0009034936202579
3652.1   0.0009198340296606
3653.0   0.0009382130655873
3653.9   0.0009585979872534
3654.8   0.0009726980218413
3655.7   0.0009719835231629
3656.6   0.0009769208759166
3657.5   0.0009757147704674
3658.4   0.0009686067673346
3659.3   0.0009690193153640
3660.2   0.0009736745882257
3661.1   0.0009740846612499
3662.0   0.0009599545730260
3662.9   0.0009363803595058
3663.8   0.0009193776386797
3664.7   0.0009280545830415
3665.6   0.0009432265070759
3666.5   0.0009352987114669
3667.4   0.0009132978941853
3668.3   0.0008881017743223
3669.2   0.0008839748090245
3670.1   0.0009208076967531
3671.0   0.0009684368405408
3671.9   0.0009874051398768
3672.8   0.0009723711797103
3673.7   0.0009516550316181
3674.6   0.0009532530364809
3675.5   0.0009521918956290
3676.4   0.0009108951590216
3677.3   0.0008706167810313
3678.2   0.0008664202327268
3679.1   0.0008660041489755
3680.0   0.0008767516827871
3680.9   0.0009089696755978
3681.8   0.0009246992536878
3682.7   0.0009294557896243
3683.6   0.0009333702580368
3684.5   0.0009109185655004
3685.4   0.0008719642446414
3686.3   0.0008478922014799
3687.2   0.0008633153031969
3688.1   0.0009033621621182
3689.0   0.0009345766463437
3689.9   0.0009572117014170
3690.8   0.0009839135438016
3691.7   0.0010002197981309
3692.6   0.0009875800873956
3693.5   0.0009634348547911
3694.4   0.0009638244913427
3695.3   0.0009736683653552
3696.2   0.0009687503883575
3697.1   0.0009649730352396
3698.0   0.0009954288949776
3698.9   0.0010397512195159
3699.8   0.0010420217893955
3700.7   0.0010089620119186
3701.6   0.0009633364202938
3702.5   0.0009011008558299
3703.4   0.0008304381103981
3704.3   0.0007937562687085
3705.2   0.0007955348075307
3706.1   0.0008217521853027
3707.0   0.0008641012941718
3707.9   0.0008933392391495
3708.8   0.0008975374138860
3709.7   0.0008883050783307
3710.6   0.0008883028861831
3711.5   0.0009128770725666
3712.4   0.0009705425750662
3713.3   0.0010378915005192
3714.2   0.0010692065406751
3715.1   0.0010669993309316
3716.0   0.0010659584144089
3716.9   0.0010619736558453
3717.8   0.0010126597405797
3718.7   0.0009027802530105
3719.6   0.0007798644174251
3720.5   0.0007122875086250
3721.4   0.0007186529394477
3722.3   0.0007966185770027
3723.2   0.0009174135451730
3724.1   0.0010116063076015
3725.0   0.0010364797574852
3725.9   0.0009982236709839
3726.8   0.0009535716757371
3727.7   0.0009648934107828
3728.6   0.0010093740649470
3729.5   0.0010120421206809
3730.4   0.0009614803784479
3731.3   0.0008904088328518
3732.2   0.0008008791218732
3733.1   0.0007019408549606
3734.0   0.0006392365244892
3734.9   0.0006375371151228
3735.8   0.0006808317467381
3736.7   0.0007544658421271
3737.6   0.0008573050709947
3738.5   0.0009526645509305
3739.4   0.0010210429371673
3740.3   0.0010690077623908
3741.2   0.0010664144518175
3742.1   0.0010108938596418
3743.0   0.0009479099949983
3743.9   0.0008986438826925
3744.8   0.0008609472181077
3745.7   0.0008399096021817
3746.6   0.0008237328259878
3747.5   0.0007632007016133
3748.4   0.0006749393247891
3749.3   0.0006518229165385
3750.2   0.0007354372233758
3751.1   0.0008633936547938
3752.0   0.0009620818754549
3752.9   0.0010402177226613
3753.8   0.0011147696914514
3754.7   0.0011610691916674
3755.6   0.0011453678993525
3756.5   0.0010515211426676
3757.4   0.0009379872036733
3758.3   0.0008973704570987
3759.2   0.0009320186929893
3760.1   0.0009732611209086
3761.0   0.0009997825707626
3761.9   0.0010224188279814
3762.8   0.0010231184059134
3763.7   0.0010139741805474
3764.6   0.0010203477435304
3765.5   0.0009966188068206
3766.4   0.0009459087764117
3767.3   0.0009140109785749
3768.2   0.0008841479179680
3769.1   0.0008176314428754
3770.0   0.0007633341397572
3770.9   0.0008105420376397
3771.8   0.0009295950263521
3772.7   0.0010167098392837
3773.6   0.0010383889058739
3774.5   0.0010319488006050
3775.4   0.0010513068779214
3776.3   0.0010923870869207
3777.2   0.0011154761993983
3778.1   0.0011241561844809
3779.0   0.0011565095247254
3779.9   0.0011991040126932
3780.8   0.0012098711344041
3781.7   0.0012040738233738
3782.6   0.0012011838657344
3783.5   0.0012057091654597
3784.4   0.0011930269553474
3785.3   0.0011340499828864
3786.2   0.0010790120167479
3787.1   0.0010719880930815
3788.0   0.0010712143357043
3788.9   0.0010583858881348
3789.8   0.0010548842506095
3790.7   0.0010573494973361
3791.6   0.0010446398500220
3792.5   0.0010034065442652
3793.4   0.0009566254080141
3794.3   0.0009277912424756
3795.2   0.0008920026655628
3796.1   0.0008249811479563
3797.0   0.0007464526941918
3797.9   0.0007226581344838
3798.8   0.0007986120877155
3799.7   0.0009245699876957
3800.6   0.0010264813724264
3801.5   0.0010889208773286
3802.4   0.0011296594648794
3803.3   0.0011526089870571
3804.2   0.0011549311784762
3805.1   0.0011427053593447
3806.0   0.0011249353161554
3806.9   0.0011265443524705
3807.8   0.0011612411691798
3808.7   0.0012047997777910
3809.6   0.0012301120107607
3810.5   0.0012231621958249
3811.4   0.0011715721242391
3812.3   0.0010896989482865
3813.2   0.0010151577280909
3814.1   0.0009766177938367
3815.0   0.0009776229288539
3815.9   0.0010239721413196
3816.8   0.0011061034249697
3817.7   0.0011468990083573
3818.6   0.0010919148559058
3819.5   0.0009965820353130
3820.4   0.0009695600686690
3821.3   0.0010402136212239
3822.2   0.0011055824009928
3823.1   0.0010801172834089
3824.0   0.0009935292223237
3824.9   0.0009188919719217
3825.8   0.0008934914873339
3826.7   0.0008987793008407
3827.6   0.0008898708374099
3828.5   0.0008738889502063
3829.4   0.0008772652817480
3830.3   0.0008599666917147
3831.2   0.0007835678032411
3832.1   0.0007032748121131
3833.0   0.0006695403481862
3833.9   0.0006551578094197
3834.8   0.0006555855610533
3835.7   0.0006851811089424
3836.6   0.0007059919436667
3837.5   0.0006978218803943
3838.4   0.0007203392666432
3839.3   0.0007952281190145
3840.2   0.0008714967514938
3841.1   0.0009553681760265
3842.0   0.0010395182861582
3842.9   0.0010908242978478
3843.8   0.0011256343283719
3844.7   0.0011480700394453
3845.6   0.0011575915263364
3846.5   0.0011944133826126
3847.4   0.0012422959669450
3848.3   0.0012379505647493
3849.2   0.0012010329611244
3850.1   0.0011938905200604
3851.0   0.0012329196567945
3851.9   0.0012672038547600
3852.8   0.0012687054051298
3853.7   0.0012443690314002
3854.6   0.0011930600497042
3855.5   0.0011443538543161
3856.4   0.0011301377066215
3857.3   0.0011161472794120
3858.2   0.0010558024775829
3859.1   0.0010046603112453
3860.0   0.0010431820718891
3860.9   0.0011437230815319
3861.8   0.0012327908150891
3862.7   0.0012666036306129
3863.6   0.0012555355482552
3864.5   0.0012416289883688
3865.4   0.0012451577802382
3866.3   0.0012563269842418
3867.2   0.0012632311176508
3868.1   0.0012700904181063
3869.0   0.0012668874783658
3869.9   0.0012206993533892
3870.8   0.0011277466393400
3871.7   0.0010341569296361
3872.6   0.0010100894829131
3873.5   0.0010690830732669
3874.4   0.0011440925644688
3875.3   0.0011739947301597
3876.2   0.0011447091236510
3877.1   0.0010757331297013
3878.0   0.0010331844646891
3878.9   0.0010741296798268
3879.8   0.0011462832977483
3880.7   0.0011648755377047
3881.6   0.0011358539789062
3882.5   0.0011012514245423
3883.4   0.0010694529804904
3884.3   0.0010227291229339
3885.2   0.0009490430524333
3886.1   0.0008688024607036
3887.0   0.0008021441324490
3887.9   0.0007417926834628
3888.8   0.0007181522105145
3889.7   0.0007744875037268
3890.6   0.0008780300583916
3891.5   0.0009607207639583
3892.4   0.0009958867709617
3893.3   0.0010016761619750
3894.2   0.0010125799039795
3895.1   0.0010439674264340
3896.0   0.0010940732726873
3896.9   0.0011286948492349
3897.8   0.0011194555836647
3898.7   0.0011016860354764
3899.6   0.0011123464491008
3900.5   0.0011340274956952
3901.4   0.0011268688610250
3902.3   0.0010978077021415
3903.2   0.0010795584272079
3904.1   0.0010534652239885
3905.0   0.0010103098998154
3905.9   0.0010194660759214
3906.8   0.0010991089892238
3907.7   0.0011732448035481
3908.6   0.0012051984657907
3909.5   0.0012080427419033
3910.4   0.0012110785127132
3911.3   0.0012308031736746
3912.2   0.0012371239129727
3913.1   0.0012155653437843
3914.0   0.0011935516564750
3914.9   0.0011805256327667
3915.8   0.0011701219832654
3916.7   0.0011638490469272
3917.6   0.0011515185704279
3918.5   0.0011270865907786
3919.4   0.0011011191178294
3920.3   0.0010824646491679
3921.2   0.0010792276957829
3922.1   0.0010892432644500
3923.0   0.0011038672223068
3923.9   0.0011057516206422
3924.8   0.0010753424324331
3925.7   0.0010210773750985
3926.6   0.0009425759342492
3927.5   0.0008292610685828
3928.4   0.0007046265893039
3929.3   0.0005908587269497
3930.2   0.0004805015987112
3931.1   0.0003759712340663
3932.0   0.0002895699474896
3932.9   0.0002286140138114
3933.8   0.0002170750970490
3934.7   0.0002707793358569
3935.6   0.0003753584934638
3936.5   0.0005065413418157
3937.4   0.0006389249566768
3938.3   0.0007625603116656
3939.2   0.0008715799116725
3940.1   0.0009504721205045
3941.0   0.0009933237968822
3941.9   0.0010090485663904
3942.8   0.0010044260343133
3943.7   0.0010044358636201
3944.6   0.0010535157140970
3945.5   0.0011321418244999
3946.4   0.0011649874079451
3947.3   0.0011439036862058
3948.2   0.0011249293761426
3949.1   0.0011362240275586
3950.0   0.0011655890463809
3950.9   0.0011774495547273
3951.8   0.0011562321119863
3952.7   0.0011483253892798
3953.6   0.0011770991646886
3954.5   0.0011894717162783
3955.4   0.0011565839163138
3956.3   0.0011253422777442
3957.2   0.0011375369825232
3958.1   0.0011704415418093
3959.0   0.0011694135660287
3959.9   0.0011074096620626
3960.8   0.0010115640910822
3961.7   0.0009332469320575
3962.6   0.0008886157268554
3963.5   0.0008404464661926
3964.4   0.0007490239418605
3965.3   0.0006146322844697
3966.2   0.0004635561919369
3967.1   0.0003320478096711
3968.0   0.0002616410858609
3968.9   0.0002738213118587
3969.8   0.0003588704323152
3970.7   0.0004837294299338
3971.6   0.0006167108646511
3972.5   0.0007363425096070
3973.4   0.0008332891750967
3974.3   0.0009124211058724
3975.2   0.0009741467485262
3976.1   0.0010198811696706
3977.0   0.0010592732836134
3977.9   0.0011052622767334
3978.8   0.0011648526262269
3979.7   0.0012162443438150
3980.6   0.0012161300692837
3981.5   0.0011753263537358
3982.4   0.0011594574682036
3983.3   0.0011817947447798
3984.2   0.0012049764224564
3985.1   0.0012099070573385
3986.0   0.0012097087740552
3986.9   0.0012276742012359
3987.8   0.0012551887646528
3988.7   0.0012529483898380
3989.6   0.0012341284493923
3990.5   0.0012426023018891
3991.4   0.0012714151823819
3992.3   0.0012881392883235
3993.2   0.0012889471300596
3994.1   0.0012730540601897
3995.0   0.0012485082302957
3995.9   0.0012274080320924
3996.8   0.0012058479071864
3997.7   0.0012036250695522
3998.6   0.0012334360136185
3999.5   0.0012694112766468
4000.4   0.0012898881977963
4001.3   0.0013119004708169
4002.2   0.0013317382748786
4003.1   0.0013163655218413
4004.0   0.0012556390741920
4004.9   0.0011885572371701
4005.8   0.0011674069731449
4006.7   0.0012028777593747
4007.6   0.0012603482314552
4008.5   0.0012981286926487
4009.4   0.0013054845498857
4010.3   0.0013069597944847
4011.2   0.0013060013309963
4012.1   0.0012906905238063
4013.0   0.0012811205975254
4013.9   0.0012944504104581
4014.8   0.0013132321651074
4015.7   0.0013103221245678
4016.6   0.0012909702701218
4017.5   0.0012885342991724
4018.4   0.0013144050347709
4019.3   0.0013441445572551
4020.2   0.0013518059008629
4021.1   0.0013453336912392
4022.0   0.0013359746354115
4022.9   0.0013188584886274
4023.8   0.0012972403778825
4024.7   0.0012929744587147
4025.6   0.0013147276340356
4026.5   0.0013429653232923
4027.4   0.0013569325561662
4028.3   0.0013379386582038
4029.2   0.0012809863815227
4030.1   0.0012264523971816
4031.0   0.0012108332750433
4031.9   0.0012170841484769
4032.8   0.0012245643216953
4033.7   0.0012372625132706
4034.6   0.0012602640812744
4035.5   0.0012943246801879
4036.4   0.0013371851251558
4037.3   0.0013709966678198
4038.2   0.0013773438543176
4039.1   0.0013619828398768
4040.0   0.0013393376726390
4040.9   0.0013238565850831
4041.8   0.0013255306786808
4042.7   0.0013194952014244
4043.6   0.0012636821343344
4044.5   0.0011743097629796
4045.4   0.0011294620301694
4046.3   0.0011816410823067
4047.2   0.0012784948290253
4048.1   0.0013329804446910
4049.0   0.0013462464732009
4049.9   0.0013551594623557
4050.8   0.0013618757782182
4051.7   0.0013538898553415
4052.6   0.0013323244975671
4053.5   0.0013107662112364
4054.4   0.0012956494444635
4055.3   0.0012894067739046
4056.2   0.0012841406697301
4057.1   0.0012695835370170
4058.0   0.0012662585441570
4058.9   0.0012907828768619
4059.8   0.0013300340569304
4060.7   0.0013456428547608
4061.6   0.0013036609659666
4062.5   0.0012281489779705
4063.4   0.0011916563681161
4064.3   0.0012299191017747
4065.2   0.0012800990567586
4066.1   0.0012800761452808
4067.0   0.0012714100909424
4067.9   0.0013058664078492
4068.8   0.0013491313394007
4069.7   0.0013383779362907
4070.6   0.0012791082060578
4071.5   0.0012401008493704
4072.4   0.0012690864145201
4073.3   0.0013219743081807
4074.2   0.0013278742965746
4075.1   0.0012906315479653
4076.0   0.0012321582037295
4076.9   0.0011790122023713
4077.8   0.0011762899086637
4078.7   0.0012258562744719
4079.6   0.0012905725721242
4080.5   0.0013379233838853
4081.4   0.0013508700659945
4082.3   0.0013281574371831
4083.2   0.0012857966604318
4084.1   0.0012574773667141
4085.0   0.0012695197525942
4085.9   0.0013143087217067
4086.8   0.0013602859762301
4087.7   0.0013771624010705
4088.6   0.0013697618523089
4089.5   0.0013601642059684
4090.4   0.0013484925051707
4091.3   0.0013275242601081
4092.2   0.0013126425481260
4093.1   0.0013146945396787
4094.0   0.0013113582325087
4094.9   0.0012814552182445
4095.8   0.0012411457259017
4096.7   0.0012080950705872
4097.6   0.0011763167094356
4098.5   0.0011298364631169
4099.4   0.0010448966848597
4100.3   0.0009229726192628
4101.2   0.0008247958054151
4102.1   0.0008314039989024
4103.0   0.0009428709548832
4103.9   0.0010757221689635
4104.8   0.0011718585177117
4105.7   0.0012246996691291
4106.6   0.0012442957712428
4107.5   0.0012477868016025
4108.4   0.0012490052113638
4109.3   0.0012570880130202
4110.2   0.0012782642999584
4111.1   0.0013014016396826
4112.0   0.0013131845035764
4112.9   0.0013247767213462
4113.8   0.0013429718290205
4114.7   0.0013636924321223
4115.6   0.0013829506606528
4116.5   0.0013828205460875
4117.4   0.0013524123478805
4118.3   0.0013095803301164
4119.2   0.0012842229813356
4120.1   0.0012893282808787
4121.0   0.0013099026465234
4121.9   0.0013243648804611
4122.8   0.0013369568589510
4123.7   0.0013554827687648
4124.6   0.0013609764319997
4125.5   0.0013436839234080
4126.4   0.0013226493482029
4127.3   0.0013151957636131
4128.2   0.0013250232318760
4129.1   0.0013405234123301
4130.0   0.0013407588914076
4130.9   0.0013138451178533
4131.8   0.0012725515633955
4132.7   0.0012498363888644
4133.6   0.0012601984582762
4134.5   0.0012943313273450
4135.4   0.0013334721928907
4136.3   0.0013570012905996
4137.2   0.0013679016383111
4138.1   0.0013820337772538
4139.0   0.0013958880084563
4139.9   0.0013975731335063
4140.8   0.0013836122649318
4141.7   0.0013446306482998
4142.6   0.0012873778352585
4143.5   0.0012668804069220
4144.4   0.0013089553559162
4145.3   0.0013595908533077
4146.2   0.0013747796073782
4147.1   0.0013668683589477
4148.0   0.0013493570598858
4148.9   0.0013238578579429
4149.8   0.0013130098389153
4150.7   0.0013253541754444
4151.6   0.0013316344660841
4152.5   0.0013181253213375
4153.4   0.0012923516059475
4154.3   0.0012734509096140
4155.2   0.0012807398709929
4156.1   0.0012947877183258
4157.0   0.0013060552153978
4157.9   0.0013308196943331
4158.8   0.0013589059132643
4159.7   0.0013704110108469
4160.6   0.0013681453202634
4161.5   0.0013696154734229
4162.4   0.0013778730811692
4163.3   0.0013806069013301
4164.2   0.0013816698807574
4165.1   0.0013811474424918
4166.0   0.0013585753939825
4166.9   0.0013303164903945
4167.8   0.0013370827306501
4168.7   0.0013664231408480
4169.6   0.0013634046243610
4170.5   0.0013157995234820
4171.4   0.0012559230633737
4172.3   0.0012162017737235
4173.2   0.0012176027681629
4174.1   0.0012501809096048
4175.0   0.0012802319999015
4175.9   0.0012869969672971
4176.8   0.0012797682546191
4177.7   0.0012854074481668
4178.6   0.0013119320094561
4179.5   0.0013407579014055
4180.4   0.0013473965728154
4181.3   0.0013255974331100
4182.2   0.0013067088996598
4183.1   0.0013125664593910
4184.0   0.0013221554785701
4184.9   0.0013205106607495
4185.8   0.0013010622103817
4186.7   0.0012679428206338
4187.6   0.0012571396345597
4188.5   0.0012884313389511
4189.4   0.0013307496870398
4190.3   0.0013415456602413
4191.2   0.0013310387676611
4192.1   0.0013431685565862
4193.0   0.0013744063765761
4193.9   0.0013737529751719
4194.8   0.0013351547722210
4195.7   0.0013076276216342
4196.6   0.0012973888782017
4197.5   0.0012726552307612
4198.4   0.0012448172195063
4199.3   0.0012493440749492
4200.2   0.0012721697054320
4201.1   0.0012744370931620
4202.0   0.0012702188355252
4202.9   0.0012870395373886
4203.8   0.0013077754148089
4204.7   0.0013160366997060
4205.6   0.0013211217749200
4206.5   0.0013295742716566
4207.4   0.0013392423495770
4208.3   0.0013412118880954
4209.2   0.0013344172206359
4210.1   0.0013325906667105
4211.0   0.0013436676590874
4211.9   0.0013595936818852
4212.8   0.0013627885601798
4213.7   0.0013450646935183
4214.6   0.0013052687294219
4215.5   0.0012642027340246
4216.4   0.0012623667043645
4217.3   0.0012923606573956
4218.2   0.0013163573189665
4219.1   0.0013298651908532
4220.0   0.0013453618355854
4220.9   0.0013561713859590
4221.8   0.0013451778366186
4222.7   0.0013143876390192
4223.6   0.0012683420743490
4224.5   0.0011943893397038
4225.4   0.0010980327861966
4226.3   0.0010377369187584
4227.2   0.0010852094300667
4228.1   0.0012134470220890
4229.0   0.0013135874344423
4229.9   0.0013470763778416
4230.8   0.0013492251067451
4231.7   0.0013391665436998
4232.6   0.0013200691198006
4233.5   0.0013086177651907
4234.4   0.0013024453847828
4235.3   0.0012768842369925
4236.2   0.0012483965014842
4237.1   0.0012440303092437
4238.0   0.0012568180252971
4238.9   0.0012744641060772
4239.8   0.0012967726725917
4240.7   0.0013193543382645
4241.6   0.0013240483626381
4242.5   0.0013146423524237
4243.4   0.0013124312533862
4244.3   0.0013176478574543
4245.2   0.0013081011255089
4246.1   0.0012712733292199
4247.0   0.0012361125550849
4247.9   0.0012342237724543
4248.8   0.0012387322421434
4249.7   0.0012325375159733
4250.6   0.0012536176312763
4251.5   0.0013039733823523
4252.4   0.0013306991969313
4253.3   0.0013100982426580
4254.2   0.0012777988575296
4255.1   0.0012800290494653
4256.0   0.0013208085099611
4256.9   0.0013514561472541
4257.8   0.0013305371194401
4258.7   0.0012777650560284
4259.6   0.0012295595895735
4260.5   0.0012164989157907
4261.4   0.0012553741779084
4262.3   0.0013095340828742
4263.2   0.0013422741603783
4264.1   0.0013530221891911
4265.0   0.0013561180672729
4265.9   0.0013490129634320
4266.8   0.0013207140354723
4267.7   0.0012975032941618
4268.6   0.0012957589104130
4269.5   0.0012741430625301
4270.4   0.0012122467152237
4271.3   0.0011650556473774
4272.2   0.0011786527608845
4273.1   0.0012094700421136
4274.0   0.0012159726589454
4274.9   0.0012269017167186
4275.8   0.0012724109830934
4276.7   0.0013249588817377
4277.6   0.0013400465141623
4278.5   0.0013189953917788
4279.4   0.0012838073218709
4280.3   0.0012656994758127
4281.2   0.0012688486725806
4282.1   0.0012689826057255
4283.0   0.0012712389620032
4283.9   0.0012761274510804
4284.8   0.0012609171998208
4285.7   0.0012396774113175
4286.6   0.0012346095904264
4287.5   0.0012247914564692
4288.4   0.0011807664861414
4289.3   0.0011253407927411
4290.2   0.0011140467777549
4291.1   0.0011595838349038
4292.0   0.0012243999813422
4292.9   0.0012571592931733
4293.8   0.0012434596437316
4294.7   0.0012177966671511
4295.6   0.0011968991365262
4296.5   0.0011632306491697
4297.4   0.0011124868172596
4298.3   0.0010479861279277
4299.2   0.0009921106199892
4300.1   0.0009802977731738
4301.0   0.0009956800019459
4301.9   0.0010038521866515
4302.8   0.0010111258029974
4303.7   0.0010350289800817
4304.6   0.0010634303732616
4305.5   0.0010716077908356
4306.4   0.0010459273477889
4307.3   0.0009928685373324
4308.2   0.0009551682663112
4309.1   0.0009659186287004
4310.0   0.0010007180520588
4310.9   0.0010300790401581
4311.8   0.0010612586621658
4312.7   0.0011056634397384
4313.6   0.0011521000552490
4314.5   0.0012020185789569
4315.4   0.0012732604049189
4316.3   0.0013464492822082
4317.2   0.0013848301089776
4318.1   0.0013850368779934
4319.0   0.0013662822776881
4319.9   0.0013396653633432
4320.8   0.0013092326979408
4321.7   0.0012733362107961
4322.6   0.0012148770094479
4323.5   0.0011452543319656
4324.4   0.0011014316049296
4325.3   0.0011041538986371
4326.2   0.0011634383374731
4327.1   0.0012519852591968
4328.0   0.0013120003196029
4328.9   0.0013249909860924
4329.8   0.0013145999237611
4330.7   0.0013077078118065
4331.6   0.0013105075378234
4332.5   0.0013125056449746
4333.4   0.0013049836088091
4334.3   0.0012869781572567
4335.2   0.0012570076814189
4336.1   0.0012005147657250
4337.0   0.0011133823448985
4337.9   0.0010129483261999
4338.8   0.0009015434574954
4339.7   0.0008024040787219
4340.6   0.0007935953226483
4341.5   0.0008964401379565
4342.4   0.0010254545280768
4343.3   0.0011106804876634
4344.2   0.0011632866550043
4345.1   0.0012122860324511
4346.0   0.0012546489306355
4346.9   0.0012780807252782
4347.8   0.0012908804627859
4348.7   0.0013047204096720
4349.6   0.0012904819162151
4350.5   0.0012214038106174
4351.4   0.0011528999062537
4352.3   0.0011596145249697
4353.2   0.0012237314470483
4354.1   0.0012713092521543
4355.0   0.0012847066680893
4355.9   0.0012979041035946
4356.8   0.0013142264101013
4357.7   0.0013106618367264
4358.6   0.0012930956632609
4359.5   0.0012946403494377
4360.4   0.0013283827333816
4361.3   0.0013579565012239
4362.2   0.0013562918833608
4363.1   0.0013480704814065
4364.0   0.0013578262452297
4364.9   0.0013663531335547
4365.8   0.0013438891367062
4366.7   0.0013046487052322
4367.6   0.0012896218872240
4368.5   0.0012999436494064
4369.4   0.0012979701508794
4370.3   0.0012862679014446
4371.2   0.0012907264467407
4372.1   0.0013018219663002
4373.0   0.0012892912265134
4373.9   0.0012506373005856
4374.8   0.0012228678823353
4375.7   0.0012425897147192
4376.6   0.0012946614223401
4377.5   0.0013283247475427
4378.4   0.0013321322957254
4379.3   0.0013278601536871
4380.2   0.0013275552330318
4381.1   0.0013117228361494
4382.0   0.0012437112457009
4382.9   0.0011442484898039
4383.8   0.0011017030776558
4384.7   0.0011538500254384
4385.6   0.0012371588459049
4386.5   0.0012843890188353
4387.4   0.0012897398389061
4388.3   0.0012828211383229
4389.2   0.0012827818210955
4390.1   0.0012867551239202
4391.0   0.0012947229439009
4391.9   0.0013099353165936
4392.8   0.0013120806512041
4393.7   0.0012841914426964
4394.6   0.0012531244687879
4395.5   0.0012633948922885
4396.4   0.0013111810221279
4397.3   0.0013413250311957
4398.2   0.0013268965987592
4399.1   0.0012923690016992
4400.0   0.0012679631863919
4400.9   0.0012712174648142
4401.8   0.0012978350863035
4402.7   0.0013140213382320
4403.6   0.0012862666285847
4404.5   0.0012479911663274
4405.4   0.0012606247249066
4406.3   0.0012978703020934
4407.2   0.0013021650727518
4408.1   0.0012904099289176
4409.0   0.0012998689749602
4409.9   0.0013283018360649
4410.8   0.0013536405162342
4411.7   0.0013712885770185
4412.6   0.0013742027189956
4413.5   0.0013402976918450
4414.4   0.0012837480631721
4415.3   0.0012562818684305
4416.2   0.0012698417861434
4417.1   0.0012894798926331
4418.0   0.0013110753747580
4418.9   0.0013486890913074
4419.8   0.0013801580060797
4420.7   0.0013767802602492
4421.6   0.0013495969232584
4422.5   0.0013298404408000
4423.4   0.0013299670196435
4424.3   0.0013347340213168
4425.2   0.0013289135159508
4426.1   0.0013197916363471
4427.0   0.0013222816331269
4427.9   0.0013381895530287
4428.8   0.0013476985234643
4429.7   0.0013392310352670
4430.6   0.0013323789476841
4431.5   0.0013342588202955
4432.4   0.0013252891181617
4433.3   0.0012940651582015
4434.2   0.0012597027500680
4435.1   0.0012553033220418
4436.0   0.0012947622611283
4436.9   0.0013512274567626
4437.8   0.0013836398435625
4438.7   0.0013866447828775
4439.6   0.0013718344924775
4440.5   0.0013409699032896
4441.4   0.0013022579915229
4442.3   0.0012702369384212
4443.2   0.0012623338928654
4444.1   0.0012919543322366
4445.0   0.0013373694069804
4445.9   0.0013597451522107
4446.8   0.0013539525083332
4447.7   0.0013452502482028
4448.6   0.0013446570954995
4449.5   0.0013396336832751
4450.4   0.0013332188937749
4451.3   0.0013400456655891
4452.2   0.0013447386999605
4453.1   0.0013168016884929
4454.0   0.0012641768525404
4454.9   0.0012328347994693
4455.8   0.0012457751172792
4456.7   0.0012789889815158
4457.6   0.0012980509067673
4458.5   0.0012964154232525
4459.4   0.0012941191840319
4460.3   0.0012956737702300
4461.2   0.0012926917423928
4462.1   0.0013009035271835
4463.0   0.0013236144588484
4463.9   0.0013333010639515
4464.8   0.0013269412902838
4465.7   0.0013203484418295
4466.6   0.0013137213675873
4467.5   0.0012987019038806
4468.4   0.0012772666606715
4469.3   0.0012689693114112
4470.2   0.0012931768434353
4471.1   0.0013363431990607
4472.0   0.0013681719088920
4472.9   0.0013800382158223
4473.8   0.0013775482190425
4474.7   0.0013607085657097
4475.6   0.0013434116728229
4476.5   0.0013512548939644
4477.4   0.0013715499375802
4478.3   0.0013680939815816
4479.2   0.0013359781711334
4480.1   0.0012947100738732
4481.0   0.0012652809877704
4481.9   0.0012651057573938
4482.8   0.0012931144733013
4483.7   0.0013288723601481
4484.6   0.0013559172382699
4485.5   0.0013685202482120
4486.4   0.0013686646470938
4487.3   0.0013537847736871
4488.2   0.0013236749904071
4489.1   0.0013006960510233
4490.0   0.0013062967759169
4490.9   0.0013309355245820
4491.8   0.0013521502801744
4492.7   0.0013567189985644
4493.6   0.0013433191783384
4494.5   0.0013285824309536
4495.4   0.0013245852266490
4496.3   0.0013298742423012
4497.2   0.0013479686526163
4498.1   0.0013725464454361
4499.0   0.0013822276762419
4499.9   0.0013706586528076
4500.8   0.0013464487164927
4501.7   0.0013432635967904
4502.6   0.0013725174525166
4503.5   0.0014030601495841
4504.4   0.0014144730355400
4505.3   0.0014124849698389
4506.2   0.0014032314199522
4507.1   0.0013920371830377
4508.0   0.0013858840369569
4508.9   0.0013907531502782
4509.8   0.0013971826483814
4510.7   0.0013918199482851
4511.6   0.0013783463021862
4512.5   0.0013667289100766
4513.4   0.0013601117358557
4514.3   0.0013516409947942
4515.2   0.0013478079894139
4516.1   0.0013540749857393
4517.0   0.0013521340158537
4517.9   0.0013429453818208
4518.8   0.0013459295310912
4519.7   0.0013569714491069
4520.6   0.0013624803866604
4521.5   0.0013527530500412
4522.4   0.0013338144507691
4523.3   0.0013302105601669
4524.2   0.0013347102612657
4525.1   0.0013240265825913
4526.0   0.0013052022578504
4526.9   0.0012891394733301
4527.8   0.0012748562883486
4528.7   0.0012657129115558
4529.6   0.0012741884611991
4530.5   0.0012909588143829
4531.4   0.0012979041035946
4532.3   0.0012848413083787
4533.2   0.0012533813036255
4534.1   0.0012295379509555
4535.0   0.0012348702438437
4535.9   0.0012752544106328
4536.8   0.0013342233216478
4537.7   0.0013732739555710
4538.6   0.0013798595911527
4539.5   0.0013736208806023
4540.4   0.0013634374358600
4541.3   0.0013567389400358
4542.2   0.0013605204653055
4543.1   0.0013589265618801
4544.0   0.0013453304383751
4544.9   0.0013354984443881
4545.8   0.0013372886510926
4546.7   0.0013351411950490
4547.6   0.0013098428221091
4548.5   0.0012678272732426
4549.4   0.0012480153506651
4550.3   0.0012738053303757
4551.2   0.0013101859285608
4552.1   0.0013166964654096
4553.0   0.0012982251471417
4553.9   0.0012803690444817
4554.8   0.0012792490692176
4555.7   0.0012963000172902
4556.6   0.0013248953801727
4557.5   0.0013493680913381
4558.4   0.0013580109513409
4559.3   0.0013611198408793
4560.2   0.0013710482893593
4561.1   0.0013789441220424
4562.0   0.0013644316808539
4562.9   0.0013303831033948
4563.8   0.0013110258746516
4564.7   0.0013209171273373
4565.6   0.0013416862405434
4566.5   0.0013594221286594
4567.4   0.0013713437342799
4568.3   0.0013708454803520
4569.2   0.0013546426812451
4570.1   0.0013249334245401
4571.0   0.0012931549219597
4571.9   0.0012841751783757
4572.8   0.0013104559162839
4573.7   0.0013468332616048
4574.6   0.0013646153969630
4575.5   0.0013645555725487
4576.4   0.0013604593680313
4577.3   0.0013560474942641
4578.2   0.0013468590016601
4579.1   0.0013315975531476
4580.0   0.0013175546558254
4580.9   0.0013090649632946
4581.8   0.0013007915155142
4582.7   0.0012917137617196
4583.6   0.0012894780540577
4584.5   0.0012962821972519
4585.4   0.0013070097188777
4586.3   0.0013194892614116
4587.2   0.0013378700651992
4588.1   0.0013533725085154
4589.0   0.0013516999706352
4589.9   0.0013375361516245
4590.8   0.0013225913623640
4591.7   0.0013113571010777
4592.6   0.0013100067381757
4593.5   0.0013211277149328
4594.4   0.0013309585774887
4595.3   0.0013334207127801
4596.2   0.0013380532155929
4597.1   0.0013436376761658
4598.0   0.0013427380470895
4598.9   0.0013367021455464
4599.8   0.0013275437772929
4600.7   0.0013206807996866
4601.6   0.0013194652185028
4602.5   0.0013216737718206
4603.4   0.0013283089075086
4604.3   0.0013366710311939
4605.2   0.0013412141509574
4606.1   0.0013445361738110
4607.0   0.0013508089687204
4607.9   0.0013569776719774
4608.8   0.0013574216172172
4609.7   0.0013481673601862
4610.6   0.0013363055789799
4611.5   0.0013353216582939
4612.4   0.0013409307274912
4613.3   0.0013405238366167
4614.2   0.0013365670809705
4615.1   0.0013314948757841
4616.0   0.0013256746532760
4616.9   0.0013240455340606
4617.8   0.0013208775272522
4618.7   0.0013142817087915
4619.6   0.0013163146074461
4620.5   0.0013294853128940
4621.4   0.0013405130880222
4622.3   0.0013411032707191
4623.2   0.0013384633593314
4624.1   0.0013333983670178
4625.0   0.0013239175409283
4625.9   0.0013204115191079
4626.8   0.0013276914290388
4627.7   0.0013319365581619
4628.6   0.0013239441295569
4629.5   0.0013197288419265
4630.4   0.0013277672349160
4631.3   0.0013321280528592
4632.2   0.0013269247431054
4633.1   0.0013226131424108
4634.0   0.0013243872262235
4634.9   0.0013260157797234
4635.8   0.0013227219012160
4636.7   0.0013168448242999
4637.6   0.0013134264883822
4638.5   0.0013177089547284
4639.4   0.0013287092926548
4640.3   0.0013404273821237
4641.2   0.0013506997856286
4642.1   0.0013523977807063
4643.0   0.0013426650697898
4643.9   0.0013316790161799
4644.8   0.0013209042573097
4645.7   0.0013064339619260
4646.6   0.0012906893923753
4647.5   0.0012840555295471
4648.4   0.0012962482543218
4649.3   0.0013170544218932
4650.2   0.0013296558761177
4651.1   0.0013302003772879
4652.0   0.0013257766234951
4652.9   0.0013174842242454
4653.8   0.0012999133836270
4654.7   0.0012872269306485
4655.6   0.0012918819206524
4656.5   0.0013039145479402
4657.4   0.0013167932027604
4658.3   0.0013316511546914
4659.2   0.0013434118142518
4660.1   0.0013469858633613
4661.0   0.0013415016758610
4661.9   0.0013345191908551
4662.8   0.0013311067949501
4663.7   0.0013291361250007
4664.6   0.0013210958934358
4665.5   0.0012982186414135
4666.4   0.0012624017787256
4667.3   0.0012377853758228
4668.2   0.0012477375843538
4669.1   0.0012747594095690
4670.0   0.0012939660165599
4670.9   0.0013063233645455
4671.8   0.0013124192319318
4672.7   0.0013149032886988
4673.6   0.0013205331479407
4674.5   0.0013274826800187
4675.4   0.0013353690369672
4676.3   0.0013377869050205
4677.2   0.0013268844358759
4678.1   0.0013079233494126
4679.0   0.0012967982712181
4679.9   0.0012987089753244
4680.8   0.0013022434243488
4681.7   0.0013038968693308
4682.6   0.0013127786027041
4683.5   0.0013248549315143
4684.4   0.0013310773777440
4685.3   0.0013332765967561
4686.2   0.0013346791469131
4687.1   0.0013380714599178
4688.0   0.0013381417500688
4688.9   0.0013316077360267
4689.8   0.0013197825848991
4690.7   0.0013095349314474
4691.6   0.0013101707956711
4692.5   0.0013216801361200
4693.4   0.0013321485600461
4694.3   0.0013384456807220
4695.2   0.0013422380960151
4696.1   0.0013439974712247
4697.0   0.0013361717872638
4697.9   0.0013206600096419
4698.8   0.0013103593203620
4699.7   0.0013072319036409
4700.6   0.0012968218898403
4701.5   0.0012704669017726
4702.4   0.0012402237510631
4703.3   0.0012406405419588
4704.2   0.0012774878554326
4705.1   0.0013093674796590
4706.0   0.0013089262215678
4706.9   0.0012897010873942
4707.8   0.0012740395365933
4708.7   0.0012741340110821
4709.6   0.0012870399616752
4710.5   0.0013085703865174
4711.4   0.0013265046993455
4712.3   0.0013291085463700
4713.2   0.0013170050632157
4714.1   0.0013015324613923
4715.0   0.0013019124807804
4715.9   0.0013135987487524
4716.8   0.0013233260853715
4717.7   0.0013280629626944
4718.6   0.0013299728182274
4719.5   0.0013322727345987
4720.4   0.0013311400307358
4721.3   0.0013240871141499
4722.2   0.0013264906978869
4723.1   0.0013391038907080
4724.0   0.0013461527058565
4724.9   0.0013446825526970
4725.8   0.0013359559668000
4726.7   0.0013185412636600
4727.6   0.0013024036632646
4728.5   0.0012979398851001
4729.4   0.0013018486963576
4730.3   0.0013067749469446
4731.2   0.0013100375696705
4732.1   0.0013106300152294
4733.0   0.0013085487478995
4733.9   0.0013076692017235
4734.8   0.0013101536827772
4735.7   0.0013033889982393
4736.6   0.0012930699232056
4737.5   0.0012996367487468
4738.4   0.0013153661854079
4739.3   0.0013229983946673
4740.2   0.0013204990635817
4741.1   0.0013163921104698
4742.0   0.0013210147132613
4742.9   0.0013318806937561
4743.8   0.0013387066169971
4744.7   0.0013382099187868
4745.6   0.0013354963229550
4746.5   0.0013344167963493
4747.4   0.0013320129297546
4748.3   0.0013281284442637
4749.2   0.0013277342819880
4750.1   0.0013340049554642
4751.0   0.0013394782529411
4751.9   0.0013319204352701
4752.8   0.0013166889696792
4753.7   0.0013051314019839
4754.6   0.0012985392606739
4755.5   0.0012916781216430
4756.4   0.0012924572533174
4757.3   0.0013023216345169
4758.2   0.0013139864052998
4759.1   0.0013249229588034
4760.0   0.0013307519499018
4760.9   0.0013190871791189
4761.8   0.0012928618813299
4762.7   0.0012759294506549
4763.6   0.0012772711863956
4764.5   0.0012822909214691
4765.4   0.0012845180019696
4766.3   0.0012903614188133
4767.2   0.0013052253107571
4768.1   0.0013171750607239
4769.0   0.0013214522942017
4769.9   0.0013176365431442
4770.8   0.0013123073616913
4771.7   0.0013101770185416
4772.6   0.0013126359009688
4773.5   0.0013206363910197
4774.4   0.0013304859221872
4775.3   0.0013323783819686
4776.2   0.0013295014357858
4777.1   0.0013300356126480
4778.0   0.0013289593389065
4778.9   0.0013202430773173
4779.8   0.0013109577059337
4780.7   0.0013130905948032
4781.6   0.0013152183922331
4782.5   0.0013053486367364
4783.4   0.0012988484241955
4784.3   0.0013037913633897
4785.2   0.0013048143184453
4786.1   0.0012957589104130
4787.0   0.0012906155665024
4787.9   0.0012966264351345
4788.8   0.0012994421426143
4789.7   0.0013002489943483
4790.6   0.0013072357222205
4791.5   0.0013143767489958
4792.4   0.0013153535982380
4793.3   0.0013183943190585
4794.2   0.0013295615430578
4795.1   0.0013392634224794
4796.0   0.0013396659290587
4796.9   0.0013291402264381
4797.8   0.0013149974803298
4798.7   0.0013082496258281
4799.6   0.0013119491223500
4800.5   0.0013172549680385
4801.4   0.0013197630677143
4802.3   0.0013182190886819
4803.2   0.0013118233920798
4804.1   0.0013005532078592
4805.0   0.0012922558585989
4805.9   0.0012963838846133
4806.8   0.0013047827798061
4807.7   0.0013085914594198
4808.6   0.0013065847251072
4809.5   0.0013017796790664
4810.4   0.0013012793037054
4811.3   0.0013087618812147
4812.2   0.0013209659202993
4813.1   0.0013277359791345
4814.0   0.0013282230601813
4814.9   0.0013283014117782
4815.8   0.0013315013815124
4816.7   0.0013345959867344
4817.6   0.0013338440094040
4818.5   0.0013313831469726
4819.4   0.0013297253176955
4820.3   0.0013290021918557
4821.2   0.0013290785634484
4822.1   0.0013202771616763
4823.0   0.0013003774117671
4823.9   0.0012922458171488
4824.8   0.0013082622129980
4825.7   0.0013294435913757
4826.6   0.0013399482210940
4827.5   0.0013369043888382
4828.4   0.0013253188182255
4829.3   0.0013156339102690
4830.2   0.0013146211380924
4831.1   0.0013165657851288
4832.0   0.0013184945921311
4832.9   0.0013223154346281
4833.8   0.0013257532877307
4834.7   0.0013270286933288
4835.6   0.0013254476599310
4836.5   0.0013188517000414
4837.4   0.0013100174867702
4838.3   0.0013003455902702
4839.2   0.0012940962725541
4840.1   0.0012930803889423
4841.0   0.0012972755936725
4841.9   0.0013022540315144
4842.8   0.0013033362452688
4843.7   0.0013039742309256
4844.6   0.0013061519527486
4845.5   0.0013072990823567
4846.4   0.0013026592252424
4847.3   0.0012906435694197
4848.2   0.0012779179406426
4849.1   0.0012724247016943
4850.0   0.0012787212566547
4850.9   0.0012880398638241
4851.8   0.0012851291161401
4852.7   0.0012684134959310
4853.6   0.0012440041449018
4854.5   0.0012151287528461
4855.4   0.0011880527603717
4856.3   0.0011725588027881
4857.2   0.0011595104333174
4858.1   0.0011191532087291
4859.0   0.0010267457029945
4859.9   0.0008916123218668
4860.8   0.0007786475633814
4861.7   0.0007778136987322
4862.6   0.0008929762619409
4863.5   0.0010249754377615
4864.4   0.0011061858780040
4865.3   0.0011494525774165
4866.2   0.0011825905650615
4867.1   0.0012102405466266
4868.0   0.0012272476517478
4868.9   0.0012308219837150
4869.8   0.0012137653784875
4870.7   0.0011851903813630
4871.6   0.0011759744515572
4872.5   0.0011998158242230
4873.4   0.0012333648748942
4874.3   0.0012527967780836
4875.2   0.0012590315286255
4876.1   0.0012582931284672
4877.0   0.0012513526478372
4877.9   0.0012462018081962
4878.8   0.0012579626091855
4879.7   0.0012809187785203
4880.6   0.0012953235923346
4881.5   0.0012965647721449
4882.4   0.0012899840865738
4883.3   0.0012794870940149
4884.2   0.0012689970314708
4885.1   0.0012610829544628
4886.0   0.0012567781423542
4886.9   0.0012596620185519
4887.8   0.0012647282837255
4888.7   0.0012616126056010
4889.6   0.0012428070909006
4890.5   0.0012160602034193
4891.4   0.0012109745624898
4892.3   0.0012425663789548
4893.2   0.0012842409428027
4894.1   0.0013101398227474
4895.0   0.0013204226919890
4895.9   0.0013244476163532
4896.8   0.0013268155600136
4897.7   0.0013213852569148
4898.6   0.0013051611020477
4899.5   0.0012892649207426
4900.4   0.0012862096327479
4901.3   0.0012883128215536
4902.2   0.0012817558960336
4903.1   0.0012721141238840
4904.0   0.0012772899964360
4904.9   0.0012953885081884
4905.8   0.0013117666791008
4906.7   0.0013175491400992
4907.6   0.0013111681521002
4908.5   0.0012950332388535
4909.4   0.0012726583421964
4910.3   0.0012580351621985
4911.2   0.0012674980268208
4912.1   0.0012915596042455
4913.0   0.0013099822709802
4913.9   0.0013171708178576
4914.8   0.0013198791808210
4915.7   0.0013189837946110
4916.6   0.0013045904365356
4917.5   0.0012739169177584
4918.4   0.0012360603678299
4919.3   0.0012073297989426
4920.2   0.0011999663045463
4921.1   0.0012192212802127
4922.0   0.0012466693720582
4922.9   0.0012541837710644
4923.8   0.0012453689335491
4924.7   0.0012518589632110
4925.6   0.0012774916740123
4926.5   0.0012994159782724
4927.4   0.0013091260605687
4928.3   0.0013141985486128
4929.2   0.0013172906081151
4930.1   0.0013154801770814
4931.0   0.0013126755010539
4931.9   0.0013002951001617
4932.8   0.0012679247177378
4933.7   0.0012397758458148
4934.6   0.0012477313614833
4935.5   0.0012718307004178
4936.4   0.0012788478354982
4937.3   0.0012654265180832
4938.2   0.0012421002293815
4939.1   0.0012335925753836
4940.0   0.0012581826725155
4940.9   0.0012930208473858
4941.8   0.0013115948430172
4942.7   0.0013170426832965
4943.6   0.0013194268912775
4944.5   0.0013135782415654
4945.4   0.0013003382359687
4946.3   0.0012932355364186
4947.2   0.0013016983574631
4948.1   0.0013143077317046
4949.0   0.0013152014207681
4949.9   0.0013124004218913
4950.8   0.0013150384947036
4951.7   0.0013155947344705
4952.6   0.0013111934678689
4953.5   0.0013114201783561
4954.4   0.0013127814312816
4955.3   0.0012972173249758
4956.2   0.0012471216616016
4957.1   0.0011918222641870
4958.0   0.0011927138318173
4958.9   0.0012439495533559
4959.8   0.0012904205360832
4960.7   0.0013107375011747
4961.6   0.0013140876683745
4962.5   0.0013105894251422
4963.4   0.0013080657682901
4964.3   0.0013048690514201
4965.2   0.0012976369444491
4966.1   0.0012882529971393
4967.0   0.0012873836338424
4967.9   0.0012912544007324
4968.8   0.0012907113138510
4969.7   0.0012867059066716
4970.6   0.0012864656190123
4971.5   0.0012928599013256
4972.4   0.0012973488538299
4973.3   0.0012977803533287
4974.2   0.0013032805222919
4975.1   0.0013081646270740
4976.0   0.0013056221601814
4976.9   0.0012961218169072
4977.8   0.0012838969877778
4978.7   0.0012756054371014
4979.6   0.0012679633278207
4980.5   0.0012513734378819
4981.4   0.0012286094703887
4982.3   0.0012055342179408
4983.2   0.0011950117681843
4984.1   0.0012021626949809
4985.0   0.0012231841173006
4985.9   0.0012504749402367
4986.8   0.0012781197596478
4987.7   0.0012964738333780
4988.6   0.0012948625342009
4989.5   0.0012803987445455
4990.4   0.0012640327365164
4991.3   0.0012596914357580
4992.2   0.0012682647127541
4993.1   0.0012725719291536
4994.0   0.0012721190738946
4994.9   0.0012810678445549
4995.8   0.0012947517953915
4996.7   0.0013013775967738
4997.6   0.0012962660743601
4998.5   0.0012749380342386
4999.4   0.0012529953442247
5000.3   0.0012480666893468
5001.2   0.0012511364030868
5002.1   0.0012554835024291
5003.0   0.0012653096978321
5003.9   0.0012670368272582
5004.8   0.0012428109094803
5005.7   0.0012083854240683
5006.6   0.0011976184437863
5007.5   0.0012217694042602
5008.4   0.0012612098161640
5009.3   0.0012847271752763
5010.2   0.0012796476157884
5011.1   0.0012543400499717
5012.0   0.0012272896561238
5012.9   0.0012100887934433
5013.8   0.0011997248854561
5014.7   0.0012042042207969
5015.6   0.0012232640246152
5016.5   0.0012276678369365
5017.4   0.0012079871603553
5018.3   0.0011961166105587
5019.2   0.0012141296992704
5020.1   0.0012384819130340
5021.0   0.0012503876786206
5021.9   0.0012507092878832
5022.8   0.0012500073763747
5023.7   0.0012583765715037
5024.6   0.0012645198175632
5025.5   0.0012581498610164
5026.4   0.0012437122357030
5027.3   0.0012340172862963
5028.2   0.0012398660774373
5029.1   0.0012536911742915
5030.0   0.0012601994482783
5030.9   0.0012619057876597
5031.8   0.0012701751340027
5032.7   0.0012770102501205
5033.6   0.0012697395330665
5034.5   0.0012485377889307
5035.4   0.0012247091448637
5036.3   0.0012200542962886
5037.2   0.0012346821434394
5038.1   0.0012377396942961
5039.0   0.0012171458114666
5039.9   0.0011821658541488
5040.8   0.0011518175510705
5041.7   0.0011596280314273
5042.6   0.0012107322948263
5043.5   0.0012596167613118
5044.4   0.0012790799202827
5045.3   0.0012840282337742
5046.2   0.0012851786162465
5047.1   0.0012814726139962
5048.0   0.0012673809237119
5048.9   0.0012453736007020
5049.8   0.0012299421546813
5050.7   0.0012267339820724
5051.6   0.0012327485278553
5052.5   0.0012474104593651
5053.4   0.0012647834409869
5054.3   0.0012737023701544
5055.2   0.0012742163226875
5056.1   0.0012753466222595
5057.0   0.0012790657773951
5057.9   0.0012841715012249
5058.8   0.0012884255403672
5059.7   0.0012893923481593
5060.6   0.0012856316129343
5061.5   0.0012810760474297
5062.4   0.0012770531030697
5063.3   0.0012613262121284
5064.2   0.0012343999928331
5065.1   0.0012221502722216
5066.0   0.0012348382809178
5066.9   0.0012463938686089
5067.8   0.0012441257737346
5068.7   0.0012423432041894
5069.6   0.0012524721988147
5070.5   0.0012611570631935
5071.4   0.0012541527981407
5072.3   0.0012443299970306
5073.2   0.0012465649975481
5074.1   0.0012492546919000
5075.0   0.0012455433153525
5075.9   0.0012482279182648
5076.8   0.0012511204216239
5077.7   0.0012380270777708
5078.6   0.0012052870002667
5079.5   0.0011773557873829
5080.4   0.0011796133458061
5081.3   0.0012009998667676
5082.2   0.0012141619450540
5083.1   0.0012125865688113
5084.0   0.0012180199833453
5084.9   0.0012385721446565
5085.8   0.0012566207320159
5086.7   0.0012616860071874
5087.6   0.0012621143952509
5088.5   0.0012636773257526
5089.4   0.0012626095377435
5090.3   0.0012581153523709
5091.2   0.0012579990978353
5092.1   0.0012615632469235
5093.0   0.0012659104876947
5093.9   0.0012695944270404
5094.8   0.0012659679078181
5095.7   0.0012537159243447
5096.6   0.0012349368568440
5097.5   0.0012135249493993
5098.4   0.0011955671593779
5099.3   0.0011963352596001
5100.2   0.0012177680985182
5101.1   0.0012387841465407
5102.0   0.0012508794268202
5102.9   0.0012581579224623
5103.8   0.0012569972156822
5104.7   0.0012509118140327
5105.6   0.0012395547924826
5106.5   0.0012213383290481
5107.4   0.0012039854303267
5108.3   0.0012028620607696
5109.2   0.0012122897096018
5110.1   0.0012163290597113
5111.0   0.0012277276613508
5111.9   0.0012476001154870
5112.8   0.0012604305430607
5113.7   0.0012637551116340
5114.6   0.0012572565962396
5115.5   0.0012491068987252
5116.4   0.0012518364760199
5117.3   0.0012604987117786
5118.2   0.0012660956180926
5119.1   0.0012677169587198
5120.0   0.0012616209499047
5120.9   0.0012478558188937
5121.8   0.0012351075614965
5122.7   0.0012241463993686
5123.6   0.0012126531818116
5124.5   0.0012058056199527
5125.4   0.0012112861303022
5126.3   0.0012235451852194
5127.2   0.0012252735875053
5128.1   0.0012214516135773
5129.0   0.0012218563830186
5129.9   0.0012268953524192
5130.8   0.0012314714251107
5131.7   0.0012313133076281
5132.6   0.0012307210034980
5133.5   0.0012298106258272
5134.4   0.0012383245026957
5135.3   0.0012470319956946
5136.2   0.0012358065029986
5137.1   0.0012120646962611
5138.0   0.0011924507741091
5138.9   0.0011783876524577
5139.8   0.0011787285667617
5140.7   0.0011945381228807
5141.6   0.0011948421949628
5142.5   0.0011864795055620
5143.4   0.0011986364488312
5144.3   0.0012236085453556
5145.2   0.0012372374803596
5146.1   0.0012343216412361
5147.0   0.0012239594303954
5147.9   0.0012176401053860
5148.8   0.0012212816160691
5149.7   0.0012292787118270
5150.6   0.0012244360457054
5151.5   0.0012149953854166
5152.4   0.0012149431981616
5153.3   0.0012183116096863
5154.2   0.0012217969828909
5155.1   0.0012263747527290
5156.0   0.0012337952429620
5156.9   0.0012426311533797
5157.8   0.0012487635094158
5158.7   0.0012503664642893
5159.6   0.0012484277572657
5160.5   0.0012451491530768
5161.4   0.0012353058447798
5162.3   0.0012252933875479
5163.2   0.0012284792143945
5164.1   0.0012287929036401
5165.0   0.0011958442185448
5165.9   0.0011234546972591
5166.8   0.0010405137332975
5167.7   0.0010061489208731
5168.6   0.0010413888951783
5169.5   0.0011005031243627
5170.4   0.0011237643557817
5171.3   0.0010720127017058
5172.2   0.0010000881278479
5173.1   0.0010039880998007
5174.0   0.0010973334204079
5174.9   0.0011902699408509
5175.8   0.0012351648401911
5176.7   0.0012483291813395
5177.6   0.0012515420211013
5178.5   0.0012491049187209
5179.4   0.0012413111976858
5180.3   0.0012274678565067
5181.2   0.0011900425232193
5182.1   0.0011028130821842
5183.0   0.0009920732120517
5183.9   0.0009556712581065
5184.8   0.0010340821844755
5185.7   0.0011334212608210
5186.6   0.0011876126337115
5187.5   0.0011980267489495
5188.4   0.0011858159919932
5189.3   0.0011830762318195
5190.2   0.0011923355095757
5191.1   0.0011790926046869
5192.0   0.0011546794350781
5192.9   0.0011569188906051
5193.8   0.0011722031091665
5194.7   0.0011752134934933
5195.6   0.0011781421319300
5196.5   0.0011874416462012
5197.4   0.0011961115191192
5198.3   0.0012064095212505
5199.2   0.0012215097408451
5200.1   0.0012300610963655
5201.0   0.0012215701309749
5201.9   0.0012052905359886
5202.8   0.0011926941732036
5203.7   0.0011787034631364
5204.6   0.0011607271459323
5205.5   0.0011517590702305
5206.4   0.0011572916264062
5207.3   0.0011615415641111
5208.2   0.0011540780087855
5209.1   0.0011598910184211
5210.0   0.0011810481417467
5210.9   0.0011976917039437
5211.8   0.0012119681003393
5212.7   0.0012229808840067
5213.6   0.0012215285508855
5214.5   0.0012042059179434
5215.4   0.0011811960056359
5216.3   0.0011697322759994
5217.2   0.0011784449311522
5218.1   0.0012015911808955
5219.0   0.0012244830000920
5219.9   0.0012346500390847
5220.8   0.0012351485758704
5221.7   0.0012362375782108
5222.6   0.0012363232841092
5223.5   0.0012280221162693
5224.4   0.0012068264535751
5225.3   0.0011694062824416
5226.2   0.0011234022271463
5227.1   0.0011027223555606
5228.0   0.0011320497543021
5228.9   0.0011768930321027
5229.8   0.0012011069284262
5230.7   0.0012094946507379
5231.6   0.0012025188128891
5232.5   0.0011812858836862
5233.4   0.0011653254936717
5234.3   0.0011704041338718
5235.2   0.0011865215099380
5236.1   0.0012054157005433
5237.0   0.0012199591146555
5237.9   0.0012275665738617
5238.8   0.0012287432621048
5239.7   0.0012252277645497
5240.6   0.0012214718379065
5241.5   0.0012181768279681
5242.4   0.0012135424865799
5243.3   0.0012174686935891
5244.2   0.0012255035508567
5245.1   0.0012274947279930
5246.0   0.0012207737449776
5246.9   0.0012114394392031
5247.8   0.0012054159834010
5248.7   0.0012040722676561
5249.6   0.0011968739621863
5250.5   0.0011901420891475
5251.4   0.0011997804670041
5252.3   0.0012129571124647
5253.2   0.0012109648038974
5254.1   0.0012021559063949
5255.0   0.0011989774338497
5255.9   0.0012064120669703
5256.8   0.0012218692530463
5257.7   0.0012315776381961
5258.6   0.0012296861684169
5259.5   0.0012201534379303
5260.4   0.0012039673274306
5261.3   0.0011753671559664
5262.2   0.0011423166420808
5263.1   0.0011213172826656
5264.0   0.0011127350249359
5264.9   0.0011102643331976
5265.8   0.0011143973092226
5266.7   0.0011325606661143
5267.6   0.0011479452991772
5268.5   0.0011268992682332
5269.4   0.0010837998084659
5270.3   0.0010761935514051
5271.2   0.0011212940176156
5272.1   0.0011651207753746
5273.0   0.0011747928133035
5273.9   0.0011698044047258
5274.8   0.0011647491002901
5275.7   0.0011653326358299
5276.6   0.0011833346223748
5277.5   0.0012100595176661
5278.4   0.0012242561481759
5279.3   0.0012213786362776
5280.2   0.0012063808111888
5281.1   0.0011857232853654
5282.0   0.0011703892838399
5282.9   0.0011616122078343
5283.8   0.0011592277877100
5284.7   0.0011747942275922
5285.6   0.0011987688262586
5286.5   0.0012135982095568
5287.4   0.0012172805931848
5288.3   0.0012150362583616
5289.2   0.0012158074700190
5290.1   0.0012230288283954
5291.0   0.0012294276364327
5291.9   0.0012315243195101
5292.8   0.0012285349373714
5293.7   0.0012251380986427
5294.6   0.0012194563350035
5295.5   0.0012060030546627
5296.4   0.0011873365645468
5297.3   0.0011726080200367
5298.2   0.0011713104101052
5299.1   0.0011846346365973
5300.0   0.0011989562195184
5300.9   0.0012011616614010
5301.8   0.0011943330510114
5302.7   0.0011961854864210
5303.6   0.0012103587811664
5304.5   0.0012229831468687
5305.4   0.0012246514418826
5306.3   0.0012140995749200
5307.2   0.0012059593531402
5308.1   0.0012084995571708
5309.0   0.0012170654798654
5309.9   0.0012226280189626
5310.8   0.0012213717062627
5311.7   0.0012166714590186
5312.6   0.0012112319630429
5313.5   0.0012069243223569
5314.4   0.0012031487371000
5315.3   0.0011918084041572
5316.2   0.0011743632938090
5317.1   0.0011699565821957
5318.0   0.0011855431049782
5318.9   0.0012022585837584
5319.8   0.0012088869308604
5320.7   0.0012093645361725
5321.6   0.0012059237130636
5322.5   0.0011956705438858
5323.4   0.0011769993866170
5324.3   0.0011632511563566
5325.2   0.0011669216599591
5326.1   0.0011673151150904
5327.0   0.0011377834223385
5327.9   0.0010984516985255
5328.8   0.0010982671338431
5329.7   0.0011425641426127
5330.6   0.0011838403013187
5331.5   0.0011967816091307
5332.4   0.0011905470000177
5333.3   0.0011862947287364
5334.2   0.0011895487950154
5335.1   0.0011916898867596
5336.0   0.0011877124824975
5336.9   0.0011832185799826
5337.8   0.0011816168272546
5338.7   0.0011719872887027
5339.6   0.0011531734296987
5340.5   0.0011451056195031
5341.4   0.0011591997847927
5342.3   0.0011810276345598
5343.2   0.0011909828838116
5344.1   0.0011887234160987
5345.0   0.0011841595770049
5345.9   0.0011787344360601
5346.8   0.0011751067146924
5347.7   0.0011724172324839
5348.6   0.0011690811374571
5349.5   0.0011715081276730
5350.4   0.0011831491384048
5351.3   0.0011942274036415
5352.2   0.0011966903875061
5353.1   0.0011950011610187
5354.0   0.0011968847107809
5354.9   0.0012028267035507
5355.8   0.0012074102719727
5356.7   0.0012086947290188
5357.6   0.0012084569870793
5358.5   0.0012089562310093
5359.4   0.0012093757090537
5360.3   0.0012078185771359
5361.2   0.0011993769704227
5362.1   0.0011864041239715
5363.0   0.0011778521320211
5363.9   0.0011725737942489
5364.8   0.0011671181046670
5365.7   0.0011665473684404
5366.6   0.0011697278917042
5367.5   0.0011715708513792
5368.4   0.0011710543531263
5369.3   0.0011634391860464
5370.2   0.0011458313617771
5371.1   0.0011337449915167
5372.0   0.0011458740025830
5372.9   0.0011762027177620
5373.8   0.0012008789450791
5374.7   0.0012123277539693
5375.6   0.0012155036807947
5376.5   0.0012173638947924
5377.4   0.0012155247536971
5378.3   0.0012076731882520
5379.2   0.0011985431057735
5380.1   0.0011896835767336
5381.0   0.0011823424988141
5381.9   0.0011756213036554
5382.8   0.0011682342613514
5383.7   0.0011704529975483
5384.6   0.0011867773547736
5385.5   0.0012009752581432
5386.4   0.0012043578125555
5387.3   0.0012023322682024
5388.2   0.0011980103432000
5389.1   0.0011915729250797
5390.0   0.0011845385356764
5390.9   0.0011790020902067
5391.8   0.0011728594805771
5392.7   0.0011673527351712
5393.6   0.0011703105786708
5394.5   0.0011787464575145
5395.4   0.0011756943516695
5396.3   0.0011557783374397
5397.2   0.0011413059913374
5398.1   0.0011501740061098
5399.0   0.0011668592898251
5399.9   0.0011722543064194
5400.8   0.0011697983232842
5401.7   0.0011684351610689
5402.6   0.0011600250929949
5403.5   0.0011375321739414
5404.4   0.0011149778747560
5405.3   0.0011101503415240
5406.2   0.0011282864733573
5407.1   0.0011565199904622
5408.0   0.0011703564016264
5408.9   0.0011615387355336
5409.8   0.0011457392208648
5410.7   0.0011434895117442
5411.6   0.0011572672299252
5412.5   0.0011733655130932
5413.4   0.0011777232903156
5414.3   0.0011683493844560
5415.2   0.0011620463237673
5416.1   0.0011691657826391
5417.0   0.0011774042974872
5417.9   0.0011786362844206
5418.8   0.0011769635343971
5419.7   0.0011774774869302
5420.6   0.0011797532896782
5421.5   0.0011801067911522
5422.4   0.0011737291267318
5423.3   0.0011574019409290
5424.2   0.0011469646313554
5425.1   0.0011585546569777
5426.0   0.0011789540751035
5426.9   0.0011880294246072
5427.8   0.0011781631341180
5428.7   0.0011549240363180
5429.6   0.0011378622689365
5430.5   0.0011470122928864
5431.4   0.0011677509281698
5432.3   0.0011699422271648
5433.2   0.0011546620393264
5434.1   0.0011401363745380
5435.0   0.0011408032116854
5435.9   0.0011560940066895
5436.8   0.0011736456129809
5437.7   0.0011860099616958
5438.6   0.0011905147542341
5439.5   0.0011905511014551
5440.4   0.0011908621035521
5441.3   0.0011917262339806
5442.2   0.0011911742370800
5443.1   0.0011836405330323
5444.0   0.0011645113583506
5444.9   0.0011401813489204
5445.8   0.0011192579368113
5446.7   0.0011139947319288
5447.6   0.0011326766377921
5448.5   0.0011605048197402
5449.4   0.0011771087818521
5450.3   0.0011826526523378
5451.2   0.0011841539905643
5452.1   0.0011834247125685
5453.0   0.0011758147783569
5453.9   0.0011554507881643
5454.8   0.0011278913210795
5455.7   0.0011201994995491
5456.6   0.0011439029083469
5457.5   0.0011707816075402
5458.4   0.0011813949960636
5459.3   0.0011814906726977
5460.2   0.0011769185600147
5461.1   0.0011664667539815
5462.0   0.0011483645650783
5462.9   0.0011359966806415
5463.8   0.0011410220021556
5464.7   0.0011556284228318
5465.6   0.0011633429436967
5466.5   0.0011630523780722
5467.4   0.0011650060058422
5468.3   0.0011698224369074
5469.2   0.0011727323360182
5470.1   0.0011728388319613
5471.0   0.0011722250306422
5471.9   0.0011731377418894
5472.8   0.0011699946972776
5473.7   0.0011621437682624
5474.6   0.0011500302436580
5475.5   0.0011276670855976
5476.4   0.0011065366216150
5477.3   0.0011116662469247
5478.2   0.0011379147390493
5479.1   0.0011572494806013
5480.0   0.0011610711716716
5480.9   0.0011604769582517
5481.8   0.0011624410517585
5482.7   0.0011658576905297
5483.6   0.0011695531563287
5484.5   0.0011731453083343
5485.4   0.0011732787464782
5486.3   0.0011650941867460
5487.2   0.0011545145997238
5488.1   0.0011518664147469
5489.0   0.0011567597831203
5489.9   0.0011609557657093
5490.8   0.0011624662968127
5491.7   0.0011634990811751
5492.6   0.0011623909152221
5493.5   0.0011603276800738
5494.4   0.0011621184524937
5495.3   0.0011609595842889
5496.2   0.0011515707576830
5497.1   0.0011416727871256
5498.0   0.0011428182903017
5498.9   0.0011532157169324
5499.8   0.0011568266082640
5500.7   0.0011491429188939
5501.6   0.0011433384657053
5502.5   0.0011496511435575
5503.4   0.0011595387190925
5504.3   0.0011608315204423
5505.2   0.0011528835005042
5506.1   0.0011439847249513
5507.0   0.0011437553980299
5507.9   0.0011540598351751
5508.8   0.0011614096109704
5509.7   0.0011608667362323
5510.6   0.0011566040699286
5511.5   0.0011493767008249
5512.4   0.0011424593438160
5513.3   0.0011410260328786
5514.2   0.0011457000450663
5515.1   0.0011515029425372
5516.0   0.0011574406924408
5516.9   0.0011637581788748
5517.8   0.0011661455690055
5518.7   0.0011661085146402
5519.6   0.0011673705552095
5520.5   0.0011685374141458
5521.4   0.0011665480755848
5522.3   0.0011618176332758
5523.2   0.0011594618524988
5524.1   0.0011587256444880
5525.0   0.0011504227795016
5525.9   0.0011329547576756
5526.8   0.0011109811654524
5527.7   0.0010932918781509
5528.6   0.0010955109679199
5529.5   0.0011196877391636
5530.4   0.0011461392524388
5531.3   0.0011592943299959
5532.2   0.0011618119054064
5533.1   0.0011576073663704
5534.0   0.0011480889202002
5534.9   0.0011401375766835
5535.8   0.0011422932356019
5536.7   0.0011510932937997
5537.6   0.0011558489811630
5538.5   0.0011572271348390
5539.4   0.0011600327301542
5540.3   0.0011625117661961
5541.2   0.0011623836316351
5542.1   0.0011595854613358
5543.0   0.0011548737583528
5543.9   0.0011530399208403
5544.8   0.0011543081842802
5545.7   0.0011556745286452
5546.6   0.0011568225775410
5547.5   0.0011590037643714
5548.4   0.0011620823174161
5549.3   0.0011649871958018
5550.2   0.0011663259615360
5551.1   0.0011656757422815
5552.0   0.0011628477304896
5552.9   0.0011560509415970
5553.8   0.0011476830193279
5554.7   0.0011476388935188
5555.6   0.0011547266016080
5556.5   0.0011570021214983
5557.4   0.0011549572721037
5558.3   0.0011541091231381
5559.2   0.0011526065827662
5560.1   0.0011495610533639
5561.0   0.0011474334680773
5561.9   0.0011426613749645
5562.8   0.0011328775375096
5563.7   0.0011257781615381
5564.6   0.0011262607168609
5565.5   0.0011357170050404
5566.4   0.0011464897131919
5567.3   0.0011456747292976
5568.2   0.0011341810167395
5569.1   0.0011224417129393
5570.0   0.0011198442302142
5570.9   0.0011188783417098
5571.8   0.0011065687966841
5572.7   0.0010974496749435
5573.6   0.0011060266998048
5574.5   0.0011190819992904
5575.4   0.0011240098763094
5576.3   0.0011263024383791
5577.2   0.0011325141360143
5578.1   0.0011386563213573
5579.0   0.0011402419511935
5579.9   0.0011371767631776
5580.8   0.0011313102934272
5581.7   0.0011277953615876
5582.6   0.0011290841322144
5583.5   0.0011325536653850
5584.4   0.0011315176281585
5585.3   0.0011197242985279
5586.2   0.0010992991403467
5587.1   0.0010814879413546
5588.0   0.0010733521038700
5588.9   0.0010778233070504
5589.8   0.0010946020045379
5590.7   0.0011194509165118
5591.6   0.0011360217135524
5592.5   0.0011332007024898
5593.4   0.0011199021453386
5594.3   0.0011121828158920
5595.2   0.0011212006038434
5596.1   0.0011342674297823
5597.0   0.0011301202401554
5597.9   0.0011158094058287
5598.8   0.0011116891584025
5599.7   0.0011150287891511
5600.6   0.0011095470059417
5601.5   0.0010966355396224
5602.4   0.0010914277041446
5603.3   0.0011032042744535
5604.2   0.0011255757061030
5605.1   0.0011435521647360
5606.0   0.0011486633335775
5606.9   0.0011457334929953
5607.8   0.0011413224678014
5608.7   0.0011427292608247
5609.6   0.0011477513294747
5610.5   0.0011514624231644
5611.4   0.0011535682284043
5612.3   0.0011508386511096
5613.2   0.0011379257705016
5614.1   0.0011126842519696
5615.0   0.0010917167140514
5615.9   0.0010935546530013
5616.8   0.0011083643776858
5617.7   0.0011233556263319
5618.6   0.0011349906970510
5619.5   0.0011414453694940
5620.4   0.0011440889580325
5621.3   0.0011448055074296
5622.2   0.0011427311701145
5623.1   0.0011302995719693
5624.0   0.0011131257222041
5624.9   0.0011096199832414
5625.8   0.0011210142005857
5626.7   0.0011322317025502
5627.6   0.0011365474753966
5628.5   0.0011390139949831
5629.4   0.0011435356175576
5630.3   0.0011471480646068
5631.2   0.0011432444155032
5632.1   0.0011349762005912
5633.0   0.0011309572162398
5633.9   0.0011312392254173
5634.8   0.0011304210593733
5635.7   0.0011282013331743
5636.6   0.0011263409070332
5637.5   0.0011237611029176
5638.4   0.0011225837075301
5639.3   0.0011211741566437
5640.2   0.0011176505269283
5641.1   0.0011178493759271
5642.0   0.0011262195610582
5642.9   0.0011349077490156
5643.8   0.0011370416278872
5644.7   0.0011348378124367
5645.6   0.0011332712047842
5646.5   0.0011355637668540
5647.4   0.0011399440312675
5648.3   0.0011385953655120
5649.2   0.0011335363132111
5650.1   0.0011285478339190
5651.0   0.0011278932303693
5651.9   0.0011309857848726
5652.8   0.0011302071481993
5653.7   0.0011235797910994
5654.6   0.0011143678213020
5655.5   0.0011115407995122
5656.4   0.0011106797805190
5657.3   0.0010981630421908
5658.2   0.0010827092504079
5659.1   0.0010814334205231
5660.0   0.0010946063888330
5660.9   0.0011059496210677
5661.8   0.0011087200005930
5662.7   0.0011127850907578
5663.6   0.0011208751052868
5664.5   0.0011257585029245
5665.4   0.0011248276180668
5666.3   0.0011198751324234
5667.2   0.0011197248642434
5668.1   0.0011201212186666
5669.0   0.0011167166720642
5669.9   0.0011165656967398
5670.8   0.0011229326832801
5671.7   0.0011311806031485
5672.6   0.0011343189098930
5673.5   0.0011347820894598
5674.4   0.0011344436501610
5675.3   0.0011349079611589
5676.2   0.0011380483893365
5677.1   0.0011364791652498
5678.0   0.0011295338053236
5678.9   0.0011255638260775
5679.8   0.0011266062983179
5680.7   0.0011246295469268
5681.6   0.0011131376729441
5682.5   0.0011016764890273
5683.4   0.0010984615278323
5684.3   0.0011003689790745
5685.2   0.0011049216452871
5686.1   0.0011083602055340
5687.0   0.0011053324254556
5687.9   0.0011004901129062
5688.8   0.0011015470108919
5689.7   0.0011095808074429
5690.6   0.0011195009823337
5691.5   0.0011243541141920
5692.4   0.0011241444458843
5693.3   0.0011205798017950
5694.2   0.0011159135681954
5695.1   0.0011122731182289
5696.0   0.0011108649109168
5696.9   0.0011126168611105
5697.8   0.0011188473687861
5698.7   0.0011193942035327
5699.6   0.0011087215563106
5700.5   0.0010983999355571
5701.4   0.0010983927933989
5702.3   0.0011066725347642
5703.2   0.0011152714811012
5704.1   0.0011173173912124
5705.0   0.0011127614721356
5705.9   0.0011063214375811
5706.8   0.0010982308573366
5707.7   0.0010872526530292
5708.6   0.0010752367850632
5709.5   0.0010659041764352
5710.4   0.0010638282834025
5711.3   0.0010715238527981
5712.2   0.0010868316899816
5713.1   0.0010999499253167
5714.0   0.0011066983455340
5714.9   0.0011085267380348
5715.8   0.0011092790689373
5716.7   0.0011100649891977
5717.6   0.0011101936894743
5718.5   0.0011166092568334
5719.4   0.0011268222602106
5720.3   0.0011325168231630
5721.2   0.0011315211638804
5722.1   0.0011266494341249
5723.0   0.0011243993007177
5723.9   0.0011258782931819
5724.8   0.0011263835478392
5725.7   0.0011235892668340
5726.6   0.0011197735864909
5727.5   0.0011191167200793
5728.4   0.0011226776163034
5729.3   0.0011270431013995
5730.2   0.0011279430133335
5731.1   0.0011256152354737
5732.0   0.0011254541479847
5732.9   0.0011275820161291
5733.8   0.0011275982097353
5734.7   0.0011262210460614
5735.6   0.0011244079278791
5736.5   0.0011248877253388
5737.4   0.0011268514652733
5738.3   0.0011256778884655
5739.2   0.0011236033390071
5740.1   0.0011218110815840
5741.0   0.0011197643936140
5741.9   0.0011184068178393
5742.8   0.0011174176642850
5743.7   0.0011175209073640
5744.6   0.0011179806219234
5745.5   0.0011157310542317
5746.4   0.0011101335822023
5747.3   0.0011047492434880
5748.2   0.0011065920617341
5749.1   0.0011147278992187
5750.0   0.0011194313993270
5750.9   0.0011144676700881
5751.8   0.0011033504411962
5752.7   0.0010932020708150
5753.6   0.0010879438159431
5754.5   0.0010917324126566
5755.4   0.0011017732263780
5756.3   0.0011087748749966
5757.2   0.0011111437379446
5758.1   0.0011100481591616
5759.0   0.0011081174428694
5759.9   0.0011071832344332
5760.8   0.0011028490051185
5761.7   0.0010941883957918
5762.6   0.0010874131040883
5763.5   0.0010899454588163
5764.4   0.0011004559578328
5765.3   0.0011085257480326
5766.2   0.0011116943205565
5767.1   0.0011141959852185
5768.0   0.0011163172769202
5768.9   0.0011159429854015
5769.8   0.0011138062779524
5770.7   0.0011112086537984
5771.6   0.0011073284818882
5772.5   0.0011054362342501
5773.4   0.0011053573169377
5774.3   0.0011048374243918
5775.2   0.0011045391508937
5776.1   0.0011018028557274
5777.0   0.0010992421445099
5777.9   0.0011006598275567
5778.8   0.0011021222728424
5779.7   0.0010999567846172
5780.6   0.0010961116163536
5781.5   0.0010944863157178
5782.4   0.0010949964496713
5783.3   0.0010947384834026
5784.2   0.0010936724632545
5785.1   0.0010911544635574
5786.0   0.0010885004092821
5786.9   0.0010887633962759
5787.8   0.0010911449171083
5788.7   0.0010940632312371
5789.6   0.0010938677765314
5790.5   0.0010932558137876
5791.4   0.0010967816356507
5792.3   0.0010986484968056
5793.2   0.0010981681336304
5794.1   0.0010999513396055
5795.0   0.0011032344695184
5795.9   0.0011022115144628
5796.8   0.0010959208995151
5797.7   0.0010934866257122
5798.6   0.0010992886746099
5799.5   0.0011067274091678
5800.4   0.0011084577207436
5801.3   0.0011050088361888
5802.2   0.0011021725508076
5803.1   0.0011003286011305
5804.0   0.0010969959003968
5804.9   0.0010948903780147
5805.8   0.0010955990073948
5806.7   0.0010963212139469
5807.6   0.0010930347604554
5808.5   0.0010888877122574
5809.4   0.0010882951252695
5810.3   0.0010911224299171
5811.2   0.0010983107646512
5812.1   0.0011042531109932
5813.0   0.0011046436668326
5813.9   0.0011026065960261
5814.8   0.0010993205668213
5815.7   0.0010972081851388
5816.6   0.0010956495682177
5817.5   0.0010954006533971
5818.4   0.0010992606009782
5819.3   0.0011036885976372
5820.2   0.0011034078613196
5821.1   0.0010996658654205
5822.0   0.0010991691672102
5822.9   0.0011017566791996
5823.8   0.0011011485350355
5824.7   0.0010978055807083
5825.6   0.0010946537675063
5826.5   0.0010951643257463
5827.4   0.0010991017056367
5828.3   0.0011015899345555
5829.2   0.0011008129950287
5830.1   0.0010976123888646
5831.0   0.0010938908294381
5831.9   0.0010918254021421
5832.8   0.0010918894694227
5833.7   0.0010919217859207
5834.6   0.0010911000841548
5835.5   0.0010938054063973
5836.4   0.0010987795306586
5837.3   0.0010980996113402
5838.2   0.0010946020752523
5839.1   0.0010948635772429
5840.0   0.0010975577973187
5840.9   0.0010989010887770
5841.8   0.0010990211618922
5842.7   0.0011002527245389
5843.6   0.0011014939043492
5844.5   0.0011023539333403
5845.4   0.0011025240015629
5846.3   0.0010996317103471
5847.2   0.0010975982459770
5848.1   0.0010964872514466
5849.0   0.0010961861493709
5849.9   0.0010962730574148
5850.8   0.0010934427827609
5851.7   0.0010865412657861
5852.6   0.0010765066042207
5853.5   0.0010708082934031
5854.4   0.0010709972423806
5855.3   0.0010673031908703
5856.2   0.0010560245916316
5857.1   0.0010443661144337
5858.0   0.0010438929641312
5858.9   0.0010548433069501
5859.8   0.0010652483000256
5860.7   0.0010675848464756
5861.6   0.0010637917947526
5862.5   0.0010629505758019
5863.4   0.0010690805275471
5864.3   0.0010758058948577
5865.2   0.0010788577885593
5866.1   0.0010775207906860
5867.0   0.0010761475870206
5867.9   0.0010785886494095
5868.8   0.0010818557978594
5869.7   0.0010853886911662
5870.6   0.0010862018364852
5871.5   0.0010842536537269
5872.4   0.0010828730957600
5873.3   0.0010814141861961
5874.2   0.0010800046353097
5875.1   0.0010795037649476
5876.0   0.0010786732945914
5876.9   0.0010771779670921
5877.8   0.0010761779942288
5878.7   0.0010785602222055
5879.6   0.0010782149943208
5880.5   0.0010734520940849
5881.4   0.0010700281010121
5882.3   0.0010684365311631
5883.2   0.0010671317083589
5884.1   0.0010669486286798
5885.0   0.0010724724162652
5885.9   0.0010796887539166
5886.8   0.0010775532486129
5887.7   0.0010554390760876
5888.6   0.0010095330310029
5889.5   0.0009670989940942
5890.4   0.0009695993858964
5891.3   0.0010066046754239
5892.2   0.0010412961885505
5893.1   0.0010577679146639
5894.0   0.0010461672111616
5894.9   0.0010092883590486
5895.8   0.0009835949045454
5896.7   0.0009986180454028
5897.6   0.0010345374440253
5898.5   0.0010604157460686
5899.4   0.0010705759257609
5900.3   0.0010731249690961
5901.2   0.0010762703472844
5902.1   0.0010809958395827
5903.0   0.0010851920343150
5903.9   0.0010844590084540
5904.8   0.0010778225999060
5905.7   0.0010710038895377
5906.6   0.0010691619905793
5907.5   0.0010718395927623
5908.4   0.0010743086580686
5909.3   0.0010744166390149
5910.2   0.0010730256860256
5911.1   0.0010714199025747
5912.0   0.0010718768592710
5912.9   0.0010670544881930
5913.8   0.0010572326063706
5914.7   0.0010556669887203
5915.6   0.0010596545758614
5916.5   0.0010605595792349
5917.4   0.0010607375674745
5918.3   0.0010629737701375
5919.2   0.0010691870942047
5920.1   0.0010773915954083
5921.0   0.0010806245887849
5921.9   0.0010777224682623
5922.8   0.0010714545526491
5923.7   0.0010670858146889
5924.6   0.0010650626746267
5925.5   0.0010631103904311
5926.4   0.0010623852845870
5927.3   0.0010613556116599
5928.2   0.0010582629864422
5929.1   0.0010531026710665
5930.0   0.0010489967079567
5930.9   0.0010529089135072
5931.8   0.0010615345899017
5932.7   0.0010657012259990
5933.6   0.0010637953304745
5934.5   0.0010602480821369
5935.4   0.0010599838222832
5936.3   0.0010653083365832
5937.2   0.0010716217922942
5938.1   0.0010715871422198
5939.0   0.0010674132225354
5939.9   0.0010648862421047
5940.8   0.0010648505313136
5941.7   0.0010670491138957
5942.6   0.0010660173902499
5943.5   0.0010629891858849
5944.4   0.0010653785560198
5945.3   0.0010688060141000
5946.2   0.0010638343648441
5947.1   0.0010530878210346
5948.0   0.0010441600525623
5948.9   0.0010435566462655
5949.8   0.0010518260633229
5950.7   0.0010587746053988
5951.6   0.0010583393580349
5952.5   0.0010566987123661
5953.4   0.0010566654058660
5954.3   0.0010560706267306
5955.2   0.0010570756203190
5956.1   0.0010579034742410
5957.0   0.0010594533225717
5957.9   0.0010641886441769
5958.8   0.0010685365920925
5959.7   0.0010683965067914
5960.6   0.0010673163437557
5961.5   0.0010686948510040
5962.4   0.0010678478334694
5963.3   0.0010635378592069
5964.2   0.0010609735415531
5965.1   0.0010589279142997
5966.0   0.0010586157807718
5966.9   0.0010627548382384
5967.8   0.0010671165047548
5968.7   0.0010674915741323
5969.6   0.0010648817163807
5970.5   0.0010658644349212
5971.4   0.0010708031312492
5972.3   0.0010715055377587
5973.2   0.0010683940317861
5974.1   0.0010640245159670
5975.0   0.0010630934896805
5975.9   0.0010642422457207
5976.8   0.0010631958841862
5977.7   0.0010609383964776
5978.6   0.0010606755509127
5979.5   0.0010656131158096
5980.4   0.0010724913677345
5981.3   0.0010732737522730
5982.2   0.0010680452681794
5983.1   0.0010595782042687
5984.0   0.0010516403672096
5984.9   0.0010472007733828
5985.8   0.0010461149531921
5986.7   0.0010498876391571
5987.6   0.0010578071611768
5988.5   0.0010658936399839
5989.4   0.0010703016244571
5990.3   0.0010698604370804
5991.2   0.0010660659003541
5992.1   0.0010606704594732
5993.0   0.0010582425499697
5993.9   0.0010607305667452
5994.8   0.0010621754041360
5995.7   0.0010609106057035
5996.6   0.0010560164594713
5997.5   0.0010513010086231
5998.4   0.0010545576913363
5999.3   0.0010628621120404
6000.2   0.0010672481043234
6001.1   0.0010637903097494
6002.0   0.0010563000243664
6002.9   0.0010501749519174
6003.8   0.0010495931135241
6004.7   0.0010544123731668
6005.6   0.0010569913287092
6006.5   0.0010528519176704
6007.4   0.0010460200544167
6008.3   0.0010430077608002
6009.2   0.0010480145551317
6010.1   0.0010540638924179
6011.0   0.0010542691764305
6011.9   0.0010507002894750
6012.8   0.0010483763301949
6013.7   0.0010506401822029
6014.6   0.0010567076223853
6015.5   0.0010607273138811
6016.4   0.0010617834340079
6017.3   0.0010619098007080
6018.2   0.0010594088431904
6019.1   0.0010526498865220
6020.0   0.0010471449796914
6020.9   0.0010471149260554
6021.8   0.0010450862702671
6022.7   0.0010389375791959
6023.6   0.0010360720180375
6024.5   0.0010407385344949
6025.4   0.0010447947853550
6026.3   0.0010428666854970
6027.2   0.0010448201011236
6028.1   0.0010534815590236
6029.0   0.0010583548444967
6029.9   0.0010557548867663
6030.8   0.0010524232467492
6031.7   0.0010526131150144
6032.6   0.0010513129593631
6033.5   0.0010491651497473
6034.4   0.0010493706459032
6035.3   0.0010500347251875
6036.2   0.0010502485656470
6037.1   0.0010501774269227
6038.0   0.0010478740455440
6038.9   0.0010445251512041
6039.8   0.0010436293407075
6040.7   0.0010455866456282
6041.6   0.0010481129189145
6042.5   0.0010534309982006
6043.4   0.0010614861505119
6044.3   0.0010645216384640
6045.2   0.0010606957752419
6046.1   0.0010570580124240
6047.0   0.0010588073461835
6047.9   0.0010613216687298
6048.8   0.0010587161245588
6049.7   0.0010564601218534
6050.6   0.0010584952126555
6051.5   0.0010590428252610
6052.4   0.0010542178377488
6053.3   0.0010478463254844
6054.2   0.0010460478451907
6055.1   0.0010463850823441
6056.0   0.0010458860505573
6056.9   0.0010476058963963
6057.8   0.0010505147347905
6058.7   0.0010536580622601
6059.6   0.0010572060177421
6060.5   0.0010600287259512
6061.4   0.0010612882208008
6062.3   0.0010609267993098
6063.2   0.0010560324409342
6064.1   0.0010453528636972
6065.0   0.0010374056923323
6065.9   0.0010401511803754
6066.8   0.0010494187317208
6067.7   0.0010577605603624
6068.6   0.0010607007252525
6069.5   0.0010587547346418
6070.4   0.0010547841896802
6071.3   0.0010503740130595
6072.2   0.0010450901595612
6073.1   0.0010420616016240
6074.0   0.0010472576277907
6074.9   0.0010558133676063
6075.8   0.0010581780584025
6076.7   0.0010530588281151
6077.6   0.0010434242688382
6078.5   0.0010379073405532
6079.4   0.0010418033524975
6080.3   0.0010468065403927
6081.2   0.0010493717773342
6082.1   0.0010502841350092
6083.0   0.0010470453430487
6083.9   0.0010425674219967
6084.8   0.0010401388053489
6085.7   0.0010402013876262
6086.6   0.0010414812482339
6087.5   0.0010435822448920
6088.4   0.0010452926857107
6089.3   0.0010444062802343
6090.2   0.0010436467364591
6091.1   0.0010444073409509
6092.0   0.0010457481574038
6092.9   0.0010475452941232
6093.8   0.0010486481564933
6094.7   0.0010500241180218
6095.6   0.0010503050664827
6096.5   0.0010482067569733
6097.4   0.0010464742532500
6098.3   0.0010470186837057
6099.2   0.0010481915533692
6100.1   0.0010441398282331
6101.0   0.0010328051524453
6101.9   0.0010194320622768
6102.8   0.0010135740782589
6103.7   0.0010216387063048
6104.6   0.0010350881680660
6105.5   0.0010437799624597
6106.4   0.0010460132658307
6107.3   0.0010420628744838
6108.2   0.0010353546200672
6109.1   0.0010324315680710
6110.0   0.0010358620668721
6110.9   0.0010403730822809
6111.8   0.0010403435943604
6112.7   0.0010359479141994
6113.6   0.0010302841827418
6114.5   0.0010282692455544
6115.4   0.0010298615932622
6116.3   0.0010322222533355
6117.2   0.0010375718005464
6118.1   0.0010454348217305
6119.0   0.0010491011531811
6119.9   0.0010426320549928
6120.8   0.0010248933382993
6121.7   0.0010060666799820
6122.6   0.0010029558811538
6123.5   0.0010174802023678
6124.4   0.0010340078636015
6125.3   0.0010394906368130
6126.2   0.0010362837370640
6127.1   0.0010335482197565
6128.0   0.0010341155616901
6128.9   0.0010355514890617
6129.8   0.0010358708354623
6130.7   0.0010372206326489
6131.6   0.0010404837503759
6132.5   0.0010443893794837
6133.4   0.0010459273477889
6134.3   0.0010394095980674
6135.2   0.0010234315294435
6136.1   0.0010029940669501
6137.0   0.0009914862115045
6137.9   0.0009992172088333
6138.8   0.0010157020878322
6139.7   0.0010233621585801
6140.6   0.0010188864296756
6141.5   0.0010128690553152
6142.4   0.0010149385133341
6143.3   0.0010238870718510
6144.2   0.0010341980147244
6145.1   0.0010417826331673
6146.0   0.0010448577212045
6146.9   0.0010422264369782
6147.8   0.0010360033543185
6148.7   0.0010319144333882
6149.6   0.0010298290646209
6150.5   0.0010257313751003
6151.4   0.0010210116106714
6152.3   0.0010216677699387
6153.2   0.0010282703769854
6154.1   0.0010337904874200
6155.0   0.0010362272362283
6155.9   0.0010387314466100
6156.8   0.0010385744605584
6157.7   0.0010348884704940
6158.6   0.0010311771646609
6159.5   0.0010262156275696
6160.4   0.0010122888433540
6161.3   0.0009905189087114
6162.2   0.0009793207117883
6163.1   0.0009872689438698
6164.0   0.0010034803701381
6164.9   0.0010154209272280
6165.8   0.0010187160785953
6166.7   0.0010163500442247
6167.6   0.0010076590276898
6168.5   0.0009930905806667
6169.4   0.0009858004171424
6170.3   0.0009961431107983
6171.2   0.0010151470502108
6172.1   0.0010260723601188
6173.0   0.0010274373609095
6173.9   0.0010281377167003
6174.8   0.0010312709320053
6175.7   0.0010345905505680
6176.6   0.0010351286874388
6177.5   0.0010348538911340
6178.4   0.0010343368271656
6179.3   0.0010316790250252
6180.2   0.0010306927707628
6181.1   0.0010339902557065
6182.0   0.0010390671280457
6182.9   0.0010420024136396
6183.8   0.0010412616091904
6184.7   0.0010381739339833
6185.6   0.0010316645285655
6186.5   0.0010241683031697
6187.4   0.0010207323593570
6188.3   0.0010210473214624
6189.2   0.0010208776068120
6190.1   0.0010121654466602
6191.0   0.0009991203300537
6191.9   0.0009978142343897
6192.8   0.0010093779542411
6193.7   0.0010202751905174
6194.6   0.0010236235898562
6195.5   0.0010250871665730
6196.4   0.0010272163075773
6197.3   0.0010266097191308
6198.2   0.0010235059210319
6199.1   0.0010202263975554
6200.0   0.0010190543764651
6200.9   0.0010212654047883
6201.8   0.0010267139522120
6202.7   0.0010332479662541
6203.6   0.0010357183751347
6204.5   0.0010336436135330
6205.4   0.0010294731588560
6206.3   0.0010251460009852
6207.2   0.0010243269863679
6208.1   0.0010262837255731
6209.0   0.0010279067633468
6209.9   0.0010284810352953
6210.8   0.0010272967806074
6211.7   0.0010247587687244
6212.6   0.0010212067118050
6213.5   0.0010177216921725
6214.4   0.0010136205376445
6215.3   0.0010099975541441
6216.2   0.0010117326035872
6217.1   0.0010147334414648
6218.0   0.0010112371075223
6218.9   0.0010052621618245
6219.8   0.0010048832738674
6220.7   0.0010090491321059
6221.6   0.0010106434598179
6222.5   0.0010090277056312
6223.4   0.0010099126261044
6224.3   0.0010150649507487
6225.2   0.0010210146513922
6226.1   0.0010241084080410
6227.0   0.0010254459009154
6227.9   0.0010248913582950
6228.8   0.0010185798825883
6229.7   0.0010070278306191
6230.6   0.0009970092919455
6231.5   0.0009940976956882
6232.4   0.0009968001186388
6233.3   0.0010034515893620
6234.2   0.0010146819613542
6235.1   0.0010236469256207
6236.0   0.0010238251260036
6236.9   0.0010168522581612
6237.8   0.0010101899681290
6238.7   0.0010104065664517
6239.6   0.0010130518521366
6240.5   0.0010122478996946
6241.4   0.0010092475568180
6242.3   0.0010050455635018
6243.2   0.0009999974012243
6244.1   0.0009936577104569
6245.0   0.0009876748447421
6245.9   0.0009841109785116
6246.8   0.0009841435071529
6247.7   0.0009896425446851
6248.6   0.0009980324591444
6249.5   0.0010044087799905
6250.4   0.0010043812720742
6251.3   0.0009956988827007
6252.2   0.0009827780820757
6253.1   0.0009739086530145
6254.0   0.0009740471825979
6254.9   0.0009803515161465
6255.8   0.0009861152378189
6256.7   0.0009889582410716
6257.6   0.0009895188651336
6258.5   0.0009901061485386
6259.4   0.0009924316635363
6260.3   0.0009962448688741
6261.2   0.0009986908105592
6262.1   0.0009968129886665
6263.0   0.0009915674623934
6263.9   0.0009867111483853
6264.8   0.0009876648740064
6265.7   0.0009976839076810
6266.6   0.0010088623045615
6267.5   0.0010123985921613
6268.4   0.0010097456693171
6269.3   0.0010054641929729
6270.2   0.0010028478294930
6271.1   0.0010011603708665
6272.0   0.0010008670473790
6272.9   0.0010030324648898
6273.8   0.0010038965953183
6274.7   0.0010011310243749
6275.6   0.0009979862826166
6276.5   0.0009975005451441
6277.4   0.0009987975186457
6278.3   0.0009997005420149
6279.2   0.0010007840286292
6280.1   0.0010025506167114
6281.0   0.0010055797403641
6281.9   0.0010092458596715
6282.8   0.0010124337372368
6283.7   0.0010159512855106
6284.6   0.0010184256543997
6285.5   0.0010187501629542
6286.4   0.0010164566108823
6287.3   0.0010105711189482
6288.2   0.0010047685750494
6289.1   0.0010037113234916
6290.0   0.0010065663481987
6290.9   0.0010087353014314
6291.8   0.0010096325262168
6292.7   0.0010121565366411
6293.6   0.0010141200644323
6294.5   0.0010125744589678
6295.4   0.0010071470551610
6296.3   0.0009996238168500
6297.2   0.0009936429311395
6298.1   0.0009909066359732
6299.0   0.0009902595281539
6299.9   0.0009868693365824
6300.8   0.0009790720798254
6301.7   0.0009750686526503
6302.6   0.0009809058466235
6303.5   0.0009925870938704
6304.4   0.0010027632550255
6305.3   0.0010071754116505
6306.2   0.0010073877671069
6307.1   0.0010052830932980
6308.0   0.0010028047644005
6308.9   0.0010018168129916
6309.8   0.0010023696584654
6310.7   0.0010030355763251
6311.6   0.0010024928430158
6312.5   0.0010020877907168
6313.4   0.0010004287592942
6314.3   0.0009940048476315
6315.2   0.0009865161179662
6316.1   0.0009808856222943
6317.0   0.0009740867826830
6317.9   0.0009656198602012
6318.8   0.0009637314311428
6319.7   0.0009724994557003
6320.6   0.0009826316324752
6321.5   0.0009860816484610
6322.4   0.0009860623434195
6323.3   0.0009879281438579
6324.2   0.0009919742825534
6325.1   0.0009951652008395
6326.0   0.0009966089775137
6326.9   0.0009945680881277
6327.8   0.0009898947123699
6328.7   0.0009868980466441
6329.6   0.0009856459768104
6330.5   0.0009852601588384
6331.4   0.0009846615611234
6332.3   0.0009832421102158
6333.2   0.0009799717089017
6334.1   0.0009728347835638
6335.0   0.0009638990950745
6335.9   0.0009577453125638
6336.8   0.0009574446347747
6337.7   0.0009629234479778
6338.6   0.0009683315467431
6339.5   0.0009709686295533
6340.4   0.0009736131373794
6341.3   0.0009768667793718
6342.2   0.0009795443108403
6343.1   0.0009798461200603
6344.0   0.0009790331868847
6344.9   0.0009794515334980
6345.8   0.0009792881831470
6346.7   0.0009783621775855
6347.6   0.0009787654620236
6348.5   0.0009808231814458
6349.4   0.0009827225712421
6350.3   0.0009825757680694
6351.2   0.0009805275950963
6352.1   0.0009754202448345
6353.0   0.0009675903887217
6353.9   0.0009613402224324
6354.8   0.0009610876304610
6355.7   0.0009672831344900
6356.6   0.0009723015967036
6357.5   0.0009716052009213
6358.4   0.0009699349259032
6359.3   0.0009707069861338
6360.2   0.0009725575122536
6361.1   0.0009708401414200
6362.0   0.0009671272091549
6362.9   0.0009684471648487
6363.8   0.0009731043470002
6364.7   0.0009749243244830
6365.6   0.0009729023158518
6366.5   0.0009703928018872
6367.4   0.0009700628483209
6368.3   0.0009705506365121
6369.2   0.0009707190075882
6370.1   0.0009695593615246
6371.0   0.0009696964061049
6371.9   0.0009738310792763
6372.8   0.0009783959083723
6373.7   0.0009797319162435
6374.6   0.0009780330725925
6375.5   0.0009773203417751
6376.4   0.0009782339723100
6377.3   0.0009779098880421
6378.2   0.0009764704249485
6379.1   0.0009748879065476
6380.0   0.0009743205646140
6380.9   0.0009748541757608
6381.8   0.0009746987454268
6382.7   0.0009728445421562
6383.6   0.0009699836481507
6384.5   0.0009699694345488
6385.4   0.0009730718183589
6386.3   0.0009742261608397
6387.2   0.0009743579018371
6388.1   0.0009770307661528
6389.0   0.0009809559124454
6389.9   0.0009811691871894
6390.8   0.0009771101077518
6391.7   0.0009706208559487
6392.6   0.0009605372599925
6393.5   0.0009536835459775
6394.4   0.0009597502790155
6395.3   0.0009724298019792
6396.2   0.0009821152049368
6397.1   0.0009856873447565
6398.0   0.0009810875827283
6398.9   0.0009675430100485
6399.8   0.0009533411466703
6400.7   0.0009532208614118
6401.6   0.0009652592872834
6402.5   0.0009756004252217
6403.4   0.0009786769275476
6404.3   0.0009769692445920
6405.2   0.0009744163119626
6406.1   0.0009690146482111
6407.0   0.0009609916709691
6407.9   0.0009581355148309
6408.8   0.0009624786541647
6409.7   0.0009656236080663
6410.6   0.0009594988184751
6411.5   0.0009511920641946
6412.4   0.0009529037071587
6413.3   0.0009624229311878
6414.2   0.0009697134482843
6415.1   0.0009708035113413
6416.0   0.0009699518266538
6416.9   0.0009706005609051
6417.8   0.0009701344820463
6418.7   0.0009642907116304
6419.6   0.0009528231634142
6420.5   0.0009435609156517
6421.4   0.0009455987643169
6422.3   0.0009585365364070
6423.2   0.0009733460489483
6424.1   0.0009818495307944
6425.0   0.0009849550967543
6425.9   0.0009860637577083
6426.8   0.0009853447333059
6427.7   0.0009830567676746
6428.6   0.0009765526658396
6429.5   0.0009644146033252
6430.4   0.0009528242948452
6431.3   0.0009495026962782
6432.2   0.0009550740746802
6433.1   0.0009632314800683
6434.0   0.0009710472640080
6434.9   0.0009769886203479
6435.8   0.0009770003589445
6436.7   0.0009695493907889
6437.6   0.0009574991556062
6438.5   0.0009488907335345
6439.4   0.0009500319938443
6440.3   0.0009581997235403
6441.2   0.0009664497648418
6442.1   0.0009702240772389
6443.0   0.0009715948058990
6443.9   0.0009736641224890
6444.8   0.0009752574601989
6445.7   0.0009760595033511
6446.6   0.0009760674233682
6447.5   0.0009729662417034
6448.4   0.0009646196044801
6449.3   0.0009548356255963
6450.2   0.0009540833654082
6451.1   0.0009636807996054
6452.0   0.0009732786580891
6452.9   0.0009759848289049
6453.8   0.0009721150520170
6454.7   0.0009635644743554
6455.6   0.0009545004391617
6456.5   0.0009525321735031
6457.4   0.0009587608426034
6458.3   0.0009651856028393
6459.2   0.0009668374921037
6460.1   0.0009610349482049
6461.0   0.0009457336167496
6461.9   0.0009279100427309
6462.8   0.0009230878837962
6463.7   0.0009364268188913
6464.6   0.0009529717344478
6465.5   0.0009607121367969
6466.4   0.0009614177961705
6467.3   0.0009590488625081
6468.2   0.0009564562590792
6469.1   0.0009548849135594
6470.0   0.0009532986472932
6470.9   0.0009493329816278
6471.8   0.0009444024881746
6472.7   0.0009445142877006
6473.6   0.0009502449857306
6474.5   0.0009566634523816
6475.4   0.0009579102893469
6476.3   0.0009531352969422
6477.2   0.0009483769931447
6478.1   0.0009475856278726
6479.0   0.0009490774196500
6479.9   0.0009481413726384
6480.8   0.0009438804034812
6481.7   0.0009413523623339
6482.6   0.0009425022498051
6483.5   0.0009455698421119
6484.4   0.0009490421331456
6485.3   0.0009523620345661
6486.2   0.0009550310803021
6487.1   0.0009548525263469
6488.0   0.0009518980771404
6488.9   0.0009483043694172
6489.8   0.0009458821877832
6490.7   0.0009452265942314
6491.6   0.0009413182779749
6492.5   0.0009294131488183
6493.4   0.0009125257632402
6494.3   0.0008998199345057
6495.2   0.0008984451751226
6496.1   0.0009057854751833
6497.0   0.0009157465937334
6497.9   0.0009242645013249
6498.8   0.0009296453750317
6499.7   0.0009342696749697
6500.6   0.0009393825409577
6501.5   0.0009433694209544
6502.4   0.0009462470035672
6503.3   0.0009498950906930
6504.2   0.0009545656378732
6505.1   0.0009568577756564
6506.0   0.0009558817749874
6506.9   0.0009541455233989
6507.8   0.0009526552873392
6508.7   0.0009513423323746
6509.6   0.0009498888678224
6510.5   0.0009494684704904
6511.4   0.0009493440130801
6512.3   0.0009460895932289
6513.2   0.0009407450667431
6514.1   0.0009370516516627
6515.0   0.0009364966140413
6515.9   0.0009364779454298
6516.8   0.0009352002062552
6517.7   0.0009349685457574
6518.6   0.0009358956827499
6519.5   0.0009363684794802
6520.4   0.0009368714712755
6521.3   0.0009392403342235
6522.2   0.0009434957169402
6523.1   0.0009457152309958
6524.0   0.0009443007300988
6524.9   0.0009411828598268
6525.8   0.0009385442920134
6526.7   0.0009379988715555
6527.6   0.0009375433291480
6528.5   0.0009360856217295
6529.4   0.0009354415546311
6530.3   0.0009358488697921
6531.2   0.0009364157874391
6532.1   0.0009355813570744
6533.0   0.0009341481168513
6533.9   0.0009336396800444
6534.8   0.0009333395679708
6535.7   0.0009342313477445
6536.6   0.0009366043828444
6537.5   0.0009383303101250
6538.4   0.0009376181450230
6539.3   0.0009336965344523
6540.2   0.0009269011598484
6541.1   0.0009179294777104
6542.0   0.0009105232010793
6542.9   0.0009077656915818
6543.8   0.0009064409273062
6544.7   0.0009022160225122
6545.6   0.0008955697139430
6546.5   0.0008939695876470
6547.4   0.0009006787613514
6548.3   0.0009072570426315
6549.2   0.0009078067059556
6550.1   0.0009051192744658
6551.0   0.0009038982482703
6551.9   0.0009037610622612
6552.8   0.0009001956403131
6553.7   0.0008923117583699
6554.6   0.0008824651972088
6555.5   0.0008731379628781
6556.4   0.0008647661513149
6557.3   0.0008549087001304
6558.2   0.0008402136742638
6559.1   0.0008142881349761
6560.0   0.0007652702303466
6560.9   0.0006815840776407
6561.8   0.0005810676766222
6562.7   0.0005249827478765
6563.6   0.0005576871853040
6564.5   0.0006504441264325
6565.4   0.0007412986016867
6566.3   0.0007998700975619
6567.2   0.0008308039161842
6568.1   0.0008470173224568
6569.0   0.0008581547049635
6569.9   0.0008683302296887
6570.8   0.0008777253498796
6571.7   0.0008860651278025
6572.6   0.0008919581154671
6573.5   0.0008955646225035
6574.4   0.0008985953725883
6575.3   0.0009016089390647
6576.2   0.0009055235489061
6577.1   0.0009105906626529
6578.0   0.0009157678787792
6578.9   0.0009188634740033
6579.8   0.0009195209061305
6580.7   0.0009216044363225
6581.6   0.0009249775150001
6582.5   0.0009257229158877
6583.4   0.0009245516726563
6584.3   0.0009247167201539
6585.2   0.0009260566173192
6586.1   0.0009254295216858
6587.0   0.0009229945407385
6587.9   0.0009213178307065
6588.8   0.0009206642878734
6589.7   0.0009207913617179
6590.6   0.0009194877410592
6591.5   0.0009119747563417
6592.4   0.0008993591592297
6593.3   0.0008934700608592
6594.2   0.0009030722329237
6595.1   0.0009184590581342
6596.0   0.0009254683439120
6596.9   0.0009244984246847
6597.8   0.0009249098412832
6598.7   0.0009296859651189
6599.6   0.0009333358201057
6600.5   0.0009333730158999
6601.4   0.0009314112559696
6602.3   0.0009286681722173
6603.2   0.0009273591772613
6604.1   0.0009278256804067
6605.0   0.0009278933541236
6605.9   0.0009254336231231
6606.8   0.0009214236195053
6607.7   0.0009196117034685
6608.6   0.0009188953662147
6609.5   0.0009174414773759
6610.4   0.0009175803605315
6611.3   0.0009193428471764
6612.2   0.0009215259432966
6613.1   0.0009243135064302
6614.0   0.0009274023837828
6614.9   0.0009287591109842
6615.8   0.0009273011207080
6616.7   0.0009251386024891
6617.6   0.0009233565279450
6618.5   0.0009212927270811
6619.4   0.0009184381973751
6620.3   0.0009161746282248
6621.2   0.0009158105902995
6622.1   0.0009143172428045
6623.0   0.0009112048882586
6623.9   0.0009103223013619
6624.8   0.0009122180847218
6625.7   0.0009137070479217
6626.6   0.0009128728297003
6627.5   0.0009116926764498
6628.4   0.0009111534788624
6629.3   0.0009107108064825
6630.2   0.0009111551760089
6631.1   0.0009106853492850
6632.0   0.0009082055353842
6632.9   0.0009059713834400
6633.8   0.0009061937096320
6634.7   0.0009093951643694
6635.6   0.0009133872065201
6636.5   0.0009164792660223
6637.4   0.0009178874026199
6638.3   0.0009184177609026
6639.2   0.0009204066044625
6640.1   0.0009220782937694
6641.0   0.0009215477940579
6641.9   0.0009196552635621
6642.8   0.0009161066009357
6643.7   0.0009125799304994
6644.6   0.0009113950393816
6645.5   0.0009126868507292
6646.4   0.0009153740700757
6647.3   0.0009179114455288
6648.2   0.0009199866314171
6649.1   0.0009210806544825
6650.0   0.0009209004740953
6650.9   0.0009192773656071
6651.8   0.0009169979564227
6652.7   0.0009173158885346
6653.6   0.0009206699450284
6654.5   0.0009240789466404
6655.4   0.0009248700290548
6656.3   0.0009231000466795
6657.2   0.0009210690573147
6658.1   0.0009189875071270
6659.0   0.0009168396975112
6659.9   0.0009162746891541
6660.8   0.0009166691342875
6661.7   0.0009153564621807
6662.6   0.0009107871073608
6663.5   0.0009065776890287
6664.4   0.0009069482326821
6665.3   0.0009100927622972
6666.2   0.0009126087819900
6667.1   0.0009127712130534
6668.0   0.0009113354271106
6668.9   0.0009093673028809
6669.8   0.0009070931972794
6670.7   0.0009056318127102
6671.6   0.0009045211717519
6672.5   0.0009043256463317
6673.4   0.0009065838411847
6674.3   0.0009103127549128
6675.2   0.0009133000156184
6676.1   0.0009098800532686
6677.0   0.0008985529439257
6677.9   0.0008895870603715
6678.8   0.0008921619851909
6679.7   0.0009019371954844
6680.6   0.0009088133259761
6681.5   0.0009109129790599
6682.4   0.0009114033836852
6683.3   0.0009119957585297
6684.2   0.0009126278041738
6685.1   0.0009116829885718
6686.0   0.0009109320719580
6686.9   0.0009133239170983
6687.8   0.0009163451207340
6688.7   0.0009153633921956
6689.6   0.0009101603652996
6690.5   0.0009062562919094
6691.4   0.0009053565214043
6692.3   0.0009039524862440
6693.2   0.0009020932622484
6694.1   0.0009008016630441
6695.0   0.0008998446845589
6695.9   0.0008989487326334
6696.8   0.0008980725100360
6697.7   0.0008986567527202
6698.6   0.0008995623218092
6699.5   0.0008995028509671
6700.4   0.0008997186714309
6701.3   0.0008993614220917
6702.2   0.0008979758433997
6703.1   0.0008974511422721
6704.0   0.0008991277815896
6704.9   0.0009018527624458
6705.8   0.0009030274706847
6706.7   0.0009017116871426
6707.6   0.0008993919000144
6708.5   0.0009001505245018
6709.4   0.0009039802063036
6710.3   0.0009055978697801
6711.2   0.0009044136150922
6712.1   0.0009034630716208
6713.0   0.0009036091676491
6713.9   0.0009031547566725
6714.8   0.0009006149062141
6715.7   0.0008961743223852
6716.6   0.0008900474113608
6717.5   0.0008857085148933
6718.4   0.0008876564147938
6719.3   0.0008929885662530
6720.2   0.0008958244273475
6721.1   0.0008943469906010
6722.0   0.0008923959792652
6722.9   0.0008938783660224
6723.8   0.0008972685575940
6724.7   0.0008992390861145
6725.6   0.0008994455722726
6726.5   0.0009010723579115
6727.4   0.0009044660852049
6728.3   0.0009053665628544
6729.2   0.0009019296290396
6730.1   0.0008959763926741
6731.0   0.0008915831875185
6731.9   0.0008913503248752
6732.8   0.0008933471591665
6733.7   0.0008962531689832
6734.6   0.0008994239336546
6735.5   0.0009004702244746
6736.4   0.0008978600131508
6737.3   0.0008945149373905
6738.2   0.0008948687924367
6739.1   0.0008975581332163
6740.0   0.0008990606735882
6740.9   0.0008982976648056
6741.8   0.0008959407525975
6742.7   0.0008946624477075
6743.6   0.0008953982314316
6744.5   0.0008972309375131
6745.4   0.0008981306373038
6746.3   0.0008964314400806
6747.2   0.0008933479370254
6748.1   0.0008899318639696
6749.0   0.0008861415701097
6749.9   0.0008832565624810
6750.8   0.0008838021243677
6751.7   0.0008875931960865
6752.6   0.0008915177059492
6753.5   0.0008940021162884
6754.4   0.0008939968834200
6755.3   0.0008924671887040
6756.2   0.0008936290269152
6757.1   0.0008967939930027
6758.0   0.0008973723663885
6758.9   0.0008946944813478
6759.8   0.0008909728512068
6760.7   0.0008882784897021
6761.6   0.0008877251492272
6762.5   0.0008902903154543
6763.4   0.0008935698389308
6764.3   0.0008926450355148
6765.2   0.0008876686483915
6766.1   0.0008820996035660
6767.0   0.0008786903898107
6767.9   0.0008785215944480
6768.8   0.0008813224518958
6769.7   0.0008865955567996
6770.6   0.0008919314561241
6771.5   0.0008958050515916
6772.4   0.0008986533584272
6773.3   0.0008999530897918
6774.2   0.0008982507811334
6775.1   0.0008937087928009
6776.0   0.0008898074772737
6776.9   0.0008883487798532
6777.8   0.0008885623374550
6778.7   0.0008899380161257
6779.6   0.0008904323807596
6780.5   0.0008899746462044
6781.4   0.0008909500104434
6782.3   0.0008932606046948
6783.2   0.0008947668222175
6784.1   0.0008943192705414
6785.0   0.0008924810487338
6785.9   0.0008896243975946
6786.8   0.0008874640715233
6787.7   0.0008877437471243
6788.6   0.0008879014403204
6789.5   0.0008870686363877
6790.4   0.0008870718892519
6791.3   0.0008877197042155
6792.2   0.0008888710059755
6793.1   0.0008901365115523
6794.0   0.0008908653652615
6794.9   0.0008903215005213
6795.8   0.0008887509328603
6796.7   0.0008880168462827
6797.6   0.0008879022888936
6798.5   0.0008880600528041
6799.4   0.0008888049586907
6800.3   0.0008888378409042
6801.2   0.0008883149076375
6802.1   0.0008889430639875
6803.0   0.0008911928438224
6803.9   0.0008921643187674
6804.8   0.0008895753217748
6805.7   0.0008862449546176
6806.6   0.0008849793076119
6807.5   0.0008854605900748
6808.4   0.0008849629018623
6809.3   0.0008824397400113
6810.2   0.0008807168534515
6811.1   0.0008812595160463
6812.0   0.0008835715953009
6812.9   0.0008870109334066
6813.8   0.0008894983844666
6814.7   0.0008881299186685
6815.6   0.0008821479722414
6816.5   0.0008765197394315
6817.4   0.0008753552140717
6818.3   0.0008761365378937
6819.2   0.0008770220947968
6820.1   0.0008791682072662
6821.0   0.0008828238608368
6821.9   0.0008861873930653
6822.8   0.0008882014109650
6823.7   0.0008895416617025
6824.6   0.0008897946072461
6825.5   0.0008886267583077
6826.4   0.0008857964129393
6827.3   0.0008817366263573
6828.2   0.0008794985851190
6829.1   0.0008797597335374
6830.0   0.0008802995675547
6830.9   0.0008801119621515
6831.8   0.0008802553710311
6832.7   0.0008821790865939
6833.6   0.0008844827508304
6834.5   0.0008852130895429
6835.4   0.0008834945872782
6836.3   0.0008799172853046
6837.2   0.0008775414923416
6838.1   0.0008770720191898
6839.0   0.0008768626337399
6839.9   0.0008765096272669
6840.8   0.0008755277572997
6841.7   0.0008737696549499
6842.6   0.0008722777217436
6843.5   0.0008727747735261
6844.4   0.0008747837707008
6845.3   0.0008767743821216
6846.2   0.0008803323790538
6847.1   0.0008850896928491
6848.0   0.0008874964587357
6848.9   0.0008873257540832
6849.8   0.0008880532642181
6850.7   0.0008911842873755
6851.6   0.0008940177441791
6852.5   0.0008936305119183
6853.4   0.0008889391746934
6854.3   0.0008823845120354
6855.2   0.0008784487585771
6856.1   0.0008772855767917
6857.0   0.0008769457939186
6857.9   0.0008771553915119
6858.8   0.0008784195535144
6859.7   0.0008814196842476
6860.6   0.0008847971472204
6861.5   0.0008858706630989
6862.4   0.0008816920762616
6863.3   0.0008708861323244
6864.2   0.0008593727611526
6865.1   0.0008581734442894
6866.0   0.0008700681077093
6866.9   0.0008815615374096
6867.8   0.0008806942955459
6868.7   0.0008728420936708
6869.6   0.0008674428342102
6870.5   0.0008671388328426
6871.4   0.0008686845090215
6872.3   0.0008692097758646
6873.2   0.0008698421750809
6874.1   0.0008712331987846
6875.0   0.0008732842710496
6875.9   0.0008756570940062
6876.8   0.0008781975101801
6877.7   0.0008809923569007
6878.6   0.0008817364849285
6879.5   0.0008799462075096
6880.4   0.0008781156228612
6881.3   0.0008768443894149
6882.2   0.0008752919246500
6883.1   0.0008750013590255
6884.0   0.0008781483636459
6884.9   0.0008791626915400
6885.8   0.0008732281945006
6886.7   0.0008692264644719
6887.6   0.0008730429226738
6888.5   0.0008760738849019
6889.4   0.0008738688673060
6890.3   0.0008746209153508
6891.2   0.0008795688045557
6892.1   0.0008774546550122
6893.0   0.0008682975596185
6893.9   0.0008643272268002
6894.8   0.0008673923441017
6895.7   0.0008674975671849
6896.6   0.0008624460106144
6897.5   0.0008627536891328
6898.4   0.0008705495316010
6899.3   0.0008734264777838
6900.2   0.0008657582041612
6901.1   0.0008566823596564
6902.0   0.0008584077919359
6902.9   0.0008689019559174
6903.8   0.0008726807940384
6904.7   0.0008652091065526
6905.6   0.0008571157684450
6906.5   0.0008586084795101
6907.4   0.0008676234388840
6908.3   0.0008731494186170
6909.2   0.0008711164492479
6910.1   0.0008677298641127
6911.0   0.0008693428604364
6911.9   0.0008725071193795
6912.8   0.0008702496316708
6913.7   0.0008645855466410
6914.6   0.0008621676785877
6915.5   0.0008665615201733
6916.4   0.0008743971748699
6917.3   0.0008784267663870
6918.2   0.0008760809563457
6919.1   0.0008690584469680
6920.0   0.0008617552719871
6920.9   0.0008600094032351
6921.8   0.0008642627352330
6922.7   0.0008678556650974
6923.6   0.0008657023397554
6924.5   0.0008606862111182
6925.4   0.0008567566098160
6926.3   0.0008556653446136
6927.2   0.0008584860728185
6928.1   0.0008619669910135
6929.0   0.0008624120676843
6929.9   0.0008605014342925
6930.8   0.0008596419003024
6931.7   0.0008618073885277
6932.6   0.0008641585728663
6933.5   0.0008650350076070
6934.4   0.0008657486577121
6935.3   0.0008662338294691
6936.2   0.0008662830467177
6937.1   0.0008663339611128
6938.0   0.0008665653387529
6938.9   0.0008662329101814
6939.8   0.0008651844272138
6940.7   0.0008651498478538
6941.6   0.0008662019372577
6942.5   0.0008664149291440
6943.4   0.0008652726081176
6944.3   0.0008650502112111
6945.2   0.0008672393180585
6946.1   0.0008683988934077
6947.0   0.0008655144514945
6947.9   0.0008606318317156
6948.8   0.0008592837316756
6949.7   0.0008629997753759
6950.6   0.0008662611959564
6951.5   0.0008672697959812
6952.4   0.0008675565430260
6953.3   0.0008660851170066
6954.2   0.0008625598608591
6955.1   0.0008583408253634
6956.0   0.0008565037349868
6956.9   0.0008578273678314
6957.8   0.0008594164626751
6958.7   0.0008613227117718
6959.6   0.0008647295919506
6960.5   0.0008682032265586
6961.4   0.0008693333847017
6962.3   0.0008675856066599
6963.2   0.0008657829542144
6964.1   0.0008648595650871
6965.0   0.0008633061810344
6965.9   0.0008608981422879
6966.8   0.0008585321079174
6967.7   0.0008576727860706
6968.6   0.0008586043780727
6969.5   0.0008609805953223
6970.4   0.0008621480199740
6971.3   0.0008597701055780
6972.2   0.0008568667121955
6973.1   0.0008560640326133
6974.0   0.0008566187166625
6974.9   0.0008561502335128
6975.8   0.0008529262208699
6976.7   0.0008470642061290
6977.6   0.0008396927210013
6978.5   0.0008348404377162
6979.4   0.0008361543826829
6980.3   0.0008426323908904
6981.2   0.0008500372532326
6982.1   0.0008544612191687
6983.0   0.0008564581948889
6983.9   0.0008571829471608
6984.8   0.0008560341204061
6985.7   0.0008546349645421
6986.6   0.0008546266909529
6987.5   0.0008552549180173
6988.4   0.0008551033062629
6989.3   0.0008541130919920
6990.2   0.0008533135238451
6991.1   0.0008525378571781
6992.0   0.0008523594446518
6992.9   0.0008532179886397
6993.8   0.0008541224970122
6994.7   0.0008549630088185
6995.6   0.0008555775879964
6996.5   0.0008569542566693
6997.4   0.0008594016126432
6998.3   0.0008605189714730
6999.2   0.0008594271405552
7000.1   0.0008568504478748
7001.0   0.0008547428747740
7001.9   0.0008541237698721
7002.8   0.0008526157844884
7003.7   0.0008490779411710
7004.6   0.0008456897296037
7005.5   0.0008460278860447
7006.4   0.0008501088869580
7007.3   0.0008539935138778
7008.2   0.0008554954178198
7009.1   0.0008547778077062
7010.0   0.0008531503856373
7010.9   0.0008515506129135
7011.8   0.0008508607228595
7012.7   0.0008524394226808
7013.6   0.0008543028188283
7014.5   0.0008522385936778
7015.4   0.0008453000930521
7016.3   0.0008377399418046
7017.2   0.0008348156169486
7018.1   0.0008373755503072
7019.0   0.0008429200572229
7019.9   0.0008480659468533
7020.8   0.0008510169310523
7021.7   0.0008518449971176
7022.6   0.0008493526667614
7023.5   0.0008449071329218
7024.4   0.0008430964897449
7025.3   0.0008444906248839
7026.2   0.0008457798905118
7027.1   0.0008447447725729
7028.0   0.0008429590208780
7028.9   0.0008428090355557
7029.8   0.0008451194176638
7030.7   0.0008499042393753
7031.6   0.0008539408316218
7032.5   0.0008540797147774
7033.4   0.0008515808786929
7034.3   0.0008501218277001
7035.2   0.0008525611222281
7036.1   0.0008567658026929
7037.0   0.0008579096087224
7037.9   0.0008553211067310
7038.8   0.0008528072084712
7039.7   0.0008526424438314
7040.6   0.0008522469379814
7041.5   0.0008493083288090
7042.4   0.0008446385594875
7043.3   0.0008409136057680
7044.2   0.0008399338572338
7045.1   0.0008388758985316
7046.0   0.0008358078112238
7046.9   0.0008332751736380
7047.8   0.0008333834374421
7048.7   0.0008362117320918
7049.6   0.0008394569590661
7050.5   0.0008406807431247
7051.4   0.0008393057715983
7052.3   0.0008373009465755
7053.2   0.0008389192464819
7054.1   0.0008443805225044
7055.0   0.0008497589919203
7055.9   0.0008532923095137
7056.8   0.0008561989557604
7057.7   0.0008580549268919
7058.6   0.0008556151373629
7059.5   0.0008508161727637
7060.4   0.0008505733393847
7061.3   0.0008560789533596
7062.2   0.0008612363694434
7063.1   0.0008607268719198
7064.0   0.0008563304846145
7064.9   0.0008521217734267
7065.8   0.0008491210062635
7066.7   0.0008481341155712
7067.6   0.0008493972168571
7068.5   0.0008511620370785
7069.4   0.0008508223956343
7070.3   0.0008466640331261
7071.2   0.0008409488215579
7072.1   0.0008378231726978
7073.0   0.0008391858399120
7073.9   0.0008429998938230
7074.8   0.0008463859132427
7075.7   0.0008483324695689
7076.6   0.0008470052302880
7077.5   0.0008430651632490
7078.4   0.0008402561029264
7079.3   0.0008393455131123
7080.2   0.0008385287613570
7081.1   0.0008368041776507
7082.0   0.0008346618837611
7082.9   0.0008314889269421
7083.8   0.0008274082796010
7084.7   0.0008263342687214
7085.6   0.0008296303393764
7086.5   0.0008336754173553
7087.4   0.0008352945658350
7088.3   0.0008355036684273
7089.2   0.0008356173772431
7090.1   0.0008338701649167
7091.0   0.0008313272737375
7091.9   0.0008308047647575
7092.8   0.0008315812092833
7093.7   0.0008319483586437
7094.6   0.0008311537405075
7095.5   0.0008297861939971
7096.4   0.0008285285377228
7097.3   0.0008282033927383
7098.2   0.0008305125019865
7099.1   0.0008349254364703
7100.0   0.0008385136991818
7100.9   0.0008381709463023
7101.8   0.0008350462167299
7102.7   0.0008345807743010
7103.6   0.0008381274569232
7104.5   0.0008421136297755
7105.4   0.0008433217152289
7106.3   0.0008424489576390
7107.2   0.0008418852928562
7108.1   0.0008401870149208
7109.0   0.0008366757602319
7109.9   0.0008333386044886
7110.8   0.0008303490809210
7111.7   0.0008280273137885
7112.6   0.0008277479917596
7113.5   0.0008289075671088
7114.4   0.0008278042097376
7115.3   0.0008238403119331
7116.2   0.0008221451454329
7117.1   0.0008248432548028
7118.0   0.0008294952748004
7118.9   0.0008326900823806
7119.8   0.0008314123432061
7120.7   0.0008255692092201
7121.6   0.0008182827228465
7122.5   0.0008142943578466
7123.4   0.0008155837649034
7124.3   0.0008201966798169
7125.2   0.0008252002919987
7126.1   0.0008281403154599
7127.0   0.0008297760111180
7127.9   0.0008314769762021
7128.8   0.0008322173563647
7129.7   0.0008312458814198
7130.6   0.0008290086180403
7131.5   0.0008272203913401
7132.4   0.0008265137419643
7133.3   0.0008254842104660
7134.2   0.0008245125233778
7135.1   0.0008250315673504
7136.0   0.0008272160070449
7136.9   0.0008296070743264
7137.8   0.0008301544747885
7138.7   0.0008284127781883
7139.6   0.0008249189899656
7140.5   0.0008212598006731
7141.4   0.0008192119105577
7142.3   0.0008191155267792
7143.2   0.0008207928025266
7144.1   0.0008231679590596
7145.0   0.0008238921456160
7145.9   0.0008189856243571
7146.8   0.0008077080151206
7147.7   0.0007980226828774
7148.6   0.0007973001934675
7149.5   0.0008036872629082
7150.4   0.0008110156122289
7151.3   0.0008154257888496
7152.2   0.0008172306334426
7153.1   0.0008172897507125
7154.0   0.0008159035355906
7154.9   0.0008145349283636
7155.8   0.0008148721655169
7156.7   0.0008168085389641
7157.6   0.0008169815771931
7158.5   0.0008142422413060
7159.4   0.0008121851583138
7160.3   0.0008136097006609
7161.2   0.0008169797386177
7162.1   0.0008167609481475
7163.0   0.0008093087778465
7163.9   0.0007986179570138
7164.8   0.0007941052444585
7165.7   0.0007992973106167
7166.6   0.0008064312659481
7167.5   0.0008092620356031
7168.4   0.0008095872513021
7169.3   0.0008097827767223
7170.2   0.0008111044295626
7171.1   0.0008144043895117
7172.0   0.0008176322914487
7172.9   0.0008171634547268
7173.8   0.0008136548164722
7174.7   0.0008123076357198
7175.6   0.0008143934994882
7176.5   0.0008152302634294
7177.4   0.0008123817444505
7178.3   0.0008091225160176
7179.2   0.0008074277738040
7180.1   0.0008034032737264
7181.0   0.0007959356876779
7181.9   0.0007902008174961
7182.8   0.0007893630635528
7183.7   0.0007928002095110
7184.6   0.0007989183519451
7185.5   0.0008033512986147
7186.4   0.0008007236208248
7187.3   0.0007934753202475
7188.2   0.0007895129074463
7189.1   0.0007915070545890
7190.0   0.0007953153806306
7190.9   0.0007959605084456
7191.8   0.0007935782804688
7192.7   0.0007916276227053
7193.6   0.0007907314586365
7194.5   0.0007900033827861
7195.4   0.0007888289574050
7196.3   0.0007855766589869
7197.2   0.0007817061749546
7198.1   0.0007831309294451
7199.0   0.0007903643799904
7199.9   0.0007916571106258
7200.8   0.0007798230494791
7201.7   0.0007661172478812
7202.6   0.0007628965588168
7203.5   0.0007699185024790
7204.4   0.0007789691726440
7205.3   0.0007809679162252
7206.2   0.0007747128706397
7207.1   0.0007688662009318
7208.0   0.0007709560247088
7208.9   0.0007773805020870
7209.8   0.0007803226469813
7210.7   0.0007791656173519
7211.6   0.0007779197703887
7212.5   0.0007782517039592
7213.4   0.0007783662613483
7214.3   0.0007779498947392
7215.2   0.0007799572654818
7216.1   0.0007850647571725
7217.0   0.0007906540970416
7217.9   0.0007932471954716
7218.8   0.0007914915681271
7219.7   0.0007883169141617
7220.6   0.0007862864197980
7221.5   0.0007847708679695
7222.4   0.0007818000837279
7223.3   0.0007779178610989
7224.2   0.0007763454548625
7225.1   0.0007777627843371
7226.0   0.0007813736049542
7226.9   0.0007856323819638
7227.8   0.0007873859585895
7228.7   0.0007857665979665
7229.6   0.0007837053428224
7230.5   0.0007849919920161
7231.4   0.0007895553361089
7232.3   0.0007954805695570
7233.2   0.0008021987239949
7234.1   0.0008078630918824
7235.0   0.0008101683118365
7235.9   0.0008066528849959
7236.8   0.0007981181473682
7237.7   0.0007922950255681
7238.6   0.0007927465372528
7239.5   0.0007934935645725
7240.4   0.0007916465034601
7241.3   0.0007923870957660
7242.2   0.0007975592204528
7243.1   0.0008013751129392
7244.0   0.0008009484220222
7244.9   0.0007993100392154
7245.8   0.0007986118755722
7246.7   0.0007970796351364
7247.6   0.0007905040410049
7248.5   0.0007780490363808
7249.4   0.0007658539780297
7250.3   0.0007622175587862
7251.2   0.0007683136383158
7252.1   0.0007756128532881
7253.0   0.0007774500850936
7253.9   0.0007762612339673
7254.8   0.0007769746012146
7255.7   0.0007804200207620
7256.6   0.0007840351549598
7257.5   0.0007862241203784
7258.4   0.0007865721061262
7259.3   0.0007846500169955
7260.2   0.0007805866946916
7261.1   0.0007751837580802
7262.0   0.0007722947904430
7262.9   0.0007759993076901
7263.8   0.0007843100926935
7264.7   0.0007917106414551
7265.6   0.0007955435054065
7266.5   0.0007983088642067
7267.4   0.0008017198458229
7268.3   0.0008026829057497
7269.2   0.0007997993124098
7270.1   0.0007963909472278
7271.0   0.0007943478656942
7271.9   0.0007907235386194
7272.8   0.0007833065133939
7273.7   0.0007757617071794
7274.6   0.0007734563457965
7275.5   0.0007761006414793
7276.4   0.0007770767835771
7277.3   0.0007731039050390
7278.2   0.0007684979201404
7279.1   0.0007668545873230
7280.0   0.0007672770353737
7280.9   0.0007666104810841
7281.8   0.0007633598090981
7282.7   0.0007597701320979
7283.6   0.0007584071820259
7284.5   0.0007607292320162
7285.4   0.0007651913837486
7286.3   0.0007664653043435
7287.2   0.0007621913944442
7288.1   0.0007564742028718
7289.0   0.0007545584780404
7289.9   0.0007566495746772
7290.8   0.0007595067915319
7291.7   0.0007624018406108
7292.6   0.0007675443359482
7293.5   0.0007761577080305
7294.4   0.0007846869299320
7295.3   0.0007889295840498
7296.2   0.0007899665405640
7297.1   0.0007902991812789
7298.0   0.0007908247309798
7298.9   0.0007921662545771
7299.8   0.0007949170462031
7300.7   0.0007984124608579
7301.6   0.0008006846571696
7302.5   0.0008012206018928
7303.4   0.0008001015459165
7304.3   0.0007973447435633
7305.2   0.0007947517158478
7306.1   0.0007937260736436
7307.0   0.0007945148931960
7307.9   0.0007962903912974
7308.8   0.0007967058386188
7309.7   0.0007945906990732
7310.6   0.0007912077910887
7311.5   0.0007890246949685
7312.4   0.0007897220100385
7313.3   0.0007933862200561
7314.2   0.0007978154895749
7315.1   0.0007996510242340
7316.0   0.0007995334261241
7316.9   0.0007999690270602
7317.8   0.0008005754033634
7318.7   0.0007997619044722
7319.6   0.0007971171845028
7320.5   0.0007951618595864
7321.4   0.0007958767118369
7322.3   0.0007968225881554
7323.2   0.0007942316111586
7324.1   0.0007873311549003
7325.0   0.0007810644414326
7325.9   0.0007808447316747
7326.8   0.0007855770832735
7327.7   0.0007910135385284
7328.6   0.0007944934667213
7329.5   0.0007951955903731
7330.4   0.0007929717627368
7331.3   0.0007887994694845
7332.2   0.0007848146402064
7333.1   0.0007818201666282
7334.0   0.0007803135248188
7334.9   0.0007815539974847
7335.8   0.0007858644667483
7336.7   0.0007915698490097
7337.6   0.0007954372216067
7338.5   0.0007955302110923
7339.4   0.0007918502317551
7340.3   0.0007866696213358
7341.2   0.0007844184979265
7342.1   0.0007868834617954
7343.0   0.0007908489153175
7343.9   0.0007918355938665
7344.8   0.0007906731899398
7345.7   0.0007924802266804
7346.6   0.0007981223195201
7347.5   0.0008033355292951
7348.4   0.0008040694744439
7349.3   0.0007999933528268
7350.2   0.0007940942130062
7351.1   0.0007896169283841
7352.0   0.0007888591524699
7352.9   0.0007905832411751
7353.8   0.0007910949308462
7354.7   0.0007909141140290
7355.6   0.0007932220211318
7356.5   0.0007981986911128
7357.4   0.0008027997260008
7358.3   0.0008044270066408
7359.2   0.0008036119520321
7360.1   0.0008013456957331
7361.0   0.0007980689301196
7361.9   0.0007946921035768
7362.8   0.0007923876614815
7363.7   0.0007923725993063
7364.6   0.0007949644248763
7365.5   0.0007996673592691
7366.4   0.0008038535832656
7367.3   0.0008040295207866
7368.2   0.0008009634134830
7369.1   0.0007979944678167
7370.0   0.0007966891500115
7370.9   0.0007968040609727
7371.8   0.0007970036171159
7372.7   0.0007955757511901
7373.6   0.0007919112583148
7374.5   0.0007879975677611
7375.4   0.0007856192997928
7376.3   0.0007851081051228
7377.2   0.0007864547908741
7378.1   0.0007866982606831
7379.0   0.0007823004590889
7379.9   0.0007740164041429
7380.8   0.0007655217616015
7381.7   0.0007594987300860
7382.6   0.0007556814233109
7383.5   0.0007534979029040
7384.4   0.0007519665110415
7385.3   0.0007486328910201
7386.2   0.0007430516125969
7387.1   0.0007382588001539
7388.0   0.0007384073711874
7388.9   0.0007435826780239
7389.8   0.0007492403280398
7390.7   0.0007513589325929
7391.6   0.0007491684821712
7392.5   0.0007455247793405
7393.4   0.0007442575059027
7394.3   0.0007466154788274
7395.2   0.0007512081694118
7396.1   0.0007556305796302
7397.0   0.0007586402568125
7397.9   0.0007597781935438
7398.8   0.0007595853552722
7399.7   0.0007599556160679
7400.6   0.0007614184856403
7401.5   0.0007630774463484
7402.4   0.0007638244736682
7403.3   0.0007627018819699
7404.2   0.0007602623045842
7405.1   0.0007580402448088
7406.0   0.0007572087844505
7406.9   0.0007569321495702
7407.8   0.0007562499673899
7408.7   0.0007572046122986
7409.6   0.0007595557259228
