3540.5   0.0003355087597254
3541.4   0.0003162894247579
3542.3   0.0003100897386412
3543.2   0.0003182466503221
3544.1   0.0003281324908421
3545.0   0.0003284717712533
3545.9   0.0003196490251501
3546.8   0.0003065522732688
3547.7   0.0002985693680318
3548.6   0.0003070508029153
3549.5   0.0003213716246360
3550.4   0.0003214049975894
3551.3   0.0003063628326801
3552.2   0.0002875986357502
3553.1   0.0002741524494151
3554.0   0.0002726974766463
3554.9   0.0002840654350757
3555.8   0.0002974964241937
3556.7   0.0002989638525881
3557.6   0.0002846318275738
3558.5   0.0002652408215921
3559.4   0.0002557373315475
3560.3   0.0002612363548756
3561.2   0.0002785438697729
3562.1   0.0002999595918555
3563.0   0.0003047879406678
3563.9   0.0002741501139853
3564.8   0.0002243182020546
3565.7   0.0001969080916740
3566.6   0.0002061740786614
3567.5   0.0002215776259480
3568.4   0.0002132283628529
3569.3   0.0001897930524608
3570.2   0.0001797877327059
3571.1   0.0001950601405319
3572.0   0.0002279278457467
3572.9   0.0002561387716230
3573.8   0.0002657327172641
3574.7   0.0002670107389166
3575.6   0.0002708745552192
3576.5   0.0002709942544584
3577.4   0.0002522806923544
3578.3   0.0002182355920495
3579.2   0.0001850545838492
3580.1   0.0001526802466425
3581.0   0.0001247207687087
3581.9   0.0001213387786524
3582.8   0.0001388278986021
3583.7   0.0001459810831688
3584.6   0.0001337115811408
3585.5   0.0001245816160161
3586.4   0.0001314408410485
3587.3   0.0001470146800918
3588.2   0.0001612932779185
3589.1   0.0001791410894242
3590.0   0.0002215428991222
3590.9   0.0002805869816144
3591.8   0.0003128673431566
3592.7   0.0003068483313052
3593.6   0.0003015511364978
3594.5   0.0003258645854201
3595.4   0.0003648671431894
3596.3   0.0003918614286008
3597.2   0.0004001634415509
3598.1   0.0004010346584088
3599.0   0.0004098737525205
3599.9   0.0004259980337532
3600.8   0.0004190000706516
3601.7   0.0003724790197085
3602.6   0.0003226279166373
3603.5   0.0002982866794850
3604.4   0.0002837805295628
3605.3   0.0002746686809425
3606.2   0.0002834829653435
3607.1   0.0002835435849780
3608.0   0.0002441914065975
3608.9   0.0001998898432165
3609.8   0.0002005508375451
3610.7   0.0002422352979779
3611.6   0.0002817818755046
3612.5   0.0002903330517376
3613.4   0.0002881846932441
3614.3   0.0003093385087204
3615.2   0.0003420218334445
3616.1   0.0003451911809246
3617.0   0.0002973860835970
3617.9   0.0002193608969009
3618.8   0.0001720575446666
3619.7   0.0001934553787108
3620.6   0.0002568517884966
3621.5   0.0003204338987988
3622.4   0.0003549285354945
3623.3   0.0003516277608559
3624.2   0.0003470820328969
3625.1   0.0003771894800859
3626.0   0.0004197652454576
3626.9   0.0004368266094380
3627.8   0.0004275764119868
3628.7   0.0004023452068446
3629.6   0.0003457555087673
3630.5   0.0002630179662726
3631.4   0.0002159237703931
3632.3   0.0002354823688484
3633.2   0.0002711167291360
3634.1   0.0002856323392412
3635.0   0.0002984168543115
3635.9   0.0003173938122814
3636.8   0.0003323658127561
3637.7   0.0003521368168599
3638.6   0.0003827620863763
3639.5   0.0004082894172486
3640.4   0.0004115302153420
3641.3   0.0003907031569576
3642.2   0.0003640781402300
3643.1   0.0003430041016820
3644.0   0.0003167920498682
3644.9   0.0002920212967125
3645.8   0.0002810692817161
3646.7   0.0002653903737167
3647.6   0.0002445529243620
3648.5   0.0002486004611426
3649.4   0.0002785543792070
3650.3   0.0003104579242271
3651.2   0.0003395207573568
3652.1   0.0003713429177252
3653.0   0.0003922660671997
3653.9   0.0003947757403768
3654.8   0.0003968600945548
3655.7   0.0004094318824320
3656.6   0.0004231997488377
3657.5   0.0004337249555754
3658.4   0.0004442997140412
3659.3   0.0004482243869060
3660.2   0.0004424850512355
3661.1   0.0004335999593106
3662.0   0.0004185250645372
3662.9   0.0003949492052717
3663.8   0.0003800511939210
3664.7   0.0003875414588563
3665.6   0.0004026560559364
3666.5   0.0004074148157098
3667.4   0.0003991010917638
3668.3   0.0003738584464002
3669.2   0.0003448499373985
3670.1   0.0003485436057934
3671.0   0.0003900199252757
3671.9   0.0004284141205040
3672.8   0.0004337090814221
3673.7   0.0004227305305276
3674.6   0.0004210932249999
3675.5   0.0004158432464907
3676.4   0.0003886231013243
3677.3   0.0003567505769045
3678.2   0.0003350009560533
3679.1   0.0003176164565895
3680.0   0.0003153893365721
3680.9   0.0003389890239909
3681.8   0.0003687060143939
3682.7   0.0003873628830932
3683.6   0.0003909607311724
3684.5   0.0003717181096005
3685.4   0.0003327094594056
3686.3   0.0002912024408678
3687.2   0.0002698946054881
3688.1   0.0002880832205114
3689.0   0.0003395524041230
3689.9   0.0003990272380271
3690.8   0.0004417854715449
3691.7   0.0004447719447173
3692.6   0.0004093262803886
3693.5   0.0003758018963133
3694.4   0.0003734855899547
3695.3   0.0003854807974444
3696.2   0.0003937825396201
3697.1   0.0004078846432624
3698.0   0.0004376185232229
3698.9   0.0004718134802737
3699.8   0.0004875886316738
3700.7   0.0004808549106083
3701.6   0.0004642573156018
3702.5   0.0004288500674011
3703.4   0.0003642791902741
3704.3   0.0002988138096848
3705.2   0.0002717025158555
3706.1   0.0002853125884387
3707.0   0.0003008161530452
3707.9   0.0002916208212710
3708.8   0.0002841231438847
3709.7   0.0003161987830040
3710.6   0.0003739289493029
3711.5   0.0004242618616971
3712.4   0.0004720011946752
3713.3   0.0005198237231093
3714.2   0.0005360658927769
3715.1   0.0005102147833319
3716.0   0.0004767070180397
3716.9   0.0004468415416866
3717.8   0.0003878967488080
3718.7   0.0002948327141898
3719.6   0.0002116439598873
3720.5   0.0001762486257633
3721.4   0.0001874387869062
3722.3   0.0002315420249112
3723.2   0.0002971337556376
3724.1   0.0003653800577295
3725.0   0.0004134950225915
3725.9   0.0004128817861101
3726.8   0.0003640892419833
3727.7   0.0003314712077533
3728.6   0.0003545236938147
3729.5   0.0003828894519177
3730.4   0.0003729396409292
3731.3   0.0003392742510485
3732.2   0.0002906844154595
3733.1   0.0002246067799462
3734.0   0.0001652023981746
3734.9   0.0001393560611297
3735.8   0.0001446234030518
3736.7   0.0001704781510287
3737.6   0.0002204743553692
3738.5   0.0002910797123391
3739.4   0.0003590596061992
3740.3   0.0003979555803676
3741.2   0.0003937252031260
3742.1   0.0003535692815009
3743.0   0.0003037899675110
3743.9   0.0002655341211136
3744.8   0.0002368121084248
3745.7   0.0002193049819728
3746.6   0.0002158459735032
3747.5   0.0002007180915506
3748.4   0.0001679227169661
3749.3   0.0001633774628625
3750.2   0.0002166559953308
3751.1   0.0002950313272637
3752.0   0.0003519979095567
3752.9   0.0003873091005140
3753.8   0.0004278928119553
3754.7   0.0004685477709290
3755.6   0.0004666211428799
3756.5   0.0003933389094974
3757.4   0.0002836471223660
3758.3   0.0002183976336465
3759.2   0.0002320390822215
3760.1   0.0002797248526247
3761.0   0.0003130058104513
3761.9   0.0003191308982014
3762.8   0.0003041769719226
3763.7   0.0003009729314634
3764.6   0.0003269591912159
3765.5   0.0003370581989375
3766.4   0.0003099515421210
3767.3   0.0003042253728591
3768.2   0.0003547023372714
3769.1   0.0004066521455677
3770.0   0.0004155588317566
3770.9   0.0004166241262160
3771.8   0.0004435928911335
3772.7   0.0004705589821532
3773.6   0.0004661016620588
3774.5   0.0004409026790784
3775.4   0.0004227270443063
3776.3   0.0004176135361301
3777.2   0.0004144134219008
3778.1   0.0004150196520928
3779.0   0.0004338299145294
3779.9   0.0004585583253273
3780.8   0.0004629270344765
3781.7   0.0004542020379571
3782.6   0.0004576370828861
3783.5   0.0004707545828612
3784.4   0.0004615841284915
3785.3   0.0004109987865974
3786.2   0.0003484727982695
3787.1   0.0003126540067209
3788.0   0.0002941093063459
3788.9   0.0002761034810134
3789.8   0.0002800903981595
3790.7   0.0003166976849653
3791.6   0.0003490986257637
3792.5   0.0003435340411670
3793.4   0.0003126467635038
3794.3   0.0002878745549353
3795.2   0.0002845817342968
3796.1   0.0002921909369181
3797.0   0.0002851403081820
3797.9   0.0002622671425135
3798.8   0.0002588117387290
3799.7   0.0002963062350099
3800.6   0.0003487890966975
3801.5   0.0003865283561760
3802.4   0.0004145832313404
3803.3   0.0004413495246479
3804.2   0.0004552555537270
3805.1   0.0004393854620283
3806.0   0.0003933398910549
3806.9   0.0003499212724510
3807.8   0.0003464038105426
3808.7   0.0003768159805510
3809.6   0.0004074201973524
3810.5   0.0004192425153428
3811.4   0.0004100608576795
3812.3   0.0003802633118716
3813.2   0.0003385016299446
3814.1   0.0002975376496067
3815.0   0.0002627684983685
3815.9   0.0002494638086175
3816.8   0.0002683169549609
3817.7   0.0002866666300237
3818.6   0.0002626684641252
3819.5   0.0002068645874073
3820.4   0.0001751005927798
3821.3   0.0001993896550764
3822.2   0.0002458134302910
3823.1   0.0002564339157955
3824.0   0.0002202201827587
3824.9   0.0001771094347274
3825.8   0.0001612178672285
3826.7   0.0001717155226639
3827.6   0.0001925194806013
3828.5   0.0002158228392094
3829.4   0.0002378510362202
3830.3   0.0002464148203894
3831.2   0.0002284232276399
3832.1   0.0001940054570470
3833.0   0.0001725511834492
3833.9   0.0001812766538239
3834.8   0.0002172916045528
3835.7   0.0002562677618112
3836.6   0.0002622850982456
3837.5   0.0002310749389501
3838.4   0.0001965869531523
3839.3   0.0001795841779979
3840.2   0.0001807694255476
3841.1   0.0002130531379238
3842.0   0.0002731886107650
3842.9   0.0003219605929555
3843.8   0.0003361691786582
3844.7   0.0003273165458229
3845.6   0.0003132426704191
3846.5   0.0003072563207382
3847.4   0.0003067714652025
3848.3   0.0002908266059031
3849.2   0.0002572856876617
3850.1   0.0002405869245437
3851.0   0.0002612427011523
3851.9   0.0002870581699077
3852.8   0.0002836788706727
3853.7   0.0002664214828992
3854.6   0.0002599878645637
3855.5   0.0002563015409264
3856.4   0.0002462541495881
3857.3   0.0002322093147462
3858.2   0.0002089013698956
3859.1   0.0001806282166614
3860.0   0.0001706514805364
3860.9   0.0001982220417141
3861.8   0.0002542490196720
3862.7   0.0003020369058973
3863.6   0.0003153951243764
3864.5   0.0003013284583428
3865.4   0.0002819792023998
3866.3   0.0002708663812149
3867.2   0.0002643773387300
3868.1   0.0002542255807569
3869.0   0.0002361626220112
3869.9   0.0002106564623178
3870.8   0.0001880580650430
3871.7   0.0001829248411007
3872.6   0.0002075958815577
3873.5   0.0002629356000634
3874.4   0.0003230534048704
3875.3   0.0003520093497780
3876.2   0.0003347609483323
3877.1   0.0002852339961487
3878.0   0.0002447980429512
3878.9   0.0002449465119779
3879.8   0.0002607032507140
3880.7   0.0002505697700176
3881.6   0.0002291264458625
3882.5   0.0002531144407950
3883.4   0.0003292946548682
3884.3   0.0003776278639531
3885.2   0.0003432548388414
3886.1   0.0002873898009400
3887.0   0.0002845053420494
3887.9   0.0003145473295102
3888.8   0.0003371412928531
3889.7   0.0003647088416647
3890.6   0.0004115560066103
3891.5   0.0004585248169867
3892.4   0.0004818783365653
3893.3   0.0004767516958273
3894.2   0.0004469660302493
3895.1   0.0004142629389890
3896.0   0.0004186433591339
3896.9   0.0004491315829216
3897.8   0.0004535886660884
3898.7   0.0004278491157251
3899.6   0.0004157379829154
3900.5   0.0004383998429567
3901.4   0.0004577424480018
3902.3   0.0004448519924200
3903.2   0.0004307517841989
3904.1   0.0004214838848668
3905.0   0.0003864235664560
3905.9   0.0003526888244642
3906.8   0.0003682765660841
3907.7   0.0004192667496579
3908.6   0.0004650964456849
3909.5   0.0004842502532307
3910.4   0.0004877542779560
3911.3   0.0005001068400527
3912.2   0.0005121899815516
3913.1   0.0005056447195174
3914.0   0.0004912905248433
3914.9   0.0004785788142586
3915.8   0.0004623478817315
3916.7   0.0004506773328316
3917.6   0.0004476112181182
3918.5   0.0004322382344999
3919.4   0.0003917098287443
3920.3   0.0003437215863344
3921.2   0.0003178839817661
3922.1   0.0003210814897911
3923.0   0.0003400593616249
3923.9   0.0003588694886743
3924.8   0.0003568794655523
3925.7   0.0003290785768410
3926.6   0.0002885101303105
3927.5   0.0002422847143187
3928.4   0.0001970936906499
3929.3   0.0001619967669155
3930.2   0.0001347848042151
3931.1   0.0001099632554612
3932.0   0.0000875792946433
3932.9   0.0000707185449294
3933.8   0.0000646971172620
3934.7   0.0000733899593130
3935.6   0.0000956978917367
3936.5   0.0001270080260436
3937.4   0.0001643741836873
3938.3   0.0002068870786117
3939.2   0.0002476785248418
3940.1   0.0002760415921235
3941.0   0.0002909066197591
3941.9   0.0002963793102700
3942.8   0.0002911242208927
3943.7   0.0002874562422257
3944.6   0.0003169693056057
3945.5   0.0003807673585479
3946.4   0.0004296967791694
3947.3   0.0004326041861964
3948.2   0.0004233830293072
3949.1   0.0004472861195199
3950.0   0.0004938126874928
3950.9   0.0005101303693908
3951.8   0.0004780306651905
3952.7   0.0004532904757031
3953.6   0.0004846912094554
3954.5   0.0005286448107188
3955.4   0.0005208817405048
3956.3   0.0004786606896890
3957.2   0.0004583981960750
3958.1   0.0004727861360175
3959.0   0.0004863735989324
3959.9   0.0004530128980243
3960.8   0.0003690789046862
3961.7   0.0002882425374403
3962.6   0.0002534251206528
3963.5   0.0002471251972119
3964.4   0.0002316047938181
3965.3   0.0001953435398617
3966.2   0.0001489802996646
3967.1   0.0001071023708728
3968.0   0.0000808569122588
3968.9   0.0000780610643135
3969.8   0.0000997379737577
3970.7   0.0001359149830070
3971.6   0.0001748583342460
3972.5   0.0002134955664847
3973.4   0.0002554850205115
3974.3   0.0003042908664341
3975.2   0.0003536489568887
3976.1   0.0003935731294142
3977.0   0.0004308516322848
3977.9   0.0004738288546554
3978.8   0.0005176467640624
3979.7   0.0005535604282160
3980.6   0.0005652419773288
3981.5   0.0005474291126531
3982.4   0.0005254566782598
3983.3   0.0005244501418604
3984.2   0.0005459736660290
3985.1   0.0005749012473108
3986.0   0.0005899414152584
3986.9   0.0005995513365932
3987.8   0.0006222179351878
3988.7   0.0006321135235887
3989.6   0.0006145341680467
3990.5   0.0006071182645504
3991.4   0.0006262589733811
3992.3   0.0006465318579654
3993.2   0.0006463339895213
3994.1   0.0006265239262002
3995.0   0.0006044450435933
3995.9   0.0005866550932071
3996.8   0.0005683001041953
3997.7   0.0005665080172110
3998.6   0.0006030693062038
3999.5   0.0006558655216470
4000.4   0.0006841770233155
4001.3   0.0006931110915727
4002.2   0.0007090571355104
4003.1   0.0007132074988961
4004.0   0.0006627777846288
4004.9   0.0005741889073733
4005.8   0.0005266131898688
4006.7   0.0005573911084928
4007.6   0.0006212893818358
4008.5   0.0006636955070020
4009.4   0.0006765947289072
4010.3   0.0006778575533426
4011.2   0.0006760649586563
4012.1   0.0006742046703523
4013.0   0.0006758348680502
4013.9   0.0006846806638301
4014.8   0.0007046406685141
4015.7   0.0007183046252169
4016.6   0.0007018305710623
4017.5   0.0006760581892945
4018.4   0.0006770239741361
4019.3   0.0006933571578725
4020.2   0.0006958695387943
4021.1   0.0006888800373949
4022.0   0.0006885923395203
4022.9   0.0006882903582924
4023.8   0.0006741425953050
4024.7   0.0006649073581434
4025.6   0.0006880702863418
4026.5   0.0007312563773693
4027.4   0.0007711149209326
4028.3   0.0007943385026123
4029.2   0.0007680845484493
4030.1   0.0006880114605881
4031.0   0.0006135715648052
4031.9   0.0005808840092300
4032.8   0.0005724312425936
4033.7   0.0005771161824771
4034.6   0.0006015805881666
4035.5   0.0006506763997000
4036.4   0.0007169839904320
4037.3   0.0007743749778602
4038.2   0.0007957007689719
4039.1   0.0007771084461369
4040.0   0.0007388942482377
4040.9   0.0007197033784363
4041.8   0.0007353846726357
4042.7   0.0007369286286648
4043.6   0.0006703257583730
4044.5   0.0005491682970753
4045.4   0.0004585773133871
4046.3   0.0004829678991866
4047.2   0.0005952220589763
4048.1   0.0006908533740402
4049.0   0.0007305710471853
4049.9   0.0007467090025287
4050.8   0.0007542028890725
4051.7   0.0007414692457557
4052.6   0.0007149063379222
4053.5   0.0006871944663179
4054.4   0.0006590742668126
4055.3   0.0006453680692925
4056.2   0.0006443416309695
4057.1   0.0006271179376942
4058.0   0.0006086758269966
4058.9   0.0006323571529182
4059.8   0.0006937667719523
4060.7   0.0007392126790146
4061.6   0.0007132278069814
4062.5   0.0006123991790428
4063.4   0.0005208080221553
4064.3   0.0005309619294008
4065.2   0.0006068503332121
4066.1   0.0006464969280588
4067.0   0.0006509567189703
4067.9   0.0006856404916334
4068.8   0.0007453425391648
4069.7   0.0007638553896927
4070.6   0.0007070058835113
4071.5   0.0006361366229734
4072.4   0.0006455058258042
4073.3   0.0007153093857211
4074.2   0.0007441148477169
4075.1   0.0006948251616628
4076.0   0.0006075628762304
4076.9   0.0005417994067963
4077.8   0.0005396755195456
4078.7   0.0005986064013858
4079.6   0.0006813992834129
4080.5   0.0007456578560353
4081.4   0.0007608843168184
4082.3   0.0007285751008718
4083.2   0.0006845737756080
4084.1   0.0006636016836480
4085.0   0.0006733596509244
4085.9   0.0007099001918234
4086.8   0.0007702704430536
4087.7   0.0008340329568466
4088.6   0.0008673595401714
4089.5   0.0008606961866213
4090.4   0.0008343587662279
4091.3   0.0008069741255708
4092.2   0.0007926296449308
4093.1   0.0008051709029865
4094.0   0.0008144108787014
4094.9   0.0007738969932267
4095.8   0.0007079322029739
4096.7   0.0006789283309851
4097.6   0.0006975268139392
4098.5   0.0007218439183169
4099.4   0.0007066066942486
4100.3   0.0006438455721401
4101.2   0.0005845102209350
4102.1   0.0005856114607053
4103.0   0.0006330024084807
4103.9   0.0006769895857784
4104.8   0.0007115529314959
4105.7   0.0007496162403216
4106.6   0.0007764830924980
4107.5   0.0007760762538565
4108.4   0.0007519261496334
4109.3   0.0007175257424533
4110.2   0.0006906146863447
4111.1   0.0006818354333908
4112.0   0.0006949690106001
4112.9   0.0007278713580237
4113.8   0.0007605570181775
4114.7   0.0007756434885595
4115.6   0.0007784782941817
4116.5   0.0007736446314205
4117.4   0.0007457958156279
4118.3   0.0006972400637753
4119.2   0.0006728792293207
4120.1   0.0006929423313842
4121.0   0.0007166646796381
4121.9   0.0007131757505895
4122.8   0.0006987193047060
4123.7   0.0007049786627465
4124.6   0.0007354814745088
4125.5   0.0007545933458585
4126.4   0.0007414464330066
4127.3   0.0007128657815147
4128.2   0.0006884605400470
4129.1   0.0006760219732091
4130.0   0.0006750407542227
4130.9   0.0006631635028616
4131.8   0.0006256866238447
4132.7   0.0005934891700606
4133.6   0.0005905847077060
4134.5   0.0006244558861840
4135.4   0.0006898112984916
4136.3   0.0007369935468441
4137.2   0.0007445423329117
4138.1   0.0007519616210889
4139.0   0.0007703441614031
4139.9   0.0007746910393606
4140.8   0.0007457684674064
4141.7   0.0006674424841207
4142.6   0.0005600266241050
4143.5   0.0005017460071549
4144.4   0.0005423960583414
4145.3   0.0006308324218765
4146.2   0.0006934615414308
4147.1   0.0007185501499677
4148.0   0.0007168850223632
4148.9   0.0006858325384264
4149.8   0.0006501213120361
4150.7   0.0006425960833474
4151.6   0.0006509531989022
4152.5   0.0006557718336803
4153.4   0.0006529064982366
4154.3   0.0006452615872321
4155.2   0.0006406190235531
4156.1   0.0006372591185396
4157.0   0.0006480536781816
4157.9   0.0006855269017431
4158.8   0.0007244751692311
4159.7   0.0007376578920067
4160.6   0.0007316903611515
4161.5   0.0007369069667072
4162.4   0.0007577362928278
4163.3   0.0007581522024140
4164.2   0.0007316672776279
4165.1   0.0007119188154988
4166.0   0.0007012298579002
4166.9   0.0006793185169966
4167.8   0.0006666821494083
4168.7   0.0006908377368145
4169.6   0.0007263269958329
4170.5   0.0007274532145481
4171.4   0.0006742853611445
4172.3   0.0006003585829825
4173.2   0.0005682598941865
4174.1   0.0005930882884575
4175.0   0.0006364807096314
4175.9   0.0006600483102755
4176.8   0.0006506895322618
4177.7   0.0006300921921686
4178.6   0.0006333773634283
4179.5   0.0006566123176358
4180.4   0.0006671665649355
4181.3   0.0006602174089322
4182.2   0.0006598387308356
4183.1   0.0006815899763336
4184.0   0.0007228445653716
4184.9   0.0007582225360827
4185.8   0.0007479971443770
4186.7   0.0006969383533219
4187.6   0.0006674787678997
4188.5   0.0006899064757179
4189.4   0.0007190562951461
4190.3   0.0007120568427849
4191.2   0.0006938934267108
4192.1   0.0007095533297270
4193.0   0.0007460044473572
4193.9   0.0007489973175764
4194.8   0.0007002054503857
4195.7   0.0006381362247422
4196.6   0.0006030041172501
4197.5   0.0005967622918565
4198.4   0.0006088338915936
4199.3   0.0006332876016915
4200.2   0.0006479012998485
4201.1   0.0006342120934264
4202.0   0.0006199478297232
4202.9   0.0006371417378068
4203.8   0.0006636464968228
4204.7   0.0006784041793044
4205.6   0.0007021621344011
4206.5   0.0007445136308179
4207.4   0.0007847261443072
4208.3   0.0007956847932782
4209.2   0.0007718055312188
4210.1   0.0007425024534404
4211.0   0.0007374263798347
4211.9   0.0007484546855381
4212.8   0.0007439266594601
4213.7   0.0007039906743984
4214.6   0.0006359719244019
4215.5   0.0005957805990148
4216.4   0.0006434306102645
4217.3   0.0007465010477355
4218.2   0.0008221879276474
4219.1   0.0008510747573715
4220.0   0.0008677606925490
4220.9   0.0008777771140572
4221.8   0.0008532391254055
4222.7   0.0007947454766410
4223.6   0.0007257226949090
4224.5   0.0006405262156035
4225.4   0.0005225613883903
4226.3   0.0004185773240100
4227.2   0.0004338391885550
4228.1   0.0005812774445352
4229.0   0.0007356831337955
4229.9   0.0008143518498669
4230.8   0.0008400450301022
4231.7   0.0008259465480684
4232.6   0.0007800042437086
4233.5   0.0007534026151258
4234.4   0.0007551765263737
4235.3   0.0007309908153077
4236.2   0.0006881662758915
4237.1   0.0006827155858062
4238.0   0.0007080945322688
4238.9   0.0007257325104835
4239.8   0.0007394052673566
4240.7   0.0007734487260913
4241.6   0.0008034120197217
4242.5   0.0008014823454597
4243.4   0.0008093226202446
4244.3   0.0008478556550825
4245.2   0.0008647409479637
4246.1   0.0008292207529621
4247.0   0.0007673940735502
4247.9   0.0007184144242645
4248.8   0.0006923434459497
4249.7   0.0006761838963423
4250.6   0.0006822927037774
4251.5   0.0007251908261559
4252.4   0.0007646519404905
4253.3   0.0007520039972935
4254.2   0.0007050586766025
4255.1   0.0006885472555710
4256.0   0.0007367983861447
4256.9   0.0008022495172275
4257.8   0.0008027731950528
4258.7   0.0007331922117505
4259.6   0.0006550093327722
4260.5   0.0006186231333213
4261.4   0.0006534470317728
4262.3   0.0007418517146949
4263.2   0.0008208136795175
4264.1   0.0008558315201833
4265.0   0.0008689231273496
4265.9   0.0008738274622476
4266.8   0.0008495358106701
4267.7   0.0008015842243542
4268.6   0.0007619576668183
4269.5   0.0007220908646337
4270.4   0.0006499497764092
4271.3   0.0005730057583258
4272.2   0.0005583553702280
4273.1   0.0005969538647942
4274.0   0.0006222763547797
4274.9   0.0006377184197347
4275.8   0.0006884111913998
4276.7   0.0007647788660234
4277.6   0.0008226988113791
4278.5   0.0008254179963025
4279.4   0.0007664175254234
4280.3   0.0007027491734525
4281.2   0.0006968089908187
4282.1   0.0007350145239350
4283.0   0.0007689350510602
4283.9   0.0007675056326320
4284.8   0.0007255338297160
4285.7   0.0006831835517844
4286.6   0.0006840882092893
4287.5   0.0007052589820168
4288.4   0.0006858794501033
4289.3   0.0006251888726749
4290.2   0.0005901382682982
4291.1   0.0006224085604148
4292.0   0.0006953288021773
4292.9   0.0007480973309310
4293.8   0.0007463413584917
4294.7   0.0007185427713634
4295.6   0.0006979452958829
4296.5   0.0006744847188481
4297.4   0.0006313478410805
4298.3   0.0005628238259226
4299.2   0.0004872755825395
4300.1   0.0004543634195413
4301.0   0.0004759588343317
4301.9   0.0005021642521710
4302.8   0.0005069056485315
4303.7   0.0005087896634484
4304.6   0.0005137566487894
4305.5   0.0005131968564191
4306.4   0.0004967368486902
4307.3   0.0004560453351630
4308.2   0.0004158868073336
4309.1   0.0004125343824648
4310.0   0.0004437303091772
4310.9   0.0004859272949119
4311.8   0.0005319611887362
4312.7   0.0005855919649435
4313.6   0.0006382582763347
4314.5   0.0007053351373366
4315.4   0.0008205594222900
4316.3   0.0009456402364270
4317.2   0.0010080190249836
4318.1   0.0010068065645996
4319.0   0.0009833732003991
4319.9   0.0009504177134857
4320.8   0.0009134814356986
4321.7   0.0008777069157758
4322.6   0.0008086148834731
4323.5   0.0006963853641601
4324.4   0.0005881955968617
4325.3   0.0005363052235617
4326.2   0.0005864864684058
4327.1   0.0007266833350357
4328.0   0.0008660781676848
4328.9   0.0009257930770035
4329.8   0.0009073524555655
4330.7   0.0008768220925008
4331.6   0.0008830290556814
4332.5   0.0009058481003026
4333.4   0.0009191473914876
4334.3   0.0009389102723573
4335.2   0.0009643691649822
4336.1   0.0009372306583186
4337.0   0.0008362005741742
4337.9   0.0007336888121288
4338.8   0.0006723579884655
4339.7   0.0006310272441078
4340.6   0.0006319430033660
4341.5   0.0007060830841169
4342.4   0.0007958082664366
4343.3   0.0008352678238180
4344.2   0.0008536848201835
4345.1   0.0008861329434333
4346.0   0.0008996220475219
4346.9   0.0008846418561195
4347.8   0.0008915048381477
4348.7   0.0009330098258770
4349.6   0.0009388339816503
4350.5   0.0008529009280922
4351.4   0.0007347078041538
4352.3   0.0006953064632836
4353.2   0.0007490396937810
4354.1   0.0008102760171541
4355.0   0.0008361896078081
4355.9   0.0008615565048068
4356.8   0.0008946579391597
4357.7   0.0008915053120031
4358.6   0.0008446006751761
4359.5   0.0008179733230187
4360.4   0.0008549481184742
4361.3   0.0009127856806974
4362.2   0.0009317666325907
4363.1   0.0009260406325629
4364.0   0.0009463753891136
4364.9   0.0009801253283226
4365.8   0.0009674200486316
4366.7   0.0009009086324171
4367.6   0.0008426211784117
4368.5   0.0008366960237611
4369.4   0.0008552859773194
4370.3   0.0008620124890146
4371.2   0.0008634682402601
4372.1   0.0008588734682752
4373.0   0.0008216084025876
4373.9   0.0007563624508596
4374.8   0.0007138742810290
4375.7   0.0007364483424483
4376.6   0.0008118699987666
4377.5   0.0008844772252416
4378.4   0.0009136001026101
4379.3   0.0009063089584509
4380.2   0.0008914414769217
4381.1   0.0008628937245279
4382.0   0.0007691221562191
4382.9   0.0006119692568777
4383.8   0.0005033680139251
4384.7   0.0005384821149150
4385.6   0.0006734631544657
4386.5   0.0007879500528431
4387.4   0.0008243905425753
4388.3   0.0008120062660188
4389.2   0.0007861745169484
4390.1   0.0007637640033090
4391.0   0.0007693589484933
4391.9   0.0008083905468245
4392.8   0.0008391351601887
4393.7   0.0008274102871607
4394.6   0.0007997403855993
4395.5   0.0008142638481641
4396.4   0.0008803900200011
4397.3   0.0009379561985115
4398.2   0.0009357433618474
4399.1   0.0008801524830971
4400.0   0.0008176024296881
4400.9   0.0008103842592486
4401.8   0.0008652706505210
4402.7   0.0008872139428120
4403.6   0.0008070098678009
4404.5   0.0007082592985339
4405.4   0.0007066785171769
4406.3   0.0007702239375384
4407.2   0.0007935208990995
4408.1   0.0007748078108508
4409.0   0.0007943261146803
4409.9   0.0008694832243412
4410.8   0.0009444442932857
4411.7   0.0009873156766853
4412.6   0.0009961333796139
4413.5   0.0009500143949123
4414.4   0.0008552596445022
4415.3   0.0007899533100673
4416.2   0.0008029090561433
4417.1   0.0008547444960726
4418.0   0.0009082693656152
4418.9   0.0009567005612115
4419.8   0.0009762274621304
4420.7   0.0009441713526198
4421.6   0.0008830874075797
4422.5   0.0008465185030550
4423.4   0.0008608253460436
4424.3   0.0008939424176221
4425.2   0.0009053555615413
4426.1   0.0008974299927984
4427.0   0.0008984086394273
4427.9   0.0009180087171468
4428.8   0.0009168977294955
4429.7   0.0008771131073627
4430.6   0.0008573970704764
4431.5   0.0008896801566866
4432.4   0.0009166106408635
4433.3   0.0008871448953221
4434.2   0.0008217797351336
4435.1   0.0007801996074888
4436.0   0.0008061764239816
4436.9   0.0008859654017299
4437.8   0.0009680611071898
4438.7   0.0010140272397030
4439.6   0.0010055277644705
4440.5   0.0009510261437203
4441.4   0.0008850239188970
4442.3   0.0008385691061587
4443.2   0.0008324383659915
4444.1   0.0008782113009202
4445.0   0.0009519216625868
4445.9   0.0009974930736161
4446.8   0.0009955047766813
4447.7   0.0009890343499413
4448.6   0.0009918106682780
4449.5   0.0009737020163404
4450.4   0.0009506798908665
4451.3   0.0009535865871105
4452.2   0.0009623087066512
4453.1   0.0009400443435321
4454.0   0.0008857650963155
4454.9   0.0008367292613273
4455.8   0.0008295060815601
4456.7   0.0008528376345598
4457.6   0.0008653122144022
4458.5   0.0008543227648353
4459.4   0.0008389977421450
4460.3   0.0008214828309270
4461.2   0.0007968994198579
4462.1   0.0008033118331677
4463.0   0.0008632080936878
4463.9   0.0009249873198738
4464.8   0.0009448683261061
4465.7   0.0009427365863958
4466.6   0.0009427350294426
4467.5   0.0009361676654422
4468.4   0.0009095671876509
4469.3   0.0008843010864488
4470.2   0.0008914818223178
4471.1   0.0009258467580422
4472.0   0.0009682725820511
4472.9   0.0010118867675160
4473.8   0.0010430887866540
4474.7   0.0010486907042809
4475.6   0.0010487725458645
4476.5   0.0010720872431534
4477.4   0.0010994570589082
4478.3   0.0010826280194232
4479.2   0.0010130432452783
4480.1   0.0009350601978590
4481.0   0.0008908905862621
4481.9   0.0008935466130403
4482.8   0.0009406981961840
4483.7   0.0010065797909808
4484.6   0.0010578513430760
4485.5   0.0010825315560182
4486.4   0.0010782114847333
4487.3   0.0010402223681124
4488.2   0.0009780482173617
4489.1   0.0009251189839599
4490.0   0.0009185316503424
4490.9   0.0009629942399161
4491.8   0.0010168872950446
4492.7   0.0010280025193529
4493.6   0.0009840577859534
4494.5   0.0009270315994302
4495.4   0.0009033060018827
4496.3   0.0009218675918153
4497.2   0.0009709233287271
4498.1   0.0010247795585276
4499.0   0.0010539288364070
4499.9   0.0010452174124579
4500.8   0.0010138609164847
4501.7   0.0010095372574381
4502.6   0.0010601190792640
4503.5   0.0011230329858673
4504.4   0.0011494014776313
4505.3   0.0011412567169547
4506.2   0.0011202724401436
4507.1   0.0010996039540583
4508.0   0.0010890028627753
4508.9   0.0010932021009528
4509.8   0.0011051887451999
4510.7   0.0011066325823687
4511.6   0.0010854829300498
4512.5   0.0010528052577429
4513.4   0.0010262963017225
4514.3   0.0010161654780006
4515.2   0.0010237519694132
4516.1   0.0010296618253063
4517.0   0.0010112086805490
4517.9   0.0009890333345371
4518.8   0.0010031629556349
4519.7   0.0010506718256921
4520.6   0.0010886235077425
4521.5   0.0010752566583272
4522.4   0.0010224678891819
4523.3   0.0009881607638068
4524.2   0.0009838604590582
4525.1   0.0009698677821487
4526.0   0.0009319171831961
4526.9   0.0008889839955237
4527.8   0.0008584100377694
4528.7   0.0008496114921345
4529.6   0.0008627287551819
4530.5   0.0008912954617886
4531.4   0.0009316546673473
4532.3   0.0009577265933727
4533.2   0.0009391230333972
4534.1   0.0008907474142609
4535.0   0.0008618733109369
4535.9   0.0009012057397046
4536.8   0.0009961304010948
4537.7   0.0010675697772798
4538.6   0.0010708416805905
4539.5   0.0010325395486820
4540.4   0.0009959087721909
4541.3   0.0009900407509535
4542.2   0.0010130785813466
4543.1   0.0010253705915025
4544.0   0.0010007195545094
4544.9   0.0009722819396314
4545.8   0.0009758227219910
4546.7   0.0009964564812505
4547.6   0.0009993511957242
4548.5   0.0009710556020558
4549.4   0.0009467855447424
4550.3   0.0009636279198700
4551.2   0.0009919869424581
4552.1   0.0009924941707344
4553.0   0.0009735456440838
4553.9   0.0009533129018148
4554.8   0.0009460706324474
4555.7   0.0009728663386317
4556.6   0.0010285865121915
4557.5   0.0010756681001347
4558.4   0.0010941850799733
4559.3   0.0010903287099686
4560.2   0.0010822350579733
4561.1   0.0010838456922157
4562.0   0.0010769158288934
4562.9   0.0010372391780805
4563.8   0.0009788230385082
4564.7   0.0009403490325047
4565.6   0.0009519513800849
4566.5   0.0010108180883757
4567.4   0.0010711896257847
4568.3   0.0010945992295255
4569.2   0.0010895880740990
4570.1   0.0010565125664017
4571.0   0.0010022951234579
4571.9   0.0009928239063455
4572.8   0.0010467730794829
4573.7   0.0010922170234302
4574.6   0.0010936423802414
4575.5   0.0010833940403994
4576.4   0.0010825745414654
4577.3   0.0010786580595283
4578.2   0.0010542917418907
4579.1   0.0010040487266206
4580.0   0.0009511377028020
4580.9   0.0009369121598480
4581.8   0.0009646553059036
4582.7   0.0009913251696529
4583.6   0.0009956015108608
4584.5   0.0009911536340260
4585.4   0.0009846758286816
4586.3   0.0009931493095650
4587.2   0.0010363134001669
4588.1   0.0010895578150520
4589.0   0.0011139565579324
4589.9   0.0011001300688539
4590.8   0.0010599372542072
4591.7   0.0010180200800407
4592.6   0.0009971867599966
4593.5   0.0009913122401719
4594.4   0.0009826032531931
4595.3   0.0009748579525537
4596.2   0.0009811236061006
4597.1   0.0009964456502717
4598.0   0.0010149573500082
4598.9   0.0010261337016531
4599.8   0.0010083556653437
4600.7   0.0009879622861202
4601.6   0.0010019025004761
4602.5   0.0010281821782139
4603.4   0.0010379060956006
4604.3   0.0010291592678896
4605.2   0.0010188896722517
4606.1   0.0010301620134464
4607.0   0.0010673222894140
4607.9   0.0011166183386681
4608.8   0.0011512702276374
4609.7   0.0011477175312011
4610.6   0.0011165979628893
4611.5   0.0010877353674802
4612.4   0.0010699967965498
4613.3   0.0010655013987955
4614.2   0.0010816080796876
4615.1   0.0010972096308055
4616.0   0.0010976977694817
4616.9   0.0010996788908929
4617.8   0.0010975873611914
4618.7   0.0010812856549872
4619.6   0.0010804415832699
4620.5   0.0011078742187018
4621.4   0.0011264767632730
4622.3   0.0011213795692586
4623.2   0.0011199248334174
4624.1   0.0011244066247547
4625.0   0.0011182615335406
4625.9   0.0011123647425157
4626.8   0.0011192225798290
4627.7   0.0011214120621950
4628.6   0.0011043308639847
4629.5   0.0010930981912499
4630.4   0.0011118312491158
4631.3   0.0011319405859201
4632.2   0.0011167303716052
4633.1   0.0010840469453407
4634.0   0.0010695475140101
4634.9   0.0010707653221899
4635.8   0.0010655567721746
4636.7   0.0010490612591433
4637.6   0.0010322613279139
4638.5   0.0010211058935967
4639.4   0.0010192229956245
4640.3   0.0010420455603139
4641.2   0.0010853423304062
4642.1   0.0011113352579800
4643.0   0.0011055846851690
4643.9   0.0010862955919285
4644.8   0.0010553982617632
4645.7   0.0010068637657065
4646.6   0.0009644358431955
4647.5   0.0009571693395130
4648.4   0.0009857254182218
4649.3   0.0010294025587511
4650.2   0.0010671151469443
4651.1   0.0010888343733612
4652.0   0.0010986581388339
4652.9   0.0010914982525991
4653.8   0.0010566861328371
4654.7   0.0010140593941713
4655.6   0.0009949115775107
4656.5   0.0010109379737724
4657.4   0.0010623637996220
4658.3   0.0011309851582019
4659.2   0.0011803118726648
4660.1   0.0011848182367852
4661.0   0.0011482478430010
4661.9   0.0010947254104286
4662.8   0.0010549417360064
4663.7   0.0010482544866093
4664.6   0.0010539873913862
4665.5   0.0010229215718067
4666.4   0.0009454676853959
4667.3   0.0008829297491444
4668.2   0.0008907895196911
4669.1   0.0009534023927772
4670.0   0.0010255666999125
4670.9   0.0010786734259795
4671.8   0.0010953609181102
4672.7   0.0010787746956313
4673.6   0.0010573403916507
4674.5   0.0010609323503852
4675.4   0.0010957333683939
4676.3   0.0011299700924067
4677.2   0.0011275452393324
4678.1   0.0010916306613150
4679.0   0.0010504071436475
4679.9   0.0010189876926099
4680.8   0.0010020843255329
4681.7   0.0010094509480757
4682.6   0.0010451683345852
4683.5   0.0010862448894090
4684.4   0.0011055294471770
4685.3   0.0011029750285187
4686.2   0.0010888909652255
4687.1   0.0010731051520806
4688.0   0.0010699024316470
4688.9   0.0010762254216880
4689.8   0.0010718435461303
4690.7   0.0010578322534758
4691.6   0.0010576244340700
4692.5   0.0010745456045684
4693.4   0.0010946219068874
4694.3   0.0011184177027163
4695.2   0.0011455124793029
4696.1   0.0011525932316988
4697.0   0.0011166326220214
4697.9   0.0010550817941011
4698.8   0.0010202170763983
4699.7   0.0010288021840570
4700.6   0.0010427905962687
4701.5   0.0010340469501577
4702.4   0.0010136354967382
4703.3   0.0010123095141576
4704.2   0.0010404083224798
4705.1   0.0010695597665549
4706.0   0.0010686319578328
4706.9   0.0010405955630260
4707.8   0.0010105423045778
4708.7   0.0009959866875447
4709.6   0.0010121856348375
4710.5   0.0010602769407801
4711.4   0.0011058072617835
4712.3   0.0011153770408031
4713.2   0.0010876811448926
4714.1   0.0010501354214666
4715.0   0.0010490520528113
4715.9   0.0010928532080480
4716.8   0.0011360078892370
4717.7   0.0011543689706744
4718.6   0.0011660160637358
4719.5   0.0011783442899771
4720.4   0.0011769262440766
4721.3   0.0011556513585653
4722.2   0.0011336979122317
4723.1   0.0011374362245673
4724.0   0.0011665211935100
4724.9   0.0011851583295198
4725.8   0.0011567886113402
4726.7   0.0010828175615524
4727.6   0.0010130707288870
4728.5   0.0009912291801032
4729.4   0.0010050593923306
4730.3   0.0010229504092878
4731.2   0.0010437825785403
4732.1   0.0010707919934752
4733.0   0.0010907804971722
4733.9   0.0011059486060569
4734.8   0.0011148423289181
4735.7   0.0010969652568461
4736.6   0.0010701912803131
4737.5   0.0010805478622495
4738.4   0.0011137255196157
4739.3   0.0011183598246733
4740.2   0.0010942835064932
4741.1   0.0010834831252001
4742.0   0.0011048632742867
4742.9   0.0011339953579872
4743.8   0.0011394502450767
4744.7   0.0011281204320008
4745.6   0.0011331442461337
4746.5   0.0011560732251899
4747.4   0.0011675315884456
4748.3   0.0011602329979884
4749.2   0.0011551278161272
4750.1   0.0011593333498112
4751.0   0.0011549240583383
4751.9   0.0011385778097337
4752.8   0.0011221933142352
4753.7   0.0011069985340651
4754.6   0.0010972658842017
4755.5   0.0010954927852772
4756.4   0.0010966598909374
4757.3   0.0010997858468087
4758.2   0.0011091082056561
4759.1   0.0011285042548123
4760.0   0.0011429915689853
4760.9   0.0011245852682114
4761.8   0.0010796138934081
4762.7   0.0010496075466370
4763.6   0.0010459509404977
4764.5   0.0010414779493307
4765.4   0.0010283872221814
4766.3   0.0010306746572121
4767.2   0.0010576544223425
4768.1   0.0010966106776774
4769.0   0.0011382327076715
4769.9   0.0011588397279520
4770.8   0.0011388629352509
4771.7   0.0011100018967950
4772.6   0.0011152036774486
4773.5   0.0011539958434545
4774.4   0.0011886494247642
4775.3   0.0011922162014729
4776.2   0.0011849069154242
4777.1   0.0011898956642633
4778.0   0.0011920017480925
4778.9   0.0011785722820810
4779.8   0.0011655997479879
4780.7   0.0011618824206737
4781.6   0.0011506922595307
4782.5   0.0011259228940942
4783.4   0.0011149831316426
4784.3   0.0011266640038192
4785.2   0.0011213862032331
4786.1   0.0010913628653640
4787.0   0.0010805377082069
4787.9   0.0010898294018456
4788.8   0.0010879520547500
4789.7   0.0010854607265433
4790.6   0.0010956685179083
4791.5   0.0011081834431468
4792.4   0.0011289833902373
4793.3   0.0011664396903945
4794.2   0.0012048471535719
4795.1   0.0012199479750008
4796.0   0.0012049174195469
4796.9   0.0011688560817666
4797.8   0.0011228799982916
4798.7   0.0010856342252851
4799.6   0.0010776182855627
4800.5   0.0011062177558803
4801.4   0.0011558494300903
4802.3   0.0011908115589088
4803.2   0.0011891263939934
4804.1   0.0011606642063322
4805.0   0.0011344284617523
4805.9   0.0011246765869015
4806.8   0.0011157773131637
4807.7   0.0011043385810571
4808.6   0.0011093691645518
4809.5   0.0011300981010375
4810.4   0.0011454106681021
4811.3   0.0011490986163863
4812.2   0.0011503083013320
4813.1   0.0011527514993766
4814.0   0.0011576609112959
4814.9   0.0011691903528501
4815.8   0.0011833613347483
4816.7   0.0011935872680028
4817.6   0.0012010842007594
4818.5   0.0012077816718927
4819.4   0.0012080926563718
4820.3   0.0012016987234196
4821.2   0.0011923848939679
4822.1   0.0011669656698029
4823.0   0.0011248778400264
4823.9   0.0011053415296947
4824.8   0.0011297519835710
4825.7   0.0011668772619383
4826.6   0.0011796785311790
4827.5   0.0011649297165614
4828.4   0.0011460352094177
4829.3   0.0011421839841279
4830.2   0.0011403524656115
4831.1   0.0011175657785394
4832.0   0.0010989595108192
4832.9   0.0011185638532366
4833.8   0.0011538149661084
4834.7   0.0011685805687432
4835.6   0.0011663836400792
4836.5   0.0011668620985680
4837.4   0.0011631495098070
4838.3   0.0011374121256395
4839.2   0.0011021352214994
4840.1   0.0010886897797941
4841.0   0.0011029928996338
4841.9   0.0011156949300311
4842.8   0.0011135111339289
4843.7   0.0011251182200624
4844.6   0.0011616353389696
4845.5   0.0011933840517629
4846.4   0.0011927716952986
4847.3   0.0011593485131815
4848.2   0.0011240184018580
4849.1   0.0011260381763249
4850.0   0.0011551817002467
4850.9   0.0011697164676457
4851.8   0.0011683925158736
4852.7   0.0011658213768918
4853.6   0.0011416858944900
4854.5   0.0010861855898000
4855.4   0.0010487405944770
4856.3   0.0010711891519294
4857.2   0.0011143497901568
4858.1   0.0011113697140313
4859.0   0.0010402407130828
4859.9   0.0009232387260388
4860.8   0.0008297652127280
4861.7   0.0008417595063539
4862.6   0.0009352986147801
4863.5   0.0010127583228420
4864.4   0.0010507701168248
4865.3   0.0010812380663740
4866.2   0.0011045271077820
4867.1   0.0011067477969057
4868.0   0.0011025459186771
4868.9   0.0011007282773522
4869.8   0.0010715076504000
4870.7   0.0010124438859885
4871.6   0.0009820837723720
4872.5   0.0010116197161948
4873.4   0.0010577473656794
4874.3   0.0010766360511720
4875.2   0.0010802276714385
4876.1   0.0010918538471721
4877.0   0.0011064328185033
4877.9   0.0011269171779488
4878.8   0.0011627612192167
4879.7   0.0011782763255851
4880.6   0.0011432683004939
4881.5   0.0011041411187747
4882.4   0.0011092472483466
4883.3   0.0011261402583002
4884.2   0.0011066459180113
4885.1   0.0010652528955255
4886.0   0.0010445657936954
4886.9   0.0010537824151122
4887.8   0.0010676508742336
4888.7   0.0010667394473669
4889.6   0.0010405817535280
4890.5   0.0010029161447053
4891.4   0.0010118691671755
4892.3   0.0010858505740868
4893.2   0.0011692313751823
4894.1   0.0012223429751897
4895.0   0.0012470112063616
4895.9   0.0012516836906195
4896.8   0.0012471276393838
4897.7   0.0012346077048177
4898.6   0.0012015273231799
4899.5   0.0011630854716448
4900.4   0.0011568747176217
4901.3   0.0011717319774147
4902.2   0.0011654366063696
4903.1   0.0011438139110513
4904.0   0.0011474593477437
4904.9   0.0011836705591933
4905.8   0.0012167126262435
4906.7   0.0012137305870031
4907.6   0.0011775082738003
4908.5   0.0011269212395658
4909.4   0.0010780203179574
4910.3   0.0010539160423133
4911.2   0.0010699234166684
4912.1   0.0011066726569903
4913.0   0.0011363129166777
4913.9   0.0011622996841323
4914.8   0.0011926520129827
4915.7   0.0012065798394067
4916.6   0.0011784650553908
4917.5   0.0011065038291081
4918.4   0.0010168769379211
4919.3   0.0009473471309936
4920.2   0.0009301432719482
4921.1   0.0009750231926741
4922.0   0.0010435101117296
4922.9   0.0010788599218958
4923.8   0.0010724604380670
4924.7   0.0010702024497600
4925.6   0.0011020344257029
4926.5   0.0011403314805900
4927.4   0.0011604391927475
4928.3   0.0011769525092002
4929.2   0.0011944690450651
4930.1   0.0012046237646339
4931.0   0.0012057446355534
4931.9   0.0011773213040286
4932.8   0.0011120920049306
4933.7   0.0010690467166275
4934.6   0.0010883431207786
4935.5   0.0011185702164366
4936.4   0.0011027460210106
4937.3   0.0010473281671468
4938.2   0.0009991952973230
4939.1   0.0010055618820537
4940.0   0.0010687718805402
4940.9   0.0011362277581068
4941.8   0.0011701881567728
4942.7   0.0011869645306233
4943.6   0.0011968247829558
4944.5   0.0011826876478664
4945.4   0.0011538248493765
4946.3   0.0011490414829731
4947.2   0.0011735253167308
4948.1   0.0011955043512519
4949.0   0.0011990604323691
4949.9   0.0011986504798212
4950.8   0.0012019620515918
4951.7   0.0011939001479032
4952.6   0.0011761439766322
4953.5   0.0011712368662959
4954.4   0.0011801703930041
4955.3   0.0011654755978933
4956.2   0.0010885556110441
4957.1   0.0009982104905749
4958.0   0.0010039890885435
4958.9   0.0011007704504759
4959.8   0.0011839575801317
4960.7   0.0012055316714325
4961.6   0.0011971261549412
4962.5   0.0011963275056413
4963.4   0.0011922740118223
4964.3   0.0011578319053739
4965.2   0.0011133987625238
4966.1   0.0010976629749622
4967.0   0.0011012168898837
4967.9   0.0011026727765164
4968.8   0.0011056944842166
4969.7   0.0011104676288838
4970.6   0.0011241636723613
4971.5   0.0011553744916695
4972.4   0.0011891561791852
4973.3   0.0012094491010802
4974.2   0.0012074696043158
4975.1   0.0011861867309576
4976.0   0.0011622271165743
4976.9   0.0011395515147286
4977.8   0.0011110610311353
4978.7   0.0010946253592619
4979.6   0.0010954226546894
4980.5   0.0010832734780666
4981.4   0.0010405884551961
4982.3   0.0009924578869554
4983.2   0.0009791716606385
4984.1   0.0010015437919967
4985.0   0.0010353959485682
4985.9   0.0010788765745258
4986.8   0.0011265890669845
4987.7   0.0011512669783437
4988.6   0.0011440635651129
4989.5   0.0011222417151718
4990.4   0.0011028508784242
4991.3   0.0011061304988073
4992.2   0.0011244481209422
4993.1   0.0011243377126520
4994.0   0.0011194989728694
4994.9   0.0011338290347689
4995.8   0.0011439073282436
4996.7   0.0011389242656684
4997.6   0.0011295122804712
4998.5   0.0011062253375655
4999.4   0.0010737819528688
5000.3   0.0010596784615073
5001.2   0.0010671505507063
5002.1   0.0010790148725864
5003.0   0.0010851103443788
5003.9   0.0010750076135082
5004.8   0.0010414557458242
5005.7   0.0010085829128178
5006.6   0.0010200172448393
5007.5   0.0010791079513106
5008.4   0.0011324834887328
5009.3   0.0011396508889592
5010.2   0.0011160747589192
5011.1   0.0010759726537200
5012.0   0.0010233864915720
5012.9   0.0009812481623569
5013.8   0.0009703579516333
5014.7   0.0009994118492056
5015.6   0.0010427155917404
5016.5   0.0010571884871729
5017.4   0.0010447847825481
5018.3   0.0010435384076618
5019.2   0.0010665769149911
5020.1   0.0010861581061913
5021.0   0.0010766525007211
5021.9   0.0010543789312701
5022.8   0.0010586462015333
5023.7   0.0010889441047152
5024.6   0.0011088273448369
5025.5   0.0011057229155360
5026.4   0.0010840631918089
5027.3   0.0010645673622605
5028.2   0.0010830279533157
5029.1   0.0011234331228407
5030.0   0.0011467970333896
5030.9   0.0011587815114409
5031.8   0.0011822072939563
5032.7   0.0012081298878614
5033.6   0.0012039078369347
5034.5   0.0011492846384474
5035.4   0.0010777424356573
5036.3   0.0010528759975732
5037.2   0.0010718113916619
5038.1   0.0010690984345513
5039.0   0.0010169588471983
5039.9   0.0009386629875724
5040.8   0.0008867154470124
5041.7   0.0009227886311757
5042.6   0.0010256473230110
5043.5   0.0011139487054728
5044.4   0.0011656122036135
5045.3   0.0011997957204429
5046.2   0.0012100643006766
5047.1   0.0011756273389430
5048.0   0.0011105483873695
5048.9   0.0010649909889191
5049.8   0.0010593297716833
5050.7   0.0010671745819405
5051.6   0.0010757338306373
5052.5   0.0011029281845354
5053.4   0.0011452863826203
5054.3   0.0011793701190575
5055.2   0.0011931839494295
5056.1   0.0011901163454565
5057.0   0.0011852026011457
5057.9   0.0011870903053647
5058.8   0.0011885241915717
5059.7   0.0011895692456395
5060.6   0.0012013180145144
5061.5   0.0012150603604263
5062.4   0.0012057677867706
5063.3   0.0011565258247168
5064.2   0.0010865983177862
5065.1   0.0010544184643427
5066.0   0.0010760685078825
5066.9   0.0010995412697684
5067.8   0.0010998142104344
5068.7   0.0011071427214705
5069.6   0.0011337438085044
5070.5   0.0011431155836927
5071.4   0.0011160276441614
5072.3   0.0010941901569946
5073.2   0.0011095280414722
5074.1   0.0011300332505519
5075.0   0.0011263073938419
5075.9   0.0011217523580105
5076.8   0.0011326938804962
5077.7   0.0011189829444228
5078.6   0.0010473922730026
5079.5   0.0009720774372128
5080.4   0.0009668031566949
5081.3   0.0010164010517897
5082.2   0.0010565404561721
5083.1   0.0010703632897953
5084.0   0.0010871480576544
5084.9   0.0011140285162479
5085.8   0.0011294891969477
5086.7   0.0011277183996061
5087.6   0.0011262092380964
5088.5   0.0011385223009673
5089.4   0.0011539083833006
5090.3   0.0011590298116301
5091.2   0.0011632388653822
5092.1   0.0011794194000110
5093.0   0.0011974242776329
5093.9   0.0011977264619416
5094.8   0.0011781540709118
5095.7   0.0011462734909514
5096.6   0.0011040657080847
5097.5   0.0010532552849123
5098.4   0.0010115742260838
5099.3   0.0010164893242670
5100.2   0.0010745790452155
5101.1   0.0011353467933680
5102.0   0.0011556628664803
5102.9   0.0011404648370166
5103.8   0.0011180457262878
5104.7   0.0011063371674217
5105.6   0.0010998761500945
5106.5   0.0010822571937863
5107.4   0.0010620591783430
5108.3   0.0010594692882291
5109.2   0.0010632506537055
5110.1   0.0010689522163374
5111.0   0.0010944423834136
5111.9   0.0011272006111255
5112.8   0.0011423961359253
5113.7   0.0011453333619909
5114.6   0.0011488041491500
5115.5   0.0011577831659692
5116.4   0.0011752906308893
5117.3   0.0011937980659279
5118.2   0.0011987156010813
5119.1   0.0011849571440884
5120.0   0.0011567742602933
5120.9   0.0011246588511737
5121.8   0.0010895293837326
5122.7   0.0010469853666675
5123.6   0.0010154796062676
5124.5   0.0010165473376972
5125.4   0.0010382671733567
5126.3   0.0010539464367475
5127.2   0.0010546915403959
5128.1   0.0010484507981002
5129.0   0.0010447041594496
5129.9   0.0010522400160363
5130.8   0.0010710216102259
5131.7   0.0010913410680191
5132.6   0.0011077076924026
5133.5   0.0011246875532675
5134.4   0.0011464572114295
5135.3   0.0011523908277823
5136.2   0.0011248363438389
5137.1   0.0010848571025556
5138.0   0.0010534503779181
5138.9   0.0010380959761979
5139.8   0.0010534818554503
5140.7   0.0010734366477257
5141.6   0.0010513865349062
5142.5   0.0010200900154781
5143.4   0.0010342563265167
5144.3   0.0010655196083786
5145.2   0.0010655535905746
5146.1   0.0010447070702752
5147.0   0.0010349166100623
5147.9   0.0010503172465234
5148.8   0.0010767802385774
5149.7   0.0010819684805074
5150.6   0.0010602006500731
5151.5   0.0010398111970794
5152.4   0.0010369403107590
5153.3   0.0010453216606289
5154.2   0.0010624383979885
5155.1   0.0010908949670795
5156.0   0.0011241643492975
5156.9   0.0011512204051349
5157.8   0.0011636702091132
5158.7   0.0011652022510656
5159.6   0.0011692129625183
5160.5   0.0011694298528690
5161.4   0.0011505996546619
5162.3   0.0011269959733196
5163.2   0.0011111185030166
5164.1   0.0010765197535371
5165.0   0.0009964787524507
5165.9   0.0008829248075103
5166.8   0.0007852655270519
5167.7   0.0007652292316609
5168.6   0.0008398261089430
5169.5   0.0009422962394136
5170.4   0.0009597639004866
5171.3   0.0008539476068068
5172.2   0.0007374542696051
5173.1   0.0007547860695877
5174.0   0.0009009539194473
5174.9   0.0010442822251314
5175.8   0.0011072484589011
5176.7   0.0011243844889417
5177.6   0.0011385627817506
5178.5   0.0011452364247306
5179.4   0.0011341796200142
5180.3   0.0011036761990093
5181.2   0.0010300057088835
5182.1   0.0008887434124070
5183.0   0.0007420381429176
5183.9   0.0007202101328573
5184.8   0.0008490437457641
5185.7   0.0010108546429292
5186.6   0.0011013914040297
5187.5   0.0011171586014298
5188.4   0.0011170180017862
5189.3   0.0011359051303256
5190.2   0.0011324364416686
5191.1   0.0010704495991576
5192.0   0.0010045540594756
5192.9   0.0010020833101286
5193.8   0.0010373352353238
5194.7   0.0010540446601866
5195.6   0.0010577508180539
5196.5   0.0010750471465809
5197.4   0.0011009828053542
5198.3   0.0011249676694569
5199.2   0.0011460376463879
5200.1   0.0011567699279017
5201.0   0.0011506352615048
5201.9   0.0011379401358564
5202.8   0.0011238592541631
5203.7   0.0010902516069382
5204.6   0.0010379616043670
5205.5   0.0010058256163877
5206.4   0.0010065790463511
5207.3   0.0010027402089933
5208.2   0.0009885727471632
5209.1   0.0009988818081801
5210.0   0.0010368057358473
5210.9   0.0010838121838751
5211.8   0.0011308801654011
5212.7   0.0011663168941722
5213.6   0.0011709400974765
5214.5   0.0011389497184686
5215.4   0.0010956232308782
5216.3   0.0010758696917277
5217.2   0.0010901606267163
5218.1   0.0011218813820455
5219.0   0.0011488216141033
5219.9   0.0011644643906343
5220.8   0.0011721022615027
5221.7   0.0011664223608284
5222.6   0.0011407063678440
5223.5   0.0010970739051023
5224.4   0.0010427335982427
5225.3   0.0009842198444738
5226.2   0.0009403089578831
5227.1   0.0009531118517706
5228.0   0.0010279132314713
5228.9   0.0011042459084947
5229.8   0.0011429374140913
5230.7   0.0011564386353374
5231.6   0.0011443883590899
5232.5   0.0011088525945563
5233.4   0.0010813646534389
5234.3   0.0010777848795555
5235.2   0.0010985365610967
5236.1   0.0011395095446857
5237.0   0.0011769385643150
5237.9   0.0011893125514417
5238.8   0.0011836470018143
5239.7   0.0011831763957851
5240.6   0.0011924611169812
5241.5   0.0011941725470202
5242.4   0.0011870481999346
5243.3   0.0011913617726322
5244.2   0.0012088001900624
5245.1   0.0012030102195660
5246.0   0.0011508220958892
5246.9   0.0010931076006627
5247.8   0.0010794208989045
5248.7   0.0010883657981405
5249.6   0.0010770887183926
5250.5   0.0010634526514603
5251.4   0.0010795322549054
5252.3   0.0011097309192440
5253.2   0.0011197884984717
5254.1   0.0010999415421290
5255.0   0.0010864049848145
5255.9   0.0011192380139738
5256.8   0.0011787011707288
5257.7   0.0012196889792200
5258.6   0.0012282158026740
5259.5   0.0012094286576077
5260.4   0.0011656502474266
5261.3   0.0011011460823597
5262.2   0.0010353114669335
5263.1   0.0009856087821187
5264.0   0.0009490523332197
5264.9   0.0009217645621294
5265.8   0.0009282638263505
5266.7   0.0009826630266574
5267.6   0.0010186350765561
5268.5   0.0009668879091040
5269.4   0.0008916838200725
5270.3   0.0009117262078891
5271.2   0.0010136706297257
5272.1   0.0010890507221629
5273.0   0.0011013792868722
5273.9   0.0010848225111170
5274.8   0.0010666233528128
5275.7   0.0010781227384007
5276.6   0.0011364809322365
5277.5   0.0012014600357241
5278.4   0.0012234561290368
5279.3   0.0011984660824070
5280.2   0.0011555674184796
5281.1   0.0011197931016377
5282.0   0.0010933747873712
5282.9   0.0010715194967830
5283.8   0.0010756635646623
5284.7   0.0011282782935169
5285.6   0.0011983914840405
5286.5   0.0012363306427716
5287.4   0.0012348595250750
5288.3   0.0012241375329910
5289.2   0.0012301835207490
5290.1   0.0012464827899830
5291.0   0.0012499049731247
5291.9   0.0012321993012925
5292.8   0.0012081072781931
5293.7   0.0011960381831199
5294.6   0.0011855699067145
5295.5   0.0011500371207001
5296.4   0.0010857588492350
5297.3   0.0010275403750259
5298.2   0.0010258017998463
5299.1   0.0010784687204800
5300.0   0.0011227542235502
5300.9   0.0011313783227327
5301.8   0.0011365011049345
5302.7   0.0011662884628529
5303.6   0.0012101237356728
5304.5   0.0012394683773324
5305.4   0.0012403387818668
5306.3   0.0012200719897081
5307.2   0.0012055984173395
5308.1   0.0012166392463621
5309.0   0.0012396060661505
5309.9   0.0012523970459613
5310.8   0.0012513861094768
5311.7   0.0012423620087082
5312.6   0.0012299645995898
5313.5   0.0012220196704723
5314.4   0.0012160281083828
5315.3   0.0011983325905932
5316.2   0.0011769137884510
5317.1   0.0011753022741916
5318.0   0.0011882511155185
5318.9   0.0011950946694785
5319.8   0.0011933988089716
5320.7   0.0011887158998966
5321.6   0.0011818992879964
5322.5   0.0011650894734988
5323.4   0.0011365126128495
5324.3   0.0011218535599687
5325.2   0.0011299870158111
5326.1   0.0011123115353323
5327.0   0.0010255286560995
5327.9   0.0009310444770787
5328.8   0.0009375797543043
5329.7   0.0010373930456732
5330.6   0.0011284160500286
5331.5   0.0011561795041695
5332.4   0.0011495589329857
5333.3   0.0011599576203522
5334.2   0.0011930496452922
5335.1   0.0012139336678558
5336.0   0.0012074567425285
5336.9   0.0011968565989561
5337.8   0.0011931575489186
5338.7   0.0011696789653816
5339.6   0.0011179645616404
5340.5   0.0010825895694485
5341.4   0.0011025143734513
5342.3   0.0011507491221695
5343.2   0.0011841846245249
5344.1   0.0011912108158651
5345.0   0.0011773120976967
5345.9   0.0011642745777307
5346.8   0.0011623524851540
5347.7   0.0011525664250263
5348.6   0.0011340346202854
5349.5   0.0011361064511442
5350.4   0.0011649777790298
5351.3   0.0011917646850439
5352.2   0.0011974983344505
5353.1   0.0011991109318078
5354.0   0.0012195058002909
5354.9   0.0012476874656010
5355.8   0.0012604780392501
5356.7   0.0012591611276142
5357.6   0.0012566134106241
5358.5   0.0012574319618475
5359.4   0.0012577927688291
5360.3   0.0012447851694421
5361.2   0.0012161219317368
5362.1   0.0011929527080319
5363.0   0.0011866557123400
5363.9   0.0011796927468387
5364.8   0.0011668859267214
5365.7   0.0011648843618376
5366.6   0.0011711281503461
5367.5   0.0011715075053789
5368.4   0.0011553563497800
5369.3   0.0011136272961766
5370.2   0.0010638837921105
5371.1   0.0010495039077085
5372.0   0.0010956571453806
5372.9   0.0011691584014626
5373.8   0.0012223535353941
5374.7   0.0012450401036058
5375.6   0.0012447153096288
5376.5   0.0012306654993060
5377.4   0.0012216756515079
5378.3   0.0012210071093410
5379.2   0.0012131249999005
5380.1   0.0011983726652148
5381.0   0.0011892961695863
5381.9   0.0011854662000924
5382.8   0.0011832985150712
5383.7   0.0011931601212761
5384.6   0.0012117588073111
5385.5   0.0012186761473142
5386.4   0.0012110833603952
5387.3   0.0011989825847089
5388.2   0.0011828395523442
5389.1   0.0011622387598765
5390.0   0.0011457414191175
5390.9   0.0011386268199128
5391.8   0.0011355145381523
5392.7   0.0011311202069689
5393.6   0.0011270004410984
5394.5   0.0011237062665875
5395.4   0.0011059355411887
5396.3   0.0010686583583436
5397.2   0.0010566101129046
5398.1   0.0010971205460048
5399.0   0.0011426204725739
5399.9   0.0011553509342906
5400.8   0.0011605370777185
5401.7   0.0011730189684715
5402.6   0.0011600469759274
5403.5   0.0011061986662802
5404.4   0.0010441814293349
5405.3   0.0010139472258471
5406.2   0.0010350565327698
5407.1   0.0010849191099093
5408.0   0.0011133848176386
5408.9   0.0011014085982086
5409.8   0.0010871302542330
5410.7   0.0011122604943447
5411.6   0.0011633525906597
5412.5   0.0011976492912176
5413.4   0.0011991922995361
5414.3   0.0011872890538259
5415.2   0.0011903488053392
5416.1   0.0012097587316869
5417.0   0.0012205940428867
5417.9   0.0012102183713501
5418.8   0.0011861576227021
5419.7   0.0011628979603242
5420.6   0.0011592504928233
5421.5   0.0011773014021051
5422.4   0.0011837455637215
5423.3   0.0011584357324424
5424.2   0.0011372196049912
5425.1   0.0011575569338994
5426.0   0.0012007010548841
5426.9   0.0012216005115924
5427.8   0.0011879393187160
5428.7   0.0011143019307691
5429.6   0.0010751143663431
5430.5   0.0011062834863829
5431.4   0.0011433816196097
5432.3   0.0011369572245296
5433.2   0.0011094046360074
5434.1   0.0010878802318218
5435.0   0.0010836019274989
5435.9   0.0011013455754507
5436.8   0.0011428092023796
5437.7   0.0011959842990003
5438.6   0.0012361021091188
5439.5   0.0012509416331839
5440.4   0.0012486818848428
5441.3   0.0012445498664275
5442.2   0.0012443339237875
5443.1   0.0012363597510272
5444.0   0.0012044094466408
5444.9   0.0011479069379430
5445.8   0.0010885011176820
5446.7   0.0010719318863012
5447.6   0.0011229337470240
5448.5   0.0011970862157068
5449.4   0.0012388029490718
5450.3   0.0012440079113254
5451.2   0.0012355887207233
5452.1   0.0012229023952452
5453.0   0.0011975352951657
5453.9   0.0011498598988093
5454.8   0.0010998717500093
5455.7   0.0010991806658677
5456.6   0.0011583638418206
5457.5   0.0012235399337353
5458.4   0.0012510625339849
5459.3   0.0012412763384699
5460.2   0.0012143024626842
5461.1   0.0011819389564563
5462.0   0.0011468425235006
5462.9   0.0011306498717142
5463.8   0.0011516838356406
5464.7   0.0011852326571119
5465.6   0.0011973292357938
5466.5   0.0011952484693775
5467.4   0.0012003521619792
5468.3   0.0012037459138015
5469.2   0.0011892474301816
5470.1   0.0011698219343018
5471.0   0.0011653999164289
5471.9   0.0011652979698409
5472.8   0.0011537234443375
5473.7   0.0011424106223595
5474.6   0.0011283993973987
5475.5   0.0010877374659824
5476.4   0.0010489315581721
5477.3   0.0010693960833877
5478.2   0.0011342685017340
5479.1   0.0011711112269417
5480.0   0.0011479104580111
5480.9   0.0011043707355254
5481.8   0.0010926719922338
5482.7   0.0011187661894594
5483.6   0.0011624196372226
5484.5   0.0012022393246493
5485.4   0.0012121517010674
5486.3   0.0011848765886836
5487.2   0.0011518408848333
5488.1   0.0011456771101808
5489.0   0.0011576380308532
5489.9   0.0011682442668512
5490.8   0.0011784796772122
5491.7   0.0011839556847104
5492.6   0.0011748054030387
5493.5   0.0011677510511537
5494.4   0.0011790084997525
5495.3   0.0011894892317835
5496.2   0.0011781781698396
5497.1   0.0011655388237321
5498.0   0.0011832799670200
5498.9   0.0012139083504428
5499.8   0.0012137068942370
5500.7   0.0011809689069168
5501.6   0.0011534947752974
5502.5   0.0011541588496855
5503.4   0.0011705939123164
5504.3   0.0011752948278936
5505.2   0.0011548242779461
5506.1   0.0011334038511570
5507.0   0.0011446686106665
5507.9   0.0011735894902803
5508.8   0.0011844161366970
5509.7   0.0011753407241663
5510.6   0.0011548191332311
5511.5   0.0011239289108956
5512.4   0.0011009610757030
5513.3   0.0011033093672958
5514.2   0.0011251800243352
5515.1   0.0011504979788484
5516.0   0.0011692139102290
5516.9   0.0011877805094893
5517.8   0.0012112657270009
5518.7   0.0012282045655335
5519.6   0.0012295369113142
5520.5   0.0012214773092085
5521.4   0.0012141657215768
5522.3   0.0012100048656803
5523.2   0.0012083322917779
5524.1   0.0012023752534334
5525.0   0.0011842942881854
5525.9   0.0011556922455103
5526.8   0.0011212412035043
5527.7   0.0010974080407985
5528.6   0.0011090686048899
5529.5   0.0011495341571217
5530.4   0.0011834058771486
5531.3   0.0011927340576472
5532.2   0.0011873438856561
5533.1   0.0011780950420773
5534.0   0.0011655604856897
5534.9   0.0011582897850030
5535.8   0.0011654397202760
5536.7   0.0011768207774205
5537.6   0.0011832864656073
5538.5   0.0011932613909279
5539.4   0.0012115218796497
5540.3   0.0012268676165869
5541.2   0.0012249864109551
5542.1   0.0012053991273294
5543.0   0.0011868870891248
5543.9   0.0011849731197822
5544.8   0.0011895418974180
5545.7   0.0011899660656255
5546.6   0.0011973123123895
5547.5   0.0012177032546428
5548.4   0.0012364531682194
5549.3   0.0012433775483587
5550.2   0.0012429434968830
5551.1   0.0012364208106702
5552.0   0.0012206728382575
5552.9   0.0011953892721021
5553.8   0.0011741927757999
5554.7   0.0011771239094399
5555.6   0.0011979819376543
5556.5   0.0012102485627035
5557.4   0.0012084504848341
5558.3   0.0012063846110137
5559.2   0.0012080747852567
5560.1   0.0012079358779535
5561.0   0.0012011479681472
5561.9   0.0011819336763541
5562.8   0.0011621592875695
5563.7   0.0011609814186241
5564.6   0.0011653012191345
5565.5   0.0011621419580034
5566.4   0.0011634873009586
5567.3   0.0011721887739459
5568.2   0.0011737124218897
5569.1   0.0011685515958749
5570.0   0.0011764170526854
5570.9   0.0011867606374472
5571.8   0.0011711614556059
5572.7   0.0011535209050337
5573.6   0.0011697956691782
5574.5   0.0011955530906565
5575.4   0.0011982394441754
5576.3   0.0011944530693713
5577.2   0.0011991881025318
5578.1   0.0012007018672075
5579.0   0.0012032514796189
5579.9   0.0012116337095059
5580.8   0.0012107054946220
5581.7   0.0012022247028279
5582.6   0.0012005224791210
5583.5   0.0012012019876540
5584.4   0.0011906069887965
5585.3   0.0011600920598767
5586.2   0.0011125297795553
5587.1   0.0010716634811076
5588.0   0.0010601740464814
5588.9   0.0010745682819303
5589.8   0.0011004742908992
5590.7   0.0011255825982788
5591.6   0.0011374409631206
5592.5   0.0011343497340751
5593.4   0.0011248430455070
5594.3   0.0011314521087758
5595.2   0.0011706733846234
5596.1   0.0012068814821665
5597.0   0.0011956902379257
5597.9   0.0011558727166947
5598.8   0.0011351020809406
5599.7   0.0011354676264753
5600.6   0.0011276436658524
5601.5   0.0011070463257591
5602.4   0.0010989159161295
5603.3   0.0011273547494926
5604.2   0.0011824727883243
5605.1   0.0012272113647768
5606.0   0.0012445023455080
5606.9   0.0012434826088532
5607.8   0.0012382205131864
5608.7   0.0012381941126756
5609.6   0.0012412435747590
5610.5   0.0012441292182880
5611.4   0.0012480040009567
5612.3   0.0012455310177203
5613.2   0.0012158216428493
5614.1   0.0011491568328974
5615.0   0.0010888226623654
5615.9   0.0010923455059163
5616.8   0.0011416130561575
5617.7   0.0011760772307253
5618.6   0.0011793634850829
5619.5   0.0011770455202307
5620.4   0.0011875701177259
5621.3   0.0012048522982868
5622.2   0.0012052717279412
5623.1   0.0011709725904130
5624.0   0.0011255227571209
5624.9   0.0011137917239737
5625.8   0.0011392992883096
5626.7   0.0011688774729497
5627.6   0.0011880307050997
5628.5   0.0012084112225359
5629.4   0.0012314525053036
5630.3   0.0012453353831655
5631.2   0.0012463556613693
5632.1   0.0012364732055302
5633.0   0.0012208177025991
5633.9   0.0012060564323558
5634.8   0.0011933186597284
5635.7   0.0011777544077937
5636.6   0.0011602515460396
5637.5   0.0011564116932777
5638.4   0.0011713730658544
5639.3   0.0011820759683382
5640.2   0.0011709586455277
5641.1   0.0011553226383585
5642.0   0.0011576664621726
5642.9   0.0011682437253022
5643.8   0.0011729990665480
5644.7   0.0011781496031330
5645.6   0.0011862399381410
5646.5   0.0011946240634493
5647.4   0.0011996124061266
5648.3   0.0011945348432613
5649.2   0.0011836740792614
5650.1   0.0011823858697194
5651.0   0.0011960609281754
5651.9   0.0012117341668343
5652.8   0.0012095556508343
5653.7   0.0011856025350382
5654.6   0.0011635686686869
5655.5   0.0011628960649029
5656.4   0.0011538107691041
5657.3   0.0011036623895114
5658.2   0.0010570828851296
5659.1   0.0010745390382875
5660.0   0.0011285794624214
5660.9   0.0011515627994524
5661.8   0.0011378150380512
5662.7   0.0011344721241356
5663.6   0.0011613577951377
5664.5   0.0011926415881656
5665.4   0.0012000987170751
5666.3   0.0011816505816455
5667.2   0.0011598304917385
5668.1   0.0011530484035832
5669.0   0.0011588458203776
5669.9   0.0011682764890131
5670.8   0.0011805316061474
5671.7   0.0012026718868655
5672.6   0.0012290378739656
5673.5   0.0012408083047982
5674.4   0.0012326563685982
5675.3   0.0012248802673628
5676.2   0.0012318583962345
5677.1   0.0012365991156588
5678.0   0.0012259113765453
5678.9   0.0012127363031485
5679.8   0.0012083071097522
5680.7   0.0011990386350242
5681.6   0.0011714297931059
5682.5   0.0011461547563463
5683.4   0.0011454837772091
5684.3   0.0011622533816979
5685.2   0.0011754418584309
5686.1   0.0011684126885716
5687.0   0.0011501046789304
5687.9   0.0011444009501027
5688.8   0.0011596837319756
5689.7   0.0011832990566201
5690.6   0.0011999985305211
5691.5   0.0012109754567688
5692.4   0.0012187493918084
5693.3   0.0012185740653389
5694.2   0.0012152482779086
5695.1   0.0012183745045544
5696.0   0.0012233174925080
5696.9   0.0012109370067940
5697.8   0.0011821490774452
5698.7   0.0011627449727485
5699.6   0.0011538455636235
5700.5   0.0011397509401259
5701.4   0.0011286375435452
5702.3   0.0011367664639153
5703.2   0.0011602204069756
5704.1   0.0011750771252196
5705.0   0.0011627116674887
5705.9   0.0011348807905048
5706.8   0.0011112606596134
5707.7   0.0010902352927764
5708.6   0.0010734701560664
5709.5   0.0010756519213601
5710.4   0.0010863016843541
5711.3   0.0010914801107096
5712.2   0.0011122968458173
5713.1   0.0011520830925969
5714.0   0.0011802191324088
5714.9   0.0011839368658847
5715.8   0.0011725311682635
5716.7   0.0011617796617622
5717.6   0.0011693334571576
5718.5   0.0011951653416152
5719.4   0.0012190406097511
5720.3   0.0012296469811363
5721.2   0.0012350519103361
5722.1   0.0012415021643781
5723.0   0.0012454912138731
5723.9   0.0012454645425878
5724.8   0.0012393553289911
5725.7   0.0012215779019242
5726.6   0.0011966527057800
5727.5   0.0011884342944476
5728.4   0.0012053766530484
5729.3   0.0012195474995593
5730.2   0.0012073487035149
5731.1   0.0011839215671271
5732.0   0.0011841231587202
5732.9   0.0012100185397911
5733.8   0.0012306326002078
5734.7   0.0012327625121905
5735.6   0.0012245552026113
5736.5   0.0012157222686187
5737.4   0.0012129927265718
5738.3   0.0012138746390213
5739.2   0.0012134755174522
5740.1   0.0012117088494213
5741.0   0.0012091845544229
5741.9   0.0012058705456820
5742.8   0.0012063158342983
5743.7   0.0012165619402508
5744.6   0.0012308708817416
5745.5   0.0012365308804923
5746.4   0.0012218957911522
5747.3   0.0011908787109774
5748.2   0.0011753216345662
5749.1   0.0011939551151206
5750.0   0.0012219563092463
5750.9   0.0012244045166186
5751.8   0.0011923660751422
5752.7   0.0011459412506765
5753.6   0.0011179251639550
5754.5   0.0011314755984611
5755.4   0.0011742541062174
5756.3   0.0012110041588626
5757.2   0.0012281648970736
5758.1   0.0012300890204589
5759.0   0.0012180165407048
5759.9   0.0011963937099993
5760.8   0.0011736255032848
5761.7   0.0011542904460781
5762.6   0.0011503697671367
5763.5   0.0011770728684522
5764.4   0.0012176032034760
5765.3   0.0012409151253267
5766.2   0.0012461829072573
5767.1   0.0012472687128828
5768.0   0.0012470657674174
5768.9   0.0012433049808007
5769.8   0.0012369203895677
5770.7   0.0012288343869512
5771.6   0.0012183945418652
5772.5   0.0012096598990053
5773.4   0.0012027435067128
5774.3   0.0011972429941251
5775.2   0.0012030083241447
5776.1   0.0012190350588745
5777.0   0.0012296181436552
5777.9   0.0012246488905780
5778.8   0.0012031316619159
5779.7   0.0011648358932075
5780.6   0.0011202425195646
5781.5   0.0010973804218026
5782.4   0.0011063895622817
5783.3   0.0011188596743453
5784.2   0.0011123031413237
5785.1   0.0011067163193736
5786.0   0.0011304404953551
5786.9   0.0011700344922609
5787.8   0.0011970817479281
5788.7   0.0012079269423960
5789.6   0.0012034121842670
5790.5   0.0011885520813421
5791.4   0.0011821814349944
5792.3   0.0011890015669627
5793.2   0.0011997549688852
5794.1   0.0012134137808730
5795.0   0.0012260050645120
5795.9   0.0012215692371411
5796.8   0.0011963895129950
5797.7   0.0011760194203759
5798.6   0.0011856902659665
5799.5   0.0012171243388255
5800.4   0.0012431209895482
5801.3   0.0012508501114130
5802.2   0.0012417361135203
5803.1   0.0012159238602118
5804.0   0.0011855073578119
5804.9   0.0011720012626253
5805.8   0.0011769007912764
5806.7   0.0011884773475883
5807.6   0.0011981775722090
5808.5   0.0012037937054955
5809.4   0.0012107329782307
5810.3   0.0012211423611888
5811.2   0.0012300580167821
5812.1   0.0012345083305871
5813.0   0.0012345596423492
5813.9   0.0012247045347316
5814.8   0.0012026736468995
5815.7   0.0011843227195047
5816.6   0.0011891054089720
5817.5   0.0012151271063332
5818.4   0.0012390616740781
5819.3   0.0012464080562293
5820.2   0.0012464298535741
5821.1   0.0012461979352404
5822.0   0.0012426272323018
5822.9   0.0012375713313941
5823.8   0.0012368842411760
5824.7   0.0012397884327561
5825.6   0.0012391365432191
5826.5   0.0012361796860045
5827.4   0.0012373096278686
5828.3   0.0012419095445685
5829.2   0.0012455070541797
5830.1   0.0012425667142077
5831.0   0.0012365950540418
5831.9   0.0012355137161950
5832.8   0.0012347229193548
5833.7   0.0012273321301905
5834.6   0.0012192221640334
5835.5   0.0012203181237015
5836.4   0.0012254136930691
5837.3   0.0012238926174827
5838.2   0.0012214958572597
5839.1   0.0012271322986315
5840.0   0.0012369806368873
5840.9   0.0012422884934396
5841.8   0.0012425465415097
5842.7   0.0012429124932061
5843.6   0.0012412668613635
5844.5   0.0012342219865849
5845.4   0.0012207600276369
5846.3   0.0012037943824317
5847.2   0.0011935408301812
5848.1   0.0011959185008041
5849.0   0.0012081095797761
5849.9   0.0012206251819508
5850.8   0.0012208335429056
5851.7   0.0012040264361527
5852.6   0.0011804196409040
5853.5   0.0011711120392651
5854.4   0.0011808708865586
5855.3   0.0011854208453687
5856.2   0.0011653104254665
5857.1   0.0011360521608629
5858.0   0.0011298332159121
5858.9   0.0011521384659761
5859.8   0.0011819524951798
5860.7   0.0012001771062842
5861.6   0.0012021484798146
5862.5   0.0012025610047199
5863.4   0.0012135808487211
5864.3   0.0012214805585021
5865.2   0.0012111307459275
5866.1   0.0011919425838708
5867.0   0.0011870518553900
5867.9   0.0012025385304389
5868.8   0.0012223783112581
5869.7   0.0012346452070818
5870.6   0.0012389158620259
5871.5   0.0012375412754279
5872.4   0.0012334923847749
5873.3   0.0012314139199416
5874.2   0.0012336731267338
5875.1   0.0012349373727352
5876.0   0.0012318869629411
5876.9   0.0012275333156219
5877.8   0.0012211576599464
5878.7   0.0012096042548517
5879.6   0.0011952951779737
5880.5   0.0011906453033841
5881.4   0.0011999871579934
5882.3   0.0012066476684115
5883.2   0.0012016302174786
5884.1   0.0011979727313223
5885.0   0.0012058762319459
5885.9   0.0012159135707819
5886.8   0.0012087048774489
5887.7   0.0011583703404079
5888.6   0.0010484337393086
5889.5   0.0009372878594254
5890.4   0.0009244739991719
5891.3   0.0010068500239021
5892.2   0.0010927327811024
5893.1   0.0011313199031407
5894.0   0.0011154611162761
5894.9   0.0010497374506890
5895.8   0.0009969728481652
5896.7   0.0010255596597763
5897.6   0.0011008861388683
5898.5   0.0011521399552357
5899.4   0.0011742731958175
5900.3   0.0011930565500412
5901.2   0.0012093747734882
5902.1   0.0012130457983680
5903.0   0.0012110328609565
5903.9   0.0012097430267677
5904.8   0.0012035923846769
5905.7   0.0011967351566062
5906.6   0.0012001539550670
5907.5   0.0012120324249132
5908.4   0.0012190318095808
5909.3   0.0012165796759786
5910.2   0.0012157026374696
5911.1   0.0012207398549389
5912.0   0.0012203169052164
5912.9   0.0012018350583653
5913.8   0.0011734689956410
5914.7   0.0011571981577264
5915.6   0.0011582858587732
5916.5   0.0011700595388994
5917.4   0.0011848591237302
5918.3   0.0011966617767248
5919.2   0.0012074992541203
5920.1   0.0012140559225291
5921.0   0.0012074227603325
5921.9   0.0011959630432044
5922.8   0.0011971414536988
5923.7   0.0012123443571029
5924.6   0.0012285591447022
5925.5   0.0012362219268218
5926.4   0.0012319944604057
5927.3   0.0012173061638822
5928.2   0.0011974818172078
5929.1   0.0011787078047033
5930.0   0.0011747155059146
5930.9   0.0011938859322435
5931.8   0.0012190687702960
5932.7   0.0012250932314836
5933.6   0.0012067172574503
5934.5   0.0011881390148878
5935.4   0.0011931685152847
5936.3   0.0012114673185939
5937.2   0.0012238480750824
5938.1   0.0012276282220737
5939.0   0.0012245966311053
5939.9   0.0012117655766729
5940.8   0.0011936041914072
5941.7   0.0011855764053018
5942.6   0.0011924573261387
5943.5   0.0012054267463253
5944.4   0.0012174500805131
5945.3   0.0012262340043266
5946.2   0.0012293569816787
5947.1   0.0012176703555446
5948.0   0.0011910557974809
5948.9   0.0011739225428786
5949.8   0.0011840933735285
5950.7   0.0012016869447301
5951.6   0.0011954516856174
5952.5   0.0011758787530386
5953.4   0.0011777587401853
5954.3   0.0011984394111217
5955.2   0.0012054814427683
5956.1   0.0011903618025137
5957.0   0.0011780043326297
5957.9   0.0011847732882232
5958.8   0.0012011634022920
5959.7   0.0012164785417140
5960.6   0.0012268168463737
5961.5   0.0012317397970165
5962.4   0.0012331878988832
5963.3   0.0012308895651801
5964.2   0.0012214570011232
5965.1   0.0012066115200197
5966.0   0.0012017553152838
5966.9   0.0012130763958831
5967.8   0.0012256790520499
5968.7   0.0012302957567669
5969.6   0.0012319423363202
5970.5   0.0012368769302653
5971.4   0.0012422750901033
5972.3   0.0012419804874797
5973.2   0.0012361962032472
5974.1   0.0012241267020122
5975.0   0.0012043165709975
5975.9   0.0011824336614134
5976.8   0.0011695216454144
5977.7   0.0011715481215494
5978.6   0.0011847688204444
5979.5   0.0012042037934307
5980.4   0.0012221870090949
5981.3   0.0012281818204780
5982.2   0.0012154594819954
5983.1   0.0011854564522115
5984.0   0.0011587369690405
5984.9   0.0011576691699173
5985.8   0.0011745286715302
5986.7   0.0011896844601765
5987.6   0.0012002661910849
5988.5   0.0012125267237086
5989.4   0.0012219117668459
5990.3   0.0012163594009471
5991.2   0.0012016832892747
5992.1   0.0011995487741261
5993.0   0.0012151369896014
5993.9   0.0012297020837410
5994.8   0.0012285358580978
5995.7   0.0012131870072542
5996.6   0.0011908108819726
5997.5   0.0011759824596607
5998.4   0.0011806975908976
5999.3   0.0011971001605920
6000.2   0.0012104864380756
6001.1   0.0012106239915065
6002.0   0.0011971753005075
6002.9   0.0011863061424990
6003.8   0.0011897135684321
6004.7   0.0011977397298907
6005.6   0.0011941296292667
6006.5   0.0011734128099385
6007.4   0.0011477237590139
6008.3   0.0011426938524553
6009.2   0.0011685942428539
6010.1   0.0012002997671192
6011.0   0.0012086742799338
6011.9   0.0011910386033020
6012.8   0.0011676007713227
6013.7   0.0011624044738522
6014.6   0.0011735023009009
6015.5   0.0011795834893400
6016.4   0.0011783358959685
6017.3   0.0011825383157461
6018.2   0.0011856404434640
6019.1   0.0011703810835828
6020.0   0.0011469940218167
6020.9   0.0011399735167404
6021.8   0.0011519009967657
6022.7   0.0011660195838040
6023.6   0.0011711304519291
6024.5   0.0011762854562929
6025.4   0.0011839286072634
6026.3   0.0011824011684769
6027.2   0.0011800784650715
6028.1   0.0011896818878191
6029.0   0.0012007224460672
6029.9   0.0012027264479212
6030.8   0.0012026025686011
6031.7   0.0012079255885236
6032.6   0.0012133988882771
6033.5   0.0012141776356534
6034.4   0.0012126107991816
6035.3   0.0012126282641349
6036.2   0.0012163778136111
6037.1   0.0012198963924642
6038.0   0.0012174437173131
6038.9   0.0012086687290571
6039.8   0.0012010121747503
6040.7   0.0011983769976063
6041.6   0.0011959790188982
6042.5   0.0011971019206261
6043.4   0.0012050932875653
6044.3   0.0012136712873942
6045.2   0.0012174419572790
6046.1   0.0012161059560430
6047.0   0.0012138968425278
6047.9   0.0012128493514899
6048.8   0.0012122838390088
6049.7   0.0012141471735256
6050.6   0.0012174079750830
6051.5   0.0012177243750514
6052.4   0.0012116515806209
6053.3   0.0012025442167028
6054.2   0.0011944292412179
6055.1   0.0011842961836067
6056.0   0.0011767407635645
6056.9   0.0011807805832728
6057.8   0.0011931850325273
6058.7   0.0012054932214578
6059.6   0.0012127960089192
6060.5   0.0012133910358175
6061.4   0.0012071442687899
6062.3   0.0011955647339587
6063.2   0.0011802937307753
6064.1   0.0011588930705226
6065.0   0.0011421049179826
6065.9   0.0011531231373370
6066.8   0.0011867942134816
6067.7   0.0012161525292519
6068.6   0.0012284481271695
6069.5   0.0012281429643415
6070.4   0.0012241992695702
6071.3   0.0012228112796360
6072.2   0.0012250928253219
6073.1   0.0012276409484738
6074.0   0.0012274983857152
6074.9   0.0012234389348579
6075.8   0.0012146658420232
6076.7   0.0012002058083781
6077.6   0.0011789738406203
6078.5   0.0011637129914795
6079.4   0.0011677909903880
6080.3   0.0011758358352851
6081.2   0.0011701344080404
6082.1   0.0011597363976101
6083.0   0.0011600902998426
6083.9   0.0011658208353428
6084.8   0.0011628524702132
6085.7   0.0011579460368131
6086.6   0.0011653285673560
6087.5   0.0011788529398194
6088.4   0.0011792967391760
6089.3   0.0011611379262679
6090.2   0.0011434551348783
6091.1   0.0011411427209028
6092.0   0.0011466348394819
6092.9   0.0011524165513570
6093.8   0.0011648195113520
6094.7   0.0011830308545074
6095.6   0.0011907679642191
6096.5   0.0011858595000104
6097.4   0.0011839318565570
6098.3   0.0011917501986097
6099.2   0.0012035750551108
6100.1   0.0012043334944019
6101.0   0.0011738640555931
6101.9   0.0011177889643965
6102.8   0.0010861415212550
6103.7   0.0011132595167525
6104.6   0.0011646781670786
6105.5   0.0011944291058307
6106.4   0.0011950180403034
6107.3   0.0011818164310085
6108.2   0.0011760340421973
6109.1   0.0011847365982825
6110.0   0.0011925135118412
6110.9   0.0011876214294880
6111.8   0.0011828849070680
6112.7   0.0011912036403416
6113.6   0.0012030190197363
6114.5   0.0012043808799342
6115.4   0.0011918280462699
6116.3   0.0011788484720406
6117.2   0.0011810838506794
6118.1   0.0011882404199269
6119.0   0.0011828742114764
6119.9   0.0011679684830533
6120.8   0.0011475130964760
6121.7   0.0011259813813798
6122.6   0.0011281183334986
6123.5   0.0011592258523465
6124.4   0.0011844429433695
6125.3   0.0011839069453057
6126.2   0.0011722023126694
6127.1   0.0011613458810610
6128.0   0.0011542713564779
6128.9   0.0011575980916189
6129.8   0.0011719469723440
6130.7   0.0011852356356310
6131.6   0.0011898230967053
6132.5   0.0011935251252619
6133.4   0.0011973847445602
6134.3   0.0011835491168434
6135.2   0.0011357767832267
6136.1   0.0010647712554366
6137.0   0.0010214004962203
6137.9   0.0010498076489704
6138.8   0.0011230951963018
6139.7   0.0011745904081094
6140.6   0.0011729491086582
6141.5   0.0011466401195841
6142.4   0.0011421291522977
6143.3   0.0011649768313192
6144.2   0.0011874270134184
6145.1   0.0011947402256970
6146.0   0.0011932695141620
6146.9   0.0011878448184259
6147.8   0.0011783522778239
6148.7   0.0011702968727226
6149.6   0.0011644068510594
6150.5   0.0011599956641653
6151.4   0.0011641823790236
6152.3   0.0011776194267203
6153.2   0.0011851305751366
6154.1   0.0011780027079829
6155.0   0.0011715839991667
6155.9   0.0011761267824533
6156.8   0.0011811504611991
6157.7   0.0011827872928714
6158.6   0.0011829573392387
6159.5   0.0011675776201055
6160.4   0.0011208622546333
6161.3   0.0010601816958602
6162.2   0.0010280050240167
6163.1   0.0010416995782346
6164.0   0.0010831447248060
6164.9   0.0011217338099593
6165.8   0.0011435841589134
6166.7   0.0011577548700371
6167.6   0.0011569689471373
6168.5   0.0011246992642633
6169.4   0.0010863625409163
6170.3   0.0010880728878574
6171.2   0.0011269116270722
6172.1   0.0011552330120088
6173.0   0.0011575233578651
6173.9   0.0011564829069633
6174.8   0.0011577097860878
6175.7   0.0011530153690979
6176.6   0.0011495583914367
6177.5   0.0011598862712793
6178.4   0.0011729752383946
6179.3   0.0011713520808330
6180.2   0.0011665580188380
6181.1   0.0011759047473878
6182.0   0.0011919699320923
6182.9   0.0012009348686391
6183.8   0.0012036139112473
6184.7   0.0012014451431282
6185.6   0.0011896618505083
6186.5   0.0011734555923047
6187.4   0.0011627363079655
6188.3   0.0011597385638058
6189.2   0.0011554917370151
6190.1   0.0011318761415961
6191.0   0.0010988227697118
6191.9   0.0011004220991200
6192.8   0.0011435527490748
6193.7   0.0011854555045009
6194.6   0.0012021385965464
6195.5   0.0012072207625777
6196.4   0.0012121424947354
6197.3   0.0012086538364613
6198.2   0.0011867479110471
6199.1   0.0011552580586473
6200.0   0.0011414168800538
6200.9   0.0011600500898338
6201.8   0.0011933755223671
6202.7   0.0012157207793592
6203.6   0.0012187503395190
6204.5   0.0012131842995095
6205.4   0.0012126443752159
6206.3   0.0012161204424772
6207.2   0.0012176990576385
6208.1   0.0012168749555384
6209.0   0.0012127743469616
6209.9   0.0012059470394698
6210.8   0.0012004125446861
6211.7   0.0011896034986099
6212.6   0.0011620860430753
6213.5   0.0011292477338139
6214.4   0.0011124763692910
6215.3   0.0011163019386997
6216.2   0.0011372568364808
6217.1   0.0011629678201375
6218.0   0.0011684022637545
6218.9   0.0011468013657811
6219.8   0.0011250115349211
6220.7   0.0011280079252084
6221.6   0.0011501172699433
6222.5   0.0011697819950675
6223.4   0.0011743927427461
6224.3   0.0011725632550382
6225.2   0.0011784749386590
6226.1   0.0011875273353596
6227.0   0.0011907008121504
6227.9   0.0011845205202552
6228.8   0.0011587300642916
6229.7   0.0011140603322481
6230.6   0.0010807482353574
6231.5   0.0010843064826704
6232.4   0.0011137511754968
6233.3   0.0011509037343920
6234.2   0.0011880373390743
6235.1   0.0012101644872305
6236.0   0.0012072797914122
6236.9   0.0011885662970018
6237.8   0.0011698278913402
6238.7   0.0011548949500828
6239.6   0.0011395534101499
6240.5   0.0011314333576437
6241.4   0.0011299379379384
6242.3   0.0011168156655633
6243.2   0.0010991466159781
6244.1   0.0010976242542130
6245.0   0.0011044548786920
6245.9   0.0011095942458302
6246.8   0.0011253541323195
6247.7   0.0011534835381569
6248.6   0.0011743950443291
6249.5   0.0011787125432566
6250.4   0.0011654923859105
6251.3   0.0011323173685953
6252.2   0.0010962877791217
6253.1   0.0010821591057344
6254.0   0.0010878520712769
6254.9   0.0010946602891685
6255.8   0.0010920729037185
6256.7   0.0010815904116534
6257.6   0.0010682773786640
6258.5   0.0010666881356048
6259.4   0.0010888332902633
6260.3   0.0011179923160236
6261.2   0.0011388916373447
6262.1   0.0011591834761419
6263.0   0.0011761770111176
6263.9   0.0011720413372469
6264.8   0.0011537367122865
6265.7   0.0011512227067179
6266.6   0.0011696384845983
6267.5   0.0011857796215417
6268.4   0.0011834696445364
6269.3   0.0011674934092453
6270.2   0.0011539648397776
6271.1   0.0011543039848016
6272.0   0.0011669700021944
6272.9   0.0011799245297852
6273.8   0.0011839065391440
6274.7   0.0011832707606880
6275.6   0.0011829775119368
6276.5   0.0011828518725826
6277.4   0.0011809274784228
6278.3   0.0011689530190269
6279.2   0.0011437785749830
6280.1   0.0011210892313329
6281.0   0.0011194377778392
6281.9   0.0011361566798084
6282.8   0.0011573133722634
6283.7   0.0011734212039470
6284.6   0.0011779496361868
6285.5   0.0011763777903872
6286.4   0.0011797613881669
6287.3   0.0011889327902472
6288.2   0.0011957894767690
6289.1   0.0011896771492658
6290.0   0.0011698086663528
6290.9   0.0011486353212678
6291.8   0.0011393875607869
6292.7   0.0011458792433228
6293.6   0.0011601233343280
6294.5   0.0011676266302846
6295.4   0.0011576194828020
6296.3   0.0011354317488580
6297.2   0.0011211092686437
6298.1   0.0011256819048157
6299.0   0.0011363157598096
6299.9   0.0011308572172648
6300.8   0.0011071427214705
6301.7   0.0010909097919817
6302.6   0.0011028346319559
6303.5   0.0011317772412209
6304.4   0.0011521828729892
6305.3   0.0011587065069126
6306.2   0.0011682150232084
6307.1   0.0011853871339471
6308.0   0.0011955503829118
6308.9   0.0011889078789960
6309.8   0.0011712987382623
6310.7   0.0011558228941922
6311.6   0.0011514585512814
6312.5   0.0011550697350033
6313.4   0.0011475565557785
6314.3   0.0011202453626965
6315.2   0.0011003157524469
6316.1   0.0011056806070250
6317.0   0.0011095823317535
6317.9   0.0010941748582371
6318.8   0.0010863517099375
6319.7   0.0011067489476972
6320.6   0.0011340535068047
6321.5   0.0011441818935563
6322.4   0.0011459476138766
6323.3   0.0011579266764385
6324.2   0.0011760329590994
6325.1   0.0011841437375799
6326.0   0.0011798047120821
6326.9   0.0011718400164283
6327.8   0.0011701395527554
6328.7   0.0011730162607268
6329.6   0.0011675872325992
6330.5   0.0011593602918710
6331.4   0.0011645888115034
6332.3   0.0011793362722487
6333.2   0.0011832249998025
6334.1   0.0011587861146069
6335.0   0.0011169920751306
6335.9   0.0010930323930536
6336.8   0.0011013277043356
6337.7   0.0011206167298824
6338.6   0.0011315963638748
6339.5   0.0011423421164185
6340.4   0.0011588223983859
6341.3   0.0011678837306441
6342.2   0.0011606407843406
6343.1   0.0011429459434871
6344.0   0.0011322833187057
6344.9   0.0011421191336423
6345.8   0.0011610189208882
6346.7   0.0011725946648767
6347.6   0.0011776176666863
6348.5   0.0011829574746260
6349.4   0.0011886907178709
6350.3   0.0011908349809004
6351.2   0.0011905193932554
6352.1   0.0011878736559070
6353.0   0.0011762742191524
6353.9   0.0011534307371352
6354.8   0.0011352805890100
6355.7   0.0011401761914314
6356.6   0.0011517879484244
6357.5   0.0011413439063341
6358.4   0.0011171189329699
6359.3   0.0011067048114586
6360.2   0.0011112468501154
6361.1   0.0011110279966499
6362.0   0.0011028762635307
6362.9   0.0011003072907447
6363.8   0.0011095572851150
6364.7   0.0011244854878191
6365.6   0.0011361863296129
6366.5   0.0011462705124323
6367.4   0.0011591195733669
6368.3   0.0011674977416368
6369.2   0.0011641010112953
6370.1   0.0011556994210338
6371.0   0.0011564318659757
6371.9   0.0011683248222561
6372.8   0.0011793140687421
6373.7   0.0011825551037632
6374.6   0.0011806633379272
6375.5   0.0011771045490652
6376.4   0.0011708462741226
6377.3   0.0011620708797050
6378.2   0.0011564742421803
6379.1   0.0011542850305887
6380.0   0.0011513677064467
6380.9   0.0011515192047627
6381.8   0.0011576492679937
6382.7   0.0011626258319816
6383.6   0.0011618529062564
6384.5   0.0011622288766083
6385.4   0.0011696183119002
6386.3   0.0011792781911248
6387.2   0.0011845775182812
6388.1   0.0011843629295136
6389.0   0.0011819864773758
6389.9   0.0011788134067467
6390.8   0.0011696429523770
6391.7   0.0011451920177174
6392.6   0.0011099738039438
6393.5   0.0010930171619897
6394.4   0.0011119887721638
6395.3   0.0011463421322796
6396.2   0.0011713876876758
6397.1   0.0011803045617541
6398.0   0.0011658529221175
6398.9   0.0011223018271041
6399.8   0.0010797134030259
6400.7   0.0010843575236580
6401.6   0.0011278061305345
6402.5   0.0011650124381620
6403.4   0.0011801239551825
6404.3   0.0011819401749414
6405.2   0.0011753355794514
6406.1   0.0011574790862392
6407.0   0.0011312868009617
6407.9   0.0011171252961700
6408.8   0.0011288318919212
6409.7   0.0011445016782057
6410.6   0.0011375707994790
6411.5   0.0011232138632134
6412.4   0.0011267266204154
6413.3   0.0011382930903783
6414.2   0.0011418273741507
6415.1   0.0011445540730656
6416.0   0.0011541175565788
6416.9   0.0011631955414670
6417.8   0.0011626669897011
6418.7   0.0011476498375835
6419.6   0.0011197747566673
6420.5   0.0010978475754573
6421.4   0.0011052067517022
6422.3   0.0011388971882213
6423.2   0.0011706706768787
6424.1   0.0011817729717061
6425.0   0.0011803181004776
6425.9   0.0011795954034167
6426.8   0.0011817277523695
6427.7   0.0011809690423040
6428.6   0.0011667326683712
6429.5   0.0011357598598223
6430.4   0.0011050019108155
6431.3   0.0010995708518793
6432.2   0.0011202129374537
6433.1   0.0011447903237909
6434.0   0.0011626975872162
6434.9   0.0011749506735420
6435.8   0.0011788257269851
6436.7   0.0011682705319748
6437.6   0.0011403646504626
6438.5   0.0011110206857392
6439.4   0.0011104461700070
6440.3   0.0011402215461551
6441.2   0.0011704047763489
6442.1   0.0011820242504144
6443.0   0.0011812327766380
6443.9   0.0011795787507867
6444.8   0.0011812958670896
6445.7   0.0011860983230931
6446.6   0.0011890856424357
6447.5   0.0011760358022313
6448.4   0.0011300256688668
6449.3   0.0010681993956166
6450.2   0.0010467326663932
6451.1   0.0010843936043562
6452.0   0.0011371324156118
6452.9   0.0011653433245646
6453.8   0.0011627411819059
6454.7   0.0011401469477886
6455.6   0.0011200026133840
6456.5   0.0011235858396419
6457.4   0.0011466827665632
6458.3   0.0011684744251508
6459.2   0.0011790807965360
6460.1   0.0011735017593519
6461.0   0.0011419331115813
6461.9   0.0010936561897394
6462.8   0.0010692886536166
6463.7   0.0010895175373495
6464.6   0.0011272870558751
6465.5   0.0011550943754801
6466.4   0.0011682408821703
6467.3   0.0011687294947018
6468.2   0.0011590767910007
6469.1   0.0011468161229897
6470.0   0.0011366195687652
6470.9   0.0011259149062473
6471.8   0.0011243744702863
6472.7   0.0011400253700515
6473.6   0.0011535528564212
6474.5   0.0011496212111138
6475.4   0.0011409818808675
6476.3   0.0011434938556276
6477.2   0.0011524739555447
6478.1   0.0011558590425840
6479.0   0.0011544514215006
6479.9   0.0011486923192938
6480.8   0.0011290085722630
6481.7   0.0011009994579841
6482.6   0.0010896911714785
6483.5   0.0011058626351626
6484.4   0.0011322060802881
6485.3   0.0011486900177108
6486.2   0.0011545780085654
6487.1   0.0011575764296612
6488.0   0.0011583392013438
6488.9   0.0011522887458071
6489.8   0.0011394863934685
6490.7   0.0011257664541440
6491.6   0.0011122726115022
6492.5   0.0010875990325345
6493.4   0.0010427513339705
6494.3   0.0009979883201221
6495.2   0.0009839039860543
6496.1   0.0010005989244829
6497.0   0.0010287938577421
6497.9   0.0010491834461230
6498.8   0.0010557409945488
6499.7   0.0010673841613804
6500.6   0.0010925669994330
6501.5   0.0011157683099125
6502.4   0.0011279466624845
6503.3   0.0011324452418389
6504.2   0.0011362308720132
6505.1   0.0011428166486776
6506.0   0.0011486197517358
6506.9   0.0011485653260673
6507.8   0.0011437868336043
6508.7   0.0011404976007275
6509.6   0.0011405731468047
6510.5   0.0011419610013517
6511.4   0.0011430007753173
6512.3   0.0011430638657689
6513.2   0.0011414473421817
6514.1   0.0011351515649750
6515.0   0.0011250028024444
6515.9   0.0011179508875296
6516.8   0.0011140383995160
6517.7   0.0011085047847493
6518.6   0.0011088094060283
6519.5   0.0011230565432462
6520.4   0.0011385981178190
6521.3   0.0011420357351055
6522.2   0.0011400810142051
6523.1   0.0011420988255571
6524.0   0.0011476394127664
6524.9   0.0011478098652954
6525.8   0.0011350878652809
6526.7   0.0011194475257201
6527.6   0.0011173658115931
6528.5   0.0011287273729757
6529.4   0.0011392019448876
6530.3   0.0011386961381772
6531.2   0.0011288995178452
6532.1   0.0011173511220781
6533.0   0.0011131033475768
6533.9   0.0011213000292580
6534.8   0.0011369657539254
6535.7   0.0011487856010988
6536.6   0.0011515373466522
6537.5   0.0011520412579413
6538.4   0.0011557468065661
6539.3   0.0011590884343029
6540.2   0.0011578143050333
6541.1   0.0011512377347010
6542.0   0.0011430935155734
6542.9   0.0011386742054451
6543.8   0.0011347086456353
6544.7   0.0011198561243956
6545.6   0.0010960750180817
6546.5   0.0010868646921713
6547.4   0.0011025040163278
6548.3   0.0011244822385255
6549.2   0.0011353897788151
6550.1   0.0011330883988993
6551.0   0.0011251508483860
6551.9   0.0011196352401216
6552.8   0.0011138429003485
6553.7   0.0010998402047836
6554.6   0.0010806791878675
6555.5   0.0010702050221174
6556.4   0.0010756401426706
6557.3   0.0010874444880056
6558.2   0.0010912858977208
6559.1   0.0010807385551701
6560.0   0.0010460466592729
6560.9   0.0009542123469112
6561.8   0.0008055086941381
6562.7   0.0007087311230483
6563.6   0.0007661269844169
6564.5   0.0009191063691554
6565.4   0.0010416453556470
6566.3   0.0010940618098957
6567.2   0.0011029428063568
6568.1   0.0010914603441732
6569.0   0.0010765333599542
6569.9   0.0010738820040356
6570.8   0.0010809438699122
6571.7   0.0010806105465393
6572.6   0.0010647607629259
6573.5   0.0010445609197549
6574.4   0.0010381656329303
6575.3   0.0010543825190318
6576.2   0.0010843032333768
6577.1   0.0011099385355690
6578.0   0.0011234367782960
6578.9   0.0011247213323827
6579.8   0.0011137010145261
6580.7   0.0010982437862008
6581.6   0.0010920670820674
6582.5   0.0010987018689108
6583.4   0.0011079531494599
6584.3   0.0011079051546850
6585.2   0.0010975142520845
6586.1   0.0010894869398344
6587.0   0.0010970483846085
6587.9   0.0011138799964510
6588.8   0.0011240623350158
6589.7   0.0011237658369709
6590.6   0.0011119176261718
6591.5   0.0010809584240399
6592.4   0.0010382620963354
6593.3   0.0010161681180517
6594.2   0.0010347055413628
6595.1   0.0010719845519356
6596.0   0.0010953835954721
6596.9   0.0010956192369548
6597.8   0.0010851703886176
6598.7   0.0010832085598873
6599.6   0.0010968514638750
6600.5   0.0011162590886398
6601.4   0.0011280449536172
6602.3   0.0011270034873112
6603.2   0.0011152124776188
6604.1   0.0010998398663155
6605.0   0.0010917142629327
6605.9   0.0010917195430349
6606.8   0.0010886365726107
6607.7   0.0010765238151541
6608.6   0.0010632958730420
6609.5   0.0010650301158301
6610.4   0.0010850162502504
6611.3   0.0011061053167816
6612.2   0.0011132673015185
6613.1   0.0011100971417149
6614.0   0.0011105907635741
6614.9   0.0011178658643460
6615.8   0.0011225640721785
6616.7   0.0011213049708921
6617.6   0.0011190366931552
6618.5   0.0011198888204129
6619.4   0.0011229491811688
6620.3   0.0011254773347035
6621.2   0.0011282084337036
6622.1   0.0011281174534816
6623.0   0.0011182976819324
6623.9   0.0011003005213829
6624.8   0.0010890160630307
6625.7   0.0010950681432143
6626.6   0.0011068714731450
6627.5   0.0011119660271083
6628.4   0.0011127099122716
6629.3   0.0011116740645358
6630.2   0.0011081677382275
6631.1   0.0011001895038501
6632.0   0.0010858156441801
6632.9   0.0010688659069750
6633.8   0.0010620106420192
6634.7   0.0010749625972526
6635.6   0.0010985900390546
6636.5   0.0011176285305229
6637.4   0.0011251890952799
6638.3   0.0011214441489698
6639.2   0.0011140981729803
6640.1   0.0011123440282687
6641.0   0.0011139814691837
6641.9   0.0011047636292817
6642.8   0.0010826129237465
6643.7   0.0010699202350684
6644.6   0.0010795508706502
6645.5   0.0010964677764508
6646.4   0.0011041507312684
6647.3   0.0011052657805367
6648.2   0.0011097415471419
6649.1   0.0011180547295390
6650.0   0.0011251538945988
6650.9   0.0011282320587761
6651.8   0.0011278261001517
6652.7   0.0011264665415368
6653.6   0.0011251545038414
6654.5   0.0011244132587292
6655.4   0.0011233621122358
6656.3   0.0011214436751144
6657.2   0.0011213970342119
6658.1   0.0011229379440283
6659.0   0.0011240322113560
6659.9   0.0011240644335179
6660.8   0.0011199196887025
6661.7   0.0011047231484984
6662.6   0.0010801236940419
6663.5   0.0010663361964871
6664.4   0.0010761139302999
6665.3   0.0010948790072468
6666.2   0.0011053692840779
6667.1   0.0011064093288180
6668.0   0.0011068240876127
6668.9   0.0011120679736963
6669.8   0.0011189459160140
6670.7   0.0011228533270063
6671.6   0.0011230040806926
6672.5   0.0011229425471943
6673.4   0.0011250663667513
6674.3   0.0011272942313986
6675.2   0.0011247419789360
6676.1   0.0011078220269227
6677.0   0.0010742382078511
6677.9   0.0010474808839480
6678.8   0.0010533870843857
6679.7   0.0010828355680546
6680.6   0.0011070197898611
6681.5   0.0011163838479769
6682.4   0.0011187630078594
6683.3   0.0011194102265368
6684.2   0.0011195388444102
6685.1   0.0011202442119050
6686.0   0.0011218214731940
6686.9   0.0011222603309166
6687.8   0.0011207416923004
6688.7   0.0011201631826448
6689.6   0.0011200998891124
6690.5   0.0011189105799457
6691.4   0.0011185879521644
6692.3   0.0011206120590228
6693.2   0.0011232146755368
6694.1   0.0011185558653897
6695.0   0.0011009201887580
6695.9   0.0010802206313022
6696.8   0.0010727530098821
6697.7   0.0010801797443572
6698.6   0.0010930074818024
6699.5   0.0011064393170906
6700.4   0.0011164432829732
6701.3   0.0011172659635073
6702.2   0.0011081937325766
6703.1   0.0010934662414485
6704.0   0.0010829232989830
6704.9   0.0010851666654686
6705.8   0.0010977033880519
6706.7   0.0011102237287798
6707.6   0.0011141255888954
6708.5   0.0011101816233496
6709.4   0.0011038033953167
6710.3   0.0010988768569122
6711.2   0.0010976058415490
6712.1   0.0010976691350814
6713.0   0.0010971504665838
6713.9   0.0010953869801529
6714.8   0.0010893500633397
6715.7   0.0010775131573747
6716.6   0.0010625861731556
6717.5   0.0010566324517984
6718.4   0.0010702692633605
6719.3   0.0010936741285480
6720.2   0.0011086267686481
6721.1   0.0011098653587684
6722.0   0.0011077849985139
6722.9   0.0011112950479711
6723.8   0.0011145634312138
6724.7   0.0011098485030577
6725.6   0.0011012650200458
6726.5   0.0010994319445761
6727.4   0.0011069518931627
6728.3   0.0011172707697541
6729.2   0.0011254285276052
6730.1   0.0011287877556826
6731.0   0.0011260050064523
6731.9   0.0011185084121638
6732.8   0.0011112164556812
6733.7   0.0011106961625367
6734.6   0.0011171557582979
6735.5   0.0011243077920730
6736.4   0.0011243658731969
6737.3   0.0011136440165002
6738.2   0.0010987813412178
6739.1   0.0010911048849875
6740.0   0.0010946929174922
6740.9   0.0011004941251291
6741.8   0.0010963650852329
6742.7   0.0010851020180639
6743.6   0.0010796083425315
6744.5   0.0010842690480999
6745.4   0.0010927266886768
6746.3   0.0010990432478241
6747.2   0.0011016707078958
6748.1   0.0010980388099269
6749.0   0.0010872975251619
6749.9   0.0010782565009890
6750.8   0.0010802413455492
6751.7   0.0010871270726329
6752.6   0.0010884128452047
6753.5   0.0010881803176284
6754.4   0.0010920111671393
6755.3   0.0010970973270940
6756.2   0.0011025899872221
6757.1   0.0011084876582640
6758.0   0.0011131811275434
6758.9   0.0011165247860887
6759.8   0.0011186498918245
6760.7   0.0011192952150806
6761.6   0.0011188809978348
6762.5   0.0011197677842247
6763.4   0.0011214983038638
6764.3   0.0011194136789113
6765.2   0.0011108779875934
6766.1   0.0010955945287843
6767.0   0.0010790750522124
6767.9   0.0010736047309781
6768.8   0.0010814774986993
6769.7   0.0010869257518143
6770.6   0.0010790850031742
6771.5   0.0010712121000657
6772.4   0.0010781329601370
6773.3   0.0010942751801783
6774.2   0.0011077439761816
6775.1   0.0011144791526599
6776.0   0.0011159034940668
6776.9   0.0011140411749543
6777.8   0.0011127300849696
6778.7   0.0011152652786405
6779.6   0.0011182083940508
6780.5   0.0011176904024893
6781.4   0.0011129626125459
6782.3   0.0011019418208341
6783.2   0.0010865562123561
6784.1   0.0010752399380037
6785.0   0.0010730562095951
6785.9   0.0010765786469844
6786.8   0.0010837245883339
6787.7   0.0010942472904078
6788.6   0.0011010541544271
6789.5   0.0011005050914951
6790.4   0.0010989600523681
6791.3   0.0010996676537524
6792.2   0.0010974908977864
6793.1   0.0010904370874503
6794.0   0.0010886807088493
6794.9   0.0010984670397515
6795.8   0.0011083974903655
6796.7   0.0011072249015222
6797.6   0.0010988048985967
6798.5   0.0010947085547178
6799.4   0.0010997704803575
6800.3   0.0011082528967984
6801.2   0.0011130045148952
6802.1   0.0011106786975833
6803.0   0.0011021788838827
6803.9   0.0010940004117846
6804.8   0.0010922950064777
6805.7   0.0010935998009560
6806.6   0.0010929523115041
6807.5   0.0010937629425743
6808.4   0.0010949613903794
6809.3   0.0010918195265080
6810.2   0.0010895725722606
6811.1   0.0010927140976639
6812.0   0.0010958958330761
6812.9   0.0010919455043302
6813.8   0.0010815013945463
6814.7   0.0010748356040260
6815.6   0.0010810897496580
6816.5   0.0010948583606935
6817.4   0.0011017902548244
6818.3   0.0010974445276584
6819.2   0.0010875277511552
6820.1   0.0010798363346354
6821.0   0.0010825115864010
6821.9   0.0010939101084988
6822.8   0.0011033310292534
6823.7   0.0011074859958051
6824.6   0.0011108341221292
6825.5   0.0011145558495286
6826.4   0.0011118378830903
6827.3   0.0010982058100814
6828.2   0.0010841547812735
6829.1   0.0010840112708043
6830.0   0.0010954937329878
6830.9   0.0011045931090591
6831.8   0.0011050666259138
6832.7   0.0011016072112825
6833.6   0.0010991987400636
6834.5   0.0010983525021506
6835.4   0.0010959539818935
6836.3   0.0010899665491147
6837.2   0.0010825933602910
6838.1   0.0010730674467356
6839.0   0.0010601145437916
6839.9   0.0010459533774679
6840.8   0.0010325624291248
6841.7   0.0010259583751837
6842.6   0.0010313607997196
6843.5   0.0010471292832984
6844.4   0.0010679883269171
6845.3   0.0010846170609877
6846.2   0.0010910940540087
6847.1   0.0010908660619048
6848.0   0.0010900849452518
6848.9   0.0010913466188958
6849.8   0.0010943036791913
6850.7   0.0010976374544684
6851.6   0.0010998389186048
6852.5   0.0010997396120679
6853.4   0.0010916028392382
6854.3   0.0010720510270681
6855.2   0.0010552026272084
6856.1   0.0010548693715292
6857.0   0.0010630680840190
6857.9   0.0010688986706859
6858.8   0.0010742900611622
6859.7   0.0010764168592384
6860.6   0.0010669780673687
6861.5   0.0010553094477369
6862.4   0.0010590949425240
6863.3   0.0010782495285464
6864.2   0.0010973707416153
6865.1   0.0010993929530524
6866.0   0.0010772895653559
6866.9   0.0010491177156204
6867.8   0.0010469843512632
6868.7   0.0010706264148867
6869.6   0.0010876368055731
6870.5   0.0010849332578753
6871.4   0.0010707900303603
6872.3   0.0010611357020124
6873.2   0.0010681503854375
6874.1   0.0010805810998157
6875.0   0.0010826534722234
6875.9   0.0010797309356729
6876.8   0.0010849036080708
6877.7   0.0010944784641118
6878.6   0.0011000401717298
6879.5   0.0011031204344092
6880.4   0.0010992175588893
6881.3   0.0010820261554696
6882.2   0.0010638695764508
6883.1   0.0010636330549511
6884.0   0.0010747322358720
6884.9   0.0010772899038240
6885.8   0.0010794103387002
6886.7   0.0010915262100631
6887.6   0.0010972811829593
6888.5   0.0010961807555123
6889.4   0.0011050028585261
6890.3   0.0011119438912954
6891.2   0.0011021660897890
6892.1   0.0010950293547714
6893.0   0.0011039601737350
6893.9   0.0011046119278848
6894.8   0.0010850773098935
6895.7   0.0010760340518312
6896.6   0.0010942165575055
6897.5   0.0011101993590774
6898.4   0.0010999536592866
6899.3   0.0010834180039400
6900.2   0.0010893891902506
6901.1   0.0011086977792529
6902.0   0.0011136480104236
6902.9   0.0011039839341947
6903.8   0.0011002403417569
6904.7   0.0011083230273862
6905.6   0.0011126011963218
6906.5   0.0011043550306061
6907.4   0.0010920217273436
6908.3   0.0010892561722922
6909.2   0.0010969439333566
6910.1   0.0010970456768638
6911.0   0.0010822189468924
6911.9   0.0010652549263340
6912.8   0.0010537416635544
6913.7   0.0010446380227853
6914.6   0.0010388619294805
6915.5   0.0010403121298493
6916.4   0.0010454590786726
6917.3   0.0010533745610665
6918.2   0.0010700395789161
6919.1   0.0010900535354133
6920.0   0.0011025067240725
6920.9   0.0011060431740406
6921.8   0.0011029527573186
6922.7   0.0010954384949959
6923.6   0.0010853809157682
6924.5   0.0010748618691496
6925.4   0.0010695304552185
6926.3   0.0010745710573686
6927.2   0.0010869061883589
6928.1   0.0010978492677977
6929.0   0.0011040096577694
6929.9   0.0011055728387859
6930.8   0.0011040697020082
6931.7   0.0010999123661799
6932.6   0.0010897926442112
6933.5   0.0010807657680044
6934.4   0.0010840198678937
6935.3   0.0010933470329880
6936.2   0.0010973119158616
6937.1   0.0010961386500822
6938.0   0.0010953527271825
6938.9   0.0010964178185610
6939.8   0.0010986239535570
6940.7   0.0011012223053731
6941.6   0.0011003067491957
6942.5   0.0010926701645061
6943.4   0.0010776489507715
6944.3   0.0010568798042769
6945.2   0.0010417555608563
6946.1   0.0010449708046092
6947.0   0.0010622129105485
6947.9   0.0010788501063213
6948.8   0.0010861350226677
6949.7   0.0010824811919668
6950.6   0.0010717773417723
6951.5   0.0010648031391304
6952.4   0.0010667857498013
6953.3   0.0010702683833435
6954.2   0.0010694119913878
6955.1   0.0010684487112101
6956.0   0.0010739254633381
6956.9   0.0010827889948458
6957.8   0.0010870267506917
6958.7   0.0010854480001432
6959.6   0.0010813741982389
6960.5   0.0010798098664309
6961.4   0.0010815803253044
6962.3   0.0010811507416074
6963.2   0.0010770190616601
6964.1   0.0010699297121748
6965.0   0.0010613679588142
6965.9   0.0010580756120309
6966.8   0.0010641482710742
6967.7   0.0010743017721580
6968.6   0.0010800046209686
6969.5   0.0010773539419862
6970.4   0.0010681158616926
6971.3   0.0010609856929559
6972.2   0.0010645281676559
6973.1   0.0010720638888554
6974.0   0.0010709667107021
6974.9   0.0010598401815597
6975.8   0.0010436979615183
6976.7   0.0010228972697980
6977.6   0.0009962167781508
6978.5   0.0009759558753368
6979.4   0.0009810854269003
6980.3   0.0010090480356640
6981.2   0.0010393667884802
6982.1   0.0010595941152599
6983.0   0.0010702246532665
6983.9   0.0010736831201872
6984.8   0.0010731151707360
6985.7   0.0010736459563912
6986.6   0.0010745087792405
6987.5   0.0010705642044522
6988.4   0.0010630474374656
6989.3   0.0010606516926469
6990.2   0.0010689395576309
6991.1   0.0010819590710946
6992.0   0.0010904380351610
6992.9   0.0010912097424011
6993.8   0.0010872294253827
6994.7   0.0010849158606156
6995.6   0.0010867305234213
6996.5   0.0010895367623369
6997.4   0.0010887745322033
6998.3   0.0010802319361364
6999.2   0.0010642221248110
7000.1   0.0010518620825695
7001.0   0.0010558194514516
7001.9   0.0010680598113772
7002.8   0.0010693067955061
7003.7   0.0010591901874439
7004.6   0.0010507624674460
7005.5   0.0010486666730466
7006.4   0.0010501915394756
7007.3   0.0010552911027666
7008.2   0.0010654459577227
7009.1   0.0010759730598817
7010.0   0.0010791279209277
7010.9   0.0010744144143376
7011.8   0.0010698603939105
7012.7   0.0010705711768948
7013.6   0.0010695819023679
7014.5   0.0010537499221758
7015.4   0.0010196563701641
7016.3   0.0009891178161718
7017.2   0.0009917256450943
7018.1   0.0010236302562888
7019.0   0.0010560537390619
7019.9   0.0010728326852699
7020.8   0.0010751215418666
7021.7   0.0010651464134650
7022.6   0.0010437613904380
7023.5   0.0010210146426003
7024.4   0.0010113362830181
7025.3   0.0010183615266476
7026.2   0.0010335085151237
7027.1   0.0010452197140409
7028.0   0.0010486633560594
7028.9   0.0010471686809838
7029.8   0.0010464379283824
7030.7   0.0010472854524741
7031.6   0.0010467170291675
7032.5   0.0010449905034519
7033.4   0.0010427549894259
7034.3   0.0010407517322017
7035.2   0.0010444480744944
7036.1   0.0010522139539935
7037.0   0.0010506593700665
7037.9   0.0010367846154387
7038.8   0.0010298903589591
7039.7   0.0010463388249263
7040.6   0.0010752203068546
7041.5   0.0010959209474082
7042.4   0.0011006737162965
7043.3   0.0010923861220869
7044.2   0.0010781625422478
7045.1   0.0010671088514379
7046.0   0.0010661901136604
7046.9   0.0010731712887449
7047.8   0.0010796653405575
7048.7   0.0010823995534640
7049.6   0.0010814422980182
7050.5   0.0010734442294109
7051.4   0.0010538909956748
7052.3   0.0010280850378727
7053.2   0.0010138429776760
7054.1   0.0010214170811566
7055.0   0.0010408753407473
7055.9   0.0010570797712231
7056.8   0.0010667410043201
7057.7   0.0010728729629724
7058.6   0.0010717659015509
7059.5   0.0010629328321711
7060.4   0.0010580506330861
7061.3   0.0010644447691191
7062.2   0.0010756087328321
7063.1   0.0010858876701892
7064.0   0.0010967025379164
7064.9   0.0011011732275004
7065.8   0.0010886761056834
7066.7   0.0010631785600028
7067.6   0.0010382038798243
7068.5   0.0010275914160135
7069.4   0.0010379230190050
7070.3   0.0010587215445296
7071.2   0.0010725624523487
7072.1   0.0010750438972872
7073.0   0.0010739469222148
7073.9   0.0010729759926583
7074.8   0.0010701565534873
7075.7   0.0010657786041594
7076.6   0.0010618486511924
7077.5   0.0010607204693623
7078.4   0.0010624256715884
7079.3   0.0010650441284089
7080.2   0.0010680390971302
7081.1   0.0010675097330410
7082.0   0.0010568031751018
7082.9   0.0010323864257191
7083.8   0.0009991335607438
7084.7   0.0009754300313156
7085.6   0.0009786984822519
7086.5   0.0010014741352643
7087.4   0.0010214313645099
7088.3   0.0010289171278196
7089.2   0.0010256819144496
7090.1   0.0010168748394189
7091.0   0.0010131092465554
7091.9   0.0010179663313083
7092.8   0.0010233929224657
7093.7   0.0010264421137747
7094.6   0.0010296145074676
7095.5   0.0010331211722440
7096.4   0.0010373249458940
7097.3   0.0010423109192947
7098.2   0.0010471276586516
7099.1   0.0010508706418469
7100.0   0.0010526002137753
7100.9   0.0010520020729706
7101.8   0.0010502338479866
7102.7   0.0010502959230338
7103.6   0.0010543282287505
7104.5   0.0010602967750100
7105.4   0.0010616834110720
7106.3   0.0010545330696372
7107.2   0.0010454368751660
7108.1   0.0010438734910687
7109.0   0.0010482396617071
7109.9   0.0010468225635173
7110.8   0.0010357106561962
7111.7   0.0010279422043396
7112.6   0.0010349682602925
7113.5   0.0010509496402985
7114.4   0.0010627003045948
7115.3   0.0010665484159781
7116.2   0.0010683026283834
7117.1   0.0010695841362572
7118.0   0.0010694322317795
7118.9   0.0010687265935101
7119.8   0.0010663579938320
7120.7   0.0010600153049483
7121.6   0.0010482180674431
7122.5   0.0010400770976091
7123.4   0.0010475625224507
7124.3   0.0010626464204753
7125.2   0.0010714158578546
7126.1   0.0010745662511218
7127.0   0.0010767663613858
7127.9   0.0010757669328163
7128.8   0.0010673974293295
7129.7   0.0010501071932281
7130.6   0.0010323952258894
7131.5   0.0010295787652376
7132.4   0.0010418518888741
7133.3   0.0010567658759186
7134.2   0.0010689353606266
7135.1   0.0010753079700893
7136.0   0.0010761783069302
7136.9   0.0010776045437584
7137.8   0.0010774634702594
7138.7   0.0010692556191313
7139.6   0.0010583803686972
7140.5   0.0010558723201669
7141.4   0.0010596204480771
7142.3   0.0010610780947438
7143.2   0.0010605038497861
7144.1   0.0010602139857158
7145.0   0.0010601800035198
7145.9   0.0010604922064839
7146.8   0.0010543521922911
7147.7   0.0010365292074197
7148.6   0.0010223616778959
7149.5   0.0010269653177448
7150.4   0.0010394423345574
7151.3   0.0010477079960349
7152.2   0.0010559611341931
7153.1   0.0010647478334449
7154.0   0.0010664232504793
7154.9   0.0010600463763187
7155.8   0.0010568605115959
7156.7   0.0010656310997667
7157.6   0.0010776316212054
7158.5   0.0010809930154785
7159.4   0.0010749935332358
7160.3   0.0010669862582965
7161.2   0.0010669962092583
7162.1   0.0010724767522288
7163.0   0.0010655101312721
7163.9   0.0010374507883290
7164.8   0.0010071972244665
7165.7   0.0010021035505203
7166.6   0.0010251318361134
7167.5   0.0010558409103283
7168.4   0.0010727571391927
7169.3   0.0010715630914727
7170.2   0.0010653559252114
7171.1   0.0010646206371375
7172.0   0.0010699311337408
7172.9   0.0010779271038460
7173.8   0.0010806598274929
7174.7   0.0010700546068992
7175.6   0.0010496503290033
7176.5   0.0010380737049977
7177.4   0.0010458695727694
7178.3   0.0010557030184294
7179.2   0.0010454211025531
7180.1   0.0010158404132491
7181.0   0.0009900161781703
7181.9   0.0009893251617223
7182.8   0.0010100568736464
7183.7   0.0010339905613742
7184.6   0.0010483780274614
7185.5   0.0010463824873096
7186.4   0.0010267855234965
7187.3   0.0010016468893763
7188.2   0.0009869229860099
7189.1   0.0009842710208487
7190.0   0.0009903254026153
7190.9   0.0010047838116136
7191.8   0.0010168882427552
7192.7   0.0010149663532593
7193.6   0.0010101773005920
7194.5   0.0010188318619023
7195.4   0.0010330448138434
7196.3   0.0010362729193836
7197.2   0.0010345069959825
7198.1   0.0010427650757749
7199.0   0.0010547977516819
7199.9   0.0010592616719041
7200.8   0.0010567667559356
7201.7   0.0010463630592413
7202.6   0.0010348919695856
7203.5   0.0010397521005513
7204.4   0.0010566427412282
7205.3   0.0010608983004956
7206.2   0.0010400628819495
7207.1   0.0010071136228489
7208.0   0.0009888230781609
7208.9   0.0009976107928170
7209.8   0.0010243203927198
7210.7   0.0010554709647084
7211.6   0.0010743492253839
7212.5   0.0010720347129062
7213.4   0.0010576281572189
7214.3   0.0010444373789029
7215.2   0.0010381426847940
7216.1   0.0010397434357682
7217.0   0.0010490461634666
7217.9   0.0010586089023500
7218.8   0.0010590425476640
7219.7   0.0010524838484467
7220.6   0.0010457839403432
7221.5   0.0010433699182477
7222.4   0.0010442854744251
7223.3   0.0010447367877733
7224.2   0.0010483851352912
7225.1   0.0010557702381916
7226.0   0.0010603765180915
7226.9   0.0010621091362327
7227.8   0.0010608089449204
7228.7   0.0010565815461980
7229.6   0.0010592249142697
7230.5   0.0010719531420971
7231.4   0.0010835116242131
7232.3   0.0010890584392353
7233.2   0.0010925504821903
7234.1   0.0010933373528007
7235.0   0.0010892565784539
7235.9   0.0010804578974318
7236.8   0.0010716122370391
7237.7   0.0010668157380739
7238.6   0.0010617917208600
7239.5   0.0010574316426472
7240.4   0.0010649397448507
7241.3   0.0010795707048801
7242.2   0.0010833408332160
7243.1   0.0010747932278214
7244.0   0.0010604433993857
7244.9   0.0010430203484067
7245.8   0.0010341183669242
7246.7   0.0010419576263047
7247.6   0.0010559767037251
7248.5   0.0010629008130900
7249.4   0.0010582326612237
7250.3   0.0010440196415890
7251.2   0.0010308964891968
7252.1   0.0010333826726886
7253.0   0.0010503451362938
7253.9   0.0010620959359773
7254.8   0.0010601666001835
7255.7   0.0010573003847227
7256.6   0.0010649094858036
7257.5   0.0010796817901065
7258.4   0.0010878170736766
7259.3   0.0010797540868901
7260.2   0.0010551676973018
7261.1   0.0010224714769436
7262.0   0.0010061014678792
7262.9   0.0010202044176918
7263.8   0.0010452084769004
7264.7   0.0010619862046233
7265.6   0.0010687877208468
7266.5   0.0010652752344192
7267.4   0.0010535923314341
7268.3   0.0010410696891233
7269.2   0.0010342760930531
7270.1   0.0010336242712097
7271.0   0.0010347890075933
7271.9   0.0010379254559753
7272.8   0.0010467407896273
7273.7   0.0010565885863342
7274.6   0.0010598803915685
7275.5   0.0010616035326033
7276.4   0.0010686150344284
7277.3   0.0010748745955497
7278.2   0.0010735499668415
7279.1   0.0010695828500785
7280.0   0.0010689238527116
7280.9   0.0010646242248993
7281.8   0.0010491107431778
7282.7   0.0010319820240479
7283.6   0.0010257913750292
7284.5   0.0010306308594415
7285.4   0.0010431489662800
7286.3   0.0010590616372642
7287.2   0.0010650588179239
7288.1   0.0010482064918345
7289.0   0.0010203730424931
7289.9   0.0010072388560413
7290.8   0.0010080176034176
7291.7   0.0010044042535000
7292.6   0.0009968891788539
7293.5   0.0009999328869799
7294.4   0.0010163981409641
7295.3   0.0010362159890512
7296.2   0.0010503823000898
7297.1   0.0010534217435179
7298.0   0.0010450032298520
7298.9   0.0010318660648810
7299.8   0.0010223052214189
7300.7   0.0010197992713908
7301.6   0.0010221958962265
7302.5   0.0010273576699521
7303.4   0.0010348212297552
7304.3   0.0010411358934813
7305.2   0.0010400847469879
7306.1   0.0010299304335807
7307.0   0.0010160449833614
7307.9   0.0010078011869223
7308.8   0.0010122523807444
7309.7   0.0010207915244368
7310.6   0.0010182356165189
7311.5   0.0010115126248918
7312.4   0.0010167119685751
7313.3   0.0010328319174162
7314.2   0.0010493545078946
7315.1   0.0010584213233358
7316.0   0.0010584584194382
7316.9   0.0010545876983866
7317.8   0.0010542841602055
7318.7   0.0010590882408559
7319.6   0.0010622175814081
7320.5   0.0010626636823477
7321.4   0.0010665203231269
7322.3   0.0010707956489306
7323.2   0.0010688911566944
7324.1   0.0010625890839812
7325.0   0.0010533885736453
7325.9   0.0010424206506488
7326.8   0.0010409116922199
7327.7   0.0010535374319103
7328.6   0.0010658643719728
7329.5   0.0010680731470199
7330.4   0.0010654988941316
7331.3   0.0010644897853748
7332.2   0.0010647246822277
7333.1   0.0010615248049260
7334.0   0.0010548392478694
7334.9   0.0010501652066584
7335.8   0.0010493819915033
7336.7   0.0010495337605938
7337.6   0.0010467265062740
7338.5   0.0010398761152586
7339.4   0.0010320462652909
7340.3   0.0010282542719165
7341.2   0.0010298624691887
7342.1   0.0010306216531096
7343.0   0.0010236965960340
7343.9   0.0010106923813280
7344.8   0.0010027140115633
7345.7   0.0010084922033703
7346.6   0.0010221566339284
7347.5   0.0010338607250158
7348.4   0.0010399014326716
7349.3   0.0010386863999302
7350.2   0.0010299476277596
7351.1   0.0010190962054789
7352.0   0.0010160638021870
7352.9   0.0010217090437291
7353.8   0.0010242476220809
7354.7   0.0010145281047793
7355.6   0.0009983521733164
7356.5   0.0009926996885573
7357.4   0.0010045174372285
7358.3   0.0010249736361292
7359.2   0.0010436619485138
7360.1   0.0010515198236392
7361.0   0.0010429070969845
7361.9   0.0010234494466364
7362.8   0.0010072693181692
7363.7   0.0010027086637676
7364.6   0.0010062436244761
7365.5   0.0010120097668191
7366.4   0.0010173977726145
7367.3   0.0010220175235443
7368.2   0.0010247920141533
7369.1   0.0010230893842846
7370.0   0.0010201587245000
7370.9   0.0010209800511617
7371.8   0.0010220562442935
7372.7   0.0010179058132142
7373.6   0.0010098491896277
7374.5   0.0010031043329621
7375.4   0.0009993386047114
7376.3   0.0009978373633549
7377.2   0.0010000462060956
7378.1   0.0010064152954902
7379.0   0.0010126255756580
7379.9   0.0010122483868210
7380.8   0.0010030671014725
7381.7   0.0009887331133432
7382.6   0.0009771014544266
7383.5   0.0009730055167094
7384.4   0.0009687232184631
7385.3   0.0009558128271109
7386.2   0.0009413421655678
7387.1   0.0009340299009999
7388.0   0.0009293063080608
7388.9   0.0009228349336101
7389.8   0.0009252820578846
7390.7   0.0009441050128746
7391.6   0.0009633038705228
7392.5   0.0009660274555314
7393.4   0.0009607944681202
7394.3   0.0009661111248426
7395.2   0.0009823410081187
7396.1   0.0009962016824740
7397.0   0.0010027858344916
7397.9   0.0010037913554867
7398.8   0.0009979978649222
7399.7   0.0009883688539872
7400.6   0.0009849221657559
7401.5   0.0009938183255873
7402.4   0.0010109524602066
7403.3   0.0010268126009436
7404.2   0.0010333460504415
7405.1   0.0010310921914452
7406.0   0.0010299041007635
7406.9   0.0010315015347505
7407.8   0.0010249975996698
7408.7   0.0010101006714169
7409.6   0.0010007362071393
