3540.5   0.0000974180403599
3541.4   0.0000913296461377
3542.3   0.0000865831632481
3543.2   0.0000875218681927
3544.1   0.0000894069978387
3545.0   0.0000891036558755
3545.9   0.0000870577853280
3546.8   0.0000816912836649
3547.7   0.0000751343510393
3548.6   0.0000717530420005
3549.5   0.0000742587463696
3550.4   0.0000793414516676
3551.3   0.0000781497499633
3552.2   0.0000694328421146
3553.1   0.0000606860718325
3554.0   0.0000589751330963
3554.9   0.0000684145093090
3555.8   0.0000795059571418
3556.7   0.0000834544459199
3557.6   0.0000799099418593
3558.5   0.0000729834060254
3559.4   0.0000679498625526
3560.3   0.0000670708983591
3561.2   0.0000737192052656
3562.1   0.0000819749132452
3563.0   0.0000804754458077
3563.9   0.0000690968420860
3564.8   0.0000545828694966
3565.7   0.0000448842142943
3566.6   0.0000441432328100
3567.5   0.0000487190828669
3568.4   0.0000488746057848
3569.3   0.0000447748550451
3570.2   0.0000536095368367
3571.1   0.0000801497149616
3572.0   0.0000586859440204
3572.9   0.0000505409891349
3573.8   0.0000535615981005
3574.7   0.0000502278028935
3575.6   0.0000437240111036
3576.5   0.0000383500835428
3577.4   0.0000340631485580
3578.3   0.0000296541886018
3579.2   0.0000267416641724
3580.1   0.0000258643638565
3581.0   0.0000269624257854
3581.9   0.0000333409978794
3582.8   0.0000418965771086
3583.7   0.0000432952072094
3584.6   0.0000370985696082
3585.5   0.0000322216609523
3586.4   0.0000340684499341
3587.3   0.0000399904961064
3588.2   0.0000454676793845
3589.1   0.0000500681897754
3590.0   0.0000553463788512
3590.9   0.0000585880413032
3591.8   0.0000548933673248
3592.7   0.0000448502457763
3593.6   0.0000368840723555
3594.5   0.0000407089100097
3595.4   0.0000540681396272
3596.3   0.0000643720293160
3597.2   0.0000671399870049
3598.1   0.0000699454355493
3599.0   0.0000789103366117
3599.9   0.0000864382589669
3600.8   0.0000803224723157
3601.7   0.0000656640680023
3602.6   0.0000555615154459
3603.5   0.0000484264111642
3604.4   0.0000376412557983
3605.3   0.0000293899140083
3606.2   0.0000323537366975
3607.1   0.0000412502539787
3608.0   0.0000445599725988
3608.9   0.0000415916745155
3609.8   0.0000400459759012
3610.7   0.0000448604077400
3611.6   0.0000530787837068
3612.5   0.0000571892245622
3613.4   0.0000595658175886
3614.3   0.0000672629153943
3615.2   0.0000748517380525
3616.1   0.0000756943352028
3617.0   0.0000688470142388
3617.9   0.0000558994335006
3618.8   0.0000457899990829
3619.7   0.0000477487642478
3620.6   0.0000619750488251
3621.5   0.0000807549534191
3622.4   0.0000905167525781
3623.3   0.0000856445059563
3624.2   0.0000804070640120
3625.1   0.0000873998054962
3626.0   0.0000995405366407
3626.9   0.0001023229450471
3627.8   0.0000951614808142
3628.7   0.0000882114044875
3629.6   0.0000789405564412
3630.5   0.0000639062150655
3631.4   0.0000532735725477
3632.3   0.0000545177122084
3633.2   0.0000629496204583
3634.1   0.0000670798412048
3635.0   0.0000647653755416
3635.9   0.0000668649905270
3636.8   0.0000789646528835
3637.7   0.0000946363308616
3638.6   0.0001038745843795
3639.5   0.0001029608336279
3640.4   0.0000947382761263
3641.3   0.0000833708708171
3642.2   0.0000748232972616
3643.1   0.0000724051867164
3644.0   0.0000726286546124
3644.9   0.0000716665441913
3645.8   0.0000684525124324
3646.7   0.0000614564829037
3647.6   0.0000538104212674
3648.5   0.0000530449422629
3649.4   0.0000603868041853
3650.3   0.0000705506422383
3651.2   0.0000774332739414
3652.1   0.0000785829696854
3653.0   0.0000783317757908
3653.9   0.0000823000722574
3654.8   0.0000899351340346
3655.7   0.0000967467392106
3656.6   0.0001007810666005
3657.5   0.0001038990699865
3658.4   0.0001080905007793
3659.3   0.0001102402227042
3660.2   0.0001055865675066
3661.1   0.0000982012144446
3662.0   0.0000938513380276
3662.9   0.0000908499649168
3663.8   0.0000917038478431
3664.7   0.0000996735356593
3665.6   0.0001071997981080
3666.5   0.0001068190759084
3667.4   0.0000983052882018
3668.3   0.0000866968390485
3669.2   0.0000797413382426
3670.1   0.0000807414359027
3671.0   0.0000882661575769
3671.9   0.0000981834478851
3672.8   0.0001037656500347
3673.7   0.0001006147185505
3674.6   0.0000943317419830
3675.5   0.0000922085388520
3676.4   0.0000912391852024
3677.3   0.0000891387601190
3678.2   0.0000833276258836
3679.1   0.0000724155750310
3680.0   0.0000680307690976
3680.9   0.0000770699688473
3681.8   0.0000896716060019
3682.7   0.0000940666652336
3683.6   0.0000897743137117
3684.5   0.0000827510585390
3685.4   0.0000741768391154
3686.3   0.0000618415415098
3687.2   0.0000516357054388
3688.1   0.0000535352540336
3689.0   0.0000657730619131
3689.9   0.0000800926268841
3690.8   0.0000936001997280
3691.7   0.0001004083818431
3692.6   0.0000939443722151
3693.5   0.0000837738230568
3694.4   0.0000824910250464
3695.3   0.0000869897132757
3696.2   0.0000909406879425
3697.1   0.0000961349643747
3698.0   0.0001043094084132
3698.9   0.0001108200304405
3699.8   0.0001127739231047
3700.7   0.0001123369944048
3701.6   0.0001073876058109
3702.5   0.0000936949176484
3703.4   0.0000734993907524
3704.3   0.0000552949296907
3705.2   0.0000480416623015
3706.1   0.0000521077542664
3707.0   0.0000581653329989
3707.9   0.0000584699814435
3708.8   0.0000566635305732
3709.7   0.0000630959821216
3710.6   0.0000802305103167
3711.5   0.0000987029748050
3712.4   0.0001091220572423
3713.3   0.0001114603254888
3714.2   0.0001096415126830
3715.1   0.0001038345242428
3716.0   0.0000944569259392
3716.9   0.0000838498928406
3717.8   0.0000706082624389
3718.7   0.0000538913436966
3719.6   0.0000392753464213
3720.5   0.0000335400198791
3721.4   0.0000389819797816
3722.3   0.0000527086920570
3723.2   0.0000680665801913
3724.1   0.0000800175975202
3725.0   0.0000861622697220
3725.9   0.0000838244780037
3726.8   0.0000751021139071
3727.7   0.0000682063538523
3728.6   0.0000671016423696
3729.5   0.0000683579612968
3730.4   0.0000663004714036
3731.3   0.0000603475184069
3732.2   0.0000542070714218
3733.1   0.0000481654762391
3734.0   0.0000419736833412
3734.9   0.0000376017198426
3735.8   0.0000356800246000
3736.7   0.0000366912015406
3737.6   0.0000449561144564
3738.5   0.0000600293683301
3739.4   0.0000725819071967
3740.3   0.0000775409375444
3741.2   0.0000768448092763
3742.1   0.0000729207584523
3743.0   0.0000663788444070
3743.9   0.0000577809335901
3744.8   0.0000497165357956
3745.7   0.0000456531243017
3746.6   0.0000452994967010
3747.5   0.0000430738995746
3748.4   0.0000383769954724
3749.3   0.0000405932248488
3750.2   0.0000546766581871
3751.1   0.0000693725057033
3752.0   0.0000737936548535
3752.9   0.0000760768126145
3753.8   0.0000851802880753
3754.7   0.0000940527426683
3755.6   0.0000941312983408
3756.5   0.0000848004395108
3757.4   0.0000695392508600
3758.3   0.0000578079845072
3759.2   0.0000587699082880
3760.1   0.0000689829756743
3761.0   0.0000789441621712
3761.9   0.0000818186914193
3762.8   0.0000759359588229
3763.7   0.0000692649771166
3764.6   0.0000703168098541
3765.5   0.0000739180922489
3766.4   0.0000715862253645
3767.3   0.0000710956078216
3768.2   0.0000827405987452
3769.1   0.0000983767912571
3770.0   0.0001061084373569
3770.9   0.0001081079575954
3771.8   0.0001115179377473
3772.7   0.0001148705200783
3773.6   0.0001113524474481
3774.5   0.0001018010593126
3775.4   0.0000965500680834
3776.3   0.0000983596680108
3777.2   0.0001000959302493
3778.1   0.0001018088426064
3779.0   0.0001080376299763
3779.9   0.0001162229626840
3780.8   0.0001204119631831
3781.7   0.0001189330658793
3782.6   0.0001155446565703
3783.5   0.0001151013185662
3784.4   0.0001144950158624
3785.3   0.0001038613766064
3786.2   0.0000838678023585
3787.1   0.0000684697706951
3788.0   0.0000657703139339
3788.9   0.0000689259352496
3789.8   0.0000709155119333
3790.7   0.0000751590034312
3791.6   0.0000835339228803
3792.5   0.0000872560687090
3793.4   0.0000817389444263
3794.3   0.0000754237942636
3795.2   0.0000757008715812
3796.1   0.0000789786786966
3797.0   0.0000756766004119
3797.9   0.0000650684435010
3798.8   0.0000603087846070
3799.7   0.0000710232946683
3800.6   0.0000900943421038
3801.5   0.0001045769313406
3802.4   0.0001119370840034
3803.3   0.0001167417271588
3804.2   0.0001188462265583
3805.1   0.0001147427152170
3806.0   0.0001024249617910
3806.9   0.0000876493474264
3807.8   0.0000843272231891
3808.7   0.0000951889129538
3809.6   0.0001064753720073
3810.5   0.0001093601227852
3811.4   0.0001064887386232
3812.3   0.0000996509641073
3813.2   0.0000895202368215
3814.1   0.0000809605356236
3815.0   0.0000754404965767
3815.9   0.0000720252349041
3816.8   0.0000724169251942
3817.7   0.0000719158637418
3818.6   0.0000647506230229
3819.5   0.0000542884783213
3820.4   0.0000478754333836
3821.3   0.0000496576488242
3822.2   0.0000561535620146
3823.1   0.0000578193854442
3824.0   0.0000511068663637
3824.9   0.0000449459485216
3825.8   0.0000474137569862
3826.7   0.0000551762900550
3827.6   0.0000631427811612
3828.5   0.0000722725689204
3829.4   0.0000814066216069
3830.3   0.0000842509469097
3831.2   0.0000781415298520
3832.1   0.0000666806853064
3833.0   0.0000576410606523
3833.9   0.0000592444231490
3834.8   0.0000705020919576
3835.7   0.0000821425240948
3836.6   0.0000877316994403
3837.5   0.0000864809400087
3838.4   0.0000799464677453
3839.3   0.0000709843464307
3840.2   0.0000651070740532
3841.1   0.0000682578188971
3842.0   0.0000790649382416
3842.9   0.0000897458570365
3843.8   0.0000969908487194
3844.7   0.0001012283359621
3845.6   0.0001016979147853
3846.5   0.0001010508609789
3847.4   0.0001014182006783
3848.3   0.0000971579353881
3849.2   0.0000860150860475
3850.1   0.0000780675726765
3851.0   0.0000821704565890
3851.9   0.0000930642802382
3852.8   0.0001007682003393
3853.7   0.0001022024390093
3854.6   0.0000961448841033
3855.5   0.0000833213436536
3856.4   0.0000730858198761
3857.3   0.0000699735427706
3858.2   0.0000657340421963
3859.1   0.0000575925897930
3860.0   0.0000546553375215
3860.9   0.0000640645256733
3861.8   0.0000808407046674
3862.7   0.0000918428828854
3863.6   0.0000914841048092
3864.5   0.0000866230963107
3865.4   0.0000856826599803
3866.3   0.0000914977970526
3867.2   0.0000999505653241
3868.1   0.0001057889410879
3869.0   0.0001090646355951
3869.9   0.0001095933118563
3870.8   0.0001034129556350
3871.7   0.0000904502292424
3872.6   0.0000795907950444
3873.5   0.0000801803239558
3874.4   0.0000872606116111
3875.3   0.0000885640035816
3876.2   0.0000826531240532
3877.1   0.0000749884619332
3878.0   0.0000713194013451
3878.9   0.0000787456961211
3879.8   0.0000945179453742
3880.7   0.0001025757353112
3881.6   0.0000984046840407
3882.5   0.0000975723322465
3883.4   0.0001048425084445
3884.3   0.0001023053373304
3885.2   0.0000820643417027
3886.1   0.0000630711986846
3887.0   0.0000625399690264
3887.9   0.0000750748485524
3888.8   0.0000862192942623
3889.7   0.0000924330392257
3890.6   0.0001010383521138
3891.5   0.0001129714916934
3892.4   0.0001188926324621
3893.3   0.0001132920998614
3894.2   0.0001016520886574
3895.1   0.0000934728157999
3896.0   0.0000938677067711
3896.9   0.0000978025747850
3897.8   0.0000956313932071
3898.7   0.0000892182370794
3899.6   0.0000891368778327
3900.5   0.0000966268606016
3901.4   0.0001024963695407
3902.3   0.0001031719753280
3903.2   0.0001065062113236
3904.1   0.0001133461302163
3905.0   0.0001113037383247
3905.9   0.0000999229902260
3906.8   0.0000943326632708
3907.7   0.0001015979868233
3908.6   0.0001165006118355
3909.5   0.0001295152003798
3910.4   0.0001324779508806
3911.3   0.0001271927528693
3912.2   0.0001221920739575
3913.1   0.0001218391968887
3914.0   0.0001247981828168
3914.9   0.0001262137495238
3915.8   0.0001216325424958
3916.7   0.0001147068247019
3917.6   0.0001116940863937
3918.5   0.0001082520200102
3919.4   0.0000983126982152
3920.3   0.0000873182476960
3921.2   0.0000816568147923
3922.1   0.0000799923097574
3923.0   0.0000807643727930
3923.9   0.0000841983223129
3924.8   0.0000879554929638
3925.7   0.0000877267197206
3926.6   0.0000809683586281
3927.5   0.0000696686997436
3928.4   0.0000584749214524
3929.3   0.0000495273024792
3930.2   0.0000411070135751
3931.1   0.0000328985474092
3932.0   0.0000281976662821
3932.9   0.0000278149208233
3933.8   0.0000291547890414
3934.7   0.0000305785996861
3935.6   0.0000336777524111
3936.5   0.0000404592449763
3937.4   0.0000497667896646
3938.3   0.0000601126376607
3939.2   0.0000698017464150
3940.1   0.0000753487966682
3941.0   0.0000758474754797
3941.9   0.0000730085190611
3942.8   0.0000674559649073
3943.7   0.0000628900345789
3944.6   0.0000679569945912
3945.5   0.0000833608875514
3946.4   0.0000970891644277
3947.3   0.0001004269823269
3948.2   0.0000997338800128
3949.1   0.0001062923216443
3950.0   0.0001201760499592
3950.9   0.0001312661476288
3951.8   0.0001341998696206
3952.7   0.0001351313075102
3953.6   0.0001407582318307
3954.5   0.0001455219729829
3955.4   0.0001385978753849
3956.3   0.0001220843865281
3957.2   0.0001077116529240
3958.1   0.0001007666436805
3959.0   0.0000951193318955
3959.9   0.0000812471514472
3960.8   0.0000626018819519
3961.7   0.0000534920130712
3962.6   0.0000567949213092
3963.5   0.0000624881227591
3964.4   0.0000639348782363
3965.3   0.0000595232914184
3966.2   0.0000493190953986
3967.1   0.0000384604752697
3968.0   0.0000338870396222
3968.9   0.0000360528245183
3969.8   0.0000408977303350
3970.7   0.0000475370467429
3971.6   0.0000577053959294
3972.5   0.0000703960167819
3973.4   0.0000833510313600
3974.3   0.0000965293391070
3975.2   0.0001087422086778
3976.1   0.0001175532229024
3977.0   0.0001248512442311
3977.9   0.0001331397691189
3978.8   0.0001415132748677
3979.7   0.0001471754940430
3980.6   0.0001447262026697
3981.5   0.0001364691445269
3982.4   0.0001355826591301
3983.3   0.0001461537064080
3984.2   0.0001610683399306
3985.1   0.0001741017831070
3986.0   0.0001806156058154
3986.9   0.0001821628769727
3987.8   0.0001797115682968
3988.7   0.0001670229091521
3989.6   0.0001513158092450
3990.5   0.0001513869707884
3991.4   0.0001678264309905
3992.3   0.0001850498753752
3993.2   0.0001935305364303
3994.1   0.0001917157105771
3995.0   0.0001833310064157
3995.9   0.0001749747192189
3996.8   0.0001678064326907
3997.7   0.0001619141615883
3998.6   0.0001644531991045
3999.5   0.0001802154174392
4000.4   0.0002001947990891
4001.3   0.0002153022041500
4002.2   0.0002230418003284
4003.1   0.0002177426956359
4004.0   0.0001977966550752
4004.9   0.0001766431714956
4005.8   0.0001711331554251
4006.7   0.0001800616735600
4007.6   0.0001887759922722
4008.5   0.0001914927271515
4009.4   0.0001949902852429
4010.3   0.0001997614443507
4011.2   0.0002003640301346
4012.1   0.0002017335245075
4013.0   0.0002099191193057
4013.9   0.0002227074840327
4014.8   0.0002356809799625
4015.7   0.0002430666268836
4016.6   0.0002411402298962
4017.5   0.0002359241840677
4018.4   0.0002351477449149
4019.3   0.0002328603619372
4020.2   0.0002225961511626
4021.1   0.0002120940733985
4022.0   0.0002052555920324
4022.9   0.0001948637511235
4023.8   0.0001840047696273
4024.7   0.0001878839156112
4025.6   0.0002081675128594
4026.5   0.0002306058752891
4027.4   0.0002490721528531
4028.3   0.0002566036015170
4029.2   0.0002329807329587
4030.1   0.0001842403016287
4031.0   0.0001479579374510
4031.9   0.0001357173101130
4032.8   0.0001305678511574
4033.7   0.0001333549533664
4034.6   0.0001587396260744
4035.5   0.0002046033202423
4036.4   0.0002492040082041
4037.3   0.0002734785767186
4038.2   0.0002757512667437
4039.1   0.0002655477338923
4040.0   0.0002520393350662
4040.9   0.0002409310499039
4041.8   0.0002358165204647
4042.7   0.0002295899330666
4043.6   0.0002077437681062
4044.5   0.0001711759317726
4045.4   0.0001435627273187
4046.3   0.0001472096452301
4047.2   0.0001784671784587
4048.1   0.0002129721560148
4049.0   0.0002385534601394
4049.9   0.0002601428875939
4050.8   0.0002752443995894
4051.7   0.0002781375293213
4052.6   0.0002717443635513
4053.5   0.0002580326460297
4054.4   0.0002415623385693
4055.3   0.0002337807443728
4056.2   0.0002330793584103
4057.1   0.0002263798644338
4058.0   0.0002174799697590
4058.9   0.0002209486978949
4059.8   0.0002359693748247
4060.7   0.0002469200244608
4061.6   0.0002364590075426
4062.5   0.0002025641131474
4063.4   0.0001720659911308
4064.3   0.0001758454474168
4065.2   0.0002075117941820
4066.1   0.0002350319803326
4067.0   0.0002455132338147
4067.9   0.0002524703230479
4068.8   0.0002639823228950
4069.7   0.0002624773197884
4070.6   0.0002334649173710
4071.5   0.0002025298348860
4072.4   0.0002085396813779
4073.3   0.0002435332909427
4074.2   0.0002630241200052
4075.1   0.0002455733081355
4076.0   0.0002047013262072
4076.9   0.0001676687795801
4077.8   0.0001600404845033
4078.7   0.0001896993927197
4079.6   0.0002391614783447
4080.5   0.0002800647364067
4081.4   0.0002925790021172
4082.3   0.0002800632750535
4083.2   0.0002692425587712
4084.1   0.0002741860304735
4085.0   0.0002817333475261
4085.9   0.0002878931415559
4086.8   0.0003065120511000
4087.7   0.0003385586355944
4088.6   0.0003616924591528
4089.5   0.0003570498038143
4090.4   0.0003327192908899
4091.3   0.0003059290029720
4092.2   0.0002897130662608
4093.1   0.0002943419340502
4094.0   0.0003035554160443
4094.9   0.0002877660991397
4095.8   0.0002565089947865
4096.7   0.0002412381882083
4097.6   0.0002420666165870
4098.5   0.0002381231075285
4099.4   0.0002213235826241
4100.3   0.0001995851924565
4101.2   0.0001908163430348
4102.1   0.0002047151137563
4103.0   0.0002280206780753
4103.9   0.0002458514099888
4104.8   0.0002651043720618
4105.7   0.0002907518341837
4106.6   0.0003077771381459
4107.5   0.0003079922429721
4108.4   0.0002968418644861
4109.3   0.0002775413925523
4110.2   0.0002539413338101
4111.1   0.0002339628416795
4112.0   0.0002290949155801
4112.9   0.0002441132734060
4113.8   0.0002604982028986
4114.7   0.0002625572971034
4115.6   0.0002589380019430
4116.5   0.0002593534074528
4117.4   0.0002573988158806
4118.3   0.0002483535324543
4119.2   0.0002467349885636
4120.1   0.0002572536971617
4121.0   0.0002618206639389
4121.9   0.0002565621435642
4122.8   0.0002573837893583
4123.7   0.0002789446727741
4124.6   0.0003160213935646
4125.5   0.0003402888459249
4126.4   0.0003320437327554
4127.3   0.0003015183850948
4128.2   0.0002724507371756
4129.1   0.0002558770866344
4130.0   0.0002437500000805
4130.9   0.0002286263136397
4131.8   0.0002156831566715
4132.7   0.0002144959184480
4133.6   0.0002261863781033
4134.5   0.0002457214766349
4135.4   0.0002664677986424
4136.3   0.0002803429653341
4137.2   0.0002872110073324
4138.1   0.0002909882874729
4139.0   0.0002910644049096
4139.9   0.0002894741667935
4140.8   0.0002791592375349
4141.7   0.0002428173708703
4142.6   0.0001930886836058
4143.5   0.0001715906224901
4144.4   0.0001959587493732
4145.3   0.0002436260550975
4146.2   0.0002815324114715
4147.1   0.0002965455274873
4148.0   0.0002950301360661
4148.9   0.0002847410981726
4149.8   0.0002719245865138
4150.7   0.0002625141871862
4151.6   0.0002583820047320
4152.5   0.0002609482520080
4153.4   0.0002706622633314
4154.3   0.0002817470715381
4155.2   0.0002892426693975
4156.1   0.0002971130725648
4157.0   0.0003122493234656
4157.9   0.0003298986887489
4158.8   0.0003371627892124
4159.7   0.0003340841947079
4160.6   0.0003324477651257
4161.5   0.0003423208574441
4162.4   0.0003563847928371
4163.3   0.0003494649045715
4164.2   0.0003174690544454
4165.1   0.0002901381611772
4166.0   0.0002842169171607
4166.9   0.0002839969517470
4167.8   0.0002799283540379
4168.7   0.0002836058491750
4169.6   0.0002947920308125
4170.5   0.0002916492956133
4171.4   0.0002627689232738
4172.3   0.0002277474209254
4173.2   0.0002123152460169
4174.1   0.0002222154051366
4175.0   0.0002458871813718
4175.9   0.0002654764135061
4176.8   0.0002729354298846
4177.7   0.0002823410798145
4178.6   0.0003071184173409
4179.5   0.0003312641326322
4180.4   0.0003303492620394
4181.3   0.0003101020556609
4182.2   0.0002983387666135
4183.1   0.0003077719281043
4184.0   0.0003276796557984
4184.9   0.0003404432092907
4185.8   0.0003302584357658
4186.7   0.0003027823284731
4187.6   0.0002932788949580
4188.5   0.0003107163958069
4189.4   0.0003166843078177
4190.3   0.0002963692120561
4191.2   0.0002882039650117
4192.1   0.0003167384731890
4193.0   0.0003498814537490
4193.9   0.0003519142912504
4194.8   0.0003305296438446
4195.7   0.0003076133395218
4196.6   0.0002857667774545
4197.5   0.0002629150585862
4198.4   0.0002469734432712
4199.3   0.0002408001793779
4200.2   0.0002378210045387
4201.1   0.0002353972233080
4202.0   0.0002420571654445
4202.9   0.0002595934188192
4203.8   0.0002734761305406
4204.7   0.0002790480476233
4205.6   0.0002889790857699
4206.5   0.0003105983121207
4207.4   0.0003408727518036
4208.3   0.0003625091331694
4209.2   0.0003591580280758
4210.1   0.0003447518183662
4211.0   0.0003385711524016
4211.9   0.0003358149133351
4212.8   0.0003225562152820
4213.7   0.0002928918269914
4214.6   0.0002552780271591
4215.5   0.0002370330810564
4216.4   0.0002554509274717
4217.3   0.0002870866652426
4218.2   0.0003029438079933
4219.1   0.0003021154113831
4220.0   0.0002913343104779
4220.9   0.0002686376856520
4221.8   0.0002348138257260
4222.7   0.0001979996878539
4223.6   0.0001613084466026
4224.5   0.0001234462643921
4225.4   0.0000874060877262
4226.3   0.0000636543143207
4227.2   0.0000642133295436
4228.1   0.0000889604194429
4229.0   0.0001262295543756
4229.9   0.0001665317356596
4230.8   0.0002012154589407
4231.7   0.0002194718258359
4232.6   0.0002222370712851
4233.5   0.0002242662395195
4234.4   0.0002349877585163
4235.3   0.0002517644736046
4236.2   0.0002716793968744
4237.1   0.0002937581234771
4238.0   0.0003108433429174
4238.9   0.0003137173162160
4239.8   0.0003075612073375
4240.7   0.0003079609509541
4241.6   0.0003249966114623
4242.5   0.0003606902568265
4243.4   0.0004059377206199
4244.3   0.0004354912049158
4245.2   0.0004283512559308
4246.1   0.0003943446792115
4247.0   0.0003655070355666
4247.9   0.0003589167777361
4248.8   0.0003529167159565
4249.7   0.0003201300514104
4250.6   0.0002775825328196
4251.5   0.0002576970748764
4252.4   0.0002487515446851
4253.3   0.0002235252699484
4254.2   0.0002007190118696
4255.1   0.0002188236204197
4256.0   0.0002723294130977
4256.9   0.0003166468209332
4257.8   0.0003224166560587
4258.7   0.0003011550164636
4259.6   0.0002802077584016
4260.5   0.0002771599158498
4261.4   0.0002986720504314
4262.3   0.0003395103894693
4263.2   0.0003839664352403
4264.1   0.0004178243669321
4265.0   0.0004336650853444
4265.9   0.0004290603934186
4266.8   0.0004097561727963
4267.7   0.0003855080357122
4268.6   0.0003607713301563
4269.5   0.0003284219278798
4270.4   0.0002791013870124
4271.3   0.0002294392548521
4272.2   0.0002103924865281
4273.1   0.0002119967663415
4274.0   0.0002044496557844
4274.9   0.0002032963622525
4275.8   0.0002403527035207
4276.7   0.0003061209802966
4277.6   0.0003699488183876
4278.5   0.0004054587462492
4279.4   0.0003993717657273
4280.3   0.0003708747762030
4281.2   0.0003479922418449
4282.1   0.0003367895405633
4283.0   0.0003388514462845
4283.9   0.0003518229249116
4284.8   0.0003576169676692
4285.7   0.0003482460407603
4286.6   0.0003279147112715
4287.5   0.0002945793721644
4288.4   0.0002459846472714
4289.3   0.0001957207870780
4290.2   0.0001772252506830
4291.1   0.0002122647816813
4292.0   0.0002832150007513
4292.9   0.0003392059514913
4293.8   0.0003546466086016
4294.7   0.0003571354200462
4295.6   0.0003707502117335
4296.5   0.0003829142927595
4297.4   0.0003652932967879
4298.3   0.0003120996936131
4299.2   0.0002591574114071
4300.1   0.0002444147727935
4301.0   0.0002620573237237
4301.9   0.0002854855940523
4302.8   0.0003094145843216
4303.7   0.0003344748842888
4304.6   0.0003350315327549
4305.5   0.0002974384142462
4306.4   0.0002483048789258
4307.3   0.0002173303557908
4308.2   0.0002201166161334
4309.1   0.0002614513387053
4310.0   0.0003302606277955
4310.9   0.0003996052327731
4311.8   0.0004364106501793
4312.7   0.0004258716573645
4313.6   0.0003869374296789
4314.5   0.0003716235290679
4315.4   0.0004181067893077
4316.3   0.0004892787845985
4317.2   0.0005200840766880
4318.1   0.0005035394308295
4319.0   0.0004735297819790
4319.9   0.0004475285294426
4320.8   0.0004313788619187
4321.7   0.0004349874510791
4322.6   0.0004422421162843
4323.5   0.0004146625070681
4324.4   0.0003461929031579
4325.3   0.0002827912401139
4326.2   0.0002872586601516
4327.1   0.0003702726034102
4328.0   0.0004652926109461
4328.9   0.0005058199041484
4329.8   0.0004953725635893
4330.7   0.0004822306467120
4331.6   0.0004934818903321
4332.5   0.0005188227065620
4333.4   0.0005471881107680
4334.3   0.0005763252047292
4335.2   0.0005827114449561
4336.1   0.0005314776751636
4337.0   0.0004419062909827
4337.9   0.0003791081350104
4338.8   0.0003569668561402
4339.7   0.0003456491209530
4340.6   0.0003550692573399
4341.5   0.0004019288477777
4342.4   0.0004514054992811
4343.3   0.0004681801811825
4344.2   0.0004667556160347
4345.1   0.0004687732046340
4346.0   0.0004714166335929
4346.9   0.0004829555096301
4347.8   0.0005236807208751
4348.7   0.0005711349867287
4349.6   0.0005627900250187
4350.5   0.0004822138411510
4351.4   0.0003947255205431
4352.3   0.0003693483293277
4353.2   0.0004027525108744
4354.1   0.0004492156933930
4355.0   0.0004862874582904
4355.9   0.0005201828450981
4356.8   0.0005445881729488
4357.7   0.0005358717098597
4358.6   0.0004977387802143
4359.5   0.0004662345165718
4360.4   0.0004676270272564
4361.3   0.0004977652434133
4362.2   0.0005302392736965
4363.1   0.0005498215326349
4364.0   0.0005668201192497
4364.9   0.0005820551067920
4365.8   0.0005737607206075
4366.7   0.0005325318826000
4367.6   0.0004866103537937
4368.5   0.0004763261764878
4369.4   0.0005007779499530
4370.3   0.0005243348670094
4371.2   0.0005303871880475
4372.1   0.0005198438111733
4373.0   0.0004871763104439
4373.9   0.0004402130274714
4374.8   0.0004115595460887
4375.7   0.0004344071032775
4376.6   0.0004994829369366
4377.5   0.0005498077450858
4378.4   0.0005445877281891
4379.3   0.0005069284357987
4380.2   0.0004758190551852
4381.1   0.0004420636088234
4382.0   0.0003751060606371
4382.9   0.0002892792349942
4383.8   0.0002452170874272
4384.7   0.0002853963879747
4385.6   0.0003815266108939
4386.5   0.0004605473432035
4387.4   0.0004845365030992
4388.3   0.0004707329109421
4389.2   0.0004457509204412
4390.1   0.0004325109658303
4391.0   0.0004475598849977
4391.9   0.0004812244733174
4392.8   0.0004965931429020
4393.7   0.0004730974438341
4394.6   0.0004498282545004
4395.5   0.0004843298487063
4396.4   0.0005614892301268
4397.3   0.0006075249033195
4398.2   0.0005915825573280
4399.1   0.0005411646673384
4400.0   0.0004961986410956
4400.9   0.0004955275940947
4401.8   0.0005248324259797
4402.7   0.0005043701465436
4403.6   0.0004079259550825
4404.5   0.0003159176692614
4405.4   0.0002986832647282
4406.3   0.0003281156790947
4407.2   0.0003463660735031
4408.1   0.0003669567614029
4409.0   0.0004367888229530
4409.9   0.0005314139474599
4410.8   0.0005860398355392
4411.7   0.0005941591134972
4412.6   0.0005787771011232
4413.5   0.0005303285433112
4414.4   0.0004534557459458
4415.3   0.0004098765438178
4416.2   0.0004393622975733
4417.1   0.0005132885305122
4418.0   0.0005852021625135
4418.9   0.0006195466930271
4419.8   0.0006021105264572
4420.7   0.0005521746288503
4421.6   0.0005010690451416
4422.5   0.0004793214420957
4423.4   0.0004977965036627
4424.3   0.0005231750609255
4425.2   0.0005225278085657
4426.1   0.0005060127709922
4427.0   0.0005023613896002
4427.9   0.0005150009504568
4428.8   0.0005152616431467
4429.7   0.0005014001369299
4430.6   0.0005169513168123
4431.5   0.0005619133402183
4432.4   0.0005750463936713
4433.3   0.0005255670736100
4434.2   0.0004455097654071
4435.1   0.0003971417408597
4436.0   0.0004219440484634
4436.9   0.0005010226948328
4437.8   0.0005860624547440
4438.7   0.0006439077672930
4439.6   0.0006505585124354
4440.5   0.0006004609764655
4441.4   0.0005262419328365
4442.3   0.0004762051700954
4443.2   0.0004816979199611
4444.1   0.0005397344473895
4445.0   0.0006102642415193
4445.9   0.0006477789552561
4446.8   0.0006541911186167
4447.7   0.0006552038998688
4448.6   0.0006439386463199
4449.5   0.0006155214911522
4450.4   0.0006053284895738
4451.3   0.0006180925831315
4452.2   0.0006082535466946
4453.1   0.0005615307198482
4454.0   0.0005050760118711
4454.9   0.0004685260135762
4455.8   0.0004682003224407
4456.7   0.0004898387052249
4457.6   0.0005006446809018
4458.5   0.0004883973027477
4459.4   0.0004632678426555
4460.3   0.0004342788536566
4461.2   0.0004170945163522
4462.1   0.0004438415990473
4463.0   0.0005111924100668
4463.9   0.0005555521971429
4464.8   0.0005415579619401
4465.7   0.0005132411318413
4466.6   0.0005117358110492
4467.5   0.0005213405862265
4468.4   0.0005194772974560
4469.3   0.0005153055472776
4470.2   0.0005209758833164
4471.1   0.0005354735229019
4472.0   0.0005630870609254
4472.9   0.0005957927156788
4473.8   0.0006074154924464
4474.7   0.0006018725800464
4475.6   0.0006140459057193
4476.5   0.0006524760618827
4477.4   0.0006851301880542
4478.3   0.0006778933767719
4479.2   0.0006306848723914
4480.1   0.0005716923341029
4481.0   0.0005290832480696
4481.9   0.0005271215721116
4482.8   0.0005764465605756
4483.7   0.0006472265637751
4484.6   0.0007030984142355
4485.5   0.0007343861752358
4486.4   0.0007341366015370
4487.3   0.0006918959353337
4488.2   0.0006210696135938
4489.1   0.0005628289732563
4490.0   0.0005564152214684
4490.9   0.0006030534804449
4491.8   0.0006587469187499
4492.7   0.0006699569585656
4493.6   0.0006215599293356
4494.5   0.0005515343655706
4495.4   0.0005068264905340
4496.3   0.0005095341237248
4497.2   0.0005646827950000
4498.1   0.0006423279810286
4499.0   0.0006924990929515
4499.9   0.0006911610017864
4500.8   0.0006627796815389
4501.7   0.0006679806373079
4502.6   0.0007265833119977
4503.5   0.0007805637902928
4504.4   0.0007726083109588
4505.3   0.0007094861158155
4506.2   0.0006455663395518
4507.1   0.0006257244680541
4508.0   0.0006473660276928
4508.9   0.0006769693568377
4509.8   0.0006926212112430
4510.7   0.0006866893247635
4511.6   0.0006568408695163
4512.5   0.0006247319551344
4513.4   0.0006216158419768
4514.3   0.0006473226953959
4515.2   0.0006773529938014
4516.1   0.0006849907876735
4517.0   0.0006574820858524
4517.9   0.0006270814297355
4518.8   0.0006416272939741
4519.7   0.0006975548664645
4520.6   0.0007423165574183
4521.5   0.0007288845619457
4522.4   0.0006746703942250
4523.3   0.0006443119902745
4524.2   0.0006461244493711
4525.1   0.0006249929655098
4526.0   0.0005625203735987
4526.9   0.0005015886832515
4527.8   0.0004798691636004
4528.7   0.0004961182666738
4529.6   0.0005256074832008
4530.5   0.0005517274547943
4531.4   0.0005742876972515
4532.3   0.0005749914340864
4533.2   0.0005315626877931
4534.1   0.0004700812427543
4535.0   0.0004516692417514
4535.9   0.0005253108285166
4536.8   0.0006545721505595
4537.7   0.0007358491167873
4538.6   0.0007267433619333
4539.5   0.0006664426584503
4540.4   0.0006167192288802
4541.3   0.0006245739383857
4542.2   0.0006725645208359
4543.1   0.0006955688240316
4544.0   0.0006672772816955
4544.9   0.0006343504543236
4545.8   0.0006373056280262
4546.7   0.0006528632569235
4547.6   0.0006452659361792
4548.5   0.0006255312517562
4549.4   0.0006365070938495
4550.3   0.0006748631022261
4551.2   0.0006816956905268
4552.1   0.0006389373240950
4553.0   0.0005898769040837
4553.9   0.0005673594220897
4554.8   0.0005822061344606
4555.7   0.0006446010205077
4556.6   0.0007323895856456
4557.5   0.0007969486085954
4558.4   0.0008167444792384
4559.3   0.0008021418763763
4560.2   0.0007822561007477
4561.1   0.0007788353272323
4562.0   0.0007678862977920
4562.9   0.0007295020154093
4563.8   0.0006977484639849
4564.7   0.0007057035620963
4565.6   0.0007566988771811
4566.5   0.0008349411212667
4567.4   0.0008983752835335
4568.3   0.0009098542123240
4569.2   0.0008644421556929
4570.1   0.0007833268913652
4571.0   0.0007176149243374
4571.9   0.0007313059605354
4572.8   0.0008080045709622
4573.7   0.0008524472421753
4574.6   0.0008368951410050
4575.5   0.0008201939079824
4576.4   0.0008240762149367
4577.3   0.0008158855212868
4578.2   0.0007773639352475
4579.1   0.0007240129824635
4580.0   0.0006988993113387
4580.9   0.0007357489823297
4581.8   0.0008028780806654
4582.7   0.0008255590435981
4583.6   0.0007767853029474
4584.5   0.0007000148320692
4585.4   0.0006452653008083
4586.3   0.0006374319397658
4587.2   0.0006758272776026
4588.1   0.0007226724133519
4589.0   0.0007340269365156
4589.9   0.0007033056722307
4590.8   0.0006578861182227
4591.7   0.0006312408854866
4592.6   0.0006234908215723
4593.5   0.0006147330593731
4594.4   0.0006148870097479
4595.3   0.0006428161365092
4596.2   0.0006772754785487
4597.1   0.0006913091702858
4598.0   0.0006947070069109
4598.9   0.0006977650471660
4599.8   0.0006927188042168
4600.7   0.0006880433637387
4601.6   0.0006954084564105
4602.5   0.0007034298872463
4603.4   0.0007030383716832
4604.3   0.0006924745040967
4605.2   0.0006728682281374
4606.1   0.0006734330093513
4607.0   0.0007316124634690
4607.9   0.0008284769210274
4608.8   0.0008949489822911
4609.7   0.0009008823936608
4610.6   0.0008742296000107
4611.5   0.0008453430963418
4612.4   0.0008297604973672
4613.3   0.0008404874011327
4614.2   0.0008763158404383
4615.1   0.0009098267007630
4616.0   0.0009322247330234
4616.9   0.0009557214486848
4617.8   0.0009537446826675
4618.7   0.0009073721993482
4619.6   0.0008677966600209
4620.5   0.0008748264674563
4621.4   0.0008907403488305
4622.3   0.0008858062488493
4623.2   0.0008777045706659
4624.1   0.0008619416534232
4625.0   0.0008170488219108
4625.9   0.0007581523517059
4626.8   0.0007187521747535
4627.7   0.0006964751171169
4628.6   0.0006754426875826
4629.5   0.0006772972082343
4630.4   0.0007170639942096
4631.3   0.0007485383636502
4632.2   0.0007297110524431
4633.1   0.0006872804738708
4634.0   0.0006638784920141
4634.9   0.0006613450775305
4635.8   0.0006626729392237
4636.7   0.0006567898492311
4637.6   0.0006371174946958
4638.5   0.0006020692273472
4639.4   0.0005686004921146
4640.3   0.0005731758616723
4641.2   0.0006210281874096
4642.1   0.0006633128212808
4643.0   0.0006699162312894
4643.9   0.0006518323676000
4644.8   0.0006137730139076
4645.7   0.0005722003131563
4646.6   0.0005659306634938
4647.5   0.0005989844379762
4648.4   0.0006396077039565
4649.3   0.0006722969661400
4650.2   0.0006965965365004
4651.1   0.0007114317486576
4652.0   0.0007270084386826
4652.9   0.0007355811173317
4653.8   0.0007175166959926
4654.7   0.0006889155374055
4655.6   0.0006823679129640
4656.5   0.0007171951983053
4657.4   0.0007891168359803
4658.3   0.0008654926779779
4659.2   0.0009168988239020
4660.1   0.0009321193885243
4661.0   0.0009048950787285
4661.9   0.0008491094481025
4662.8   0.0008072587725721
4663.7   0.0008000460418478
4664.6   0.0008009661224822
4665.5   0.0007678469047947
4666.4   0.0006885395248929
4667.3   0.0006093955623926
4668.2   0.0005850262283048
4669.1   0.0006125388058886
4670.0   0.0006523334211104
4670.9   0.0006742558782345
4671.8   0.0006771066604943
4672.7   0.0006725333241236
4673.6   0.0006603579652637
4674.5   0.0006523399018938
4675.4   0.0006784660365853
4676.3   0.0007256563693573
4677.2   0.0007491815496361
4678.1   0.0007373310559294
4679.0   0.0007068624786608
4679.9   0.0006704453046575
4680.8   0.0006403755497176
4681.7   0.0006428189956784
4682.6   0.0006863812334027
4683.5   0.0007309343956193
4684.4   0.0007452175339811
4685.3   0.0007413382768072
4686.2   0.0007266969798559
4687.1   0.0007121685883177
4688.0   0.0007214394760747
4688.9   0.0007442284520644
4689.8   0.0007483061991147
4690.7   0.0007414969289269
4691.6   0.0007549701599723
4692.5   0.0007826325580199
4693.4   0.0008080425661434
4694.3   0.0008401073222462
4695.2   0.0008759798562939
4696.1   0.0008875368086339
4697.0   0.0008502217919784
4697.9   0.0007869243615344
4698.8   0.0007571908448873
4699.7   0.0007806580793378
4700.6   0.0008172324441077
4701.5   0.0008328152336935
4702.4   0.0008355258531276
4703.3   0.0008429312918531
4704.2   0.0008570952981666
4705.1   0.0008545247780211
4706.0   0.0008181100819644
4706.9   0.0007751169459763
4707.8   0.0007565339348894
4708.7   0.0007601906216287
4709.6   0.0007845930585416
4710.5   0.0008316091090693
4711.4   0.0008641328571273
4712.3   0.0008477428287830
4713.2   0.0007957839101555
4714.1   0.0007426348782510
4715.0   0.0007269486502787
4715.9   0.0007563149225320
4716.8   0.0007959659439251
4717.7   0.0008233577374963
4718.6   0.0008518752177328
4719.5   0.0008828792856158
4720.4   0.0008912826379137
4721.3   0.0008627805336536
4722.2   0.0008246962098839
4723.1   0.0008276043661381
4724.0   0.0008750881132026
4724.9   0.0009144241176918
4725.8   0.0008955703115172
4726.7   0.0008162219501908
4727.6   0.0007311292003445
4728.5   0.0007005653174374
4729.4   0.0007226030943841
4730.3   0.0007541312162048
4731.2   0.0007784524527138
4732.1   0.0007974882291208
4733.0   0.0008095286351965
4733.9   0.0008327844182037
4734.8   0.0008742479622304
4735.7   0.0008831776558015
4736.6   0.0008476259840702
4737.5   0.0008382004470304
4738.4   0.0008731549336306
4739.3   0.0008936969203491
4740.2   0.0008719226317244
4741.1   0.0008341441119802
4742.0   0.0008227123277121
4742.9   0.0008512589079369
4743.8   0.0008816162952939
4744.7   0.0008912623695813
4745.6   0.0009046768923534
4746.5   0.0009257034129382
4747.4   0.0009340587947314
4748.3   0.0009374078984066
4749.2   0.0009504986361561
4750.1   0.0009603325260884
4751.0   0.0009483656324286
4751.9   0.0009241930727158
4752.8   0.0009138696294868
4753.7   0.0009286976619525
4754.6   0.0009581652758681
4755.5   0.0009698216002206
4756.4   0.0009398967733884
4757.3   0.0008822546524608
4758.2   0.0008287640451478
4759.1   0.0007947640127490
4760.0   0.0007568068902381
4760.9   0.0006871922208495
4761.8   0.0006130686417018
4762.7   0.0005745495336091
4763.6   0.0005590745029318
4764.5   0.0005396681782021
4765.4   0.0005221686651512
4766.3   0.0005257819560564
4767.2   0.0005521342827967
4768.1   0.0005818053424820
4769.0   0.0005975748040452
4769.9   0.0005993439308448
4770.8   0.0005940730842742
4771.7   0.0005918719687837
4772.6   0.0006077535097778
4773.5   0.0006450503548248
4774.4   0.0006843982407502
4775.3   0.0007065020327359
4776.2   0.0007111565059736
4777.1   0.0007023923900652
4778.0   0.0006799738353240
4778.9   0.0006557135308866
4779.8   0.0006408975704684
4780.7   0.0006295161075775
4781.6   0.0006151818218564
4782.5   0.0006033479748680
4783.4   0.0006092783364572
4784.3   0.0006376233770251
4785.2   0.0006648683363759
4786.1   0.0006744161187814
4787.0   0.0006765301884554
4787.9   0.0006764667784372
4788.8   0.0006739651324998
4789.7   0.0006799446717986
4790.6   0.0006982667360472
4791.5   0.0007262828450879
4792.4   0.0007678695875367
4793.3   0.0008178790610966
4794.2   0.0008565695922645
4795.1   0.0008624826082275
4796.0   0.0008373435858029
4796.9   0.0008014211751377
4797.8   0.0007650962569924
4798.7   0.0007407997364124
4799.6   0.0007489991346439
4800.5   0.0007915628869619
4801.4   0.0008409156411351
4802.3   0.0008601847892824
4803.2   0.0008238689569414
4804.1   0.0007405645856336
4805.0   0.0006592716715957
4805.9   0.0006140786273219
4806.8   0.0005931350226426
4807.7   0.0005853129076655
4808.6   0.0005960733590157
4809.5   0.0006172158347941
4810.4   0.0006297729880419
4811.3   0.0006340716535624
4812.2   0.0006457833822593
4813.1   0.0006657195428022
4814.0   0.0006796200607937
4814.9   0.0006844068182577
4815.8   0.0006970123867699
4816.7   0.0007264712961039
4817.6   0.0007587313652285
4818.5   0.0007757004070954
4819.4   0.0007720421954659
4820.3   0.0007607042554833
4821.2   0.0007499432958363
4822.1   0.0007279184169194
4823.0   0.0007047882467438
4823.9   0.0007166213948242
4824.8   0.0007552063908817
4825.7   0.0007742802895442
4826.6   0.0007590010801856
4827.5   0.0007388483216949
4828.4   0.0007415797177582
4829.3   0.0007554836667527
4830.2   0.0007422899353766
4831.1   0.0006950434993520
4832.0   0.0006704864131562
4832.9   0.0007125644244031
4833.8   0.0007806749166673
4834.7   0.0008143220005181
4835.6   0.0008112055696751
4836.5   0.0008075995219984
4837.4   0.0008112784467200
4838.3   0.0008030969024115
4839.2   0.0007917419980252
4840.1   0.0007969585203819
4841.0   0.0008041196589872
4841.9   0.0007839289053152
4842.8   0.0007508447601027
4843.7   0.0007543188412386
4844.6   0.0008004686905862
4845.5   0.0008399410456755
4846.4   0.0008300331350305
4847.3   0.0007734131988448
4848.2   0.0007211112434556
4849.1   0.0007115048163139
4850.0   0.0007189435484757
4850.9   0.0007153340062589
4851.8   0.0007185870418505
4852.7   0.0007346588128991
4853.6   0.0007315193816287
4854.5   0.0007078420300137
4855.4   0.0007066777127963
4856.3   0.0007368885836182
4857.2   0.0007612971200921
4858.1   0.0007559483770462
4859.0   0.0007219541265228
4859.9   0.0006645160867359
4860.8   0.0006178959358306
4861.7   0.0006341266131473
4862.6   0.0006925011261384
4863.5   0.0007323962570403
4864.4   0.0007492288847699
4865.3   0.0007654665511667
4866.2   0.0007816007791771
4867.1   0.0007887247485834
4868.0   0.0007968301119182
4868.9   0.0008062783317000
4869.8   0.0007899864046263
4870.7   0.0007529951729935
4871.6   0.0007478123888329
4872.5   0.0007889504323354
4873.4   0.0008211677409969
4874.3   0.0008098881280651
4875.2   0.0007968732536039
4876.1   0.0008232974407956
4877.0   0.0008587816996719
4877.9   0.0008797617746422
4878.8   0.0008879329624047
4879.7   0.0008535517709888
4880.6   0.0007893061129784
4881.5   0.0007724622391835
4882.4   0.0008231382803793
4883.3   0.0008702436005218
4884.2   0.0008605390085723
4885.1   0.0008177334976180
4886.0   0.0007984543741472
4886.9   0.0008209598476308
4887.8   0.0008485819631618
4888.7   0.0008470596779660
4889.6   0.0008126444942057
4890.5   0.0007773835046720
4891.4   0.0007918651329102
4892.3   0.0008494452416356
4893.2   0.0009042731776685
4894.1   0.0009536024231177
4895.0   0.0009996196070164
4895.9   0.0010274104770648
4896.8   0.0010390650859157
4897.7   0.0010326444721218
4898.6   0.0009883207423456
4899.5   0.0009322478605250
4900.4   0.0009222708850607
4901.3   0.0009398588417442
4902.2   0.0009297845274544
4903.1   0.0009099043430899
4904.0   0.0009345217259863
4904.9   0.0010045543423685
4905.8   0.0010587860463267
4906.7   0.0010490553406323
4907.6   0.0010006565959008
4908.5   0.0009611702626511
4909.4   0.0009517418664422
4910.3   0.0009756308601118
4911.2   0.0010135235560110
4912.1   0.0010330098104028
4913.0   0.0010315233601272
4913.9   0.0010458505296939
4914.8   0.0010804867589985
4915.7   0.0011003840348408
4916.6   0.0010822485154954
4917.5   0.0010197651858157
4918.4   0.0009246940626890
4919.3   0.0008405409629015
4920.2   0.0008254230106833
4921.1   0.0008945705553690
4922.0   0.0009923118883391
4922.9   0.0010394685464521
4923.8   0.0010154107347281
4924.7   0.0009888904794528
4925.6   0.0010326887574752
4926.5   0.0011137793058740
4927.4   0.0011662828009201
4928.3   0.0011972125304050
4929.2   0.0012179791207450
4930.1   0.0012131292074112
4931.0   0.0011853194033094
4931.9   0.0011256074980612
4932.8   0.0010459171165667
4933.7   0.0010207413697027
4934.6   0.0010814861974613
4935.5   0.0011355736722199
4936.4   0.0010991486196170
4937.3   0.0010038074638478
4938.2   0.0009389795519231
4939.1   0.0009594020889080
4940.0   0.0010288817419754
4940.9   0.0010794171755858
4941.8   0.0011019310359655
4942.7   0.0011355867608609
4943.6   0.0011795105881778
4944.5   0.0011962612530583
4945.4   0.0011987390725860
4946.3   0.0012224420931863
4947.2   0.0012465962271423
4948.1   0.0012506563744181
4949.0   0.0012674255921295
4949.9   0.0013061546267753
4950.8   0.0013260610519590
4951.7   0.0012866192582111
4952.6   0.0011702555211568
4953.5   0.0009868475077851
4954.4   0.0007837628193558
4955.3   0.0006272426868759
4956.2   0.0005360534894809
4957.1   0.0004959353433849
4958.0   0.0005102581606608
4958.9   0.0005622565675912
4959.8   0.0006083397029919
4960.7   0.0006233495786160
4961.6   0.0006136757386192
4962.5   0.0006003028961797
4963.4   0.0005914113884012
4964.3   0.0005829167333015
4965.2   0.0005778959687264
4966.1   0.0005807517068794
4967.0   0.0005939388303980
4967.9   0.0006312872040269
4968.8   0.0006915565201864
4969.7   0.0007423365080653
4970.6   0.0007577018101840
4971.5   0.0007503923124680
4972.4   0.0007494507562964
4973.3   0.0007641007578294
4974.2   0.0007847397656879
4975.1   0.0007983746350963
4976.0   0.0008014361698915
4976.9   0.0007868004642043
4977.8   0.0007523427741292
4978.7   0.0007193594622822
4979.6   0.0006920918201895
4980.5   0.0006509960288533
4981.4   0.0006079370684376
4982.3   0.0006098969335884
4983.2   0.0006686742082080
4984.1   0.0007357161336530
4985.0   0.0007694146190115
4985.9   0.0007843868806769
4986.8   0.0008087266064797
4987.7   0.0008307849694444
4988.6   0.0008276906495095
4989.5   0.0008047482949789
4990.4   0.0007901411809833
4991.3   0.0008080799894908
4992.2   0.0008370232317832
4993.1   0.0008327570972540
4994.0   0.0008122167625000
4994.9   0.0008165126959255
4995.8   0.0008302458572157
4996.7   0.0008240886682068
4997.6   0.0007859028121635
4998.5   0.0007134589631264
4999.4   0.0006496196883587
5000.3   0.0006428872980526
5001.2   0.0006676847450688
5002.1   0.0006754082504785
5003.0   0.0006644674173231
5003.9   0.0006535182608086
5004.8   0.0006404559241394
5005.7   0.0006213888239458
5006.6   0.0006164854759174
5007.5   0.0006441846619415
5008.4   0.0006901096535192
5009.3   0.0007223438630473
5010.2   0.0007233995318368
5011.1   0.0006852981165893
5012.0   0.0006263880494466
5012.9   0.0005858476358348
5013.8   0.0005778840872901
5014.7   0.0006076716104657
5015.6   0.0006648570267734
5016.5   0.0007122598911194
5017.4   0.0007332467645586
5018.3   0.0007375386951472
5019.2   0.0007339841125154
5020.1   0.0007240270876980
5021.0   0.0007041284775767
5021.9   0.0006837585493044
5022.8   0.0006906826310181
5023.7   0.0007245787167338
5024.6   0.0007553747006393
5025.5   0.0007748036445739
5026.4   0.0007827295156228
5027.3   0.0007827186507800
5028.2   0.0007962509713214
5029.1   0.0008222423438400
5030.0   0.0008423077388287
5030.9   0.0008623660176630
5031.8   0.0008895332076128
5032.7   0.0009096451117531
5033.6   0.0008992416117877
5034.5   0.0008465586879928
5035.4   0.0007860609559863
5036.3   0.0007728289752806
5037.2   0.0007949335297114
5038.1   0.0007869894870540
5039.0   0.0007309519318568
5039.9   0.0006736740055427
5040.8   0.0006752077274150
5041.7   0.0007527638979773
5042.6   0.0008559786337684
5043.5   0.0009381536967967
5044.4   0.0010014959208908
5045.3   0.0010414191351875
5046.2   0.0010384436296153
5047.1   0.0009912553300303
5048.0   0.0009172948505986
5048.9   0.0008473536640923
5049.8   0.0008087485903137
5050.7   0.0008067425972338
5051.6   0.0008277471975217
5052.5   0.0008599492572811
5053.4   0.0008954274165965
5054.3   0.0009273352360811
5055.2   0.0009523324437156
5056.1   0.0009710632420794
5057.0   0.0009866350397483
5057.9   0.0009960946326696
5058.8   0.0010009288523415
5059.7   0.0010201898042039
5060.6   0.0010527843961198
5061.5   0.0010615885403964
5062.4   0.0010163493681935
5063.3   0.0009197625041916
5064.2   0.0008305180501194
5065.1   0.0008253956261965
5066.0   0.0008821308186678
5066.9   0.0009149348288401
5067.8   0.0009124955127904
5068.7   0.0009262682576892
5069.6   0.0009614520496557
5070.5   0.0009702057454810
5071.4   0.0009478317302415
5072.3   0.0009513265880066
5073.2   0.0009959098032679
5074.1   0.0010220622423157
5075.0   0.0009970980104321
5075.9   0.0009673611263191
5076.8   0.0009730559559070
5077.7   0.0009661632615169
5078.6   0.0008977572582361
5079.5   0.0008222552418697
5080.4   0.0008060549988203
5081.3   0.0008269134637958
5082.2   0.0008408630959598
5083.1   0.0008528397743319
5084.0   0.0008840214283880
5084.9   0.0009276038709076
5085.8   0.0009611541877668
5086.7   0.0009744612057786
5087.6   0.0009796352853576
5088.5   0.0009885762249940
5089.4   0.0009966128411948
5090.3   0.0010033084435245
5091.2   0.0010267798078860
5092.1   0.0010722102902740
5093.0   0.0010995956665989
5093.9   0.0010680769482678
5094.8   0.0010048628149519
5095.7   0.0009777687561954
5096.6   0.0009954766709093
5097.5   0.0009909513050433
5098.4   0.0009418866915839
5099.3   0.0009129662591077
5100.2   0.0009372923244356
5101.1   0.0009728998452711
5102.0   0.0009861031707482
5102.9   0.0009805542223243
5103.8   0.0009710271530109
5104.7   0.0009658780435093
5105.6   0.0009562771440946
5106.5   0.0009359972478821
5107.4   0.0009239419105897
5108.3   0.0009270202191772
5109.2   0.0009240858856409
5110.1   0.0009200540759084
5111.0   0.0009320099141142
5111.9   0.0009429973834954
5112.8   0.0009576354400550
5113.7   0.0010089950132904
5114.6   0.0010761531480772
5115.5   0.0011149997263439
5116.4   0.0011358750921860
5117.3   0.0011501916510583
5118.2   0.0011331710806095
5119.1   0.0010883169431863
5120.0   0.0010473926384625
5120.9   0.0010197791639760
5121.8   0.0009843401435095
5122.7   0.0009278355271464
5123.6   0.0008917957634716
5124.5   0.0009097951228281
5125.4   0.0009385153499264
5126.3   0.0009314638763425
5127.2   0.0009109532134105
5128.1   0.0009090910683077
5129.0   0.0009204301519580
5129.9   0.0009544327258406
5130.8   0.0010217345815304
5131.7   0.0010805773628922
5132.6   0.0010955445415902
5133.5   0.0010962728037428
5134.4   0.0011196379340860
5135.3   0.0011438601798050
5136.2   0.0011346588651641
5137.1   0.0010943026455830
5138.0   0.0010451400579272
5138.9   0.0010300645484867
5139.8   0.0010697597916960
5140.7   0.0010985832665693
5141.6   0.0010617203163259
5142.5   0.0010156726346228
5143.4   0.0010147553496205
5144.3   0.0010165409960641
5145.2   0.0009832683998356
5146.1   0.0009525240715862
5147.0   0.0009618689165187
5147.9   0.0009996458478356
5148.8   0.0010227084780820
5149.7   0.0009984094160183
5150.6   0.0009400422733299
5151.5   0.0008878772403747
5152.4   0.0008729864967988
5153.3   0.0009007105258259
5154.2   0.0009722208879021
5155.1   0.0010765437741210
5156.0   0.0011749022428692
5156.9   0.0012380279960897
5157.8   0.0012509181472386
5158.7   0.0012256612635076
5159.6   0.0012192822665092
5160.5   0.0012478326589595
5161.4   0.0012568080357000
5162.3   0.0012311888634684
5163.2   0.0012004970168573
5164.1   0.0011258418228578
5165.0   0.0009502129733888
5165.9   0.0007175625697733
5166.8   0.0005316505913604
5167.7   0.0004449134062583
5168.6   0.0004372339955906
5169.5   0.0004655980337491
5170.4   0.0004855374664522
5171.3   0.0004727373473632
5172.2   0.0004493646243375
5173.1   0.0004569611508682
5174.0   0.0005049135157574
5174.9   0.0005637892093331
5175.8   0.0006052476703923
5176.7   0.0006241955114636
5177.6   0.0006271547515401
5178.5   0.0006234952056316
5179.4   0.0006212398930014
5180.3   0.0006176817522923
5181.2   0.0005993147037823
5182.1   0.0005630953207474
5183.0   0.0005392836517192
5183.9   0.0005732579515956
5184.8   0.0006597026436931
5185.7   0.0007431655400463
5186.6   0.0007897217090995
5187.5   0.0008075750602179
5188.4   0.0008193221155382
5189.3   0.0008263829926117
5190.2   0.0007979391518653
5191.1   0.0007245107320450
5192.0   0.0006612697860761
5192.9   0.0006614262143975
5193.8   0.0007082628361764
5194.7   0.0007681696732239
5195.6   0.0008372356998200
5196.5   0.0009015172562876
5197.4   0.0009284854480641
5198.3   0.0009222083010247
5199.2   0.0009115215527017
5200.1   0.0008982422368621
5201.0   0.0008732354986637
5201.9   0.0008382848242890
5202.8   0.0007840893364734
5203.7   0.0006997717391539
5204.6   0.0006141067107167
5205.5   0.0005752792571148
5206.4   0.0005821055552434
5207.3   0.0005896790495781
5208.2   0.0005851057767444
5209.1   0.0006004891869345
5210.0   0.0006620796933924
5210.9   0.0007678985604508
5211.8   0.0008774722155191
5212.7   0.0009472889963986
5213.6   0.0009711161684773
5214.5   0.0009636985941673
5215.4   0.0009491181022133
5216.3   0.0009559400798196
5217.2   0.0009880186870085
5218.1   0.0010136583817209
5219.0   0.0010166439261537
5219.9   0.0010276885789180
5220.8   0.0010555498480646
5221.7   0.0010563767833217
5222.6   0.0010009416232971
5223.5   0.0009097932802525
5224.4   0.0008261477782958
5225.3   0.0007783007896743
5226.2   0.0007823065491990
5227.1   0.0008621116151452
5228.0   0.0010007294729457
5228.9   0.0011200013662542
5229.8   0.0011770843607691
5230.7   0.0011894955693158
5231.6   0.0011561895525767
5232.5   0.0010899953390180
5233.4   0.0010531369634453
5234.3   0.0010795272218297
5235.2   0.0011397616561254
5236.1   0.0011890486494081
5237.0   0.0011989395956495
5237.9   0.0011682640145340
5238.8   0.0011072002941088
5239.7   0.0010349065196839
5240.6   0.0009978430463771
5241.5   0.0010176291958449
5242.4   0.0010620029293127
5243.3   0.0010986353669850
5244.2   0.0011004160575354
5245.1   0.0010248018346639
5246.0   0.0008892092319789
5246.9   0.0008112616093906
5247.8   0.0008547456964913
5248.7   0.0009192716166160
5249.6   0.0009069985377081
5250.5   0.0008723581149554
5251.4   0.0009067076013622
5252.3   0.0009895048831358
5253.2   0.0010360860858035
5254.1   0.0010205341117074
5255.0   0.0010132199122466
5255.9   0.0010742519911997
5256.8   0.0011629012297907
5257.7   0.0012165074746118
5258.6   0.0012161906786693
5259.5   0.0011735306041194
5260.4   0.0011193427407549
5261.3   0.0010677485885745
5262.2   0.0010066224111876
5263.1   0.0009357232124028
5264.0   0.0008747873286074
5264.9   0.0008432665135523
5265.8   0.0008641901675846
5266.7   0.0009269017225000
5267.6   0.0009323882774992
5268.5   0.0008245087119243
5269.4   0.0007264699618249
5270.3   0.0007798062375406
5271.2   0.0009420346059349
5272.1   0.0010760461516137
5273.0   0.0011303424092578
5273.9   0.0011332122526453
5274.8   0.0011180355286167
5275.7   0.0011279240604485
5276.6   0.0011820058168688
5277.5   0.0012405232247807
5278.4   0.0012608029939190
5279.3   0.0012379700502614
5280.2   0.0011931658529928
5281.1   0.0011452451613442
5282.0   0.0011071333260135
5282.9   0.0011063566485965
5283.8   0.0011604772897173
5284.7   0.0012535264719540
5285.6   0.0013377662363354
5286.5   0.0013651719445299
5287.4   0.0013304095305598
5288.3   0.0012799904333655
5289.2   0.0012634108103377
5290.1   0.0012819327622789
5291.0   0.0013074798834477
5291.9   0.0013198816885047
5292.8   0.0013240675121492
5293.7   0.0013275244382701
5294.6   0.0012988871270774
5295.5   0.0012033831257405
5296.4   0.0010755480208096
5297.3   0.0010057946499484
5298.2   0.0010420752827403
5299.1   0.0011252351707000
5300.0   0.0011676261021267
5300.9   0.0011770517027036
5301.8   0.0012170626617248
5302.7   0.0012993955508905
5303.6   0.0013850918395771
5304.5   0.0014311794861113
5305.4   0.0014107406200937
5306.3   0.0013367155869762
5307.2   0.0012782059305896
5308.1   0.0012851163518285
5309.0   0.0013256556853097
5309.9   0.0013382345047061
5310.8   0.0013126235922965
5311.7   0.0012794435060745
5312.6   0.0012576218187789
5313.5   0.0012565822248738
5314.4   0.0012765295679449
5315.3   0.0012942073660770
5316.2   0.0012925306222097
5317.1   0.0012803614899849
5318.0   0.0012673892489127
5318.9   0.0012603398085157
5319.8   0.0012680265259490
5320.7   0.0012824817227568
5321.6   0.0012799125368903
5322.5   0.0012548687565671
5323.4   0.0012306984841896
5324.3   0.0012403294366490
5325.2   0.0012542819279821
5326.1   0.0011783717493344
5327.0   0.0010017787244889
5327.9   0.0008645639562989
5328.8   0.0008953221356345
5329.7   0.0010390065047165
5330.6   0.0011603866858236
5331.5   0.0012122447710856
5332.4   0.0012345967389540
5333.3   0.0012748077127420
5334.2   0.0013250168833832
5335.1   0.0013402107624267
5336.0   0.0013181628830823
5336.9   0.0012985375459953
5337.8   0.0012837951615300
5338.7   0.0012359951903568
5339.6   0.0011565966982646
5340.5   0.0011178829125209
5341.4   0.0011661399695365
5342.3   0.0012396546727282
5343.2   0.0012688561933010
5344.1   0.0012539793643483
5345.0   0.0012297987989618
5345.9   0.0012345352350486
5346.8   0.0012527016334210
5347.7   0.0012279962516517
5348.6   0.0011843990049895
5349.5   0.0012035035920676
5350.4   0.0012980891011974
5351.3   0.0014044670946686
5352.2   0.0014686465470287
5353.1   0.0014985206712612
5354.0   0.0015184617876973
5354.9   0.0015180041935581
5355.8   0.0014977522536663
5356.7   0.0014839143832478
5357.6   0.0014702813564150
5358.5   0.0014374193368774
5359.4   0.0013943907471918
5360.3   0.0013531898655049
5361.2   0.0013234749652259
5362.1   0.0013218881898814
5363.0   0.0013352199238221
5363.9   0.0013323542738827
5364.8   0.0013155537959218
5365.7   0.0013079043112246
5366.6   0.0013146211984802
5367.5   0.0013178570155197
5368.4   0.0012813820227623
5369.3   0.0011877387687121
5370.2   0.0010832537993706
5371.1   0.0010546729726530
5372.0   0.0011487192424800
5372.9   0.0013006509167612
5373.8   0.0014034863361110
5374.7   0.0014215093948030
5375.6   0.0013891970981884
5376.5   0.0013754863019546
5377.4   0.0014242451749257
5378.3   0.0014907625381361
5379.2   0.0015055323706253
5380.1   0.0014659341485560
5381.0   0.0014183498222743
5381.9   0.0013906196936863
5382.8   0.0013785317618655
5383.7   0.0013816286868211
5384.6   0.0014003665378021
5385.5   0.0014232027853885
5386.4   0.0014318194317055
5387.3   0.0014113194430051
5388.2   0.0013568424858703
5389.1   0.0012828262208716
5390.0   0.0012303572900037
5390.9   0.0012340139767430
5391.8   0.0012806175444671
5392.7   0.0013167855259942
5393.6   0.0013101725854218
5394.5   0.0012671926651489
5395.4   0.0011916224099453
5396.3   0.0011178691885089
5397.2   0.0011421886459793
5398.1   0.0012713978040694
5399.0   0.0013779619612212
5399.9   0.0013956820750568
5400.8   0.0013806941832667
5401.7   0.0013841814801178
5402.6   0.0013718399082243
5403.5   0.0012928326775468
5404.4   0.0011725429835558
5405.3   0.0010994650343370
5406.2   0.0011238337965910
5407.1   0.0011823580665088
5408.0   0.0011811222700625
5408.9   0.0011331844233989
5409.8   0.0011391555122644
5410.7   0.0012343882102169
5411.6   0.0013415860863279
5412.5   0.0013997994057157
5413.4   0.0014248525895286
5414.3   0.0014471486447557
5415.2   0.0014751812099034
5416.1   0.0015043097898942
5417.0   0.0015179104128098
5417.9   0.0015024398932661
5418.8   0.0014663091444751
5419.7   0.0014386508128014
5420.6   0.0014484949957428
5421.5   0.0014827003164870
5422.4   0.0014885443311678
5423.3   0.0014535390784308
5424.2   0.0014296378221023
5425.1   0.0014547113377847
5426.0   0.0015112852731156
5426.9   0.0015351170198650
5427.8   0.0014532086855505
5428.7   0.0013060697412199
5429.6   0.0012414192248571
5430.5   0.0012912605157335
5431.4   0.0013283452104292
5432.3   0.0012885343932489
5433.2   0.0012329342273954
5434.1   0.0012152786672456
5435.0   0.0012415986536059
5435.9   0.0012889843629369
5436.8   0.0013396405805599
5437.7   0.0014034949771555
5438.6   0.0014853047019027
5439.5   0.0015646198333298
5440.4   0.0016146012870320
5441.3   0.0016364716437403
5442.2   0.0016534448155182
5443.1   0.0016571555087860
5444.0   0.0015989655710482
5444.9   0.0014458118243326
5445.8   0.0012362703059667
5446.7   0.0010651757175566
5447.6   0.0009791001759657
5448.5   0.0009417932285210
5449.4   0.0009204251960648
5450.3   0.0009114281531759
5451.2   0.0009097049001570
5452.1   0.0009094442710042
5453.0   0.0008969207924152
5453.9   0.0008645019440968
5454.8   0.0008302002375834
5455.7   0.0008305868607904
5456.6   0.0008771541488348
5457.5   0.0009321711077175
5458.4   0.0009562305078688
5459.3   0.0009507898266503
5460.2   0.0009506036629697
5461.1   0.0009764651021345
5462.0   0.0010071724517961
5462.9   0.0010223071778067
5463.8   0.0010312630486598
5464.7   0.0010435990292891
5465.6   0.0010607856221603
5466.5   0.0010862733361478
5467.4   0.0011067637942843
5468.3   0.0010984749993639
5469.2   0.0010695236878608
5470.1   0.0010551160803351
5471.0   0.0010675469218434
5471.9   0.0010781050075544
5472.8   0.0010646245332804
5473.7   0.0010471128846448
5474.6   0.0010382076528543
5475.5   0.0010244886603356
5476.4   0.0010192547288157
5477.3   0.0010574479551617
5478.2   0.0011238916153450
5479.1   0.0011567682484139
5480.0   0.0011286349134378
5480.9   0.0010817877445016
5481.8   0.0010784594174556
5482.7   0.0011301747984082
5483.6   0.0011972501443637
5484.5   0.0012369050415194
5485.4   0.0012301960328633
5486.3   0.0011952197530404
5487.2   0.0011729586432140
5488.1   0.0011729366593800
5489.0   0.0011653795576152
5489.9   0.0011534807121812
5490.8   0.0011708262113203
5491.7   0.0012046223531898
5492.6   0.0012184987270863
5493.5   0.0012158990434154
5494.4   0.0012073952389744
5495.3   0.0011700515670903
5496.2   0.0011004338479212
5497.1   0.0010501891600454
5498.0   0.0010551205914687
5498.9   0.0010740832366825
5499.8   0.0010584245838083
5500.7   0.0010316372185967
5501.6   0.0010381940559166
5502.5   0.0010707709209837
5503.4   0.0010909332735754
5504.3   0.0010797670108163
5505.2   0.0010463139692455
5506.1   0.0010298229169244
5507.0   0.0010648231502312
5507.9   0.0011257790482106
5508.8   0.0011574225533910
5509.7   0.0011418225452531
5510.6   0.0010980090183285
5511.5   0.0010543162754165
5512.4   0.0010277164717015
5513.3   0.0010113821653873
5514.2   0.0010077900323338
5515.1   0.0010375470577051
5516.0   0.0011019161682859
5516.9   0.0011842263111725
5517.8   0.0012596886803933
5518.7   0.0012981231570789
5519.6   0.0012978400357954
5520.5   0.0012898178425145
5521.4   0.0012909252940342
5522.3   0.0012908237617607
5523.2   0.0012829794723383
5524.1   0.0012697706191342
5525.0   0.0012491792640949
5525.9   0.0012152991261894
5526.8   0.0011763240759219
5527.7   0.0011653081419234
5528.6   0.0012022566130930
5529.5   0.0012539421316122
5530.4   0.0012742391828396
5531.3   0.0012592778495541
5532.2   0.0012377743560170
5533.1   0.0012268571586599
5534.0   0.0012237329127546
5534.9   0.0012320473766603
5535.8   0.0012518466783063
5536.7   0.0012635504648667
5537.6   0.0012652519882000
5538.5   0.0012814305651009
5539.4   0.0013159935996751
5540.3   0.0013437131811058
5541.2   0.0013468853339788
5542.1   0.0013351665526646
5543.0   0.0013241884867730
5543.9   0.0013120881016821
5544.8   0.0012916602911186
5545.7   0.0012781149454733
5546.6   0.0012968299231011
5547.5   0.0013373782788495
5548.4   0.0013631382492777
5549.3   0.0013589350164700
5550.2   0.0013377621699615
5551.1   0.0013123905382418
5552.0   0.0012909775215242
5552.9   0.0012780611930932
5553.8   0.0012695366755601
5554.7   0.0012599967082170
5555.6   0.0012395333168818
5556.5   0.0012186418126182
5557.4   0.0012225182106229
5558.3   0.0012440633844926
5559.2   0.0012550254390368
5560.1   0.0012484748918891
5561.0   0.0012391598458529
5561.9   0.0012374344325729
5562.8   0.0012445664711899
5563.7   0.0012476494179852
5564.6   0.0012303267921993
5565.5   0.0012073191215378
5566.4   0.0012045750815931
5567.3   0.0012205976113952
5568.2   0.0012369826838462
5569.1   0.0012436754270067
5570.0   0.0012528143482228
5570.9   0.0012591281561645
5571.8   0.0012428565609604
5572.7   0.0012277689159352
5573.6   0.0012390172686176
5574.5   0.0012566941772305
5575.4   0.0012636606381848
5576.3   0.0012703608787222
5577.2   0.0012739029445469
5578.1   0.0012725781961712
5579.0   0.0012816698457907
5579.9   0.0012889748323731
5580.8   0.0012746310796253
5581.7   0.0012526110295273
5582.6   0.0012432526511941
5583.5   0.0012403735313911
5584.4   0.0012332998198249
5585.3   0.0012145448138289
5586.2   0.0011834423905270
5587.1   0.0011523298012903
5588.0   0.0011353293085627
5588.9   0.0011434375310666
5589.8   0.0011709531584309
5590.7   0.0011902491192311
5591.6   0.0011904655265677
5592.5   0.0011941372080608
5593.4   0.0012132453532160
5594.3   0.0012467103397602
5595.2   0.0012791598764942
5596.1   0.0012508870140633
5597.0   0.0011363729688417
5597.9   0.0010114600618625
5598.8   0.0009640603743712
5599.7   0.0009927775516889
5600.6   0.0010458870635220
5601.5   0.0010848576026559
5602.4   0.0010888378202695
5603.3   0.0010656694007642
5604.2   0.0010497588233189
5605.1   0.0010637775838393
5606.0   0.0010993365623362
5606.9   0.0011297269889812
5607.8   0.0011374991002666
5608.7   0.0011294296353890
5609.6   0.0011241015418982
5610.5   0.0011368918127379
5611.4   0.0011651587026821
5612.3   0.0011832314473804
5613.2   0.0011628839477016
5614.1   0.0011039646041435
5615.0   0.0010506745198940
5615.9   0.0010451570223308
5616.8   0.0010692198534851
5617.7   0.0010776528776052
5618.6   0.0010618474540477
5619.5   0.0010492993230670
5620.4   0.0010609433847606
5621.3   0.0010895749776150
5622.2   0.0011051536372898
5623.1   0.0010830678898384
5624.0   0.0010446362723219
5624.9   0.0010393216486946
5625.8   0.0010726666136713
5626.7   0.0010985185858092
5627.6   0.0010799835452270
5628.5   0.0010304825590173
5629.4   0.0009926761464895
5630.3   0.0009945874693018
5631.2   0.0010306824467098
5632.1   0.0010787294500981
5633.0   0.0011154069991059
5633.9   0.0011190087897974
5634.8   0.0010890459677840
5635.7   0.0010526272688904
5636.6   0.0010340415257085
5637.5   0.0010312087879829
5638.4   0.0010293086476989
5639.3   0.0010249087675903
5640.2   0.0010243275938065
5641.1   0.0010291290918759
5642.0   0.0010396188752127
5642.9   0.0010546572789912
5643.8   0.0010701781199120
5644.7   0.0010851417405329
5645.6   0.0010980628977829
5646.5   0.0011093115046136
5647.4   0.0011193562106184
5648.3   0.0011335855966000
5649.2   0.0011609108668356
5650.1   0.0011933740005074
5651.0   0.0012211281461163
5651.9   0.0012428274609721
5652.8   0.0012544340357812
5653.7   0.0012547963242818
5654.6   0.0012508286870125
5655.5   0.0012417999391145
5656.4   0.0012091663989610
5657.3   0.0011556668964550
5658.2   0.0011291898464024
5659.1   0.0011525159649709
5660.0   0.0011732662898152
5660.9   0.0011466580992040
5661.8   0.0011056771829309
5662.7   0.0010953865883786
5663.6   0.0011099557707301
5664.5   0.0011326663419478
5665.4   0.0011523347571835
5666.3   0.0011452365202996
5667.2   0.0011100635296388
5668.1   0.0010766562347745
5669.0   0.0010604656493632
5669.9   0.0010552793071254
5670.8   0.0010657791928598
5671.7   0.0011033163987273
5672.6   0.0011536554391852
5673.5   0.0011900281372239
5674.4   0.0012045771147801
5675.3   0.0012147162369041
5676.2   0.0012331012028742
5677.1   0.0012443008861438
5678.0   0.0012361230269866
5678.9   0.0012235876669615
5679.8   0.0012236418005641
5680.7   0.0012306326597619
5681.6   0.0012341923888983
5682.5   0.0012492361933297
5683.4   0.0012863785797052
5684.3   0.0013168782901491
5685.2   0.0013066591112886
5686.1   0.0012613503024326
5687.0   0.0012231598081815
5687.9   0.0012222742281883
5688.8   0.0012514557981141
5689.7   0.0012875630381809
5690.6   0.0013193749166561
5691.5   0.0013467357676634
5692.4   0.0013552268646859
5693.3   0.0013361515046703
5694.2   0.0013078049392122
5695.1   0.0012912905052411
5696.0   0.0012846630782116
5696.9   0.0012712099884244
5697.8   0.0012510761004502
5698.7   0.0012421871341553
5699.6   0.0012402228214080
5700.5   0.0012293118506860
5701.4   0.0012161653909066
5702.3   0.0012210681671012
5703.2   0.0012536889998362
5704.1   0.0012927840081340
5705.0   0.0013008992197182
5705.9   0.0012737097917861
5706.8   0.0012379783100834
5707.7   0.0012155931758528
5708.6   0.0012204462660412
5709.5   0.0012526171290882
5710.4   0.0012749347869267
5711.3   0.0012683759799570
5712.2   0.0012688316679833
5713.1   0.0012985962542686
5714.0   0.0013370336536605
5714.9   0.0013580937853672
5715.8   0.0013503979185926
5716.7   0.0013165871631919
5717.6   0.0012771238939068
5718.5   0.0012591989364854
5719.4   0.0012766698578448
5720.3   0.0013199776295142
5721.2   0.0013657261150494
5722.1   0.0013881009562711
5723.0   0.0013772779208849
5723.9   0.0013484431364092
5724.8   0.0013123657587757
5725.7   0.0012624062889075
5726.6   0.0012153452541184
5727.5   0.0012147693539133
5728.4   0.0012627505328739
5729.3   0.0013043938868719
5730.2   0.0013106980371756
5731.1   0.0013148613686893
5732.0   0.0013460162736295
5732.9   0.0013795863505244
5733.8   0.0013885740534608
5734.7   0.0013748145878142
5735.6   0.0013474439520948
5736.5   0.0013253593483110
5737.4   0.0013241729837225
5738.3   0.0013341513570029
5739.2   0.0013476540057221
5740.1   0.0013675686907277
5741.0   0.0013821359669665
5741.9   0.0013796464566138
5742.8   0.0013769152511617
5743.7   0.0014019483572534
5744.6   0.0014466967689549
5745.5   0.0014745723974844
5746.4   0.0014572922144763
5747.3   0.0014099223894183
5748.2   0.0013866204149450
5749.1   0.0014129010083080
5750.0   0.0014581902477396
5750.9   0.0014781208170184
5751.8   0.0014575467440682
5752.7   0.0014196363213203
5753.6   0.0014024463609833
5754.5   0.0014257846786735
5755.4   0.0014734039503560
5756.3   0.0015107952750594
5757.2   0.0015164458828310
5758.1   0.0014750533732736
5759.0   0.0013938510631293
5759.9   0.0013089181090703
5760.8   0.0012414485789938
5761.7   0.0012044499135212
5762.6   0.0012134908605409
5763.5   0.0012571951036666
5764.4   0.0013004592888907
5765.3   0.0013250833431818
5766.2   0.0013362168208012
5767.1   0.0013428437395340
5768.0   0.0013490158597597
5768.9   0.0013545972121006
5769.8   0.0013588081964336
5770.7   0.0013586557074120
5771.6   0.0013529692647203
5772.5   0.0013474514494717
5773.4   0.0013433059083438
5774.3   0.0013399918136065
5775.2   0.0013417509015454
5776.1   0.0013512217405321
5777.0   0.0013693764480795
5777.9   0.0013844615516209
5778.8   0.0013801403939697
5779.7   0.0013498202393489
5780.6   0.0013075652772998
5781.5   0.0012818309758569
5782.4   0.0012845407057717
5783.3   0.0012909282167405
5784.2   0.0012774668671313
5785.1   0.0012696701034541
5786.0   0.0012980494540518
5786.9   0.0013437444413552
5787.8   0.0013776339827505
5788.7   0.0013884352884510
5789.6   0.0013719166610319
5790.5   0.0013565394139398
5791.4   0.0013871367173575
5792.3   0.0014564248060914
5793.2   0.0015246794004811
5794.1   0.0015690071966312
5795.0   0.0015811271511465
5795.9   0.0015507161384836
5796.8   0.0014895981573816
5797.7   0.0014601033495905
5798.6   0.0015055584208332
5799.5   0.0015863862433551
5800.4   0.0016434262867955
5801.3   0.0016635599206214
5802.2   0.0016554791461413
5803.1   0.0016251986386661
5804.0   0.0015990345723305
5804.9   0.0015990010247457
5805.8   0.0016100639761926
5806.7   0.0016133390591552
5807.6   0.0016005919935383
5808.5   0.0015706270112637
5809.4   0.0015286939281245
5810.3   0.0014821061175993
5811.2   0.0014409234075209
5812.1   0.0014094553917895
5813.0   0.0013798898036775
5813.9   0.0013435812781021
5814.8   0.0013075819240180
5815.7   0.0012929616578443
5816.6   0.0013065754964751
5817.5   0.0013304189340495
5818.4   0.0013486559856686
5819.3   0.0013604069167515
5820.2   0.0013681815695206
5821.1   0.0013671330804225
5822.0   0.0013562049546856
5822.9   0.0013493617556905
5823.8   0.0013612598386793
5824.7   0.0013848571335579
5825.6   0.0013985284097202
5826.5   0.0014020581493490
5827.4   0.0014137402062238
5828.3   0.0014354260512160
5829.2   0.0014542997445005
5830.1   0.0014634356159362
5831.0   0.0014692796306170
5831.9   0.0014734767638638
5832.8   0.0014639596698740
5833.7   0.0014436974369731
5834.6   0.0014379281419130
5835.5   0.0014567760391380
5836.4   0.0014688404622346
5837.3   0.0014415333636075
5838.2   0.0013961577137302
5839.1   0.0013800403865864
5840.0   0.0014085156781935
5840.9   0.0014569456831746
5841.8   0.0014936473762775
5842.7   0.0015060353302484
5843.6   0.0014965897790245
5844.5   0.0014714585716622
5845.4   0.0014260378104494
5846.3   0.0013588731313420
5847.2   0.0012914028388204
5848.1   0.0012441420434129
5849.0   0.0012112271610144
5849.9   0.0011786534728019
5850.8   0.0011443054477482
5851.7   0.0011207751209650
5852.6   0.0011200387260645
5853.5   0.0011434564651202
5854.4   0.0011711362723310
5855.3   0.0011728644812431
5856.2   0.0011489775842976
5857.1   0.0011342551504793
5858.0   0.0011524065540978
5858.9   0.0011865319451799
5859.8   0.0012049291102717
5860.7   0.0011883492330955
5861.6   0.0011390095040261
5862.5   0.0010955186184565
5863.4   0.0010931416958315
5864.3   0.0011137003928052
5865.2   0.0011173422118649
5866.1   0.0011015669684263
5867.0   0.0010990974087206
5867.9   0.0011232331169198
5868.8   0.0011516955740344
5869.7   0.0011605071521507
5870.6   0.0011432512403118
5871.5   0.0011075064158198
5872.4   0.0010729302926046
5873.3   0.0010623474274275
5874.2   0.0010728586227644
5875.1   0.0010760654668898
5876.0   0.0010606863136849
5876.9   0.0010425342746954
5877.8   0.0010294858526495
5878.7   0.0010177252003914
5879.6   0.0010152593893741
5880.5   0.0010356492682935
5881.4   0.0010679721120654
5882.3   0.0010852662732339
5883.2   0.0010839552488702
5884.1   0.0010803756961611
5885.0   0.0010814900096868
5885.9   0.0010740672253352
5886.8   0.0010286118364070
5887.7   0.0009230960412791
5888.6   0.0007843794468371
5889.5   0.0007016597438532
5890.4   0.0007422818661658
5891.3   0.0008602453401315
5892.2   0.0009544133470274
5893.1   0.0009667525680485
5894.0   0.0008985134767093
5894.9   0.0008025286266575
5895.8   0.0007619450078228
5896.7   0.0008054070475525
5897.6   0.0008685408699837
5898.5   0.0008938940759467
5899.4   0.0008982938925182
5900.3   0.0009177554945182
5901.2   0.0009500661391684
5902.1   0.0009705975151924
5903.0   0.0009697445297275
5903.9   0.0009543318924750
5904.8   0.0009337231282725
5905.7   0.0009194350975546
5906.6   0.0009196543640604
5907.5   0.0009315611516309
5908.4   0.0009472440121372
5909.3   0.0009600601425735
5910.2   0.0009668187101616
5911.1   0.0009645132667655
5912.0   0.0009523350487364
5912.9   0.0009373440436288
5913.8   0.0009303058492972
5914.7   0.0009361271812360
5915.6   0.0009504426599777
5916.5   0.0009687784482383
5917.4   0.0009838967816790
5918.3   0.0009917394826740
5919.2   0.0009967367385249
5920.1   0.0009917605769887
5921.0   0.0009707712891400
5921.9   0.0009497049307983
5922.8   0.0009451986260601
5923.7   0.0009564026933891
5924.6   0.0009713354985202
5925.5   0.0009822706768743
5926.4   0.0009903532939301
5927.3   0.0009988664383236
5928.2   0.0010060500690596
5929.1   0.0010086287219529
5930.0   0.0010146674142847
5930.9   0.0010309056525153
5931.8   0.0010471921789361
5932.7   0.0010494407566346
5933.6   0.0010374338981436
5934.5   0.0010322685231463
5935.4   0.0010473687485157
5936.3   0.0010676199894996
5937.2   0.0010812193416734
5938.1   0.0010914724493411
5939.0   0.0010938331064705
5939.9   0.0010828124707271
5940.8   0.0010730301729137
5941.7   0.0010831729801891
5942.6   0.0011072704390588
5943.5   0.0011305250148612
5944.4   0.0011538482107234
5945.3   0.0011733380867296
5946.2   0.0011690533993694
5947.1   0.0011319064383232
5948.0   0.0010771626254006
5948.9   0.0010335502569104
5949.8   0.0010228543592461
5950.7   0.0010396252289219
5951.6   0.0010587054177565
5952.5   0.0010701688434966
5953.4   0.0010742768977400
5954.3   0.0010587441118458
5955.2   0.0010217785491983
5956.1   0.0009894307353491
5957.0   0.0009896223632196
5957.9   0.0010207847655367
5958.8   0.0010601057117350
5959.7   0.0010922708564437
5960.6   0.0011103814692489
5961.5   0.0011112096117107
5962.4   0.0011011957847328
5963.3   0.0010911412940157
5964.2   0.0010851206462182
5965.1   0.0010859207052852
5966.0   0.0011012430563295
5966.9   0.0011293312799700
5967.8   0.0011556990462238
5968.7   0.0011714833119295
5969.6   0.0011765099854542
5970.5   0.0011721019090607
5971.4   0.0011578295720046
5972.3   0.0011390136974742
5973.2   0.0011340819483655
5974.1   0.0011434769240639
5975.0   0.0011472854644539
5975.9   0.0011348098292956
5976.8   0.0011117334115001
5977.7   0.0010965097970973
5978.6   0.0011043136769289
5979.5   0.0011293644463322
5980.4   0.0011535239174040
5981.3   0.0011610922016971
5982.2   0.0011490383257578
5983.1   0.0011328560637056
5984.0   0.0011377335521374
5984.9   0.0011701081151025
5985.8   0.0012034462816103
5986.7   0.0012140886175058
5987.6   0.0012113319972168
5988.5   0.0012163039017679
5989.4   0.0012304694965088
5990.3   0.0012447711877014
5991.2   0.0012640747729528
5992.1   0.0012982764085457
5993.0   0.0013379564663899
5993.9   0.0013591610814446
5994.8   0.0013543886833635
5995.7   0.0013373571845348
5996.6   0.0013202092857529
5997.5   0.0013031658419509
5998.4   0.0012797325998447
5999.3   0.0012468657514881
6000.2   0.0012162416354174
6001.1   0.0012028097670191
6002.0   0.0012151743393400
6002.9   0.0012481795714838
6003.8   0.0012741417169399
6004.7   0.0012666417985582
6005.6   0.0012328944531756
6006.5   0.0012040817796080
6007.4   0.0012008584158386
6008.3   0.0012215319878754
6009.2   0.0012553222843323
6010.1   0.0012832533172064
6011.0   0.0012892341907841
6011.9   0.0012770005048734
6012.8   0.0012677353989918
6013.7   0.0012798049050558
6014.6   0.0012990284335708
6015.5   0.0012993288369435
6016.4   0.0012838955501359
6017.3   0.0012783338942936
6018.2   0.0012960907325686
6019.1   0.0013233472556702
6020.0   0.0013425395239358
6020.9   0.0013523468553635
6021.8   0.0013581555434209
6022.7   0.0013590822954501
6023.6   0.0013589060435559
6024.5   0.0013695105113443
6025.4   0.0013874063687774
6026.3   0.0014005801495066
6027.2   0.0014124290547860
6028.1   0.0014277078193849
6029.0   0.0014335933873241
6029.9   0.0014187183374100
6030.8   0.0014021563776938
6031.7   0.0014167481792502
6032.6   0.0014575638990832
6033.5   0.0014879196344757
6034.4   0.0014779956489464
6035.3   0.0014283673344036
6036.2   0.0013829484793035
6037.1   0.0013800978241179
6038.0   0.0014012419518606
6038.9   0.0014155647373679
6039.8   0.0014276379285833
6040.7   0.0014517629625510
6041.6   0.0014856828746764
6042.5   0.0015206299274368
6043.4   0.0015457569413510
6044.3   0.0015564062663267
6045.2   0.0015625625022793
6046.1   0.0015703548183601
6047.0   0.0015721482163289
6047.9   0.0015634807403380
6048.8   0.0015571472358978
6049.7   0.0015568027377830
6050.6   0.0015459387845094
6051.5   0.0015256116167001
6052.4   0.0015138387017832
6053.3   0.0015144557740242
6054.2   0.0015216504602143
6055.1   0.0015235930432760
6056.0   0.0015039027712805
6056.9   0.0014657617088874
6057.8   0.0014445776798506
6058.7   0.0014667852914452
6059.6   0.0015087060483885
6060.5   0.0015317961901959
6061.4   0.0015230870338725
6062.3   0.0014888663371519
6063.2   0.0014429377874969
6064.1   0.0014016485892517
6065.0   0.0013994237744257
6065.9   0.0014586162004068
6066.8   0.0015429765581895
6067.7   0.0016043281016430
6068.6   0.0016347804134160
6069.5   0.0016520603422758
6070.4   0.0016586039003434
6071.3   0.0016402194426701
6072.2   0.0016117867209148
6073.1   0.0016084806318511
6074.0   0.0016300979838577
6074.9   0.0016505379935429
6075.8   0.0016558791756748
6076.7   0.0016402058457323
6077.6   0.0015976799615214
6078.5   0.0015427502390665
6079.4   0.0015016209001457
6080.3   0.0014769141205603
6081.2   0.0014691239647407
6082.1   0.0014936699954824
6083.0   0.0015464594074441
6083.9   0.0015862098643867
6084.8   0.0015888767703013
6085.7   0.0015827573858622
6086.6   0.0015929768188710
6087.5   0.0016042026794227
6088.4   0.0015868576885804
6089.3   0.0015462643485706
6090.2   0.0015285660914947
6091.1   0.0015501042762842
6092.0   0.0015752226491539
6092.9   0.0015976037170106
6093.8   0.0016406414560375
6094.7   0.0016871605194288
6095.6   0.0016952411668347
6096.5   0.0016684215247801
6097.4   0.0016580698075450
6098.3   0.0016864472520300
6099.2   0.0017218696893154
6100.1   0.0017105299702942
6101.0   0.0016254446542877
6101.9   0.0015150339615646
6102.8   0.0014714512013595
6103.7   0.0015183220060941
6104.6   0.0015922014121959
6105.5   0.0016391169470435
6106.4   0.0016467762164529
6107.3   0.0016397598153439
6108.2   0.0016440093031549
6109.1   0.0016405869412122
6110.0   0.0016168959926595
6110.9   0.0016084303104739
6111.8   0.0016485415310269
6112.7   0.0017190599520172
6113.6   0.0017711073778144
6114.5   0.0017710931455058
6115.4   0.0017255129061911
6116.3   0.0016858182348157
6117.2   0.0016839699407990
6118.1   0.0016760314894058
6119.0   0.0016225809104610
6119.9   0.0015475798205307
6120.8   0.0014889368633244
6121.7   0.0014909451437396
6122.6   0.0015805657373985
6123.5   0.0016951888122706
6124.4   0.0017405390473109
6125.3   0.0017112711940136
6126.2   0.0016656721477197
6127.1   0.0016410358943068
6128.0   0.0016530474545426
6128.9   0.0017105408986741
6129.8   0.0017780338104006
6130.7   0.0018026687930716
6131.6   0.0017826419015608
6132.5   0.0017459829053840
6133.4   0.0016892979072156
6134.3   0.0016041238934282
6135.2   0.0015130435986095
6136.1   0.0014456494235245
6137.0   0.0014559358246286
6137.9   0.0015729440819478
6138.8   0.0017157153594756
6139.7   0.0017802081767752
6140.6   0.0017648691790127
6141.5   0.0017500988382268
6142.4   0.0017927624708539
6143.3   0.0018667717467725
6144.2   0.0019124372528651
6145.1   0.0019130811377590
6146.0   0.0018877030252558
6146.9   0.0018207163770812
6147.8   0.0016734959781982
6148.7   0.0014969820570327
6149.6   0.0014162611039002
6150.5   0.0014695177676391
6151.4   0.0015720684137409
6152.3   0.0016246364624729
6153.2   0.0015990465173038
6154.1   0.0015482252303149
6155.0   0.0015264968154709
6155.9   0.0015115507310875
6156.8   0.0014431630900264
6157.7   0.0013129383550520
6158.6   0.0011747056591054
6159.5   0.0010748378031913
6160.4   0.0010015920525115
6161.3   0.0009416366095884
6162.2   0.0009218310813074
6163.1   0.0009461891057928
6164.0   0.0009835092054156
6164.9   0.0010127290882081
6165.8   0.0010366889257357
6166.7   0.0010584248379567
6167.6   0.0010598421598759
6168.5   0.0010362376853058
6169.4   0.0010229733006829
6170.3   0.0010505816922020
6171.2   0.0010966087878872
6172.1   0.0011096859922360
6173.0   0.0010771705040000
6173.9   0.0010320772764983
6174.8   0.0010108187819894
6175.7   0.0010242469016992
6176.6   0.0010565203136133
6177.5   0.0010923332498683
6178.4   0.0011233646387010
6179.3   0.0011443436970778
6180.2   0.0011577296916955
6181.1   0.0011628138027516
6182.0   0.0011480758658828
6182.9   0.0011140629354542
6183.8   0.0010763712073782
6184.7   0.0010345341287856
6185.6   0.0009769483017218
6186.5   0.0009255614075367
6187.4   0.0009088761223243
6188.3   0.0009088016568521
6189.2   0.0008949768750746
6190.1   0.0008682735694361
6191.0   0.0008523146402635
6191.9   0.0008621888127125
6192.8   0.0008874466494998
6193.7   0.0009131618898150
6194.6   0.0009359745016030
6195.5   0.0009553909922675
6196.4   0.0009719450733842
6197.3   0.0009816473779983
6198.2   0.0009771254431353
6199.1   0.0009634374567177
6200.0   0.0009614882022613
6200.9   0.0009813683230887
6201.8   0.0010088204133606
6202.7   0.0010266519077191
6203.6   0.0010273204450049
6204.5   0.0010225273973688
6205.4   0.0010299061505154
6206.3   0.0010488210793728
6207.2   0.0010665929759387
6208.1   0.0010727844114405
6209.0   0.0010611535019250
6209.9   0.0010323509942922
6210.8   0.0010008478425488
6211.7   0.0009796573327286
6212.6   0.0009558032209227
6213.5   0.0009133265144213
6214.4   0.0008604208931176
6215.3   0.0008236232590052
6216.2   0.0008236470218778
6217.1   0.0008503165893202
6218.0   0.0008780584087332
6218.9   0.0008965365836178
6219.8   0.0009085478897052
6220.7   0.0009089230126985
6221.6   0.0008825505446999
6222.5   0.0008361427982944
6223.4   0.0008017494077568
6224.3   0.0007968498719539
6225.2   0.0008115587723715
6226.1   0.0008259159314458
6227.0   0.0008345863936801
6227.9   0.0008379832772487
6228.8   0.0008291608978267
6229.7   0.0008123325270822
6230.6   0.0008098918767535
6231.5   0.0008288320298366
6232.4   0.0008514916443062
6233.3   0.0008722896855069
6234.2   0.0008962603878773
6235.1   0.0009146055160904
6236.0   0.0009182254783904
6236.9   0.0009074507947315
6237.8   0.0008819046266190
6238.7   0.0008529702159825
6239.6   0.0008446488265336
6240.5   0.0008605723655458
6241.4   0.0008704427257692
6242.3   0.0008590784178932
6243.2   0.0008563296762037
6244.1   0.0008809861344119
6245.0   0.0009136171330818
6245.9   0.0009418919016255
6246.8   0.0009677219534666
6247.7   0.0009855294943413
6248.6   0.0009899797593641
6249.5   0.0009872989388263
6250.4   0.0009833857528452
6251.3   0.0009772966755992
6252.2   0.0009786533831323
6253.1   0.0009929223527224
6254.0   0.0010087571304166
6254.9   0.0010124956529308
6255.8   0.0009888866036901
6256.7   0.0009394938846857
6257.6   0.0008991553284163
6258.5   0.0009113146759289
6259.4   0.0009679060839602
6260.3   0.0010196850655422
6261.2   0.0010607843514184
6262.1   0.0011040872307317
6263.0   0.0011298886273442
6263.9   0.0011247893944600
6264.8   0.0011043596777838
6265.7   0.0010884917972645
6266.6   0.0010729161873700
6267.5   0.0010478473098954
6268.4   0.0010339204240105
6269.3   0.0010552962715290
6270.2   0.0010949023086607
6271.1   0.0011225302696042
6272.0   0.0011273688733355
6272.9   0.0011124358775932
6273.8   0.0010921258647989
6274.7   0.0010797820055701
6275.6   0.0010768481167934
6276.5   0.0010875788963215
6277.4   0.0011117702630136
6278.3   0.0011262160563318
6279.2   0.0011143046305536
6280.1   0.0010983375050960
6281.0   0.0011072008024056
6281.9   0.0011366341062913
6282.8   0.0011674029598584
6283.7   0.0011813065276303
6284.6   0.0011785502885639
6285.5   0.0011877080167594
6286.4   0.0012185894580541
6287.3   0.0012556681802631
6288.2   0.0012845300315402
6289.1   0.0012944216131524
6290.0   0.0012843164198357
6290.9   0.0012591290456838
6291.8   0.0012271907283948
6292.7   0.0012096269158064
6293.6   0.0012068295047041
6294.5   0.0011892431999849
6295.4   0.0011532869240495
6296.3   0.0011355562630566
6297.2   0.0011644102357342
6298.1   0.0012218461152600
6299.0   0.0012644018619042
6299.9   0.0012755512237968
6300.8   0.0012710168356637
6301.7   0.0012698022606062
6302.6   0.0012781501450225
6303.5   0.0012846750231850
6304.4   0.0012787892010974
6305.3   0.0012809617884335
6306.2   0.0013221673718652
6307.1   0.0013841578443194
6308.0   0.0014251029256725
6308.9   0.0014312291721175
6309.8   0.0014121130212886
6310.7   0.0013884397360475
6311.6   0.0013836550117705
6312.5   0.0014011550331182
6313.4   0.0014161246262258
6314.3   0.0014207224243771
6315.2   0.0014321465206569
6316.1   0.0014420987166553
6317.0   0.0014322236546870
6317.9   0.0014224949821796
6318.8   0.0014387986000783
6319.7   0.0014588051597195
6320.6   0.0014520336305645
6321.5   0.0014360230457358
6322.4   0.0014394309212214
6323.3   0.0014479549304578
6324.2   0.0014417662905881
6325.1   0.0014410040996281
6326.0   0.0014651315480054
6326.9   0.0015025523539196
6327.8   0.0015328919508907
6328.7   0.0015359780745406
6329.6   0.0015230417954627
6330.5   0.0015352047010525
6331.4   0.0015741603089697
6332.3   0.0016043507208479
6333.2   0.0015981815233285
6334.1   0.0015498783383838
6335.0   0.0014973226158477
6335.9   0.0014954436969526
6336.8   0.0015414647566140
6337.7   0.0015886293568636
6338.6   0.0016167740014422
6339.5   0.0016408304153502
6340.4   0.0016592226245487
6341.3   0.0016494019503316
6342.2   0.0016049267481272
6343.1   0.0015370343151640
6344.0   0.0014763960391092
6344.9   0.0014627198070537
6345.8   0.0015003053011113
6346.7   0.0015537139455752
6347.6   0.0015936846220799
6348.5   0.0016174650308586
6349.4   0.0016223041428867
6350.3   0.0016027840232246
6351.2   0.0015712452271724
6352.1   0.0015433847204708
6353.0   0.0015133102002490
6353.9   0.0014822302690778
6354.8   0.0014673737719946
6355.7   0.0014611881819054
6356.6   0.0014334101463497
6357.5   0.0013845891341023
6358.4   0.0013483668918983
6359.3   0.0013447798418123
6360.2   0.0013633829941575
6361.1   0.0013786255426138
6362.0   0.0013853712757093
6362.9   0.0014022596890060
6363.8   0.0014385668167654
6364.7   0.0014852899612973
6365.6   0.0015290076742866
6366.5   0.0015734246765144
6367.4   0.0016259881505757
6368.3   0.0016660443480067
6369.2   0.0016741412609082
6370.1   0.0016701762921968
6371.0   0.0016840638486215
6371.9   0.0017121068338523
6372.8   0.0017303309239045
6373.7   0.0017355019537030
6374.6   0.0017429623520133
6375.5   0.0017528776964981
6376.4   0.0017411769597181
6377.3   0.0016894275228841
6378.2   0.0016284436050469
6379.1   0.0016114969917736
6380.0   0.0016382788927953
6380.9   0.0016768813615532
6381.8   0.0017084883964426
6382.7   0.0017082619502454
6383.6   0.0016694415492608
6384.5   0.0016332935183807
6385.4   0.0016329060691915
6386.3   0.0016511663753863
6387.2   0.0016628132327120
6388.1   0.0016701535459177
6389.0   0.0016856928125953
6389.9   0.0017033868762231
6390.8   0.0016975534086997
6391.7   0.0016554159902715
6392.6   0.0016095985034540
6393.5   0.0016094151354055
6394.4   0.0016577761391042
6395.3   0.0017230943032335
6396.2   0.0017844138239925
6397.1   0.0018186889084641
6398.0   0.0017951626480548
6398.9   0.0017210878018569
6399.8   0.0016766251799968
6400.7   0.0017251956019519
6401.6   0.0018166807551231
6402.5   0.0018828837368006
6403.4   0.0019082345283541
6404.3   0.0018983321454361
6405.2   0.0018711856685785
6406.1   0.0018471847860892
6407.0   0.0018390075623030
6407.9   0.0018581469677077
6408.8   0.0018900387758450
6409.7   0.0018898771374821
6410.6   0.0018438198616780
6411.5   0.0017794894451865
6412.4   0.0017303122439994
6413.3   0.0017230494460463
6414.2   0.0017547661459571
6415.1   0.0017914627560927
6416.0   0.0018050454615482
6416.9   0.0017837937019711
6417.8   0.0017355446506291
6418.7   0.0016779500554466
6419.6   0.0016225177545912
6420.5   0.0015958631819026
6421.4   0.0016319544106222
6422.3   0.0017047267464267
6423.2   0.0017512033670403
6424.1   0.0017611591211158
6425.0   0.0017693283392285
6425.9   0.0017925519089298
6426.8   0.0018179339607327
6427.7   0.0018221366852438
6428.6   0.0017791838317722
6429.5   0.0016980362906016
6430.4   0.0016465744226475
6431.3   0.0016781720540473
6432.2   0.0017551568990751
6433.1   0.0018050369475779
6434.0   0.0018165186084634
6434.9   0.0018280854090527
6435.8   0.0018528935938375
6436.7   0.0018576414666009
6437.6   0.0018234840528243
6438.5   0.0018009347387470
6439.4   0.0018454622955154
6440.3   0.0019296842695110
6441.2   0.0019950554235754
6442.1   0.0020203809273661
6443.0   0.0020174259442748
6443.9   0.0020030176378411
6444.8   0.0019878550190470
6445.7   0.0019650568937160
6446.6   0.0019074329443969
6447.5   0.0018032563841017
6448.4   0.0016832864087594
6449.3   0.0016107919841968
6450.2   0.0016276168604012
6451.1   0.0017073386292193
6452.0   0.0018023275988856
6452.9   0.0018796945559869
6453.8   0.0019097343849562
6454.7   0.0019003458900413
6455.6   0.0019003231437622
6456.5   0.0019324286906783
6457.4   0.0019764431218889
6458.3   0.0020130712390389
6459.2   0.0020350629515936
6460.1   0.0020163935935982
6461.0   0.0019335966295100
6461.9   0.0018445999700980
6462.8   0.0018420390440535
6463.7   0.0019142142582641
6464.6   0.0019766801152434
6465.5   0.0020043285351306
6466.4   0.0020257369771775
6467.3   0.0020515351969354
6468.2   0.0020629112591734
6469.1   0.0020498325299344
6470.0   0.0020265524122208
6470.9   0.0020099727891930
6471.8   0.0019849647167157
6472.7   0.0019141945617655
6473.6   0.0018167548393728
6474.5   0.0017770616928875
6475.4   0.0018286069215068
6476.3   0.0019054763831749
6477.2   0.0019328920031557
6478.1   0.0019025958655558
6479.0   0.0018490380359991
6479.9   0.0017828583088974
6480.8   0.0017031323466311
6481.7   0.0016414422775495
6482.6   0.0016226688457968
6483.5   0.0016330536023199
6484.4   0.0016556362098336
6485.3   0.0016833596034898
6486.2   0.0017070745690635
6487.1   0.0017206229644892
6488.0   0.0017191286991512
6488.9   0.0017017431716439
6489.8   0.0016881796543902
6490.7   0.0016961184870059
6491.6   0.0016980643739964
6492.5   0.0016509667418421
6493.4   0.0015590504259622
6494.3   0.0014750132178312
6495.2   0.0014403250151850
6496.1   0.0014488393667834
6497.0   0.0014793778348535
6497.9   0.0015151157973396
6498.8   0.0015544535173302
6499.7   0.0016057306194197
6500.6   0.0016548553389685
6501.5   0.0016921371257247
6502.4   0.0017188251189239
6503.3   0.0017365143537326
6504.2   0.0017579610451092
6505.1   0.0017806416268193
6506.0   0.0017797795555502
6506.9   0.0017422395540507
6507.8   0.0016988945496452
6508.7   0.0016983468599090
6509.6   0.0017387376436684
6510.5   0.0017773581569605
6511.4   0.0017906795978923
6512.3   0.0017876024965095
6513.2   0.0017801819994932
6514.1   0.0017680005410724
6515.0   0.0017544463002342
6515.9   0.0017448647796327
6516.8   0.0017343727724977
6517.7   0.0017283202290798
6518.6   0.0017444071854935
6519.5   0.0017835386640823
6520.4   0.0018231527704247
6521.3   0.0018465173924711
6522.2   0.0018582941196136
6523.1   0.0018697255861961
6524.0   0.0018845423090595
6524.9   0.0018897818318435
6525.8   0.0018763216259020
6526.7   0.0018699248385178
6527.6   0.0018886537943058
6528.5   0.0019161041055391
6529.4   0.0019301693116741
6530.3   0.0019192763854863
6531.2   0.0018995812846719
6532.1   0.0019012769625927
6533.0   0.0019302017155912
6533.9   0.0019695714582763
6534.8   0.0019970234214740
6535.7   0.0019956450477924
6536.6   0.0019742798109683
6537.5   0.0019749449172511
6538.4   0.0020176872087985
6539.3   0.0020630444329190
6540.2   0.0020622582249382
6541.1   0.0020019565683988
6542.0   0.0019040192234988
6542.9   0.0018151275273634
6543.8   0.0017654966713368
6544.7   0.0017456287496312
6545.6   0.0017442033585012
6546.5   0.0017644615250282
6547.4   0.0017881686120024
6548.3   0.0017853339681640
6549.2   0.0017568971800348
6550.1   0.0017270948527166
6551.0   0.0017185665229580
6551.9   0.0017278804253265
6552.8   0.0017235956108922
6553.7   0.0016984233585682
6554.6   0.0016791595475367
6555.5   0.0016872081722480
6556.4   0.0017211752288960
6557.3   0.0017707664377769
6558.2   0.0018250781984715
6559.1   0.0018487147592732
6560.0   0.0017764024320172
6560.9   0.0015653726208000
6561.8   0.0013178613360420
6562.7   0.0012518896293807
6563.6   0.0014104057796170
6564.5   0.0016098144024938
6565.4   0.0017212021686231
6566.3   0.0017639246365977
6567.2   0.0017722743000527
6568.1   0.0017570946533178
6569.0   0.0017482154717352
6569.9   0.0017556452451670
6570.8   0.0017408189917398
6571.7   0.0016900693745910
6572.6   0.0016509340837767
6573.5   0.0016611827438479
6574.4   0.0017059775376269
6575.3   0.0017506691471678
6576.2   0.0017701179782123
6577.1   0.0017560790764336
6578.0   0.0017225449615330
6578.9   0.0016898569065542
6579.8   0.0016725810440683
6580.7   0.0016917750913724
6581.6   0.0017474133794813
6582.5   0.0017986214802885
6583.4   0.0018149162029942
6584.3   0.0018079724883189
6585.2   0.0018080331027050
6586.1   0.0018338389469140
6587.0   0.0018734703353454
6587.9   0.0018974735051700
6588.8   0.0018926946263055
6589.7   0.0018615831807365
6590.6   0.0017995109995815
6591.5   0.0017139111602010
6592.4   0.0016415717661438
6593.3   0.0016256876201289
6594.2   0.0016705972889708
6595.1   0.0017290265073984
6596.0   0.0017540291156858
6596.9   0.0017362684651852
6597.8   0.0017057744730797
6598.7   0.0017073507012669
6599.6   0.0017478488627123
6600.5   0.0017923166946139
6601.4   0.0018160345828938
6602.3   0.0018181893798440
6603.2   0.0017978080784321
6604.1   0.0017583216816454
6605.0   0.0017248240370358
6605.9   0.0017137680746691
6606.8   0.0017043099431009
6607.7   0.0016816521076698
6608.6   0.0016723990738358
6609.5   0.0017082234467675
6610.4   0.0017695212378409
6611.3   0.0018007766584612
6612.2   0.0017838968862091
6613.1   0.0017564249723644
6614.0   0.0017589203281296
6614.9   0.0017833526274759
6615.8   0.0017964552466617
6616.7   0.0017838250892947
6617.6   0.0017545332189765
6618.5   0.0017354489637680
6619.4   0.0017386328074660
6620.3   0.0017444902920103
6621.2   0.0017305618176981
6622.1   0.0016922619125741
6623.0   0.0016365835960971
6623.9   0.0015798810616912
6624.8   0.0015518407450183
6625.7   0.0015685225356907
6626.6   0.0016066004422141
6627.5   0.0016323460532594
6628.4   0.0016386452476698
6629.3   0.0016452602214292
6630.2   0.0016655321119681
6631.1   0.0016828950202705
6632.0   0.0016781106772161
6632.9   0.0016512724823306
6633.8   0.0016155164753103
6634.7   0.0015899125519808
6635.6   0.0015861062989261
6636.5   0.0015999547165020
6637.4   0.0016191420288743
6638.3   0.0016345463427677
6639.2   0.0016484992153234
6640.1   0.0016665265945377
6641.0   0.0016782599893831
6641.9   0.0016635829210488
6642.8   0.0016348639011553
6643.7   0.0016319616538507
6644.6   0.0016548470791465
6645.5   0.0016695269431129
6646.4   0.0016640622448735
6647.3   0.0016460227936117
6648.2   0.0016126482838871
6649.1   0.0015465031209637
6650.0   0.0014504638831607
6650.9   0.0013686499649655
6651.8   0.0013457157431827
6652.7   0.0013743437779599
6653.6   0.0014094041808931
6654.5   0.0014236776616167
6655.4   0.0014196378462105
6656.3   0.0014141188872943
6657.2   0.0014200932800885
6658.1   0.0014331052953806
6659.0   0.0014416120225278
6659.9   0.0014422909798967
6660.8   0.0014397521647604
6661.7   0.0014370724243531
6662.6   0.0014386139612879
6663.5   0.0014533534230469
6664.4   0.0014743679351212
6665.3   0.0014850392439309
6666.2   0.0014917773525753
6667.1   0.0015095626554677
6668.0   0.0015371765111767
6668.9   0.0015624205604150
6669.8   0.0015804724649469
6670.7   0.0015940724524916
6671.6   0.0015991394085328
6672.5   0.0015957322954923
6673.4   0.0015914938631354
6674.3   0.0015863709944529
6675.2   0.0015705020973402
6676.1   0.0015318707827424
6677.0   0.0014813385895236
6677.9   0.0014443001498312
6678.8   0.0014095186747335
6679.7   0.0013471431674996
6680.6   0.0012761043777228
6681.5   0.0012481630518398
6682.4   0.0012736715424565
6683.3   0.0013133203400513
6684.2   0.0013337752174161
6685.1   0.0013340388963494
6686.0   0.0013290071398573
6686.9   0.0013315365515040
6687.8   0.0013448154225840
6688.7   0.0013588488601727
6689.6   0.0013638323284746
6690.5   0.0013658955049376
6691.4   0.0013714335249816
6692.3   0.0013759388131264
6693.2   0.0013762758138643
6694.1   0.0013710761923742
6695.0   0.0013646578023785
6695.9   0.0013675928348228
6696.8   0.0013816388527559
6697.7   0.0014031750043584
6698.6   0.0014285138509385
6699.5   0.0014500215379237
6700.4   0.0014629146117789
6701.3   0.0014704665035022
6702.2   0.0014750199527630
6703.1   0.0014744450691513
6704.0   0.0014706895186963
6704.9   0.0014720499749179
6705.8   0.0014860574893730
6706.7   0.0015070239674055
6707.6   0.0015168147791892
6708.5   0.0015107998497300
6709.4   0.0015006195555701
6710.3   0.0014930536856865
6711.2   0.0014799079883522
6712.1   0.0014417214334008
6713.0   0.0013692759323993
6713.9   0.0012876256857540
6714.8   0.0012331801159429
6715.7   0.0012055666414564
6716.6   0.0011809908753555
6717.5   0.0011636644373441
6718.4   0.0011694375446298
6719.3   0.0011888669333240
6720.2   0.0012067063698191
6721.1   0.0012179908115700
6722.0   0.0012258132442325
6722.9   0.0012360821090992
6723.8   0.0012477590830066
6724.7   0.0012565244061197
6725.6   0.0012645126705933
6726.5   0.0012771153799364
6727.4   0.0012922309812822
6728.3   0.0013039304473203
6729.2   0.0013126551066943
6730.1   0.0013203368682344
6731.0   0.0013283826973137
6731.9   0.0013357535083237
6732.8   0.0013379858205266
6733.7   0.0013368859934579
6734.6   0.0013387759678071
6735.5   0.0013461153914936
6736.4   0.0013538448058529
6737.3   0.0013536535592049
6738.2   0.0013477486759897
6739.1   0.0013493904744562
6740.0   0.0013622319561923
6740.9   0.0013709479745218
6741.8   0.0013676904277967
6742.7   0.0013716546340630
6743.6   0.0013936853583925
6744.5   0.0014073176227801
6745.4   0.0013802810650922
6746.3   0.0013179312268436
6747.2   0.0012606325874373
6748.1   0.0012425786497184
6749.0   0.0012620282432080
6749.9   0.0012876537691488
6750.8   0.0012893157724107
6751.7   0.0012717844908135
6752.6   0.0012680384709224
6753.5   0.0012901533183621
6754.4   0.0013206307908236
6755.3   0.0013492909753696
6756.2   0.0013759796039397
6757.1   0.0013932960030905
6758.0   0.0013993523587339
6758.9   0.0014042815663589
6759.8   0.0014112569225062
6760.7   0.0014162331475795
6761.6   0.0014219901164438
6762.5   0.0014365833158162
6763.4   0.0014529296306409
6764.3   0.0014535156967808
6765.2   0.0014397517835378
6766.1   0.0014381933457365
6767.0   0.0014675224487908
6767.9   0.0015030413353824
6768.8   0.0015106225812423
6769.7   0.0014998754091444
6770.6   0.0015033034894254
6771.5   0.0015318862857929
6772.4   0.0015666412023860
6773.3   0.0015888366148589
6774.2   0.0015997065406192
6775.1   0.0016055139579348
6776.0   0.0016071769777901
6776.9   0.0016056256561431
6777.8   0.0016035378272883
6778.7   0.0015921358419166
6779.6   0.0015473235119002
6780.5   0.0014602058984575
6781.4   0.0013621793474799
6782.3   0.0012958232414098
6783.2   0.0012693249699684
6784.1   0.0012664734252634
6785.0   0.0012815948720217
6785.9   0.0013117777865231
6786.8   0.0013420298293809
6787.7   0.0013595074856721
6788.6   0.0013613222321040
6789.5   0.0013581352115514
6790.4   0.0013646240006454
6791.3   0.0013778065494933
6792.2   0.0013867388480851
6793.1   0.0013969620933195
6794.0   0.0014173013331762
6794.9   0.0014375422176140
6795.8   0.0014512443728032
6796.7   0.0014639956318682
6797.6   0.0014740698190839
6798.5   0.0014869110466717
6799.4   0.0015075163798712
6800.3   0.0015280748226966
6801.2   0.0015398561245097
6802.1   0.0015359105981486
6803.0   0.0015246954118284
6803.9   0.0015248017729210
6804.8   0.0015320170451290
6805.7   0.0015316260378626
6806.6   0.0015334410384429
6807.5   0.0015496123721152
6808.4   0.0015654658932516
6809.3   0.0015706064252458
6810.2   0.0015735985139990
6811.1   0.0015717429767539
6812.0   0.0015572645253703
6812.9   0.0015300011402627
6813.8   0.0014894750224966
6814.7   0.0014568086972034
6815.6   0.0014628307428170
6816.5   0.0015013227841083
6817.4   0.0015359216536026
6818.3   0.0015447770723127
6819.2   0.0015396872429182
6820.1   0.0015438475246515
6821.0   0.0015622901823015
6821.9   0.0015791012074197
6822.8   0.0015844392126969
6823.7   0.0015923596195559
6824.6   0.0016130466614562
6825.5   0.0016298479018622
6826.4   0.0016218466758217
6827.3   0.0015982974149849
6828.2   0.0015868566719869
6829.1   0.0015973878179708
6830.0   0.0016149499785948
6830.9   0.0016169966354138
6831.8   0.0016109247767198
6832.7   0.0016299716721181
6833.6   0.0016705237130178
6834.5   0.0017005197013934
6835.4   0.0017117221802952
6836.3   0.0017145242931423
6837.2   0.0017137721410430
6838.1   0.0017034979390606
6839.0   0.0016839511338197
6839.9   0.0016691650358349
6840.8   0.0016743685966247
6841.7   0.0017044822556953
6842.6   0.0017443494938137
6843.5   0.0017722469791030
6844.4   0.0017797345712888
6845.3   0.0017766739895500
6846.2   0.0017733598948127
6847.1   0.0017555174085371
6848.0   0.0017061235458651
6848.9   0.0016424667496267
6849.8   0.0015994173197748
6850.7   0.0015872643259714
6851.6   0.0015912951191105
6852.5   0.0015985936249095
6853.4   0.0016026917673665
6854.3   0.0016033108727944
6855.2   0.0016079250635155
6856.1   0.0016191147079246
6857.0   0.0016347749492260
6857.9   0.0016479563544063
6858.8   0.0016427411027915
6859.7   0.0016173637527334
6860.6   0.0016004059569319
6861.5   0.0016245480188404
6862.4   0.0016830599625623
6863.3   0.0017318842787384
6864.2   0.0017436505857977
6865.1   0.0017230671093580
6866.0   0.0016812516969138
6866.9   0.0016435633998408
6867.8   0.0016465809034310
6868.7   0.0016821553214413
6869.6   0.0017027093166702
6870.5   0.0017043470487628
6871.4   0.0017129518771806
6872.3   0.0017236794798541
6873.2   0.0017295334063213
6874.1   0.0017436357181181
6875.0   0.0017707673272962
6875.9   0.0018001478953952
6876.8   0.0018270892745187
6877.7   0.0018511343788243
6878.6   0.0018610850499324
6879.5   0.0018527719838427
6880.4   0.0018315256884554
6881.3   0.0017962772157289
6882.2   0.0017607040684604
6883.1   0.0017556822237547
6884.0   0.0017828054460366
6884.9   0.0018131632146161
6885.8   0.0018371239416630
6886.7   0.0018592426013283
6887.6   0.0018716259806285
6888.5   0.0018761570648328
6889.4   0.0018809365790682
6890.3   0.0018810304868907
6891.2   0.0018795775206627
6892.1   0.0018890022317203
6893.0   0.0019094959937857
6893.9   0.0019238529622487
6894.8   0.0019182625876407
6895.7   0.0019087740853423
6896.6   0.0019174555394936
6897.5   0.0019307453389534
6898.4   0.0019217933438629
6899.3   0.0019036576974433
6900.2   0.0019154932599332
6901.1   0.0019603168995521
6902.0   0.0020011178787797
6902.9   0.0020124596309878
6903.8   0.0020111708446065
6904.7   0.0020273762341603
6905.6   0.0020578172363308
6906.5   0.0020799799907382
6907.4   0.0020907650309432
6908.3   0.0020971262375557
6909.2   0.0020925913411259
6910.1   0.0020695020888377
6911.0   0.0020378432076809
6911.9   0.0020127949797613
6912.8   0.0020077071835538
6913.7   0.0020276467750996
6914.6   0.0020535343280093
6915.5   0.0020618132111433
6916.4   0.0020411223570175
6917.3   0.0019958301948796
6918.2   0.0019577507634660
6919.1   0.0019598304595730
6920.0   0.0019938844349633
6920.9   0.0020155813354095
6921.8   0.0019940990632612
6922.7   0.0019468808377057
6923.6   0.0019129053941615
6924.5   0.0019105028025512
6925.4   0.0019359758394703
6926.3   0.0019770420225214
6927.2   0.0020155602410948
6928.1   0.0020359636534149
6929.0   0.0020405313349844
6929.9   0.0020391114080444
6930.8   0.0020319821650594
6931.7   0.0020202683396384
6932.6   0.0020167274174814
6933.5   0.0020310810820156
6934.4   0.0020511984503459
6935.3   0.0020606243050711
6936.2   0.0020626981557657
6937.1   0.0020719436922228
6938.0   0.0021008448094230
6938.9   0.0021445679866022
6939.8   0.0021759052429975
6940.7   0.0021768849849616
6941.6   0.0021580899505975
6942.5   0.0021338236101364
6943.4   0.0021076356538540
6944.3   0.0020972611903399
6945.2   0.0021299445435738
6946.1   0.0021940173806930
6947.0   0.0022453098587588
6947.9   0.0022576413917917
6948.8   0.0022358047097423
6949.7   0.0021930971094473
6950.6   0.0021408220937852
6951.5   0.0020923148276999
6952.4   0.0020649261474462
6953.3   0.0020772946590669
6954.2   0.0021299097252472
6955.1   0.0021899052600757
6956.0   0.0022232307191650
6956.9   0.0022284514349697
6957.8   0.0022315822887327
6958.7   0.0022545992358097
6959.6   0.0022851514278918
6960.5   0.0022996503382192
6961.4   0.0023007968015137
6962.3   0.0023030256827135
6963.2   0.0023042295835395
6964.1   0.0022950395785011
6965.0   0.0022910596150359
6965.9   0.0023163234878470
6966.8   0.0023535145436352
6967.7   0.0023601902588549
6968.6   0.0023311360172622
6969.5   0.0023021478542455
6970.4   0.0022972219505493
6971.3   0.0023116430914756
6972.2   0.0023285114270511
6973.1   0.0023304650655669
6974.0   0.0023172132612883
6974.9   0.0022938260200370
6975.8   0.0022470258685492
6976.7   0.0021764773309771
6977.6   0.0021325414316126
6978.5   0.0021655120995782
6979.4   0.0022528862757998
6980.3   0.0023336254005407
6981.2   0.0023775013208900
6982.1   0.0023925885846926
6983.0   0.0024081818578987
6983.9   0.0024390751170926
6984.8   0.0024668377766719
6985.7   0.0024638347595388
6986.6   0.0024161603376601
6987.5   0.0023410447538894
6988.4   0.0022781476071272
6989.3   0.0022588780777573
6990.2   0.0022898211500316
6991.1   0.0023421922337773
6992.0   0.0023745196522199
6992.9   0.0023708034947621
6993.8   0.0023473672028756
6994.7   0.0023304777729854
6995.6   0.0023321470194758
6996.5   0.0023461920208153
6997.4   0.0023528728190024
6998.3   0.0023466911682129
6999.2   0.0023520958874371
7000.1   0.0023797708658290
7001.0   0.0024075790179664
7001.9   0.0024074859996632
7002.8   0.0023795271375427
7003.7   0.0023586290254216
7004.6   0.0023673198830624
7005.5   0.0023890447398293
7006.4   0.0024070580138091
7007.3   0.0024295747968951
7008.2   0.0024507644171959
7009.1   0.0024502251143560
7010.0   0.0024494898631233
7010.9   0.0024764496680036
7011.8   0.0024987715192902
7012.7   0.0024675051702900
7013.6   0.0023831886531010
7014.5   0.0023039261303864
7015.4   0.0023007678285995
7016.3   0.0023770560529468
7017.2   0.0024629874288751
7018.1   0.0025100849339552
7019.0   0.0025317543863775
7019.9   0.0025373578496266
7020.8   0.0025072577874937
7021.7   0.0024473296019831
7022.6   0.0023985374355757
7023.5   0.0023936560078442
7024.4   0.0024237565782738
7025.3   0.0024504485107727
7026.2   0.0024584526595194
7027.1   0.0024680193124413
7028.0   0.0024942748721900
7028.9   0.0025228215794890
7029.8   0.0025330380897915
7030.7   0.0025201403141915
7031.6   0.0024966798782098
7032.5   0.0024908136255468
7033.4   0.0025123659155708
7034.3   0.0025357287585786
7035.2   0.0025250514772823
7036.1   0.0024609857563175
7037.0   0.0023878283857332
7037.9   0.0023919300862674
7038.8   0.0024871269492999
7039.7   0.0025948637470282
7040.6   0.0026502594505184
7041.5   0.0026554766082460
7042.4   0.0026272496195957
7043.3   0.0025790722380939
7044.2   0.0025493335749423
7045.1   0.0025685565951606
7046.0   0.0026205309533016
7046.9   0.0026654364286954
7047.8   0.0026783413204497
7048.7   0.0026570264050027
7049.6   0.0026037238674831
7050.5   0.0025026932827788
7051.4   0.0023156837964011
7052.3   0.0020217584115284
7053.2   0.0016953077537075
7054.1   0.0014973817053436
7055.0   0.0015072521926412
7055.9   0.0016270750160775
7056.8   0.0017027925502612
7057.7   0.0016739997002664
7058.6   0.0015915143220792
7059.5   0.0015346423977851
7060.4   0.0015306429919697
7061.3   0.0015550191245264
7062.2   0.0015788469319761
7063.1   0.0015914992002512
7064.0   0.0015973925197156
7064.9   0.0016058617599783
7065.8   0.0016174901915472
7066.7   0.0016253332102277
7067.6   0.0016404629168080
7068.5   0.0016841989284799
7069.4   0.0017460832939899
7070.3   0.0017969874333472
7071.2   0.0018245890899345
7072.1   0.0018285562189071
7073.0   0.0018172807994233
7073.9   0.0018098356500152
7074.8   0.0018169445611306
7075.7   0.0018343061986911
7076.6   0.0018547277826196
7077.5   0.0018798724598455
7078.4   0.0019114797488833
7079.3   0.0019374223249149
7080.2   0.0019428978244600
7081.1   0.0019175981167288
7082.0   0.0018612380472508
7082.9   0.0017998942553225
7083.8   0.0017645448856933
7084.7   0.0017161756221726
7085.6   0.0015701605219316
7086.5   0.0013574242314879
7087.4   0.0012183801668719
7088.3   0.0012164694794306
7089.2   0.0012945508475983
7090.1   0.0013662261519662
7091.0   0.0013810227971084
7091.9   0.0013456614825058
7092.8   0.0013040370625613
7093.7   0.0012864013259843
7094.6   0.0012898311853039
7095.5   0.0013033661108660
7096.4   0.0013270834908492
7097.3   0.0013583786856893
7098.2   0.0013813059183919
7099.1   0.0013857405532900
7100.0   0.0013774077907017
7100.9   0.0013682715380434
7101.8   0.0013673395759727
7102.7   0.0013840666050548
7103.6   0.0014189395735655
7104.5   0.0014576979623481
7105.4   0.0014906068722599
7106.3   0.0015187404613844
7107.2   0.0015407305219747
7108.1   0.0015476394183234
7109.0   0.0015325764256901
7109.9   0.0015088573937425
7110.8   0.0015042566728850
7111.7   0.0015274239487225
7112.6   0.0015500379435598
7113.5   0.0015529306603006
7114.4   0.0015608392492604
7115.3   0.0015951397485690
7116.2   0.0016343839419597
7117.1   0.0016539440899900
7118.0   0.0016640120505706
7118.9   0.0016788084415643
7119.8   0.0016898813047977
7120.7   0.0016876351415087
7121.6   0.0016693566637054
7122.5   0.0016139767174141
7123.4   0.0014837852758761
7124.3   0.0012917453037482
7125.2   0.0011330490893922
7126.1   0.0010811101849487
7127.0   0.0011103453801805
7127.9   0.0011545185270478
7128.8   0.0011714051613059
7129.7   0.0011554370192549
7130.6   0.0011286124213071
7131.5   0.0011164647646195
7132.4   0.0011269683355053
7133.3   0.0011463362202941
7134.2   0.0011575042620918
7135.1   0.0011611038925221
7136.0   0.0011638192137011
7136.9   0.0011651777638098
7137.8   0.0011702325207294
7138.7   0.0011879381481079
7139.6   0.0012150696302118
7140.5   0.0012417836736188
7141.4   0.0012618660965483
7142.3   0.0012753958120689
7143.2   0.0012840083920120
7144.1   0.0012916655011602
7145.0   0.0013049563172135
7145.9   0.0013195084716242
7146.8   0.0013244763098014
7147.7   0.0013209586422202
7148.6   0.0013175101029955
7149.5   0.0013230896762978
7150.4   0.0013442446053463
7151.3   0.0013796800041985
7152.2   0.0014172616860306
7153.1   0.0014412338497541
7154.0   0.0014552327231646
7154.9   0.0014737817419071
7155.8   0.0014822150201756
7156.7   0.0014527937883374
7157.6   0.0013913964981774
7158.5   0.0013434971549918
7159.4   0.0013409517319978
7160.3   0.0013701696451404
7161.2   0.0013996248057859
7162.1   0.0014069525386474
7163.0   0.0013945234126406
7163.9   0.0013870654287398
7164.8   0.0014020786082927
7165.7   0.0014285758631407
7166.6   0.0014431328463705
7167.5   0.0014411954733503
7168.4   0.0014442690166560
7169.3   0.0014696791518537
7170.2   0.0015057691098314
7171.1   0.0015296172491507
7172.0   0.0015335626484376
7172.9   0.0015308679132766
7173.8   0.0015369393907480
7174.7   0.0015484722625300
7175.6   0.0015571133070904
7176.5   0.0015679846306668
7177.4   0.0015849162491863
7178.3   0.0015979426238612
7179.2   0.0015994046123563
7180.1   0.0016001233439451
7181.0   0.0016194341724250
7181.9   0.0016567888997631
7182.8   0.0016896338913600
7183.7   0.0017009798370163
7184.6   0.0016860698417014
7185.5   0.0016457262024646
7186.4   0.0016014929495079
7187.3   0.0015885857704183
7188.2   0.0016208117836614
7189.1   0.0016713053463280
7190.0   0.0017026700507472
7190.9   0.0017101974171528
7191.8   0.0017152061732174
7192.7   0.0017243081158459
7193.6   0.0017239115173154
7194.5   0.0016969709006370
7195.4   0.0016339344805683
7196.3   0.0015606876497580
7197.2   0.0015314349182888
7198.1   0.0015505466215212
7199.0   0.0015714908615714
7199.9   0.0015722815171487
7200.8   0.0015743679481875
7201.7   0.0015941669956850
7202.6   0.0016194867811374
7203.5   0.0016330513149846
7204.4   0.0016193206951780
7205.3   0.0015793165981628
7206.2   0.0015435696134096
7207.1   0.0015335503222417
7208.0   0.0015489876754232
7208.9   0.0015886767555345
7209.8   0.0016376801192369
7210.7   0.0016673760854625
7211.6   0.0016703911746432
7212.5   0.0016649848034545
7213.4   0.0016650011960244
7214.3   0.0016699540394477
7215.2   0.0016857498689043
7216.1   0.0017211568031392
7217.0   0.0017593894860195
7217.9   0.0017746020449682
7218.8   0.0017721882708296
7219.7   0.0017747615230701
7220.6   0.0017807781044936
7221.5   0.0017781136129886
7222.4   0.0017805934657033
7223.3   0.0018065425225184
7224.2   0.0018438189721587
7225.1   0.0018740405172122
7226.0   0.0018860229774597
7226.9   0.0018734832969123
7227.8   0.0018556340757050
7228.7   0.0018515687183876
7229.6   0.0018518538728581
7230.5   0.0018490122399396
7231.4   0.0018505960925778
7232.3   0.0018653135705029
7233.2   0.0018883175560131
7234.1   0.0018987719491894
7235.0   0.0018972202463199
7235.9   0.0019075793338577
7236.8   0.0019346061068333
7237.7   0.0019592493493263
7238.6   0.0019644089424482
7239.5   0.0019638616339346
7240.4   0.0019798285052438
7241.3   0.0019934755102368
7242.2   0.0019784270040606
7243.1   0.0019576137774949
7244.0   0.0019749463150671
7244.9   0.0020339759590176
7245.8   0.0021073544386832
7246.7   0.0021697861127068
7247.6   0.0021968712127333
7248.5   0.0021752058266848
7249.4   0.0021154305114185
7250.3   0.0020501964703994
7251.2   0.0020131304556089
7252.1   0.0020134711414981
7253.0   0.0020472886318306
7253.9   0.0021018241701645
7254.8   0.0021493393680898
7255.7   0.0021717506796025
7256.6   0.0021722775291723
7257.5   0.0021598234966253
7258.4   0.0021337682057918
7259.3   0.0020995453488101
7260.2   0.0020899948343096
7261.1   0.0021263651179388
7262.0   0.0021788744583975
7262.9   0.0022030487971489
7263.8   0.0021921936119940
7264.7   0.0021852462121674
7265.6   0.0022173240569111
7266.5   0.0022659650050388
7267.4   0.0022756124771422
7268.3   0.0022296174676886
7269.2   0.0021663995856842
7270.1   0.0021331976427025
7271.0   0.0021464987517647
7271.9   0.0021933136438580
7272.8   0.0022559053042802
7273.7   0.0023165049497827
7274.6   0.0023474660665913
7275.5   0.0023367471049624
7276.4   0.0023110239860477
7277.3   0.0023010888179901
7278.2   0.0022985364059160
7279.1   0.0022783455887070
7280.0   0.0022486595342678
7280.9   0.0022391983529192
7281.8   0.0022542556272142
7282.7   0.0022818081060920
7283.6   0.0023233217173475
7284.5   0.0023726958835209
7285.4   0.0023953651556285
7286.3   0.0023761530637902
7287.2   0.0023445390398206
7288.1   0.0023095318809708
7289.0   0.0022520463154388
7289.9   0.0021968178415757
7290.8   0.0021963202190683
7291.7   0.0022542419032023
7292.6   0.0023299072098960
7293.5   0.0023968435366935
7294.4   0.0024475397826847
7295.3   0.0024684770336547
7296.2   0.0024492524885462
7297.1   0.0024015508727920
7298.0   0.0023621639750919
7298.9   0.0023674993118112
7299.8   0.0024070712295243
7300.7   0.0024338162790324
7301.6   0.0024310374207611
7302.5   0.0024229608397291
7303.4   0.0024209573881330
7304.3   0.0024208158274912
7305.2   0.0024296789977265
7306.1   0.0024535204021140
7307.0   0.0024839920291630
7307.9   0.0024971096431025
7308.8   0.0024782769947797
7309.7   0.0024555988274791
7310.6   0.0024639516677887
7311.5   0.0024960793256129
7312.4   0.0025177101474831
7313.3   0.0025064079153463
7314.2   0.0024731754745603
7315.1   0.0024456768751368
7316.0   0.0024393706916462
7316.9   0.0024613651998330
7317.8   0.0025082121146209
7318.7   0.0025531564747152
7319.6   0.0025687017138795
7320.5   0.0025488384939187
7321.4   0.0025032869733698
7322.3   0.0024554481174961
7323.2   0.0024257882403390
7324.1   0.0024240849379671
7325.0   0.0024666458946530
7325.9   0.0025451330106925
7326.8   0.0026076298737728
7327.7   0.0026185765523407
7328.6   0.0025913224436486
7329.5   0.0025572988389885
7330.4   0.0025400342861050
7331.3   0.0025477232908736
7332.2   0.0025691655346537
7333.1   0.0025906535251403
7334.0   0.0026177937753629
7334.9   0.0026493549364716
7335.8   0.0026667963766202
7336.7   0.0026757632393903
7337.6   0.0027032458274665
7338.5   0.0027496782262638
7339.4   0.0027808050478092
7340.3   0.0027618011034854
7341.2   0.0026821817564601
7342.1   0.0025758415040218
7343.0   0.0025209172457568
7343.9   0.0025598146536974
7344.8   0.0026443721035407
7345.7   0.0027114596486179
7346.6   0.0027401125899353
7347.5   0.0027298063652584
7348.4   0.0026908243259108
7349.3   0.0026513799906792
7350.2   0.0026353241674407
7351.1   0.0026326487475558
7352.0   0.0026092874294382
7352.9   0.0025419991071491
7353.8   0.0024491177899104
7354.7   0.0023914146733742
7355.6   0.0024256708237923
7356.5   0.0025475715642971
7357.4   0.0026742185256009
7358.3   0.0027129672567454
7359.2   0.0026541789266717
7360.1   0.0025673371912841
7361.0   0.0025236203678141
7361.9   0.0025471443408881
7362.8   0.0026161158878279
7363.7   0.0026889291415200
7364.6   0.0027505941769872
7365.5   0.0028178527639171
7366.4   0.0028803491187007
7367.3   0.0029131873753658
7368.2   0.0029308062110762
7369.1   0.0029540208855847
7370.0   0.0029719541028281
7370.9   0.0029724466423680
7371.8   0.0029658934266624
7372.7   0.0029647144323766
7373.6   0.0029675004068023
7374.5   0.0029729823871308
7375.4   0.0029866718349015
7376.3   0.0030079862420518
7377.2   0.0030205721776024
7378.1   0.0030026719996471
7379.0   0.0029522131282329
7379.9   0.0028963480127044
7380.8   0.0028662151654318
7381.7   0.0028566879055072
7382.6   0.0028316179479019
7383.5   0.0027876998389233
7384.4   0.0027605936445822
7385.3   0.0027564383187421
7386.2   0.0027432531013363
7387.1   0.0027082591582018
7388.0   0.0026828710068380
7388.9   0.0026981133011459
7389.8   0.0027420410677625
7390.7   0.0027818813661537
7391.6   0.0028062780847283
7392.5   0.0028308765971083
7393.4   0.0028605969615773
7394.3   0.0028779367423781
7395.2   0.0028709964587058
7396.1   0.0028350194696783
7397.0   0.0027713903756122
7397.9   0.0027110888461469
7398.8   0.0027053529715974
7399.7   0.0027677585954131
7400.6   0.0028597219287414
7401.5   0.0029377538650512
7402.4   0.0029778312838710
7403.3   0.0029809204573014
7404.2   0.0029698281517178
7405.1   0.0029571710546237
7406.0   0.0029361270613385
7406.9   0.0029093779454565
7407.8   0.0028915878137451
7408.7   0.0028910830750834
7409.6   0.0028226724335949
