3540.5   0.0000510916572898
3541.4   0.0000528036867078
3542.3   0.0000559437123780
3543.2   0.0000592663777651
3544.1   0.0000634701197217
3545.0   0.0000649596358900
3545.9   0.0000610150981977
3546.8   0.0000560712610908
3547.7   0.0000510740764135
3548.6   0.0000465186267529
3549.5   0.0000475811744879
3550.4   0.0000500890175463
3551.3   0.0000490711077276
3552.2   0.0000459070910562
3553.1   0.0000448523775010
3554.0   0.0000517034785490
3554.9   0.0000623907313183
3555.8   0.0000713918243711
3556.7   0.0000756233260017
3557.6   0.0000759683229885
3558.5   0.0000777973728836
3559.4   0.0000765430699783
3560.3   0.0000745351152222
3561.2   0.0000736970120407
3562.1   0.0000784091678410
3563.0   0.0000838436913766
3563.9   0.0000790233975938
3564.8   0.0000660277295480
3565.7   0.0000561234401097
3566.6   0.0000554889429393
3567.5   0.0000588287157704
3568.4   0.0000569275050013
3569.3   0.0000495717888413
3570.2   0.0000439952581162
3571.1   0.0000410659136421
3572.0   0.0000447454306143
3572.9   0.0000487730143695
3573.8   0.0000465111871002
3574.7   0.0000456938097391
3575.6   0.0000457592335943
3576.5   0.0000383142979627
3577.4   0.0000305559293860
3578.3   0.0000241906526906
3579.2   0.0000234767221978
3580.1   0.0000276172064405
3581.0   0.0000315860451197
3581.9   0.0000391125238541
3582.8   0.0000476332520570
3583.7   0.0000493300226721
3584.6   0.0000410247964099
3585.5   0.0000337398433711
3586.4   0.0000353753683602
3587.3   0.0000354856217592
3588.2   0.0000346058715521
3589.1   0.0000409932041876
3590.0   0.0000481221311761
3590.9   0.0000465058215325
3591.8   0.0000391877131928
3592.7   0.0000308784796631
3593.6   0.0000263024450846
3594.5   0.0000302948313919
3595.4   0.0000394846830882
3596.3   0.0000490518623230
3597.2   0.0000529037087056
3598.1   0.0000539624426792
3599.0   0.0000601427012231
3599.9   0.0000651487759097
3600.8   0.0000590081241231
3601.7   0.0000467146841467
3602.6   0.0000380430437154
3603.5   0.0000315193475058
3604.4   0.0000244514031252
3605.3   0.0000222620410793
3606.2   0.0000261389737455
3607.1   0.0000327596503373
3608.0   0.0000358829255166
3608.9   0.0000330142705732
3609.8   0.0000310013541699
3610.7   0.0000336585632864
3611.6   0.0000362198027613
3612.5   0.0000351801939556
3613.4   0.0000358010893366
3614.3   0.0000429325751148
3615.2   0.0000519852309729
3616.1   0.0000548703583595
3617.0   0.0000492465708100
3617.9   0.0000384405503725
3618.8   0.0000298120298678
3619.7   0.0000294642129520
3620.6   0.0000377748780512
3621.5   0.0000492473298049
3622.4   0.0000596701667956
3623.3   0.0000616629829856
3624.2   0.0000583059110833
3625.1   0.0000612717812464
3626.0   0.0000718502572751
3626.9   0.0000764963279177
3627.8   0.0000722403130072
3628.7   0.0000701080258729
3629.6   0.0000599147510150
3630.5   0.0000443638290330
3631.4   0.0000352146981632
3632.3   0.0000382729327421
3633.2   0.0000455545492093
3634.1   0.0000451747399080
3635.0   0.0000423234216099
3635.9   0.0000459825997740
3636.8   0.0000570256482988
3637.7   0.0000671479233194
3638.6   0.0000725912391719
3639.5   0.0000742782367887
3640.4   0.0000706421328203
3641.3   0.0000643317442295
3642.2   0.0000561899611258
3643.1   0.0000535238187900
3644.0   0.0000545760599758
3644.9   0.0000529832566288
3645.8   0.0000509049933970
3646.7   0.0000502958211051
3647.6   0.0000485290050323
3648.5   0.0000496176366406
3649.4   0.0000553341117424
3650.3   0.0000605360597101
3651.2   0.0000636285242064
3652.1   0.0000649800160296
3653.0   0.0000645250624784
3653.9   0.0000659097096024
3654.8   0.0000736047378025
3655.7   0.0000821085689759
3656.6   0.0000854053421172
3657.5   0.0000870392176075
3658.4   0.0000898403896404
3659.3   0.0000934264600655
3660.2   0.0000930523807997
3661.1   0.0000909934907242
3662.0   0.0000893724429987
3662.9   0.0000834688531160
3663.8   0.0000800353556902
3664.7   0.0000874739262856
3665.6   0.0000969788491536
3666.5   0.0000995985612931
3667.4   0.0000945599775786
3668.3   0.0000806677862904
3669.2   0.0000651930831748
3670.1   0.0000612939010624
3671.0   0.0000692619945767
3671.9   0.0000842693447198
3672.8   0.0000970195342848
3673.7   0.0000965491829069
3674.6   0.0000918078471353
3675.5   0.0000920131364618
3676.4   0.0000903249665361
3677.3   0.0000827572014865
3678.2   0.0000746980811909
3679.1   0.0000674484552303
3680.0   0.0000685531835418
3680.9   0.0000806124698422
3681.8   0.0000844632566379
3682.7   0.0000750134698629
3683.6   0.0000703108202855
3684.5   0.0000716493641071
3685.4   0.0000672691746292
3686.3   0.0000586380915775
3687.2   0.0000494633991130
3688.1   0.0000476033694519
3689.0   0.0000567771901996
3689.9   0.0000717774163116
3690.8   0.0000872452734437
3691.7   0.0000933596459721
3692.6   0.0000865791990806
3693.5   0.0000789797441163
3694.4   0.0000778265904289
3695.3   0.0000816682918305
3696.2   0.0000869735382491
3697.1   0.0000944835670847
3698.0   0.0001028575725607
3698.9   0.0001090976000722
3699.8   0.0001081571828787
3700.7   0.0001023986887687
3701.6   0.0000950063116534
3702.5   0.0000842905890615
3703.4   0.0000690422768328
3704.3   0.0000495815167509
3705.2   0.0000408812486863
3706.1   0.0000488845077106
3707.0   0.0000571675390089
3707.9   0.0000552247751491
3708.8   0.0000527125246601
3709.7   0.0000609948270227
3710.6   0.0000803898213260
3711.5   0.0000999717012088
3712.4   0.0001088556760922
3713.3   0.0001093506384425
3714.2   0.0001070911783354
3715.1   0.0001001933878304
3716.0   0.0000877710990806
3716.9   0.0000755289701636
3717.8   0.0000647184859345
3718.7   0.0000514479527796
3719.6   0.0000388260371057
3720.5   0.0000350484294395
3721.4   0.0000382480625091
3722.3   0.0000448410151222
3723.2   0.0000585699886959
3724.1   0.0000743208231644
3725.0   0.0000834472931527
3725.9   0.0000834402968732
3726.8   0.0000751022948076
3727.7   0.0000655403872056
3728.6   0.0000650697953540
3729.5   0.0000674517467131
3730.4   0.0000629455979027
3731.3   0.0000562028264647
3732.2   0.0000487704893965
3733.1   0.0000417078279208
3734.0   0.0000389704077000
3734.9   0.0000386352926761
3735.8   0.0000377726874868
3736.7   0.0000391443340056
3737.6   0.0000458489866169
3738.5   0.0000577463064170
3739.4   0.0000672171947525
3740.3   0.0000712763594578
3741.2   0.0000730091522703
3742.1   0.0000705155084279
3743.0   0.0000641521329771
3743.9   0.0000538124885880
3744.8   0.0000446899939293
3745.7   0.0000417321683604
3746.6   0.0000440876225321
3747.5   0.0000441403989776
3748.4   0.0000395039172207
3749.3   0.0000412951075497
3750.2   0.0000568261528838
3751.1   0.0000739695362893
3752.0   0.0000785043953959
3752.9   0.0000799904848150
3753.8   0.0000928947353099
3754.7   0.0001093685687571
3755.6   0.0001103995092402
3756.5   0.0000954913770112
3757.4   0.0000739576779338
3758.3   0.0000578913533434
3759.2   0.0000594490512988
3760.1   0.0000699961830936
3761.0   0.0000793012348065
3761.9   0.0000848147764719
3762.8   0.0000800976383587
3763.7   0.0000743500256801
3764.6   0.0000823069747449
3765.5   0.0000899848767141
3766.4   0.0000835440837861
3767.3   0.0000792927505965
3768.2   0.0000941352711003
3769.1   0.0001148404183080
3770.0   0.0001232981236345
3770.9   0.0001213477247372
3771.8   0.0001223394980789
3772.7   0.0001284252091573
3773.6   0.0001235360422257
3774.5   0.0001082326840817
3775.4   0.0001000169703684
3776.3   0.0001005845933271
3777.2   0.0001016091612591
3778.1   0.0001072191178179
3779.0   0.0001217544558121
3779.9   0.0001325866653302
3780.8   0.0001304316008349
3781.7   0.0001260982511100
3782.6   0.0001272873330598
3783.5   0.0001284473627899
3784.4   0.0001245667722944
3785.3   0.0001141467571114
3786.2   0.0000961232665457
3787.1   0.0000791739115377
3788.0   0.0000735923984997
3788.9   0.0000734195054792
3789.8   0.0000742389569252
3790.7   0.0000815071970472
3791.6   0.0000911197769505
3792.5   0.0000922577732849
3793.4   0.0000856862528834
3794.3   0.0000784648449996
3795.2   0.0000773997497472
3796.1   0.0000818087735154
3797.0   0.0000796261898198
3797.9   0.0000657465632785
3798.8   0.0000569453413808
3799.7   0.0000702401135254
3800.6   0.0000951974731544
3801.5   0.0001129429837262
3802.4   0.0001202549299292
3803.3   0.0001192088020339
3804.2   0.0001182989625646
3805.1   0.0001177769018428
3806.0   0.0001064850871118
3806.9   0.0000893965655090
3807.8   0.0000835354117061
3808.7   0.0000946851666440
3809.6   0.0001095492320815
3810.5   0.0001159420279772
3811.4   0.0001124262284537
3812.3   0.0001025304607995
3813.2   0.0000912958412169
3814.1   0.0000839951747298
3815.0   0.0000798876597966
3815.9   0.0000776334149612
3816.8   0.0000790362028142
3817.7   0.0000768873154851
3818.6   0.0000706213243371
3819.5   0.0000606038845442
3820.4   0.0000525292762442
3821.3   0.0000546428966135
3822.2   0.0000589571249279
3823.1   0.0000571564020742
3824.0   0.0000524518061635
3824.9   0.0000512917726760
3825.8   0.0000550832639365
3826.7   0.0000624329118948
3827.6   0.0000678324465182
3828.5   0.0000737666291547
3829.4   0.0000842685481509
3830.3   0.0000916822146967
3831.2   0.0000892129864419
3832.1   0.0000784738853049
3833.0   0.0000675307047244
3833.9   0.0000650373689888
3834.8   0.0000759775361342
3835.7   0.0000923581785375
3836.6   0.0001020382488662
3837.5   0.0001003751483158
3838.4   0.0000912269530386
3839.3   0.0000793790205089
3840.2   0.0000676327181443
3841.1   0.0000660736149212
3842.0   0.0000794509446667
3842.9   0.0000965460492350
3843.8   0.0001074472070498
3844.7   0.0001126853312682
3845.6   0.0001165870082946
3846.5   0.0001185602521861
3847.4   0.0001142440286921
3848.3   0.0001008991779154
3849.2   0.0000847539141007
3850.1   0.0000794903372522
3851.0   0.0000892168715939
3851.9   0.0001035051154251
3852.8   0.0001150872344233
3853.7   0.0001185393009217
3854.6   0.0001063141103655
3855.5   0.0000862064123606
3856.4   0.0000747840429965
3857.3   0.0000734980952653
3858.2   0.0000684505088194
3859.1   0.0000577651572947
3860.0   0.0000563719357830
3860.9   0.0000697674475889
3861.8   0.0000898003808413
3862.7   0.0001032901470353
3863.6   0.0001012152729787
3864.5   0.0000926606943559
3865.4   0.0000938236623731
3866.3   0.0001040829585128
3867.2   0.0001137156329933
3868.1   0.0001225283600509
3869.0   0.0001309656927527
3869.9   0.0001335204544694
3870.8   0.0001255481075779
3871.7   0.0001068540487983
3872.6   0.0000898640687775
3873.5   0.0000876385830845
3874.4   0.0000928079543910
3875.3   0.0000927071283096
3876.2   0.0000887792546879
3877.1   0.0000828631451472
3878.0   0.0000772100085434
3878.9   0.0000866745168131
3879.8   0.0001097489829998
3880.7   0.0001188340314065
3881.6   0.0001122681696499
3882.5   0.0001112081694324
3883.4   0.0001189768877684
3884.3   0.0001170160883869
3885.2   0.0000926549530481
3886.1   0.0000684340589206
3887.0   0.0000679931805911
3887.9   0.0000825474258240
3888.8   0.0000919633133329
3889.7   0.0000962603891147
3890.6   0.0001080642698825
3891.5   0.0001263948602950
3892.4   0.0001343479392374
3893.3   0.0001276869100444
3894.2   0.0001143602150263
3895.1   0.0001036799998678
3896.0   0.0001062471910650
3896.9   0.0001126661459820
3897.8   0.0001094262072787
3898.7   0.0001003390246687
3899.6   0.0000940955328340
3900.5   0.0000987216591955
3901.4   0.0001114499130572
3902.3   0.0001185870499655
3903.2   0.0001229777601644
3904.1   0.0001289453085161
3905.0   0.0001255109168290
3905.9   0.0001126290454108
3906.8   0.0001059720441509
3907.7   0.0001151738800757
3908.6   0.0001327188657047
3909.5   0.0001470114756352
3910.4   0.0001511425870427
3911.3   0.0001421519245333
3912.2   0.0001315742864049
3913.1   0.0001270004931157
3914.0   0.0001251193506220
3914.9   0.0001267417885857
3915.8   0.0001259775183214
3916.7   0.0001200303651389
3917.6   0.0001177977929888
3918.5   0.0001157331315464
3919.4   0.0001021084821939
3920.3   0.0000846559361288
3921.2   0.0000762471897290
3922.1   0.0000750312348518
3923.0   0.0000773889660081
3923.9   0.0000827046579998
3924.8   0.0000878542653804
3925.7   0.0000886613549792
3926.6   0.0000821352314889
3927.5   0.0000693695464048
3928.4   0.0000558684065598
3929.3   0.0000447474220365
3930.2   0.0000359104522317
3931.1   0.0000306598215061
3932.0   0.0000299946470405
3932.9   0.0000309360561876
3933.8   0.0000309583169061
3934.7   0.0000320935271281
3935.6   0.0000368140619312
3936.5   0.0000449296559543
3937.4   0.0000556419442823
3938.3   0.0000679426435562
3939.2   0.0000789462130754
3940.1   0.0000835302565528
3941.0   0.0000813133753067
3941.9   0.0000763908351450
3942.8   0.0000696178354210
3943.7   0.0000644031122921
3944.6   0.0000721268620605
3945.5   0.0000953022820803
3946.4   0.0001139612843145
3947.3   0.0001126799506709
3948.2   0.0001059157958674
3949.1   0.0001144821351534
3950.0   0.0001345012862612
3950.9   0.0001472861265724
3951.8   0.0001457371307563
3952.7   0.0001459563074345
3953.6   0.0001565900660948
3954.5   0.0001641225416402
3955.4   0.0001522584447741
3956.3   0.0001263251379738
3957.2   0.0001076704492352
3958.1   0.0001023509246952
3959.0   0.0001016473063877
3959.9   0.0000942842144508
3960.8   0.0000778389071873
3961.7   0.0000633099492589
3962.6   0.0000609176537766
3963.5   0.0000644441055301
3964.4   0.0000657632010473
3965.3   0.0000618377847655
3966.2   0.0000535389235395
3967.1   0.0000455831505409
3968.0   0.0000413988944626
3968.9   0.0000396920502571
3969.8   0.0000425466562805
3970.7   0.0000529496955287
3971.6   0.0000661769208869
3972.5   0.0000769079661575
3973.4   0.0000878504178024
3974.3   0.0001044301723659
3975.2   0.0001218554397044
3976.1   0.0001322069875379
3977.0   0.0001371040525251
3977.9   0.0001441114990023
3978.8   0.0001547339554023
3979.7   0.0001644933669972
3980.6   0.0001633879999277
3981.5   0.0001509748116015
3982.4   0.0001494103202663
3983.3   0.0001677144811247
3984.2   0.0001897560680097
3985.1   0.0002052765663209
3986.0   0.0002113347581991
3986.9   0.0002088260171220
3987.8   0.0002026224739681
3988.7   0.0001895553476821
3989.6   0.0001741560480771
3990.5   0.0001748864716788
3991.4   0.0001926878021905
3992.3   0.0002123708538355
3993.2   0.0002239450146596
3994.1   0.0002209056835620
3995.0   0.0002098109069062
3995.9   0.0002005002641816
3996.8   0.0001888948267568
3997.7   0.0001751965924755
3998.6   0.0001766114340689
3999.5   0.0002018583990886
4000.4   0.0002319070362150
4001.3   0.0002517406093187
4002.2   0.0002640312913633
4003.1   0.0002634729717279
4004.0   0.0002431599693669
4004.9   0.0002155318946459
4005.8   0.0002037936706921
4006.7   0.0002134812257623
4007.6   0.0002219585221744
4008.5   0.0002169721813545
4009.4   0.0002154831987371
4010.3   0.0002241435556950
4011.2   0.0002281444205762
4012.1   0.0002295896971126
4013.0   0.0002408914764694
4013.9   0.0002561555397204
4014.8   0.0002710721185854
4015.7   0.0002855994608316
4016.6   0.0002870157903556
4017.5   0.0002748099504113
4018.4   0.0002673904974690
4019.3   0.0002616287795094
4020.2   0.0002471721665677
4021.1   0.0002346722123523
4022.0   0.0002280681152896
4022.9   0.0002139332710857
4023.8   0.0001967940396075
4024.7   0.0002083830647076
4025.6   0.0002461385357859
4026.5   0.0002746206676104
4027.4   0.0002913725111107
4028.3   0.0002994626149298
4029.2   0.0002734758929258
4030.1   0.0002171281735882
4031.0   0.0001744798908999
4031.9   0.0001581446529227
4032.8   0.0001504714101300
4033.7   0.0001539664086850
4034.6   0.0001807874689552
4035.5   0.0002325770107596
4036.4   0.0002920076019504
4037.3   0.0003274387451617
4038.2   0.0003303517223998
4039.1   0.0003133969792797
4040.0   0.0002887628312302
4040.9   0.0002737129999186
4041.8   0.0002733520189505
4042.7   0.0002700406971550
4043.6   0.0002461641011380
4044.5   0.0002038716743237
4045.4   0.0001712410268131
4046.3   0.0001744262803115
4047.2   0.0002067561404078
4048.1   0.0002451934594160
4049.0   0.0002776842113961
4049.9   0.0003020487584544
4050.8   0.0003173804248528
4051.7   0.0003224326855047
4052.6   0.0003159665301243
4053.5   0.0002938927348033
4054.4   0.0002673583341218
4055.3   0.0002620283264348
4056.2   0.0002726155083602
4057.1   0.0002704264469063
4058.0   0.0002568316914312
4058.9   0.0002561716815123
4059.8   0.0002697833903779
4060.7   0.0002863353702379
4061.6   0.0002865499628877
4062.5   0.0002510772177395
4063.4   0.0002060761411190
4064.3   0.0002025615289341
4065.2   0.0002433074999350
4066.1   0.0002757953512020
4067.0   0.0002776531602394
4067.9   0.0002840638864496
4068.8   0.0003097588237707
4069.7   0.0003176600054993
4070.6   0.0002855323386315
4071.5   0.0002481427932601
4072.4   0.0002549402160864
4073.3   0.0002961638278219
4074.2   0.0003145575049866
4075.1   0.0002866526150657
4076.0   0.0002343693207939
4076.9   0.0001880834837807
4077.8   0.0001703052387369
4078.7   0.0001914771377330
4079.6   0.0002404274375240
4080.5   0.0002900154883942
4081.4   0.0003122095205269
4082.3   0.0003005900153951
4083.2   0.0002904537215138
4084.1   0.0003047412213798
4085.0   0.0003186582115104
4085.9   0.0003232555862443
4086.8   0.0003380731200356
4087.7   0.0003663376983789
4088.6   0.0003931254981411
4089.5   0.0003959915229043
4090.4   0.0003731270803685
4091.3   0.0003474726327938
4092.2   0.0003312049528751
4093.1   0.0003344545030086
4094.0   0.0003488230124265
4094.9   0.0003396473505526
4095.8   0.0003109222652203
4096.7   0.0002987172368746
4097.6   0.0003002861469126
4098.5   0.0002896114626475
4099.4   0.0002620857094532
4100.3   0.0002299318159308
4101.2   0.0002132358825480
4102.1   0.0002264974467882
4103.0   0.0002588495056059
4103.9   0.0002845306457528
4104.8   0.0003072649319399
4105.7   0.0003422434436734
4106.6   0.0003690099014015
4107.5   0.0003659621086382
4108.4   0.0003389907673829
4109.3   0.0003032807649459
4110.2   0.0002770550422194
4111.1   0.0002613877648202
4112.0   0.0002576557344205
4112.9   0.0002741051222209
4113.8   0.0002939743455393
4114.7   0.0002977685383707
4115.6   0.0002920199863420
4116.5   0.0002952204497970
4117.4   0.0003001442975340
4118.3   0.0002917098956045
4119.2   0.0002845237621953
4120.1   0.0002891721173374
4121.0   0.0002895337896671
4121.9   0.0002855648025706
4122.8   0.0002889997278086
4123.7   0.0003103839349550
4124.6   0.0003495020498208
4125.5   0.0003727657687492
4126.4   0.0003571409349446
4127.3   0.0003162190875473
4128.2   0.0002822477394674
4129.1   0.0002712812104010
4130.0   0.0002721425869204
4130.9   0.0002700410278063
4131.8   0.0002605900837519
4132.7   0.0002562557270437
4133.6   0.0002605098557393
4134.5   0.0002719607888610
4135.4   0.0002946313495379
4136.3   0.0003124194840594
4137.2   0.0003198843263981
4138.1   0.0003299999696070
4139.0   0.0003316442080076
4139.9   0.0003250971633121
4140.8   0.0003234635057510
4141.7   0.0003010557827446
4142.6   0.0002516622149174
4143.5   0.0002233210908139
4144.4   0.0002466618965682
4145.3   0.0003006245233601
4146.2   0.0003424970531685
4147.1   0.0003549880347119
4148.0   0.0003457463327691
4148.9   0.0003231415115691
4149.8   0.0003052635000308
4150.7   0.0003048972887614
4151.6   0.0003088534405783
4152.5   0.0003098191826502
4153.4   0.0003192732228025
4154.3   0.0003356092272893
4155.2   0.0003451338163909
4156.1   0.0003490941163777
4157.0   0.0003648931432634
4157.9   0.0003889553849178
4158.8   0.0003965651426739
4159.7   0.0003893827366059
4160.6   0.0003913379074017
4161.5   0.0004122356965262
4162.4   0.0004347210023353
4163.3   0.0004291182975593
4164.2   0.0003941540038288
4165.1   0.0003672082730143
4166.0   0.0003641682355254
4166.9   0.0003595306415780
4167.8   0.0003459473987776
4168.7   0.0003446847619582
4169.6   0.0003567085633695
4170.5   0.0003534169303520
4171.4   0.0003149145181399
4172.3   0.0002635137620663
4173.2   0.0002348778323300
4174.1   0.0002371588148264
4175.0   0.0002607300694600
4175.9   0.0002882236593071
4176.8   0.0003018853265680
4177.7   0.0003100465204020
4178.6   0.0003332259533254
4179.5   0.0003638552891636
4180.4   0.0003747556278652
4181.3   0.0003576926114960
4182.2   0.0003388319345545
4183.1   0.0003413722077355
4184.0   0.0003586364704682
4184.9   0.0003718303864722
4185.8   0.0003629101376457
4186.7   0.0003354789206446
4187.6   0.0003268055179926
4188.5   0.0003461242370685
4189.4   0.0003500196091769
4190.3   0.0003258920488746
4191.2   0.0003185738052685
4192.1   0.0003567875589548
4193.0   0.0004042572626461
4193.9   0.0004098856980998
4194.8   0.0003824963836277
4195.7   0.0003558485094551
4196.6   0.0003362377051043
4197.5   0.0003160945522696
4198.4   0.0002932830439901
4199.3   0.0002766085127598
4200.2   0.0002735584054379
4201.1   0.0002794249999565
4202.0   0.0002863675335850
4202.9   0.0002962356091986
4203.8   0.0003027099406822
4204.7   0.0003024690462298
4205.6   0.0003102249818898
4206.5   0.0003311457963638
4207.4   0.0003622321823827
4208.3   0.0003855733939362
4209.2   0.0003814954722883
4210.1   0.0003656689111728
4211.0   0.0003554428304523
4211.9   0.0003463759227746
4212.8   0.0003322946891592
4213.7   0.0003064613292086
4214.6   0.0002657321613022
4215.5   0.0002278144907648
4216.4   0.0002305338266176
4217.3   0.0002674792322360
4218.2   0.0002915923641210
4219.1   0.0002902225963024
4220.0   0.0002809486708941
4220.9   0.0002692599995364
4221.8   0.0002486769753554
4222.7   0.0002184006397669
4223.6   0.0001840971976129
4224.5   0.0001481841753194
4225.4   0.0001081522606843
4226.3   0.0000760713884806
4227.2   0.0000739218173046
4228.1   0.0001042910959487
4229.0   0.0001460298923633
4229.9   0.0001846699757249
4230.8   0.0002156477127548
4231.7   0.0002270809710652
4232.6   0.0002192852971389
4233.5   0.0002175326201637
4234.4   0.0002343468966285
4235.3   0.0002570703013841
4236.2   0.0002758288371540
4237.1   0.0002954904716170
4238.0   0.0003142114033240
4238.9   0.0003222286736943
4239.8   0.0003208431247942
4240.7   0.0003221608000141
4241.6   0.0003391715434293
4242.5   0.0003745273883373
4243.4   0.0004183604695389
4244.3   0.0004466008502238
4245.2   0.0004351318515211
4246.1   0.0003952602726744
4247.0   0.0003664245093570
4247.9   0.0003671029756264
4248.8   0.0003750741051203
4249.7   0.0003560325018363
4250.6   0.0003189448260104
4251.5   0.0003002968179297
4252.4   0.0002896543871893
4253.3   0.0002546891916827
4254.2   0.0002169117623566
4255.1   0.0002253262650938
4256.0   0.0002767667143448
4256.9   0.0003178730951889
4257.8   0.0003199555065907
4258.7   0.0003038360486018
4259.6   0.0002930978191817
4260.5   0.0002968420836770
4261.4   0.0003221179957091
4262.3   0.0003603382121241
4263.2   0.0003940186772972
4264.1   0.0004157495872902
4265.0   0.0004228413648613
4265.9   0.0004178887805264
4266.8   0.0004069065906152
4267.7   0.0003947296676242
4268.6   0.0003846479311962
4269.5   0.0003647454323402
4270.4   0.0003154041825557
4271.3   0.0002547945191298
4272.2   0.0002291251772200
4273.1   0.0002343696514451
4274.0   0.0002281635382293
4274.9   0.0002187657839345
4275.8   0.0002451546078962
4276.7   0.0003011332453106
4277.6   0.0003554192339780
4278.5   0.0003869569889882
4279.4   0.0003851568635611
4280.3   0.0003624183991449
4281.2   0.0003390727388293
4282.1   0.0003217233784930
4283.0   0.0003199831610574
4283.9   0.0003359955481655
4284.8   0.0003447049918018
4285.7   0.0003354965052783
4286.6   0.0003177068978559
4287.5   0.0002903748461653
4288.4   0.0002477105719811
4289.3   0.0001996777993004
4290.2   0.0001774948590136
4291.1   0.0002052919716624
4292.0   0.0002775309395203
4292.9   0.0003481523615498
4293.8   0.0003684305703833
4294.7   0.0003623787209970
4295.6   0.0003721167604986
4296.5   0.0003843058574668
4297.4   0.0003662578310767
4298.3   0.0003086396294678
4299.2   0.0002481998456272
4300.1   0.0002300886949110
4301.0   0.0002492921219139
4301.9   0.0002756354061831
4302.8   0.0003052387913660
4303.7   0.0003438076644758
4304.6   0.0003558526275659
4305.5   0.0003191864418836
4306.4   0.0002705303916301
4307.3   0.0002449211681262
4308.2   0.0002498095610333
4309.1   0.0002799367879457
4310.0   0.0003321988003018
4310.9   0.0003959594196755
4311.8   0.0004300567759341
4312.7   0.0004100061453260
4313.6   0.0003517663194004
4314.5   0.0003078589619083
4315.4   0.0003336567618218
4316.3   0.0003993477230897
4317.2   0.0004308159511635
4318.1   0.0004180890649955
4319.0   0.0004006648572440
4319.9   0.0003918275718175
4320.8   0.0003853089931872
4321.7   0.0003930407311888
4322.6   0.0004117631658560
4323.5   0.0004062274931025
4324.4   0.0003589944755752
4325.3   0.0002977334893401
4326.2   0.0002856696791297
4327.1   0.0003503403108131
4328.0   0.0004317759519277
4328.9   0.0004611700048213
4329.8   0.0004461484291604
4330.7   0.0004351630529737
4331.6   0.0004470791222017
4332.5   0.0004698473151697
4333.4   0.0004977957308165
4334.3   0.0005311036722876
4335.2   0.0005509317445572
4336.1   0.0005177104337089
4337.0   0.0004297227580711
4337.9   0.0003525360754692
4338.8   0.0003157400640893
4339.7   0.0002916164415426
4340.6   0.0002930039442909
4341.5   0.0003456842605151
4342.4   0.0004082309990966
4343.3   0.0004285309106747
4344.2   0.0004188300544071
4345.1   0.0004170141779577
4346.0   0.0004189293399544
4346.9   0.0004165803936002
4347.8   0.0004429342887680
4348.7   0.0004951517233262
4349.6   0.0005034933324962
4350.5   0.0004334141484285
4351.4   0.0003508921376606
4352.3   0.0003231552786841
4353.2   0.0003398704800160
4354.1   0.0003649753852426
4355.0   0.0003839673607825
4355.9   0.0004069553767016
4356.8   0.0004327915321581
4357.7   0.0004361529927040
4358.6   0.0004111091076593
4359.5   0.0003860107853981
4360.4   0.0003854740482705
4361.3   0.0004068820623056
4362.2   0.0004321566517329
4363.1   0.0004480880894074
4364.0   0.0004597700575629
4364.9   0.0004740571065409
4365.8   0.0004768963786134
4366.7   0.0004523573078228
4367.6   0.0004153051018564
4368.5   0.0004010857762627
4369.4   0.0004178985798265
4370.3   0.0004395086217646
4371.2   0.0004507356438836
4372.1   0.0004500751830767
4373.0   0.0004289735624971
4373.9   0.0003917423840364
4374.8   0.0003648074444758
4375.7   0.0003799750176854
4376.6   0.0004416914910226
4377.5   0.0005000807713053
4378.4   0.0005027744365988
4379.3   0.0004693672095804
4380.2   0.0004541091281108
4381.1   0.0004556222783274
4382.0   0.0004211770769724
4382.9   0.0003409805062620
4383.8   0.0002776527394106
4384.7   0.0002889030574119
4385.6   0.0003622372623880
4386.5   0.0004319527301001
4387.4   0.0004540955714102
4388.3   0.0004313152645835
4389.2   0.0003907918519212
4390.1   0.0003745026496132
4391.0   0.0004012815819106
4391.9   0.0004445293803718
4392.8   0.0004639240590535
4393.7   0.0004368746239889
4394.6   0.0003925244042600
4395.5   0.0003942674472607
4396.4   0.0004446590858325
4397.3   0.0004799769359079
4398.2   0.0004709978912804
4399.1   0.0004383287078717
4400.0   0.0004056606967719
4400.9   0.0004052655084309
4401.8   0.0004413090477837
4402.7   0.0004529702750891
4403.6   0.0003947853673272
4404.5   0.0003175256709214
4405.4   0.0002948317843030
4406.3   0.0003113381944114
4407.2   0.0003151730573444
4408.1   0.0003190105955464
4409.0   0.0003698092657852
4409.9   0.0004530364353948
4410.8   0.0005065361654910
4411.7   0.0005178755789698
4412.6   0.0005176875887147
4413.5   0.0004956373898680
4414.4   0.0004383084479690
4415.3   0.0003963562011543
4416.2   0.0004087094514297
4417.1   0.0004530147627095
4418.0   0.0005024652776966
4418.9   0.0005280746064077
4419.8   0.0005096777129083
4420.7   0.0004610069035861
4421.6   0.0004028397608132
4422.5   0.0003637004842685
4423.4   0.0003612519818341
4424.3   0.0003703928652102
4425.2   0.0003633689613193
4426.1   0.0003461795760611
4427.0   0.0003388415534995
4427.9   0.0003502858435374
4428.8   0.0003603235131738
4429.7   0.0003536055819096
4430.6   0.0003655315406153
4431.5   0.0004068927633819
4432.4   0.0004280181307318
4433.3   0.0003991710050356
4434.2   0.0003382855784820
4435.1   0.0002911923663075
4436.0   0.0002962519313457
4436.9   0.0003406800344695
4437.8   0.0003902755851107
4438.7   0.0004298132062127
4439.6   0.0004434707553628
4440.5   0.0004223853667528
4441.4   0.0003844943887876
4442.3   0.0003546850078871
4443.2   0.0003472994016072
4444.1   0.0003687829243601
4445.0   0.0004127200705223
4445.9   0.0004537095511261
4446.8   0.0004788471908248
4447.7   0.0004936393546489
4448.6   0.0004920278507202
4449.5   0.0004691295915812
4450.4   0.0004518640964211
4451.3   0.0004568677814010
4452.2   0.0004601299563997
4453.1   0.0004410809585518
4454.0   0.0004065848068478
4454.9   0.0003737080947020
4455.8   0.0003642258590174
4456.7   0.0003828134180410
4457.6   0.0004029635145517
4458.5   0.0003994290632928
4459.4   0.0003699399030812
4460.3   0.0003339901183824
4461.2   0.0003046883171826
4462.1   0.0002962932928090
4463.0   0.0003226877378416
4463.9   0.0003469601233837
4464.8   0.0003340022021820
4465.7   0.0003086499097152
4466.6   0.0003038123619498
4467.5   0.0003184892186715
4468.4   0.0003294204582336
4469.3   0.0003281968683189
4470.2   0.0003251671711958
4471.1   0.0003256587293414
4472.0   0.0003389430333686
4472.9   0.0003667152119086
4473.8   0.0003867468451004
4474.7   0.0003894344083758
4475.6   0.0003940796974791
4476.5   0.0004157281550785
4477.4   0.0004423845660647
4478.3   0.0004496679710546
4479.2   0.0004316616668381
4480.1   0.0004003179740421
4481.0   0.0003674297191624
4481.9   0.0003544818978528
4482.8   0.0003800291242507
4483.7   0.0004229593472329
4484.6   0.0004527040106695
4485.5   0.0004706319806031
4486.4   0.0004828876587058
4487.3   0.0004780489085724
4488.2   0.0004471019070775
4489.1   0.0004035276957316
4490.0   0.0003860475177441
4490.9   0.0004173841165683
4491.8   0.0004659639667423
4492.7   0.0004876227346484
4493.6   0.0004720881085117
4494.5   0.0004366062554251
4495.4   0.0003985394611819
4496.3   0.0003767342448392
4497.2   0.0003982832064769
4498.1   0.0004508692570407
4499.0   0.0004856367832288
4499.9   0.0004809727071236
4500.8   0.0004542048366129
4501.7   0.0004462613615858
4502.6   0.0004755586238459
4503.5   0.0005024041673370
4504.4   0.0004892763214611
4505.3   0.0004471386093643
4506.2   0.0004053168495496
4507.1   0.0003845550182000
4508.0   0.0003893791595608
4508.9   0.0004060555845209
4509.8   0.0004192321263056
4510.7   0.0004220925299978
4511.6   0.0004096255356984
4512.5   0.0003918587732702
4513.4   0.0003935180112131
4514.3   0.0004163482764351
4515.2   0.0004402353029956
4516.1   0.0004504159342012
4517.0   0.0004354722118759
4517.9   0.0004139956929173
4518.8   0.0004239546976197
4519.7   0.0004629907208023
4520.6   0.0004960096129780
4521.5   0.0004902382760734
4522.4   0.0004566984879701
4523.3   0.0004435264851251
4524.2   0.0004567810906598
4525.1   0.0004550210642094
4526.0   0.0004212435378701
4526.9   0.0003822077251019
4527.8   0.0003699749220526
4528.7   0.0003838668127487
4529.6   0.0004022207817063
4530.5   0.0004166418947294
4531.4   0.0004340267850435
4532.3   0.0004403959994945
4533.2   0.0004132721979618
4534.1   0.0003624794193268
4535.0   0.0003295351040336
4535.9   0.0003642526117080
4536.8   0.0004571580631238
4537.7   0.0005302377267694
4538.6   0.0005407852606060
4539.5   0.0005073736148848
4540.4   0.0004721091198946
4541.3   0.0004705907994951
4542.2   0.0004977611927923
4543.1   0.0005164667041282
4544.0   0.0005003288799663
4544.9   0.0004719226325996
4545.8   0.0004616566031984
4546.7   0.0004589724967314
4547.6   0.0004356019774550
4548.5   0.0004007578002994
4549.4   0.0003917292481647
4550.3   0.0004152463060555
4551.2   0.0004311743470401
4552.1   0.0004156182586326
4553.0   0.0003878303290703
4553.9   0.0003703320253835
4554.8   0.0003755411950747
4555.7   0.0004089706959625
4556.6   0.0004650861177798
4557.5   0.0005177802311781
4558.4   0.0005435965776199
4559.3   0.0005462999820951
4560.2   0.0005422019508404
4561.1   0.0005384022271157
4562.0   0.0005255517375052
4562.9   0.0005052231795068
4563.8   0.0005012807948049
4564.7   0.0005195198173704
4565.6   0.0005520706877564
4566.5   0.0005983506782546
4567.4   0.0006407375210253
4568.3   0.0006554738047912
4569.2   0.0006401051355140
4570.1   0.0005975208037799
4571.0   0.0005466325571164
4571.9   0.0005467551986644
4572.8   0.0006071556800971
4573.7   0.0006487715644309
4574.6   0.0006340283069300
4575.5   0.0006153994165023
4576.4   0.0006175927764222
4577.3   0.0006187412183295
4578.2   0.0006039790235308
4579.1   0.0005640148923983
4580.0   0.0005286742273878
4580.9   0.0005424600992752
4581.8   0.0005872036436746
4582.7   0.0005886591102807
4583.6   0.0005098954617743
4584.5   0.0004059924301355
4585.4   0.0003383699546646
4586.3   0.0003114442132201
4587.2   0.0003158308428822
4588.1   0.0003330908372082
4589.0   0.0003419131230923
4589.9   0.0003402783533406
4590.8   0.0003325000536336
4591.7   0.0003255209379551
4592.6   0.0003254324436617
4593.5   0.0003253635179094
4594.4   0.0003287803775663
4595.3   0.0003503172554044
4596.2   0.0003766346286407
4597.1   0.0003877125571132
4598.0   0.0003893523467518
4598.9   0.0003903273169990
4599.8   0.0003865491156635
4600.7   0.0003847786586698
4601.6   0.0003945022998132
4602.5   0.0004082225524606
4603.4   0.0004196474843718
4604.3   0.0004243550862028
4605.2   0.0004140538875342
4606.1   0.0003977532026107
4607.0   0.0004089440334495
4607.9   0.0004649215436437
4608.8   0.0005330688227387
4609.7   0.0005763391054837
4610.6   0.0005878836429634
4611.5   0.0005745419859770
4612.4   0.0005557477098148
4613.3   0.0005539899077455
4614.2   0.0005775828951828
4615.1   0.0006042566503291
4616.0   0.0006152675167198
4616.9   0.0006277096821176
4617.8   0.0006358229014637
4618.7   0.0006093833676267
4619.6   0.0005719725854284
4620.5   0.0005652435322591
4621.4   0.0005720300586244
4622.3   0.0005600146136716
4623.2   0.0005392394961543
4624.1   0.0005237777635848
4625.0   0.0004936218000743
4625.9   0.0004359104750547
4626.8   0.0003782447799052
4627.7   0.0003447631864187
4628.6   0.0003284614494232
4629.5   0.0003262596428673
4630.4   0.0003418053909090
4631.3   0.0003612187363557
4632.2   0.0003652204579242
4633.1   0.0003553811790271
4634.0   0.0003451471025586
4634.9   0.0003388870330735
4635.8   0.0003380627796698
4636.7   0.0003412606880926
4637.6   0.0003425738844913
4638.5   0.0003402758584268
4639.4   0.0003364338113443
4640.3   0.0003383423001979
4641.2   0.0003509879663995
4642.1   0.0003650351128789
4643.0   0.0003710611113507
4643.9   0.0003716056037527
4644.8   0.0003660084298699
4645.7   0.0003553857179667
4646.6   0.0003571866549922
4647.5   0.0003758485804839
4648.4   0.0003955948316031
4649.3   0.0004092323913832
4650.2   0.0004176197506601
4651.1   0.0004219129863787
4652.0   0.0004320112553683
4652.9   0.0004465762918550
4653.8   0.0004461399224059
4654.7   0.0004301743675360
4655.6   0.0004158838016313
4656.5   0.0004215309339093
4657.4   0.0004574708291303
4658.3   0.0005054435134643
4659.2   0.0005415294663523
4660.1   0.0005595651083509
4661.0   0.0005585465222002
4661.9   0.0005448902655958
4662.8   0.0005346819198051
4663.7   0.0005340927594275
4664.6   0.0005341072479633
4665.5   0.0005206024897418
4666.4   0.0004795718881484
4667.3   0.0004213708085353
4668.2   0.0003820067492710
4669.1   0.0003748876779436
4670.0   0.0003802918416843
4670.9   0.0003796329740152
4671.8   0.0003758738001552
4672.7   0.0003788662539259
4673.6   0.0003822383253705
4674.5   0.0003817099146420
4675.4   0.0003918241150092
4676.3   0.0004133803810332
4677.2   0.0004287976560416
4678.1   0.0004306492127648
4679.0   0.0004222627853232
4679.9   0.0004071262031519
4680.8   0.0003877500108800
4681.7   0.0003790848143904
4682.6   0.0003991375491428
4683.5   0.0004317292098671
4684.4   0.0004547571143485
4685.3   0.0004672050811724
4686.2   0.0004679015228452
4687.1   0.0004633000600597
4688.0   0.0004703394143809
4688.9   0.0004902032571020
4689.8   0.0005037772116087
4690.7   0.0005082486382823
4691.6   0.0005198237159121
4692.5   0.0005366040254776
4693.4   0.0005509797190450
4694.3   0.0005695239026388
4695.2   0.0005912873667487
4696.1   0.0006013077824027
4697.0   0.0005930453491732
4697.9   0.0005708563068682
4698.8   0.0005553077633206
4699.7   0.0005682930985154
4700.6   0.0005940801672935
4701.5   0.0006124852368961
4702.4   0.0006235972224455
4703.3   0.0006287595298393
4704.2   0.0006305749253415
4705.1   0.0006247772265159
4706.0   0.0005986933531681
4706.9   0.0005622582926971
4707.8   0.0005448240151126
4708.7   0.0005500365814937
4709.6   0.0005686913829543
4710.5   0.0006005755402191
4711.4   0.0006211376582244
4712.3   0.0006094971717690
4713.2   0.0005728847620007
4714.1   0.0005278392428487
4715.0   0.0004953838104321
4715.9   0.0004925445383595
4716.8   0.0005099560010091
4717.7   0.0005302575057249
4718.6   0.0005478618582797
4719.5   0.0005691221313324
4720.4   0.0005897141883038
4721.3   0.0005874922721412
4722.2   0.0005659059168550
4723.1   0.0005600168380526
4724.0   0.0005838991753774
4724.9   0.0006164825097025
4725.8   0.0006277006042383
4726.7   0.0006042220822457
4727.6   0.0005689412350491
4728.5   0.0005594035100759
4729.4   0.0005849020706242
4730.3   0.0006124600472840
4731.2   0.0006183264614474
4732.1   0.0006176307111363
4733.0   0.0006185832271589
4733.9   0.0006308436546157
4734.8   0.0006676155585148
4735.7   0.0006818679492317
4736.6   0.0006335317288975
4737.5   0.0005756964397250
4738.4   0.0005705433304472
4739.3   0.0006036989318778
4740.2   0.0006280052242009
4741.1   0.0006265044884351
4742.0   0.0006265833637836
4742.9   0.0006488993761618
4743.8   0.0006719969879347
4744.7   0.0006832424964636
4745.6   0.0007023820326307
4746.5   0.0007310998135767
4747.4   0.0007503618109366
4748.3   0.0007634254804142
4749.2   0.0007836158863160
4750.1   0.0008052534624840
4751.0   0.0008146467229279
4751.9   0.0008092234415342
4752.8   0.0007981840790190
4753.7   0.0008032918590188
4754.6   0.0008407203160284
4755.5   0.0008757207709800
4756.4   0.0008547035566422
4757.3   0.0007709784563360
4758.2   0.0006604178823717
4759.1   0.0005687114625019
4760.0   0.0004908032688518
4760.9   0.0003996442270675
4761.8   0.0003190892604805
4762.7   0.0002811823511378
4763.6   0.0002714510148384
4764.5   0.0002634806668839
4765.4   0.0002569256865588
4766.3   0.0002592979588545
4767.2   0.0002696378437173
4768.1   0.0002833013746487
4769.0   0.0002939377634893
4769.9   0.0002986152159398
4770.8   0.0002994098910878
4771.7   0.0003003979972067
4772.6   0.0003126899868266
4773.5   0.0003431579648635
4774.4   0.0003868926021755
4775.3   0.0004309153569476
4776.2   0.0004575645837843
4777.1   0.0004540683377724
4778.0   0.0004196696079451
4778.9   0.0003802699886438
4779.8   0.0003645480335545
4780.7   0.0003698697749607
4781.6   0.0003778250331954
4782.5   0.0003781533097506
4783.4   0.0003781053352627
4784.3   0.0003917552193161
4785.2   0.0004115241050151
4786.1   0.0004228725963732
4787.0   0.0004318170729173
4787.9   0.0004395453541106
4788.8   0.0004384802363137
4789.7   0.0004420201583475
4790.6   0.0004602682287332
4791.5   0.0004828423594870
4792.4   0.0005041459177919
4793.3   0.0005285437103287
4794.2   0.0005489748904460
4795.1   0.0005519281470161
4796.0   0.0005433494909717
4796.9   0.0005358764725298
4797.8   0.0005281936408513
4798.7   0.0005237243183219
4799.6   0.0005399349458734
4800.5   0.0005770867980976
4801.4   0.0006060676571876
4802.3   0.0005958011768984
4803.2   0.0005371194205712
4804.1   0.0004488492485442
4805.0   0.0003742388801075
4805.9   0.0003385870121690
4806.8   0.0003250710418648
4807.7   0.0003166455675186
4808.6   0.0003157792312308
4809.5   0.0003226761951077
4810.4   0.0003290084667982
4811.3   0.0003340097470419
4812.2   0.0003427524060975
4813.1   0.0003559354106108
4814.0   0.0003731639930697
4814.9   0.0003902641926728
4815.8   0.0004038928549289
4816.7   0.0004226561099936
4817.6   0.0004499558781003
4818.5   0.0004698289489967
4819.4   0.0004687653041008
4820.3   0.0004552672791407
4821.2   0.0004464414162114
4822.1   0.0004433414707310
4823.0   0.0004397129642262
4823.9   0.0004437677703470
4824.8   0.0004597004103897
4825.7   0.0004708317841250
4826.6   0.0004669509005523
4827.5   0.0004609530976129
4828.4   0.0004660464792544
4829.3   0.0004767758412096
4830.2   0.0004740140617623
4831.1   0.0004512416605059
4832.0   0.0004388539323246
4832.9   0.0004679403593354
4833.8   0.0005161806607531
4834.7   0.0005424980941078
4835.6   0.0005476468147419
4836.5   0.0005617535385614
4837.4   0.0005892171894425
4838.3   0.0006033637717651
4839.2   0.0005929527067097
4840.1   0.0005755466847759
4841.0   0.0005661879924154
4841.9   0.0005560087439331
4842.8   0.0005380353244846
4843.7   0.0005305044120178
4844.6   0.0005485229803891
4845.5   0.0005749158623431
4846.4   0.0005752166948461
4847.3   0.0005340931802564
4848.2   0.0004792114181867
4849.1   0.0004478352614515
4850.0   0.0004359374381598
4850.9   0.0004266117808632
4851.8   0.0004308475433858
4852.7   0.0004532517795246
4853.6   0.0004696189554050
4854.5   0.0004680046860297
4855.4   0.0004682876934253
4856.3   0.0004801598461578
4857.2   0.0004890407174285
4858.1   0.0004857899048085
4859.0   0.0004710247341487
4859.9   0.0004410721812645
4860.8   0.0004098575025675
4861.7   0.0004164892240377
4862.6   0.0004576799209460
4863.5   0.0004872475356773
4864.4   0.0004970110052646
4865.3   0.0005089207620599
4866.2   0.0005270088874268
4867.1   0.0005410744301383
4868.0   0.0005491548248348
4868.9   0.0005552234171972
4869.8   0.0005544034021411
4870.7   0.0005463959911893
4871.6   0.0005504534425200
4872.5   0.0005748122182114
4873.4   0.0005971899721924
4874.3   0.0005950926213668
4875.2   0.0005869736907721
4876.1   0.0006021752308810
4877.0   0.0006220859058403
4877.9   0.0006277688386290
4878.8   0.0006319440017984
4879.7   0.0006249197672563
4880.6   0.0005975924048013
4881.5   0.0005872082126734
4882.4   0.0006192475956622
4883.3   0.0006598754941139
4884.2   0.0006724534669905
4885.1   0.0006630236545558
4886.0   0.0006603295083151
4886.9   0.0006778989320760
4887.8   0.0006966310458066
4888.7   0.0007001903560263
4889.6   0.0006898001520578
4890.5   0.0006752817373948
4891.4   0.0006773229977478
4892.3   0.0006941902385282
4893.2   0.0007065377775551
4894.1   0.0007182103672392
4895.0   0.0007306984630991
4895.9   0.0007389953441751
4896.8   0.0007513368112430
4897.7   0.0007655535517453
4898.6   0.0007602375817060
4899.5   0.0007400796998618
4900.4   0.0007429427788231
4901.3   0.0007667902474725
4902.2   0.0007710338855062
4903.1   0.0007588720522351
4904.0   0.0007716444480363
4904.9   0.0008203726403768
4905.8   0.0008698741958905
4906.7   0.0008848563038179
4907.6   0.0008658165040861
4908.5   0.0008371897424067
4909.4   0.0008286109661255
4910.3   0.0008513453424902
4911.2   0.0008891554912587
4912.1   0.0009140283995571
4913.0   0.0009184036968996
4913.9   0.0009287965460780
4914.8   0.0009523141450344
4915.7   0.0009624519118166
4916.6   0.0009577266051151
4917.5   0.0009401346970703
4918.4   0.0008974910885881
4919.3   0.0008449343156880
4920.2   0.0008272913069982
4921.1   0.0008708717405991
4922.0   0.0009391365511776
4922.9   0.0009745676943889
4923.8   0.0009563844617040
4924.7   0.0009324775960696
4925.6   0.0009689404913624
4926.5   0.0010542196524605
4927.4   0.0011193994269232
4928.3   0.0011560880067117
4929.2   0.0011862437598077
4930.1   0.0011973303152715
4931.0   0.0011894396542639
4931.9   0.0011507177497520
4932.8   0.0010620224203586
4933.7   0.0010019141143785
4934.6   0.0010566602192653
4935.5   0.0011532019625194
4936.4   0.0011736560477494
4937.3   0.0011063811468420
4938.2   0.0010313389478959
4939.1   0.0010274890854206
4940.0   0.0010881985754595
4940.9   0.0011413883350551
4941.8   0.0011553295529032
4942.7   0.0011849765840487
4943.6   0.0012584968254318
4944.5   0.0013238317053817
4945.4   0.0013480968165967
4946.3   0.0013522845445129
4947.2   0.0013539839716101
4948.1   0.0013644206471064
4949.0   0.0014002401552196
4949.9   0.0014588402106332
4950.8   0.0015019012212074
4951.7   0.0014649618274296
4952.6   0.0012867993685484
4953.5   0.0009673258312175
4954.4   0.0006230670382241
4955.3   0.0003918519798903
4956.2   0.0002950645627706
4957.1   0.0002707258065084
4958.0   0.0002744511637651
4958.9   0.0002883374333903
4959.8   0.0003019882793381
4960.7   0.0003092662736714
4961.6   0.0003090761792720
4962.5   0.0003037557905299
4963.4   0.0003008223129154
4964.3   0.0003045167091930
4965.2   0.0003125257734010
4966.1   0.0003218963391467
4967.0   0.0003337640431171
4967.9   0.0003578216556542
4968.8   0.0003934990739152
4969.7   0.0004196533158571
4970.6   0.0004172577476791
4971.5   0.0003978169581802
4972.4   0.0003889826486148
4973.3   0.0003979501805676
4974.2   0.0004124320432398
4975.1   0.0004245162636489
4976.0   0.0004332601851910
4976.9   0.0004370316532650
4977.8   0.0004329504852232
4978.7   0.0004226863495518
4979.6   0.0004095815290253
4980.5   0.0003893032901326
4981.4   0.0003726188694244
4982.3   0.0003830887903991
4983.2   0.0004203356297046
4984.1   0.0004588298357543
4985.0   0.0004847765188999
4985.9   0.0005024053697051
4986.8   0.0005191660205519
4987.7   0.0005337374596488
4988.6   0.0005367656838710
4989.5   0.0005222093946124
4990.4   0.0005049024478114
4991.3   0.0005121839290123
4992.2   0.0005379353475757
4993.1   0.0005480946968656
4994.0   0.0005486755609032
4994.9   0.0005613241729067
4995.8   0.0005711389234942
4996.7   0.0005666026891791
4997.6   0.0005420443203802
4998.5   0.0004815428400257
4999.4   0.0004131160103434
5000.3   0.0003892199359628
5001.2   0.0004001609147067
5002.1   0.0004047924667543
5003.0   0.0003965657739172
5003.9   0.0003907768223197
5004.8   0.0003908146067378
5005.7   0.0003888068924553
5006.6   0.0003865334848780
5007.5   0.0003982810121551
5008.4   0.0004194114595103
5009.3   0.0004324025360129
5010.2   0.0004342123705625
5011.1   0.0004219039986770
5012.0   0.0004009054811635
5012.9   0.0003886065178085
5013.8   0.0003870273275230
5014.7   0.0003997707763118
5015.6   0.0004238461538379
5016.5   0.0004420427628681
5017.4   0.0004497859534261
5018.3   0.0004515258702696
5019.2   0.0004560361334334
5020.1   0.0004673856468044
5021.0   0.0004764433864252
5021.9   0.0004723146046059
5022.8   0.0004675567137283
5023.7   0.0004763341813409
5024.6   0.0004926691638149
5025.5   0.0005188592363267
5026.4   0.0005517179730691
5027.3   0.0005794267868093
5028.2   0.0005979600889717
5029.1   0.0006062148270452
5030.0   0.0006076627788506
5030.9   0.0006149550212461
5031.8   0.0006321943949588
5032.7   0.0006499508470805
5033.6   0.0006612235892472
5034.5   0.0006534063328132
5035.4   0.0006247234205427
5036.3   0.0006073697617404
5037.2   0.0006138094650222
5038.1   0.0006175971049474
5039.0   0.0006052992237237
5039.9   0.0005871181553014
5040.8   0.0005918573493547
5041.7   0.0006481275159488
5042.6   0.0007346322508689
5043.5   0.0007988603509667
5044.4   0.0008325589418392
5045.3   0.0008544451076154
5046.2   0.0008640741524472
5047.1   0.0008464695594187
5048.0   0.0008035133953444
5048.9   0.0007548874644122
5049.8   0.0007092118442483
5050.7   0.0006748580228702
5051.6   0.0006695974820012
5052.5   0.0006988078130464
5053.4   0.0007462413555165
5054.3   0.0007952781356344
5055.2   0.0008443657158052
5056.1   0.0008776050621752
5057.0   0.0008811331709423
5057.9   0.0008774665493681
5058.8   0.0008779388395646
5059.7   0.0008824328707588
5060.6   0.0008984696358805
5061.5   0.0009189922560931
5062.4   0.0009320567071101
5063.3   0.0009008836303499
5064.2   0.0008249884714613
5065.1   0.0007868786324395
5066.0   0.0008167485225156
5066.9   0.0008622860507013
5067.8   0.0008911780547874
5068.7   0.0009227083551153
5069.6   0.0009745579552072
5070.5   0.0010024631156609
5071.4   0.0009735353411233
5072.3   0.0009465236604176
5073.2   0.0009736008701857
5074.1   0.0010198356516427
5075.0   0.0010339658817589
5075.9   0.0010235300479203
5076.8   0.0010304090363939
5077.7   0.0010311361083945
5078.6   0.0009655576887824
5079.5   0.0008837168796714
5080.4   0.0008729015183366
5081.3   0.0009070613977373
5082.2   0.0009289349987667
5083.1   0.0009375117911405
5084.0   0.0009675371474142
5084.9   0.0010314044769583
5085.8   0.0010801344127326
5086.7   0.0010812419140056
5087.6   0.0010750570526463
5088.5   0.0010879841932242
5089.4   0.0010954691752289
5090.3   0.0010940895780509
5091.2   0.0011052239877658
5092.1   0.0011359178005943
5093.0   0.0011780716244239
5093.9   0.0011979834416329
5094.8   0.0011741630863845
5095.7   0.0011414138252592
5096.6   0.0011227479018935
5097.5   0.0011014970073121
5098.4   0.0010777544452809
5099.3   0.0010809319435049
5100.2   0.0011198718373565
5101.1   0.0011587771030064
5102.0   0.0011712514317513
5102.9   0.0011695505618123
5103.8   0.0011694226298446
5104.7   0.0011726122719866
5105.6   0.0011607986445223
5106.5   0.0011199604518868
5107.4   0.0010899753148267
5108.3   0.0010952537108623
5109.2   0.0010828316851305
5110.1   0.0010529672658293
5111.0   0.0010771589123524
5111.9   0.0011374923016441
5112.8   0.0011775358491907
5113.7   0.0012286475559689
5114.6   0.0013083211566666
5115.5   0.0013695764015940
5116.4   0.0014029815545274
5117.3   0.0014272650619746
5118.2   0.0014339706689656
5119.1   0.0014201089276500
5120.0   0.0013951306919045
5120.9   0.0013634089745723
5121.8   0.0013132297042693
5122.7   0.0012364386608963
5123.6   0.0011959956866611
5124.5   0.0012464285364001
5125.4   0.0012986880237832
5126.3   0.0012615181360373
5127.2   0.0012053419345116
5128.1   0.0012282401936507
5129.0   0.0012953626342808
5129.9   0.0013537063448118
5130.8   0.0014115009338235
5131.7   0.0014553656072474
5132.6   0.0014623372983028
5133.5   0.0014568677257365
5134.4   0.0014779774623009
5135.3   0.0015065878116556
5136.2   0.0014815613609486
5137.1   0.0014043855597781
5138.0   0.0013287893096035
5138.9   0.0013027295437364
5139.8   0.0013462315829361
5140.7   0.0013911194716279
5141.6   0.0013530201533272
5142.5   0.0012831204828194
5143.4   0.0012817794816580
5144.3   0.0013152669968075
5145.2   0.0013068617222456
5146.1   0.0012718576601897
5147.0   0.0012607762749088
5147.9   0.0013081145898240
5148.8   0.0013752535028973
5149.7   0.0013669121943193
5150.6   0.0012687688967327
5151.5   0.0011791459403368
5152.4   0.0011903752168961
5153.3   0.0012872322210706
5154.2   0.0014044798254385
5155.1   0.0015153120744790
5156.0   0.0016150494717157
5156.9   0.0016922841889239
5157.8   0.0017242648963486
5158.7   0.0017067598594003
5159.6   0.0016966974810990
5160.5   0.0017309343120592
5161.4   0.0017579092003005
5162.3   0.0017524112518467
5163.2   0.0017431038404864
5164.1   0.0016697574615331
5165.0   0.0014117487418925
5165.9   0.0009935465941756
5166.8   0.0006032906076651
5167.7   0.0003814973058997
5168.6   0.0003113895956484
5169.5   0.0003143930510874
5170.4   0.0003356829625142
5171.3   0.0003443649921574
5172.2   0.0003364795313920
5173.1   0.0003326672729796
5174.0   0.0003491906965968
5174.9   0.0003771510457471
5175.8   0.0004019315219965
5176.7   0.0004172086008823
5177.6   0.0004251867642296
5178.5   0.0004320787082196
5179.4   0.0004406530056796
5180.3   0.0004512916189012
5181.2   0.0004586862128827
5182.1   0.0004531575138642
5183.0   0.0004430003588961
5183.9   0.0004547387481755
5184.8   0.0004906227633382
5185.7   0.0005243380671275
5186.6   0.0005425690939451
5187.5   0.0005538361248632
5188.4   0.0005680213032025
5189.3   0.0005837802010522
5190.2   0.0005849926089434
5191.1   0.0005628651880044
5192.0   0.0005397197219804
5192.9   0.0005426301742455
5193.8   0.0005682325592807
5194.7   0.0006025601690338
5195.6   0.0006463077318030
5196.5   0.0006899518909142
5197.4   0.0007115369235954
5198.3   0.0007120336819831
5199.2   0.0007098396607608
5200.1   0.0007053911391999
5201.0   0.0006928185168614
5201.9   0.0006733613150376
5202.8   0.0006413385848472
5203.7   0.0005873362648779
5204.6   0.0005275432799366
5205.5   0.0005025201357419
5206.4   0.0005230338584305
5207.3   0.0005511356060715
5208.2   0.0005593841519492
5209.1   0.0005603872275512
5210.0   0.0005771452933065
5210.9   0.0006283094233346
5211.8   0.0006978594451938
5212.7   0.0007467009607294
5213.6   0.0007618824212907
5214.5   0.0007558369745146
5215.4   0.0007447790955305
5216.3   0.0007468384515236
5217.2   0.0007662310260611
5218.1   0.0007751060658464
5219.0   0.0007653470450211
5219.9   0.0007775126657519
5220.8   0.0008215843268472
5221.7   0.0008530992969815
5222.6   0.0008403139757231
5223.5   0.0007892057558124
5224.4   0.0007267328726925
5225.3   0.0006875259930004
5226.2   0.0006931070250912
5227.1   0.0007521722166110
5228.0   0.0008568138930436
5228.9   0.0009572750557686
5229.8   0.0010173709172387
5230.7   0.0010464812112566
5231.6   0.0010435070334813
5232.5   0.0010111721084092
5233.4   0.0009855578800480
5234.3   0.0009914127514775
5235.2   0.0010229656563260
5236.1   0.0010557476218641
5237.0   0.0010607028213497
5237.9   0.0010312522571546
5238.8   0.0009718575566522
5239.7   0.0008886406973492
5240.6   0.0008190657864700
5241.5   0.0008051406202362
5242.4   0.0008354330224687
5243.3   0.0008729331406181
5244.2   0.0008898905590073
5245.1   0.0008582225274116
5246.0   0.0007743547060098
5246.9   0.0007089452191182
5247.8   0.0007292616933171
5248.7   0.0007832189846005
5249.6   0.0007891431124335
5250.5   0.0007750571294640
5251.4   0.0008065912172514
5252.3   0.0008761091358819
5253.2   0.0009235791702244
5254.1   0.0009172058977810
5255.0   0.0009126655754143
5255.9   0.0009712578755536
5256.8   0.0010643261576717
5257.7   0.0011329998936469
5258.6   0.0011380036688045
5259.5   0.0010742386006687
5260.4   0.0009981606818263
5261.3   0.0009579099662530
5262.2   0.0009314863637935
5263.1   0.0008838696405408
5264.0   0.0008261406407098
5264.9   0.0007898434918619
5265.8   0.0007995958996625
5266.7   0.0008561440537653
5267.6   0.0008860296948638
5268.5   0.0008173159200302
5269.4   0.0007244347263912
5270.3   0.0007469173869905
5271.2   0.0008862542972281
5272.1   0.0010191971941723
5273.0   0.0010759321361621
5273.9   0.0010774764577722
5274.8   0.0010558796418834
5275.7   0.0010452884620841
5276.6   0.0010683097234816
5277.5   0.0011076887221697
5278.4   0.0011306408474005
5279.3   0.0011286086048084
5280.2   0.0011174412502071
5281.1   0.0011000047482415
5282.0   0.0010775494415169
5282.9   0.0010741231733294
5283.8   0.0011086488131115
5284.7   0.0011743488522586
5285.6   0.0012439047657216
5286.5   0.0012829289455783
5287.4   0.0012801552025682
5288.3   0.0012533136569511
5289.2   0.0012336926925897
5290.1   0.0012415033961175
5291.0   0.0012679553744645
5291.9   0.0012907130767706
5292.8   0.0013096699732207
5293.7   0.0013308029154898
5294.6   0.0013274695903578
5295.5   0.0012602426639383
5296.4   0.0011449901489877
5297.3   0.0010731496158647
5298.2   0.0011049896462197
5299.1   0.0011840395785748
5300.0   0.0012217330976359
5300.9   0.0012301056677849
5301.8   0.0012628427849923
5302.7   0.0013290149940992
5303.6   0.0014052323876432
5304.5   0.0014624351710676
5305.4   0.0014557312473919
5306.3   0.0013635013164438
5307.2   0.0012415140971937
5308.1   0.0011829835386573
5309.0   0.0012001443376135
5309.9   0.0012100422319563
5310.8   0.0011717798725389
5311.7   0.0011307811637598
5312.6   0.0011203882544630
5313.5   0.0011364086072599
5314.4   0.0011675310643223
5315.3   0.0011933181331003
5316.2   0.0012027680250826
5317.1   0.0012092909923566
5318.0   0.0012147501043202
5318.9   0.0012130931208176
5319.8   0.0012153591037717
5320.7   0.0012220865938624
5321.6   0.0012177210357016
5322.5   0.0012021334151902
5323.4   0.0011935495889630
5324.3   0.0012137080118728
5325.2   0.0012421515927696
5326.1   0.0012050544482947
5327.0   0.0010690408835338
5327.9   0.0009425616771154
5328.8   0.0009596049445882
5329.7   0.0010829762097782
5330.6   0.0011844243363724
5331.5   0.0012155029069985
5332.4   0.0012109336676786
5333.3   0.0012255296952036
5334.2   0.0012664501298182
5335.1   0.0012931274319505
5336.0   0.0012876801031944
5336.9   0.0012727545065685
5337.8   0.0012655104791345
5338.7   0.0012499087909161
5339.6   0.0012017229267149
5340.5   0.0011605768076046
5341.4   0.0011841164098975
5342.3   0.0012421416131142
5343.2   0.0012817310262229
5344.1   0.0012849046768689
5345.0   0.0012559583858622
5345.9   0.0012476893396081
5346.8   0.0012749965623971
5347.7   0.0012746019451809
5348.6   0.0012541810453110
5349.5   0.0012867404525106
5350.4   0.0013860988633167
5351.3   0.0014941608562145
5352.2   0.0015617819189029
5353.1   0.0015981738744769
5354.0   0.0016221881717026
5354.9   0.0016007022141542
5355.8   0.0015267926459748
5356.7   0.0014532481167558
5357.6   0.0013901614247119
5358.5   0.0013162787895783
5359.4   0.0012541176805112
5360.3   0.0012265413677376
5361.2   0.0012235566091228
5362.1   0.0012308736203015
5363.0   0.0012302266260176
5363.9   0.0012100603877149
5364.8   0.0011850281656410
5365.7   0.0011805495848771
5366.6   0.0011990208448446
5367.5   0.0012205114916286
5368.4   0.0012213375185253
5369.3   0.0011839604627527
5370.2   0.0011138125032287
5371.1   0.0010684443887107
5372.0   0.0011203280158203
5372.9   0.0012414320956881
5373.8   0.0013376752909387
5374.7   0.0013653280743246
5375.6   0.0013425135000065
5376.5   0.0013278820026221
5377.4   0.0013671527881796
5378.3   0.0014284781311683
5379.2   0.0014565709812852
5380.1   0.0014433832875362
5381.0   0.0014239799518041
5381.9   0.0014153771281606
5382.8   0.0014070032354066
5383.7   0.0014001122232519
5384.6   0.0014033368543061
5385.5   0.0014156761571114
5386.4   0.0014286331164186
5387.3   0.0014299570439527
5388.2   0.0014025024108326
5389.1   0.0013478124565369
5390.0   0.0012926005542414
5390.9   0.0012774525195138
5391.8   0.0013132412470032
5392.7   0.0013471782073549
5393.6   0.0013326264269767
5394.5   0.0012954071219012
5395.4   0.0012417845097833
5396.3   0.0011639065256322
5397.2   0.0011740398436525
5398.1   0.0013183899075189
5399.0   0.0014621831547102
5399.9   0.0015141789627651
5400.8   0.0015147173832081
5401.7   0.0015253576196266
5402.6   0.0015282600160253
5403.5   0.0014700207912837
5404.4   0.0013511028571271
5405.3   0.0012447559221120
5406.2   0.0012306735462468
5407.1   0.0012752398014672
5408.0   0.0012735752430454
5408.9   0.0012104676297963
5409.8   0.0011876296092999
5410.7   0.0012548696415319
5411.6   0.0013425104940862
5412.5   0.0013923488930280
5413.4   0.0014153060682048
5414.3   0.0014356156287871
5415.2   0.0014644210022503
5416.1   0.0014990371803516
5417.0   0.0015254545304969
5417.9   0.0015361761672370
5418.8   0.0015278465216297
5419.7   0.0015153896272225
5420.6   0.0015275521819146
5421.5   0.0015491869926358
5422.4   0.0015318139757069
5423.3   0.0014792423535605
5424.2   0.0014537520292338
5425.1   0.0014778970238739
5426.0   0.0015317585465366
5426.9   0.0015811156375210
5427.8   0.0015468253011796
5428.7   0.0014166683512819
5429.6   0.0013321601486208
5430.5   0.0013732810180006
5431.4   0.0014100215400918
5432.3   0.0013694916346417
5433.2   0.0013167493964595
5434.1   0.0013026652170421
5435.0   0.0013446380844700
5435.9   0.0014140885502491
5436.8   0.0014778407530460
5437.7   0.0015439572925090
5438.6   0.0016208161494438
5439.5   0.0016988443093727
5440.4   0.0017580376132155
5441.3   0.0017903205959849
5442.2   0.0018198841827830
5443.1   0.0018482938568989
5444.0   0.0018313824290902
5444.9   0.0017183704068896
5445.8   0.0014836342435831
5446.7   0.0011992973895116
5447.6   0.0009731222675565
5448.5   0.0008181812042460
5449.4   0.0007266867618752
5450.3   0.0006919869590714
5451.2   0.0006909831620485
5452.1   0.0007039477563933
5453.0   0.0007127217972567
5453.9   0.0007078639895886
5454.8   0.0006948237061708
5455.7   0.0006921142898550
5456.6   0.0007095262635110
5457.5   0.0007358071448749
5458.4   0.0007543263793302
5459.3   0.0007573868871364
5460.2   0.0007638951855193
5461.1   0.0007949734555534
5462.0   0.0008313516440124
5462.9   0.0008513699910366
5463.8   0.0008624234212587
5464.7   0.0008719103461790
5465.6   0.0008810086056053
5466.5   0.0008928711093336
5467.4   0.0009021326503503
5468.3   0.0008978138041908
5469.2   0.0008858087597222
5470.1   0.0008828766047126
5471.0   0.0008988915468529
5471.9   0.0009165928703964
5472.8   0.0009208148658040
5473.7   0.0009209027589133
5474.6   0.0009238451340520
5475.5   0.0009219213450640
5476.4   0.0009210884045507
5477.3   0.0009358504189942
5478.2   0.0009642643615169
5479.1   0.0009882951913042
5480.0   0.0009939600284527
5480.9   0.0009880119133757
5481.8   0.0009968597195232
5482.7   0.0010291398166091
5483.6   0.0010653023603462
5484.5   0.0010902090551887
5485.4   0.0010959406237678
5486.3   0.0010830743230166
5487.2   0.0010717572735847
5488.1   0.0010702228113933
5489.0   0.0010581848220382
5489.9   0.0010381329289435
5490.8   0.0010495474904297
5491.7   0.0010938421306924
5492.6   0.0011325932527496
5493.5   0.0011516665384334
5494.4   0.0011510170191764
5495.3   0.0011083591626320
5496.2   0.0010124629708201
5497.1   0.0009148332046565
5498.0   0.0008767630437826
5498.9   0.0008785331100067
5499.8   0.0008657349835278
5500.7   0.0008426784927444
5501.6   0.0008484471543799
5502.5   0.0008823079447114
5503.4   0.0009103552851951
5504.3   0.0009170706313678
5505.2   0.0009024248859212
5506.1   0.0008861145820529
5507.0   0.0009024659467924
5507.9   0.0009482221857387
5508.8   0.0009835400057549
5509.7   0.0009929408411180
5510.6   0.0009844685946520
5511.5   0.0009683136968628
5512.4   0.0009584290886877
5513.3   0.0009576097349341
5514.2   0.0009664869991004
5515.1   0.0009942170947563
5516.0   0.0010369066337005
5516.9   0.0010899873385078
5517.8   0.0011468770252744
5518.7   0.0011794841664883
5519.6   0.0011776820571538
5520.5   0.0011672696694935
5521.4   0.0011668942901673
5522.3   0.0011684572484831
5523.2   0.0011579859447851
5524.1   0.0011360751905809
5525.0   0.0011161067418336
5525.9   0.0011008608343412
5526.8   0.0010857908333043
5527.7   0.0010804217787127
5528.6   0.0010987734030525
5529.5   0.0011251949614861
5530.4   0.0011383269855912
5531.3   0.0011377573035772
5532.2   0.0011285280461445
5533.1   0.0011202078992454
5534.0   0.0011179812337287
5534.9   0.0011337025575747
5535.8   0.0011732472425894
5536.7   0.0012115156138475
5537.6   0.0012247459916646
5538.5   0.0012238141563736
5539.4   0.0012382591664630
5540.3   0.0012706331684988
5541.2   0.0012958063081161
5542.1   0.0013008081594847
5543.0   0.0012940212724090
5543.9   0.0012808504118137
5544.8   0.0012554973979260
5545.7   0.0012305191621805
5546.6   0.0012323614306101
5547.5   0.0012590767275748
5548.4   0.0012839426621381
5549.3   0.0012823569790648
5550.2   0.0012563284747688
5551.1   0.0012266386393183
5552.0   0.0012062722067241
5552.9   0.0012017785963588
5553.8   0.0012119154012465
5554.7   0.0012185361210484
5555.6   0.0012121028504360
5556.5   0.0012037162125800
5557.4   0.0012073014338326
5558.3   0.0012157715160360
5559.2   0.0012180133313910
5560.1   0.0012134939903479
5561.0   0.0012050639470029
5561.9   0.0011940134625827
5562.8   0.0011922494683176
5563.7   0.0012052499533506
5564.6   0.0012150992720215
5565.5   0.0012202385540659
5566.4   0.0012234664315140
5567.3   0.0012168357320567
5568.2   0.0011964925051672
5569.1   0.0011647505880507
5570.0   0.0011411186438863
5570.9   0.0011363795099514
5571.8   0.0011310688904503
5572.7   0.0011108976022015
5573.6   0.0010939591211102
5574.5   0.0010998361762315
5575.4   0.0011196866726665
5576.3   0.0011460440246426
5577.2   0.0011718845988019
5578.1   0.0011856661421641
5579.0   0.0011955425141176
5579.9   0.0012007469645140
5580.8   0.0011906445473544
5581.7   0.0011818997240362
5582.6   0.0011759476411444
5583.5   0.0011716721403556
5584.4   0.0011820519438399
5585.3   0.0011987557226747
5586.2   0.0012015708271481
5587.1   0.0011864511683080
5588.0   0.0011656131669381
5588.9   0.0011560408738815
5589.8   0.0011657882317360
5590.7   0.0011680956963902
5591.6   0.0011470027929795
5592.5   0.0011261109255180
5593.4   0.0011207736134446
5594.3   0.0011259174644879
5595.2   0.0011355086347239
5596.1   0.0011142316487544
5597.0   0.0010241978431728
5597.9   0.0009096056687922
5598.8   0.0008538439235567
5599.7   0.0008740577756367
5600.6   0.0009297174398192
5601.5   0.0009815166005685
5602.4   0.0010036551434126
5603.3   0.0009823210449575
5604.2   0.0009380614537254
5605.1   0.0009167659512869
5606.0   0.0009296205890673
5606.9   0.0009474517683674
5607.8   0.0009566990012035
5608.7   0.0009625873585851
5609.6   0.0009722067243535
5610.5   0.0009899094306203
5611.4   0.0010097796458924
5612.3   0.0010204454927518
5613.2   0.0010187719165692
5614.1   0.0010004711524007
5615.0   0.0009642432599564
5615.9   0.0009326414187256
5616.8   0.0009277589023926
5617.7   0.0009342006497003
5618.6   0.0009318605407517
5619.5   0.0009246751287634
5620.4   0.0009166273182429
5621.3   0.0009151741962546
5622.2   0.0009245982373223
5623.1   0.0009312193779531
5624.0   0.0009305057123570
5624.9   0.0009334369655905
5625.8   0.0009449393600676
5626.7   0.0009583634995069
5627.6   0.0009533614677831
5628.5   0.0009187459509843
5629.4   0.0008774657678288
5630.3   0.0008663061685020
5631.2   0.0008959186315641
5632.1   0.0009434042365737
5633.0   0.0009832890114104
5633.9   0.0009973523297409
5634.8   0.0009817467939446
5635.7   0.0009550993105416
5636.6   0.0009342215107871
5637.5   0.0009259580555447
5638.4   0.0009275671246779
5639.3   0.0009285177169116
5640.2   0.0009244793832339
5641.1   0.0009231826292192
5642.0   0.0009338417428172
5642.9   0.0009499086873786
5643.8   0.0009620964316827
5644.7   0.0009752614006743
5645.6   0.0009908587002490
5646.5   0.0010035759073536
5647.4   0.0010160996534281
5648.3   0.0010360335942105
5649.2   0.0010603534131748
5650.1   0.0010776031873718
5651.0   0.0010865334158537
5651.9   0.0010978721079116
5652.8   0.0011162385213792
5653.7   0.0011403093299065
5654.6   0.0011632716752662
5655.5   0.0011699377243462
5656.4   0.0011565827811921
5657.3   0.0011351324137400
5658.2   0.0011293587622768
5659.1   0.0011490771184557
5660.0   0.0011597987551958
5660.9   0.0011308747079993
5661.8   0.0010866739726866
5662.7   0.0010595220958584
5663.6   0.0010473075988637
5664.5   0.0010440473777133
5665.4   0.0010493038906491
5666.3   0.0010491142771970
5667.2   0.0010311165097942
5668.1   0.0010043011758021
5669.0   0.0009870278351900
5669.9   0.0009831687745987
5670.8   0.0009874461390581
5671.7   0.0010036098742529
5672.6   0.0010301045967865
5673.5   0.0010512388616605
5674.4   0.0010654163448438
5675.3   0.0010822842469266
5676.2   0.0011019456108567
5677.1   0.0011152900934082
5678.0   0.0011165744630313
5678.9   0.0011153315751083
5679.8   0.0011251966448015
5680.7   0.0011492260918655
5681.6   0.0011765307896814
5682.5   0.0011986710759592
5683.4   0.0012174705824227
5684.3   0.0012295885292576
5685.2   0.0012282832384293
5686.1   0.0012107952751083
5687.0   0.0011850593069752
5687.9   0.0011707959747084
5688.8   0.0011755482144558
5689.7   0.0011909322740449
5690.6   0.0012053422952221
5691.5   0.0012178109728368
5692.4   0.0012267048898015
5693.3   0.0012227361131195
5694.2   0.0012095076590913
5695.1   0.0012067365612911
5696.0   0.0012207192608393
5696.9   0.0012372649282666
5697.8   0.0012451261312553
5698.7   0.0012532570254128
5699.6   0.0012672819280819
5700.5   0.0012786111214317
5701.4   0.0012767999943364
5702.3   0.0012587204659016
5703.2   0.0012511775297536
5704.1   0.0012731461178643
5705.0   0.0013029369522367
5705.9   0.0013147170336305
5706.8   0.0013157400084249
5707.7   0.0013264983173925
5708.6   0.0013469784940106
5709.5   0.0013734987668667
5710.4   0.0013885262040722
5711.3   0.0013680306371422
5712.2   0.0013294816331655
5713.1   0.0013041056540468
5714.0   0.0013056268901890
5714.9   0.0013216427942238
5715.8   0.0013209541980030
5716.7   0.0012929597015981
5717.6   0.0012627729274047
5718.5   0.0012567526702406
5719.4   0.0012742068470175
5720.3   0.0012986786453119
5721.2   0.0013224429702060
5722.1   0.0013392913939253
5723.0   0.0013390343276218
5723.9   0.0013268959405290
5724.8   0.0013133404423729
5725.7   0.0012943097205204
5726.6   0.0012679606648842
5727.5   0.0012525175690205
5728.4   0.0012717697670803
5729.3   0.0013151179031609
5730.2   0.0013432428565065
5731.1   0.0013545150576076
5732.0   0.0013762632516423
5732.9   0.0014138197007380
5733.8   0.0014454566511179
5734.7   0.0014438003890361
5735.6   0.0014043545386807
5736.5   0.0013566581585401
5737.4   0.0013331325037173
5738.3   0.0013401888414882
5739.2   0.0013583531368753
5740.1   0.0013688840780319
5741.0   0.0013818469289430
5741.9   0.0014013739883543
5742.8   0.0014123048371469
5743.7   0.0014325293903032
5744.6   0.0014770510376664
5745.5   0.0015165338007231
5746.4   0.0015235308617458
5747.3   0.0015087562825554
5748.2   0.0015014966243359
5749.1   0.0015137559696614
5750.0   0.0015434366671142
5750.9   0.0015774290566361
5751.8   0.0015851902225974
5752.7   0.0015671555424934
5753.6   0.0015528571010775
5754.5   0.0015588581203517
5755.4   0.0015760665330854
5756.3   0.0015882076856250
5757.2   0.0015807050288089
5758.1   0.0015233919882282
5759.0   0.0014153897530258
5759.9   0.0013182810932043
5760.8   0.0012627960128725
5761.7   0.0012356769606939
5762.6   0.0012266554724719
5763.5   0.0012322118560163
5764.4   0.0012517082550407
5765.3   0.0012671530342197
5766.2   0.0012665091660928
5767.1   0.0012618543181629
5768.0   0.0012775056641845
5768.9   0.0013036951655715
5769.8   0.0013255855997546
5770.7   0.0013477612356551
5771.6   0.0013581588341875
5772.5   0.0013550497507094
5773.4   0.0013518734548536
5774.3   0.0013541182761288
5775.2   0.0013552221702975
5776.1   0.0013567259721019
5777.0   0.0013689508094625
5777.9   0.0013854447750608
5778.8   0.0013891635794112
5779.7   0.0013773517554991
5780.6   0.0013600683149948
5781.5   0.0013581172322506
5782.4   0.0013870785528588
5783.3   0.0014242076803255
5784.2   0.0014400055950207
5785.1   0.0014381699396158
5786.0   0.0014424685258724
5786.9   0.0014578591984862
5787.8   0.0014727475217005
5788.7   0.0014837524363690
5789.6   0.0014897270035446
5790.5   0.0014955280690009
5791.4   0.0015208904613599
5792.3   0.0015657745024737
5793.2   0.0016102796773938
5794.1   0.0016442542718676
5795.0   0.0016692162756435
5795.9   0.0016699331275151
5796.8   0.0016456646496693
5797.7   0.0016368251999803
5798.6   0.0016751308446500
5799.5   0.0017345883087682
5800.4   0.0017726478286842
5801.3   0.0017944390674976
5802.2   0.0018094717951227
5803.1   0.0018060274914135
5804.0   0.0018007486144307
5804.9   0.0018168781422526
5805.8   0.0018390543793372
5806.7   0.0018466725837293
5807.6   0.0018286051992125
5808.5   0.0017714814113735
5809.4   0.0016756874208515
5810.3   0.0015625342406340
5811.2   0.0014678520799103
5812.1   0.0014126524417696
5813.0   0.0013834733722954
5813.9   0.0013521106820831
5814.8   0.0013204820280433
5815.7   0.0013097121763417
5816.6   0.0013158126314592
5817.5   0.0013191704849007
5818.4   0.0013104148402695
5819.3   0.0013030676496510
5820.2   0.0013112574598462
5821.1   0.0013243264798620
5822.0   0.0013328293867149
5822.9   0.0013461613646380
5823.8   0.0013696454175239
5824.7   0.0013911155038131
5825.6   0.0013996057858008
5826.5   0.0014044102083245
5827.4   0.0014141907515391
5828.3   0.0014295821455737
5829.2   0.0014525999201037
5830.1   0.0014742368950876
5831.0   0.0014928851436419
5831.9   0.0015216258297005
5832.8   0.0015419634054599
5833.7   0.0015373017040317
5834.6   0.0015266321298311
5835.5   0.0015239356990909
5836.4   0.0015178388510778
5837.3   0.0014871029553651
5838.2   0.0014233312742047
5839.1   0.0013671945103533
5840.0   0.0013666978120840
5840.9   0.0014106708188753
5841.8   0.0014621509312446
5842.7   0.0014972603207477
5843.6   0.0015011363948479
5844.5   0.0014784982079326
5845.4   0.0014325771243175
5846.3   0.0013484721959229
5847.2   0.0012313752482801
5848.1   0.0011185049852806
5849.0   0.0010431576253063
5849.9   0.0010033960330832
5850.8   0.0009793934589467
5851.7   0.0009692237692909
5852.6   0.0009760472083574
5853.5   0.0009901417882590
5854.4   0.0010045794037844
5855.3   0.0010171189008813
5856.2   0.0010244648891316
5857.1   0.0010306103128167
5858.0   0.0010430562656740
5858.9   0.0010584934699339
5859.8   0.0010676388020720
5860.7   0.0010625856095849
5861.6   0.0010342188600108
5862.5   0.0009919040992087
5863.4   0.0009719473735506
5864.3   0.0009848913472821
5865.2   0.0010021461714252
5866.1   0.0010115549424178
5867.0   0.0010288221509525
5867.9   0.0010521928205249
5868.8   0.0010615959403874
5869.7   0.0010497800284236
5870.6   0.0010193714173125
5871.5   0.0009758701596521
5872.4   0.0009380274868261
5873.3   0.0009219954710585
5874.2   0.0009172734107508
5875.1   0.0009068432881608
5876.0   0.0008923692408814
5876.9   0.0008844252548478
5877.8   0.0008855666027833
5878.7   0.0008948871800746
5879.6   0.0009152202469535
5880.5   0.0009424794351361
5881.4   0.0009602699142755
5882.3   0.0009674182332074
5883.2   0.0009772311802427
5884.1   0.0009855671382825
5885.0   0.0009880841756996
5885.9   0.0009891689522152
5886.8   0.0009754182495952
5887.7   0.0009172618078985
5888.6   0.0008058613798042
5889.5   0.0007044633919604
5890.4   0.0007099092778748
5891.3   0.0008218371247439
5892.2   0.0009400584669317
5893.1   0.0009830449908010
5894.0   0.0009310802038435
5894.9   0.0008123982945483
5895.8   0.0007186768860688
5896.7   0.0007300301267810
5897.6   0.0007985546488728
5898.5   0.0008331896440352
5899.4   0.0008295336634189
5900.3   0.0008306185601712
5901.2   0.0008491365321401
5902.1   0.0008692901455774
5903.0   0.0008743804311211
5903.9   0.0008579889674048
5904.8   0.0008274942066180
5905.7   0.0008006413587407
5906.6   0.0007893662118377
5907.5   0.0007919295404273
5908.4   0.0008008707104591
5909.3   0.0008144450256762
5910.2   0.0008343621934233
5911.1   0.0008490263952205
5912.0   0.0008503092017650
5912.9   0.0008483539107324
5913.8   0.0008546273265036
5914.7   0.0008714120848311
5915.6   0.0008889883620904
5916.5   0.0008971568302515
5917.4   0.0008990093789284
5918.3   0.0009058734580373
5919.2   0.0009180975138585
5920.1   0.0009207741656432
5921.0   0.0009086566997556
5921.9   0.0008948613291600
5922.8   0.0008885978329258
5923.7   0.0008908632146959
5924.6   0.0008950612228596
5925.5   0.0008983954497676
5926.4   0.0009061941296142
5927.3   0.0009125944553402
5928.2   0.0009164802686222
5929.1   0.0009296379031682
5930.0   0.0009493768799603
5930.9   0.0009635309169652
5931.8   0.0009670186261635
5932.7   0.0009706477939708
5933.6   0.0009849387807044
5934.5   0.0010015632633618
5935.4   0.0010134442234407
5936.3   0.0010236441526547
5937.2   0.0010329269154686
5938.1   0.0010439573203413
5939.0   0.0010547483337217
5939.9   0.0010526798998493
5940.8   0.0010422750871081
5941.7   0.0010464316736901
5942.6   0.0010690424466124
5943.5   0.0010942491323001
5944.4   0.0011078195398209
5945.3   0.0011066301572791
5946.2   0.0010973540074898
5947.1   0.0010794228512807
5948.0   0.0010472486828260
5948.9   0.0010097703876579
5949.8   0.0009870515218419
5950.7   0.0009900323727603
5951.6   0.0010115934181976
5952.5   0.0010354421493335
5953.4   0.0010485463987351
5954.3   0.0010391423169781
5955.2   0.0010048556478594
5956.1   0.0009687463690299
5957.0   0.0009569426611025
5957.9   0.0009671399451066
5958.8   0.0009862765354718
5959.7   0.0010096071060675
5960.6   0.0010336940263275
5961.5   0.0010531252570000
5962.4   0.0010618807813944
5963.3   0.0010627250842865
5964.2   0.0010680405132601
5965.1   0.0010806671820455
5966.0   0.0010929534604168
5966.9   0.0011047751437475
5967.8   0.0011153118562711
5968.7   0.0011213957187086
5969.6   0.0011254942309105
5970.5   0.0011274563754414
5971.4   0.0011184465501901
5972.3   0.0010998586605153
5973.2   0.0010949377285210
5974.1   0.0011079032246419
5975.0   0.0011219625150392
5975.9   0.0011232266848778
5976.8   0.0011164270527001
5977.7   0.0011177595170478
5978.6   0.0011293961559253
5979.5   0.0011464147147332
5980.4   0.0011633631754800
5981.3   0.0011733874387119
5982.2   0.0011766362373653
5983.1   0.0011788804574565
5984.0   0.0011888661246719
5984.9   0.0012112813925382
5985.8   0.0012355023768433
5986.7   0.0012454061627899
5987.6   0.0012459419380230
5988.5   0.0012536296392923
5989.4   0.0012723870628718
5990.3   0.0012949836478502
5991.2   0.0013163290485656
5992.1   0.0013368753554301
5993.0   0.0013523274690547
5993.9   0.0013639306820985
5994.8   0.0013765143061053
5995.7   0.0013861291629932
5996.6   0.0013850180546159
5997.5   0.0013714357436508
5998.4   0.0013427439939746
5999.3   0.0013067173178347
6000.2   0.0012761321990840
6001.1   0.0012613316487423
6002.0   0.0012700200809958
6002.9   0.0012954804663563
6003.8   0.0013180098389570
6004.7   0.0013176827948290
6005.6   0.0012910258127180
6006.5   0.0012639867180192
6007.4   0.0012607826474598
6008.3   0.0012771210266238
6009.2   0.0012953536165199
6010.1   0.0013073326898372
6011.0   0.0013212862920770
6011.9   0.0013323090017937
6012.8   0.0013349944909840
6013.7   0.0013448861330126
6014.6   0.0013697340320542
6015.5   0.0013862585378027
6016.4   0.0013880136345437
6017.3   0.0013951407917967
6018.2   0.0014132727434814
6019.1   0.0014334596625157
6020.0   0.0014487658086508
6020.9   0.0014571603821363
6021.8   0.0014612980915389
6022.7   0.0014630878164817
6023.6   0.0014603400446229
6024.5   0.0014635111702959
6025.4   0.0014831268442375
6026.3   0.0014986233252456
6027.2   0.0014976078051336
6028.1   0.0014966967708110
6029.0   0.0015069373400673
6029.9   0.0015098635433548
6030.8   0.0015006188956101
6031.7   0.0015003692839890
6032.6   0.0015270538003299
6033.5   0.0015578833605189
6034.4   0.0015511729440554
6035.3   0.0014967372906166
6036.2   0.0014306010323164
6037.1   0.0014129414910651
6038.0   0.0014547677898194
6038.9   0.0015055831128566
6039.8   0.0015394677701953
6040.7   0.0015649778133591
6041.6   0.0015904268964593
6042.5   0.0016099802877325
6043.4   0.0016189191732649
6044.3   0.0016326175127533
6045.2   0.0016528958117645
6046.1   0.0016664689847319
6047.0   0.0016767770068396
6047.9   0.0016833202941347
6048.8   0.0016850353520175
6049.7   0.0016832259082375
6050.6   0.0016674412195917
6051.5   0.0016459903711924
6052.4   0.0016379840423719
6053.3   0.0016494362379801
6054.2   0.0016763582220243
6055.1   0.0017059785605976
6056.0   0.0017105081217696
6056.9   0.0016824204418356
6057.8   0.0016551639589812
6058.7   0.0016591722935744
6059.6   0.0016823220881236
6060.5   0.0016956297782107
6061.4   0.0016917971095995
6062.3   0.0016790154555638
6063.2   0.0016520673801316
6064.1   0.0016061454548587
6065.0   0.0015777087274602
6065.9   0.0016106989431563
6066.8   0.0016852669281169
6067.7   0.0017516990892107
6068.6   0.0017906908051282
6069.5   0.0018166523375201
6070.4   0.0018290539229939
6071.3   0.0018078691586590
6072.2   0.0017618453928066
6073.1   0.0017431708123905
6074.0   0.0017788851132935
6074.9   0.0018295480962902
6075.8   0.0018546254071685
6076.7   0.0018493758679678
6077.6   0.0018138872515604
6078.5   0.0017429344268186
6079.4   0.0016621942053639
6080.3   0.0016182921382916
6081.2   0.0016294883497276
6082.1   0.0016778394193082
6083.0   0.0017284961499907
6083.9   0.0017627548640507
6084.8   0.0017775733296773
6085.7   0.0017829518829771
6086.6   0.0017917208738944
6087.5   0.0018004442950601
6088.4   0.0017966086205287
6089.3   0.0017798544624697
6090.2   0.0017743798399574
6091.1   0.0018065011042150
6092.0   0.0018535128559495
6092.9   0.0018816557245800
6093.8   0.0019003888603235
6094.7   0.0019296970641335
6095.6   0.0019501427327866
6096.5   0.0019490577157974
6097.4   0.0019545965447673
6098.3   0.0019822761409622
6099.2   0.0020053439340058
6100.1   0.0019951277728223
6101.0   0.0019297464814631
6101.9   0.0018264293938672
6102.8   0.0017718399575461
6103.7   0.0018009870440284
6104.6   0.0018585647258317
6105.5   0.0019077920812962
6106.4   0.0019343770415570
6107.3   0.0019403956154057
6108.2   0.0019400899734303
6109.1   0.0019270656815085
6110.0   0.0019023795009787
6110.9   0.0018974591701685
6111.8   0.0019378890385913
6112.7   0.0020097100933507
6113.6   0.0020675301725666
6114.5   0.0020742995050678
6115.4   0.0020248035405658
6116.3   0.0019667575363807
6117.2   0.0019523229868940
6118.1   0.0019573171431066
6119.0   0.0019390241943310
6119.9   0.0018997490802482
6120.8   0.0018528205323874
6121.7   0.0018350669659493
6122.6   0.0018961247820318
6123.5   0.0020052530349762
6124.4   0.0020761167642405
6125.3   0.0020799804539491
6126.2   0.0020631506669356
6127.1   0.0020673377936678
6128.0   0.0020907394843376
6128.9   0.0021384035207758
6129.8   0.0022005344504032
6130.7   0.0022133074473884
6131.6   0.0021439644733190
6132.5   0.0020564789667255
6133.4   0.0020024215782964
6134.3   0.0019655270328493
6135.2   0.0019357235736118
6136.1   0.0019282811554384
6137.0   0.0019598529374663
6137.9   0.0020461349938111
6138.8   0.0021483908713066
6139.7   0.0021960436054845
6140.6   0.0021670881764801
6141.5   0.0021358821548336
6142.4   0.0021924461200771
6143.3   0.0023176042245265
6144.2   0.0024232423635364
6145.1   0.0024538748555909
6146.0   0.0024059417291680
6146.9   0.0022909614303592
6147.8   0.0020673767503948
6148.7   0.0017734102503075
6149.6   0.0015950643100515
6150.5   0.0016118530963122
6151.4   0.0017103252415790
6152.3   0.0017757548681365
6153.2   0.0017662208103860
6154.1   0.0017097313919657
6155.0   0.0016618802670485
6155.9   0.0016332487560150
6156.8   0.0015780046302539
6157.7   0.0014504043959212
6158.6   0.0012773964891595
6159.5   0.0011440515804352
6160.4   0.0010770535849053
6161.3   0.0010363363505024
6162.2   0.0010096507520302
6163.1   0.0010079710437701
6164.0   0.0010245176730920
6164.9   0.0010452497458307
6165.8   0.0010625673335895
6166.7   0.0010720246802541
6167.6   0.0010765357249571
6168.5   0.0010855631047829
6169.4   0.0010995937788190
6170.3   0.0011109281423517
6171.2   0.0011248153738714
6172.1   0.0011300271587133
6173.0   0.0011043063404185
6173.9   0.0010600787922968
6174.8   0.0010303674344570
6175.7   0.0010324787928712
6176.6   0.0010541669887369
6177.5   0.0010808208446909
6178.4   0.0011121608101457
6179.3   0.0011431195046706
6180.2   0.0011682171355701
6181.1   0.0011800934064134
6182.0   0.0011697604952856
6182.9   0.0011330977664117
6183.8   0.0010873624486706
6184.7   0.0010534966685115
6185.6   0.0010154443628041
6186.5   0.0009719470729585
6187.4   0.0009595519802726
6188.3   0.0009773511765808
6189.2   0.0009824543875817
6190.1   0.0009552402882034
6191.0   0.0009300396744746
6191.9   0.0009289983034481
6192.8   0.0009430036075169
6193.7   0.0009636803713222
6194.6   0.0009783792013212
6195.5   0.0009858749445206
6196.4   0.0009955828045825
6197.3   0.0010122132389621
6198.2   0.0010328653542210
6199.1   0.0010416032038041
6200.0   0.0010323429252740
6200.9   0.0010263670354934
6201.8   0.0010395892372074
6202.7   0.0010553115229479
6203.6   0.0010643636715569
6204.5   0.0010775018277395
6205.4   0.0010915304577498
6206.3   0.0011015299521985
6207.2   0.0011098021246097
6208.1   0.0011186017759141
6209.0   0.0011236888751822
6209.9   0.0011180423140290
6210.8   0.0011024782599328
6211.7   0.0010834961137522
6212.6   0.0010618390592207
6213.5   0.0010276712441904
6214.4   0.0009757174589012
6215.3   0.0009309725918970
6216.2   0.0009260058496774
6217.1   0.0009548961103298
6218.0   0.0009892364050665
6218.9   0.0010084761586163
6219.8   0.0010224355322230
6220.7   0.0010305446635175
6221.6   0.0010076651613211
6222.5   0.0009535097798904
6223.4   0.0009058079890933
6224.3   0.0008931863702540
6225.2   0.0009058737586293
6226.1   0.0009212968951822
6227.0   0.0009350515054986
6227.9   0.0009511445414481
6228.8   0.0009660270932955
6229.7   0.0009734791304138
6230.6   0.0009718247320026
6231.5   0.0009741536589277
6232.4   0.0009913401284432
6233.3   0.0010130582632750
6234.2   0.0010244219645898
6235.1   0.0010283473357829
6236.0   0.0010291673508390
6236.9   0.0010271473724017
6237.8   0.0010235940139042
6238.7   0.0010204518653029
6239.6   0.0010212557686262
6240.5   0.0010304295968887
6241.4   0.0010402001604479
6242.3   0.0010373662990318
6243.2   0.0010311125419794
6244.1   0.0010387159572437
6245.0   0.0010560609589955
6245.9   0.0010773344580975
6246.8   0.0010994611576156
6247.7   0.0011118688751668
6248.6   0.0011132755256274
6249.5   0.0011166491300914
6250.4   0.0011240850554769
6251.3   0.0011304786479414
6252.2   0.0011417299278372
6253.1   0.0011579364072187
6254.0   0.0011722264320577
6254.9   0.0011812594630137
6255.8   0.0011804686655028
6256.7   0.0011745229551620
6257.6   0.0011681977774434
6258.5   0.0011712271439153
6259.4   0.0011928100123339
6260.3   0.0012253650910083
6261.2   0.0012571722967136
6262.1   0.0012812768917849
6263.0   0.0012941964574437
6263.9   0.0013071703701414
6264.8   0.0013150957795875
6265.7   0.0013077615745447
6266.6   0.0012914396678240
6267.5   0.0012656476693367
6268.4   0.0012397973559956
6269.3   0.0012370541531357
6270.2   0.0012612009513279
6271.1   0.0012956425455785
6272.0   0.0013129957234336
6272.9   0.0013119924674764
6273.8   0.0013026697860410
6274.7   0.0012822503290128
6275.6   0.0012659441733144
6276.5   0.0012681772113821
6277.4   0.0012755880072740
6278.3   0.0012783072830084
6279.2   0.0012777389235993
6280.1   0.0012789632950533
6281.0   0.0012892797337378
6281.9   0.0013131219720859
6282.8   0.0013299311986046
6283.7   0.0013277581587060
6284.6   0.0013256953759637
6285.5   0.0013498134375579
6286.4   0.0013956537220356
6287.3   0.0014315073774034
6288.2   0.0014494860271531
6289.1   0.0014570751342368
6290.0   0.0014592681334462
6290.9   0.0014611985354588
6291.8   0.0014557734505129
6292.7   0.0014461637638078
6293.6   0.0014397622357137
6294.5   0.0014231227835732
6295.4   0.0013981528441677
6296.3   0.0013930021396262
6297.2   0.0014194640976286
6298.1   0.0014627227775213
6299.0   0.0015003983812974
6299.9   0.0015287700605807
6300.8   0.0015464484790116
6301.7   0.0015449985432987
6302.6   0.0015398020285319
6303.5   0.0015500991090897
6304.4   0.0015625503523668
6305.3   0.0015680059774629
6306.2   0.0015871522468915
6307.1   0.0016239053938479
6308.0   0.0016640006432236
6308.9   0.0016963396563473
6309.8   0.0017103394295227
6310.7   0.0017146063934979
6311.6   0.0017250345321806
6312.5   0.0017438333172232
6313.4   0.0017618325274678
6314.3   0.0017745009184268
6315.2   0.0017908720020035
6316.1   0.0018063040360805
6317.0   0.0018123532703162
6317.9   0.0018157684767170
6318.8   0.0018189753127230
6319.7   0.0018022496507885
6320.6   0.0017496412361777
6321.5   0.0016932134992419
6322.4   0.0016851031655793
6323.3   0.0017151079012397
6324.2   0.0017375828065647
6325.1   0.0017565044736289
6326.0   0.0017904960214932
6326.9   0.0018175021713055
6327.8   0.0018216505817844
6328.7   0.0018080148856748
6329.6   0.0017928518213457
6330.5   0.0018014387737301
6331.4   0.0018342173726375
6332.3   0.0018711732388585
6333.2   0.0018962899874111
6334.1   0.0018933664293335
6335.0   0.0018724330801720
6335.9   0.0018686054615069
6336.8   0.0018916287669302
6337.7   0.0019307658491531
6338.6   0.0019775724768867
6339.5   0.0020250615687639
6340.4   0.0020652557730356
6341.3   0.0020880687842752
6342.2   0.0020845638812128
6343.1   0.0020570974648851
6344.0   0.0020165275205766
6344.9   0.0019886084126527
6345.8   0.0019947887050132
6346.7   0.0020217502469684
6347.6   0.0020497021795419
6348.5   0.0020734491903351
6349.4   0.0020729550170389
6350.3   0.0020262463823068
6351.2   0.0019482746134425
6352.1   0.0018922996883397
6353.0   0.0018761930055120
6353.9   0.0018694164588021
6354.8   0.0018537973362460
6355.7   0.0018375567096101
6356.6   0.0018031026107310
6357.5   0.0017475171326614
6358.4   0.0017177754751451
6359.3   0.0017386903078376
6360.2   0.0017861963531052
6361.1   0.0018268944698550
6362.0   0.0018463148792144
6362.9   0.0018553618576405
6363.8   0.0018775228246499
6364.7   0.0019172482255927
6365.6   0.0019478750665171
6366.5   0.0019736449414311
6367.4   0.0020120371566052
6368.3   0.0020525503491385
6369.2   0.0020837352091063
6370.1   0.0020976586319063
6371.0   0.0021009389326043
6371.9   0.0021179928410349
6372.8   0.0021512188411188
6373.7   0.0021860690000558
6374.6   0.0022206479047454
6375.5   0.0022523976372547
6376.4   0.0022648171380135
6377.3   0.0022374214209311
6378.2   0.0021850486704713
6379.1   0.0021667791678740
6380.0   0.0022003904067027
6380.9   0.0022485072549739
6381.8   0.0022739933710122
6382.7   0.0022444603243642
6383.6   0.0021610085223311
6384.5   0.0020871424798775
6385.4   0.0020840935148053
6386.3   0.0021283305616351
6387.2   0.0021507883933328
6388.1   0.0021465375410904
6389.0   0.0021531940914622
6389.9   0.0021718392138594
6390.8   0.0021868986340568
6391.7   0.0021969944381918
6392.6   0.0022059090358881
6393.5   0.0022323851818343
6394.4   0.0022812612053349
6395.3   0.0023347778888216
6396.2   0.0023759039283844
6397.1   0.0023984844016300
6398.0   0.0024014179393630
6398.9   0.0023671201483392
6399.8   0.0023212298453478
6400.7   0.0023432550649968
6401.6   0.0024382789387395
6402.5   0.0025314379395321
6403.4   0.0025809574704491
6404.3   0.0025933445072687
6405.2   0.0025946452290981
6406.1   0.0025888079723615
6407.0   0.0025690177145692
6407.9   0.0025652922971941
6408.8   0.0025919711624049
6409.7   0.0026141738515881
6410.6   0.0025944995020823
6411.5   0.0025356859060910
6412.4   0.0024701866624195
6413.3   0.0024093405833624
6414.2   0.0023418107804142
6415.1   0.0022953293932563
6416.0   0.0023187664335488
6416.9   0.0023676018170070
6417.8   0.0023593345743051
6418.7   0.0022934142613188
6419.6   0.0022067001941094
6420.5   0.0021243170568591
6421.4   0.0020897795136327
6422.3   0.0021209162788757
6423.2   0.0021730081561432
6424.1   0.0022079783114183
6425.0   0.0022368228820822
6425.9   0.0022630551877742
6426.8   0.0022873810185791
6427.7   0.0023196749428983
6428.6   0.0023367387107475
6429.5   0.0023108926056949
6430.4   0.0022776064872051
6431.3   0.0022937490006027
6432.2   0.0023583382920830
6433.1   0.0024136717537951
6434.0   0.0024224980976717
6434.9   0.0024262937333448
6435.8   0.0024761383846008
6436.7   0.0025259212341356
6437.6   0.0025157811828539
6438.5   0.0024830936032130
6439.4   0.0025117806636535
6440.3   0.0026062687621631
6441.2   0.0027016507011312
6442.1   0.0027592071010188
6443.0   0.0027837457509806
6443.9   0.0027829461761825
6444.8   0.0027591183662518
6445.7   0.0027228907743995
6446.6   0.0026526133198292
6447.5   0.0025272664435854
6448.4   0.0024111140763357
6449.3   0.0023720484147790
6450.2   0.0024026801854127
6451.1   0.0024466890227738
6452.0   0.0024844679099712
6452.9   0.0025243444485864
6453.8   0.0025539109210680
6454.7   0.0025684292756125
6455.6   0.0025869570468815
6456.5   0.0026266152354465
6457.4   0.0026858573554349
6458.3   0.0027450561901710
6459.2   0.0027794845583723
6460.1   0.0027753909758797
6461.0   0.0027308098112946
6461.9   0.0026763533568873
6462.8   0.0026831044133932
6463.7   0.0027671913062659
6464.6   0.0028506820650261
6465.5   0.0028946182793529
6466.4   0.0029393949489939
6467.3   0.0030056894389383
6468.2   0.0030452495142649
6469.1   0.0030370835109585
6470.0   0.0030215597361941
6470.9   0.0030208015228593
6471.8   0.0030036814841822
6472.7   0.0029226394683300
6473.6   0.0027897167110518
6474.5   0.0026949963150220
6475.4   0.0027046804283135
6476.3   0.0027719454698023
6477.2   0.0027856724256520
6478.1   0.0026956470366471
6479.0   0.0025626559848598
6479.9   0.0024651181998572
6480.8   0.0024046691427525
6481.7   0.0023585393280322
6482.6   0.0023234486954718
6483.5   0.0022900974086300
6484.4   0.0022615962343004
6485.3   0.0022673731321575
6486.2   0.0023175135659704
6487.1   0.0023757384825314
6488.0   0.0024112725484536
6488.9   0.0024232519824813
6489.8   0.0024188921956874
6490.7   0.0024306523177706
6491.6   0.0024599896188890
6492.5   0.0024646160909313
6493.4   0.0024245243284232
6494.3   0.0023602620810709
6495.2   0.0022868401933999
6496.1   0.0022213419116228
6497.0   0.0022125691933643
6497.9   0.0022636178960531
6498.8   0.0023380923367741
6499.7   0.0024189681853525
6500.6   0.0024895750887869
6501.5   0.0025487768092065
6502.4   0.0025958281188521
6503.3   0.0026136505809833
6504.2   0.0026191812338500
6505.1   0.0026458490372741
6506.0   0.0026790909086171
6506.9   0.0026661411635186
6507.8   0.0026144701150922
6508.7   0.0025915221981499
6509.6   0.0026292020102144
6510.5   0.0026804541535887
6511.4   0.0026727642880567
6512.3   0.0026103462329230
6513.2   0.0025683948878844
6514.1   0.0025691562273764
6515.0   0.0025778147206637
6515.9   0.0025754438912097
6516.8   0.0025720286848089
6517.7   0.0025789665893202
6518.6   0.0025972050708202
6519.5   0.0026268316617077
6520.4   0.0026688075350558
6521.3   0.0027172357966695
6522.2   0.0027602781705379
6523.1   0.0027924898528779
6524.0   0.0028137616686645
6524.9   0.0028305702939992
6525.8   0.0028469357264457
6526.7   0.0028590255378667
6527.6   0.0028806722520323
6528.5   0.0029210720612521
6529.4   0.0029632706131757
6530.3   0.0029771848979780
6531.2   0.0029562733116794
6532.1   0.0029224826795275
6533.0   0.0029229660315107
6533.9   0.0029706464201553
6534.8   0.0030367567073041
6535.7   0.0030890695798316
6536.6   0.0030963023050053
6537.5   0.0030881699680062
6538.4   0.0031232735861423
6539.3   0.0031897986902916
6540.2   0.0032268657755635
6541.1   0.0031902890160099
6542.0   0.0030720565519170
6542.9   0.0029043605872614
6543.8   0.0027623945788982
6544.7   0.0026953322566740
6545.6   0.0026896205271689
6546.5   0.0027113860353045
6547.4   0.0027278228884172
6548.3   0.0027036928031418
6549.2   0.0026344693444633
6550.1   0.0025553576103869
6551.0   0.0025119602974503
6551.9   0.0025195717685810
6552.8   0.0025460645072072
6553.7   0.0025544955124467
6554.6   0.0025553090347150
6555.5   0.0025746974610824
6556.4   0.0026140281245722
6557.3   0.0026621764748881
6558.2   0.0027189325785568
6559.1   0.0027626220669460
6560.0   0.0027230550178843
6560.9   0.0025054324004670
6561.8   0.0021253729765398
6562.7   0.0018549847949988
6563.6   0.0019278360387613
6564.5   0.0021976807499132
6565.4   0.0023888173619657
6566.3   0.0024424160469580
6567.2   0.0024425401313478
6568.1   0.0024377436444536
6569.0   0.0024470951827239
6569.9   0.0024735554574109
6570.8   0.0024730672959552
6571.7   0.0024125499443415
6572.6   0.0023547191640494
6573.5   0.0023734684115257
6574.4   0.0024401998420440
6575.3   0.0024867622688130
6576.2   0.0024913692624918
6577.1   0.0024561620002239
6578.0   0.0023909222275921
6578.9   0.0023321992901569
6579.8   0.0023124939195537
6580.7   0.0023476314444707
6581.6   0.0024304808600770
6582.5   0.0025137027693261
6583.4   0.0025616277196458
6584.3   0.0025862906944708
6585.2   0.0026084274938812
6586.1   0.0026346908206705
6587.0   0.0026655443079851
6587.9   0.0026850594639521
6588.8   0.0026809557815673
6589.7   0.0026562346121253
6590.6   0.0026026003370368
6591.5   0.0025216001635951
6592.4   0.0024348329517149
6593.3   0.0023640353526970
6594.2   0.0023332965713009
6595.1   0.0023509680159966
6596.0   0.0023921736523288
6596.9   0.0024174397350016
6597.8   0.0023989350492004
6598.7   0.0023646492818578
6599.6   0.0023628005206404
6600.5   0.0023948760949096
6601.4   0.0024335187633626
6602.3   0.0024606324048846
6603.2   0.0024679346269355
6604.1   0.0024526628685285
6605.0   0.0024241996890315
6605.9   0.0024095457073633
6606.8   0.0024227744018650
6607.7   0.0024362854124008
6608.6   0.0024224444720536
6609.5   0.0024053357356369
6610.4   0.0024242903475875
6611.3   0.0024654733793991
6612.2   0.0024846670221315
6613.1   0.0024611395637565
6614.0   0.0024209177050181
6614.9   0.0024077618740242
6615.8   0.0024222249196354
6616.7   0.0024246933813805
6617.6   0.0023902424086585
6618.5   0.0023429193638184
6619.4   0.0023219091833342
6620.3   0.0023205740737766
6621.2   0.0023102305818094
6622.1   0.0022921909719961
6623.0   0.0022697966253351
6623.9   0.0022214917266903
6624.8   0.0021472971972670
6625.7   0.0020977194717330
6626.6   0.0021085249135309
6627.5   0.0021555882468576
6628.4   0.0021960101796508
6629.3   0.0022269490351017
6630.2   0.0022697264070370
6631.1   0.0023206950320092
6632.0   0.0023493986851297
6632.9   0.0023273152708638
6633.8   0.0022522098273548
6634.7   0.0021524709872763
6635.6   0.0020769639528160
6636.5   0.0020573117268836
6637.4   0.0020803613641687
6638.3   0.0021173916569762
6639.2   0.0021585508818990
6640.1   0.0021978019486194
6641.0   0.0022286922283984
6641.9   0.0022436044787382
6642.8   0.0022403922320756
6643.7   0.0022389462641776
6644.6   0.0022491813025406
6645.5   0.0022516300454486
6646.4   0.0022410407894382
6647.3   0.0022238719346156
6648.2   0.0021826662982834
6649.1   0.0020857982323222
6650.0   0.0019287619824486
6650.9   0.0017600187551626
6651.8   0.0016602985517900
6652.7   0.0016665652944181
6653.6   0.0017279297143706
6654.5   0.0017729258161930
6655.4   0.0017781510675577
6656.3   0.0017645062334505
6657.2   0.0017603672014430
6658.1   0.0017681647991583
6659.0   0.0017805631382382
6659.9   0.0017973740480722
6660.8   0.0018147631767340
6661.7   0.0018312697671976
6662.6   0.0018530052161303
6663.5   0.0018854812992193
6664.4   0.0019241193986735
6665.3   0.0019574120099511
6666.2   0.0019780738643917
6667.1   0.0019889388234114
6668.0   0.0019988610055902
6668.9   0.0020064542007255
6669.8   0.0020107857318686
6670.7   0.0020268648804664
6671.6   0.0020535334053114
6672.5   0.0020665867945416
6673.4   0.0020598614687135
6674.3   0.0020534785773252
6675.2   0.0020539645745183
6676.1   0.0020442138500330
6677.0   0.0020178524100053
6677.9   0.0019808417157981
6678.8   0.0019235679926548
6679.7   0.0018192727785953
6680.6   0.0016791502410298
6681.5   0.0015798383618699
6682.4   0.0015733152743591
6683.3   0.0016219997606186
6684.2   0.0016611228953713
6685.1   0.0016642798331005
6686.0   0.0016536611190712
6686.9   0.0016621589759781
6687.8   0.0016858682324124
6688.7   0.0017013858750994
6689.6   0.0017074884944795
6690.5   0.0017129864429333
6691.4   0.0017172452308053
6692.3   0.0017197205460487
6693.2   0.0017237473971108
6694.1   0.0017333496291336
6695.0   0.0017510815529456
6695.9   0.0017719678895138
6696.8   0.0017910524774580
6697.7   0.0018101961016767
6698.6   0.0018283430829629
6699.5   0.0018431937720551
6700.4   0.0018580169269174
6701.3   0.0018747114475177
6702.2   0.0018931019083477
6703.1   0.0019110432846858
6704.0   0.0019228790357235
6704.9   0.0019260451114504
6705.8   0.0019307543064192
6706.7   0.0019528478205772
6707.6   0.0019828619347090
6708.5   0.0020010941638947
6709.4   0.0020051080293812
6710.3   0.0020022550503121
6711.2   0.0019896179209241
6712.1   0.0019472854251923
6713.0   0.0018605516391458
6713.9   0.0017380936927778
6714.8   0.0016265374978938
6715.7   0.0015709991526544
6716.6   0.0015556856720738
6717.5   0.0015412837067631
6718.4   0.0015230126410871
6719.3   0.0015205691885989
6720.2   0.0015377384041320
6721.1   0.0015536325082765
6722.0   0.0015636447478273
6722.9   0.0015796463436815
6723.8   0.0015996140710079
6724.7   0.0016168511001028
6725.6   0.0016311767150382
6726.5   0.0016477065112064
6727.4   0.0016633332086816
6728.3   0.0016714132426676
6729.2   0.0016772592766915
6730.1   0.0016893358620631
6731.0   0.0017094377736715
6731.9   0.0017337506189007
6732.8   0.0017566937263706
6733.7   0.0017678476144489
6734.6   0.0017625573149690
6735.5   0.0017594544838051
6736.4   0.0017736104445990
6737.3   0.0017944616720182
6738.2   0.0018098692980224
6739.1   0.0018208957350802
6740.0   0.0018375965079948
6740.9   0.0018595482629518
6741.8   0.0018725176066506
6742.7   0.0018765249793493
6743.6   0.0018900845655570
6744.5   0.0019144023404955
6745.4   0.0019131605347038
6746.3   0.0018579251862300
6747.2   0.0017746198326336
6748.1   0.0017179955085106
6749.0   0.0017174079112116
6749.9   0.0017574868083809
6750.8   0.0017961249078350
6751.7   0.0018075534167914
6752.6   0.0017997534143399
6753.5   0.0017963373662814
6754.4   0.0018090894420614
6755.3   0.0018280712275315
6756.2   0.0018469630758665
6757.1   0.0018687754763587
6758.0   0.0018867935637827
6758.9   0.0018970405055900
6759.8   0.0019108515069711
6760.7   0.0019277190483435
6761.6   0.0019391534489036
6762.5   0.0019500028973746
6763.4   0.0019668336462826
6764.3   0.0019889555363282
6765.2   0.0020099135340362
6766.1   0.0020256052796266
6767.0   0.0020527285400935
6767.9   0.0020952401886749
6768.8   0.0021208227346362
6769.7   0.0021221874224495
6770.6   0.0021248008897895
6771.5   0.0021480496392349
6772.4   0.0021865759184541
6773.3   0.0022229622228979
6774.2   0.0022484805624017
6775.1   0.0022641560760225
6776.0   0.0022791782228082
6776.9   0.0022870179034076
6777.8   0.0022741304409776
6778.7   0.0022507172075738
6779.6   0.0022102974390432
6780.5   0.0021222249363347
6781.4   0.0019959979266289
6782.3   0.0018933507985480
6783.2   0.0018496619113429
6784.1   0.0018376019186513
6785.0   0.0018356962854219
6785.9   0.0018467800754390
6786.8   0.0018664116206398
6787.7   0.0018883309116577
6788.6   0.0019051353287039
6789.5   0.0019146764804263
6790.4   0.0019256260861614
6791.3   0.0019425573530441
6792.2   0.0019604942806201
6793.1   0.0019733875144172
6794.0   0.0019927750991269
6794.9   0.0020240501367035
6795.8   0.0020554206423085
6796.7   0.0020828077023405
6797.6   0.0020916087964866
6798.5   0.0020862657130462
6799.4   0.0021042976277036
6800.3   0.0021475078521611
6801.2   0.0021843332614414
6802.1   0.0021977490444223
6803.0   0.0021967919594008
6803.9   0.0021953806197045
6804.8   0.0022055108115676
6805.7   0.0022218411348652
6806.6   0.0022277772262610
6807.5   0.0022333187004407
6808.4   0.0022496329120055
6809.3   0.0022657102570511
6810.2   0.0022840461303685
6811.1   0.0023053537767251
6812.0   0.0023096673925832
6812.9   0.0022903361989381
6813.8   0.0022466481533907
6814.7   0.0021819595463040
6815.6   0.0021385314527435
6816.5   0.0021543490862758
6817.4   0.0022030865969693
6818.3   0.0022347406209764
6819.2   0.0022408120990223
6820.1   0.0022456145977570
6821.0   0.0022617116616397
6821.9   0.0022834269107881
6822.8   0.0022996547923220
6823.7   0.0023124181703623
6824.6   0.0023354464054949
6825.5   0.0023642652454811
6826.4   0.0023912071888360
6827.3   0.0024122568069945
6828.2   0.0024271089389284
6829.1   0.0024377090162519
6830.0   0.0024473257969288
6830.9   0.0024579602619804
6831.8   0.0024608577286698
6832.7   0.0024677929879712
6833.6   0.0025002494724600
6834.5   0.0025434786943338
6835.4   0.0025724043046088
6836.3   0.0025852997026684
6837.2   0.0025911078620966
6838.1   0.0025953137457714
6839.0   0.0025960094359642
6839.9   0.0025929794683082
6840.8   0.0025989477831696
6841.7   0.0026237396518568
6842.6   0.0026675534651094
6843.5   0.0027252469349624
6844.4   0.0027652653530154
6845.3   0.0027699877740335
6846.2   0.0027668027008904
6847.1   0.0027596971862635
6848.0   0.0027133485405458
6848.9   0.0026147007292971
6849.8   0.0025043310312715
6850.7   0.0024395996198797
6851.6   0.0024209730139515
6852.5   0.0024151977994098
6853.4   0.0024212005019993
6854.3   0.0024401476592677
6855.2   0.0024595615758392
6856.1   0.0024737237889474
6857.0   0.0024981198380504
6857.9   0.0025295937473135
6858.8   0.0025477040563721
6859.7   0.0025584577963409
6860.6   0.0025686603707647
6861.5   0.0025647125152879
6862.4   0.0025724774085904
6863.3   0.0026211771649249
6864.2   0.0026774282739843
6865.1   0.0027104623761167
6866.0   0.0027324957718689
6866.9   0.0027343558353466
6867.8   0.0026767265719510
6868.7   0.0025967320592028
6869.6   0.0025805195679807
6870.5   0.0026327136465382
6871.4   0.0027072316129851
6872.3   0.0027852816560138
6873.2   0.0028560746860328
6874.1   0.0029132929800059
6875.0   0.0029449085282333
6875.9   0.0029478338898630
6876.8   0.0029325315913059
6877.7   0.0029231786101939
6878.6   0.0029458627275713
6879.5   0.0029791577435851
6880.4   0.0029876741169610
6881.3   0.0029830368236056
6882.2   0.0029682989166428
6883.1   0.0029125600164015
6884.0   0.0028653783700520
6884.9   0.0029097361346408
6885.8   0.0030017605808777
6886.7   0.0030487195486519
6887.6   0.0030456323482735
6888.5   0.0030349483456555
6889.4   0.0030369683240928
6890.3   0.0030534393244601
6891.2   0.0030911395767826
6892.1   0.0031233822802201
6893.0   0.0031262282855541
6893.9   0.0031501491587771
6894.8   0.0032266089497336
6895.7   0.0032767505859146
6896.6   0.0032461265104369
6897.5   0.0032202549151802
6898.4   0.0032672915559347
6899.3   0.0033117782143857
6900.2   0.0032865842738000
6901.1   0.0032568203724735
6902.0   0.0033089574587822
6902.9   0.0034095107830234
6903.8   0.0034565430952527
6904.7   0.0034479177873254
6905.6   0.0034826784900744
6906.5   0.0035780868811410
6907.4   0.0036455635394185
6908.3   0.0036515669634289
6909.2   0.0036373213059734
6910.1   0.0036453528845243
6911.0   0.0036928445013745
6911.9   0.0037526538986406
6912.8   0.0037925280325195
6913.7   0.0037933759425160
6914.6   0.0037632546973849
6915.5   0.0037600030130481
6916.4   0.0038040354168244
6917.3   0.0037853926991634
6918.2   0.0036184563906843
6919.1   0.0034097425995964
6920.0   0.0033161995624272
6920.9   0.0033432073955549
6921.8   0.0034035008662251
6922.7   0.0034266137480732
6923.6   0.0033998139246298
6924.5   0.0033696037042581
6925.4   0.0033657457859164
6926.3   0.0033878287192351
6927.2   0.0034389053168642
6928.1   0.0034959838956620
6929.0   0.0035169207316911
6929.9   0.0035046748528886
6930.8   0.0035132751515590
6931.7   0.0035499574790334
6932.6   0.0035795321276182
6933.5   0.0036106542239702
6934.4   0.0036490859970554
6935.3   0.0036797213747934
6936.2   0.0037027301315625
6937.1   0.0037295258669543
6938.0   0.0037711621915461
6938.9   0.0038363904214440
6939.8   0.0039292899511968
6940.7   0.0040084245302674
6941.6   0.0040283424795538
6942.5   0.0040238203730641
6943.4   0.0040164284543516
6944.3   0.0039787536922332
6945.2   0.0039497905680729
6946.1   0.0040001584899336
6947.0   0.0041178424336913
6947.9   0.0042257968146426
6948.8   0.0042841366775956
6949.7   0.0042960790786854
6950.6   0.0042357913793821
6951.5   0.0041025016593544
6952.4   0.0039698338041171
6953.3   0.0039128619956081
6954.2   0.0039686273479480
6955.1   0.0040820363921010
6956.0   0.0041608112226309
6956.9   0.0041914033151167
6957.8   0.0041971684297662
6958.7   0.0042221723961894
6959.6   0.0043268832689071
6960.5   0.0044686092845940
6961.4   0.0045354032382544
6962.3   0.0045340089721854
6963.2   0.0045450404591894
6964.1   0.0045734500130684
6965.0   0.0046001353710670
6965.9   0.0046364988305166
6966.8   0.0047125144666906
6967.7   0.0048115083194834
6968.6   0.0048503255717871
6969.5   0.0048345880159715
6970.4   0.0048231424333879
6971.3   0.0048020456823991
6972.2   0.0047856535573804
6973.1   0.0048359024447975
6974.0   0.0049287728772418
6974.9   0.0049859714523777
6975.8   0.0050051944328922
6976.7   0.0050009871063756
6977.6   0.0049468449509943
6978.5   0.0048968384609897
6979.4   0.0049414424705689
6980.3   0.0050480324041806
6981.2   0.0051497888179601
6982.1   0.0052200489584295
6983.0   0.0052308808523260
6983.9   0.0052306754878515
6984.8   0.0052983861269646
6985.7   0.0053628648005781
6986.6   0.0053034096209593
6987.5   0.0051205390492406
6988.4   0.0048879986505902
6989.3   0.0047029397688977
6990.2   0.0046551042747660
6991.1   0.0047394927215626
6992.0   0.0048578043014776
6992.9   0.0049236676222151
6993.8   0.0049212388386179
6994.7   0.0048772350512028
6995.6   0.0048402944550569
6996.5   0.0048611800702042
6997.4   0.0049300911536458
6998.3   0.0049768324927906
6999.2   0.0049891221377927
7000.1   0.0050182858169550
7001.0   0.0050603643725404
7001.9   0.0050731162078468
7002.8   0.0050538547515525
7003.7   0.0050300175631505
7004.6   0.0050244097182508
7005.5   0.0050556890843525
7006.4   0.0051186715310806
7007.3   0.0051925065524368
7008.2   0.0052896290394916
7009.1   0.0053849311412167
7010.0   0.0054021211577182
7010.9   0.0053767372429699
7011.8   0.0054148143174605
7012.7   0.0054790077893565
7013.6   0.0054460013416908
7014.5   0.0053231525054478
7015.4   0.0052489678354431
7016.3   0.0053021139490760
7017.2   0.0054127428776677
7018.1   0.0054804015744782
7019.0   0.0054965104215685
7019.9   0.0055124191946041
7020.8   0.0055347308183387
7021.7   0.0054899469344890
7022.6   0.0053686486721702
7023.5   0.0052897564905121
7024.4   0.0053221247211810
7025.3   0.0054146700332864
7026.2   0.0054742675732903
7027.1   0.0054627912100828
7028.0   0.0054564903202002
7028.9   0.0055234809812846
7029.8   0.0056144786051492
7030.7   0.0056625117685995
7031.6   0.0056605711464579
7032.5   0.0056400019945991
7033.4   0.0056468997400153
7034.3   0.0056878302745222
7035.2   0.0057237373150343
7036.1   0.0057014165533021
7037.0   0.0055495738122749
7037.9   0.0053196954566365
7038.8   0.0052388900668299
7039.7   0.0053819473444965
7040.6   0.0055611199128331
7041.5   0.0056557193506304
7042.4   0.0057179803764880
7043.3   0.0057656994813860
7044.2   0.0057493799794015
7045.1   0.0056995071927315
7046.0   0.0056995596159815
7046.9   0.0057630331098487
7047.8   0.0058557491582268
7048.7   0.0059290036762559
7049.6   0.0059308404137921
7050.5   0.0058515735742285
7051.4   0.0056633014839790
7052.3   0.0052500345764369
7053.2   0.0044905005604348
7054.1   0.0034861629528787
7055.0   0.0026538471899913
7055.9   0.0023260804388072
7056.8   0.0023924458684706
7057.7   0.0025292181275136
7058.6   0.0025340593425017
7059.5   0.0024253777693129
7060.4   0.0023285907429628
7061.3   0.0023037423629741
7062.2   0.0023225933307930
7063.1   0.0023530651864671
7064.0   0.0023931663274465
7064.9   0.0024439156404741
7065.8   0.0025029230582059
7066.7   0.0025524269583375
7067.6   0.0025633165659035
7068.5   0.0025500722406162
7069.4   0.0025740707868196
7070.3   0.0026588519270434
7071.2   0.0027605790030408
7072.1   0.0028174243224239
7073.0   0.0028037608516108
7073.9   0.0027583928573297
7074.8   0.0027400387080169
7075.7   0.0027628031435845
7076.6   0.0028073410229173
7077.5   0.0028561126808653
7078.4   0.0029074497114287
7079.3   0.0029701556134898
7080.2   0.0030423219883726
7081.1   0.0031069949646738
7082.0   0.0031480272195234
7082.9   0.0031428983980816
7083.8   0.0030922455149771
7084.7   0.0030350955155131
7085.6   0.0029491230689585
7086.5   0.0027204331339674
7087.4   0.0023446940591598
7088.3   0.0020154535653741
7089.2   0.0018954842805356
7090.1   0.0019464176761220
7091.0   0.0020378922794187
7091.9   0.0020748759203433
7092.8   0.0020392680290187
7093.7   0.0019839719609550
7094.6   0.0019636896941291
7095.5   0.0019823292856330
7096.4   0.0020154695568701
7097.3   0.0020457661072727
7098.2   0.0020748708703972
7099.1   0.0021004827541406
7100.0   0.0021079744694067
7100.9   0.0021099937264232
7101.8   0.0021314343546935
7102.7   0.0021570630715905
7103.6   0.0021721741936169
7104.5   0.0021922032417174
7105.4   0.0022303873269704
7106.3   0.0022883217513942
7107.2   0.0023550238441304
7108.1   0.0024143700891977
7109.0   0.0024477002143606
7109.9   0.0024398600528140
7110.8   0.0024082079525958
7111.7   0.0023892473288045
7112.6   0.0023904177139301
7113.5   0.0023927808482281
7114.4   0.0023968114266314
7115.3   0.0024396349695024
7116.2   0.0025318700706335
7117.1   0.0026198711526758
7118.0   0.0026566520743357
7118.9   0.0026675438461644
7119.8   0.0026921108720137
7120.7   0.0027140456735803
7121.6   0.0027091881063858
7122.5   0.0026742407961050
7123.4   0.0025732488479745
7124.3   0.0023437011435684
7125.2   0.0020219274760289
7126.1   0.0017732081322269
7127.0   0.0017053962537183
7127.9   0.0017599146300836
7128.8   0.0018309496968047
7129.7   0.0018703426429630
7130.6   0.0018573510554540
7131.5   0.0018067031020587
7132.4   0.0017721517315989
7133.3   0.0017750594184174
7134.2   0.0017919284026315
7135.1   0.0018048031199595
7136.0   0.0018120342820546
7136.9   0.0018191425621282
7137.8   0.0018291251031865
7138.7   0.0018408527613304
7139.6   0.0018559558274905
7140.5   0.0018797913325771
7141.4   0.0019122757120062
7142.3   0.0019460717548146
7143.2   0.0019712967164977
7144.1   0.0019828507526855
7145.0   0.0019893482297554
7145.9   0.0020063334829665
7146.8   0.0020353997703113
7147.7   0.0020590703104922
7148.6   0.0020633572337782
7149.5   0.0020652846298704
7150.4   0.0020813655820204
7151.3   0.0021099295199657
7152.2   0.0021568100933386
7153.1   0.0022156181584365
7154.0   0.0022572277904561
7154.9   0.0022831760967988
7155.8   0.0023125040194459
7156.7   0.0023161039095895
7157.6   0.0022568261995049
7158.5   0.0021576010110862
7159.4   0.0020959697856485
7160.3   0.0020975064121026
7161.2   0.0021224654099582
7162.1   0.0021493128471791
7163.0   0.0021697658502777
7163.9   0.0021746657408299
7164.8   0.0021743081565518
7165.7   0.0021878658189705
7166.6   0.0022103623669215
7167.5   0.0022230988119160
7168.4   0.0022262918206887
7169.3   0.0022449001506216
7170.2   0.0022949960968141
7171.1   0.0023506335171864
7172.0   0.0023824534679937
7172.9   0.0023815009519711
7173.8   0.0023661774917351
7174.7   0.0023852535428656
7175.6   0.0024383029861019
7176.5   0.0024681784671897
7177.4   0.0024648909522830
7178.3   0.0024713481500209
7179.2   0.0025080624604871
7180.1   0.0025539291970634
7181.0   0.0025846367168885
7181.9   0.0026042377219391
7182.8   0.0026482994634974
7183.7   0.0027115031459591
7184.6   0.0027318929044948
7185.5   0.0027090293937943
7186.4   0.0026865761310955
7187.3   0.0026720871143330
7188.2   0.0026904419850667
7189.1   0.0027608822402801
7190.0   0.0028302273786121
7190.9   0.0028380761972091
7191.8   0.0028054367122929
7192.7   0.0027976879307232
7193.6   0.0028156921909139
7194.5   0.0028213317783319
7195.4   0.0027962087774651
7196.3   0.0027076442657230
7197.2   0.0025671754461397
7198.1   0.0024783435277282
7199.0   0.0024921375757188
7199.9   0.0025326624312229
7200.8   0.0025335514622089
7201.7   0.0025258774679361
7202.6   0.0025460176148506
7203.5   0.0025667844360279
7204.4   0.0025653370252881
7205.3   0.0025474229427063
7206.2   0.0025302064741062
7207.1   0.0025230312221285
7208.0   0.0025269862918140
7208.9   0.0025425184831552
7209.8   0.0025806474999484
7210.7   0.0026481106917030
7211.6   0.0027148414008004
7212.5   0.0027515191592759
7213.4   0.0027640382161147
7214.3   0.0027807448806330
7215.2   0.0028079323475575
7216.1   0.0028263944695273
7217.0   0.0028448173942964
7217.9   0.0028689854744043
7218.8   0.0028785647411960
7219.7   0.0028810697549319
7220.6   0.0028969383688724
7221.5   0.0029244692321312
7222.4   0.0029363101533518
7223.3   0.0029270410975344
7224.2   0.0029408149457406
7225.1   0.0029958052515920
7226.0   0.0030690835765098
7226.9   0.0031361348369474
7227.8   0.0031539919272804
7228.7   0.0031252115630740
7229.6   0.0030919155851656
7230.5   0.0030653834088652
7231.4   0.0030564813157972
7232.3   0.0030835326746508
7233.2   0.0031421606250048
7234.1   0.0032034638444200
7235.0   0.0032197131281064
7235.9   0.0032089637166628
7236.8   0.0032321537905440
7237.7   0.0032982874036343
7238.6   0.0033837382628995
7239.5   0.0034400297715277
7240.4   0.0034418720399572
7241.3   0.0034609793526588
7242.2   0.0035315619682573
7243.1   0.0035588713553089
7244.0   0.0035281965398966
7244.9   0.0035462972300102
7245.8   0.0036420307414158
7246.7   0.0037718687030519
7247.6   0.0039117858761430
7248.5   0.0040148143953908
7249.4   0.0040190356693775
7250.3   0.0039332195306782
7251.2   0.0038296982809759
7252.1   0.0037605849592169
7253.0   0.0037409899660069
7253.9   0.0038004694334616
7254.8   0.0039334739517719
7255.7   0.0040329179711879
7256.6   0.0040434172900631
7257.5   0.0040340503614809
7258.4   0.0040514899896036
7259.3   0.0040672876638251
7260.2   0.0040651051252183
7261.1   0.0040841520790404
7262.0   0.0041675069702033
7262.9   0.0042852519942614
7263.8   0.0043624320037203
7264.7   0.0043440386572068
7265.6   0.0042686155480411
7266.5   0.0042883541040044
7267.4   0.0044381186719773
7268.3   0.0045147152924256
7269.2   0.0043653677057158
7270.1   0.0040953783496794
7271.0   0.0039271701762057
7271.9   0.0039513264731061
7272.8   0.0040781229243523
7273.7   0.0042202144599469
7274.6   0.0043602157988062
7275.5   0.0044530804598836
7276.4   0.0044525485322284
7277.3   0.0044046038630716
7278.2   0.0044049876589747
7279.1   0.0044616148687812
7280.0   0.0044928980824609
7280.9   0.0044815914936317
7281.8   0.0045073558376524
7282.7   0.0045788404698126
7283.6   0.0046258141064777
7284.5   0.0046846873399276
7285.4   0.0048068816069675
7286.3   0.0049016758283998
7287.2   0.0048951633217284
7288.1   0.0048807469280002
7289.0   0.0049269159399212
7289.9   0.0049047909237184
7290.8   0.0047783186309167
7291.7   0.0047172282306582
7292.6   0.0047876706501342
7293.5   0.0049174576313621
7294.4   0.0050586608573916
7295.3   0.0051944173558490
7296.2   0.0052819911162624
7297.1   0.0052838528630554
7298.0   0.0052225643125312
7298.9   0.0051465659904581
7299.8   0.0051465222242586
7300.7   0.0052839706951309
7301.6   0.0054295284175346
7302.5   0.0054388058899288
7303.4   0.0053710726462950
7304.3   0.0053277171757689
7305.2   0.0053383826619179
7306.1   0.0054168554575767
7307.0   0.0055513917928685
7307.9   0.0056882155132670
7308.8   0.0057526143496374
7309.7   0.0057161118964335
7310.6   0.0056599920859725
7311.5   0.0056758638260701
7312.4   0.0057345196713644
7313.3   0.0057788620456413
7314.2   0.0057974747040994
7315.1   0.0057797998927729
7316.0   0.0057571544916489
7316.9   0.0057593187542603
7317.8   0.0058044941291690
7318.7   0.0059347288722839
7319.6   0.0060803702795085
7320.5   0.0061349260495223
7321.4   0.0061161181264819
7322.3   0.0060606312425980
7323.2   0.0059942653319874
7324.1   0.0059793833813241
7325.0   0.0060234294920969
7325.9   0.0061314714054472
7326.8   0.0063388851961265
7327.7   0.0065532404984214
7328.6   0.0066355459626914
7329.5   0.0065788874913138
7330.4   0.0064577253370659
7331.3   0.0063683788051002
7332.2   0.0063997620558073
7333.1   0.0065145728207116
7334.0   0.0065954469859745
7334.9   0.0066643397934207
7335.8   0.0068148676246746
7336.7   0.0069648678567986
7337.6   0.0070099831133014
7338.5   0.0070627949685977
7339.4   0.0072131660110490
7340.3   0.0073264295686598
7341.2   0.0072666444592296
7342.1   0.0070394170848165
7343.0   0.0067273049260479
7343.9   0.0064927714820060
7344.8   0.0064997331934060
7345.7   0.0067091280057956
7346.6   0.0069311592261523
7347.5   0.0070635803554520
7348.4   0.0071023610557648
7349.3   0.0070638443954906
7350.2   0.0069904792595947
7351.1   0.0069344224532231
7352.0   0.0069299785006610
7352.9   0.0069685793267035
7353.8   0.0069805260563185
7354.7   0.0068586242052047
7355.6   0.0066100336350281
7356.5   0.0064616941137480
7357.4   0.0066402727122347
7358.3   0.0070486647384814
7359.2   0.0073268590545513
7360.1   0.0073088653752001
7361.0   0.0071686981095406
7361.9   0.0070752784353402
7362.8   0.0070568557510447
7363.7   0.0071574992528947
7364.6   0.0073727702787479
7365.5   0.0076065342071946
7366.4   0.0078581552259745
7367.3   0.0081424311199824
7368.2   0.0083562342948378
7369.1   0.0084512454234784
7370.0   0.0085207163295155
7370.9   0.0085945677030781
7371.8   0.0085953728087695
7372.7   0.0085356430082727
7373.6   0.0085000971591430
7374.5   0.0085119188424738
7375.4   0.0085605656946112
7376.3   0.0086457991657207
7377.2   0.0087656800765027
7378.1   0.0088796559169862
7379.0   0.0089296782782499
7379.9   0.0088827080082155
7380.8   0.0087518884332483
7381.7   0.0086328049330019
7382.6   0.0086153782904549
7383.5   0.0086347325695678
7384.4   0.0085607397975146
7385.3   0.0084298076808916
7386.2   0.0083938780358588
7387.1   0.0084396613280877
7388.0   0.0084073070448890
7388.9   0.0082523448800179
7389.8   0.0081083819786853
7390.7   0.0081168610786495
7391.6   0.0082427634489636
7392.5   0.0083221139733481
7393.4   0.0083132924389440
7394.3   0.0083382276299109
7395.2   0.0084525391715728
7396.1   0.0085687446834933
7397.0   0.0085938472441021
7397.9   0.0084890517246689
7398.8   0.0083120063860056
7399.7   0.0082332503124184
7400.6   0.0083659003726076
7401.5   0.0086245893921290
7402.4   0.0088474266800716
7403.3   0.0089649461398709
7404.2   0.0089949562861878
7405.1   0.0089791244647118
7406.0   0.0089679145462792
7406.9   0.0089762320479685
7407.8   0.0089909653859324
7408.7   0.0090109958768746
7409.6   0.0090124877752347
