3540.5   0.0008356271982233
3541.4   0.0008335118030638
3542.3   0.0008463972694475
3543.2   0.0008635518331048
3544.1   0.0008720093702309
3545.0   0.0008708976172818
3545.9   0.0008687950620460
3546.8   0.0008680717699922
3547.7   0.0008696367509651
3548.6   0.0008781452930919
3549.5   0.0008905221991838
3550.4   0.0008947590193012
3551.3   0.0008881500055509
3552.2   0.0008753490982226
3553.1   0.0008614268612066
3554.0   0.0008545249411312
3554.9   0.0008595465572463
3555.8   0.0008706339377444
3556.7   0.0008795751356417
3557.6   0.0008861619455461
3558.5   0.0008938103546645
3559.4   0.0009022585988072
3560.3   0.0009115788227386
3561.2   0.0009229798236928
3562.1   0.0009362226797751
3563.0   0.0009327204309815
3563.9   0.0008906994043183
3564.8   0.0008259394403442
3565.7   0.0007893748137307
3566.6   0.0008013220434819
3567.5   0.0008217131901087
3568.4   0.0008075516055653
3569.3   0.0007709584615522
3570.2   0.0007565239754267
3571.1   0.0007779266384713
3572.0   0.0008105308934898
3572.9   0.0008287564912221
3573.8   0.0008373851327454
3574.7   0.0008441268729995
3575.6   0.0008518006782100
3576.5   0.0008648303631839
3577.4   0.0008824860385583
3578.3   0.0008925716212549
3579.2   0.0008675368204651
3580.1   0.0008020121361751
3581.0   0.0007545095971253
3581.9   0.0007782044348310
3582.8   0.0008279348779847
3583.7   0.0008211232630079
3584.6   0.0007574273811060
3585.5   0.0007048371109750
3586.4   0.0007017407740226
3587.3   0.0007322980188894
3588.2   0.0007658959137468
3589.1   0.0007979271960388
3590.0   0.0008439373245130
3590.9   0.0008953142573265
3591.8   0.0009185281299356
3592.7   0.0009066578687876
3593.6   0.0008914533419358
3594.5   0.0008958445248925
3595.4   0.0009151027078676
3596.3   0.0009347755990957
3597.2   0.0009422310546650
3598.1   0.0009384460437955
3599.0   0.0009406373434761
3599.9   0.0009491004138290
3600.8   0.0009404778730429
3601.7   0.0009053683431937
3602.6   0.0008658234355124
3603.5   0.0008429002701255
3604.4   0.0008366992254417
3605.3   0.0008444795807370
3606.2   0.0008591893803640
3607.1   0.0008577911765212
3608.0   0.0008234577171966
3608.9   0.0007836887847698
3609.8   0.0007822015527269
3610.7   0.0008175228349085
3611.6   0.0008455820407026
3612.5   0.0008429563827201
3613.4   0.0008384829107499
3614.3   0.0008616545747701
3615.2   0.0008969729484606
3616.1   0.0009075664529996
3617.0   0.0008701176451229
3617.9   0.0008029698809789
3618.8   0.0007661041900778
3619.7   0.0007916386128698
3620.6   0.0008422203926202
3621.5   0.0008712809705831
3622.4   0.0008745143613064
3623.3   0.0008701857463756
3624.2   0.0008811886387571
3625.1   0.0009176159278445
3626.0   0.0009567867752080
3626.9   0.0009753276249889
3627.8   0.0009758288076449
3628.7   0.0009544093321035
3629.6   0.0008916675061875
3630.5   0.0008102043621712
3631.4   0.0007777055931555
3632.3   0.0008110286710831
3633.2   0.0008542101856543
3634.1   0.0008704203410031
3635.0   0.0008761834804448
3635.9   0.0008882590384939
3636.8   0.0009049925094058
3637.7   0.0009260934697136
3638.6   0.0009465220720293
3639.5   0.0009516948587374
3640.4   0.0009395813484277
3641.3   0.0009171142486169
3642.2   0.0008853580670099
3643.1   0.0008539449454631
3644.0   0.0008426055193915
3644.9   0.0008573715734907
3645.8   0.0008756127068213
3646.7   0.0008720273886873
3647.6   0.0008567233346924
3648.5   0.0008547247048056
3649.4   0.0008673836635855
3650.3   0.0008888390341621
3651.2   0.0009152984280301
3652.1   0.0009397273404880
3653.0   0.0009569018379494
3653.9   0.0009668380235230
3654.8   0.0009742663804689
3655.7   0.0009804496904515
3656.6   0.0009866244877776
3657.5   0.0009908029252586
3658.4   0.0009886119093332
3659.3   0.0009828750881880
3660.2   0.0009766172215216
3661.1   0.0009666641525124
3662.0   0.0009557163086434
3662.9   0.0009492752779829
3663.8   0.0009519745704448
3664.7   0.0009636556378003
3665.6   0.0009727215461165
3666.5   0.0009667868766447
3667.4   0.0009457514637926
3668.3   0.0009200796325356
3669.2   0.0009042516245284
3670.1   0.0009188974373534
3671.0   0.0009610240209582
3671.9   0.0009920002304062
3672.8   0.0009898931350869
3673.7   0.0009756714653758
3674.6   0.0009707946353614
3675.5   0.0009635952688774
3676.4   0.0009416986589349
3677.3   0.0009179969401651
3678.2   0.0009073364693944
3679.1   0.0009057712756050
3680.0   0.0009069191364057
3680.9   0.0009125203934949
3681.8   0.0009240883843956
3682.7   0.0009359004757236
3683.6   0.0009380584341660
3684.5   0.0009229728716899
3685.4   0.0008958871591142
3686.3   0.0008744628597341
3687.2   0.0008760601888020
3688.1   0.0009010178081722
3689.0   0.0009286606741209
3689.9   0.0009482702169963
3690.8   0.0009674344060551
3691.7   0.0009865471644803
3692.6   0.0009952920747047
3693.5   0.0009958493699553
3694.4   0.0009997195073907
3695.3   0.0009997781028434
3696.2   0.0009833743554963
3697.1   0.0009716952744273
3698.0   0.0009951309726790
3698.9   0.0010411022976270
3699.8   0.0010692017966623
3700.7   0.0010599305205062
3701.6   0.0010213795364191
3702.5   0.0009644294382832
3703.4   0.0009017670638286
3704.3   0.0008541526542836
3705.2   0.0008419363536457
3706.1   0.0008686265114458
3707.0   0.0009095796962802
3707.9   0.0009344672281112
3708.8   0.0009395487165775
3709.7   0.0009362232472855
3710.6   0.0009294759028658
3711.5   0.0009309680296862
3712.4   0.0009601597734992
3713.3   0.0010109271291629
3714.2   0.0010482246245689
3715.1   0.0010581456292383
3716.0   0.0010638086740264
3716.9   0.0010718692376008
3717.8   0.0010468279104410
3718.7   0.0009615111577309
3719.6   0.0008493786145973
3720.5   0.0007668860775844
3721.4   0.0007449139887536
3722.3   0.0007944957441725
3723.2   0.0008917025499571
3724.1   0.0009850941958802
3725.0   0.0010354822417546
3725.9   0.0010268773647309
3726.8   0.0009916052431410
3727.7   0.0009933438823082
3728.6   0.0010330791897416
3729.5   0.0010513743784414
3730.4   0.0010226354370195
3731.3   0.0009653538418487
3732.2   0.0008815779509179
3733.1   0.0007755025176333
3734.0   0.0006954727631070
3734.9   0.0006858481407641
3735.8   0.0007302488805736
3736.7   0.0007962804226239
3737.6   0.0008830912175022
3738.5   0.0009772387873293
3739.4   0.0010499858932148
3740.3   0.0010903095670953
3741.2   0.0010922060451031
3742.1   0.0010582861590106
3743.0   0.0010099661921129
3743.9   0.0009607884331874
3744.8   0.0009149162097498
3745.7   0.0008844355787922
3746.6   0.0008639888161424
3747.5   0.0008098124962134
3748.4   0.0007163250119651
3749.3   0.0006606141438104
3750.2   0.0007055906229597
3751.1   0.0008219165007233
3752.0   0.0009323349495161
3752.9   0.0010039074506715
3753.8   0.0010584290297635
3754.7   0.0011093069080851
3755.6   0.0011300473573868
3756.5   0.0010858738345692
3757.4   0.0009972082027615
3758.3   0.0009419962472211
3759.2   0.0009592590634945
3760.1   0.0010087847772576
3761.0   0.0010451031043408
3761.9   0.0010596357697722
3762.8   0.0010604698682392
3763.7   0.0010626671267794
3764.6   0.0010703519275047
3765.5   0.0010586076536740
3766.4   0.0010214724662534
3767.3   0.0009841741195818
3768.2   0.0009409469204203
3769.1   0.0008699734974716
3770.0   0.0008093834583219
3770.9   0.0008266356337746
3771.8   0.0009212882878920
3772.7   0.0010252850723181
3773.6   0.0010853207956469
3774.5   0.0011052906367119
3775.4   0.0011155601637293
3776.3   0.0011344859274651
3777.2   0.0011576621315688
3778.1   0.0011763399641818
3779.0   0.0011940889240846
3779.9   0.0012138096280671
3780.8   0.0012260922564875
3781.7   0.0012265878349779
3782.6   0.0012269314625484
3783.5   0.0012309397887755
3784.4   0.0012157390216804
3785.3   0.0011676962836319
3786.2   0.0011192254298963
3787.1   0.0011039436506861
3788.0   0.0011105306734069
3788.9   0.0011161603060180
3789.8   0.0011242547783411
3790.7   0.0011371283270056
3791.6   0.0011330039448938
3792.5   0.0010965946742628
3793.4   0.0010410889611317
3794.3   0.0009895310634271
3795.2   0.0009400525949081
3796.1   0.0008644879415731
3797.0   0.0007699914237650
3797.9   0.0007300306018712
3798.8   0.0007965721229893
3799.7   0.0009242792097805
3800.6   0.0010377888879318
3801.5   0.0011139311250156
3802.4   0.0011694108036054
3803.3   0.0012087999296713
3804.2   0.0012181679663571
3805.1   0.0011977915040629
3806.0   0.0011699974675212
3806.9   0.0011664575502222
3807.8   0.0012036997133605
3808.7   0.0012588610185943
3809.6   0.0012986450609866
3810.5   0.0013064371211847
3811.4   0.0012734851950839
3812.3   0.0012128679863720
3813.2   0.0011581505452400
3814.1   0.0011274390084727
3815.0   0.0011181311278933
3815.9   0.0011467853683822
3816.8   0.0012149134358700
3817.7   0.0012584441821772
3818.6   0.0012179941662853
3819.5   0.0011259171582931
3820.4   0.0010843903622830
3821.3   0.0011372704883704
3822.2   0.0012017022184946
3823.1   0.0011839250249475
3824.0   0.0011009043485328
3824.9   0.0010311201437079
3825.8   0.0010109228728346
3826.7   0.0010139062042710
3827.6   0.0010066084456648
3828.5   0.0009921483506307
3829.4   0.0009872875527862
3830.3   0.0009669487589973
3831.2   0.0008962679586184
3832.1   0.0008061858916950
3833.0   0.0007422606646372
3833.9   0.0007004306761753
3834.8   0.0006811612139302
3835.7   0.0007049323108511
3836.6   0.0007494049826086
3837.5   0.0007800365713428
3838.4   0.0008134261898694
3839.3   0.0008710975937726
3840.2   0.0009425126817201
3841.1   0.0010247189097169
3842.0   0.0011122999581378
3842.9   0.0011768141191532
3843.8   0.0012035037803816
3844.7   0.0012082331286208
3845.6   0.0012200843072303
3846.5   0.0012514916117952
3847.4   0.0012795943030767
3848.3   0.0012736946064357
3849.2   0.0012450960529086
3850.1   0.0012406066197072
3851.0   0.0012742750277367
3851.9   0.0013120675341227
3852.8   0.0013280716122435
3853.7   0.0013186749162805
3854.6   0.0012842677515377
3855.5   0.0012463583380014
3856.4   0.0012333999465264
3857.3   0.0012246100610997
3858.2   0.0011767580065586
3859.1   0.0011196812117173
3860.0   0.0011311568402941
3860.9   0.0012141627614375
3861.8   0.0012959737893526
3862.7   0.0013296959689960
3863.6   0.0013268260687086
3864.5   0.0013099724274613
3865.4   0.0012954848791098
3866.3   0.0012979954034121
3867.2   0.0013142829529969
3868.1   0.0013293638335119
3869.0   0.0013310355773861
3869.9   0.0013035289139427
3870.8   0.0012391545023727
3871.7   0.0011643203059109
3872.6   0.0011343132624142
3873.5   0.0011712915331986
3874.4   0.0012332894238685
3875.3   0.0012656829196978
3876.2   0.0012393247555043
3877.1   0.0011646151985225
3878.0   0.0011099826002010
3878.9   0.0011395279030171
3879.8   0.0012136322810551
3880.7   0.0012434860257945
3881.6   0.0012171098431446
3882.5   0.0011791699968610
3883.4   0.0011463001469573
3884.3   0.0010939708606892
3885.2   0.0010080245260864
3886.1   0.0009129271566016
3887.0   0.0008280280915743
3887.9   0.0007548075401055
3888.8   0.0007310099830104
3889.7   0.0008004155874340
3890.6   0.0009259336445863
3891.5   0.0010266956195129
3892.4   0.0010729413357579
3893.3   0.0010875455075046
3894.2   0.0010968012480624
3895.1   0.0011197675442427
3896.0   0.0011565249825277
3896.9   0.0011802735209086
3897.8   0.0011745789083523
3898.7   0.0011636262406446
3899.6   0.0011746470805438
3900.5   0.0011991220322860
3901.4   0.0012098916778773
3902.3   0.0011985296932658
3903.2   0.0011784085397301
3904.1   0.0011489670913242
3905.0   0.0011147943083926
3905.9   0.0011189406105950
3906.8   0.0011815507031505
3907.7   0.0012543304408862
3908.6   0.0012918597643063
3909.5   0.0013007832984412
3910.4   0.0013114034050320
3911.3   0.0013284382239867
3912.2   0.0013241767881041
3913.1   0.0012939856584089
3914.0   0.0012709125283886
3914.9   0.0012684824486909
3915.8   0.0012662732724315
3916.7   0.0012510242669491
3917.6   0.0012279054523385
3918.5   0.0012073431303757
3919.4   0.0011913847368451
3920.3   0.0011816277426925
3921.2   0.0011833097017546
3922.1   0.0011936840053867
3923.0   0.0012055595869451
3923.9   0.0012076149678757
3924.8   0.0011871855142943
3925.7   0.0011438649596657
3926.6   0.0010765888672238
3927.5   0.0009844259523388
3928.4   0.0008831090940810
3929.3   0.0007762911443264
3930.2   0.0006475435271462
3931.1   0.0004996958850562
3932.0   0.0003610383296602
3932.9   0.0002693668433456
3933.8   0.0002603139877696
3934.7   0.0003415868384420
3935.6   0.0004871803645396
3936.5   0.0006584246885387
3937.4   0.0008216258644400
3938.3   0.0009596936346128
3939.2   0.0010644037796600
3940.1   0.0011272303774477
3941.0   0.0011550332813401
3941.9   0.0011639366688545
3942.8   0.0011595108677610
3943.7   0.0011610801760011
3944.6   0.0011989729189183
3945.5   0.0012521719149333
3946.4   0.0012659804370452
3947.3   0.0012399912965143
3948.2   0.0012238318624109
3949.1   0.0012412850784364
3950.0   0.0012679489888787
3950.9   0.0012719140424349
3951.8   0.0012551031063482
3952.7   0.0012496804022307
3953.6   0.0012688667951354
3954.5   0.0012769885788983
3955.4   0.0012443008289066
3956.3   0.0012065557096422
3957.2   0.0012107508886812
3958.1   0.0012450733524910
3959.0   0.0012569896529233
3959.9   0.0012167735932098
3960.8   0.0011436353307545
3961.7   0.0010791003137305
3962.6   0.0010377571073473
3963.5   0.0009914096648562
3964.4   0.0009041713218013
3965.3   0.0007607042573167
3966.2   0.0005779929592750
3967.1   0.0004053974283912
3968.0   0.0003059540994379
3968.9   0.0003175265949527
3969.8   0.0004277446770913
3970.7   0.0005881242265618
3971.6   0.0007472741937285
3972.5   0.0008732710168744
3973.4   0.0009665799481511
3974.3   0.0010450530215446
3975.2   0.0011095250449099
3976.1   0.0011519848990197
3977.0   0.0011847865057932
3977.9   0.0012285515629727
3978.8   0.0012758207842935
3979.7   0.0013007759208055
3980.6   0.0012947868412704
3981.5   0.0012769735398717
3982.4   0.0012707358907646
3983.3   0.0012805961008782
3984.2   0.0012964754685802
3985.1   0.0013057837747924
3986.0   0.0013072232650197
3986.9   0.0013168600178981
3987.8   0.0013369819517607
3988.7   0.0013470593764947
3989.6   0.0013478436759207
3990.5   0.0013564986357406
3991.4   0.0013730587322135
3992.3   0.0013835105719593
3993.2   0.0013774218943423
3994.1   0.0013560212175842
3995.0   0.0013304155722321
3995.9   0.0013069741279372
3996.8   0.0012880401353000
3997.7   0.0012869265379421
3998.6   0.0013125353046016
3999.5   0.0013451850313939
4000.4   0.0013636996338170
4001.3   0.0013755014390184
4002.2   0.0013824395378842
4003.1   0.0013642862977328
4004.0   0.0013157508187461
4004.9   0.0012694530334184
4005.8   0.0012640177021937
4006.7   0.0012978985010047
4007.6   0.0013407249668578
4008.5   0.0013686781191387
4009.4   0.0013790662558378
4010.3   0.0013827938062754
4011.2   0.0013829295831479
4012.1   0.0013790834230286
4013.0   0.0013765456582252
4013.9   0.0013770130030713
4014.8   0.0013790309283130
4015.7   0.0013775379502269
4016.6   0.0013730255328528
4017.5   0.0013778651199947
4018.4   0.0013945485081104
4019.3   0.0014090606012884
4020.2   0.0014121149424684
4021.1   0.0014101645509689
4022.0   0.0014074820710037
4022.9   0.0013996637634478
4023.8   0.0013886783220122
4024.7   0.0013888717011941
4025.6   0.0014104782423638
4026.5   0.0014351574269250
4027.4   0.0014368300220649
4028.3   0.0014105259132406
4029.2   0.0013662188126535
4030.1   0.0013265769316261
4031.0   0.0013116746750216
4031.9   0.0013122960989518
4032.8   0.0013148969992914
4033.7   0.0013267447728383
4034.6   0.0013543869293989
4035.5   0.0013907449112740
4036.4   0.0014251164647367
4037.3   0.0014482532978038
4038.2   0.0014520827163651
4039.1   0.0014358766045282
4040.0   0.0014108112291136
4040.9   0.0013989132308929
4041.8   0.0014035370221905
4042.7   0.0013924348154822
4043.6   0.0013336002989353
4044.5   0.0012476366552641
4045.4   0.0012096411220187
4046.3   0.0012646395517567
4047.2   0.0013574934815392
4048.1   0.0014114296736139
4049.0   0.0014247711346349
4049.9   0.0014298678040054
4050.8   0.0014288000331154
4051.7   0.0014135308810124
4052.6   0.0013961887551553
4053.5   0.0013829843479052
4054.4   0.0013722879111604
4055.3   0.0013669274913136
4056.2   0.0013600746608911
4057.1   0.0013494131260383
4058.0   0.0013562887987559
4058.9   0.0013873158713270
4059.8   0.0014159493267461
4060.7   0.0014121250157787
4061.6   0.0013646138931334
4062.5   0.0012998298809045
4063.4   0.0012769187751144
4064.3   0.0013161602775275
4065.2   0.0013565959637808
4066.1   0.0013557925108775
4067.0   0.0013518232009930
4067.9   0.0013780348056158
4068.8   0.0014054336420760
4069.7   0.0013863106684628
4070.6   0.0013310225246460
4071.5   0.0013064112994598
4072.4   0.0013420105198786
4073.3   0.0013874285221490
4074.2   0.0013912040272187
4075.1   0.0013596833624438
4076.0   0.0013176633289238
4076.9   0.0012841546750828
4077.8   0.0012834008793429
4078.7   0.0013157647227518
4079.6   0.0013576336566176
4080.5   0.0013921872390534
4081.4   0.0014050988109173
4082.3   0.0013888498520423
4083.2   0.0013555560009022
4084.1   0.0013329429799699
4085.0   0.0013388811254431
4085.9   0.0013653827279000
4086.8   0.0013916603056113
4087.7   0.0014037075590773
4088.6   0.0014044532677935
4089.5   0.0014004259299667
4090.4   0.0013888165108040
4091.3   0.0013701103736079
4092.2   0.0013544039547121
4093.1   0.0013442795684893
4094.0   0.0013265712565217
4094.9   0.0012978374936326
4095.8   0.0012719375941181
4096.7   0.0012500502771590
4097.6   0.0012179653651306
4098.5   0.0011579014790963
4099.4   0.0010484872400243
4100.3   0.0009044645828204
4101.2   0.0008098198029103
4102.1   0.0008407952320315
4103.0   0.0009676567282693
4103.9   0.0011017065954764
4104.8   0.0011930245582572
4105.7   0.0012395419701246
4106.6   0.0012598064909848
4107.5   0.0012735399598412
4108.4   0.0012880255219062
4109.3   0.0013031983391122
4110.2   0.0013224776618512
4111.1   0.0013440761159971
4112.0   0.0013620771214734
4112.9   0.0013751847681937
4113.8   0.0013821347847787
4114.7   0.0013925480338147
4115.6   0.0014065895189616
4116.5   0.0014034246551237
4117.4   0.0013738191962011
4118.3   0.0013454523288105
4119.2   0.0013469209039477
4120.1   0.0013570577754001
4121.0   0.0013567060608058
4121.9   0.0013622395713364
4122.8   0.0013828898574172
4123.7   0.0014049366448095
4124.6   0.0014113347574931
4125.5   0.0013997189538379
4126.4   0.0013805703003774
4127.3   0.0013708216060649
4128.2   0.0013820499419682
4129.1   0.0014014613527617
4130.0   0.0013984727009150
4130.9   0.0013644305872618
4131.8   0.0013262516062672
4132.7   0.0013184459258185
4133.6   0.0013356163797680
4134.5   0.0013579420985409
4135.4   0.0013810372195907
4136.3   0.0013991030631346
4137.2   0.0014133257259889
4138.1   0.0014252293993140
4139.0   0.0014313192119519
4139.9   0.0014306274167274
4140.8   0.0014159290382479
4141.7   0.0013774031664978
4142.6   0.0013289692718796
4143.5   0.0013155547438896
4144.4   0.0013550229667229
4145.3   0.0014026109870325
4146.2   0.0014162691188782
4147.1   0.0014038810753939
4148.0   0.0013913029159126
4148.9   0.0013884415282818
4149.8   0.0013930482942662
4150.7   0.0013978101324781
4151.6   0.0013937090182943
4152.5   0.0013750863051326
4153.4   0.0013486688360982
4154.3   0.0013351559869248
4155.2   0.0013399916014936
4156.1   0.0013484361568185
4157.0   0.0013584399470730
4157.9   0.0013759099046565
4158.8   0.0013922983292218
4159.7   0.0014039249155752
4160.6   0.0014117592553011
4161.5   0.0014162343588638
4162.4   0.0014185360393248
4163.3   0.0014200816540040
4164.2   0.0014240137919547
4165.1   0.0014239473932334
4166.0   0.0014098440494488
4166.9   0.0013921548909584
4167.8   0.0013933370152018
4168.7   0.0014055448741219
4169.6   0.0013969384364445
4170.5   0.0013597367084250
4171.4   0.0013160405328250
4172.3   0.0012903647999337
4173.2   0.0012925826307273
4174.1   0.0013135606540863
4175.0   0.0013337122403693
4175.9   0.0013413263860450
4176.8   0.0013379462938733
4177.7   0.0013417294603339
4178.6   0.0013632060416131
4179.5   0.0013840360866253
4180.4   0.0013827743690429
4181.3   0.0013661972472569
4182.2   0.0013586818483975
4183.1   0.0013624251472498
4184.0   0.0013683622995797
4184.9   0.0013704362664772
4185.8   0.0013512663313752
4186.7   0.0013172574170827
4187.6   0.0013106622363993
4188.5   0.0013465723106608
4189.4   0.0013856818668970
4190.3   0.0013939031068642
4191.2   0.0013884324481147
4192.1   0.0013998992802798
4193.0   0.0014166872321938
4193.9   0.0014105430804314
4194.8   0.0013879540368151
4195.7   0.0013737654245870
4196.6   0.0013554717256021
4197.5   0.0013176387840974
4198.4   0.0012966092591661
4199.3   0.0013136337210553
4200.2   0.0013337970831798
4201.1   0.0013344146764145
4202.0   0.0013379915528308
4202.9   0.0013549186866798
4203.8   0.0013682253876864
4204.7   0.0013730475238823
4205.6   0.0013742971818679
4206.5   0.0013773489692509
4207.4   0.0013837948946890
4208.3   0.0013841968339570
4209.2   0.0013770443580230
4210.1   0.0013754014153036
4211.0   0.0013882105515333
4211.9   0.0014037252937785
4212.8   0.0014065451112698
4213.7   0.0013875976402597
4214.6   0.0013494134097935
4215.5   0.0013222655548248
4216.4   0.0013298948814047
4217.3   0.0013527002883757
4218.2   0.0013667346796421
4219.1   0.0013787170950405
4220.0   0.0013939845446122
4220.9   0.0013982825849181
4221.8   0.0013845092484534
4222.7   0.0013608033442942
4223.6   0.0013272654636656
4224.5   0.0012671381583397
4225.4   0.0011814959383932
4226.3   0.0011330244462084
4227.2   0.0011889243662778
4228.1   0.0013018927813485
4229.0   0.0013767411655713
4229.9   0.0013978063017826
4230.8   0.0013927499256532
4231.7   0.0013709617811432
4232.6   0.0013447616686068
4233.5   0.0013343050050223
4234.4   0.0013307715431546
4235.3   0.0013196165579755
4236.2   0.0013168407225432
4237.1   0.0013274436619433
4238.0   0.0013351710259514
4238.9   0.0013450610303631
4239.8   0.0013659640004666
4240.7   0.0013835788150895
4241.6   0.0013823606539333
4242.5   0.0013736331946549
4243.4   0.0013761953624071
4244.3   0.0013785110887513
4245.2   0.0013590632154121
4246.1   0.0013223688417246
4247.0   0.0012971627237212
4247.9   0.0012959830113972
4248.8   0.0012959099444282
4249.7   0.0012912542306684
4250.6   0.0013104136668273
4251.5   0.0013522780606095
4252.4   0.0013740514498480
4253.3   0.0013583546786297
4254.2   0.0013408265512263
4255.1   0.0013543003840570
4256.0   0.0013855985847401
4256.9   0.0013970414395891
4257.8   0.0013713850020528
4258.7   0.0013234208642000
4259.6   0.0012831076183238
4260.5   0.0012832585761004
4261.4   0.0013284617756699
4262.3   0.0013793226286784
4263.2   0.0014038389377438
4264.1   0.0014062044631291
4265.0   0.0013996048842398
4265.9   0.0013854037867821
4266.8   0.0013651113160328
4267.7   0.0013537602559972
4268.6   0.0013470623559245
4269.5   0.0013151336511442
4270.4   0.0012590341092780
4271.3   0.0012281663652626
4272.2   0.0012499177634716
4273.1   0.0012806285908508
4274.0   0.0012894716803811
4274.9   0.0013056366477112
4275.8   0.0013440524224363
4276.7   0.0013782559928092
4277.6   0.0013843873755867
4278.5   0.0013666759423117
4279.4   0.0013425614306368
4280.3   0.0013261396648332
4281.2   0.0013181745139513
4282.1   0.0013169974973019
4283.0   0.0013258810219509
4283.9   0.0013313535251093
4284.8   0.0013197580099523
4285.7   0.0013052064747988
4286.6   0.0012991098520357
4287.5   0.0012821916564761
4288.4   0.0012411871828858
4289.3   0.0012038780535158
4290.2   0.0012102212595645
4291.1   0.0012530504210921
4292.0   0.0012899743527520
4292.9   0.0012973379425691
4293.8   0.0012886750376031
4294.7   0.0012844171486606
4295.6   0.0012781421857422
4296.5   0.0012543494524858
4297.4   0.0012073401509459
4298.3   0.0011471824128728
4299.2   0.0011051823131569
4300.1   0.0011005897349334
4301.0   0.0011114691228558
4301.9   0.0011191226395682
4302.8   0.0011368968536855
4303.7   0.0011663454669106
4304.6   0.0011818165108521
4305.5   0.0011660848377418
4306.4   0.0011253761080288
4307.3   0.0010852152387053
4308.2   0.0010811510836388
4309.1   0.0011179971954298
4310.0   0.0011588746885595
4310.9   0.0011802690517639
4311.8   0.0011935504985561
4312.7   0.0012101445037777
4313.6   0.0012290831783760
4314.5   0.0012614305639822
4315.4   0.0013183277417697
4316.3   0.0013716447799560
4317.2   0.0013899813259790
4318.1   0.0013840783661530
4319.0   0.0013747543115261
4319.9   0.0013639866522213
4320.8   0.0013498703975741
4321.7   0.0013295677116369
4322.6   0.0012927999872253
4323.5   0.0012437353047547
4324.4   0.0012013347554857
4325.3   0.0011925037255522
4326.2   0.0012352649277049
4327.1   0.0013018062360066
4328.0   0.0013447317324312
4328.9   0.0013524247620578
4329.8   0.0013429185365802
4330.7   0.0013357474746793
4331.6   0.0013342529359396
4332.5   0.0013295691304130
4333.4   0.0013200230373271
4334.3   0.0013037170436530
4335.2   0.0012667383472358
4336.1   0.0011988262174699
4337.0   0.0011130941180576
4337.9   0.0010176887322824
4338.8   0.0009017371985918
4339.7   0.0008049194212127
4340.6   0.0008108423148429
4341.5   0.0009246368832344
4342.4   0.0010552699829076
4343.3   0.0011406505805421
4344.2   0.0011966543550218
4345.1   0.0012433566334146
4346.0   0.0012765074719241
4346.9   0.0012982004165580
4347.8   0.0013185433957363
4348.7   0.0013320868904734
4349.6   0.0013151103832163
4350.5   0.0012646091899482
4351.4   0.0012238762701027
4352.3   0.0012359350156551
4353.2   0.0012845272456857
4354.1   0.0013237383862903
4355.0   0.0013433584990476
4355.9   0.0013574902183542
4356.8   0.0013634368764840
4357.7   0.0013568653893614
4358.6   0.0013476016327186
4359.5   0.0013511661657828
4360.4   0.0013690369276135
4361.3   0.0013841945639153
4362.2   0.0013867313355753
4363.1   0.0013858841843683
4364.0   0.0013909685103868
4364.9   0.0013927673765992
4365.8   0.0013805237645215
4366.7   0.0013634249587648
4367.6   0.0013570806176952
4368.5   0.0013583851823157
4369.4   0.0013564518161294
4370.3   0.0013558591933540
4371.2   0.0013622128983458
4372.1   0.0013618841679243
4373.0   0.0013394750251170
4373.9   0.0013061510959237
4374.8   0.0012921761513758
4375.7   0.0013114371719031
4376.6   0.0013482870434507
4377.5   0.0013760079420847
4378.4   0.0013846277162574
4379.3   0.0013818588328280
4380.2   0.0013748744818615
4381.1   0.0013477314507315
4382.0   0.0012816681280966
4382.9   0.0012111380726779
4383.8   0.0011964743123352
4384.7   0.0012459219224742
4385.6   0.0013086352309906
4386.5   0.0013422012033859
4387.4   0.0013468054155734
4388.3   0.0013424161479645
4389.2   0.0013409426071109
4390.1   0.0013455268145555
4391.0   0.0013563827217335
4391.9   0.0013640557466172
4392.8   0.0013528789122862
4393.7   0.0013253654387175
4394.6   0.0013101933308995
4395.5   0.0013265593388025
4396.4   0.0013590111463294
4397.3   0.0013767038517599
4398.2   0.0013663516100961
4399.1   0.0013383978903047
4400.0   0.0013181245730327
4400.9   0.0013265242950329
4401.8   0.0013486014442337
4402.7   0.0013465081819813
4403.6   0.0013128732570677
4404.5   0.0012919185016367
4405.4   0.0013114005674798
4406.3   0.0013377627042464
4407.2   0.0013426928093033
4408.1   0.0013424565830832
4409.0   0.0013569553397659
4409.9   0.0013789814130272
4410.8   0.0013944840956756
4411.7   0.0014014204920102
4412.6   0.0013925229214778
4413.5   0.0013578582488736
4414.4   0.0013139370553847
4415.3   0.0012929976227355
4416.2   0.0013024529141513
4417.1   0.0013257302060518
4418.0   0.0013543626683277
4418.9   0.0013845242874800
4419.8   0.0014001328108252
4420.7   0.0013920828171328
4421.6   0.0013747865177435
4422.5   0.0013665593189166
4423.4   0.0013664818537418
4424.3   0.0013612792017968
4425.2   0.0013507181162916
4426.1   0.0013436943233496
4427.0   0.0013481362275517
4427.9   0.0013619793678003
4428.8   0.0013703558218725
4429.7   0.0013701920951110
4430.6   0.0013695276822652
4431.5   0.0013679004879604
4432.4   0.0013554752725423
4433.3   0.0013279596708095
4434.2   0.0013000966108106
4435.1   0.0012974330005675
4436.0   0.0013275014061304
4436.9   0.0013672709770065
4437.8   0.0013926345791566
4438.7   0.0013995142244472
4439.6   0.0013924311266644
4440.5   0.0013697495788466
4441.4   0.0013307172040301
4442.3   0.0012936959443300
4443.2   0.0012870166302242
4444.1   0.0013159888893751
4445.0   0.0013521778950171
4445.9   0.0013668077466111
4446.8   0.0013607868864914
4447.7   0.0013548229192933
4448.6   0.0013530538473789
4449.5   0.0013485031230502
4450.4   0.0013494061740355
4451.3   0.0013576275558803
4452.2   0.0013562253794644
4453.1   0.0013291674749002
4454.0   0.0012892914958169
4454.9   0.0012707156022664
4455.8   0.0012864238655712
4456.7   0.0013128524010591
4457.6   0.0013250333032334
4458.5   0.0013245486493189
4459.4   0.0013249024920773
4460.3   0.0013261345572393
4461.2   0.0013277414630459
4462.1   0.0013373441652981
4463.0   0.0013498001681574
4463.9   0.0013556304866473
4464.8   0.0013553396375475
4465.7   0.0013537408187647
4466.6   0.0013470690241721
4467.5   0.0013298518924890
4468.4   0.0013153734243045
4469.3   0.0013205987766670
4470.2   0.0013447247804283
4471.1   0.0013720211812543
4472.0   0.0013910000072161
4472.9   0.0013995224533486
4473.8   0.0013934188785826
4474.7   0.0013737469804978
4475.6   0.0013580994408099
4476.5   0.0013633950225892
4477.4   0.0013799497277129
4478.3   0.0013840641783920
4479.2   0.0013659117895063
4480.1   0.0013314800799371
4481.0   0.0013014545214123
4481.9   0.0012985365246152
4482.8   0.0013225720104616
4483.7   0.0013529419059449
4484.6   0.0013729259347709
4485.5   0.0013818181139541
4486.4   0.0013829701601442
4487.3   0.0013725895429585
4488.2   0.0013537842333132
4489.1   0.0013404593719726
4490.0   0.0013419110636742
4490.9   0.0013561149986841
4491.8   0.0013702559400354
4492.7   0.0013707675506957
4493.6   0.0013574208402031
4494.5   0.0013475928363069
4495.4   0.0013513358514040
4496.3   0.0013610029660909
4497.2   0.0013738936819461
4498.1   0.0013853671823588
4499.0   0.0013845607500257
4499.9   0.0013702050059735
4500.8   0.0013580470879720
4501.7   0.0013648454373924
4502.6   0.0013845569193302
4503.5   0.0013996694385522
4504.4   0.0014032064473601
4505.3   0.0013997701716550
4506.2   0.0013920741625986
4507.1   0.0013804702766626
4508.0   0.0013730261003633
4508.9   0.0013792060052833
4509.8   0.0013909875219865
4510.7   0.0013956016656066
4511.6   0.0013934195879706
4512.5   0.0013870264410034
4513.4   0.0013765399831208
4514.3   0.0013661917140301
4515.2   0.0013650684689947
4516.1   0.0013701122180168
4517.0   0.0013706148903877
4517.9   0.0013681333091178
4518.8   0.0013659503802161
4519.7   0.0013648997765168
4520.6   0.0013630538069380
4521.5   0.0013558252846053
4522.4   0.0013475850330383
4523.3   0.0013467175933331
4524.2   0.0013478211173807
4525.1   0.0013417205220445
4526.0   0.0013305456740001
4526.9   0.0013192269620595
4527.8   0.0013080962379517
4528.7   0.0013038224587170
4529.6   0.0013137584314742
4530.5   0.0013297839331140
4531.4   0.0013345356980155
4532.3   0.0013182087064552
4533.2   0.0012923322167463
4534.1   0.0012789061966700
4535.0   0.0012902232060793
4535.9   0.0013234747776916
4536.8   0.0013599597400273
4537.7   0.0013823071660744
4538.6   0.0013868502290122
4539.5   0.0013804585008210
4540.4   0.0013733590871131
4541.3   0.0013706910786641
4542.2   0.0013727380888157
4543.1   0.0013725028557390
4544.0   0.0013654712595284
4544.9   0.0013581472535644
4545.8   0.0013565586499694
4546.7   0.0013533621474246
4547.6   0.0013322282005726
4548.5   0.0012987938905991
4549.4   0.0012841420479756
4550.3   0.0013037803210669
4551.2   0.0013346155751098
4552.1   0.0013435544320265
4553.0   0.0013266765297080
4553.9   0.0013073275450627
4554.8   0.0013037405953362
4555.7   0.0013181513879009
4556.6   0.0013392437646133
4557.5   0.0013538243846768
4558.4   0.0013618811884945
4559.3   0.0013705897780508
4560.2   0.0013814828571625
4561.1   0.0013854389724293
4562.0   0.0013749614528362
4562.9   0.0013558540857600
4563.8   0.0013422670345968
4564.7   0.0013433289885048
4565.6   0.0013529908537202
4566.5   0.0013628207020254
4567.4   0.0013692768426513
4568.3   0.0013710720200459
4569.2   0.0013642783525867
4570.1   0.0013455970439723
4571.0   0.0013257372999323
4571.9   0.0013243443455610
4572.8   0.0013428202153967
4573.7   0.0013622506377899
4574.6   0.0013687100416009
4575.5   0.0013657497652761
4576.4   0.0013620322881487
4577.3   0.0013585452202594
4578.2   0.0013528315251646
4579.1   0.0013449313542279
4580.0   0.0013366327909634
4580.9   0.0013312075330490
4581.8   0.0013279315790428
4582.7   0.0013249514398526
4583.6   0.0013233188541987
4584.5   0.0013277085474404
4585.4   0.0013377251066799
4586.3   0.0013472716253987
4587.2   0.0013532231073672
4588.1   0.0013558064148832
4589.0   0.0013555906190390
4589.9   0.0013522166276045
4590.8   0.0013468495395100
4591.7   0.0013445125315243
4592.6   0.0013496906386428
4593.5   0.0013588894153403
4594.4   0.0013655011957040
4595.3   0.0013677055481248
4596.2   0.0013693574291336
4597.1   0.0013717361491366
4598.0   0.0013704484679516
4598.9   0.0013640550372291
4599.8   0.0013557166063563
4600.7   0.0013507626658611
4601.6   0.0013496245236767
4602.5   0.0013498528047506
4603.4   0.0013535365150068
4604.3   0.0013603923248591
4605.2   0.0013671245593134
4606.1   0.0013703270207178
4607.0   0.0013703783804125
4607.9   0.0013709729894744
4608.8   0.0013698480419077
4609.7   0.0013665116480398
4610.6   0.0013626163982675
4611.5   0.0013594918276708
4612.4   0.0013582969344425
4613.3   0.0013599878317940
4614.2   0.0013630959445881
4615.1   0.0013612299702663
4616.0   0.0013552879940976
4616.9   0.0013492563512797
4617.8   0.0013424165735973
4618.7   0.0013393288911791
4619.6   0.0013470522826142
4620.5   0.0013609304666324
4621.4   0.0013717791380523
4622.3   0.0013753259364153
4623.2   0.0013732281340794
4624.1   0.0013663013854223
4625.0   0.0013587710894139
4625.9   0.0013578798142703
4626.8   0.0013603655099909
4627.7   0.0013579050684848
4628.6   0.0013492675596109
4629.5   0.0013444675563221
4630.4   0.0013492820311270
4631.3   0.0013553125389241
4632.2   0.0013571502796016
4633.1   0.0013577302752697
4634.0   0.0013607345336535
4634.9   0.0013630172025147
4635.8   0.0013584119971840
4636.7   0.0013496384276824
4637.6   0.0013463783639685
4638.5   0.0013520238159330
4639.4   0.0013608189508312
4640.3   0.0013680942927751
4641.2   0.0013716254846011
4642.1   0.0013697430524766
4643.0   0.0013651202543222
4643.9   0.0013605387425522
4644.8   0.0013532933367839
4645.7   0.0013424097634721
4646.6   0.0013349057148214
4647.5   0.0013367674328149
4648.4   0.0013455339084360
4649.3   0.0013532814190647
4650.2   0.0013560135561933
4651.1   0.0013530806622471
4652.0   0.0013468126513315
4652.9   0.0013395469570651
4653.8   0.0013336566243463
4654.7   0.0013344183652324
4655.6   0.0013416329835594
4656.5   0.0013519359936927
4657.4   0.0013646150281543
4658.3   0.0013750674354105
4659.2   0.0013780655930571
4660.1   0.0013758667738632
4661.0   0.0013726943905120
4661.9   0.0013702870112319
4662.8   0.0013717404054649
4663.7   0.0013769375241830
4664.6   0.0013758928793433
4665.5   0.0013578562625871
4666.4   0.0013292835307849
4667.3   0.0013102364616928
4668.2   0.0013132326330529
4669.1   0.0013315799617742
4670.0   0.0013506599464717
4670.9   0.0013611083811549
4671.8   0.0013616137492003
4672.7   0.0013606806201618
4673.6   0.0013636268506033
4674.5   0.0013686737209328
4675.4   0.0013730427000436
4676.3   0.0013707285343530
4677.2   0.0013593725086011
4678.1   0.0013449398668845
4679.0   0.0013385792098898
4679.9   0.0013424040883677
4680.8   0.0013475491380031
4681.7   0.0013499880141125
4682.6   0.0013533435614577
4683.5   0.0013565465903726
4684.4   0.0013561260651377
4685.3   0.0013547766671926
4686.2   0.0013572538502566
4687.1   0.0013618878567421
4688.0   0.0013635685389057
4688.9   0.0013596226388269
4689.8   0.0013502178558401
4690.7   0.0013427824759525
4691.6   0.0013447435082728
4692.5   0.0013534597592200
4693.4   0.0013599374652426
4694.3   0.0013617323588820
4695.2   0.0013652319120010
4696.1   0.0013711243728839
4697.0   0.0013712163095749
4697.9   0.0013624248634946
4698.8   0.0013536009274416
4699.7   0.0013506446236899
4700.6   0.0013428027644507
4701.5   0.0013213744215588
4702.4   0.0013018056684962
4703.3   0.0013060123396215
4704.2   0.0013288465477472
4705.1   0.0013448283510833
4706.0   0.0013425401489953
4706.9   0.0013311126169281
4707.8   0.0013233697882605
4708.7   0.0013244940264392
4709.6   0.0013325740981849
4710.5   0.0013437671065633
4711.4   0.0013541629046533
4712.3   0.0013579118786100
4713.2   0.0013527141923815
4714.1   0.0013455910851127
4715.0   0.0013455944901753
4715.9   0.0013530382408418
4716.8   0.0013604018306589
4717.7   0.0013636027314097
4718.6   0.0013618213161432
4719.5   0.0013581051159143
4720.4   0.0013549914698935
4721.3   0.0013527279545096
4722.2   0.0013536214996950
4723.1   0.0013589761025598
4724.0   0.0013653339220023
4724.9   0.0013673288630712
4725.8   0.0013629537832232
4726.7   0.0013537944485011
4727.6   0.0013436584283144
4728.5   0.0013365690879167
4729.4   0.0013343470007947
4730.3   0.0013341794433378
4731.2   0.0013349637427638
4732.1   0.0013380464594657
4733.0   0.0013433728286862
4733.9   0.0013483955798221
4734.8   0.0013461303619068
4735.7   0.0013370348721091
4736.6   0.0013325584916478
4737.5   0.0013399432212288
4738.4   0.0013533344812907
4739.3   0.0013611954940072
4740.2   0.0013609208189549
4741.1   0.0013570268460812
4742.0   0.0013534915398046
4742.9   0.0013521662610531
4743.8   0.0013508547444297
4744.7   0.0013499399176029
4745.6   0.0013489656440576
4746.5   0.0013471352810158
4747.4   0.0013470416417935
4748.3   0.0013506040466935
4749.2   0.0013541728360860
4750.1   0.0013539438456241
4751.0   0.0013509506536938
4751.9   0.0013483385450230
4752.8   0.0013450886964970
4753.7   0.0013415692805127
4754.6   0.0013390685457654
4755.5   0.0013376012475267
4756.4   0.0013382422505670
4757.3   0.0013408169035488
4758.2   0.0013456015840558
4759.1   0.0013502981585672
4760.0   0.0013494190848979
4760.9   0.0013402371916359
4761.8   0.0013270272511590
4762.7   0.0013200949692752
4763.6   0.0013225771180556
4764.5   0.0013285364032926
4765.4   0.0013327443513164
4766.3   0.0013349657290503
4767.2   0.0013386108485968
4768.1   0.0013436405517356
4769.0   0.0013479073789674
4769.9   0.0013485746293654
4770.8   0.0013434545501893
4771.7   0.0013368617814253
4772.6   0.0013355723977091
4773.5   0.0013406880786793
4774.4   0.0013465532990611
4775.3   0.0013479202898299
4776.2   0.0013467259641120
4777.1   0.0013465067632052
4778.0   0.0013442314719796
4778.9   0.0013381610965743
4779.8   0.0013337865842367
4780.7   0.0013357034926204
4781.6   0.0013356735564447
4782.5   0.0013292352923976
4783.4   0.0013261155456396
4784.3   0.0013293241077812
4785.2   0.0013288359069265
4786.1   0.0013214996994881
4787.0   0.0013160565649948
4787.9   0.0013161615544260
4788.8   0.0013173926264447
4789.7   0.0013209162987573
4790.6   0.0013294466900359
4791.5   0.0013397963779028
4792.4   0.0013459710333512
4793.3   0.0013472836849955
4794.2   0.0013477105947228
4795.1   0.0013485971879054
4796.0   0.0013481721225869
4796.9   0.0013441750046910
4797.8   0.0013379312548467
4798.7   0.0013343241584996
4799.6   0.0013359821402457
4800.5   0.0013396262666489
4801.4   0.0013426520904293
4802.3   0.0013422361052779
4803.2   0.0013370150092437
4804.1   0.0013289837433957
4805.0   0.0013233946168422
4805.9   0.0013247342252323
4806.8   0.0013292909084206
4807.7   0.0013329600052831
4808.6   0.0013341744776214
4809.5   0.0013314353884900
4810.4   0.0013258903858731
4811.3   0.0013222056824736
4812.2   0.0013245758898199
4813.1   0.0013302613512704
4814.0   0.0013340877904020
4814.9   0.0013344443288349
4815.8   0.0013316856605934
4816.7   0.0013288587492217
4817.6   0.0013292561484062
4818.5   0.0013308437588579
4819.4   0.0013304788496460
4820.3   0.0013263617032923
4821.2   0.0013168700912084
4822.1   0.0013000174431045
4823.0   0.0012812280237515
4823.9   0.0012754839668483
4824.8   0.0012857273883855
4825.7   0.0012994512095644
4826.6   0.0013044367887666
4827.5   0.0013000964689330
4828.4   0.0012933185498884
4829.3   0.0012885307480741
4830.2   0.0012873518870157
4831.1   0.0012876803336820
4832.0   0.0012884670450274
4832.9   0.0012902233479569
4833.8   0.0012919348175618
4834.7   0.0012939208203413
4835.6   0.0012945266377344
4836.5   0.0012920308687035
4837.4   0.0012867653649775
4838.3   0.0012808452379607
4839.2   0.0012776481679055
4840.1   0.0012789196750429
4841.0   0.0012826036690544
4841.9   0.0012839676803933
4842.8   0.0012820662366692
4843.7   0.0012809385934279
4844.6   0.0012816715331592
4845.5   0.0012806236251345
4846.4   0.0012761732082758
4847.3   0.0012682909139179
4848.2   0.0012602410621031
4849.1   0.0012558564764553
4850.0   0.0012553784907884
4850.9   0.0012551218341926
4851.8   0.0012500043088135
4852.7   0.0012383995716119
4853.6   0.0012212435891786
4854.5   0.0012016375223046
4855.4   0.0011832206026157
4856.3   0.0011653617585043
4857.2   0.0011400177354644
4858.1   0.0010889729381350
4859.0   0.0009929433618162
4859.9   0.0008642864044286
4860.8   0.0007682643476231
4861.7   0.0007759643292526
4862.6   0.0008822839339034
4863.5   0.0010116193500203
4864.4   0.0011047061009602
4865.3   0.0011572812611258
4866.2   0.0011899875970844
4867.1   0.0012163791734550
4868.0   0.0012367550682388
4868.9   0.0012444744871008
4869.8   0.0012327495795639
4870.7   0.0012113152778123
4871.6   0.0012050902558124
4872.5   0.0012251186923302
4873.4   0.0012566722727106
4874.3   0.0012793705620863
4875.2   0.0012879033652843
4876.1   0.0012855998404145
4877.0   0.0012771788367728
4877.9   0.0012734616434007
4878.8   0.0012841267251937
4879.7   0.0013026172084232
4880.6   0.0013135100037797
4881.5   0.0013146880135724
4882.4   0.0013145566349059
4883.3   0.0013139597558022
4884.2   0.0013088951507715
4885.1   0.0013018495086775
4886.0   0.0013003471666692
4886.9   0.0013062146570928
4887.8   0.0013098389206307
4888.7   0.0012996299753526
4889.6   0.0012731530595998
4890.5   0.0012457147811641
4891.4   0.0012442710346086
4892.3   0.0012743760445947
4893.2   0.0013127901167885
4894.1   0.0013360029962543
4895.0   0.0013420492524660
4895.9   0.0013409874404356
4896.8   0.0013372418715415
4897.7   0.0013323998724803
4898.6   0.0013266504242279
4899.5   0.0013208384079496
4900.4   0.0013171043311419
4901.3   0.0013121137862234
4902.2   0.0013022369764294
4903.1   0.0012926643522305
4904.0   0.0012932297345048
4904.9   0.0013033971096433
4905.8   0.0013138075211271
4906.7   0.0013184849421612
4907.6   0.0013154168388530
4908.5   0.0013042133315315
4909.4   0.0012888064162696
4910.3   0.0012797198647612
4911.2   0.0012843165574354
4912.1   0.0012955389344791
4913.0   0.0013027802257967
4913.9   0.0013067093843176
4914.8   0.0013103659959504
4915.7   0.0013112130052799
4916.6   0.0013012976047761
4917.5   0.0012760419714869
4918.4   0.0012418097418368
4919.3   0.0012145095103154
4920.2   0.0012122546494656
4921.1   0.0012349499594115
4922.0   0.0012589526715301
4922.9   0.0012638708588677
4923.8   0.0012589810470520
4924.7   0.0012675731550909
4925.6   0.0012896664783391
4926.5   0.0013062769413635
4927.4   0.0013108218487102
4928.3   0.0013111863322893
4929.2   0.0013119755974316
4930.1   0.0013113763064086
4931.0   0.0013076636531199
4931.9   0.0012961331179082
4932.8   0.0012748331742529
4933.7   0.0012584688688813
4934.6   0.0012623059488336
4935.5   0.0012775671557904
4936.4   0.0012832690750436
4937.3   0.0012716451843647
4938.2   0.0012552756295215
4939.1   0.0012522422862277
4940.0   0.0012670547343053
4940.9   0.0012884725782541
4941.8   0.0013034413754575
4942.7   0.0013106544331308
4943.6   0.0013122240251261
4944.5   0.0013076155566103
4945.4   0.0012997617796519
4946.3   0.0012955502846878
4947.2   0.0012981215326071
4948.1   0.0013022422259010
4949.0   0.0013014670066420
4949.9   0.0012972218866844
4950.8   0.0012965502380805
4951.7   0.0013012546158604
4952.6   0.0013059053639039
4953.5   0.0013065117488074
4954.4   0.0013008702694159
4955.3   0.0012788930020523
4956.2   0.0012373275443936
4957.1   0.0012038370508866
4958.0   0.0012122474137075
4958.9   0.0012544304646009
4959.8   0.0012913119748555
4960.7   0.0013055065459432
4961.6   0.0013070794011235
4962.5   0.0013069139718307
4963.4   0.0013052117242704
4964.3   0.0012975520358820
4965.2   0.0012867135796500
4966.1   0.0012788432030113
4967.0   0.0012771927407786
4967.9   0.0012809252569326
4968.8   0.0012844109060458
4969.7   0.0012855921790235
4970.6   0.0012867839509444
4971.5   0.0012880477966909
4972.4   0.0012883812090735
4973.3   0.0012904731944274
4974.2   0.0012971566229840
4975.1   0.0013025672675046
4976.0   0.0013009429107520
4976.9   0.0012954831765785
4977.8   0.0012888556478001
4978.7   0.0012816299630196
4979.6   0.0012730838233263
4980.5   0.0012594946439989
4981.4   0.0012392898536123
4982.3   0.0012183602105182
4983.2   0.0012080056988126
4984.1   0.0012131635174329
4985.0   0.0012307021437794
4985.9   0.0012553442982845
4986.8   0.0012769295578127
4987.7   0.0012854405118589
4988.6   0.0012808433935518
4989.5   0.0012735758548764
4990.4   0.0012736731829166
4991.3   0.0012808124642329
4992.2   0.0012846081159232
4993.1   0.0012780387569648
4994.0   0.0012711666311874
4994.9   0.0012753660665547
4995.8   0.0012859921320051
4996.7   0.0012922120464110
4997.6   0.0012866725770208
4998.5   0.0012719551869417
4999.4   0.0012586903398299
5000.3   0.0012511295401354
5001.2   0.0012476634701323
5002.1   0.0012504045455502
5003.0   0.0012580960145232
5003.9   0.0012567058977041
5004.8   0.0012354584487644
5005.7   0.0012106676065244
5006.6   0.0012097340518530
5007.5   0.0012346757099921
5008.4   0.0012642025687190
5009.3   0.0012794158210438
5010.2   0.0012751636072057
5011.1   0.0012569438264554
5012.0   0.0012373264093727
5012.9   0.0012256762713360
5013.8   0.0012235953524357
5014.7   0.0012320271387757
5015.6   0.0012445735176723
5016.5   0.0012449446694991
5017.4   0.0012301530774301
5018.3   0.0012200617486904
5019.2   0.0012302701264581
5020.1   0.0012493851549251
5021.0   0.0012579732903909
5021.9   0.0012558316478736
5022.8   0.0012557466631854
5023.7   0.0012631260014172
5024.6   0.0012695899453117
5025.5   0.0012666743604339
5026.4   0.0012573867683527
5027.3   0.0012507470380999
5028.2   0.0012543554113455
5029.1   0.0012644812163443
5030.0   0.0012702225775730
5030.9   0.0012703671508572
5031.8   0.0012707502204032
5032.7   0.0012734359635533
5033.6   0.0012717152719038
5034.5   0.0012597036297178
5035.4   0.0012458499905261
5036.3   0.0012439384734916
5037.2   0.0012523902645745
5038.1   0.0012545777335597
5039.0   0.0012403018666018
5039.9   0.0012129670169435
5040.8   0.0011887351724854
5041.7   0.0011907789194520
5042.6   0.0012205045487100
5043.5   0.0012524037429475
5044.4   0.0012702438592144
5045.3   0.0012777572717873
5046.2   0.0012792821723355
5047.1   0.0012715143732086
5048.0   0.0012552834327900
5048.9   0.0012392525398010
5049.8   0.0012302884286697
5050.7   0.0012298871987897
5051.6   0.0012357250367929
5052.5   0.0012465031950408
5053.4   0.0012593286471956
5054.3   0.0012683272345860
5055.2   0.0012728437664108
5056.1   0.0012746975392581
5057.0   0.0012751793556204
5057.9   0.0012751495613224
5058.8   0.0012740634882207
5059.7   0.0012727011794131
5060.6   0.0012727590654778
5061.5   0.0012747894759492
5062.4   0.0012732911065139
5063.3   0.0012615467617445
5064.2   0.0012463857203800
5065.1   0.0012414185852671
5066.0   0.0012466930272825
5066.9   0.0012503729068433
5067.8   0.0012469645810273
5068.7   0.0012441624982372
5069.6   0.0012487719598963
5070.5   0.0012557381505288
5071.4   0.0012578396416826
5072.3   0.0012554719881332
5073.2   0.0012517604698654
5074.1   0.0012472686247447
5075.0   0.0012462415727287
5075.9   0.0012510096535553
5076.8   0.0012530508467250
5077.7   0.0012423620713711
5078.6   0.0012197997007454
5079.5   0.0012020024315166
5080.4   0.0012033942508670
5081.3   0.0012168232503731
5082.2   0.0012256676168019
5083.1   0.0012273807889381
5084.0   0.0012330876739076
5084.9   0.0012465538453474
5085.8   0.0012581350308658
5086.7   0.0012624456982790
5087.6   0.0012628040811210
5088.5   0.0012613374922703
5089.4   0.0012578089961189
5090.3   0.0012542526919561
5091.2   0.0012555453388574
5092.1   0.0012613630302400
5093.0   0.0012661519670752
5093.9   0.0012678801782381
5094.8   0.0012654567667881
5095.7   0.0012560301346495
5096.6   0.0012407120347712
5097.5   0.0012255717075378
5098.4   0.0012172197982920
5099.3   0.0012197361395763
5100.2   0.0012317818323886
5101.1   0.0012451657148149
5102.0   0.0012533599980363
5102.9   0.0012566312700814
5103.8   0.0012573505895622
5104.7   0.0012552733594797
5105.6   0.0012450767575536
5106.5   0.0012278213189160
5107.4   0.0012163915168070
5108.3   0.0012175801674205
5109.2   0.0012231907174930
5110.1   0.0012266929662866
5111.0   0.0012341483509171
5111.9   0.0012467773025826
5112.8   0.0012554067244328
5113.7   0.0012572562409518
5114.6   0.0012563165855433
5115.5   0.0012572234672240
5116.4   0.0012617652532633
5117.3   0.0012652182705263
5118.2   0.0012643472838808
5119.1   0.0012610581352569
5120.0   0.0012572253116329
5120.9   0.0012532962949896
5121.8   0.0012476590719264
5122.7   0.0012384512150618
5123.6   0.0012273897272275
5124.5   0.0012209853719291
5125.4   0.0012223302297907
5126.3   0.0012262280333599
5127.2   0.0012285820666588
5128.1   0.0012293470707299
5129.0   0.0012300739097240
5129.9   0.0012319085290940
5130.8   0.0012342717844375
5131.7   0.0012341155771893
5132.6   0.0012284709764904
5133.5   0.0012238461920495
5134.4   0.0012288397163978
5135.3   0.0012356025964158
5136.2   0.0012311601247032
5137.1   0.0012166232029436
5138.0   0.0011987392464952
5138.9   0.0011852659811749
5139.8   0.0011856878542471
5140.7   0.0011959871046237
5141.6   0.0011995950522365
5142.5   0.0011990335006576
5143.4   0.0012090604169625
5144.3   0.0012253347719297
5145.2   0.0012334886200324
5146.1   0.0012311683536046
5147.0   0.0012259560539822
5147.9   0.0012242460031534
5148.8   0.0012251970087707
5149.7   0.0012230122354601
5150.6   0.0012164062720784
5151.5   0.0012127347632966
5152.4   0.0012145815841411
5153.3   0.0012163029851786
5154.2   0.0012187553396610
5155.1   0.0012259137744546
5156.0   0.0012343972042444
5156.9   0.0012390147529272
5157.8   0.0012390896643051
5158.7   0.0012372916493584
5159.6   0.0012338915524437
5160.5   0.0012266008877180
5161.4   0.0012176293989510
5162.3   0.0012142571100479
5163.2   0.0012196764091027
5164.1   0.0012204791526179
5165.0   0.0011950372340273
5165.9   0.0011379210681493
5166.8   0.0010756702806403
5167.7   0.0010515777599948
5168.6   0.0010787693132673
5169.5   0.0011221517265336
5170.4   0.0011318901347194
5171.3   0.0010918644747580
5172.2   0.0010481633334416
5173.1   0.0010613349669638
5174.0   0.0011280573820342
5174.9   0.0011943128069526
5175.8   0.0012282947644993
5176.7   0.0012384804418494
5177.6   0.0012417626384704
5178.5   0.0012448157027519
5179.4   0.0012462519297942
5180.3   0.0012380907040558
5181.2   0.0012040738446171
5182.1   0.0011333944630143
5183.0   0.0010580604317337
5183.9   0.0010417365614808
5184.8   0.0010971063558619
5185.7   0.0011687239031584
5186.6   0.0012074183255088
5187.5   0.0012115280942267
5188.4   0.0012047809626235
5189.3   0.0012042043720179
5190.2   0.0012034065942190
5191.1   0.0011910909083156
5192.0   0.0011792345511734
5192.9   0.0011826614629562
5193.8   0.0011909196620408
5194.7   0.0011933178192763
5195.6   0.0011967996376941
5196.5   0.0012065769912837
5197.4   0.0012162695020628
5198.3   0.0012235096583595
5199.2   0.0012325923791724
5200.1   0.0012398451625764
5201.0   0.0012375728507806
5201.9   0.0012277756343257
5202.8   0.0012154407949449
5203.7   0.0011995886677440
5204.6   0.0011832242914336
5205.5   0.0011778628075047
5206.4   0.0011843800973804
5207.3   0.0011869819908633
5208.2   0.0011836307707852
5209.1   0.0011899931303111
5210.0   0.0012088117055129
5210.9   0.0012267255981368
5211.8   0.0012370728740843
5212.7   0.0012419164337993
5213.6   0.0012387627782926
5214.5   0.0012232125666449
5215.4   0.0012020888349808
5216.3   0.0011916094709788
5217.2   0.0012001795879881
5218.1   0.0012187042637215
5219.0   0.0012329324598027
5219.9   0.0012387897350384
5220.8   0.0012402333397163
5221.7   0.0012404182062416
5222.6   0.0012385957883460
5223.5   0.0012324368813122
5224.4   0.0012156286409001
5225.3   0.0011820557874407
5226.2   0.0011440982064559
5227.1   0.0011310358186931
5228.0   0.0011522844026536
5228.9   0.0011831499475661
5229.8   0.0012008464127534
5230.7   0.0012049954815692
5231.6   0.0011976928991242
5232.5   0.0011822351916781
5233.4   0.0011724818863433
5234.3   0.0011774443394951
5235.2   0.0011931953788992
5236.1   0.0012090798541951
5237.0   0.0012188132257257
5237.9   0.0012237653218120
5238.8   0.0012255521284276
5239.7   0.0012258487945094
5240.6   0.0012248230193918
5241.5   0.0012212057078568
5242.4   0.0012175383135256
5243.3   0.0012181113571909
5244.2   0.0012235866979015
5245.1   0.0012288209885534
5246.0   0.0012279776680418
5246.9   0.0012224892745911
5247.8   0.0012176523831238
5248.7   0.0012138741823795
5249.6   0.0012081360843358
5250.5   0.0012035059085458
5251.4   0.0012059568442520
5252.3   0.0012113191085078
5253.2   0.0012128108096953
5254.1   0.0012112363938613
5255.0   0.0012116024380942
5255.9   0.0012163939287264
5256.8   0.0012229481067806
5257.7   0.0012280297371245
5258.6   0.0012288702200839
5259.5   0.0012230922544320
5260.4   0.0012078751714117
5261.3   0.0011849361157325
5262.2   0.0011655566983399
5263.1   0.0011557308226078
5264.0   0.0011502085913472
5264.9   0.0011449140027113
5265.8   0.0011443490460698
5266.7   0.0011539657942053
5267.6   0.0011592362636476
5268.5   0.0011395537956809
5269.4   0.0011107451214139
5270.3   0.0011122683194308
5271.2   0.0011480035295385
5272.1   0.0011811028664757
5273.0   0.0011912034172600
5273.9   0.0011894919476551
5274.8   0.0011868607564459
5275.7   0.0011879731478441
5276.6   0.0011975304492612
5277.5   0.0012123109748766
5278.4   0.0012216388601990
5279.3   0.0012195538268479
5280.2   0.0012094779627677
5281.1   0.0011964885000961
5282.0   0.0011832812552939
5282.9   0.0011738771107563
5283.8   0.0011756667549241
5284.7   0.0011919240136393
5285.6   0.0012124613651428
5286.5   0.0012231290007329
5287.4   0.0012222841195675
5288.3   0.0012185829583653
5289.2   0.0012188772125276
5290.1   0.0012214690327003
5291.0   0.0012217861291578
5291.9   0.0012202796726988
5292.8   0.0012189393549207
5293.7   0.0012184188059710
5294.6   0.0012169754850482
5295.5   0.0012106478855366
5296.4   0.0011988232380401
5297.3   0.0011872696477168
5298.2   0.0011860028225405
5299.1   0.0011956173715731
5300.0   0.0012037082260171
5300.9   0.0012014499601047
5301.8   0.0011940761550997
5302.7   0.0011936891129807
5303.6   0.0012022305707129
5304.5   0.0012110055589905
5305.4   0.0012131804008684
5306.3   0.0012094118478016
5307.2   0.0012069004722336
5308.1   0.0012098291098515
5309.0   0.0012135711318053
5309.9   0.0012131236498246
5310.8   0.0012104452843101
5311.7   0.0012107257763443
5312.6   0.0012130694525777
5313.5   0.0012125115898166
5314.4   0.0012054379978336
5315.3   0.0011907770750431
5316.2   0.0011771847034695
5317.1   0.0011773943276377
5318.0   0.0011910564320565
5318.9   0.0012049573164922
5319.8   0.0012094734226842
5320.7   0.0012072179943240
5321.6   0.0012010016268583
5322.5   0.0011881865317690
5323.4   0.0011723720021346
5324.3   0.0011659393422531
5325.2   0.0011718624486997
5326.1   0.0011689596328068
5327.0   0.0011413406732353
5327.9   0.0011112270087150
5328.8   0.0011129494028958
5329.7   0.0011464503953459
5330.6   0.0011795411486878
5331.5   0.0011916134435519
5332.4   0.0011900914514946
5333.3   0.0011894765539345
5334.2   0.0011936117896834
5335.1   0.0011956908641748
5336.0   0.0011927704554583
5336.9   0.0011902080039509
5337.8   0.0011881318379505
5338.7   0.0011797865260136
5339.6   0.0011639595111496
5340.5   0.0011532625778332
5341.4   0.0011602755880769
5342.3   0.0011797228939057
5343.2   0.0011963836525426
5344.1   0.0012006086258796
5345.0   0.0011959554659168
5345.9   0.0011921422214029
5346.8   0.0011916753021897
5347.7   0.0011897696021372
5348.6   0.0011856096087454
5349.5   0.0011847813272604
5350.4   0.0011902021869689
5351.3   0.0011971581624136
5352.2   0.0012001916475849
5353.1   0.0011996651397756
5354.0   0.0012007076564511
5354.9   0.0012052846281376
5355.8   0.0012095691900707
5356.7   0.0012106410754114
5357.6   0.0012093129591077
5358.5   0.0012070053197871
5359.4   0.0012047257722333
5360.3   0.0012013754743596
5361.2   0.0011959388662365
5362.1   0.0011898590559701
5363.0   0.0011838421684235
5363.9   0.0011767989382489
5364.8   0.0011699617143635
5365.7   0.0011667167606150
5366.6   0.0011666964721169
5367.5   0.0011676986955512
5368.4   0.0011667426532788
5369.3   0.0011573524836858
5370.2   0.0011411150168972
5371.1   0.0011331248955560
5372.0   0.0011439460427196
5372.9   0.0011660999477072
5373.8   0.0011851802870987
5374.7   0.0011951932993979
5375.6   0.0011975198084405
5376.5   0.0011957182465535
5377.4   0.0011927077455549
5378.3   0.0011884480831423
5379.2   0.0011837000070587
5380.1   0.0011800366562394
5381.0   0.0011762202194793
5381.9   0.0011697214446317
5382.8   0.0011636546161665
5383.7   0.0011663990966471
5384.6   0.0011771229157705
5385.5   0.0011863719880807
5386.4   0.0011898365683689
5387.3   0.0011884604974332
5388.2   0.0011847455031640
5389.1   0.0011806673731529
5390.0   0.0011786722192676
5390.9   0.0011778499675810
5391.8   0.0011735598724212
5392.7   0.0011677263616851
5393.6   0.0011664279687406
5394.5   0.0011685659224401
5395.4   0.0011650160027697
5396.3   0.0011531369452099
5397.2   0.0011458364909291
5398.1   0.0011518378428773
5399.0   0.0011627523455081
5399.9   0.0011684654021536
5400.8   0.0011701587823633
5401.7   0.0011699906573959
5402.6   0.0011619442815825
5403.5   0.0011442534914997
5404.4   0.0011270656575430
5405.3   0.0011218061836154
5406.2   0.0011327119607732
5407.1   0.0011511664780286
5408.0   0.0011616391028442
5408.9   0.0011583022833435
5409.8   0.0011501510599765
5410.7   0.0011509230869893
5411.6   0.0011617355796187
5412.5   0.0011715484026108
5413.4   0.0011713364374620
5414.3   0.0011642509986986
5415.2   0.0011628042727132
5416.1   0.0011701587114245
5417.0   0.0011771727148115
5417.9   0.0011787633046930
5418.8   0.0011786988922582
5419.7   0.0011803605628221
5420.6   0.0011810222799934
5421.5   0.0011771695225653
5422.4   0.0011685834443249
5423.3   0.0011576988778697
5424.2   0.0011530766472258
5425.1   0.0011611092609111
5426.0   0.0011741991019914
5426.9   0.0011781125120976
5427.8   0.0011660898034581
5428.7   0.0011463865504216
5429.6   0.0011373493723213
5430.5   0.0011476035056181
5431.4   0.0011638575011483
5432.3   0.0011667410926251
5433.2   0.0011548395474642
5434.1   0.0011442229878136
5435.0   0.0011475591688651
5435.9   0.0011616787576361
5436.8   0.0011752228908224
5437.7   0.0011826247875941
5438.6   0.0011845166545797
5439.5   0.0011836150933093
5440.4   0.0011823492612762
5441.3   0.0011818411266174
5442.2   0.0011821037420728
5443.1   0.0011790657877567
5444.0   0.0011681136166206
5444.9   0.0011495662404697
5445.8   0.0011306360785280
5446.7   0.0011244567411184
5447.6   0.0011378221085166
5448.5   0.0011606793008151
5449.4   0.0011777230580592
5450.3   0.0011843095842084
5451.2   0.0011861185946699
5452.1   0.0011856352885927
5453.0   0.0011771008538022
5453.9   0.0011562613029902
5454.8   0.0011322070892993
5455.7   0.0011246887819489
5456.6   0.0011398589034804
5457.5   0.0011624331208865
5458.4   0.0011769623103164
5459.3   0.0011812465175554
5460.2   0.0011795453340772
5461.1   0.0011721708906230
5462.0   0.0011605033016404
5462.9   0.0011523735017925
5463.8   0.0011529242706730
5464.7   0.0011582548962218
5465.6   0.0011616728697153
5466.5   0.0011633180824765
5467.4   0.0011662138754277
5468.3   0.0011696835633099
5469.2   0.0011726124137442
5470.1   0.0011743540323411
5471.0   0.0011742918190093
5471.9   0.0011714661135972
5472.8   0.0011654434090687
5473.7   0.0011588579470015
5474.6   0.0011493075266485
5475.5   0.0011333197644528
5476.4   0.0011198462863161
5477.3   0.0011219504731444
5478.2   0.0011383606049839
5479.1   0.0011540703580036
5480.0   0.0011603617787248
5480.9   0.0011608191211994
5481.8   0.0011603888064094
5482.7   0.0011616904625389
5483.6   0.0011647603393171
5484.5   0.0011678545481054
5485.4   0.0011682449952871
5486.3   0.0011648005616195
5487.2   0.0011606956167402
5488.1   0.0011594742633378
5489.0   0.0011611463619060
5489.9   0.0011632317499510
5490.8   0.0011641142286829
5491.7   0.0011647999941090
5492.6   0.0011659013899925
5493.5   0.0011673047723681
5494.4   0.0011673005869786
5495.3   0.0011625401675429
5496.2   0.0011532371817411
5497.1   0.0011449448610914
5498.0   0.0011442295141836
5498.9   0.0011499687472482
5499.8   0.0011527177678122
5500.7   0.0011497066993032
5501.6   0.0011474926992050
5502.5   0.0011508031294704
5503.4   0.0011557442300419
5504.3   0.0011554647311510
5505.2   0.0011487750599796
5506.1   0.0011410118009362
5507.0   0.0011403469624575
5507.9   0.0011487382427399
5508.8   0.0011582184336762
5509.7   0.0011624005599751
5510.6   0.0011609573099912
5511.5   0.0011555429766527
5512.4   0.0011497838807228
5513.3   0.0011483546766223
5514.2   0.0011527489808864
5515.1   0.0011590151473930
5516.0   0.0011625750694349
5516.9   0.0011636473094696
5517.8   0.0011646090268465
5518.7   0.0011659066394641
5519.6   0.0011647404055130
5520.5   0.0011614875066183
5521.4   0.0011596377772828
5522.3   0.0011595452730814
5523.2   0.0011600277988317
5524.1   0.0011586591055317
5525.0   0.0011529659117515
5525.9   0.0011410479087878
5526.8   0.0011232219093430
5527.7   0.0011089920107306
5528.6   0.0011094194879684
5529.5   0.0011243428133979
5530.4   0.0011422487608757
5531.3   0.0011524958712308
5532.2   0.0011542687738406
5533.1   0.0011502007880787
5534.0   0.0011439640611760
5534.9   0.0011416537261809
5535.8   0.0011453374364372
5536.7   0.0011511927253864
5537.6   0.0011553344165665
5538.5   0.0011573300670235
5539.4   0.0011582162345732
5540.3   0.0011576625572017
5541.2   0.0011558071527618
5542.1   0.0011534897238862
5543.0   0.0011514120681709
5543.9   0.0011511595969645
5544.8   0.0011524486259868
5545.7   0.0011533971487459
5546.6   0.0011529480351727
5547.5   0.0011525219057721
5548.4   0.0011534434717855
5549.3   0.0011545306089692
5550.2   0.0011555176514994
5551.1   0.0011567799365922
5552.0   0.0011591758237859
5552.9   0.0011612387242298
5553.8   0.0011601774797099
5554.7   0.0011590604063505
5555.6   0.0011601474725954
5556.5   0.0011610687548535
5557.4   0.0011592278219298
5558.3   0.0011561751832812
5559.2   0.0011556220024812
5560.1   0.0011552336834637
5561.0   0.0011525233954871
5561.9   0.0011490219979591
5562.8   0.0011457163915325
5563.7   0.0011430588110878
5564.6   0.0011385924329981
5565.5   0.0011342645983941
5566.4   0.0011349225558087
5567.3   0.0011371364849681
5568.2   0.0011343036856755
5569.1   0.0011258727506013
5570.0   0.0011191145525444
5570.9   0.0011155150466495
5571.8   0.0011106189922189
5572.7   0.0011088127483708
5573.6   0.0011158327815562
5574.5   0.0011278778359193
5575.4   0.0011362321570844
5576.3   0.0011395797592834
5577.2   0.0011438827653057
5578.1   0.0011500342237650
5579.0   0.0011532256896547
5579.9   0.0011483076441947
5580.8   0.0011369943236033
5581.7   0.0011297983621819
5582.6   0.0011318352990233
5583.5   0.0011377621652265
5584.4   0.0011383378336276
5585.3   0.0011282329555761
5586.2   0.0011133134608421
5587.1   0.0011010576472900
5588.0   0.0010946493903573
5588.9   0.0010960226237408
5589.8   0.0011051404592621
5590.7   0.0011191244839771
5591.6   0.0011297808402971
5592.5   0.0011318218206504
5593.4   0.0011259899415068
5594.3   0.0011184110524171
5595.2   0.0011194522921941
5596.1   0.0011282295505135
5597.0   0.0011327306176788
5597.9   0.0011269382514495
5598.8   0.0011187919937989
5599.7   0.0011168311033563
5600.6   0.0011154557418086
5601.5   0.0011083214971475
5602.4   0.0011018472671263
5603.3   0.0011059216373807
5604.2   0.0011222124501506
5605.1   0.0011396541031509
5606.0   0.0011486419787818
5606.9   0.0011485256391419
5607.8   0.0011424712249676
5608.7   0.0011375952462188
5609.6   0.0011369733966558
5610.5   0.0011384911323848
5611.4   0.0011389272641568
5612.3   0.0011371211621863
5613.2   0.0011317925229240
5614.1   0.0011172387886676
5615.0   0.0010991351347407
5615.9   0.0010940222203839
5616.8   0.0011052392060784
5617.7   0.0011213936035266
5618.6   0.0011315047241929
5619.5   0.0011342324631155
5620.4   0.0011339876533001
5621.3   0.0011346039696363
5622.2   0.0011354953866576
5623.1   0.0011300115332904
5624.0   0.0011196874543321
5624.9   0.0011154241031017
5625.8   0.0011218188816615
5626.7   0.0011331162410218
5627.6   0.0011402305518788
5628.5   0.0011411380720087
5629.4   0.0011395401754304
5630.3   0.0011378096232870
5631.2   0.0011355400071658
5632.1   0.0011312165707677
5633.0   0.0011276500514170
5633.9   0.0011271511388028
5634.8   0.0011280678100385
5635.7   0.0011293077494079
5636.6   0.0011278417990064
5637.5   0.0011259327648301
5638.4   0.0011281459136626
5639.3   0.0011317139936671
5640.2   0.0011318705556093
5641.1   0.0011277810044507
5642.0   0.0011237102520754
5642.9   0.0011223289316681
5643.8   0.0011226865341831
5644.7   0.0011257884043623
5645.6   0.0011309463648602
5646.5   0.0011361939920074
5647.4   0.0011388854102619
5648.3   0.0011374846526221
5649.2   0.0011348257243402
5650.1   0.0011334628480221
5651.0   0.0011359062642151
5651.9   0.0011395104520711
5652.8   0.0011351539581900
5653.7   0.0011227566217223
5654.6   0.0011131676815982
5655.5   0.0011127156595340
5656.4   0.0011133675871502
5657.3   0.0011055076385158
5658.2   0.0010972892361007
5659.1   0.0010996976794629
5660.0   0.0011091605613308
5660.9   0.0011138098905982
5661.8   0.0011112807803290
5662.7   0.0011103600655814
5663.6   0.0011134942838556
5664.5   0.0011161061087711
5665.4   0.0011160674471225
5666.3   0.0011155075271361
5667.2   0.0011175098458408
5668.1   0.0011187241763015
5669.0   0.0011169297082950
5669.9   0.0011151912110055
5670.8   0.0011155093006063
5671.7   0.0011169860337060
5672.6   0.0011161231340843
5673.5   0.0011142927710425
5674.4   0.0011169320492756
5675.3   0.0011229987358631
5676.2   0.0011277126194429
5677.1   0.0011254094492670
5678.0   0.0011171505407944
5678.9   0.0011117423791319
5679.8   0.0011133751776023
5680.7   0.0011154172220376
5681.6   0.0011098253998095
5682.5   0.0011031530377065
5683.4   0.0011050822185034
5684.3   0.0011118903574788
5685.2   0.0011166187835135
5686.1   0.0011161810910878
5687.0   0.0011122119230810
5687.9   0.0011077363229466
5688.8   0.0011033515954212
5689.7   0.0011007270015207
5690.6   0.0011020783148136
5691.5   0.0011096007366147
5692.4   0.0011184153796842
5693.3   0.0011205625554282
5694.2   0.0011172690795372
5695.1   0.0011130360191765
5696.0   0.0011108606097881
5696.9   0.0011122194425943
5697.8   0.0011149520053557
5698.7   0.0011172762443565
5699.6   0.0011166341772342
5700.5   0.0011126207434131
5701.4   0.0011091636826382
5702.3   0.0011097784383207
5703.2   0.0011138913992849
5704.1   0.0011151106954620
5705.0   0.0011118169358158
5705.9   0.0011082326108251
5706.8   0.0011065970457413
5707.7   0.0011053622139660
5708.6   0.0011014283025451
5709.5   0.0010972204963989
5710.4   0.0010975922157361
5711.3   0.0011011143983338
5712.2   0.0011038951994824
5713.1   0.0011052732567047
5714.0   0.0011087103127367
5714.9   0.0011144479851475
5715.8   0.0011187382221849
5716.7   0.0011212770510703
5717.6   0.0011209423617892
5718.5   0.0011173820141145
5719.4   0.0011127062246729
5720.3   0.0011095241936443
5721.2   0.0011103283559356
5722.1   0.0011132870006679
5723.0   0.0011165291878030
5723.9   0.0011187419819415
5724.8   0.0011168701196990
5725.7   0.0011120510338717
5726.6   0.0011082336039683
5727.5   0.0011090154205362
5728.4   0.0011131805215219
5729.3   0.0011145870252049
5730.2   0.0011115833343316
5731.1   0.0011064804223462
5732.0   0.0011019884353479
5732.9   0.0011001504109152
5733.8   0.0011004871574217
5734.7   0.0011034520447688
5735.6   0.0011085624762674
5736.5   0.0011135643713947
5737.4   0.0011165443687073
5738.3   0.0011169807132957
5739.2   0.0011157360919652
5740.1   0.0011125269623132
5741.0   0.0011100443879000
5741.9   0.0011088101945738
5742.8   0.0011050371014235
5743.7   0.0011017954108600
5744.6   0.0011032847710670
5745.5   0.0011074185171010
5746.4   0.0011089128430244
5747.3   0.0011060118006016
5748.2   0.0011017372410401
5749.1   0.0010978211352592
5750.0   0.0010967630829854
5750.9   0.0010972265261973
5751.8   0.0010935548755378
5752.7   0.0010866782096770
5753.6   0.0010825043122794
5754.5   0.0010859437092919
5755.4   0.0010939913620038
5756.3   0.0010996834917019
5757.2   0.0011031853858015
5758.1   0.0011064111860727
5759.0   0.0011079228920033
5759.9   0.0011060565629875
5760.8   0.0011015624478250
5761.7   0.0010961388215031
5762.6   0.0010899278453866
5763.5   0.0010866735277158
5764.4   0.0010898539271520
5765.3   0.0010962362204821
5766.2   0.0011012830198728
5767.1   0.0011020131929908
5768.0   0.0011016303362612
5768.9   0.0011045219438230
5769.8   0.0011074812270045
5770.7   0.0011068673225876
5771.6   0.0011044539844479
5772.5   0.0011038703709008
5773.4   0.0011024419471271
5774.3   0.0010982781939786
5775.2   0.0010967271879502
5776.1   0.0010986028808882
5777.0   0.0011009029297567
5777.9   0.0011016269311986
5778.8   0.0010991562035658
5779.7   0.0010951118404258
5780.6   0.0010917221005767
5781.5   0.0010903399289037
5782.4   0.0010905347268618
5783.3   0.0010903439724156
5784.2   0.0010896321015093
5785.1   0.0010872479901572
5786.0   0.0010830449369109
5786.9   0.0010802791038501
5787.8   0.0010822231108572
5788.7   0.0010889517983712
5789.6   0.0010935904868178
5790.5   0.0010917880027264
5791.4   0.0010857748749365
5792.3   0.0010784060356478
5793.2   0.0010755706825583
5794.1   0.0010805408680398
5795.0   0.0010885478018778
5795.9   0.0010917095444082
5796.8   0.0010899000373751
5797.7   0.0010889586794352
5798.6   0.0010885225476633
5799.5   0.0010867651097128
5800.4   0.0010858554614187
5801.3   0.0010865112197304
5802.2   0.0010882599322078
5803.1   0.0010904930857833
5804.0   0.0010936991650668
5804.9   0.0010970645729059
5805.8   0.0010978478082498
5806.7   0.0010963014132437
5807.6   0.0010935151498071
5808.5   0.0010912914310927
5809.4   0.0010901005813763
5810.3   0.0010886652765385
5811.2   0.0010882080759415
5812.1   0.0010885510650628
5813.0   0.0010892353407740
5813.9   0.0010904478977647
5814.8   0.0010900705033231
5815.7   0.0010885433327331
5816.6   0.0010877562666937
5817.5   0.0010885025429203
5818.4   0.0010894854709998
5819.3   0.0010909248193494
5820.2   0.0010951251769211
5821.1   0.0010992276389422
5822.0   0.0011006570558592
5822.9   0.0011000391079305
5823.8   0.0010992011787680
5824.7   0.0011017037579242
5825.6   0.0011061996465568
5826.5   0.0011080627833263
5827.4   0.0011050003551226
5828.3   0.0010989504810318
5829.2   0.0010937848591430
5830.1   0.0010889987598600
5831.0   0.0010854491948836
5831.9   0.0010856953525363
5832.8   0.0010871745684942
5833.7   0.0010875714711071
5834.6   0.0010869919010718
5835.5   0.0010875145781857
5836.4   0.0010884554395539
5837.3   0.0010864851142503
5838.2   0.0010830530948735
5839.1   0.0010814478206594
5840.0   0.0010835686071680
5840.9   0.0010883518688989
5841.8   0.0010935137310310
5842.7   0.0010993395094374
5843.6   0.0011037761641680
5844.5   0.0011022813416730
5845.4   0.0010946215114070
5846.3   0.0010881561487364
5847.2   0.0010900606428292
5848.1   0.0010954058108330
5849.0   0.0010963593702473
5849.9   0.0010925578306362
5850.8   0.0010878687046993
5851.7   0.0010860508978260
5852.6   0.0010860944542522
5853.5   0.0010863174858545
5854.4   0.0010855814957546
5855.3   0.0010813855363887
5856.2   0.0010743329422919
5857.1   0.0010674762102352
5858.0   0.0010656414489876
5858.9   0.0010695857174739
5859.8   0.0010749218053107
5860.7   0.0010784981142165
5861.6   0.0010790962702186
5862.5   0.0010786765253106
5863.4   0.0010794988479360
5864.3   0.0010800572072686
5865.2   0.0010790079514067
5866.1   0.0010771387848387
5867.0   0.0010765562353735
5867.9   0.0010767062000069
5868.8   0.0010756802830117
5869.7   0.0010753829075420
5870.6   0.0010766425678990
5871.5   0.0010782454301937
5872.4   0.0010793476773429
5873.3   0.0010787873317237
5874.2   0.0010754723613748
5875.1   0.0010702733273090
5876.0   0.0010690850313896
5876.9   0.0010735225373858
5877.8   0.0010758764288070
5878.7   0.0010720819121376
5879.6   0.0010659581198122
5880.5   0.0010637613578436
5881.4   0.0010649253926918
5882.3   0.0010651536737657
5883.2   0.0010660263629425
5884.1   0.0010682556858225
5885.0   0.0010699449515815
5885.9   0.0010685985330662
5886.8   0.0010614059057687
5887.7   0.0010454180726341
5888.6   0.0010171681833327
5889.5   0.0009886729876441
5890.4   0.0009839615159837
5891.3   0.0010066190864855
5892.2   0.0010359722160794
5893.1   0.0010514539008416
5894.0   0.0010451167955301
5894.9   0.0010201732929821
5895.8   0.0009956855722550
5896.7   0.0009958999493232
5897.6   0.0010192657019133
5898.5   0.0010440195140973
5899.4   0.0010578508075655
5900.3   0.0010647080361938
5901.2   0.0010706625685310
5902.1   0.0010727817943859
5903.0   0.0010689768497122
5903.9   0.0010629084605934
5904.8   0.0010579933945632
5905.7   0.0010569281065313
5906.6   0.0010607544747241
5907.5   0.0010678094098014
5908.4   0.0010713012305907
5909.3   0.0010678506252470
5910.2   0.0010634477373876
5911.1   0.0010612672913440
5912.0   0.0010600968010647
5912.9   0.0010591706949678
5913.8   0.0010577073693022
5914.7   0.0010563168977890
5915.6   0.0010556298554644
5916.5   0.0010573347277605
5917.4   0.0010621294106389
5918.3   0.0010669077775923
5919.2   0.0010700835660061
5920.1   0.0010704926700934
5921.0   0.0010681604859464
5921.9   0.0010665080374271
5922.8   0.0010667704400661
5923.7   0.0010666655925126
5924.6   0.0010639076336592
5925.5   0.0010604246092817
5926.4   0.0010580562463442
5927.3   0.0010557233528092
5928.2   0.0010529147436491
5929.1   0.0010496604259783
5930.0   0.0010489917568042
5930.9   0.0010529531215425
5931.8   0.0010578456290327
5932.7   0.0010591272804193
5933.6   0.0010555146508454
5934.5   0.0010508225454787
5935.4   0.0010485419338428
5936.3   0.0010475416257562
5937.2   0.0010473539216787
5938.1   0.0010491379616809
5939.0   0.0010543206088828
5939.9   0.0010604968249850
5940.8   0.0010628622084926
5941.7   0.0010612450165593
5942.6   0.0010571212728968
5943.5   0.0010536039141378
5944.4   0.0010527251242238
5945.3   0.0010514043146170
5946.2   0.0010483389779223
5947.1   0.0010441667121173
5948.0   0.0010404385941692
5948.9   0.0010386957696125
5949.8   0.0010383263203171
5950.7   0.0010393083261921
5951.6   0.0010418906405649
5952.5   0.0010459696218416
5953.4   0.0010484664549545
5954.3   0.0010468129423532
5955.2   0.0010445675873033
5956.1   0.0010454065805478
5957.0   0.0010496017595867
5957.9   0.0010536830818440
5958.8   0.0010530059000133
5959.7   0.0010489449371930
5960.6   0.0010452651285710
5961.5   0.0010453665001230
5962.4   0.0010487921350074
5963.3   0.0010509919473446
5964.2   0.0010510395472827
5965.1   0.0010504228053136
5966.0   0.0010514116922527
5966.9   0.0010539709515139
5967.8   0.0010564338049394
5968.7   0.0010594529604722
5969.6   0.0010601950513093
5970.5   0.0010564299033051
5971.4   0.0010513650854579
5972.3   0.0010490113359143
5973.2   0.0010507347232384
5974.1   0.0010531558646466
5975.0   0.0010535849734769
5975.9   0.0010524386733300
5976.8   0.0010519422435739
5977.7   0.0010547536193474
5978.6   0.0010581179631044
5979.5   0.0010578251277182
5980.4   0.0010543493390988
5981.3   0.0010510235860516
5982.2   0.0010495364249475
5983.1   0.0010475565229052
5984.0   0.0010455296593741
5984.9   0.0010453744452692
5985.8   0.0010442389987594
5986.7   0.0010412760976988
5987.6   0.0010406245957154
5988.5   0.0010441808289394
5989.4   0.0010483023734990
5990.3   0.0010505434722206
5991.2   0.0010519370650411
5992.1   0.0010505167282912
5993.0   0.0010465101045954
5993.9   0.0010427062949426
5994.8   0.0010393263446485
5995.7   0.0010376121793690
5996.6   0.0010381725959271
5997.5   0.0010397533253147
5998.4   0.0010425649848434
5999.3   0.0010476239147698
6000.2   0.0010529391465979
6001.1   0.0010524442774956
6002.0   0.0010443479607636
6002.9   0.0010354488295775
6003.8   0.0010330640088373
6004.7   0.0010377153953300
6005.6   0.0010421716291707
6006.5   0.0010402852244732
6007.4   0.0010334844631334
6008.3   0.0010280975121736
6009.2   0.0010284288673309
6010.1   0.0010314834922661
6011.0   0.0010360529444393
6011.9   0.0010431760517081
6012.8   0.0010483228038748
6013.7   0.0010482390251463
6014.6   0.0010442540377860
6015.5   0.0010409599943845
6016.4   0.0010409685779799
6017.3   0.0010426050652681
6018.2   0.0010418348826643
6019.1   0.0010343147309050
6020.0   0.0010252673376169
6020.9   0.0010225376833465
6021.8   0.0010261186032746
6022.7   0.0010314988859868
6023.6   0.0010333923845648
6024.5   0.0010332305022122
6025.4   0.0010340685732523
6026.3   0.0010341054614308
6027.2   0.0010355266494464
6028.1   0.0010403532547870
6029.0   0.0010448371547615
6029.9   0.0010452911631123
6030.8   0.0010423745850913
6031.7   0.0010397692865458
6032.6   0.0010373596372239
6033.5   0.0010360480496617
6034.4   0.0010395049685590
6035.3   0.0010450268451256
6036.2   0.0010466275792562
6037.1   0.0010433514124336
6038.0   0.0010408144988959
6038.9   0.0010410035508107
6039.8   0.0010402801168792
6040.7   0.0010384263440319
6041.6   0.0010365437700298
6042.5   0.0010358375742279
6043.4   0.0010379356603190
6044.3   0.0010417706830459
6045.2   0.0010450122317318
6046.1   0.0010461700239652
6047.0   0.0010463608493501
6047.9   0.0010463260893357
6048.8   0.0010457421210945
6049.7   0.0010448482212151
6050.6   0.0010422747032541
6051.5   0.0010389062450464
6052.4   0.0010378094601852
6053.3   0.0010380716500078
6054.2   0.0010361802086551
6055.1   0.0010302571731473
6056.0   0.0010250416812787
6056.9   0.0010246115793052
6057.8   0.0010274968023745
6058.7   0.0010322174960795
6059.6   0.0010361929067012
6060.5   0.0010366473406848
6061.4   0.0010329743421880
6062.3   0.0010275589447675
6063.2   0.0010230842668376
6064.1   0.0010191891589430
6065.0   0.0010177258332773
6065.9   0.0010217655144561
6066.8   0.0010287607190598
6067.7   0.0010338685258227
6068.6   0.0010354916766156
6069.5   0.0010358499175799
6070.4   0.0010359198632414
6071.3   0.0010340396302199
6072.2   0.0010299922167114
6073.1   0.0010267995448620
6074.0   0.0010286072784250
6074.9   0.0010329104263249
6075.8   0.0010332676741459
6076.7   0.0010298333847274
6077.6   0.0010252092387357
6078.5   0.0010217020951646
6079.4   0.0010210909573612
6080.3   0.0010224185061544
6081.2   0.0010250867983586
6082.1   0.0010270334301015
6083.0   0.0010268088378454
6083.9   0.0010241530308709
6084.8   0.0010196443023146
6085.7   0.0010189466191693
6086.6   0.0010241465754396
6087.5   0.0010282969211540
6088.4   0.0010251743368437
6089.3   0.0010182710689311
6090.2   0.0010160987099113
6091.1   0.0010194381541478
6092.0   0.0010230920701061
6092.9   0.0010243175379592
6093.8   0.0010241450857247
6094.7   0.0010241245844101
6095.6   0.0010221792295658
6096.5   0.0010183317925480
6097.4   0.0010159066076279
6098.3   0.0010163278422509
6099.2   0.0010184827503246
6100.1   0.0010176585123515
6101.0   0.0010111174579762
6101.9   0.0010009556870033
6102.8   0.0009933174221340
6103.7   0.0009947655668954
6104.6   0.0010023939712709
6105.5   0.0010101848964482
6106.4   0.0010166074120806
6107.3   0.0010209019054463
6108.2   0.0010236832741054
6109.1   0.0010252552070812
6110.0   0.0010263536944737
6110.9   0.0010264649974585
6111.8   0.0010244028064026
6112.7   0.0010228640727874
6113.6   0.0010241631751200
6114.5   0.0010244955234205
6115.4   0.0010204082423036
6116.3   0.0010162087359976
6117.2   0.0010172634541475
6118.1   0.0010200113396907
6119.0   0.0010189710221182
6119.9   0.0010133767170319
6120.8   0.0010040893377671
6121.7   0.0009945965197236
6122.6   0.0009902138494235
6123.5   0.0009939479262312
6124.4   0.0010015077327824
6125.3   0.0010099710159517
6126.2   0.0010200112687519
6127.1   0.0010262374257727
6128.0   0.0010253948146491
6128.9   0.0010214222415796
6129.8   0.0010182111965798
6130.7   0.0010163398309089
6131.6   0.0010138789637699
6132.5   0.0010122401355012
6133.4   0.0010121827460081
6134.3   0.0010088822471754
6135.2   0.0009995068328538
6136.1   0.0009873786382115
6137.0   0.0009804700498885
6137.9   0.0009839495273257
6138.8   0.0009934356771216
6139.7   0.0010014331760985
6140.6   0.0010033210705110
6141.5   0.0010026250189582
6142.4   0.0010057671114397
6143.3   0.0010122023960570
6144.2   0.0010175291909103
6145.1   0.0010184638096637
6146.0   0.0010154173426911
6146.9   0.0010109574909714
6147.8   0.0010073779188806
6148.7   0.0010070970012135
6149.6   0.0010085406058914
6150.5   0.0010096168894380
6151.4   0.0010102034114762
6152.3   0.0010100096066615
6153.2   0.0010092946853866
6154.1   0.0010088951580379
6155.0   0.0010104185688712
6155.9   0.0010118179786737
6156.8   0.0010102656957468
6157.7   0.0010087402986270
6158.6   0.0010083215468622
6159.5   0.0010060339832234
6160.4   0.0009979819323056
6161.3   0.0009840611850045
6162.2   0.0009758669727219
6163.1   0.0009834130880837
6164.0   0.0010004730903142
6164.9   0.0010120556946087
6165.8   0.0010131204151301
6166.7   0.0010100021580870
6167.6   0.0010046240035389
6168.5   0.0009964148231685
6169.4   0.0009908625138547
6170.3   0.0009932793989346
6171.2   0.0010010048475950
6172.1   0.0010070438680487
6173.0   0.0010102866936331
6173.9   0.0010114405132933
6174.8   0.0010085668532492
6175.7   0.0010036553341592
6176.6   0.0010002603448385
6177.5   0.0010007170488639
6178.4   0.0010052600408629
6179.3   0.0010107848968593
6180.2   0.0010141879732037
6181.1   0.0010140890135710
6182.0   0.0010127460710571
6182.9   0.0010113042398493
6183.8   0.0010081908066449
6184.7   0.0010046678437203
6185.6   0.0010018692369317
6186.5   0.0010002513356103
6187.4   0.0010009610074137
6188.3   0.0010009295815231
6189.2   0.0009951471467265
6190.1   0.0009838315560933
6191.0   0.0009753907605252
6191.9   0.0009780059195646
6192.8   0.0009907390803343
6193.7   0.0010047870918512
6194.6   0.0010122375107654
6195.5   0.0010150432823733
6196.4   0.0010172106756767
6197.3   0.0010157655103451
6198.2   0.0010079264886582
6199.1   0.0009976498677603
6200.0   0.0009936414705944
6200.9   0.0009986498211529
6201.8   0.0010046677018427
6202.7   0.0010055588351088
6203.6   0.0010022220156080
6204.5   0.0009992691169189
6205.4   0.0009999981550160
6206.3   0.0010036908035616
6207.2   0.0010082884184403
6208.1   0.0010104575142751
6209.0   0.0010089924151393
6209.9   0.0010068924137004
6210.8   0.0010076613903446
6211.7   0.0010104824847343
6212.6   0.0010081219250654
6213.5   0.0009999708435761
6214.4   0.0009940500781101
6215.3   0.0009938523716611
6216.2   0.0009962895452392
6217.1   0.0009960131676556
6218.0   0.0009930453718175
6218.9   0.0009924211103352
6219.8   0.0009968276160737
6220.7   0.0010041978741384
6221.6   0.0010090688871709
6222.5   0.0010092958204075
6223.4   0.0010076109528544
6224.3   0.0010063937139026
6225.2   0.0010054432757957
6226.1   0.0010045837812366
6227.0   0.0010053738976446
6227.9   0.0010058571327830
6228.8   0.0010021362505930
6229.7   0.0009957444514630
6230.6   0.0009893986916174
6231.5   0.0009860897510669
6232.4   0.0009873992814037
6233.3   0.0009902780490418
6234.2   0.0009940359612879
6235.1   0.0010001061948157
6236.0   0.0010075283091468
6236.9   0.0010107436814137
6237.8   0.0010069230592641
6238.7   0.0010013185389899
6239.6   0.0009975686428288
6240.5   0.0009964939199359
6241.4   0.0009975752401376
6242.3   0.0009986756428779
6243.2   0.0009978653798493
6244.1   0.0009937588033775
6245.0   0.0009874280116197
6245.9   0.0009816438742917
6246.8   0.0009814671657289
6247.7   0.0009893903917772
6248.6   0.0009987026705625
6249.5   0.0010029277857771
6250.4   0.0010023540327238
6251.3   0.0009984082745225
6252.2   0.0009923920254252
6253.1   0.0009866906736825
6254.0   0.0009847531221066
6254.9   0.0009868858263345
6255.8   0.0009902581861765
6256.7   0.0009940163821778
6257.6   0.0009966529647362
6258.5   0.0009972323219551
6259.4   0.0009966017469192
6260.3   0.0009963401955458
6261.2   0.0009969645989058
6262.1   0.0009962751446618
6263.0   0.0009942325327161
6263.9   0.0009916297879675
6264.8   0.0009874258834555
6265.7   0.0009830223571468
6266.6   0.0009821409424970
6267.5   0.0009867438068473
6268.4   0.0009930123852733
6269.3   0.0009955344016620
6270.2   0.0009939165003406
6271.1   0.0009913849781521
6272.0   0.0009919472391190
6272.9   0.0009942284182654
6273.8   0.0009930068520465
6274.7   0.0009893203751769
6275.6   0.0009862427660689
6276.5   0.0009848044108625
6277.4   0.0009857881902077
6278.3   0.0009876232352105
6279.2   0.0009860781171029
6280.1   0.0009784815642508
6281.0   0.0009703584326506
6281.9   0.0009685648868485
6282.8   0.0009744025120353
6283.7   0.0009865486541952
6284.6   0.0009970224140317
6285.5   0.0009987443825797
6286.4   0.0009946375223527
6287.3   0.0009895871760218
6288.2   0.0009833910970543
6289.1   0.0009765013075145
6290.0   0.0009743067446488
6290.9   0.0009770238427507
6291.8   0.0009786584146912
6292.7   0.0009783049975656
6293.6   0.0009764918017146
6294.5   0.0009722720069104
6295.4   0.0009680915122040
6296.3   0.0009672409559343
6297.2   0.0009694740385710
6298.1   0.0009715267947659
6299.0   0.0009704209297376
6299.9   0.0009634816958509
6300.8   0.0009547426026085
6301.7   0.0009540924484624
6302.6   0.0009609653545666
6303.5   0.0009678744394613
6304.4   0.0009724327542421
6305.3   0.0009753616046764
6306.2   0.0009774971464564
6307.1   0.0009779683929368
6308.0   0.0009777167729961
6308.9   0.0009779559077072
6309.8   0.0009781309846774
6310.7   0.0009788181688797
6311.6   0.0009791838584185
6312.5   0.0009771202485865
6313.4   0.0009728077367643
6314.3   0.0009689145442175
6315.2   0.0009676402704666
6316.1   0.0009684281168329
6317.0   0.0009708428028099
6317.9   0.0009735215939572
6318.8   0.0009760235346641
6319.7   0.0009813513226607
6320.6   0.0009883128313321
6321.5   0.0009923708856614
6322.4   0.0009922646193318
6323.3   0.0009903255780410
6324.2   0.0009881183171293
6325.1   0.0009840870776683
6326.0   0.0009805443228171
6326.9   0.0009807916864295
6327.8   0.0009798838825443
6328.7   0.0009753628106361
6329.6   0.0009726749393217
6330.5   0.0009774191847100
6331.4   0.0009860572610943
6332.3   0.0009899852845944
6333.2   0.0009868417733367
6334.1   0.0009787467335032
6335.0   0.0009689425650454
6335.9   0.0009628467935479
6336.8   0.0009641020556990
6337.7   0.0009702884869891
6338.6   0.0009754725529671
6339.5   0.0009784219047160
6340.4   0.0009816320275113
6341.3   0.0009845242735223
6342.2   0.0009847940537970
6343.1   0.0009811884471648
6344.0   0.0009767464010851
6344.9   0.0009744143588157
6345.8   0.0009715402731388
6346.7   0.0009685654543590
6347.6   0.0009696044950331
6348.5   0.0009743797406790
6349.4   0.0009787014036069
6350.3   0.0009807993478204
6351.2   0.0009804632397632
6352.1   0.0009769248831180
6353.0   0.0009721322574649
6353.9   0.0009684507463116
6354.8   0.0009661014659126
6355.7   0.0009660692596953
6356.6   0.0009681780575459
6357.5   0.0009694467271312
6358.4   0.0009669647202284
6359.3   0.0009619337401911
6360.2   0.0009603875580014
6361.1   0.0009636610291495
6362.0   0.0009669173331068
6362.9   0.0009680085138024
6363.8   0.0009695325630850
6364.7   0.0009717214508463
6365.6   0.0009688492805170
6366.5   0.0009621730167798
6367.4   0.0009592971576327
6368.3   0.0009584973226084
6369.2   0.0009551090015354
6370.1   0.0009504220747015
6371.0   0.0009487523880526
6371.9   0.0009503666005561
6372.8   0.0009516236361774
6373.7   0.0009520323855707
6374.6   0.0009530742637970
6375.5   0.0009554414917135
6376.4   0.0009579252720864
6377.3   0.0009589723997842
6378.2   0.0009582016496700
6379.1   0.0009567746446724
6380.0   0.0009572589438928
6380.9   0.0009593449703871
6381.8   0.0009609642904846
6382.7   0.0009600196693597
6383.6   0.0009556758735246
6384.5   0.0009531538571360
6385.4   0.0009546806730319
6386.3   0.0009547320327266
6387.2   0.0009522448472911
6388.1   0.0009500687994535
6389.0   0.0009492061126482
6389.9   0.0009482733383037
6390.8   0.0009457451502390
6391.7   0.0009408875446407
6392.6   0.0009333010650989
6393.5   0.0009288331972942
6394.4   0.0009332294169060
6395.3   0.0009419838329303
6396.2   0.0009470893696514
6397.1   0.0009455153794502
6398.0   0.0009408162511419
6398.9   0.0009362636114654
6399.8   0.0009326228901249
6400.7   0.0009339873270966
6401.6   0.0009414961995860
6402.5   0.0009501510884671
6403.4   0.0009560544029871
6404.3   0.0009581851918673
6405.2   0.0009561403808185
6406.1   0.0009513937235110
6407.0   0.0009477902450429
6407.9   0.0009454875004999
6408.8   0.0009426747768891
6409.7   0.0009412716073299
6410.6   0.0009400281919592
6411.5   0.0009376445771787
6412.4   0.0009385864316902
6413.3   0.0009429288796880
6414.2   0.0009459538522028
6415.1   0.0009461944766287
6416.0   0.0009452397112547
6416.9   0.0009437524792118
6417.8   0.0009429446990414
6418.7   0.0009433874281223
6419.6   0.0009421614636975
6420.5   0.0009375223496180
6421.4   0.0009327525662601
6422.3   0.0009330141885722
6423.2   0.0009391188983591
6424.1   0.0009459726509860
6425.0   0.0009494999411777
6425.9   0.0009514798432200
6426.8   0.0009550478522856
6427.7   0.0009589226007433
6428.6   0.0009578535529548
6429.5   0.0009504365462176
6430.4   0.0009419880892585
6431.3   0.0009390263232188
6432.2   0.0009420844950943
6433.1   0.0009446320494527
6434.0   0.0009444949247430
6434.9   0.0009443785141643
6435.8   0.0009438406561462
6436.7   0.0009398840443078
6437.6   0.0009308576489059
6438.5   0.0009208298813353
6439.4   0.0009166349151128
6440.3   0.0009222251057484
6441.2   0.0009344012550227
6442.1   0.0009438434936984
6443.0   0.0009471444891027
6443.9   0.0009469093979036
6444.8   0.0009468217884796
6445.7   0.0009505752315810
6446.6   0.0009549649957616
6447.5   0.0009527978152746
6448.4   0.0009427309604225
6449.3   0.0009315599430736
6450.2   0.0009273031891520
6451.1   0.0009288801587830
6452.0   0.0009314980844358
6452.9   0.0009335655249632
6453.8   0.0009332026729766
6454.7   0.0009302357993430
6455.6   0.0009279759727769
6456.5   0.0009300337656268
6457.4   0.0009346695455825
6458.3   0.0009369071683027
6459.2   0.0009350326103855
6460.1   0.0009283977039715
6461.0   0.0009192769599592
6461.9   0.0009123616324497
6462.8   0.0009109760557141
6463.7   0.0009161981448915
6464.6   0.0009247649277770
6465.5   0.0009336561847558
6466.4   0.0009388083282717
6467.3   0.0009376737330275
6468.2   0.0009338028862041
6469.1   0.0009300654043338
6470.0   0.0009271032836001
6470.9   0.0009239335249846
6471.8   0.0009210258143142
6472.7   0.0009224518971073
6473.6   0.0009272814109389
6474.5   0.0009305145888459
6475.4   0.0009310065494572
6476.3   0.0009308240239125
6477.2   0.0009317197682008
6478.1   0.0009314125322372
6479.0   0.0009282646227736
6479.9   0.0009253598915330
6480.8   0.0009239955964389
6481.7   0.0009231050306832
6482.6   0.0009229076789283
6483.5   0.0009229376860427
6484.4   0.0009221403338766
6485.3   0.0009206592025709
6486.2   0.0009181564815372
6487.1   0.0009153090688508
6488.0   0.0009149430246180
6488.9   0.0009174624162709
6489.8   0.0009197380621905
6490.7   0.0009185669334618
6491.6   0.0009114097046279
6492.5   0.0008991681497755
6493.4   0.0008870564129360
6494.3   0.0008808081230081
6495.2   0.0008818602873611
6496.1   0.0008847265697695
6497.0   0.0008865725393483
6497.9   0.0008893627044192
6498.8   0.0008924561328806
6499.7   0.0008966381882407
6500.6   0.0009042649610237
6501.5   0.0009130614437592
6502.4   0.0009181896099590
6503.3   0.0009174649700679
6504.2   0.0009149711873235
6505.1   0.0009146570702958
6506.0   0.0009160899632142
6506.9   0.0009182999907393
6507.8   0.0009218479950620
6508.7   0.0009254553042255
6509.6   0.0009240685215302
6510.5   0.0009184198773194
6511.4   0.0009148622253193
6512.3   0.0009147790141013
6513.2   0.0009137497629822
6514.1   0.0009087065814706
6515.0   0.0009032423072135
6515.9   0.0009021532546820
6516.8   0.0009058268206892
6517.7   0.0009119934600527
6518.6   0.0009160305164958
6519.5   0.0009149817572054
6520.4   0.0009118656283264
6521.3   0.0009113167747936
6522.2   0.0009128201808840
6523.1   0.0009123420533396
6524.0   0.0009093755343999
6524.9   0.0009059368467755
6525.8   0.0009030390675377
6526.7   0.0009021409113300
6527.6   0.0009032983488693
6528.5   0.0009057104101105
6529.4   0.0009083717503118
6530.3   0.0009088218570284
6531.2   0.0009059848014075
6532.1   0.0009024138129121
6533.0   0.0009017999084953
6533.9   0.0009030240285111
6534.8   0.0009022932169439
6535.7   0.0008992911576631
6536.6   0.0008958648133907
6537.5   0.0008935630619909
6538.4   0.0008925764450936
6539.3   0.0008934257954036
6540.2   0.0008958021744260
6541.1   0.0008960227941090
6542.0   0.0008936309504271
6542.9   0.0008925154377215
6543.8   0.0008913322493960
6544.7   0.0008856985023342
6545.6   0.0008771141266251
6546.5   0.0008728711348317
6547.4   0.0008751948063221
6548.3   0.0008788495735461
6549.2   0.0008800634074352
6550.1   0.0008786093038142
6551.0   0.0008752874524012
6551.9   0.0008703638027756
6552.8   0.0008633077326774
6553.7   0.0008550133548024
6554.6   0.0008479037259065
6555.5   0.0008419816835420
6556.4   0.0008330504880162
6557.3   0.0008181094988243
6558.2   0.0007980536089890
6559.1   0.0007703756992707
6560.0   0.0007249444314438
6560.9   0.0006510618790485
6561.8   0.0005622705082093
6562.7   0.0005100458566783
6563.6   0.0005351680540756
6564.5   0.0006165654023505
6565.4   0.0007007289738495
6566.3   0.0007577459672784
6567.2   0.0007891470292284
6568.1   0.0008062931511679
6569.0   0.0008186338075306
6569.9   0.0008303021768401
6570.8   0.0008407067713419
6571.7   0.0008481964903540
6572.6   0.0008533599840786
6573.5   0.0008593189855604
6574.4   0.0008655703258569
6575.3   0.0008693882523319
6576.2   0.0008704456661564
6577.1   0.0008700386902332
6578.0   0.0008710445315466
6578.9   0.0008732745638147
6579.8   0.0008737764558587
6580.7   0.0008740770945135
6581.6   0.0008776766004085
6582.5   0.0008845751863600
6583.4   0.0008909887637031
6584.3   0.0008930877010599
6585.2   0.0008911204261248
6586.1   0.0008878037532446
6587.0   0.0008855878377987
6587.9   0.0008851547563954
6588.8   0.0008864578313009
6589.7   0.0008897076798270
6590.6   0.0008910836798239
6591.5   0.0008867652800810
6592.4   0.0008798319341151
6593.3   0.0008778422425177
6594.2   0.0008822737896543
6595.1   0.0008858647119539
6596.0   0.0008855027821718
6596.9   0.0008847091188235
6597.8   0.0008873154814511
6598.7   0.0008935363890003
6599.6   0.0008987822426774
6600.5   0.0009007691676613
6601.4   0.0009008999788174
6602.3   0.0009009877301190
6603.2   0.0009012647461518
6604.1   0.0008991618362219
6605.0   0.0008951679105722
6605.9   0.0008921627299839
6606.8   0.0008897569822963
6607.7   0.0008877581395932
6608.6   0.0008875085059390
6609.5   0.0008888190294191
6610.4   0.0008892713352386
6611.3   0.0008877246564773
6612.2   0.0008857795853881
6613.1   0.0008831523667519
6614.0   0.0008801219319492
6614.9   0.0008798887560977
6615.8   0.0008841834622799
6616.7   0.0008903987656635
6617.6   0.0008940695650573
6618.5   0.0008947776762069
6619.4   0.0008944514286436
6620.3   0.0008939811753065
6621.2   0.0008943379974947
6622.1   0.0008955917699309
6623.0   0.0008971596593949
6623.9   0.0008983752667541
6624.8   0.0008987947988458
6625.7   0.0008981711758127
6626.6   0.0008970528964936
6627.5   0.0008967977296127
6628.4   0.0008966086776979
6629.3   0.0008954214458606
6630.2   0.0008934971598412
6631.1   0.0008895423924118
6632.0   0.0008845288633205
6632.9   0.0008819027797052
6633.8   0.0008829407562972
6634.7   0.0008869242539426
6635.6   0.0008908357487011
6636.5   0.0008935971126172
6637.4   0.0008959085116944
6638.3   0.0008964121772086
6639.2   0.0008957083933260
6640.1   0.0008958726875980
6641.0   0.0008966858591175
6641.9   0.0008966286824409
6642.8   0.0008963983441416
6643.7   0.0008976639633583
6644.6   0.0008985406960470
6645.5   0.0008970411206520
6646.4   0.0008948218710823
6647.3   0.0008946462266016
6648.2   0.0008960891928303
6649.1   0.0008948349947612
6650.0   0.0008902887395772
6650.9   0.0008875353208072
6651.8   0.0008891605288255
6652.7   0.0008927010136348
6653.6   0.0008944101422592
6654.5   0.0008937185598511
6655.4   0.0008920497244679
6656.3   0.0008907728259812
6657.2   0.0008913934695845
6658.1   0.0008930538632500
6659.0   0.0008936400305941
6659.9   0.0008917007764870
6660.8   0.0008890663930315
6661.7   0.0008883404053030
6662.6   0.0008872838427442
6663.5   0.0008845028997179
6664.4   0.0008806315563229
6665.3   0.0008757166321703
6666.2   0.0008720993915742
6667.1   0.0008722542509851
6668.0   0.0008755443927523
6668.9   0.0008783866269059
6669.8   0.0008785790129445
6670.7   0.0008772064180102
6671.6   0.0008755228273556
6672.5   0.0008755892970157
6673.4   0.0008786695308594
6674.3   0.0008821556056055
6675.2   0.0008821893724766
6676.1   0.0008764103427426
6677.0   0.0008681492351670
6677.9   0.0008655109500773
6678.8   0.0008711963405889
6679.7   0.0008789730070664
6680.6   0.0008819134205259
6681.5   0.0008817465724570
6682.4   0.0008828251969841
6683.3   0.0008844063520046
6684.2   0.0008837444220169
6685.1   0.0008811296176715
6686.0   0.0008810046944362
6686.9   0.0008847505470855
6687.8   0.0008893016970471
6688.7   0.0008924875587712
6689.6   0.0008931338822218
6690.5   0.0008915054819573
6691.4   0.0008896162397076
6692.3   0.0008883953119380
6693.2   0.0008869662497150
6694.1   0.0008838506883465
6695.0   0.0008807229964423
6695.9   0.0008810815211619
6696.8   0.0008836659636988
6697.7   0.0008849315829154
6698.6   0.0008855060453568
6699.5   0.0008880975108354
6700.4   0.0008910685698585
6701.3   0.0008921749314584
6702.2   0.0008927623047622
6703.1   0.0008915247063735
6704.0   0.0008863945538871
6704.9   0.0008793296873770
6705.8   0.0008734536133580
6706.7   0.0008695448852129
6707.6   0.0008673149948224
6708.5   0.0008704023225467
6709.4   0.0008788547520788
6710.3   0.0008849842904474
6711.2   0.0008863737688172
6712.1   0.0008865503355024
6713.0   0.0008864146295688
6713.9   0.0008841831075858
6714.8   0.0008786339195794
6715.7   0.0008715979961018
6716.6   0.0008662478623816
6717.5   0.0008662238141268
6718.4   0.0008713548888177
6719.3   0.0008765206525841
6720.2   0.0008787740237189
6721.1   0.0008777002939693
6722.0   0.0008761027520849
6722.9   0.0008770369452055
6723.8   0.0008784175562248
6724.7   0.0008776420532105
6725.6   0.0008737471581323
6726.5   0.0008688986327011
6727.4   0.0008666687423106
6728.3   0.0008679211669095
6729.2   0.0008717964119388
6730.1   0.0008759817304839
6731.0   0.0008789352676223
6731.9   0.0008813069646835
6732.8   0.0008836466683439
6733.7   0.0008839268766229
6734.6   0.0008802475645725
6735.5   0.0008751914012595
6736.4   0.0008715835955244
6737.3   0.0008693495197444
6738.2   0.0008688206000158
6739.1   0.0008699398015393
6740.0   0.0008712684853534
6740.9   0.0008709686270255
6741.8   0.0008683176438896
6742.7   0.0008663745590870
6743.6   0.0008675970475104
6744.5   0.0008703603267742
6745.4   0.0008719289965650
6746.3   0.0008727191129730
6747.2   0.0008736636631591
6748.1   0.0008730427358006
6749.0   0.0008729224945264
6749.9   0.0008749946170150
6750.8   0.0008759427850801
6751.7   0.0008749366600114
6752.6   0.0008745688423085
6753.5   0.0008761617731705
6754.4   0.0008777233490809
6755.3   0.0008772458599857
6756.2   0.0008758844733825
6757.1   0.0008748513915680
6758.0   0.0008741090169757
6758.9   0.0008725648920113
6759.8   0.0008710734036402
6760.7   0.0008728290681205
6761.6   0.0008772403976977
6762.5   0.0008800629108636
6763.4   0.0008787065609156
6764.3   0.0008755171522512
6765.2   0.0008742435878884
6766.1   0.0008743393552749
6767.0   0.0008742727437372
6767.9   0.0008733686286699
6768.8   0.0008709209561486
6769.7   0.0008678032666159
6770.6   0.0008641145197045
6771.5   0.0008607745788964
6772.4   0.0008603079434383
6773.3   0.0008623794984164
6774.2   0.0008638338857927
6775.1   0.0008622528726498
6776.0   0.0008597188676032
6776.9   0.0008588965449778
6777.8   0.0008595498913701
6778.7   0.0008613164804263
6779.6   0.0008639963356557
6780.5   0.0008670943751395
6781.4   0.0008688137898905
6782.3   0.0008677050873101
6783.2   0.0008655618841391
6784.1   0.0008646916068817
6785.0   0.0008655475545005
6785.9   0.0008669872575442
6786.8   0.0008678329899752
6787.7   0.0008690160364230
6788.6   0.0008709811831939
6789.5   0.0008725437522475
6790.4   0.0008721723166655
6791.3   0.0008701839019666
6792.2   0.0008691472732119
6793.1   0.0008695292786758
6794.0   0.0008705781798438
6794.9   0.0008702426392970
6795.8   0.0008665678673301
6796.7   0.0008620423972160
6797.6   0.0008594456822658
6798.5   0.0008597080139660
6799.4   0.0008616210916542
6800.3   0.0008632881535673
6801.2   0.0008653177127729
6802.1   0.0008687523568855
6803.0   0.0008723624326624
6803.9   0.0008732794585922
6804.8   0.0008712365628912
6805.7   0.0008683036689451
6806.6   0.0008644150164817
6807.5   0.0008612290838188
6808.4   0.0008614531795032
6809.3   0.0008631716720498
6810.2   0.0008633585958005
6811.1   0.0008610708193453
6812.0   0.0008586409524640
6812.9   0.0008579058845686
6813.8   0.0008578509779337
6814.7   0.0008584612644714
6815.6   0.0008595923127754
6816.5   0.0008601049165789
6817.4   0.0008607414504745
6818.3   0.0008627695909041
6819.2   0.0008636004971249
6820.1   0.0008601997617610
6821.0   0.0008564968270886
6821.9   0.0008568064040328
6822.8   0.0008594063821680
6823.7   0.0008620727590244
6824.6   0.0008640772768320
6825.5   0.0008651466083757
6826.4   0.0008657180204485
6827.3   0.0008661417379296
6828.2   0.0008668382151153
6829.1   0.0008673741577856
6830.0   0.0008671509133669
6830.9   0.0008661919626034
6831.8   0.0008636986054919
6832.7   0.0008598439327160
6833.6   0.0008566992864375
6834.5   0.0008562100924395
6835.4   0.0008574066881991
6836.3   0.0008576639832442
6837.2   0.0008563631074415
6838.1   0.0008535447796651
6839.0   0.0008503505471621
6839.9   0.0008482135866059
6840.8   0.0008468402822836
6841.7   0.0008463579693496
6842.6   0.0008478283179570
6843.5   0.0008513912194287
6844.4   0.0008549001364699
6845.3   0.0008562522300896
6846.2   0.0008558758287913
6847.1   0.0008550634375986
6848.0   0.0008552517091865
6848.9   0.0008571657090792
6849.8   0.0008599464392890
6850.7   0.0008625029319368
6851.6   0.0008622550008140
6852.5   0.0008586181811077
6853.4   0.0008550170436202
6854.3   0.0008538433610946
6855.2   0.0008551380652212
6856.1   0.0008564802983471
6857.0   0.0008561429843302
6857.9   0.0008547932316910
6858.8   0.0008530781442071
6859.7   0.0008513505714935
6860.6   0.0008489032536663
6861.5   0.0008458380588492
6862.4   0.0008438007673138
6863.3   0.0008439029191927
6864.2   0.0008457404470538
6865.1   0.0008483068001954
6866.0   0.0008522375903089
6866.9   0.0008561218445664
6867.8   0.0008566975839062
6868.7   0.0008549162395786
6869.6   0.0008537339734576
6870.5   0.0008531339730465
6871.4   0.0008506523208377
6872.3   0.0008472189536236
6873.2   0.0008469444913878
6874.1   0.0008488701961833
6875.0   0.0008482906261479
6875.9   0.0008444541137061
6876.8   0.0008410896990103
6877.7   0.0008409101528953
6878.6   0.0008426377256089
6879.5   0.0008450051663419
6880.4   0.0008473382726933
6881.3   0.0008484288858785
6882.2   0.0008483799381032
6883.1   0.0008469148389674
6884.0   0.0008449157834478
6884.9   0.0008438407767997
6885.8   0.0008430432827560
6886.7   0.0008426768838291
6887.6   0.0008440426686382
6888.5   0.0008475133496636
6889.4   0.0008510174428661
6890.3   0.0008520073938873
6891.2   0.0008504195706192
6892.1   0.0008467558651058
6893.0   0.0008422135115561
6893.9   0.0008407675658976
6894.8   0.0008446443715806
6895.7   0.0008486996592965
6896.6   0.0008477197106468
6897.5   0.0008453197090024
6898.4   0.0008453405650110
6899.3   0.0008453104160190
6900.2   0.0008439815193884
6901.1   0.0008427038405750
6902.0   0.0008414257361287
6902.9   0.0008394414358805
6903.8   0.0008382939297738
6904.7   0.0008409197296339
6905.6   0.0008454910971548
6906.5   0.0008472946453284
6907.4   0.0008449689166126
6908.3   0.0008414912126455
6909.2   0.0008402365180048
6910.1   0.0008409856317836
6911.0   0.0008419921824851
6911.9   0.0008422548688793
6912.8   0.0008404532360535
6913.7   0.0008357495676616
6914.6   0.0008295867589936
6915.5   0.0008251078247354
6916.4   0.0008235702261411
6917.3   0.0008240838230879
6918.2   0.0008269843689391
6919.1   0.0008307171688483
6920.0   0.0008324980166043
6920.9   0.0008324750324315
6921.8   0.0008308635156026
6922.7   0.0008270164332788
6923.6   0.0008217248240727
6924.5   0.0008174338776472
6925.4   0.0008150601233606
6926.3   0.0008151900832510
6927.2   0.0008191754962442
6928.1   0.0008248593261021
6929.0   0.0008293350681141
6929.9   0.0008309096258257
6930.8   0.0008283384488453
6931.7   0.0008239944401939
6932.6   0.0008220616415179
6933.5   0.0008240916972952
6934.4   0.0008278192477329
6935.3   0.0008307263199541
6936.2   0.0008330297029463
6937.1   0.0008347594038241
6938.0   0.0008350235799332
6938.9   0.0008337074522875
6939.8   0.0008318729747951
6940.7   0.0008314428728215
6941.6   0.0008329750091278
6942.5   0.0008347611063554
6943.4   0.0008333348816846
6944.3   0.0008288602037547
6945.2   0.0008271878214313
6946.1   0.0008298908736498
6947.0   0.0008327565176090
6947.9   0.0008323034314627
6948.8   0.0008288019629960
6949.7   0.0008242520899329
6950.6   0.0008190896602903
6951.5   0.0008157895161517
6952.4   0.0008179613785998
6953.3   0.0008237433877636
6954.2   0.0008280500116650
6955.1   0.0008282108299355
6956.0   0.0008263874188966
6956.9   0.0008259437676113
6957.8   0.0008262669648060
6958.7   0.0008249570088363
6959.6   0.0008221986952888
6960.5   0.0008215007993271
6961.4   0.0008254107334319
6962.3   0.0008311415957175
6963.2   0.0008339840426875
6964.1   0.0008337446951600
6965.0   0.0008334185894743
6965.9   0.0008321769475737
6966.8   0.0008281621659154
6967.7   0.0008260759975435
6968.6   0.0008294817695625
6969.5   0.0008354308396116
6970.4   0.0008389628117644
6971.3   0.0008369373670094
6972.2   0.0008321616247919
6973.1   0.0008291406957889
6974.0   0.0008269109472761
6974.9   0.0008228604124601
6975.8   0.0008192352976566
6976.7   0.0008182742896678
6977.6   0.0008156416087437
6978.5   0.0008092329971169
6979.4   0.0008050579646985
6980.3   0.0008070473016019
6981.2   0.0008118719915947
6982.1   0.0008154838408417
6983.0   0.0008175640503541
6983.9   0.0008190942003739
6984.8   0.0008201801315979
6985.7   0.0008196918598044
6986.6   0.0008167288878050
6987.5   0.0008136211297050
6988.4   0.0008126763667025
6989.3   0.0008130928484256
6990.2   0.0008143391013485
6991.1   0.0008163793723137
6992.0   0.0008188857821653
6992.9   0.0008213271411329
6993.8   0.0008229282299575
6994.7   0.0008240768001462
6995.6   0.0008255109699631
6996.5   0.0008277004252348
6997.4   0.0008306294175467
6998.3   0.0008327558791598
6999.2   0.0008318442445791
7000.1   0.0008278067625033
7001.0   0.0008240131680383
7001.9   0.0008222641008669
7002.8   0.0008214925704257
7003.7   0.0008211075145932
7004.6   0.0008206857124598
7005.5   0.0008201177054497
7006.4   0.0008204631064903
7007.3   0.0008224893315722
7008.2   0.0008256203576001
7009.1   0.0008281899739268
7010.0   0.0008298161750884
7010.9   0.0008296503911015
7011.8   0.0008263602493343
7012.7   0.0008222809843024
7013.6   0.0008199988120128
7014.5   0.0008191100906661
7015.4   0.0008167722314147
7016.3   0.0008117670021636
7017.2   0.0008072495481344
7018.1   0.0008060740211999
7019.0   0.0008094802188517
7019.9   0.0008161624414486
7020.8   0.0008228082724386
7021.7   0.0008271114912773
7022.6   0.0008272824537969
7023.5   0.0008240696353270
7024.4   0.0008205876750316
7025.3   0.0008187451105154
7026.2   0.0008189455835778
7027.1   0.0008209869895638
7028.0   0.0008240562278928
7028.9   0.0008264331034869
7029.8   0.0008263149194381
7030.7   0.0008240796376984
7031.6   0.0008227199536266
7032.5   0.0008243741046772
7033.4   0.0008252406931168
7034.3   0.0008199188639798
7035.2   0.0008111378459037
7036.1   0.0008057006702701
7037.0   0.0008055357375489
7037.9   0.0008069433762528
7038.8   0.0008071854903936
7039.7   0.0008070995835010
7040.6   0.0008072694109997
7041.5   0.0008079124003266
7042.4   0.0008088133940865
7043.3   0.0008100183606250
7044.2   0.0008130419143637
7045.1   0.0008171025934288
7046.0   0.0008193148200568
7046.9   0.0008185062595596
7047.8   0.0008169648302698
7048.7   0.0008169613542684
7049.6   0.0008169416332806
7050.5   0.0008161256242089
7051.4   0.0008154551815646
7052.3   0.0008146644976462
7053.2   0.0008156233065320
7054.1   0.0008211306406436
7055.0   0.0008299455674683
7055.9   0.0008382366112195
7056.8   0.0008435822048562
7057.7   0.0008452342277426
7058.6   0.0008431564301497
7059.5   0.0008400438482109
7060.4   0.0008388951361446
7061.3   0.0008397996059060
7062.2   0.0008410826051298
7063.1   0.0008401794122669
7064.0   0.0008363795751872
7064.9   0.0008320480517654
7065.8   0.0008310620733173
7066.7   0.0008339858870964
7067.6   0.0008363766666962
7068.5   0.0008371878519292
7069.4   0.0008391226368916
7070.3   0.0008419540883469
7071.2   0.0008423610642701
7072.1   0.0008365158486312
7073.0   0.0008256912254661
7073.9   0.0008162052884867
7074.8   0.0008122356239082
7075.7   0.0008133634090271
7076.6   0.0008161159055926
7077.5   0.0008176077486578
7078.4   0.0008163199965341
7079.3   0.0008127238247629
7080.2   0.0008095099422109
7081.1   0.0008067611344633
7082.0   0.0008032106472824
7082.9   0.0007999644166354
7083.8   0.0007984131268518
7084.7   0.0007975343369378
7085.6   0.0007949987002986
7086.5   0.0007912416393181
7087.4   0.0007887212545220
7088.3   0.0007883802516872
7089.2   0.0007875751671914
7090.1   0.0007828997324439
7091.0   0.0007762422674899
7091.9   0.0007711164422706
7092.8   0.0007672683668035
7093.7   0.0007633510550630
7094.6   0.0007579589965093
7095.5   0.0007507077737590
7096.4   0.0007464696058043
7097.3   0.0007559676733194
7098.2   0.0007820642861396
7099.1   0.0008081617502255
7100.0   0.0008206613095110
7100.9   0.0008217154601505
7101.8   0.0008176514469616
7102.7   0.0008135103232919
7103.6   0.0008113120006696
7104.5   0.0008110614448110
7105.4   0.0008127001312021
7106.3   0.0008159843850485
7107.2   0.0008201155772855
7108.1   0.0008227881967568
7109.0   0.0008223001377797
7109.9   0.0008193514244801
7110.8   0.0008165656576151
7111.7   0.0008158020723201
7112.6   0.0008158803887606
7113.5   0.0008159304006180
7114.4   0.0008164649954511
7115.3   0.0008173161192312
7116.2   0.0008180987870647
7117.1   0.0008182518020667
7118.0   0.0008173602431678
7118.9   0.0008153865837404
7119.8   0.0008129435222414
7120.7   0.0008117464299102
7121.6   0.0008127585847773
7122.5   0.0008153733181839
7123.4   0.0008170241351106
7124.3   0.0008163880268479
7125.2   0.0008158953568485
7126.1   0.0008163400722158
7127.0   0.0008171443054460
7127.9   0.0008181358171208
7128.8   0.0008175699382749
7129.7   0.0008143097326833
7130.6   0.0008096443003072
7131.5   0.0008069626716077
7132.4   0.0008073123289766
7133.3   0.0008078089006103
7134.2   0.0008069531658079
7135.1   0.0008055921338988
7136.0   0.0008049889412414
7136.9   0.0008055565935576
7137.8   0.0008064646102591
7138.7   0.0008070355966991
7139.6   0.0008069352182903
7140.5   0.0008062757711607
7141.4   0.0008047867656477
7142.3   0.0008025990129073
7143.2   0.0008014843514673
7144.1   0.0008009469190821
7145.0   0.0007985295374305
7145.9   0.0007935146605019
7146.8   0.0007883788329111
7147.7   0.0007876772481315
7148.6   0.0007924202875601
7149.5   0.0007988467048268
7150.4   0.0008023483861099
7151.3   0.0008022385019013
7152.2   0.0008016888680416
7153.1   0.0008015293976084
7154.0   0.0008007130338426
7154.9   0.0007989370808641
7155.8   0.0007959218269656
7156.7   0.0007926882234258
7157.6   0.0007912676029207
7158.5   0.0007927780319527
7159.4   0.0007962604888198
7160.3   0.0007999224208630
7161.2   0.0008019386435733
7162.1   0.0007999615081444
7163.0   0.0007943564912986
7163.9   0.0007890434585734
7164.8   0.0007877977731609
7165.7   0.0007912508613627
7166.6   0.0007961462773440
7167.5   0.0007991464922159
7168.4   0.0007994537991184
7169.3   0.0007980354486550
7170.2   0.0007959910632391
7171.1   0.0007935221800152
7172.0   0.0007912021264038
7172.9   0.0007896694935259
7173.8   0.0007896348753891
7174.7   0.0007913084636723
7175.6   0.0007932583586001
7176.5   0.0007956108312453
7177.4   0.0007982647938109
7178.3   0.0007985404620064
7179.2   0.0007954351867646
7180.1   0.0007915765414156
7181.0   0.0007904372642104
7181.9   0.0007916359171953
7182.8   0.0007919905402805
7183.7   0.0007910816723133
7184.6   0.0007896497015993
7185.5   0.0007869894964189
7186.4   0.0007828253176376
7187.3   0.0007804949778995
7188.2   0.0007839912678335
7189.1   0.0007900610047896
7190.0   0.0007925939457543
7190.9   0.0007903544786251
7191.8   0.0007857335248797
7192.7   0.0007819687315695
7193.6   0.0007809771489558
7194.5   0.0007834128328191
7195.4   0.0007878168556994
7196.3   0.0007906629205485
7197.2   0.0007903311397584
7198.1   0.0007878357963603
7199.0   0.0007849610012953
7199.9   0.0007823401671515
7200.8   0.0007799635043739
7201.7   0.0007798392195879
7202.6   0.0007837607876567
7203.5   0.0007902886474143
7204.4   0.0007954405071749
7205.3   0.0007942962642533
7206.2   0.0007857780744491
7207.1   0.0007767766495065
7208.0   0.0007755786349708
7208.9   0.0007810253873431
7209.8   0.0007862073251570
7210.7   0.0007887049385968
7211.6   0.0007891419216345
7212.5   0.0007891573862939
7213.4   0.0007905360819655
7214.3   0.0007928449272457
7215.2   0.0007950473643187
7216.1   0.0007965758118072
7217.0   0.0007972927193686
7217.9   0.0007974045189250
7218.8   0.0007976501800060
7219.7   0.0007984239095501
7220.6   0.0007980421878414
7221.5   0.0007953855296012
7222.4   0.0007916272626611
7223.3   0.0007891504342911
7224.2   0.0007898230760383
7225.1   0.0007929305503831
7226.0   0.0007975681747477
7226.9   0.0008024275538161
7227.8   0.0008040603522865
7228.7   0.0008010253064614
7229.6   0.0007960282351728
7230.5   0.0007934847952651
7231.4   0.0007951899513163
7232.3   0.0007981000029673
7233.2   0.0007989961019497
7234.1   0.0007987016349710
7235.0   0.0008005678930480
7235.9   0.0008054037913720
7236.8   0.0008099992071477
7237.7   0.0008107673325262
7238.6   0.0008066823214511
7239.5   0.0008001292784178
7240.4   0.0007936153936047
7241.3   0.0007882126942303
7242.2   0.0007855828508583
7243.1   0.0007865764197585
7244.0   0.0007901527996031
7244.9   0.0007929936149806
7245.8   0.0007923008975516
7246.7   0.0007900665380164
7247.6   0.0007890771545057
7248.5   0.0007882016277767
7249.4   0.0007852795874677
7250.3   0.0007821111766896
7251.2   0.0007820264048178
7252.1   0.0007843600077409
7253.0   0.0007870417783180
7253.9   0.0007890772963833
7254.8   0.0007898964977013
7255.7   0.0007904011563587
7256.6   0.0007912530604657
7257.5   0.0007911953872174
7258.4   0.0007883456335505
7259.3   0.0007836961624055
7260.2   0.0007814403793513
7261.1   0.0007830766538231
7262.0   0.0007861652584458
7262.9   0.0007876290806831
7263.8   0.0007865209456131
7264.7   0.0007847597479060
7265.6   0.0007838185318438
7266.5   0.0007842141575582
7267.4   0.0007863551616263
7268.3   0.0007897897348000
7269.2   0.0007926575778622
7270.1   0.0007921209967426
7271.0   0.0007881904903844
7271.9   0.0007842253658894
7272.8   0.0007828143930617
7273.7   0.0007835395295245
7274.6   0.0007837956186098
7275.5   0.0007831204230656
7276.4   0.0007832462685054
7277.3   0.0007837623483104
7278.2   0.0007835482549975
7279.1   0.0007839909840783
7280.0   0.0007870991678111
7280.9   0.0007902953866007
7281.8   0.0007887924770820
7282.7   0.0007835770561522
7283.6   0.0007796899643425
7284.5   0.0007799779758901
7285.4   0.0007831395765429
7286.3   0.0007855455370469
7287.2   0.0007841508801443
7288.1   0.0007788607606531
7289.0   0.0007739941458266
7289.9   0.0007731994893351
7290.8   0.0007753743312130
7291.7   0.0007778121432404
7292.6   0.0007788272775372
7293.5   0.0007789576630605
7294.4   0.0007793683278015
7295.3   0.0007797750909083
7296.2   0.0007794830358489
7297.1   0.0007787396681133
7298.0   0.0007790815222137
7298.9   0.0007801673824989
7299.8   0.0007794432391794
7300.7   0.0007770884255537
7301.6   0.0007755628156174
7302.5   0.0007761776422387
7303.4   0.0007780741202465
7304.3   0.0007799113643524
7305.2   0.0007819531250325
7306.1   0.0007842618993739
7307.0   0.0007862913167019
7307.9   0.0007867341876604
7308.8   0.0007845582107616
7309.7   0.0007813331908172
7310.6   0.0007789941965449
7311.5   0.0007786268044748
7312.4   0.0007806848810800
7313.3   0.0007843339022607
7314.2   0.0007875721877616
7315.1   0.0007883913181408
7316.0   0.0007873693737187
7316.9   0.0007866143720190
7317.8   0.0007867734877582
7318.7   0.0007873939185451
7319.6   0.0007879601520851
7320.5   0.0007891234066064
7321.4   0.0007910659238986
7322.3   0.0007919121529012
7323.2   0.0007897634165034
7324.1   0.0007840055265333
7325.0   0.0007768597897858
7325.9   0.0007727094440714
7326.8   0.0007739999628086
7327.7   0.0007788955206674
7328.6   0.0007822268778802
7329.5   0.0007814335692260
7330.4   0.0007791072729998
7331.3   0.0007789893017674
7332.2   0.0007811293126922
7333.1   0.0007819008431333
7334.0   0.0007806908399396
7334.9   0.0007801152424774
7335.8   0.0007806472125747
7336.7   0.0007806758009130
7337.6   0.0007788690604932
7338.5   0.0007755070577168
7339.4   0.0007720237495841
7340.3   0.0007699050203008
7341.2   0.0007700606600385
7342.1   0.0007717436122439
7343.0   0.0007737670707124
7343.9   0.0007755481312848
7344.8   0.0007770652285645
7345.7   0.0007790145559819
7346.6   0.0007810285795893
7347.5   0.0007822959722761
7348.4   0.0007827042960366
7349.3   0.0007827147949797
7350.2   0.0007829301651911
7351.1   0.0007828083632633
7352.0   0.0007825862538654
7352.9   0.0007828238279227
7353.8   0.0007828225510242
7354.7   0.0007819295733493
7355.6   0.0007794005340189
7356.5   0.0007761291910350
7357.4   0.0007744736921471
7358.3   0.0007752411790764
7359.2   0.0007777479436220
7360.1   0.0007799481815920
7361.0   0.0007805537861687
7361.9   0.0007798775265425
7362.8   0.0007783292871274
7363.7   0.0007761616810076
7364.6   0.0007732808561442
7365.5   0.0007703630721635
7366.4   0.0007688235582214
7367.3   0.0007695017331954
7368.2   0.0007721539222909
7369.1   0.0007741997264829
7370.0   0.0007732290708167
7370.9   0.0007697215725515
7371.8   0.0007665119463278
7372.7   0.0007667664038207
7373.6   0.0007698963657666
7374.5   0.0007728751571195
7375.4   0.0007738795087180
7376.3   0.0007730769070803
7377.2   0.0007718593843734
7378.1   0.0007711108381050
7379.0   0.0007719506116763
7379.9   0.0007739541363407
7380.8   0.0007748988993431
7381.7   0.0007746987100360
7382.6   0.0007744688683084
7383.5   0.0007741324055571
7384.4   0.0007717194221115
7385.3   0.0007663363727859
7386.2   0.0007608338625131
7387.1   0.0007582297699272
7388.0   0.0007592146133544
7388.9   0.0007623818891117
7389.8   0.0007652484552753
7390.7   0.0007660789358633
7391.6   0.0007641609633975
7392.5   0.0007609530397051
7393.4   0.0007596353514058
7394.3   0.0007620649345318
7395.2   0.0007669365150746
7396.1   0.0007708429731780
7397.0   0.0007721371097942
7397.9   0.0007713428079967
7398.8   0.0007693754621229
7399.7   0.0007676692419895
7400.6   0.0007673256853578
7401.5   0.0007691860555140
7402.4   0.0007724571147427
7403.3   0.0007745128503674
7404.2   0.0007734396171894
7405.1   0.0007694583895857
7406.0   0.0007657016832993
7406.9   0.0007645516943345
7407.8   0.0007650007369689
7408.7   0.0007655043315443
7409.6   0.0007660552423024
