3540.5   0.0002183890711776
3541.4   0.0001665747773330
3542.3   0.0001420694069338
3543.2   0.0001488541660428
3544.1   0.0001671005775449
3545.0   0.0001719891625807
3545.9   0.0001617644165979
3546.8   0.0001533569820223
3547.7   0.0001529922135473
3548.6   0.0001543929343124
3549.5   0.0001599405578544
3550.4   0.0001502684888992
3551.3   0.0001264902083831
3552.2   0.0001256346924980
3553.1   0.0001118952872706
3554.0   0.0001043834219101
3554.9   0.0001257033904244
3555.8   0.0001711205765755
3556.7   0.0002012092371313
3557.6   0.0001803463627184
3558.5   0.0001373139292455
3559.4   0.0000967581894211
3560.3   0.0000778586974889
3561.2   0.0001053090843198
3562.1   0.0001416206688704
3563.0   0.0001215620201467
3563.9   0.0000663538940573
3564.8   0.0000343829520575
3565.7   0.0000521254682798
3566.6   0.0000982476265935
3567.5   0.0001299225594259
3568.4   0.0001322702296280
3569.3   0.0001140379685565
3570.2   0.0000796396384428
3571.1   0.0000627410165837
3572.0   0.0000880702178523
3572.9   0.0001056018402794
3573.8   0.0000880225777964
3574.7   0.0000830079729046
3575.6   0.0001109124911673
3576.5   0.0001533961678302
3577.4   0.0001574648626747
3578.3   0.0001086107505295
3579.2   0.0000676297816712
3580.1   0.0000701777144311
3581.0   0.0000749918235162
3581.9   0.0000580860896130
3582.8   0.0000452435098709
3583.7   0.0000511539622395
3584.6   0.0000687002097792
3585.5   0.0000719567812100
3586.4   0.0000445247146445
3587.3   0.0000153459977761
3588.2   0.0000267820797518
3589.1   0.0000699489668682
3590.0   0.0001261282470785
3590.9   0.0001630351727370
3591.8   0.0001627537845901
3592.7   0.0001274928592838
3593.6   0.0000977699984085
3594.5   0.0001000736214055
3595.4   0.0001188757135257
3596.3   0.0001427284945450
3597.2   0.0001688568186726
3598.1   0.0001939682268904
3599.0   0.0002100808614840
3599.9   0.0002130675107906
3600.8   0.0001931810242756
3601.7   0.0001547581774693
3602.6   0.0001295005017580
3603.5   0.0001221771260262
3604.4   0.0001157135383164
3605.3   0.0001037725717993
3606.2   0.0000970464277187
3607.1   0.0001003687262220
3608.0   0.0000996782932381
3608.9   0.0000770824780308
3609.8   0.0000469891033928
3610.7   0.0000400868891622
3611.6   0.0000721142037277
3612.5   0.0001138717807922
3613.4   0.0001458656834821
3614.3   0.0001683527065122
3615.2   0.0001716978061143
3616.1   0.0001620698825742
3617.0   0.0001530704378480
3617.9   0.0001333164939728
3618.8   0.0001037567517979
3619.7   0.0000949457967003
3620.6   0.0001087789270472
3621.5   0.0001347098735371
3622.4   0.0001631217121549
3623.3   0.0001766230889702
3624.2   0.0001958593431463
3625.1   0.0002356385034091
3626.0   0.0002583557144161
3626.9   0.0002470318343477
3627.8   0.0002178577384665
3628.7   0.0001994146122444
3629.6   0.0001683854431938
3630.5   0.0001144083104516
3631.4   0.0000835132390330
3632.3   0.0000832519675770
3633.2   0.0000964658835909
3634.1   0.0001256071363962
3635.0   0.0001688722867546
3635.9   0.0001993273526196
3636.8   0.0001943139589851
3637.7   0.0001618424281103
3638.6   0.0001416503283039
3639.5   0.0001697316901207
3640.4   0.0001989268684249
3641.3   0.0001859748131273
3642.2   0.0001625355291337
3643.1   0.0001652163687288
3644.0   0.0001689149753875
3644.9   0.0001673900516522
3645.8   0.0001547356382640
3646.7   0.0001206388620932
3647.6   0.0000929592284650
3648.5   0.0001035406651466
3649.4   0.0001331025188375
3650.3   0.0001574112236218
3651.2   0.0001676012359854
3652.1   0.0001979635915680
3653.0   0.0002320981786062
3653.9   0.0002118634065353
3654.8   0.0002128526599491
3655.7   0.0002625898113445
3656.6   0.0002448904625290
3657.5   0.0001986694271606
3658.4   0.0002282429760310
3659.3   0.0002816252587155
3660.2   0.0002691580664096
3661.1   0.0002305651034372
3662.0   0.0002029632521645
3662.9   0.0001793521660657
3663.8   0.0001867477261806
3664.7   0.0002477556751151
3665.6   0.0003051867323733
3666.5   0.0002999168468383
3667.4   0.0002647923189160
3668.3   0.0002146269717250
3669.2   0.0001729217815353
3670.1   0.0001739007883677
3671.0   0.0002089293323394
3671.9   0.0002416638533461
3672.8   0.0002509453900579
3673.7   0.0002367163913884
3674.6   0.0002390884094974
3675.5   0.0002632198451507
3676.4   0.0002598613562459
3677.3   0.0002356047518904
3678.2   0.0002245046270408
3679.1   0.0002103681422337
3680.0   0.0001878791058976
3680.9   0.0001618300045396
3681.8   0.0001351122155384
3682.7   0.0001441947541468
3683.6   0.0001823803582213
3684.5   0.0001896392263220
3685.4   0.0001644840655292
3686.3   0.0001413700204675
3687.2   0.0001292791281327
3688.1   0.0001289075831645
3689.0   0.0001530650854006
3689.9   0.0002069636255544
3690.8   0.0002288245759168
3691.7   0.0002036308349446
3692.6   0.0001676677078175
3693.5   0.0001377953385172
3694.4   0.0001469920872235
3695.3   0.0001843042930005
3696.2   0.0002065241519719
3697.1   0.0002049187942099
3698.0   0.0002036503787436
3698.9   0.0002168805157832
3699.8   0.0002200176883519
3700.7   0.0002168032408462
3701.6   0.0002086162714530
3702.5   0.0001778702910668
3703.4   0.0001498222551919
3704.3   0.0001234275936068
3705.2   0.0001178071636849
3706.1   0.0001413833770336
3707.0   0.0001503915460854
3707.9   0.0001388369215165
3708.8   0.0001344368496123
3709.7   0.0001492812324230
3710.6   0.0001950642509913
3711.5   0.0002338724740137
3712.4   0.0002481121448414
3713.3   0.0002547716534065
3714.2   0.0002415077812164
3715.1   0.0002227939226374
3716.0   0.0002093667762477
3716.9   0.0001906239293370
3717.8   0.0001592426609071
3718.7   0.0001057941028106
3719.6   0.0000498714454476
3720.5   0.0000335836839295
3721.4   0.0000577762655660
3722.3   0.0000865489360729
3723.2   0.0001070269171357
3724.1   0.0001356998062370
3725.0   0.0001712692665834
3725.9   0.0001721936358942
3726.8   0.0001449268281897
3727.7   0.0001238318015990
3728.6   0.0001361910201448
3729.5   0.0001571303101568
3730.4   0.0001580523060581
3731.3   0.0001417050967723
3732.2   0.0001104473356580
3733.1   0.0000800634638915
3734.0   0.0000662895951225
3734.9   0.0000488111329743
3735.8   0.0000260990923169
3736.7   0.0000336140103730
3737.6   0.0000816100756783
3738.5   0.0001331667318385
3739.4   0.0001568582847008
3740.3   0.0001547552802730
3741.2   0.0001358111846121
3742.1   0.0001081358558575
3743.0   0.0000946528361364
3743.9   0.0000974505293167
3744.8   0.0001009124415830
3745.7   0.0001055136967641
3746.6   0.0001073853756153
3747.5   0.0000918094589170
3748.4   0.0000802333181641
3749.3   0.0000958888995772
3750.2   0.0001305300376585
3751.1   0.0001756559000798
3752.0   0.0002116328093499
3752.9   0.0002312232253163
3753.8   0.0002525612890313
3754.7   0.0002597716904749
3755.6   0.0002294947612630
3756.5   0.0001765936259567
3757.4   0.0001327220694920
3758.3   0.0001130820983738
3759.2   0.0001103480207501
3760.1   0.0001218995189660
3761.0   0.0001418012771429
3761.9   0.0001521896737972
3762.8   0.0001499112334926
3763.7   0.0001438637044538
3764.6   0.0001478701341298
3765.5   0.0001520699230158
3766.4   0.0001451510253538
3767.3   0.0001532712119165
3768.2   0.0001962386139713
3769.1   0.0002345455565563
3770.0   0.0002465488373469
3770.9   0.0002484201151738
3771.8   0.0002504587265488
3772.7   0.0002578129729714
3773.6   0.0002547946181887
3774.5   0.0002312648663753
3775.4   0.0002061510847481
3776.3   0.0001953919615427
3777.2   0.0002018339839635
3778.1   0.0002118268723986
3779.0   0.0002195849421575
3779.9   0.0002489771134433
3780.8   0.0002696640772975
3781.7   0.0002582204628160
3782.6   0.0002511031972316
3783.5   0.0002529961794784
3784.4   0.0002481069560773
3785.3   0.0002263292714647
3786.2   0.0001789906712588
3787.1   0.0001374958306170
3788.0   0.0001167568890966
3788.9   0.0001080497010956
3789.8   0.0001160624704217
3790.7   0.0001412912232748
3791.6   0.0001536055680143
3792.5   0.0001455248946263
3793.4   0.0001287001962864
3794.3   0.0001198562426138
3795.2   0.0001393928558439
3796.1   0.0001571401311613
3797.0   0.0001367273288316
3797.9   0.0001029388994649
3798.8   0.0001135708079255
3799.7   0.0001551771742575
3800.6   0.0001793222774754
3801.5   0.0001895759954214
3802.4   0.0001908656897308
3803.3   0.0001824017189061
3804.2   0.0001882442672128
3805.1   0.0002005853578212
3806.0   0.0001914972948978
3806.9   0.0001754099002857
3807.8   0.0001802104563846
3808.7   0.0001959796177146
3809.6   0.0001949979101060
3810.5   0.0001685170282856
3811.4   0.0001390976528173
3812.3   0.0001318976207177
3813.2   0.0001326407188381
3814.1   0.0001219069665610
3815.0   0.0001058179023782
3815.9   0.0001030739546450
3816.8   0.0001174065976485
3817.7   0.0001256988236573
3818.6   0.0001117979120111
3819.5   0.0000836168751829
3820.4   0.0000620859801368
3821.3   0.0000723564633560
3822.2   0.0001004814713535
3823.1   0.0001020278376152
3824.0   0.0000787435127041
3824.9   0.0000623175389622
3825.8   0.0000597887039640
3826.7   0.0000708470895445
3827.6   0.0000859110618314
3828.5   0.0000976683346437
3829.4   0.0001139781422708
3830.3   0.0001286199750481
3831.2   0.0001226564155977
3832.1   0.0000975104047074
3833.0   0.0000745577596703
3833.9   0.0000721522437518
3834.8   0.0000963266872206
3835.7   0.0001260138487446
3836.6   0.0001294660054797
3837.5   0.0001064538369713
3838.4   0.0000864160333296
3839.3   0.0000821506483178
3840.2   0.0000853032316794
3841.1   0.0001038024440212
3842.0   0.0001316573907637
3842.9   0.0001481117308402
3843.8   0.0001542807620728
3844.7   0.0001564155701868
3845.6   0.0001628251669244
3846.5   0.0001746275918049
3847.4   0.0001736911426586
3848.3   0.0001489249263802
3849.2   0.0001216115261935
3850.1   0.0001049227096349
3851.0   0.0001151388704229
3851.9   0.0001419737012450
3852.8   0.0001605124185774
3853.7   0.0001633687595228
3854.6   0.0001481723428062
3855.5   0.0001293806527666
3856.4   0.0001273241180584
3857.3   0.0001348563047140
3858.2   0.0001170887899432
3859.1   0.0000776713045391
3860.0   0.0000775998730997
3860.9   0.0001214541282282
3861.8   0.0001577714908031
3862.7   0.0001676527144173
3863.6   0.0001554745215367
3864.5   0.0001308297828997
3865.4   0.0001230128853239
3866.3   0.0001398442128419
3867.2   0.0001551566647265
3868.1   0.0001611450385815
3869.0   0.0001610962936626
3869.9   0.0001532026122001
3870.8   0.0001371288114951
3871.7   0.0001212701808142
3872.6   0.0001138710687694
3873.5   0.0001187719055083
3874.4   0.0001344004546065
3875.3   0.0001472534568896
3876.2   0.0001449416579064
3877.1   0.0001292156517070
3878.0   0.0001239563237518
3878.9   0.0001435654405475
3879.8   0.0001606013314047
3880.7   0.0001525912055657
3881.6   0.0001385641594852
3882.5   0.0001484582649836
3883.4   0.0001757721316679
3884.3   0.0001741177343569
3885.2   0.0001393719698410
3886.1   0.0001191187179134
3887.0   0.0001227794727839
3887.9   0.0001351011750926
3888.8   0.0001577422405781
3889.7   0.0001769912784284
3890.6   0.0001838158780790
3891.5   0.0002000949623304
3892.4   0.0002235811252521
3893.3   0.0002238453102728
3894.2   0.0001971928555041
3895.1   0.0001728635429787
3896.0   0.0001772234306062
3896.9   0.0001948072844089
3897.8   0.0001849508751994
3898.7   0.0001554383475035
3899.6   0.0001428440713995
3900.5   0.0001558835500053
3901.4   0.0001809170940259
3902.3   0.0001921286381714
3903.2   0.0001965537863737
3904.1   0.0002027966224551
3905.0   0.0001862453818010
3905.9   0.0001644177246439
3906.8   0.0001736226084156
3907.7   0.0002052783084475
3908.6   0.0002403034478044
3909.5   0.0002607964140832
3910.4   0.0002656327350068
3911.3   0.0002847141937839
3912.2   0.0002988976557292
3913.1   0.0002754631021860
3914.0   0.0002415489312252
3914.9   0.0002315430299591
3915.8   0.0002335875503051
3916.7   0.0002291869382457
3917.6   0.0002282668738085
3918.5   0.0002161826515726
3919.4   0.0001816529491555
3920.3   0.0001433728506495
3921.2   0.0001286564355273
3922.1   0.0001467293589851
3923.0   0.0001767120181658
3923.9   0.0001885863491675
3924.8   0.0001772498982133
3925.7   0.0001656837667008
3926.6   0.0001579124713226
3927.5   0.0001411091091149
3928.4   0.0001078996770679
3929.3   0.0000762072792158
3930.2   0.0000622321821570
3931.1   0.0000545998990052
3932.0   0.0000463012034097
3932.9   0.0000489436183248
3933.8   0.0000606479272784
3934.7   0.0000694633018279
3935.6   0.0000769018615741
3936.5   0.0000818031238898
3937.4   0.0000816832994509
3938.3   0.0000860620434070
3939.2   0.0001044375683815
3940.1   0.0001323411782012
3941.0   0.0001509272000386
3941.9   0.0001486495781510
3942.8   0.0001340909620184
3943.7   0.0001230167236999
3944.6   0.0001350836855204
3945.5   0.0001725626110328
3946.4   0.0002045429279998
3947.3   0.0002036077228474
3948.2   0.0001872243558967
3949.1   0.0001881698731038
3950.0   0.0002058589753379
3950.9   0.0002168292337714
3951.8   0.0002103812205380
3952.7   0.0002119127079779
3953.6   0.0002467431786574
3954.5   0.0002822059419742
3955.4   0.0002703769840133
3956.3   0.0002273719675112
3957.2   0.0002007035536102
3958.1   0.0001994248097208
3959.0   0.0001996019479051
3959.9   0.0001790511031731
3960.8   0.0001401678967814
3961.7   0.0001109189484777
3962.6   0.0001089507373366
3963.5   0.0001180535317666
3964.4   0.0001130415458094
3965.3   0.0000932013735148
3966.2   0.0000727362907045
3967.1   0.0000626381333775
3968.0   0.0000600098484326
3968.9   0.0000579429280122
3969.8   0.0000605960109934
3970.7   0.0000716553418455
3971.6   0.0000889154380511
3972.5   0.0001088891760068
3973.4   0.0001308317307322
3974.3   0.0001529149058736
3975.2   0.0001668856121250
3976.1   0.0001795882957503
3977.0   0.0002105743178545
3977.9   0.0002544246936863
3978.8   0.0002836741494086
3979.7   0.0002860996756237
3980.6   0.0002695862131002
3981.5   0.0002633599090431
3982.4   0.0002827014116507
3983.3   0.0003064159620318
3984.2   0.0003220446175242
3985.1   0.0003297671352468
3986.0   0.0003245707762987
3986.9   0.0003247549528696
3987.8   0.0003413820444150
3988.7   0.0003422576524385
3989.6   0.0003232159359929
3990.5   0.0003149510696657
3991.4   0.0003253713191112
3992.3   0.0003434580738171
3993.2   0.0003477329933874
3994.1   0.0003270932685649
3995.0   0.0003146677664229
3995.9   0.0003271043990366
3996.8   0.0003333608699459
3997.7   0.0003196427926666
3998.6   0.0003141675171910
3999.5   0.0003454874534478
4000.4   0.0003915972004671
4001.3   0.0004154458730329
4002.2   0.0004278740595827
4003.1   0.0004337469875300
4004.0   0.0003997541994283
4004.9   0.0003376642049559
4005.8   0.0003092907337289
4006.7   0.0003299050221499
4007.6   0.0003585367857949
4008.5   0.0003765199943767
4009.4   0.0003987352374759
4010.3   0.0004180107593017
4011.2   0.0004167118332481
4012.1   0.0004081163591732
4013.0   0.0004123287189450
4013.9   0.0004255191463898
4014.8   0.0004388916552578
4015.7   0.0004497643583801
4016.6   0.0004469827225422
4017.5   0.0004321615500388
4018.4   0.0004295563976515
4019.3   0.0004392140460985
4020.2   0.0004330019006561
4021.1   0.0004131829499154
4022.0   0.0004060080186663
4022.9   0.0004015938045157
4023.8   0.0003762306675845
4024.7   0.0003580745111136
4025.6   0.0003834328684893
4026.5   0.0004268530024827
4027.4   0.0004567362239930
4028.3   0.0004684511109868
4029.2   0.0004408450530505
4030.1   0.0003744946086211
4031.0   0.0003221999858152
4031.9   0.0003059930695785
4032.8   0.0002971781615267
4033.7   0.0002918156966560
4034.6   0.0003088893165388
4035.5   0.0003579413710294
4036.4   0.0004287132971529
4037.3   0.0004788294902165
4038.2   0.0004891002639736
4039.1   0.0004784495482895
4040.0   0.0004545045316697
4040.9   0.0004315776585853
4041.8   0.0004257016861265
4042.7   0.0004154506198517
4043.6   0.0003672219583774
4044.5   0.0002868790378032
4045.4   0.0002307910356454
4046.3   0.0002538140399955
4047.2   0.0003334642523865
4048.1   0.0003965232198984
4049.0   0.0004214126570464
4049.9   0.0004405315011139
4050.8   0.0004629967542508
4051.7   0.0004735125620699
4052.6   0.0004684559560157
4053.5   0.0004471628725012
4054.4   0.0004221874688272
4055.3   0.0004150271381382
4056.2   0.0004129527128335
4057.1   0.0003897151359037
4058.0   0.0003650208748515
4058.9   0.0003760755939236
4059.8   0.0004187539147113
4060.7   0.0004447814425962
4061.6   0.0004199164597493
4062.5   0.0003499593823682
4063.4   0.0002826843231029
4064.3   0.0002916910026357
4065.2   0.0003612531119529
4066.1   0.0003993181795657
4067.0   0.0003930479592501
4067.9   0.0004060699892047
4068.8   0.0004569947783045
4069.7   0.0004766064403772
4070.6   0.0004150075943392
4071.5   0.0003466945858462
4072.4   0.0003538330484319
4073.3   0.0004147994872541
4074.2   0.0004568275593347
4075.1   0.0004290490445596
4076.0   0.0003471856033339
4076.9   0.0002790353288852
4077.8   0.0002706752970246
4078.7   0.0003206970120250
4079.6   0.0003976405228423
4080.5   0.0004561023436266
4081.4   0.0004628374575580
4082.3   0.0004386459664622
4083.2   0.0004274367629895
4084.1   0.0004346599153705
4085.0   0.0004519865898023
4085.9   0.0004730965443198
4086.8   0.0005126897602309
4087.7   0.0005713107467613
4088.6   0.0006039849013271
4089.5   0.0005914472105772
4090.4   0.0005606381302372
4091.3   0.0005294542476292
4092.2   0.0005101869099738
4093.1   0.0005160304403810
4094.0   0.0005138096166361
4094.9   0.0004647092428034
4095.8   0.0004024058051668
4096.7   0.0003754332347567
4097.6   0.0003790013366340
4098.5   0.0003839069611126
4099.4   0.0003657802021818
4100.3   0.0003225377301596
4101.2   0.0002911592607160
4102.1   0.0003043072286847
4103.0   0.0003465108021155
4103.9   0.0003868120797136
4104.8   0.0004164245033934
4105.7   0.0004411349363664
4106.6   0.0004591459383909
4107.5   0.0004676845488498
4108.4   0.0004612836437012
4109.3   0.0004319419196417
4110.2   0.0003947216220983
4111.1   0.0003721208063629
4112.0   0.0003715454919200
4112.9   0.0003930115887968
4113.8   0.0004203217071312
4114.7   0.0004294653569399
4115.6   0.0004233999700413
4116.5   0.0004179293431745
4117.4   0.0004018714443126
4118.3   0.0003747321787196
4119.2   0.0003714758282615
4120.1   0.0003968489171439
4121.0   0.0004144747721091
4121.9   0.0004129645635122
4122.8   0.0004146644157057
4123.7   0.0004477329163384
4124.6   0.0005036485434990
4125.5   0.0005351259759312
4126.4   0.0005176780775673
4127.3   0.0004738827157291
4128.2   0.0004351356448280
4129.1   0.0004054197077608
4130.0   0.0003776921639990
4130.9   0.0003528576917394
4131.8   0.0003329741842625
4132.7   0.0003242832827607
4133.6   0.0003340437898613
4134.5   0.0003638684127115
4135.4   0.0004030947813683
4136.3   0.0004297821825447
4137.2   0.0004418109488420
4138.1   0.0004546594089105
4139.0   0.0004611446110143
4139.9   0.0004523110757906
4140.8   0.0004196838983630
4141.7   0.0003454955721449
4142.6   0.0002552798903888
4143.5   0.0002165455704251
4144.4   0.0002585615790385
4145.3   0.0003349999301216
4146.2   0.0003938329521389
4147.1   0.0004272537649392
4148.0   0.0004328580229404
4148.9   0.0004079420036069
4149.8   0.0003831518895509
4150.7   0.0003877796450758
4151.6   0.0003993918043627
4152.5   0.0004011953991003
4153.4   0.0004090811419175
4154.3   0.0004193072628409
4155.2   0.0004219202392950
4156.1   0.0004270044096352
4157.0   0.0004521419908300
4157.9   0.0004857268798786
4158.8   0.0004890090595786
4159.7   0.0004624085742919
4160.6   0.0004498563157188
4161.5   0.0004728230293448
4162.4   0.0005117729039886
4163.3   0.0005103263027642
4164.2   0.0004532345448427
4165.1   0.0004096547540529
4166.0   0.0004045842021723
4166.9   0.0003973534876178
4167.8   0.0003856538559176
4168.7   0.0003892223178984
4169.6   0.0004051019000556
4170.5   0.0004032126006855
4171.4   0.0003575153358547
4172.3   0.0003012824575124
4173.2   0.0002852350016519
4174.1   0.0003058565903528
4175.0   0.0003445206410293
4175.9   0.0003874000305156
4176.8   0.0004021851599326
4177.7   0.0003913399228862
4178.6   0.0004084211704158
4179.5   0.0004532248875216
4180.4   0.0004661935566851
4181.3   0.0004364465525070
4182.2   0.0004114482658926
4183.1   0.0004148366761245
4184.0   0.0004422591794868
4184.9   0.0004764523488168
4185.8   0.0004766643515670
4186.7   0.0004333271068514
4187.6   0.0004045549355789
4188.5   0.0004181813828864
4189.4   0.0004299219681753
4190.3   0.0004160891815635
4191.2   0.0004134318469058
4192.1   0.0004496128202808
4193.0   0.0004934742447426
4193.9   0.0005047672541203
4194.8   0.0004824959003487
4195.7   0.0004428829442185
4196.6   0.0004007248420385
4197.5   0.0003636849236109
4198.4   0.0003343676211160
4199.3   0.0003266997409150
4200.2   0.0003393428437797
4201.1   0.0003430768551595
4202.0   0.0003496561097496
4202.9   0.0003812897288898
4203.8   0.0004041870734875
4204.7   0.0004060791554755
4205.6   0.0004201955399602
4206.5   0.0004502530515634
4207.4   0.0004827541272934
4208.3   0.0005096678371499
4209.2   0.0005101542060288
4210.1   0.0004902053888720
4211.0   0.0004800618298597
4211.9   0.0004850332878050
4212.8   0.0004883377611852
4213.7   0.0004683255658127
4214.6   0.0004235865036532
4215.5   0.0003943401088107
4216.4   0.0004231257675960
4217.3   0.0004873729457042
4218.2   0.0005296399955607
4219.1   0.0005412024278282
4220.0   0.0005519494875664
4220.9   0.0005555810331327
4221.8   0.0005195945811199
4222.7   0.0004558200552209
4223.6   0.0003864174390166
4224.5   0.0002985799789707
4225.4   0.0001970984756509
4226.3   0.0001280732069916
4227.2   0.0001303874939625
4228.1   0.0002019385285562
4229.0   0.0003068229117211
4229.9   0.0004096328859496
4230.8   0.0004803901133030
4231.7   0.0004921316152190
4232.6   0.0004577022507311
4233.5   0.0004262638404234
4234.4   0.0004187663219137
4235.3   0.0004147108690570
4236.2   0.0004147309366428
4237.1   0.0004407072643576
4238.0   0.0004752320235357
4238.9   0.0004862018236557
4239.8   0.0004827113731872
4240.7   0.0004905992111520
4241.6   0.0005129610163749
4242.5   0.0005427437035359
4243.4   0.0005849808648020
4244.3   0.0006231830009008
4245.2   0.0006206491162694
4246.1   0.0005790991306874
4247.0   0.0005335886940986
4247.9   0.0005146171323618
4248.8   0.0005041048601042
4249.7   0.0004615269099824
4250.6   0.0004132625655251
4251.5   0.0004199018264526
4252.4   0.0004538291084544
4253.3   0.0004420319214430
4254.2   0.0004029814797132
4255.1   0.0004089436805913
4256.0   0.0004710362939982
4256.9   0.0005266074985315
4257.8   0.0005302454932241
4258.7   0.0004912505074330
4259.6   0.0004380580156602
4260.5   0.0004078723726850
4261.4   0.0004256343140357
4262.3   0.0004866475008394
4263.2   0.0005613166307006
4264.1   0.0006198330562698
4265.0   0.0006471914284729
4265.9   0.0006394082824159
4266.8   0.0006038404016144
4267.7   0.0005643940751937
4268.6   0.0005385591044702
4269.5   0.0005024902542297
4270.4   0.0004227671372488
4271.3   0.0003419665251287
4272.2   0.0003314498006825
4273.1   0.0003662203468663
4274.0   0.0003733467296165
4274.9   0.0003761920383001
4275.8   0.0004294534080511
4276.7   0.0005102015760072
4277.6   0.0005761940120864
4278.5   0.0005962414321282
4279.4   0.0005586485911479
4280.3   0.0005090130053073
4281.2   0.0004941866931449
4282.1   0.0004991672846244
4283.0   0.0005022202420796
4283.9   0.0005009521867168
4284.8   0.0004847877626928
4285.7   0.0004648295828450
4286.6   0.0004654860187850
4287.5   0.0004606859046313
4288.4   0.0004089957646518
4289.3   0.0003392453212051
4290.2   0.0003168194502963
4291.1   0.0003566241124341
4292.0   0.0004302162054697
4292.9   0.0004916525138834
4293.8   0.0005048172757698
4294.7   0.0004995927305388
4295.6   0.0005106549463110
4296.5   0.0005115814598744
4297.4   0.0004746652206300
4298.3   0.0004100481834927
4299.2   0.0003492283395308
4300.1   0.0003296703983526
4301.0   0.0003573463491041
4301.9   0.0003930994213136
4302.8   0.0004077761268410
4303.7   0.0004091658317128
4304.6   0.0004043151393860
4305.5   0.0003846520479864
4306.4   0.0003485625081632
4307.3   0.0003089475223587
4308.2   0.0002909218215641
4309.1   0.0003178201124436
4310.0   0.0003824263792126
4310.9   0.0004517804141814
4311.8   0.0004981128688458
4312.7   0.0005104228432383
4313.6   0.0005010446023690
4314.5   0.0005170641665768
4315.4   0.0005894776408638
4316.3   0.0006825294977694
4317.2   0.0007419684430269
4318.1   0.0007546266047651
4319.0   0.0007323083065921
4319.9   0.0006906080596414
4320.8   0.0006593878065801
4321.7   0.0006492194658997
4322.6   0.0006247076791109
4323.5   0.0005533513377470
4324.4   0.0004497588586176
4325.3   0.0003710775537928
4326.2   0.0003792210652411
4327.1   0.0004879264575172
4328.0   0.0006312191360334
4328.9   0.0007062462415082
4329.8   0.0006925242685638
4330.7   0.0006689209901635
4331.6   0.0006821504724695
4332.5   0.0007102043682104
4333.4   0.0007300691175688
4334.3   0.0007531129260800
4335.2   0.0007756457804644
4336.1   0.0007397965606210
4337.0   0.0006348508780198
4337.9   0.0005398644469134
4338.8   0.0004876802121980
4339.7   0.0004495065242756
4340.6   0.0004519370264663
4341.5   0.0005238332611836
4342.4   0.0006068807881838
4343.3   0.0006448925932156
4344.2   0.0006625036184640
4345.1   0.0006836287300651
4346.0   0.0006808693551707
4346.9   0.0006610043439188
4347.8   0.0006797471417245
4348.7   0.0007364599725561
4349.6   0.0007378032240767
4350.5   0.0006414134696390
4351.4   0.0005375461005939
4352.3   0.0005128916146099
4353.2   0.0005535066405647
4354.1   0.0006029703260901
4355.0   0.0006472221354802
4355.9   0.0007095842045137
4356.8   0.0007576152673777
4357.7   0.0007341234901150
4358.6   0.0006620193119960
4359.5   0.0006114315797703
4360.4   0.0006171904858555
4361.3   0.0006562008906236
4362.2   0.0007015341890280
4363.1   0.0007390244332481
4364.0   0.0007655194082099
4364.9   0.0007842062262900
4365.8   0.0007770998129156
4366.7   0.0007250401740105
4367.6   0.0006570959769727
4368.5   0.0006324104893512
4369.4   0.0006581157900787
4370.3   0.0006858759723121
4371.2   0.0006885635884004
4372.1   0.0006711291448126
4373.0   0.0006245352877455
4373.9   0.0005582557509684
4374.8   0.0005221342601438
4375.7   0.0005612917508225
4376.6   0.0006592734246145
4377.5   0.0007369829083085
4378.4   0.0007401217013429
4379.3   0.0007025893577503
4380.2   0.0006835572331524
4381.1   0.0006583554225883
4382.0   0.0005570585050479
4382.9   0.0004050968913433
4383.8   0.0003197000163861
4384.7   0.0003742488870888
4385.6   0.0005121341532704
4386.5   0.0006185595338811
4387.4   0.0006459770285312
4388.3   0.0006305839789364
4389.2   0.0006109692723523
4390.1   0.0005983218482457
4391.0   0.0006058709270290
4391.9   0.0006336645006776
4392.8   0.0006544075752041
4393.7   0.0006378916574295
4394.6   0.0006098977352893
4395.5   0.0006386537673777
4396.4   0.0007227170481355
4397.3   0.0007816834721304
4398.2   0.0007668639691977
4399.1   0.0007032050692583
4400.0   0.0006442605788401
4400.9   0.0006441157517606
4401.8   0.0006953131719450
4402.7   0.0006934165395582
4403.6   0.0005825259410468
4404.5   0.0004623315121434
4405.4   0.0004444118781973
4406.3   0.0005009158490002
4407.2   0.0005361341020419
4408.1   0.0005364981339416
4409.0   0.0005741693138010
4409.9   0.0006608477316339
4410.8   0.0007243625901742
4411.7   0.0007466863881097
4412.6   0.0007479017701518
4413.5   0.0007022311529799
4414.4   0.0006189496241794
4415.3   0.0005702980047785
4416.2   0.0005881570431269
4417.1   0.0006437961108012
4418.0   0.0007100831770150
4418.9   0.0007619918343445
4419.8   0.0007566536600915
4420.7   0.0006913684018089
4421.6   0.0006240647961571
4422.5   0.0006076921341013
4423.4   0.0006419040615498
4424.3   0.0006810482938725
4425.2   0.0006863159533132
4426.1   0.0006631102946480
4427.0   0.0006465353853731
4427.9   0.0006506061262601
4428.8   0.0006412942426445
4429.7   0.0006099935882931
4430.6   0.0006191613650362
4431.5   0.0006870544928507
4432.4   0.0007274492009381
4433.3   0.0006808096434634
4434.2   0.0005904186895138
4435.1   0.0005393880627223
4436.0   0.0005736243135253
4436.9   0.0006614274327922
4437.8   0.0007416226127222
4438.7   0.0007952812421047
4439.6   0.0008091574702930
4440.5   0.0007610683980291
4441.4   0.0006799852683466
4442.3   0.0006256862439981
4443.2   0.0006264012785982
4444.1   0.0006826353027244
4445.0   0.0007703870254011
4445.9   0.0008282234446196
4446.8   0.0008277579944802
4447.7   0.0008104136422404
4448.6   0.0007897925445897
4449.5   0.0007525414745655
4450.4   0.0007396682983024
4451.3   0.0007669101279188
4452.2   0.0007768288841385
4453.1   0.0007360605195669
4454.0   0.0006728912949113
4454.9   0.0006384107957267
4455.8   0.0006470623804739
4456.7   0.0006613104318921
4457.6   0.0006504046647214
4458.5   0.0006266572139752
4459.4   0.0006145000544126
4460.3   0.0005966757169467
4461.2   0.0005689508903295
4462.1   0.0005915329806831
4463.0   0.0006706686051755
4463.9   0.0007235062640562
4464.8   0.0007238199469395
4465.7   0.0007223268268905
4466.6   0.0007274829851936
4467.5   0.0007102778293240
4468.4   0.0006838890521574
4469.3   0.0006857172648796
4470.2   0.0007087219857929
4471.1   0.0007342015998374
4472.0   0.0007727758210595
4472.9   0.0008249073497175
4473.8   0.0008524974976264
4474.7   0.0008435335394632
4475.6   0.0008527060957618
4476.5   0.0009100147996724
4477.4   0.0009589162654275
4478.3   0.0009335742763927
4479.2   0.0008515493778531
4480.1   0.0007784414930754
4481.0   0.0007312750059732
4481.9   0.0007154811284486
4482.8   0.0007593858635402
4483.7   0.0008389562966380
4484.6   0.0008993557361344
4485.5   0.0009398734686715
4486.4   0.0009622762274831
4487.3   0.0009296513743599
4488.2   0.0008437846952846
4489.1   0.0007706378538558
4490.0   0.0007603942188077
4490.9   0.0008089817397860
4491.8   0.0008711225088516
4492.7   0.0008787157166818
4493.6   0.0008077768989554
4494.5   0.0007192745241689
4495.4   0.0006684358980151
4496.3   0.0006728795751793
4497.2   0.0007421973379048
4498.1   0.0008394591975411
4499.0   0.0009080530867626
4499.9   0.0009050652098304
4500.8   0.0008475880429561
4501.7   0.0008357099308677
4502.6   0.0009083483061575
4503.5   0.0009881530029490
4504.4   0.0010118699431079
4505.3   0.0009789989756122
4506.2   0.0009243890182616
4507.1   0.0009006651379262
4508.0   0.0009206534355210
4508.9   0.0009474942407876
4509.8   0.0009575760911551
4510.7   0.0009516984818623
4511.6   0.0009236203609770
4512.5   0.0008875886668701
4513.4   0.0008720660454895
4514.3   0.0008721362984082
4515.2   0.0008782246009840
4516.1   0.0008760426356801
4517.0   0.0008406374561863
4517.9   0.0008064707053584
4518.8   0.0008310505189716
4519.7   0.0008973944815381
4520.6   0.0009367013496951
4521.5   0.0009053324066258
4522.4   0.0008334145656987
4523.3   0.0007933728245125
4524.2   0.0008025747783513
4525.1   0.0008025635824061
4526.0   0.0007535681623748
4526.9   0.0006900318940447
4527.8   0.0006579790162229
4528.7   0.0006621188969815
4529.6   0.0006871819694889
4530.5   0.0007277556162782
4531.4   0.0007818110797154
4532.3   0.0008048415971339
4533.2   0.0007576821811549
4534.1   0.0006786221129237
4535.0   0.0006412238587790
4535.9   0.0007057583340052
4536.8   0.0008416787445555
4537.7   0.0009257721430603
4538.6   0.0009019317856117
4539.5   0.0008324813083788
4540.4   0.0007899518412825
4541.3   0.0007977093217810
4542.2   0.0008353370600639
4543.1   0.0008478915119948
4544.0   0.0008117417039406
4544.9   0.0007789081217354
4545.8   0.0007916748383099
4546.7   0.0008256288661805
4547.6   0.0008412862972161
4548.5   0.0008276388329591
4549.4   0.0008168924279546
4550.3   0.0008347003316063
4551.2   0.0008446328372322
4552.1   0.0008149694098024
4553.0   0.0007700527838817
4553.9   0.0007420797477444
4554.8   0.0007509335142374
4555.7   0.0008072649627281
4556.6   0.0008868439728365
4557.5   0.0009430759672884
4558.4   0.0009590903591004
4559.3   0.0009514284697122
4560.2   0.0009403389188108
4561.1   0.0009323616442318
4562.0   0.0009095173985318
4562.9   0.0008602852922922
4563.8   0.0008143040040116
4564.7   0.0008041719355745
4565.6   0.0008441473522437
4566.5   0.0009206218773600
4567.4   0.0009793729594631
4568.3   0.0009859644248355
4569.2   0.0009510448612769
4570.1   0.0008847101304546
4571.0   0.0008182477920473
4571.9   0.0008203033937601
4572.8   0.0008896894452035
4573.7   0.0009397263500242
4574.6   0.0009335002914922
4575.5   0.0009148615308608
4576.4   0.0009130623883119
4577.3   0.0009035559833340
4578.2   0.0008629831222251
4579.1   0.0008039280472964
4580.0   0.0007703313730424
4580.9   0.0007974277208457
4581.8   0.0008569438591985
4582.7   0.0008888936164732
4583.6   0.0008753687838255
4584.5   0.0008444383813433
4585.4   0.0008254474394910
4586.3   0.0008446010171777
4587.2   0.0009072527403701
4588.1   0.0009668429945701
4589.0   0.0009803591847338
4589.9   0.0009566474169706
4590.8   0.0009141689536242
4591.7   0.0008749172795125
4592.6   0.0008630901711741
4593.5   0.0008546579221938
4594.4   0.0008396383981364
4595.3   0.0008460824174947
4596.2   0.0008610662585691
4597.1   0.0008649324606693
4598.0   0.0008767771158691
4598.9   0.0008911041281634
4599.8   0.0008754648332494
4600.7   0.0008563382960617
4601.6   0.0008698318979151
4602.5   0.0008919213012102
4603.4   0.0008972326313842
4604.3   0.0008821213791448
4605.2   0.0008611638793537
4606.1   0.0008663232458516
4607.0   0.0009142181241200
4607.9   0.0009860862707645
4608.8   0.0010356974677773
4609.7   0.0010402328731234
4610.6   0.0010181489695908
4611.5   0.0009910302298973
4612.4   0.0009666452650131
4613.3   0.0009606777607926
4614.2   0.0009821864153556
4615.1   0.0009986970952611
4616.0   0.0010015755662033
4616.9   0.0010218696244045
4617.8   0.0010320248704122
4618.7   0.0009942163601734
4619.6   0.0009677721925414
4620.5   0.0009939159683827
4621.4   0.0010191806333756
4622.3   0.0010154501575574
4623.2   0.0010165582287571
4624.1   0.0010282216536874
4625.0   0.0010143170755329
4625.9   0.0009842486298780
4626.8   0.0009799890638113
4627.7   0.0009787469686370
4628.6   0.0009475627259255
4629.5   0.0009384985935165
4630.4   0.0009913441746741
4631.3   0.0010394525615801
4632.2   0.0010209630147435
4633.1   0.0009650754101823
4634.0   0.0009253450603118
4634.9   0.0009202499231833
4635.8   0.0009327007962535
4636.7   0.0009300633327615
4637.6   0.0009039245983691
4638.5   0.0008593705639342
4639.4   0.0008157122705819
4640.3   0.0008327504693752
4641.2   0.0009138764186372
4642.1   0.0009766067098656
4643.0   0.0009834557474490
4643.9   0.0009563701372773
4644.8   0.0008924348742715
4645.7   0.0008039291603436
4646.6   0.0007583469322120
4647.5   0.0007883425060136
4648.4   0.0008525681433854
4649.3   0.0009100976234769
4650.2   0.0009454263300825
4651.1   0.0009580805634189
4652.0   0.0009669603228371
4652.9   0.0009618599478395
4653.8   0.0009218633178006
4654.7   0.0008726528832443
4655.6   0.0008516805209997
4656.5   0.0008844815629435
4657.4   0.0009645733604329
4658.3   0.0010480481011283
4659.2   0.0011028720909034
4660.1   0.0011127596163288
4661.0   0.0010689952561281
4661.9   0.0009936435337182
4662.8   0.0009376790634286
4663.7   0.0009305398478992
4664.6   0.0009417831957309
4665.5   0.0009162115916111
4666.4   0.0008405909700984
4667.3   0.0007666150394706
4668.2   0.0007539892870472
4669.1   0.0008036823912375
4670.0   0.0008776760651466
4670.9   0.0009395909511090
4671.8   0.0009641847105486
4672.7   0.0009454067535469
4673.6   0.0009073756338730
4674.5   0.0008938710324946
4675.4   0.0009306201837159
4676.3   0.0009843863858343
4677.2   0.0010024576888264
4678.1   0.0009812190464135
4679.0   0.0009416557190926
4679.9   0.0008922336746263
4680.8   0.0008442130875004
4681.7   0.0008302484702717
4682.6   0.0008721872366848
4683.5   0.0009316337113791
4684.4   0.0009566993373477
4685.3   0.0009444610562880
4686.2   0.0009182540986512
4687.1   0.0009031063122752
4688.0   0.0009128321839667
4688.9   0.0009221151283557
4689.8   0.0009124607535769
4690.7   0.0009039510496079
4691.6   0.0009134685850575
4692.5   0.0009336149353512
4693.4   0.0009611401991572
4694.3   0.0010048886493307
4695.2   0.0010550432752585
4696.1   0.0010719926266979
4697.0   0.0010219775245072
4697.9   0.0009343699087029
4698.8   0.0008914129005445
4699.7   0.0009207847750877
4700.6   0.0009579299092101
4701.5   0.0009531520559999
4702.4   0.0009261207887197
4703.3   0.0009188732147741
4704.2   0.0009408018154891
4705.1   0.0009559782791982
4706.0   0.0009356720429514
4706.9   0.0009001445592149
4707.8   0.0008749680868424
4708.7   0.0008550279121695
4709.6   0.0008628276884608
4710.5   0.0009256187389702
4711.4   0.0009953585429953
4712.3   0.0010115901099533
4713.2   0.0009714112020712
4714.1   0.0009166229607524
4715.0   0.0009053149252379
4715.9   0.0009474659562946
4716.8   0.0009923626128395
4717.7   0.0010116657316879
4718.6   0.0010238124155124
4719.5   0.0010439958237297
4720.4   0.0010601120920950
4721.3   0.0010424153622141
4722.2   0.0010004607512471
4723.1   0.0009886344285890
4724.0   0.0010202642175375
4724.9   0.0010460621630741
4725.8   0.0010148536297448
4726.7   0.0009291653001110
4727.6   0.0008528172040592
4728.5   0.0008414053277905
4729.4   0.0008724738790692
4730.3   0.0008882410434616
4731.2   0.0008901926734735
4732.1   0.0009113355938294
4733.0   0.0009472110684915
4733.9   0.0009826242357356
4734.8   0.0010041821262678
4735.7   0.0009893854735389
4736.6   0.0009610468996146
4737.5   0.0009753877267885
4738.4   0.0010158364504006
4739.3   0.0010179041646856
4740.2   0.0009785180082857
4741.1   0.0009462631451383
4742.0   0.0009509939230003
4742.9   0.0009767511441049
4743.8   0.0009822043550571
4744.7   0.0009715242090962
4745.6   0.0009913807742841
4746.5   0.0010346879339893
4747.4   0.0010524417566429
4748.3   0.0010425794384624
4749.2   0.0010438687399317
4750.1   0.0010626309178528
4751.0   0.0010608371441197
4751.9   0.0010315573251252
4752.8   0.0010025116388777
4753.7   0.0009935203783220
4754.6   0.0010046358566752
4755.5   0.0010078318734291
4756.4   0.0009887937907552
4757.3   0.0009659964894566
4758.2   0.0009548567204856
4759.1   0.0009633295629511
4760.0   0.0009810913733551
4760.9   0.0009817941644363
4761.8   0.0009541206689359
4762.7   0.0009180121091006
4763.6   0.0008965157635299
4764.5   0.0008858656698427
4765.4   0.0008771555519087
4766.3   0.0008799298547300
4767.2   0.0009044396118445
4768.1   0.0009494725184583
4769.0   0.0009968021651818
4769.9   0.0010064348028040
4770.8   0.0009725164579163
4771.7   0.0009400894652968
4772.6   0.0009469586032028
4773.5   0.0009878404331128
4774.4   0.0010231578128266
4775.3   0.0010239120004979
4776.2   0.0010094445478395
4777.1   0.0009981701001603
4778.0   0.0009851358594235
4778.9   0.0009740955444913
4779.8   0.0009671832596390
4780.7   0.0009503221008199
4781.6   0.0009201471954764
4782.5   0.0008937743283370
4783.4   0.0008916834364815
4784.3   0.0009094414494304
4785.2   0.0009154362560434
4786.1   0.0009058981619577
4787.0   0.0009148428054789
4787.9   0.0009318678441261
4788.8   0.0009274358212207
4789.7   0.0009140270073727
4790.6   0.0009073776635472
4791.5   0.0009160635563368
4792.4   0.0009591441782050
4793.3   0.0010336985005238
4794.2   0.0010923343495076
4795.1   0.0010968996107073
4796.0   0.0010568415011803
4796.9   0.0010090056144122
4797.8   0.0009703331176718
4798.7   0.0009433377952680
4799.6   0.0009371514135941
4800.5   0.0009669674594337
4801.4   0.0010372371393876
4802.3   0.0011013921310004
4803.2   0.0011067466735942
4804.1   0.0010549673916305
4805.0   0.0009972947212935
4805.9   0.0009767651554047
4806.8   0.0009803098832913
4807.7   0.0009828287745225
4808.6   0.0009983692046579
4809.5   0.0010313884693214
4810.4   0.0010513826595189
4811.3   0.0010437449298017
4812.2   0.0010281202354478
4813.1   0.0010212348601477
4814.0   0.0010155914490753
4814.9   0.0010067062553680
4815.8   0.0010200060560662
4816.7   0.0010619554946375
4817.6   0.0011018501826497
4818.5   0.0011162078364780
4819.4   0.0011110929263938
4820.3   0.0011079202181571
4821.2   0.0010973927560793
4822.1   0.0010531988906156
4823.0   0.0009947870260075
4823.9   0.0009804047541947
4824.8   0.0010202852999605
4825.7   0.0010612294605123
4826.6   0.0010497768598117
4827.5   0.0010136491162810
4828.4   0.0010116477265130
4829.3   0.0010340955964719
4830.2   0.0010229765825571
4831.1   0.0009618581145853
4832.0   0.0009257896899217
4832.9   0.0009787196662445
4833.8   0.0010558174977790
4834.7   0.0010702777483675
4835.6   0.0010392839676697
4836.5   0.0010229623093639
4837.4   0.0010281352288479
4838.3   0.0010164476442466
4839.2   0.0009886906047347
4840.1   0.0009811248957171
4841.0   0.0010070165336365
4841.9   0.0010192798255209
4842.8   0.0009950246288427
4843.7   0.0009879083944639
4844.6   0.0010270499423786
4845.5   0.0010727516593981
4846.4   0.0010798744411133
4847.3   0.0010355283500800
4848.2   0.0009816871154874
4849.1   0.0009831300174668
4850.0   0.0010231117850522
4850.9   0.0010364508042949
4851.8   0.0010378501010144
4852.7   0.0010502998610374
4853.6   0.0010197142412861
4854.5   0.0009482568745228
4855.4   0.0009261593525306
4856.3   0.0009852106300043
4857.2   0.0010521703040789
4858.1   0.0010569715967531
4859.0   0.0009877046413574
4859.9   0.0008635657042114
4860.8   0.0007580426120196
4861.7   0.0007676781959432
4862.6   0.0008606084033399
4863.5   0.0009161922769689
4864.4   0.0009270458618691
4865.3   0.0009458720072662
4866.2   0.0009673280867185
4867.1   0.0009633623651061
4868.0   0.0009554454569680
4868.9   0.0009713283782667
4869.8   0.0009647907974723
4870.7   0.0009157223746408
4871.6   0.0008882555130749
4872.5   0.0009242568275412
4873.4   0.0009758866338165
4874.3   0.0009789256454454
4875.2   0.0009575483304490
4876.1   0.0009663276537279
4877.0   0.0009931496681392
4877.9   0.0010147273316271
4878.8   0.0010319385765194
4879.7   0.0009986420976360
4880.6   0.0009161762359949
4881.5   0.0008730813409335
4882.4   0.0009036773709495
4883.3   0.0009455625146781
4884.2   0.0009358293754433
4885.1   0.0008955737982527
4886.0   0.0008895174466783
4886.9   0.0009202856061663
4887.8   0.0009436163189553
4888.7   0.0009374072834977
4889.6   0.0009027367151396
4890.5   0.0008632133265703
4891.4   0.0008750982478885
4892.3   0.0009498169083490
4893.2   0.0010323097450157
4894.1   0.0010937421577643
4895.0   0.0011374441218499
4895.9   0.0011624002108817
4896.8   0.0011691207897264
4897.7   0.0011539557183825
4898.6   0.0011042063070998
4899.5   0.0010444750887488
4900.4   0.0010285621151764
4901.3   0.0010473412506986
4902.2   0.0010400200192194
4903.1   0.0010047276503305
4904.0   0.0010013756760252
4904.9   0.0010502616900666
4905.8   0.0011013087179356
4906.7   0.0011053054739222
4907.6   0.0010635756984846
4908.5   0.0010088840958500
4909.4   0.0009757780135069
4910.3   0.0009757031774527
4911.2   0.0009989648813168
4912.1   0.0010224821277178
4913.0   0.0010294584455193
4913.9   0.0010429566959815
4914.8   0.0010856848092620
4915.7   0.0011289455483526
4916.6   0.0011219718494855
4917.5   0.0010506267695401
4918.4   0.0009443688043192
4919.3   0.0008454750865771
4920.2   0.0008049825612850
4921.1   0.0008580971724922
4922.0   0.0009590781810549
4922.9   0.0010210201075163
4923.8   0.0010059334732615
4924.7   0.0009656079050457
4925.6   0.0009785407275428
4926.5   0.0010387619485445
4927.4   0.0010897402293820
4928.3   0.0011176170851487
4929.2   0.0011353593190171
4930.1   0.0011427478571137
4931.0   0.0011324716818041
4931.9   0.0010893796675706
4932.8   0.0010162093212044
4933.7   0.0009754680626052
4934.6   0.0010094713919184
4935.5   0.0010562451697878
4936.4   0.0010397589769201
4937.3   0.0009657103053858
4938.2   0.0009005519999545
4939.1   0.0009059130244112
4940.0   0.0009742168011600
4940.9   0.0010331673806010
4941.8   0.0010492971364791
4942.7   0.0010672149699078
4943.6   0.0010965194068869
4944.5   0.0010979970097488
4945.4   0.0010781663065393
4946.3   0.0010752357188000
4947.2   0.0010898671167600
4948.1   0.0011077215719730
4949.0   0.0011356116533591
4949.9   0.0011681595098071
4950.8   0.0011777091926781
4951.7   0.0011497821843151
4952.6   0.0011077602012573
4953.5   0.0010823628872305
4954.4   0.0010729753818803
4955.3   0.0010398723113119
4956.2   0.0009478669151712
4957.1   0.0008511677990921
4958.0   0.0008485129196854
4958.9   0.0009387604214961
4959.8   0.0010305922477508
4960.7   0.0010666567440127
4961.6   0.0010597201685426
4962.5   0.0010433797193815
4963.4   0.0010232317977270
4964.3   0.0009841819779942
4965.2   0.0009377890586789
4966.1   0.0009115781071669
4967.0   0.0009129582856643
4967.9   0.0009389713766725
4968.8   0.0009819568657440
4969.7   0.0010222878027756
4970.6   0.0010493100347317
4971.5   0.0010757661185157
4972.4   0.0011012275309652
4973.3   0.0011120384927059
4974.2   0.0011060200502087
4975.1   0.0010914503936303
4976.0   0.0010751277532240
4976.9   0.0010419231989425
4977.8   0.0009957287293912
4978.7   0.0009732928410578
4979.6   0.0009778202586535
4980.5   0.0009535240756499
4981.4   0.0008848813432995
4982.3   0.0008418347675801
4983.2   0.0008668065047458
4984.1   0.0009223782003293
4985.0   0.0009660871045913
4985.9   0.0009981213225046
4986.8   0.0010275428913306
4987.7   0.0010347842453066
4988.6   0.0010050228697254
4989.5   0.0009711895747366
4990.4   0.0009720990652255
4991.3   0.0010131036576917
4992.2   0.0010500773170757
4993.1   0.0010370217320225
4994.0   0.0010111756635639
4994.9   0.0010212516868021
4995.8   0.0010429886469828
4996.7   0.0010456802569462
4997.6   0.0010274994170174
4998.5   0.0009783150408596
4999.4   0.0009236874711743
5000.3   0.0009170237886823
5001.2   0.0009520145217867
5002.1   0.0009864728909745
5003.0   0.0010016760678159
5003.9   0.0009937160782047
5004.8   0.0009637703296326
5005.7   0.0009326289719740
5006.6   0.0009304449115225
5007.5   0.0009665029259214
5008.4   0.0010124542928749
5009.3   0.0010308081134295
5010.2   0.0010181825574261
5011.1   0.0009765852346024
5012.0   0.0009125257686266
5012.9   0.0008538513558318
5013.8   0.0008216653706625
5014.7   0.0008397672497153
5015.6   0.0008986376897596
5016.5   0.0009468178354718
5017.4   0.0009641086305005
5018.3   0.0009741579406065
5019.2   0.0009850140789678
5020.1   0.0009818475252273
5021.0   0.0009461796666001
5021.9   0.0009005044008194
5022.8   0.0009085107455717
5023.7   0.0009613474223519
5024.6   0.0009938029613578
5025.5   0.0009885354328638
5026.4   0.0009597251233572
5027.3   0.0009342935667614
5028.2   0.0009519142820676
5029.1   0.0010035599328968
5030.0   0.0010500808526373
5030.9   0.0010848153229980
5031.8   0.0011151250379965
5032.7   0.0011344733334655
5033.6   0.0011171300942728
5034.5   0.0010452361511232
5035.4   0.0009611911374338
5036.3   0.0009361401120253
5037.2   0.0009541752082475
5038.1   0.0009353537114592
5039.0   0.0008554256628513
5039.9   0.0007583237546414
5040.8   0.0007226824127263
5041.7   0.0007908008343838
5042.6   0.0008993724973154
5043.5   0.0009784412080306
5044.4   0.0010415674166866
5045.3   0.0011031563762467
5046.2   0.0011313705507808
5047.1   0.0011042260800556
5048.0   0.0010315150293326
5048.9   0.0009637770733890
5049.8   0.0009471536483519
5050.7   0.0009618822087830
5051.6   0.0009729042566468
5052.5   0.0009928138552591
5053.4   0.0010356232864567
5054.3   0.0010812173652670
5055.2   0.0011040672416763
5056.1   0.0011069060357603
5057.0   0.0011079047664434
5057.9   0.0011100014854283
5058.8   0.0011066322261552
5059.7   0.0011069036787192
5060.6   0.0011196499021311
5061.5   0.0011268984581771
5062.4   0.0011021370869275
5063.3   0.0010178272989571
5064.2   0.0009126122589395
5065.1   0.0008900841186372
5066.0   0.0009444522173840
5066.9   0.0009793601921573
5067.8   0.0009680772329409
5068.7   0.0009625216871219
5069.6   0.0009854528159750
5070.5   0.0009957323958995
5071.4   0.0009714491766219
5072.3   0.0009608718893146
5073.2   0.0010056670621464
5074.1   0.0010536671561096
5075.0   0.0010430534656124
5075.9   0.0010072119061525
5076.8   0.0010065009309009
5077.7   0.0010033105448562
5078.6   0.0009394966039926
5079.5   0.0008711921725101
5080.4   0.0008611606711589
5081.3   0.0008773790124975
5082.2   0.0008837948128363
5083.1   0.0008975525997104
5084.0   0.0009319026104820
5084.9   0.0009725537777333
5085.8   0.0010023025169555
5086.7   0.0010150163965258
5087.6   0.0010204313055605
5088.5   0.0010303676086415
5089.4   0.0010484008061362
5090.3   0.0010633689990768
5091.2   0.0010735008710938
5092.1   0.0010880191965555
5093.0   0.0010996536822593
5093.9   0.0010804741771207
5094.8   0.0010305889086093
5095.7   0.0009989174131285
5096.6   0.0010071584144147
5097.5   0.0009955736229936
5098.4   0.0009446432031846
5099.3   0.0009175613249946
5100.2   0.0009437067376700
5101.1   0.0009807893447304
5102.0   0.0009945453638237
5102.9   0.0009927981416519
5103.8   0.0009797688768907
5104.7   0.0009680996903044
5105.6   0.0009601417958409
5106.5   0.0009396301041802
5107.4   0.0009273519498423
5108.3   0.0009414812980529
5109.2   0.0009486782610887
5110.1   0.0009373992302740
5111.0   0.0009345428238553
5111.9   0.0009449200245644
5112.8   0.0009615354618512
5113.7   0.0010056343909382
5114.6   0.0010544745736253
5115.5   0.0010698732539293
5116.4   0.0010805345435616
5117.3   0.0011011487010358
5118.2   0.0010951475435066
5119.1   0.0010637443578683
5120.0   0.0010344586462711
5120.9   0.0010132911079307
5121.8   0.0009759860223819
5122.7   0.0008990770160271
5123.6   0.0008360920334156
5124.5   0.0008534227017226
5125.4   0.0009102417958228
5126.3   0.0009294853339106
5127.2   0.0009192617991851
5128.1   0.0009107371018158
5129.0   0.0008906348805689
5129.9   0.0008945282541149
5130.8   0.0009523156992577
5131.7   0.0010089935673134
5132.6   0.0010190654002563
5133.5   0.0010134432680269
5134.4   0.0010428296776568
5135.3   0.0010786711061700
5136.2   0.0010700370028108
5137.1   0.0010332328539643
5138.0   0.0009821267691216
5138.9   0.0009411992388040
5139.8   0.0009707465819608
5140.7   0.0010163913371542
5141.6   0.0009827138032966
5142.5   0.0009315091810422
5143.4   0.0009430273860528
5144.3   0.0009677062608646
5145.2   0.0009546644906911
5146.1   0.0009320435091598
5147.0   0.0009362493870685
5147.9   0.0009665957016771
5148.8   0.0009811939046420
5149.7   0.0009526565535868
5150.6   0.0008997997110107
5151.5   0.0008534061369617
5152.4   0.0008316228216398
5153.3   0.0008391681029681
5154.2   0.0008794045619366
5155.1   0.0009500706176317
5156.0   0.0010224968592245
5156.9   0.0010779608511254
5157.8   0.0011078743868029
5158.7   0.0011009826605866
5159.6   0.0010983249658254
5160.5   0.0011212228342099
5161.4   0.0011238919213364
5162.3   0.0010875243488760
5163.2   0.0010646171832739
5164.1   0.0010337705212233
5165.0   0.0009245193102545
5165.9   0.0007675282619413
5166.8   0.0006470346197679
5167.7   0.0006159197788214
5168.6   0.0006785136235608
5169.5   0.0007706129085044
5170.4   0.0007856162606411
5171.3   0.0006791572267216
5172.2   0.0005606082089102
5173.1   0.0005684870115508
5174.0   0.0006992142058745
5174.9   0.0008275666813128
5175.8   0.0008920485159550
5176.7   0.0009202196744895
5177.6   0.0009267049420666
5178.5   0.0009070341248102
5179.4   0.0008748975065568
5180.3   0.0008303558465875
5181.2   0.0007559601662279
5182.1   0.0006502604923755
5183.0   0.0005588152863308
5183.9   0.0005893263973946
5184.8   0.0007535452466976
5185.7   0.0009228651257318
5186.6   0.0010186933151329
5187.5   0.0010545053461060
5188.4   0.0010723285050514
5189.3   0.0011019889861798
5190.2   0.0010952780319195
5191.1   0.0009998841928103
5192.0   0.0008798825174883
5192.9   0.0008479302722258
5193.8   0.0008975818008304
5194.7   0.0009405242084288
5195.6   0.0009735218014091
5196.5   0.0010251685652855
5197.4   0.0010654924311939
5198.3   0.0010779647140538
5199.2   0.0010771711768912
5200.1   0.0010655546963623
5201.0   0.0010400420837428
5201.9   0.0010153095862465
5202.8   0.0009954777045165
5203.7   0.0009424072878294
5204.6   0.0008529098488682
5205.5   0.0007828694566324
5206.4   0.0007625450187906
5207.3   0.0007464527136763
5208.2   0.0007061281930342
5209.1   0.0006962817194076
5210.0   0.0007506599010523
5210.9   0.0008594355135105
5211.8   0.0009944105541688
5212.7   0.0010952298435242
5213.6   0.0011357342194951
5214.5   0.0011202064257187
5215.4   0.0010792400042233
5216.3   0.0010607727838036
5217.2   0.0010735144895534
5218.1   0.0010955997680266
5219.0   0.0011038100623054
5219.9   0.0011075805423486
5220.8   0.0011236610622575
5221.7   0.0011201713319960
5222.6   0.0010706504882245
5223.5   0.0009872705529591
5224.4   0.0009025258909099
5225.3   0.0008524277030212
5226.2   0.0008423339365016
5227.1   0.0008900877196722
5228.0   0.0010054618031526
5228.9   0.0011047012857261
5229.8   0.0011362209484775
5230.7   0.0011444980910603
5231.6   0.0011356815789110
5232.5   0.0010887039824618
5233.4   0.0010377928772949
5234.3   0.0010356060014888
5235.2   0.0010849902023512
5236.1   0.0011509372653897
5237.0   0.0011857980338681
5237.9   0.0011763607032885
5238.8   0.0011425444968474
5239.7   0.0011158554588370
5240.6   0.0011234134419977
5241.5   0.0011514243872123
5242.4   0.0011666360755909
5243.3   0.0011846540832653
5244.2   0.0012046104953322
5245.1   0.0011584701067789
5246.0   0.0010284665240660
5246.9   0.0009179142918959
5247.8   0.0009237568729393
5248.7   0.0009817131084126
5249.6   0.0009740671945250
5250.5   0.0009254183250053
5251.4   0.0009236633115033
5252.3   0.0009733532074987
5253.2   0.0010188680635394
5254.1   0.0010179745485511
5255.0   0.0009984386064230
5255.9   0.0010362062612832
5256.8   0.0011263152214572
5257.7   0.0011906426699088
5258.6   0.0011987144880244
5259.5   0.0011660520531906
5260.4   0.0011196293434950
5261.3   0.0010612186574074
5262.2   0.0009885039401761
5263.1   0.0009204748896594
5264.0   0.0008721072937083
5264.9   0.0008452669467553
5265.8   0.0008553893251347
5266.7   0.0009252329044406
5267.6   0.0009740774738430
5268.5   0.0008914783739078
5269.4   0.0007664640578950
5270.3   0.0007868280416482
5271.2   0.0009357736576111
5272.1   0.0010539197523451
5273.0   0.0010912854007549
5273.9   0.0010881580655590
5274.8   0.0010612398707771
5275.7   0.0010570715091054
5276.6   0.0011191415669387
5277.5   0.0011968135343956
5278.4   0.0012303764898675
5279.3   0.0012130991168783
5280.2   0.0011647562043851
5281.1   0.0011097554365292
5282.0   0.0010606599731987
5282.9   0.0010338276139961
5283.8   0.0010572588283977
5284.7   0.0011335015778081
5285.6   0.0012194898409189
5286.5   0.0012606632891889
5287.4   0.0012366772535070
5288.3   0.0011906731804961
5289.2   0.0011770731844274
5290.1   0.0011951069057090
5291.0   0.0012123811359768
5291.9   0.0012129078037108
5292.8   0.0012024155663025
5293.7   0.0011950300399805
5294.6   0.0011774188837854
5295.5   0.0011171378201297
5296.4   0.0010176281944595
5297.3   0.0009344885464372
5298.2   0.0009353375395385
5299.1   0.0010124327521384
5300.0   0.0010739972246607
5300.9   0.0010804860277994
5301.8   0.0010909551531106
5302.7   0.0011410048252371
5303.6   0.0012071295175101
5304.5   0.0012550207947436
5305.4   0.0012634431572460
5306.3   0.0012315106194658
5307.2   0.0011961178144376
5308.1   0.0012004198072437
5309.0   0.0012352416845443
5309.9   0.0012552690697370
5310.8   0.0012449948586283
5311.7   0.0012221271079908
5312.6   0.0012039019425951
5313.5   0.0012031074888053
5314.4   0.0012164038194152
5315.3   0.0012214139721182
5316.2   0.0012163201444570
5317.1   0.0012110069810288
5318.0   0.0012035198400471
5318.9   0.0011883115562834
5319.8   0.0011728081185982
5320.7   0.0011679752677629
5321.6   0.0011722919266023
5322.5   0.0011634056198479
5323.4   0.0011325522140409
5324.3   0.0011197718135334
5325.2   0.0011449869151903
5326.1   0.0011293720418408
5327.0   0.0009996110379388
5327.9   0.0008424960485490
5328.8   0.0008251390599500
5329.7   0.0009531438718295
5330.6   0.0010828407118356
5331.5   0.0011344707145310
5332.4   0.0011420885403457
5333.3   0.0011682947777756
5334.2   0.0012141045258444
5335.1   0.0012288695549389
5336.0   0.0012052098384995
5336.9   0.0011870178026255
5337.8   0.0011815544433020
5338.7   0.0011547764924643
5339.6   0.0010906520114387
5340.5   0.0010387449909434
5341.4   0.0010604282629662
5342.3   0.0011262534146023
5343.2   0.0011708339657493
5344.1   0.0011808676277215
5345.0   0.0011723724588391
5345.9   0.0011668180915407
5346.8   0.0011672919877440
5347.7   0.0011420187457405
5348.6   0.0010926888222962
5349.5   0.0010762756977020
5350.4   0.0011244109941603
5351.3   0.0011931241103762
5352.2   0.0012259833581398
5353.1   0.0012308849560066
5354.0   0.0012467998283065
5354.9   0.0012750460847886
5355.8   0.0012901164816493
5356.7   0.0012890529323366
5357.6   0.0012845913154709
5358.5   0.0012852882139494
5359.4   0.0012845325203907
5360.3   0.0012609876442305
5361.2   0.0012146885482447
5362.1   0.0011841801870620
5363.0   0.0011847401152646
5363.9   0.0011899414501883
5364.8   0.0011830863890555
5365.7   0.0011776835271197
5366.6   0.0011829147178970
5367.5   0.0011920369906527
5368.4   0.0011841440457655
5369.3   0.0011329357570028
5370.2   0.0010486983170988
5371.1   0.0009957303007519
5372.0   0.0010420647523539
5372.9   0.0011598793554496
5373.8   0.0012539144258513
5374.7   0.0012861320346550
5375.6   0.0012685554483957
5376.5   0.0012344557422918
5377.4   0.0012310254618441
5378.3   0.0012589269355954
5379.2   0.0012670170862526
5380.1   0.0012464309513779
5381.0   0.0012241681746169
5381.9   0.0012116939275561
5382.8   0.0012002833607547
5383.7   0.0011916808155566
5384.6   0.0011905854461893
5385.5   0.0011921756632360
5386.4   0.0011950982632250
5387.3   0.0011934413942945
5388.2   0.0011731044510403
5389.1   0.0011361250954737
5390.0   0.0011059058646632
5390.9   0.0011056452806775
5391.8   0.0011256081091340
5392.7   0.0011363042305956
5393.6   0.0011298503902328
5394.5   0.0011112748113969
5395.4   0.0010650550691273
5396.3   0.0010002559505668
5397.2   0.0009943647228145
5398.1   0.0010780015755574
5399.0   0.0011636981548349
5399.9   0.0011781313649243
5400.8   0.0011552197471335
5401.7   0.0011518346433065
5402.6   0.0011486504117579
5403.5   0.0011025779845557
5404.4   0.0010272273097197
5405.3   0.0009765764611717
5406.2   0.0009922257080369
5407.1   0.0010488132883247
5408.0   0.0010701801930562
5408.9   0.0010420573538638
5409.8   0.0010393060321931
5410.7   0.0011003520211517
5411.6   0.0011748743269958
5412.5   0.0012180097500691
5413.4   0.0012321099626331
5414.3   0.0012297590760520
5415.2   0.0012282657595829
5416.1   0.0012434295214596
5417.0   0.0012578354946299
5417.9   0.0012469969031299
5418.8   0.0012125077614613
5419.7   0.0011793291346317
5420.6   0.0011822598533178
5421.5   0.0012206577547726
5422.4   0.0012448144140391
5423.3   0.0012193382046096
5424.2   0.0011801609082385
5425.1   0.0011826452295339
5426.0   0.0012241051892415
5426.9   0.0012587098259228
5427.8   0.0012271523195674
5428.7   0.0011292317978967
5429.6   0.0010659388940579
5430.5   0.0010945849963695
5431.4   0.0011376154001681
5432.3   0.0011297118485961
5433.2   0.0010928186559756
5434.1   0.0010593880876441
5435.0   0.0010528654347766
5435.9   0.0010764541126168
5436.8   0.0011173893687913
5437.7   0.0011719408584285
5438.6   0.0012300203147714
5439.5   0.0012736368361179
5440.4   0.0012918697273706
5441.3   0.0012950331383896
5442.2   0.0012994322936667
5443.1   0.0012947694116824
5444.0   0.0012595359688204
5444.9   0.0011804406104463
5445.8   0.0010708656991695
5446.7   0.0010065505597102
5447.6   0.0010444079785514
5448.5   0.0011292395237536
5449.4   0.0011850067227998
5450.3   0.0011988075911469
5451.2   0.0011929781047761
5452.1   0.0011847995650784
5453.0   0.0011619176721945
5453.9   0.0011061403902504
5454.8   0.0010411690112712
5455.7   0.0010309063889477
5456.6   0.0011001724931897
5457.5   0.0011883611850928
5458.4   0.0012286491715981
5459.3   0.0012113453473701
5460.2   0.0011783232018787
5461.1   0.0011629334259521
5462.0   0.0011538169148524
5462.9   0.0011499473081373
5463.8   0.0011707434815613
5464.7   0.0012000754173530
5465.6   0.0012134402331008
5466.5   0.0012224804022589
5467.4   0.0012294362923712
5468.3   0.0012126489220325
5469.2   0.0011727666084859
5470.1   0.0011372203338943
5471.0   0.0011337067713285
5471.9   0.0011423679806601
5472.8   0.0011267392269576
5473.7   0.0011076156360713
5474.6   0.0011081931111352
5475.5   0.0010954735353822
5476.4   0.0010669113699224
5477.3   0.0010854409209839
5478.2   0.0011568466292637
5479.1   0.0012039518332979
5480.0   0.0011719856422090
5480.9   0.0011014103325954
5481.8   0.0010737740914387
5482.7   0.0011073001854071
5483.6   0.0011672652746118
5484.5   0.0012229986894025
5485.4   0.0012438897992033
5486.3   0.0012114986859869
5487.2   0.0011648618783934
5488.1   0.0011545168251056
5489.0   0.0011596251878535
5489.9   0.0011558854802911
5490.8   0.0011753267479359
5491.7   0.0012107745505893
5492.6   0.0012123402805981
5493.5   0.0011927236752865
5494.4   0.0011970332630027
5495.3   0.0012107733720687
5496.2   0.0011921463311693
5497.1   0.0011663760153920
5498.0   0.0011919610415513
5498.9   0.0012451599824504
5499.8   0.0012476556961110
5500.7   0.0011985919218883
5501.6   0.0011688365043832
5502.5   0.0011756228184846
5503.4   0.0011908295308875
5504.3   0.0011845863838077
5505.2   0.0011433059520621
5506.1   0.0011064906727438
5507.0   0.0011308021110411
5507.9   0.0011939481581261
5508.8   0.0012254932245425
5509.7   0.0012125198085602
5510.6   0.0011686915463569
5511.5   0.0011032735735669
5512.4   0.0010526525153993
5513.3   0.0010388260469671
5514.2   0.0010553998431948
5515.1   0.0010961938078514
5516.0   0.0011447840787110
5516.9   0.0011937812010498
5517.8   0.0012466400733002
5518.7   0.0012839166779359
5519.6   0.0012883252613774
5520.5   0.0012778493923098
5521.4   0.0012717870826593
5522.3   0.0012692895357445
5523.2   0.0012677641373274
5524.1   0.0012597756013299
5525.0   0.0012426818156512
5525.9   0.0012141899031101
5526.8   0.0011688492062156
5527.7   0.0011310967411757
5528.6   0.0011452262858064
5529.5   0.0011941157699360
5530.4   0.0012237242652141
5531.3   0.0012199082157101
5532.2   0.0012001640682868
5533.1   0.0011901529291516
5534.0   0.0011855341762142
5534.9   0.0011817889688892
5535.8   0.0011977605411217
5536.7   0.0012161556753685
5537.6   0.0012233885178073
5538.5   0.0012435101846431
5539.4   0.0012840880872009
5540.3   0.0013118861130382
5541.2   0.0013025175294900
5542.1   0.0012652709116546
5543.0   0.0012364588343672
5543.9   0.0012300336713375
5544.8   0.0012227311652402
5545.7   0.0012139226408413
5546.6   0.0012242480521201
5547.5   0.0012574575823772
5548.4   0.0012933360688140
5549.3   0.0013090461404337
5550.2   0.0013096660422370
5551.1   0.0013028684667171
5552.0   0.0012794153842121
5552.9   0.0012477505015410
5553.8   0.0012289921210749
5554.7   0.0012301354169440
5555.6   0.0012398283555338
5556.5   0.0012388470407653
5557.4   0.0012256925254603
5558.3   0.0012242614086862
5559.2   0.0012315848662598
5560.1   0.0012347596696440
5561.0   0.0012366583971784
5561.9   0.0012330586716667
5562.8   0.0012207659167687
5563.7   0.0012071580638965
5564.6   0.0011950777045890
5565.5   0.0011953811081543
5566.4   0.0012144307141402
5567.3   0.0012406093218107
5568.2   0.0012463497644075
5569.1   0.0012278122910690
5570.0   0.0012199630823885
5570.9   0.0012273812144453
5571.8   0.0012248168847001
5572.7   0.0012303340631281
5573.6   0.0012599154524338
5574.5   0.0012752811341627
5575.4   0.0012668190948022
5576.3   0.0012685348897596
5577.2   0.0012766577770985
5578.1   0.0012676313573467
5579.0   0.0012580812816356
5579.9   0.0012603031856910
5580.8   0.0012577988295465
5581.7   0.0012478944119934
5582.6   0.0012385886828739
5583.5   0.0012291183537192
5584.4   0.0012199590230400
5585.3   0.0012022212413603
5586.2   0.0011675015025064
5587.1   0.0011303153820587
5588.0   0.0011090578833171
5588.9   0.0011115872502863
5589.8   0.0011356163674412
5590.7   0.0011565886642124
5591.6   0.0011585366277160
5592.5   0.0011496931405411
5593.4   0.0011475111752373
5594.3   0.0011759651132277
5595.2   0.0012286008522561
5596.1   0.0012531385664967
5597.0   0.0012175638764654
5597.9   0.0011651694722540
5598.8   0.0011466067261973
5599.7   0.0011493609286960
5600.6   0.0011427758797132
5601.5   0.0011333571435687
5602.4   0.0011339498084529
5603.3   0.0011528136010339
5604.2   0.0011991264464260
5605.1   0.0012545068288420
5606.0   0.0012900318900640
5606.9   0.0013014187555079
5607.8   0.0013087380227862
5608.7   0.0013226987770864
5609.6   0.0013246748941362
5610.5   0.0013146335063072
5611.4   0.0013153789860212
5612.3   0.0013157644931840
5613.2   0.0012915537529195
5614.1   0.0012288529247046
5615.0   0.0011645291427613
5615.9   0.0011517315882327
5616.8   0.0011721237910055
5617.7   0.0011869638525742
5618.6   0.0011984235243980
5619.5   0.0012151882409530
5620.4   0.0012409004163837
5621.3   0.0012702713742999
5622.2   0.0012647376965843
5623.1   0.0012067136307067
5624.0   0.0011379047924337
5624.9   0.0011173338473793
5625.8   0.0011466867346472
5626.7   0.0011794393917754
5627.6   0.0012084628170794
5628.5   0.0012440896239079
5629.4   0.0012762265695281
5630.3   0.0012977604968094
5631.2   0.0012989137446297
5632.1   0.0012885147412906
5633.0   0.0012870019137592
5633.9   0.0012847337855094
5634.8   0.0012585722009133
5635.7   0.0012254168826009
5636.6   0.0012113232173733
5637.5   0.0012077250632223
5638.4   0.0012072548335274
5639.3   0.0012014745831257
5640.2   0.0011971845064718
5641.1   0.0012103931027749
5642.0   0.0012186711619848
5642.9   0.0012121455628158
5643.8   0.0012088860368995
5644.7   0.0012128414137205
5645.6   0.0012187423970040
5646.5   0.0012338037585405
5647.4   0.0012479691825742
5648.3   0.0012485030523782
5649.2   0.0012506141755030
5650.1   0.0012671776269394
5651.0   0.0012869061917022
5651.9   0.0013036667179619
5652.8   0.0013104966373232
5653.7   0.0012930519144175
5654.6   0.0012671308789580
5655.5   0.0012469663925426
5656.4   0.0011998301541342
5657.3   0.0011134364799581
5658.2   0.0010622476367843
5659.1   0.0011067379001635
5660.0   0.0011783352489775
5660.9   0.0011889128636516
5661.8   0.0011567302176238
5662.7   0.0011636161821841
5663.6   0.0012111850685769
5664.5   0.0012467885668880
5665.4   0.0012560823798554
5666.3   0.0012374982894823
5667.2   0.0011996304603763
5668.1   0.0011746301113509
5669.0   0.0011786802936019
5669.9   0.0011822265928492
5670.8   0.0011830236655735
5671.7   0.0012194083920550
5672.6   0.0012733648597670
5673.5   0.0013037772369991
5674.4   0.0013016052236464
5675.3   0.0012838299912030
5676.2   0.0012854738964076
5677.1   0.0012988783890136
5678.0   0.0012815104008896
5678.9   0.0012522112017795
5679.8   0.0012471960731009
5680.7   0.0012441947741293
5681.6   0.0012288385205647
5682.5   0.0012299158192837
5683.4   0.0012533733539773
5684.3   0.0012661921218756
5685.2   0.0012644445068636
5686.1   0.0012417850924680
5687.0   0.0012057279946963
5687.9   0.0011892534560872
5688.8   0.0012068162929403
5689.7   0.0012465218284061
5690.6   0.0012889886374939
5691.5   0.0013211086909864
5692.4   0.0013261771149827
5693.3   0.0013058012805507
5694.2   0.0012837144961902
5695.1   0.0012768103300349
5696.0   0.0012738810517629
5696.9   0.0012533187491924
5697.8   0.0012069194789608
5698.7   0.0011799621311077
5699.6   0.0011740382321471
5700.5   0.0011479186814502
5701.4   0.0011273951391107
5702.3   0.0011412478623615
5703.2   0.0011838261071136
5704.1   0.0012140120774555
5705.0   0.0011976263207271
5705.9   0.0011557689377045
5706.8   0.0011124763785594
5707.7   0.0010730469442664
5708.6   0.0010607909199253
5709.5   0.0010950533928102
5710.4   0.0011287221532372
5711.3   0.0011335145415340
5712.2   0.0011597630747565
5713.1   0.0012096226122361
5714.0   0.0012412572462135
5714.9   0.0012551810735368
5715.8   0.0012603814918334
5716.7   0.0012639725748613
5717.6   0.0012698307385652
5718.5   0.0012783709531215
5719.4   0.0012986590532467
5720.3   0.0013258358678134
5721.2   0.0013446658761389
5722.1   0.0013481044062304
5723.0   0.0013353584447120
5723.9   0.0013189594623642
5724.8   0.0012990719282754
5725.7   0.0012560466313990
5726.6   0.0012110741566995
5727.5   0.0012161010705835
5728.4   0.0012607003471125
5729.3   0.0012773125107311
5730.2   0.0012407652793620
5731.1   0.0012066044211368
5732.0   0.0012291264724163
5732.9   0.0012844165015910
5733.8   0.0013139157872992
5734.7   0.0013111517637960
5735.6   0.0012943234071319
5736.5   0.0012802719067502
5737.4   0.0012791365986314
5738.3   0.0012786396558043
5739.2   0.0012693417834884
5740.1   0.0012687231911524
5741.0   0.0012761659411938
5741.9   0.0012733253138556
5742.8   0.0012723246189716
5743.7   0.0012924355481758
5744.6   0.0013191467161831
5745.5   0.0013236554738703
5746.4   0.0012984767754034
5747.3   0.0012608344365605
5748.2   0.0012457218748539
5749.1   0.0012685593767975
5750.0   0.0013011182327705
5750.9   0.0013066513866992
5751.8   0.0012750481799363
5752.7   0.0012331758689869
5753.6   0.0012181989680890
5754.5   0.0012515556824666
5755.4   0.0013129166637759
5756.3   0.0013464903568794
5757.2   0.0013378373971916
5758.1   0.0013137268311728
5759.0   0.0012855866415391
5759.9   0.0012449619909999
5760.8   0.0012063138503507
5761.7   0.0011951539155838
5762.6   0.0012105815351144
5763.5   0.0012510051824284
5764.4   0.0013005644590641
5765.3   0.0013259480891580
5766.2   0.0013283475569746
5767.1   0.0013282340261627
5768.0   0.0013241978552115
5768.9   0.0013109638552434
5769.8   0.0013055609933076
5770.7   0.0013087799257387
5771.6   0.0012985820565715
5772.5   0.0012863373591222
5773.4   0.0012795823412884
5774.3   0.0012674997558866
5775.2   0.0012615245258092
5776.1   0.0012679533553472
5777.0   0.0012720260604351
5777.9   0.0012674321873757
5778.8   0.0012466081222989
5779.7   0.0011899207606055
5780.6   0.0011209509888057
5781.5   0.0011009200680513
5782.4   0.0011328323090889
5783.3   0.0011628267043699
5784.2   0.0011659581643877
5785.1   0.0011581351450525
5786.0   0.0011772239041096
5786.9   0.0012315593316481
5787.8   0.0012804324474369
5788.7   0.0012981685268092
5789.6   0.0012767880690914
5790.5   0.0012370382736320
5791.4   0.0012329734253477
5792.3   0.0012710126637187
5793.2   0.0013097007431195
5794.1   0.0013239620201570
5795.0   0.0013137138674469
5795.9   0.0012780683352365
5796.8   0.0012266138666280
5797.7   0.0012008993341562
5798.6   0.0012301322742226
5799.5   0.0012910023362541
5800.4   0.0013440301297817
5801.3   0.0013712576207316
5802.2   0.0013691564495580
5803.1   0.0013358865528600
5804.0   0.0012943897971222
5804.9   0.0012808750473725
5805.8   0.0012942943369586
5806.7   0.0013229648608347
5807.6   0.0013435951247562
5808.5   0.0013364073279913
5809.4   0.0013294278674683
5810.3   0.0013345223498632
5811.2   0.0013373031345474
5812.1   0.0013394174003936
5813.0   0.0013380178417807
5813.9   0.0013228009155331
5814.8   0.0012986070673962
5815.7   0.0012768380907409
5816.6   0.0012719481471329
5817.5   0.0012976330856445
5818.4   0.0013315350621913
5819.3   0.0013462212613564
5820.2   0.0013494153139095
5821.1   0.0013478291562112
5822.0   0.0013384085868126
5822.9   0.0013221738116598
5823.8   0.0013169033368645
5824.7   0.0013298762290599
5825.6   0.0013330833762856
5826.5   0.0013243831448295
5827.4   0.0013225781751513
5828.3   0.0013309459328688
5829.2   0.0013449360192357
5830.1   0.0013571750859757
5831.0   0.0013662013747808
5831.9   0.0013720688357023
5832.8   0.0013626633251773
5833.7   0.0013412248580597
5834.6   0.0013341154983840
5835.5   0.0013442011462065
5836.4   0.0013472562642827
5837.3   0.0013323606813020
5838.2   0.0013153520109955
5839.1   0.0013229259696569
5840.0   0.0013559744354404
5840.9   0.0013807248071649
5841.8   0.0013821264609254
5842.7   0.0013796798522873
5843.6   0.0013768731401513
5844.5   0.0013554516961081
5845.4   0.0013272038682653
5846.3   0.0013169114555615
5847.2   0.0013233887353884
5848.1   0.0013351764287621
5849.0   0.0013432005822693
5849.9   0.0013341994352356
5850.8   0.0013095150606613
5851.7   0.0012750745002283
5852.6   0.0012431462836901
5853.5   0.0012410868845223
5854.4   0.0012668535337912
5855.3   0.0012806722108932
5856.2   0.0012566251540368
5857.1   0.0012163154303748
5858.0   0.0012080038488030
5858.9   0.0012418043416368
5859.8   0.0012850786991870
5860.7   0.0013172934271628
5861.6   0.0013272893764777
5862.5   0.0013228852452249
5863.4   0.0013262347315424
5864.3   0.0013235852864249
5865.2   0.0012916839139656
5866.1   0.0012582225731535
5867.0   0.0012663894585925
5867.9   0.0013014750626003
5868.8   0.0013291983178568
5869.7   0.0013516990248198
5870.6   0.0013608339994079
5871.5   0.0013475858571934
5872.4   0.0013399208905571
5873.3   0.0013466463144307
5874.2   0.0013583131439758
5875.1   0.0013643266104974
5876.0   0.0013561083939416
5876.9   0.0013389345998130
5877.8   0.0013143498756975
5878.7   0.0012792320587950
5879.6   0.0012518246470429
5880.5   0.0012581404695559
5881.4   0.0012921151215360
5882.3   0.0013249332520276
5883.2   0.0013376974151409
5884.1   0.0013311925055548
5885.0   0.0013257528475888
5885.9   0.0013267121633072
5886.8   0.0013071624717728
5887.7   0.0012078364988865
5888.6   0.0009994884063294
5889.5   0.0007966808007177
5890.4   0.0007901553324955
5891.3   0.0009729421657242
5892.2   0.0011503926579541
5893.1   0.0012116191569752
5894.0   0.0011482819276695
5894.9   0.0009924987319617
5895.8   0.0008736347872731
5896.7   0.0009339424985876
5897.6   0.0010895860396116
5898.5   0.0011922068285570
5899.4   0.0012410292679626
5900.3   0.0012718542583300
5901.2   0.0012861150115806
5902.1   0.0012871676923150
5903.0   0.0012890414090246
5903.9   0.0012958647810497
5904.8   0.0012969270208951
5905.7   0.0012970017914760
5906.6   0.0013011116854342
5907.5   0.0013116861573869
5908.4   0.0013155483001386
5909.3   0.0013143015563555
5910.2   0.0013227518105106
5911.1   0.0013327537833750
5912.0   0.0013289259486656
5912.9   0.0013015546782100
5913.8   0.0012620536815310
5914.7   0.0012339318244390
5915.6   0.0012335188184636
5916.5   0.0012580340098673
5917.4   0.0012773400095437
5918.3   0.0012828781394480
5919.2   0.0013038603881704
5920.1   0.0013157238996988
5921.0   0.0012945109228443
5921.9   0.0012812876605078
5922.8   0.0012935775345777
5923.7   0.0013163420991947
5924.6   0.0013406365144175
5925.5   0.0013580775708149
5926.4   0.0013638030854848
5927.3   0.0013479445202773
5928.2   0.0013239290215820
5929.1   0.0013127055776527
5930.0   0.0013165015923076
5930.9   0.0013328703259616
5931.8   0.0013450257177434
5932.7   0.0013366079383764
5933.6   0.0012957525597050
5934.5   0.0012527682491541
5935.4   0.0012552390829367
5936.3   0.0012885387045416
5937.2   0.0013263586071456
5938.1   0.0013583249291812
5939.0   0.0013540231982686
5939.9   0.0013074878743882
5940.8   0.0012762824837804
5941.7   0.0012833846413861
5942.6   0.0013058451477041
5943.5   0.0013243737166652
5944.4   0.0013440453196020
5945.3   0.0013641159172144
5946.2   0.0013818868284159
5947.1   0.0013726663456154
5948.0   0.0013278549353895
5948.9   0.0013047503021238
5949.8   0.0013238016104171
5950.7   0.0013438084369737
5951.6   0.0013203262842955
5952.5   0.0012837584942903
5953.4   0.0012863140506049
5954.3   0.0012966931500416
5955.2   0.0012786737019532
5956.1   0.0012547078320672
5957.0   0.0012585982593118
5957.9   0.0012848130082789
5958.8   0.0013163114576607
5959.7   0.0013502614916562
5960.6   0.0013781852263509
5961.5   0.0013881146547288
5962.4   0.0013819144581752
5963.3   0.0013723321695693
5964.2   0.0013502727530746
5965.1   0.0013185231478714
5966.0   0.0013100646440725
5966.9   0.0013276024701008
5967.8   0.0013450550498101
5968.7   0.0013595539951563
5969.6   0.0013757349512045
5970.5   0.0013865590076178
5971.4   0.0013882458633487
5972.3   0.0013811812874535
5973.2   0.0013627710943332
5974.1   0.0013443281645312
5975.0   0.0013279839179151
5975.9   0.0013035383901699
5976.8   0.0012801501262946
5977.7   0.0012693514735462
5978.6   0.0012777006368285
5979.5   0.0013015684276163
5980.4   0.0013267197582174
5981.3   0.0013315486806509
5982.2   0.0012957813679849
5983.1   0.0012322918476362
5984.0   0.0011934026340635
5984.9   0.0012142803872981
5985.8   0.0012679445819165
5986.7   0.0013133144799310
5987.6   0.0013291469867400
5988.5   0.0013221409440315
5989.4   0.0013147188835728
5990.3   0.0013006384439646
5991.2   0.0012802763589389
5992.1   0.0012921904159038
5993.0   0.0013332826772033
5993.9   0.0013633659853117
5994.8   0.0013634673380780
5995.7   0.0013400712173991
5996.6   0.0013109457845952
5997.5   0.0012938385114036
5998.4   0.0012924237629704
5999.3   0.0012993740223734
6000.2   0.0013080328746639
6001.1   0.0013045140742291
6002.0   0.0012855608450340
6002.9   0.0012875723176999
6003.8   0.0013193550524249
6004.7   0.0013347206032072
6005.6   0.0013104751620601
6006.5   0.0012724335666480
6007.4   0.0012475532957708
6008.3   0.0012516618802618
6009.2   0.0012804937305049
6010.1   0.0013118262703842
6011.0   0.0013208579280051
6011.9   0.0012964507676508
6012.8   0.0012639531947458
6013.7   0.0012649199744276
6014.6   0.0012876004712461
6015.5   0.0012888232517783
6016.4   0.0012730031849084
6017.3   0.0012686890140567
6018.2   0.0012672499095324
6019.1   0.0012576913222840
6020.0   0.0012550641381100
6020.9   0.0012637897732311
6021.8   0.0012783323238372
6022.7   0.0012900633172783
6023.6   0.0012975003056638
6024.5   0.0013167337608537
6025.4   0.0013407073565965
6026.3   0.0013432974828469
6027.2   0.0013365386675580
6028.1   0.0013400307548606
6029.0   0.0013404806878129
6029.9   0.0013201527798829
6030.8   0.0012898448981385
6031.7   0.0012859123060480
6032.6   0.0013140852323633
6033.5   0.0013427846954659
6034.4   0.0013570950775258
6035.3   0.0013689492918367
6036.2   0.0013762000739770
6037.1   0.0013643548949903
6038.0   0.0013449057705419
6038.9   0.0013277844860506
6039.8   0.0013248576957664
6040.7   0.0013372588745538
6041.6   0.0013463497200951
6042.5   0.0013564891870223
6043.4   0.0013720833707890
6044.3   0.0013830845981233
6045.2   0.0013937126272871
6046.1   0.0014072631254931
6047.0   0.0014140680340297
6047.9   0.0013941763096457
6048.8   0.0013590545643414
6049.7   0.0013469076840968
6050.6   0.0013592833282726
6051.5   0.0013666837825213
6052.4   0.0013587912304743
6053.3   0.0013478942367343
6054.2   0.0013430840396827
6055.1   0.0013337077302776
6056.0   0.0013140574716572
6056.9   0.0013023843566692
6057.8   0.0013095857718936
6058.7   0.0013191709413275
6059.6   0.0013220533406714
6060.5   0.0013240691345793
6061.4   0.0013192273793666
6062.3   0.0013010882459702
6063.2   0.0012724999566384
6064.1   0.0012380631936604
6065.0   0.0012208976491756
6065.9   0.0012527890696836
6066.8   0.0013152593007132
6067.7   0.0013570844708410
6068.6   0.0013633548548400
6069.5   0.0013582547417358
6070.4   0.0013643225511489
6071.3   0.0013770568584086
6072.2   0.0013868743273353
6073.1   0.0013855275402531
6074.0   0.0013729892602430
6074.9   0.0013704640835689
6075.8   0.0013754925688137
6076.7   0.0013641389638383
6077.6   0.0013411017681367
6078.5   0.0013259491367318
6079.4   0.0013211677479600
6080.3   0.0013095090371119
6081.2   0.0012868147908871
6082.1   0.0012768637562993
6083.0   0.0012886854958220
6083.9   0.0012942100072667
6084.8   0.0012826665295379
6085.7   0.0012833555712128
6086.6   0.0013105488850671
6087.5   0.0013337127062532
6088.4   0.0013193752182208
6089.3   0.0012779218058495
6090.2   0.0012483961998494
6091.1   0.0012426463290883
6092.0   0.0012494220365049
6092.9   0.0012629741060716
6093.8   0.0012879036129180
6094.7   0.0013188636093604
6095.6   0.0013349212135922
6096.5   0.0013306942532604
6097.4   0.0013267924336506
6098.3   0.0013346225241090
6099.2   0.0013502041369900
6100.1   0.0013507412804621
6101.0   0.0013067395138462
6101.9   0.0012374778617929
6102.8   0.0012108235246650
6103.7   0.0012549559761139
6104.6   0.0013136184072832
6105.5   0.0013267907313431
6106.4   0.0012999594851877
6107.3   0.0012730597538942
6108.2   0.0012766445514792
6109.1   0.0013021051782483
6110.0   0.0013135474341575
6110.9   0.0012986717550791
6111.8   0.0012904795969219
6112.7   0.0013124081976368
6113.6   0.0013341081653673
6114.5   0.0013305489023940
6115.4   0.0013168506962804
6116.3   0.0013083138863390
6117.2   0.0013108480983372
6118.1   0.0013054809848577
6119.0   0.0012717881302331
6119.9   0.0012317937262886
6120.8   0.0012016903833310
6121.7   0.0011883864578110
6122.6   0.0012212959891177
6123.5   0.0012902296196210
6124.4   0.0013361835400357
6125.3   0.0013222225238421
6126.2   0.0012720330006116
6127.1   0.0012327030203574
6128.0   0.0012313756133908
6128.9   0.0012706020147843
6129.8   0.0013195238427554
6130.7   0.0013457895299991
6131.6   0.0013550490349241
6132.5   0.0013508917382509
6133.4   0.0013203831151748
6134.3   0.0012615917014799
6135.2   0.0011825423054068
6136.1   0.0011029092797738
6137.0   0.0010828204805663
6137.9   0.0011607077244416
6138.8   0.0012659932137981
6139.7   0.0013105914427532
6140.6   0.0012976519419731
6141.5   0.0012752880743392
6142.4   0.0012775767612252
6143.3   0.0013080959909861
6144.2   0.0013402874104446
6145.1   0.0013526108068765
6146.0   0.0013489693093590
6146.9   0.0013395441568249
6147.8   0.0013226456127154
6148.7   0.0012906166981446
6149.6   0.0012561843873553
6150.5   0.0012503293663729
6151.4   0.0012799399567985
6152.3   0.0013117936646493
6153.2   0.0013171266010332
6154.1   0.0013101024876764
6155.0   0.0013176755297107
6155.9   0.0013343206919044
6156.8   0.0013383414111419
6157.7   0.0013295064355042
6158.6   0.0013143336383034
6159.5   0.0012781098453488
6160.4   0.0012029753635583
6161.3   0.0011223036684905
6162.2   0.0010914712796331
6163.1   0.0011165514406884
6164.0   0.0011668226746761
6164.9   0.0012120892557234
6165.8   0.0012397243838329
6166.7   0.0012603090782937
6167.6   0.0012552855690246
6168.5   0.0011992372273566
6169.4   0.0011476916198264
6170.3   0.0011690888387251
6171.2   0.0012347089932609
6172.1   0.0012711789660613
6173.0   0.0012676152508994
6173.9   0.0012636102452690
6174.8   0.0012787558055507
6175.7   0.0012942372441859
6176.6   0.0012983307698033
6177.5   0.0013078741672314
6178.4   0.0013194891418729
6179.3   0.0013137333785091
6180.2   0.0013072343615257
6181.1   0.0013260087174924
6182.0   0.0013449538279905
6182.9   0.0013322677091262
6183.8   0.0013069101374308
6184.7   0.0012943903209092
6185.6   0.0012807120186980
6186.5   0.0012568920234654
6187.4   0.0012362954128525
6188.3   0.0012153138188637
6189.2   0.0011879999030744
6190.1   0.0011518779866729
6191.0   0.0011237275831946
6191.9   0.0011425537940650
6192.8   0.0011998160118878
6193.7   0.0012555032024840
6194.6   0.0012969511150928
6195.5   0.0013237792185268
6196.4   0.0013313760928654
6197.3   0.0013078762623790
6198.2   0.0012513820471073
6199.1   0.0012026002011868
6200.0   0.0012121983343466
6200.9   0.0012638666389595
6201.8   0.0013032979719800
6202.7   0.0013149192320644
6203.6   0.0013136384421324
6204.5   0.0013126978517959
6205.4   0.0013229475758668
6206.3   0.0013429161659793
6207.2   0.0013635316329207
6208.1   0.0013687203969587
6209.0   0.0013454529969120
6209.9   0.0013108047549707
6210.8   0.0012888106808925
6211.7   0.0012636347323069
6212.6   0.0012111237855089
6213.5   0.0011552604715654
6214.4   0.0011318409114225
6215.3   0.0011426906333942
6216.2   0.0011784587317406
6217.1   0.0012285586874101
6218.0   0.0012589865163559
6218.9   0.0012382373528067
6219.8   0.0011938111878502
6220.7   0.0011761725328425
6221.6   0.0011930217100360
6222.5   0.0012205719846668
6223.4   0.0012337419516856
6224.3   0.0012362406771209
6225.2   0.0012489844125449
6226.1   0.0012650996333364
6227.0   0.0012730300289873
6227.9   0.0012689404317716
6228.8   0.0012339340505334
6229.7   0.0011701055091098
6230.6   0.0011318190433191
6231.5   0.0011521062268173
6232.4   0.0012022757151985
6233.3   0.0012532904646994
6234.2   0.0012984579190748
6235.1   0.0013288126797472
6236.0   0.0013379663797172
6236.9   0.0013230876888641
6237.8   0.0012739571318110
6238.7   0.0011936781459760
6239.6   0.0011332933725129
6240.5   0.0011367867692828
6241.4   0.0011572625160671
6242.3   0.0011405094537707
6243.2   0.0011259543322789
6244.1   0.0011487698351725
6245.0   0.0011782971434801
6245.9   0.0012066235393589
6246.8   0.0012582375010803
6247.7   0.0013167645333344
6248.6   0.0013403731805504
6249.5   0.0013226962890986
6250.4   0.0012768513163603
6251.3   0.0012185248944912
6252.2   0.0011809405650482
6253.1   0.0011832644766035
6254.0   0.0012065014970098
6254.9   0.0012134137818621
6255.8   0.0011749328601826
6256.7   0.0010981544731874
6257.6   0.0010326170769829
6258.5   0.0010357110862369
6259.4   0.0010991977257575
6260.3   0.0011567622995718
6261.2   0.0011924124149176
6262.1   0.0012370211196109
6263.0   0.0012832814553656
6263.9   0.0012874886427417
6264.8   0.0012523002455536
6265.7   0.0012305274714432
6266.6   0.0012355869910621
6267.5   0.0012316854333457
6268.4   0.0012080843810398
6269.3   0.0011979310337596
6270.2   0.0012205571876867
6271.1   0.0012513095026208
6272.0   0.0012671768412590
6272.9   0.0012643170956987
6273.8   0.0012511304984457
6274.7   0.0012484502808474
6275.6   0.0012588143214106
6276.5   0.0012656143849183
6277.4   0.0012682152488002
6278.3   0.0012695653095505
6279.2   0.0012535920350106
6280.1   0.0012226781318160
6281.0   0.0012078865205361
6281.9   0.0012102586204868
6282.8   0.0012081778770026
6283.7   0.0011991586593207
6284.6   0.0011963054610967
6285.5   0.0012219553058856
6286.4   0.0012727323870779
6287.3   0.0013120439038437
6288.2   0.0013262442906534
6289.1   0.0013275563768530
6290.0   0.0013240047087899
6290.9   0.0013135609216703
6291.8   0.0012922566749474
6292.7   0.0012752418501448
6293.6   0.0012738501483354
6294.5   0.0012594342232139
6295.4   0.0012138762857001
6296.3   0.0011755201562510
6297.2   0.0011879519765724
6298.1   0.0012370141794344
6299.0   0.0012683874437456
6299.9   0.0012570719442676
6300.8   0.0012285819959274
6301.7   0.0012124619301071
6302.6   0.0012157932148295
6303.5   0.0012257589154506
6304.4   0.0012216022735110
6305.3   0.0012168681565074
6306.2   0.0012449631695205
6307.1   0.0012852687028872
6308.0   0.0012999009520009
6308.9   0.0012906482563057
6309.8   0.0012724145793727
6310.7   0.0012519388325884
6311.6   0.0012403732248628
6312.5   0.0012464643427932
6313.4   0.0012490669089826
6314.3   0.0012313596378902
6315.2   0.0012183881861088
6316.1   0.0012225528157987
6317.0   0.0012163471194826
6317.9   0.0011944872657991
6318.8   0.0011897192335934
6319.7   0.0012167639229131
6320.6   0.0012506706135421
6321.5   0.0012692714650963
6322.4   0.0012758359554430
6323.3   0.0012809715551100
6324.2   0.0012889717453661
6325.1   0.0012950615538292
6326.0   0.0012895854926733
6326.9   0.0012766928708212
6327.8   0.0012795379503481
6328.7   0.0012915620025633
6329.6   0.0012845209970788
6330.5   0.0012743664712781
6331.4   0.0012887364340986
6332.3   0.0013143522327386
6333.2   0.0013211081671995
6334.1   0.0012860250511795
6335.0   0.0012211804941049
6335.9   0.0011851592757362
6336.8   0.0012090320424996
6337.7   0.0012553638751670
6338.6   0.0012783050869180
6339.5   0.0012848816243636
6340.4   0.0013001345609610
6341.3   0.0013080518619393
6342.2   0.0012833842485459
6343.1   0.0012411321920897
6344.0   0.0012176294807754
6344.9   0.0012269726606586
6345.8   0.0012546846544966
6346.7   0.0012865150538301
6347.6   0.0013123135231536
6348.5   0.0013199693235190
6349.4   0.0013115194622040
6350.3   0.0013049497339882
6351.2   0.0013085059851868
6352.1   0.0013100667392201
6353.0   0.0012915173497295
6353.9   0.0012591695798796
6354.8   0.0012404105446799
6355.7   0.0012418857905007
6356.6   0.0012390303661824
6357.5   0.0012125207251873
6358.4   0.0011768213738723
6359.3   0.0011621777323934
6360.2   0.0011706427835286
6361.1   0.0011790946090445
6362.0   0.0011769486540905
6362.9   0.0011714139288011
6363.8   0.0011736068936299
6364.7   0.0011825827679453
6365.6   0.0011965084285228
6366.5   0.0012276237277828
6367.4   0.0012745753313068
6368.3   0.0013093348779656
6369.2   0.0013172842608919
6370.1   0.0013124705282787
6371.0   0.0013127277076495
6371.9   0.0013206853402196
6372.8   0.0013296977486717
6373.7   0.0013348768226519
6374.6   0.0013390500948258
6375.5   0.0013409607385123
6376.4   0.0013270603506530
6377.3   0.0012980354849350
6378.2   0.0012753413696569
6379.1   0.0012676788910084
6380.0   0.0012683452788996
6380.9   0.0012755119932416
6381.8   0.0012879875497697
6382.7   0.0013022075785884
6383.6   0.0013103909633149
6384.5   0.0013095582730811
6385.4   0.0013125836662504
6386.3   0.0013212201266506
6387.2   0.0013185509085774
6388.1   0.0013046544491200
6389.0   0.0012912829550891
6389.9   0.0012856396749634
6390.8   0.0012864113440227
6391.7   0.0012752427667719
6392.6   0.0012422339778465
6393.5   0.0012219838522720
6394.4   0.0012514826141932
6395.3   0.0013057073917478
6396.2   0.0013389969304548
6397.1   0.0013415128099113
6398.0   0.0013157051743169
6398.9   0.0012585110487920
6399.8   0.0012065473283640
6400.7   0.0012183500806113
6401.6   0.0012741261840349
6402.5   0.0013132893381595
6403.4   0.0013283983643045
6404.3   0.0013306016739248
6405.2   0.0013233123934468
6406.1   0.0013103493222559
6407.0   0.0012925719946648
6407.9   0.0012874690007327
6408.8   0.0013109260116395
6409.7   0.0013333540431693
6410.6   0.0013157760164960
6411.5   0.0012747071946604
6412.4   0.0012520092819273
6413.3   0.0012583367586990
6414.2   0.0012813666213839
6415.1   0.0013046522230256
6416.0   0.0013152142550392
6416.9   0.0013057743055251
6417.8   0.0012820956018103
6418.7   0.0012554889292908
6419.6   0.0012281286583603
6420.5   0.0012129727532872
6421.4   0.0012300791098516
6422.3   0.0012729230455117
6423.2   0.0013151664594841
6424.1   0.0013367243500162
6425.0   0.0013388450322521
6425.9   0.0013418930792051
6426.8   0.0013487205105786
6427.7   0.0013424363771733
6428.6   0.0013125344302812
6429.5   0.0012659245977134
6430.4   0.0012337058103891
6431.3   0.0012462381977965
6432.2   0.0012858185481918
6433.1   0.0013125522390360
6434.0   0.0013204671829732
6434.9   0.0013225081186526
6435.8   0.0013206472347222
6436.7   0.0013072028033646
6437.6   0.0012776917324511
6438.5   0.0012538408337910
6439.4   0.0012686334926447
6440.3   0.0013143531493657
6441.2   0.0013520572950635
6442.1   0.0013691944241087
6443.0   0.0013786901569283
6443.9   0.0013827421724335
6444.8   0.0013717730270471
6445.7   0.0013527938704002
6446.6   0.0013348353125396
6447.5   0.0012961501139667
6448.4   0.0012123245669910
6449.3   0.0011205141505260
6450.2   0.0011006156169122
6451.1   0.0011632329011156
6452.0   0.0012363217331446
6452.9   0.0012708828955127
6453.8   0.0012757161391882
6454.7   0.0012707433063022
6455.6   0.0012719013991515
6456.5   0.0012904002432056
6457.4   0.0013189150714239
6458.3   0.0013405829572063
6459.2   0.0013509851032669
6460.1   0.0013441179950352
6461.0   0.0013009074085409
6461.9   0.0012325166831656
6462.8   0.0012027672892099
6463.7   0.0012379382704833
6464.6   0.0012859953262726
6465.5   0.0013065402129284
6466.4   0.0013094693602538
6467.3   0.0013103747259209
6468.2   0.0013048857010390
6469.1   0.0012908609137895
6470.0   0.0012782988014752
6470.9   0.0012725114799503
6471.8   0.0012804801120454
6472.7   0.0013005490073504
6473.6   0.0013077433514516
6474.5   0.0012896427163928
6475.4   0.0012756648080714
6476.3   0.0012882023024012
6477.2   0.0013095683559790
6478.1   0.0013215696234637
6479.0   0.0013251601827046
6479.9   0.0013108391939598
6480.8   0.0012733059337400
6481.7   0.0012356169778625
6482.6   0.0012246298927746
6483.5   0.0012452622518438
6484.4   0.0012807311369201
6485.3   0.0013094917521440
6486.2   0.0013195015818119
6487.1   0.0013165258174520
6488.0   0.0013130286232270
6488.9   0.0013057969593088
6489.8   0.0012889593054271
6490.7   0.0012656940005280
6491.6   0.0012362057143449
6492.5   0.0011918320590257
6493.4   0.0011311478103990
6494.3   0.0010822895570637
6495.2   0.0010688400187838
6496.1   0.0010769197591763
6497.0   0.0010935104475317
6497.9   0.0011153356003327
6498.8   0.0011459730749877
6499.7   0.0011970419054866
6500.6   0.0012469104782904
6501.5   0.0012664039936791
6502.4   0.0012682274268458
6503.3   0.0012715715443474
6504.2   0.0012828421290982
6505.1   0.0012996635455857
6506.0   0.0013016177945322
6506.9   0.0012807746112333
6507.8   0.0012606419448725
6508.7   0.0012657593429445
6509.6   0.0012941844726551
6510.5   0.0013173488176281
6511.4   0.0013217921019520
6512.3   0.0013175754864117
6513.2   0.0013119002552847
6514.1   0.0013070169899597
6515.0   0.0012976144912093
6515.9   0.0012774365172811
6516.8   0.0012552394757768
6517.7   0.0012493786931384
6518.6   0.0012626162286681
6519.5   0.0012787237236027
6520.4   0.0012901764552500
6521.3   0.0012997336020844
6522.2   0.0013033432795474
6523.1   0.0013008958852289
6524.0   0.0012976383235135
6524.9   0.0012900462942039
6525.8   0.0012737942340832
6526.7   0.0012637428943030
6527.6   0.0012687889264091
6528.5   0.0012746332097600
6529.4   0.0012728185500240
6530.3   0.0012632710932474
6531.2   0.0012491600121051
6532.1   0.0012378090260643
6533.0   0.0012434049034750
6533.9   0.0012674112358994
6534.8   0.0012884603983991
6535.7   0.0012932643100079
6536.6   0.0012838733345695
6537.5   0.0012708428258144
6538.4   0.0012764837488990
6539.3   0.0013019321976225
6540.2   0.0013224980357547
6541.1   0.0013175559753494
6542.0   0.0012943497274239
6542.9   0.0012738680880370
6543.8   0.0012616059746731
6544.7   0.0012485725850900
6545.6   0.0012295464185682
6546.5   0.0012253015185349
6547.4   0.0012503664242965
6548.3   0.0012792754021615
6549.2   0.0012875216413168
6550.1   0.0012756896879494
6551.0   0.0012556547078466
6551.9   0.0012420010236201
6552.8   0.0012357561742328
6553.7   0.0012235150123451
6554.6   0.0012021856238507
6555.5   0.0011878821819672
6556.4   0.0011955026267165
6557.3   0.0012158864488988
6558.2   0.0012291332816460
6559.1   0.0012269830054500
6560.0   0.0012031207144247
6560.9   0.0011103386732491
6561.8   0.0009429228250917
6562.7   0.0008447639149054
6563.6   0.0009285763017352
6564.5   0.0011004556000124
6565.4   0.0012228621119667
6566.3   0.0012715251892062
6567.2   0.0012764406674260
6568.1   0.0012537530994842
6569.0   0.0012345235726961
6569.9   0.0012431749610232
6570.8   0.0012453438316544
6571.7   0.0012082243630905
6572.6   0.0011596538651866
6573.5   0.0011384892076741
6574.4   0.0011515879396737
6575.3   0.0011922890631012
6576.2   0.0012425496904041
6577.1   0.0012790992788143
6578.0   0.0012970583604618
6578.9   0.0012978810987445
6579.8   0.0012811561899944
6580.7   0.0012643266548098
6581.6   0.0012643273095434
6582.5   0.0012800015017600
6583.4   0.0013009770721994
6584.3   0.0013071700666830
6585.2   0.0012886281411558
6586.1   0.0012639918240301
6587.0   0.0012586539116706
6587.9   0.0012751243909311
6588.8   0.0012975090790945
6589.7   0.0013058380765809
6590.6   0.0012857001723510
6591.5   0.0012328471927033
6592.4   0.0011707182088431
6593.3   0.0011460302987072
6594.2   0.0011769176197163
6595.1   0.0012279052632448
6596.0   0.0012574426544504
6596.9   0.0012536196647699
6597.8   0.0012284027298588
6598.7   0.0012112565654895
6599.6   0.0012268847954051
6600.5   0.0012628600514728
6601.4   0.0012855192039750
6602.3   0.0012815822906424
6603.2   0.0012660787220105
6604.1   0.0012549186562969
6605.0   0.0012478293314703
6605.9   0.0012456337477069
6606.8   0.0012472247504340
6607.7   0.0012331001817790
6608.6   0.0012095784831893
6609.5   0.0012154890255838
6610.4   0.0012563987471466
6611.3   0.0012890902521536
6612.2   0.0012758298009468
6613.1   0.0012329055949434
6614.0   0.0012200404719039
6614.9   0.0012537627895420
6615.8   0.0012884869805846
6616.7   0.0013004955810860
6617.6   0.0012968295965306
6618.5   0.0012931387320972
6619.4   0.0013014043513680
6620.3   0.0013077238403894
6621.2   0.0013010898173309
6622.1   0.0012784664132851
6623.0   0.0012390009031690
6623.9   0.0012007707444708
6624.8   0.0011952324836197
6625.7   0.0012320249782076
6626.6   0.0012733551697092
6627.5   0.0012873650290319
6628.4   0.0012773081894891
6629.3   0.0012544002382066
6630.2   0.0012362232612062
6631.1   0.0012275005069132
6632.0   0.0012173857889173
6632.9   0.0012102285027397
6633.8   0.0012192536130243
6634.7   0.0012455820237499
6635.6   0.0012704960788826
6636.5   0.0012840481484493
6637.4   0.0012860839772064
6638.3   0.0012794710365709
6639.2   0.0012775152162637
6640.1   0.0012860626328900
6641.0   0.0012932008008455
6641.9   0.0012811251556202
6642.8   0.0012509480896556
6643.7   0.0012335592810021
6644.6   0.0012414346790279
6645.5   0.0012565955600766
6646.4   0.0012616181527186
6647.3   0.0012566961271625
6648.2   0.0012577416058270
6649.1   0.0012656828700562
6650.0   0.0012651802965199
6650.9   0.0012564477212223
6651.8   0.0012536220218110
6652.7   0.0012608209490476
6653.6   0.0012707505083722
6654.5   0.0012794879286986
6655.4   0.0012845879108560
6656.3   0.0012879694791214
6657.2   0.0012907751436836
6658.1   0.0012913096682213
6659.0   0.0012858707959356
6659.9   0.0012767428924708
6660.8   0.0012664059578800
6661.7   0.0012430716440560
6662.6   0.0012105975106150
6663.5   0.0012009565578757
6664.4   0.0012126041382521
6665.3   0.0012174462863050
6666.2   0.0012166676770691
6667.1   0.0012271918654788
6668.0   0.0012488346094897
6668.9   0.0012667957862848
6669.8   0.0012745948423691
6670.7   0.0012822182988931
6671.6   0.0012921384300534
6672.5   0.0012966301646661
6673.4   0.0012978261011193
6674.3   0.0013007002508195
6675.2   0.0012968306441044
6676.1   0.0012680977895865
6677.0   0.0012117713170715
6677.9   0.0011646870645135
6678.8   0.0011699248026272
6679.7   0.0012126981580017
6680.6   0.0012441685847840
6681.5   0.0012530445467471
6682.4   0.0012561202234593
6683.3   0.0012650103276689
6684.2   0.0012829103523427
6685.1   0.0012927312258843
6686.0   0.0012814201785950
6686.9   0.0012636830516490
6687.8   0.0012598265396065
6688.7   0.0012707653053523
6689.6   0.0012836490228269
6690.5   0.0012883112500776
6691.4   0.0012834362343964
6692.3   0.0012804406970807
6693.2   0.0012872943177995
6694.1   0.0012924168227939
6695.0   0.0012830010984242
6695.9   0.0012686268143616
6696.8   0.0012621440347723
6697.7   0.0012603724565093
6698.6   0.0012646350343507
6699.5   0.0012824157665567
6700.4   0.0013022338988804
6701.3   0.0013026761059758
6702.2   0.0012832090418259
6703.1   0.0012666455903895
6704.0   0.0012654903783683
6704.9   0.0012709458808881
6705.8   0.0012802022430917
6706.7   0.0012950005326547
6707.6   0.0013054144639206
6708.5   0.0013014044823147
6709.4   0.0012833052876699
6710.3   0.0012665012870969
6711.2   0.0012645614422904
6712.1   0.0012697189100607
6713.0   0.0012683393862970
6713.9   0.0012597981241668
6714.8   0.0012434748290269
6715.7   0.0012169907226434
6716.6   0.0011904135131374
6717.5   0.0011878988122015
6718.4   0.0012181585055505
6719.3   0.0012547934712263
6720.2   0.0012759866751252
6721.1   0.0012834095212642
6722.0   0.0012843034945660
6722.9   0.0012803745689838
6723.8   0.0012728681788333
6724.7   0.0012627953637899
6725.6   0.0012508887707885
6726.5   0.0012463509429280
6727.4   0.0012587775253804
6728.3   0.0012835149333790
6729.2   0.0013014888120066
6730.1   0.0013035665437161
6731.0   0.0013014935260887
6731.9   0.0013028524912165
6732.8   0.0013019610059024
6733.7   0.0012962003975097
6734.6   0.0012907319312639
6735.5   0.0012902884147012
6736.4   0.0012928393878804
6737.3   0.0012877531551292
6738.2   0.0012676918547344
6739.1   0.0012446110537729
6740.0   0.0012429441019444
6740.9   0.0012574269408432
6741.8   0.0012523459459611
6742.7   0.0012265802133193
6743.6   0.0012182233241801
6744.5   0.0012361208608661
6745.4   0.0012525864950977
6746.3   0.0012543003258543
6747.2   0.0012473687918332
6748.1   0.0012370061916840
6749.0   0.0012296611279006
6749.9   0.0012327366736662
6750.8   0.0012365755079005
6751.7   0.0012234039695210
6752.6   0.0012063245879822
6753.5   0.0012192718146193
6754.4   0.0012623470021984
6755.3   0.0012992265763594
6756.2   0.0013086639069390
6757.1   0.0012989455646843
6758.0   0.0012898697780166
6758.9   0.0012916556294727
6759.8   0.0012968045857058
6760.7   0.0012945020184669
6761.6   0.0012837786600862
6762.5   0.0012775453340108
6763.4   0.0012848408999316
6764.3   0.0012911133790782
6765.2   0.0012779846602783
6766.1   0.0012494312027757
6767.0   0.0012291080089278
6767.9   0.0012335642569777
6768.8   0.0012496353487224
6769.7   0.0012540859660630
6770.6   0.0012465036268111
6771.5   0.0012472335238647
6772.4   0.0012632583914149
6773.3   0.0012792882349407
6774.2   0.0012849040162538
6775.1   0.0012857061959004
6776.0   0.0012916184406024
6776.9   0.0013032415339409
6777.8   0.0013123374864045
6778.7   0.0013167909845731
6779.6   0.0013195791022740
6780.5   0.0013164476422562
6781.4   0.0012974018337254
6782.3   0.0012622076748814
6783.2   0.0012234998225248
6784.1   0.0011988023532778
6785.0   0.0012020369993161
6785.9   0.0012270500501740
6786.8   0.0012524150858327
6787.7   0.0012668168687078
6788.6   0.0012685771855523
6789.5   0.0012610007389031
6790.4   0.0012579289905926
6791.3   0.0012653295757881
6792.2   0.0012664322781721
6793.1   0.0012568591558370
6794.0   0.0012540430155367
6794.9   0.0012570614685295
6795.8   0.0012579076462762
6796.7   0.0012637181453717
6797.6   0.0012737398911917
6798.5   0.0012836678791556
6799.4   0.0012939042466603
6800.3   0.0013007377015833
6801.2   0.0012993855456854
6802.1   0.0012880369166856
6803.0   0.0012758442050867
6803.9   0.0012733293732041
6804.8   0.0012746449949653
6805.7   0.0012701756522428
6806.6   0.0012652554599409
6807.5   0.0012716584929738
6808.4   0.0012833852961197
6809.3   0.0012843557423099
6810.2   0.0012751111653117
6811.1   0.0012661464214681
6812.0   0.0012623963691143
6812.9   0.0012613167133542
6813.8   0.0012567488986933
6814.7   0.0012492858519093
6815.6   0.0012499814409205
6816.5   0.0012656585139651
6817.4   0.0012816519543009
6818.3   0.0012807082212430
6819.2   0.0012696713763990
6820.1   0.0012664025532651
6821.0   0.0012782698622486
6821.9   0.0012948805854532
6822.8   0.0013026692967461
6823.7   0.0013039953942454
6824.6   0.0013077045912206
6825.5   0.0013121599226434
6826.4   0.0013036884551185
6827.3   0.0012767354285074
6828.2   0.0012508307613887
6829.1   0.0012462818030564
6830.0   0.0012578082577108
6830.9   0.0012668909845550
6831.8   0.0012686929424585
6832.7   0.0012726568308167
6833.6   0.0012777708242739
6834.5   0.0012771332446625
6835.4   0.0012767794266075
6836.3   0.0012818945985852
6837.2   0.0012834065094894
6838.1   0.0012723620697354
6839.0   0.0012542455901226
6839.9   0.0012351222611297
6840.8   0.0012174473338788
6841.7   0.0012127222521994
6842.6   0.0012287217160846
6843.5   0.0012570405170533
6844.4   0.0012806187846288
6845.3   0.0012871191110795
6846.2   0.0012804252453670
6847.1   0.0012744841923852
6848.0   0.0012735136152483
6848.9   0.0012697505991686
6849.8   0.0012644655892866
6850.7   0.0012677587685116
6851.6   0.0012754184972788
6852.5   0.0012728083361793
6853.4   0.0012557550130391
6854.3   0.0012318935076942
6855.2   0.0012141068828855
6856.1   0.0012124603587464
6857.0   0.0012255611858936
6857.9   0.0012396967540737
6858.8   0.0012411831303663
6859.7   0.0012279687724072
6860.6   0.0012074419563996
6861.5   0.0011963777436898
6862.4   0.0012108197272099
6863.3   0.0012453285108874
6864.2   0.0012788077914011
6865.1   0.0012939630417406
6866.0   0.0012817255463612
6866.9   0.0012415787204271
6867.8   0.0011991090305113
6868.7   0.0011994599677384
6869.6   0.0012391969304186
6870.5   0.0012553967427954
6871.4   0.0012252377474791
6872.3   0.0011973367975147
6873.2   0.0012017072754588
6874.1   0.0012179734778259
6875.0   0.0012319770517057
6875.9   0.0012477786550872
6876.8   0.0012650587779577
6877.7   0.0012836873902178
6878.6   0.0012998143962147
6879.5   0.0013017797756329
6880.4   0.0012870948859351
6881.3   0.0012627878998265
6882.2   0.0012356074187515
6883.1   0.0012174832132818
6884.0   0.0012186568887916
6884.9   0.0012302712086994
6885.8   0.0012411225020319
6886.7   0.0012575395550280
6887.6   0.0012785166968281
6888.5   0.0012857477060127
6889.4   0.0012757732319610
6890.3   0.0012706161570308
6891.2   0.0012762928285718
6892.1   0.0012755000770895
6893.0   0.0012727420771357
6893.9   0.0012842733768189
6894.8   0.0012940507760473
6895.7   0.0012766567295247
6896.6   0.0012482228263835
6897.5   0.0012444558819020
6898.4   0.0012563677127724
6899.3   0.0012466890473759
6900.2   0.0012235544273098
6901.1   0.0012274795554369
6902.0   0.0012611565655077
6902.9   0.0012848889573803
6903.8   0.0012766902518867
6904.7   0.0012584474086829
6905.6   0.0012606440400201
6906.5   0.0012823335320124
6907.4   0.0012958491983892
6908.3   0.0012859632443246
6909.2   0.0012675750502543
6910.1   0.0012622260074231
6911.0   0.0012679376417400
6911.9   0.0012608248774494
6912.8   0.0012311976567895
6913.7   0.0012060740868944
6914.6   0.0012132129095836
6915.5   0.0012431956506060
6916.4   0.0012696184739215
6917.3   0.0012774781583401
6918.2   0.0012692440972304
6919.1   0.0012656350745011
6920.0   0.0012832622061968
6920.9   0.0013058207916130
6921.8   0.0013044544934686
6922.7   0.0012753390126159
6923.6   0.0012387333790067
6924.5   0.0012174380366612
6925.4   0.0012173620875598
6926.3   0.0012306894525439
6927.2   0.0012490035307669
6928.1   0.0012604730235953
6929.0   0.0012595130531432
6929.9   0.0012522714372737
6930.8   0.0012443879205509
6931.7   0.0012366430764114
6932.6   0.0012279966640599
6933.5   0.0012202685811015
6934.4   0.0012162549329872
6935.3   0.0012169575931216
6936.2   0.0012217635998780
6937.1   0.0012287685950127
6938.0   0.0012395789020198
6938.9   0.0012539789825874
6939.8   0.0012662606070136
6940.7   0.0012730200770361
6941.6   0.0012699866961165
6942.5   0.0012546400016629
6943.4   0.0012341270660083
6944.3   0.0012172655798224
6945.2   0.0012124870718786
6946.1   0.0012217435650289
6947.0   0.0012346374963482
6947.9   0.0012461648676296
6948.8   0.0012586960765165
6949.7   0.0012638091533466
6950.6   0.0012551207070959
6951.5   0.0012458750825239
6952.4   0.0012412074864574
6953.3   0.0012323862602260
6954.2   0.0012269861481714
6955.1   0.0012368493175057
6956.0   0.0012525629246870
6956.9   0.0012565018022204
6957.8   0.0012518424557977
6958.7   0.0012520803859998
6959.6   0.0012561025456513
6960.5   0.0012598151472413
6961.4   0.0012646174874893
6962.3   0.0012677121514770
6963.2   0.0012619485313096
6964.1   0.0012483003468456
6965.0   0.0012452913220171
6965.9   0.0012625582192682
6966.8   0.0012813289087266
6967.7   0.0012861372725241
6968.6   0.0012820897092077
6969.5   0.0012768615302050
6970.4   0.0012685358063867
6971.3   0.0012567945991009
6972.2   0.0012516575590199
6973.1   0.0012544929484890
6974.0   0.0012544811632836
6974.9   0.0012498698743095
6975.8   0.0012385873734067
6976.7   0.0012068331850680
6977.6   0.0011615662111806
6978.5   0.0011435605124984
6979.4   0.0011715626842824
6980.3   0.0012165923827014
6981.2   0.0012490022212997
6982.1   0.0012631258733277
6983.0   0.0012662031214007
6983.9   0.0012652043907176
6984.8   0.0012627711386455
6985.7   0.0012598470982426
6986.6   0.0012518391821295
6987.5   0.0012347950252602
6988.4   0.0012162499570116
6989.3   0.0012056181303927
6990.2   0.0012036187048256
6991.1   0.0012103222605959
6992.0   0.0012254536786311
6992.9   0.0012362311180098
6993.8   0.0012316478516352
6994.7   0.0012190862631078
6995.6   0.0012121229090321
6996.5   0.0012159108049899
6997.4   0.0012221091682893
6998.3   0.0012195723373566
6999.2   0.0012086589752757
7000.1   0.0011991608854150
7001.0   0.0012021266978238
7001.9   0.0012178562805057
7002.8   0.0012300005418157
7003.7   0.0012285429738029
7004.6   0.0012246863308137
7005.5   0.0012275235535370
7006.4   0.0012322075179443
7007.3   0.0012392491781624
7008.2   0.0012524610481337
7009.1   0.0012584479324698
7010.0   0.0012491903917457
7010.9   0.0012424034229106
7011.8   0.0012498451253782
7012.7   0.0012590133604349
7013.6   0.0012488741554012
7014.5   0.0012091129675766
7015.4   0.0011596360564318
7016.3   0.0011435013245781
7017.2   0.0011737610179270
7018.1   0.0012144321545541
7019.0   0.0012328448356623
7019.9   0.0012280402693199
7020.8   0.0012117284974919
7021.7   0.0011909776316352
7022.6   0.0011712599354507
7023.5   0.0011647575138523
7024.4   0.0011780569871837
7025.3   0.0012003269660146
7026.2   0.0012159083170021
7027.1   0.0012206451838869
7028.0   0.0012240867257531
7028.9   0.0012347939776864
7029.8   0.0012470098668558
7030.7   0.0012492753761712
7031.6   0.0012413299216467
7032.5   0.0012350210393101
7033.4   0.0012413554562584
7034.3   0.0012586798391224
7035.2   0.0012688790177569
7036.1   0.0012516893790744
7037.0   0.0012136416291662
7037.9   0.0011877779483729
7038.8   0.0011980440407846
7039.7   0.0012340160231842
7040.6   0.0012634163131671
7041.5   0.0012724983852777
7042.4   0.0012743270563134
7043.3   0.0012777340282437
7044.2   0.0012775386557278
7045.1   0.0012714882622294
7046.0   0.0012661591233006
7046.9   0.0012638504015654
7047.8   0.0012582118355219
7048.7   0.0012484007829848
7049.6   0.0012400136451518
7050.5   0.0012313050331052
7051.4   0.0012139925663933
7052.3   0.0011858927083513
7053.2   0.0011567059924794
7054.1   0.0011448093514292
7055.0   0.0011638702188335
7055.9   0.0012026926495757
7056.8   0.0012314920250307
7057.7   0.0012348568321151
7058.6   0.0012186536151234
7059.5   0.0011958142799256
7060.4   0.0011815138498168
7061.3   0.0011836539121682
7062.2   0.0011952940285812
7063.1   0.0012034246417769
7064.0   0.0011995935333994
7064.9   0.0011856669561948
7065.8   0.0011753145698904
7066.7   0.0011762105073931
7067.6   0.0011820460173134
7068.5   0.0011938153781454
7069.4   0.0012156424951473
7070.3   0.0012372303724798
7071.2   0.0012504633248741
7072.1   0.0012597157586759
7073.0   0.0012665088820071
7073.9   0.0012686101841274
7074.8   0.0012690402131772
7075.7   0.0012699546141685
7076.6   0.0012709145846205
7077.5   0.0012747525022278
7078.4   0.0012819256329593
7079.3   0.0012921643575052
7080.2   0.0013024532346473
7081.1   0.0012971705818064
7082.0   0.0012659286570619
7082.9   0.0012178958264171
7083.8   0.0011749267056864
7084.7   0.0011583708491602
7085.6   0.0011650593460570
7086.5   0.0011725453085181
7087.4   0.0011725217381073
7088.3   0.0011729778255558
7089.2   0.0011774026463913
7090.1   0.0011850010920905
7091.0   0.0011981463101780
7091.9   0.0012124794769684
7092.8   0.0012193404307039
7093.7   0.0012184577188205
7094.6   0.0012101437802077
7095.5   0.0011944244113704
7096.4   0.0011826712879325
7097.3   0.0011863975079820
7098.2   0.0011999926590218
7099.1   0.0012125645923407
7100.0   0.0012213470583410
7100.9   0.0012205374147310
7101.8   0.0012072772254176
7102.7   0.0011984823194783
7103.6   0.0012130489642820
7104.5   0.0012413516588033
7105.4   0.0012533298796641
7106.3   0.0012428674981094
7107.2   0.0012330116617918
7108.1   0.0012293873182955
7109.0   0.0012126019121577
7109.9   0.0011812778838157
7110.8   0.0011638086738721
7111.7   0.0011774724409965
7112.6   0.0012036177881985
7113.5   0.0012196926773983
7114.4   0.0012274516637842
7115.3   0.0012378762017350
7116.2   0.0012499432044764
7117.1   0.0012542119368139
7118.0   0.0012486388441336
7118.9   0.0012358500630357
7119.8   0.0012164254256251
7120.7   0.0012001844959762
7121.6   0.0012037106294276
7122.5   0.0012229519414211
7123.4   0.0012250360895203
7124.3   0.0011890384415623
7125.2   0.0011419160835069
7126.1   0.0011269160050384
7127.0   0.0011472805780519
7127.9   0.0011628307637185
7128.8   0.0011442436615706
7129.7   0.0011100160205149
7130.6   0.0010967226362064
7131.5   0.0011118098597214
7132.4   0.0011338447891783
7133.3   0.0011483099502690
7134.2   0.0011586377185889
7135.1   0.0011702691925179
7136.0   0.0011810518697657
7136.9   0.0011803316627699
7137.8   0.0011653389173181
7138.7   0.0011537416204846
7139.6   0.0011611168020152
7140.5   0.0011791924262492
7141.4   0.0011899407954547
7142.3   0.0011912646668597
7143.2   0.0011936266839125
7144.1   0.0011998407608191
7145.0   0.0012014223353819
7145.9   0.0011847162829604
7146.8   0.0011507684750592
7147.7   0.0011290233307081
7148.6   0.0011396002906486
7149.5   0.0011649200187399
7150.4   0.0011855225219555
7151.3   0.0012034702112378
7152.2   0.0012144902949007
7153.1   0.0012048772338141
7154.0   0.0011847416866253
7154.9   0.0011814834701763
7155.8   0.0012002309820641
7156.7   0.0012179616926205
7157.6   0.0012125813535216
7158.5   0.0011875574340855
7159.4   0.0011674428383729
7160.3   0.0011713629905244
7161.2   0.0011907438917284
7162.1   0.0011992913083546
7163.0   0.0011857470955915
7163.9   0.0011653644519297
7164.8   0.0011642908197191
7165.7   0.0011904004184647
7166.6   0.0012193452757328
7167.5   0.0012278052199458
7168.4   0.0012242473973865
7169.3   0.0012280764106164
7170.2   0.0012426786729298
7171.1   0.0012616663411140
7172.0   0.0012775478219986
7172.9   0.0012802709901231
7173.8   0.0012678675852413
7174.7   0.0012510355620689
7175.6   0.0012435071728684
7176.5   0.0012525161767056
7177.4   0.0012619220800708
7178.3   0.0012483793077217
7179.2   0.0012227591878397
7180.1   0.0012118792171741
7181.0   0.0012197491154374
7181.9   0.0012369514559524
7182.8   0.0012559313982797
7183.7   0.0012684643094740
7184.6   0.0012685781021794
7185.5   0.0012550121522596
7186.4   0.0012235967231024
7187.3   0.0011767760663049
7188.2   0.0011433105351975
7189.1   0.0011541208422046
7190.0   0.0011975687041674
7190.9   0.0012312953430475
7191.8   0.0012356912246564
7192.7   0.0012310756144404
7193.6   0.0012390411038140
7194.5   0.0012487746358890
7195.4   0.0012381847122226
7196.3   0.0012152641900544
7197.2   0.0012105253589687
7198.1   0.0012312239770815
7199.0   0.0012517167469402
7199.9   0.0012442789728744
7200.8   0.0012117734122191
7201.7   0.0011901724402139
7202.6   0.0012029506146270
7203.5   0.0012316656603900
7204.4   0.0012453591524214
7205.3   0.0012315708549600
7206.2   0.0012004635434504
7207.1   0.0011721173746159
7208.0   0.0011598553921987
7208.9   0.0011704230549216
7209.8   0.0012011274433538
7210.7   0.0012322469329090
7211.6   0.0012450722481436
7212.5   0.0012406948300231
7213.4   0.0012268514039899
7214.3   0.0012078052026189
7215.2   0.0011934932491982
7216.1   0.0011941944689187
7217.0   0.0012084845542360
7217.9   0.0012241113437376
7218.8   0.0012284784170668
7219.7   0.0012209396830748
7220.6   0.0012071334459119
7221.5   0.0011918014174917
7222.4   0.0011831250183398
7223.3   0.0011870822284150
7224.2   0.0011989833216539
7225.1   0.0012097924501404
7226.0   0.0012121434676682
7226.9   0.0012006703083315
7227.8   0.0011847056762755
7228.7   0.0011867196369293
7229.6   0.0012109108661316
7230.5   0.0012370355237508
7231.4   0.0012498226025413
7232.3   0.0012522368673379
7233.2   0.0012518161355057
7234.1   0.0012448224017895
7235.0   0.0012272303638164
7235.9   0.0012116427273860
7236.8   0.0012131797800618
7237.7   0.0012302937315364
7238.6   0.0012486121310014
7239.5   0.0012598706686533
7240.4   0.0012699108779618
7241.3   0.0012815572798177
7242.2   0.0012786742257401
7243.1   0.0012515694318729
7244.0   0.0012281589070541
7244.9   0.0012395527126745
7245.8   0.0012778874978072
7246.7   0.0013151140807935
7247.6   0.0013298615630265
7248.5   0.0013128187156244
7249.4   0.0012718873878518
7250.3   0.0012340114400487
7251.2   0.0012208672695351
7252.1   0.0012203512084859
7253.0   0.0012139026059921
7253.9   0.0012101817547583
7254.8   0.0012217154114827
7255.7   0.0012378875941002
7256.6   0.0012411366442784
7257.5   0.0012324166398666
7258.4   0.0012197599840157
7259.3   0.0011950681454779
7260.2   0.0011595788327123
7261.1   0.0011451072552320
7262.0   0.0011688037677015
7262.9   0.0012046390417186
7263.8   0.0012251847140548
7264.7   0.0012340397245417
7265.6   0.0012427567171788
7266.5   0.0012499737150637
7267.4   0.0012494930096306
7268.3   0.0012428389517230
7269.2   0.0012356910937097
7270.1   0.0012279961402730
7271.0   0.0012238045355574
7271.9   0.0012292824299675
7272.8   0.0012399575999529
7273.7   0.0012512378747614
7274.6   0.0012634339909751
7275.5   0.0012756473921568
7276.4   0.0012825692361201
7277.3   0.0012798816855052
7278.2   0.0012770199757441
7279.1   0.0012791493004639
7280.0   0.0012726294629509
7280.9   0.0012584624675564
7281.8   0.0012558976140243
7282.7   0.0012666442809223
7283.6   0.0012804941233451
7284.5   0.0012978374934845
7285.4   0.0013099314712516
7286.3   0.0012952210469421
7287.2   0.0012598571811405
7288.1   0.0012369305044761
7289.0   0.0012320330969046
7289.9   0.0012193164674530
7290.8   0.0011988849806623
7291.7   0.0011960044145725
7292.6   0.0012126546836885
7293.5   0.0012339953336014
7294.4   0.0012535957015189
7295.3   0.0012668743543208
7296.2   0.0012630099854747
7297.1   0.0012372648114689
7298.0   0.0012032785052302
7298.9   0.0011806197455682
7299.8   0.0011799956534697
7300.7   0.0011961627291648
7301.6   0.0012105730235772
7302.5   0.0012137677308638
7303.4   0.0012078835087614
7304.3   0.0011957878286868
7305.2   0.0011826799304164
7306.1   0.0011745004740916
7307.0   0.0011775854480215
7307.9   0.0011901665476112
7308.8   0.0011953998335362
7309.7   0.0011860008703474
7310.6   0.0011777736184675
7311.5   0.0011812598131674
7312.4   0.0011876917854269
7313.3   0.0011888488307023
7314.2   0.0011801248978887
7315.1   0.0011607902208793
7316.0   0.0011413479056606
7316.9   0.0011319700248948
7317.8   0.0011386731878249
7318.7   0.0011589897033897
7319.6   0.0011767712212761
7320.5   0.0011824842960070
7321.4   0.0011761026072905
7322.3   0.0011620945812220
7323.2   0.0011502985072578
7324.1   0.0011409242930003
7325.0   0.0011357820150503
7325.9   0.0011512257410282
7326.8   0.0011861284124591
7327.7   0.0012128250453797
7328.6   0.0012154462060042
7329.5   0.0012033552400119
7330.4   0.0011908969684517
7331.3   0.0011859313376357
7332.2   0.0011862040996670
7333.1   0.0011836516860738
7334.0   0.0011825898390686
7334.9   0.0011929320115284
7335.8   0.0012080136698075
7336.7   0.0012147144756965
7337.6   0.0012156305789952
7338.5   0.0012195578022700
7339.4   0.0012265034785375
7340.3   0.0012346507219676
7341.2   0.0012332748647121
7342.1   0.0012033640134426
7343.0   0.0011607032722529
7343.9   0.0011479632033372
7344.8   0.0011727948929788
7345.7   0.0012057992297155
7346.6   0.0012193065155018
7347.5   0.0012095470559749
7348.4   0.0011931777985340
7349.3   0.0011821463225059
7350.2   0.0011758044415942
7351.1   0.0011746188499324
7352.0   0.0011776775035702
7352.9   0.0011714128812272
7353.8   0.0011445231018850
7354.7   0.0011080192138824
7355.6   0.0010881930938083
7356.5   0.0011111716253764
7357.4   0.0011732039705525
7358.3   0.0012254510596966
7359.2   0.0012254678208776
7360.1   0.0011871452137904
7361.0   0.0011515783805627
7361.9   0.0011349087313312
7362.8   0.0011351097345564
7363.7   0.0011536774565887
7364.6   0.0011815554908759
7365.5   0.0012073750426223
7366.4   0.0012332464492725
7367.3   0.0012590475375305
7368.2   0.0012762663773330
7369.1   0.0012806953884638
7370.0   0.0012790912910640
7370.9   0.0012818694568137
7371.8   0.0012942331848373
7372.7   0.0013106588803174
7373.6   0.0013204386365868
7374.5   0.0013213887860344
7375.4   0.0013183102284941
7376.3   0.0013158320616949
7377.2   0.0013121707912217
7378.1   0.0012964328279493
7379.0   0.0012686253739477
7379.9   0.0012449977394563
7380.8   0.0012381857597964
7381.7   0.0012442123209906
7382.6   0.0012442593308655
7383.5   0.0012283405301637
7384.4   0.0012077602878917
7385.3   0.0011944096143903
7386.2   0.0011827087386962
7387.1   0.0011631985930732
7388.0   0.0011445054240769
7388.9   0.0011417374721720
7389.8   0.0011504490959933
7390.7   0.0011519924341119
7391.6   0.0011448745628990
7392.5   0.0011500994682335
7393.4   0.0011710750386729
7394.3   0.0011848193380341
7395.2   0.0011825796252239
7396.1   0.0011737728031324
7397.0   0.0011601399394354
7397.9   0.0011390082804980
7398.8   0.0011207083445214
7399.7   0.0011245150968078
7400.6   0.0011510769855469
7401.5   0.0011815827277950
7402.4   0.0011992975937975
7403.3   0.0012003614050037
7404.2   0.0011942657039379
7405.1   0.0011922487315094
7406.0   0.0011927535311401
7406.9   0.0011863617595257
7407.8   0.0011731001297983
7408.7   0.0011637113804543
7409.6   0.0011555159486289
